ISO-10303-21;
HEADER;
FILE_DESCRIPTION(('STEP AP242'),'1');
FILE_NAME('5-963715-6.stp','2024-05-27T01:42:08',('TraceParts'),('TraceParts S.A.'),'Spatial InterOp 3D',' ',' ');
FILE_SCHEMA(('AP242_MANAGED_MODEL_BASED_3D_ENGINEERING_MIM_LF  {1 0 10303 442 1 1 4}'));
ENDSEC;
DATA;
#1=PRODUCT_DEFINITION_CONTEXT('',#10,'design');
#2=APPLICATION_PROTOCOL_DEFINITION('INTERNATIONAL STANDARD','ap242_managed_model_based_3d_engineering',2014,#10);
#3=PRODUCT_CATEGORY_RELATIONSHIP('NONE','NONE',#11,#12);
#4=SHAPE_DEFINITION_REPRESENTATION(#13,#14);
#5=SHAPE_DEFINITION_REPRESENTATION(#13,#15);
#6= (GEOMETRIC_REPRESENTATION_CONTEXT(3)GLOBAL_UNCERTAINTY_ASSIGNED_CONTEXT((#18))GLOBAL_UNIT_ASSIGNED_CONTEXT((#20,#21,#22))REPRESENTATION_CONTEXT('NONE','WORKSPACE'));
#10=APPLICATION_CONTEXT('managed model based 3d engineering');
#11=PRODUCT_CATEGORY('part','NONE');
#12=PRODUCT_RELATED_PRODUCT_CATEGORY('detail',' ',(#24));
#13=PRODUCT_DEFINITION_SHAPE('NONE','NONE',#25);
#14=ADVANCED_BREP_SHAPE_REPRESENTATION('5-963715-6_1',(#26,#27),#6);
#15=ADVANCED_BREP_SHAPE_REPRESENTATION('5-963715-6_2',(#28,#29),#6);
#18=UNCERTAINTY_MEASURE_WITH_UNIT(LENGTH_MEASURE(1.0E-06),#20,'','');
#20= (CONVERSION_BASED_UNIT('MILLIMETRE',#32)LENGTH_UNIT()NAMED_UNIT(#35));
#21= (NAMED_UNIT(#37)PLANE_ANGLE_UNIT()SI_UNIT($,.RADIAN.));
#22= (NAMED_UNIT(#37)SOLID_ANGLE_UNIT()SI_UNIT($,.STERADIAN.));
#24=PRODUCT('5-963715-6_1','5-963715-6_1','PART-5-963715-6_1-DESC',(#43));
#25=PRODUCT_DEFINITION('','NONE',#44,#1);
#26=MANIFOLD_SOLID_BREP('5-963715-6_1',#45);
#27=AXIS2_PLACEMENT_3D('',#46,#47,#48);
#28=MANIFOLD_SOLID_BREP('5-963715-6_2',#49);
#29=AXIS2_PLACEMENT_3D('',#50,#51,#52);
#32=LENGTH_MEASURE_WITH_UNIT(LENGTH_MEASURE(1.0),#53);
#35=DIMENSIONAL_EXPONENTS(1.0,0.0,0.0,0.0,0.0,0.0,0.0);
#37=DIMENSIONAL_EXPONENTS(0.0,0.0,0.0,0.0,0.0,0.0,0.0);
#43=PRODUCT_CONTEXT('',#10,'mechanical');
#44=PRODUCT_DEFINITION_FORMATION_WITH_SPECIFIED_SOURCE(' ','NONE',#24,.NOT_KNOWN.);
#45=CLOSED_SHELL('',(#54,#55,#56,#57,#58,#59,#60,#61,#62,#63,#64,#65,#66,#67,#68,#69,#70,#71,#72,#73,#74,#75,#76,#77,#78,#79,#80,#81,#82,#83,#84,#85,#86,#87,#88,#89,#90,#91,#92,#93,#94,#95,#96,#97,#98,#99,#100,#101,#102,#103,#104,#105,#106,#107,#108,#109,#110,#111,#112,#113,#114,#115,#116,#117,#118,#119,#120,#121,#122,#123,#124,#125,#126,#127,#128,#129,#130,#131,#132,#133,#134,#135,#136,#137,#138,#139,#140,#141,#142,#143,#144,#145,#146,#147,#148,#149,#150,#151,#152,#153,#154,#155,#156,#157,#158,#159,#160,#161,#162,#163,#164,#165,#166,#167,#168,#169,#170,#171,#172,#173,#174,#175,#176,#177,#178,#179,#180,#181,#182,#183,#184,#185,#186,#187,#188,#189,#190,#191,#192,#193,#194,#195,#196,#197,#198,#199,#200,#201,#202,#203,#204,#205,#206,#207,#208,#209,#210,#211,#212,#213,#214,#215,#216,#217,#218,#219,#220,#221,#222,#223,#224,#225,#226,#227,#228,#229,#230,#231,#232,#233,#234,#235,#236,#237,#238,#239,#240,#241,#242,#243,#244,#245,#246,#247,#248,#249,#250,#251,#252,#253,#254,#255,#256,#257,#258));
#46=CARTESIAN_POINT('',(0.0,0.0,0.0));
#47=DIRECTION('',(0.0,0.0,1.0));
#48=DIRECTION('',(1.0,0.0,0.0));
#49=CLOSED_SHELL('',(#259,#260,#261,#262,#263,#264,#265,#266,#267,#268,#269,#270,#271,#272,#273,#274,#275,#276,#277,#278,#279,#280,#281,#282,#283,#284,#285,#286,#287,#288,#289,#290,#291,#292,#293,#294,#295,#296,#297,#298,#299,#300,#301,#302,#303,#304,#305,#306,#307,#308,#309,#310,#311,#312,#313,#314,#315,#316,#317,#318,#319,#320,#321,#322,#323,#324,#325,#326,#327,#328,#329,#330,#331,#332,#333,#334,#335,#336,#337,#338,#339,#340,#341,#342,#343,#344,#345,#346,#347,#348,#349,#350,#351,#352,#353,#354,#355,#356,#357,#358,#359,#360,#361,#362,#363));
#50=CARTESIAN_POINT('',(0.0,0.0,0.0));
#51=DIRECTION('',(0.0,0.0,1.0));
#52=DIRECTION('',(1.0,0.0,0.0));
#53= (NAMED_UNIT(#35)LENGTH_UNIT()SI_UNIT(.MILLI.,.METRE.));
#54=ADVANCED_FACE('',(#365),#366,.T.);
#55=ADVANCED_FACE('',(#367),#368,.T.);
#56=ADVANCED_FACE('',(#369),#370,.F.);
#57=ADVANCED_FACE('',(#371),#372,.F.);
#58=ADVANCED_FACE('',(#373),#374,.F.);
#59=ADVANCED_FACE('',(#375),#376,.F.);
#60=ADVANCED_FACE('',(#377),#378,.F.);
#61=ADVANCED_FACE('',(#379),#380,.F.);
#62=ADVANCED_FACE('',(#381),#382,.F.);
#63=ADVANCED_FACE('',(#383),#384,.F.);
#64=ADVANCED_FACE('',(#385),#386,.F.);
#65=ADVANCED_FACE('',(#387),#388,.F.);
#66=ADVANCED_FACE('',(#389),#390,.T.);
#67=ADVANCED_FACE('',(#391),#392,.F.);
#68=ADVANCED_FACE('',(#393),#394,.F.);
#69=ADVANCED_FACE('',(#395),#396,.T.);
#70=ADVANCED_FACE('',(#397),#398,.T.);
#71=ADVANCED_FACE('',(#399),#400,.F.);
#72=ADVANCED_FACE('',(#401),#402,.F.);
#73=ADVANCED_FACE('',(#403),#404,.T.);
#74=ADVANCED_FACE('',(#405),#406,.T.);
#75=ADVANCED_FACE('',(#407),#408,.T.);
#76=ADVANCED_FACE('',(#409),#410,.F.);
#77=ADVANCED_FACE('',(#411),#412,.F.);
#78=ADVANCED_FACE('',(#413),#414,.T.);
#79=ADVANCED_FACE('',(#415),#416,.T.);
#80=ADVANCED_FACE('',(#417),#418,.T.);
#81=ADVANCED_FACE('',(#419),#420,.T.);
#82=ADVANCED_FACE('',(#421),#422,.T.);
#83=ADVANCED_FACE('',(#423),#424,.T.);
#84=ADVANCED_FACE('',(#425),#426,.T.);
#85=ADVANCED_FACE('',(#427),#428,.T.);
#86=ADVANCED_FACE('',(#429),#430,.T.);
#87=ADVANCED_FACE('',(#431),#432,.T.);
#88=ADVANCED_FACE('',(#433),#434,.T.);
#89=ADVANCED_FACE('',(#435),#436,.T.);
#90=ADVANCED_FACE('',(#437),#438,.T.);
#91=ADVANCED_FACE('',(#439),#440,.T.);
#92=ADVANCED_FACE('',(#441),#442,.T.);
#93=ADVANCED_FACE('',(#443),#444,.T.);
#94=ADVANCED_FACE('',(#445),#446,.T.);
#95=ADVANCED_FACE('',(#447),#448,.T.);
#96=ADVANCED_FACE('',(#449),#450,.T.);
#97=ADVANCED_FACE('',(#451),#452,.T.);
#98=ADVANCED_FACE('',(#453),#454,.T.);
#99=ADVANCED_FACE('',(#455),#456,.F.);
#100=ADVANCED_FACE('',(#457),#458,.T.);
#101=ADVANCED_FACE('',(#459),#460,.F.);
#102=ADVANCED_FACE('',(#461),#462,.T.);
#103=ADVANCED_FACE('',(#463),#464,.F.);
#104=ADVANCED_FACE('',(#465),#466,.F.);
#105=ADVANCED_FACE('',(#467),#468,.F.);
#106=ADVANCED_FACE('',(#469),#470,.T.);
#107=ADVANCED_FACE('',(#471),#472,.T.);
#108=ADVANCED_FACE('',(#473),#474,.T.);
#109=ADVANCED_FACE('',(#475),#476,.T.);
#110=ADVANCED_FACE('',(#477),#478,.T.);
#111=ADVANCED_FACE('',(#479),#480,.T.);
#112=ADVANCED_FACE('',(#481),#482,.T.);
#113=ADVANCED_FACE('',(#483),#484,.T.);
#114=ADVANCED_FACE('',(#485),#486,.T.);
#115=ADVANCED_FACE('',(#487),#488,.T.);
#116=ADVANCED_FACE('',(#489),#490,.T.);
#117=ADVANCED_FACE('',(#491),#492,.T.);
#118=ADVANCED_FACE('',(#493),#494,.T.);
#119=ADVANCED_FACE('',(#495),#496,.T.);
#120=ADVANCED_FACE('',(#497),#498,.T.);
#121=ADVANCED_FACE('',(#499),#500,.T.);
#122=ADVANCED_FACE('',(#501),#502,.T.);
#123=ADVANCED_FACE('',(#503),#504,.T.);
#124=ADVANCED_FACE('',(#505),#506,.T.);
#125=ADVANCED_FACE('',(#507),#508,.T.);
#126=ADVANCED_FACE('',(#509),#510,.T.);
#127=ADVANCED_FACE('',(#511),#512,.T.);
#128=ADVANCED_FACE('',(#513),#514,.T.);
#129=ADVANCED_FACE('',(#515,#516,#517),#518,.T.);
#130=ADVANCED_FACE('',(#519),#520,.T.);
#131=ADVANCED_FACE('',(#521),#522,.T.);
#132=ADVANCED_FACE('',(#523),#524,.T.);
#133=ADVANCED_FACE('',(#525),#526,.T.);
#134=ADVANCED_FACE('',(#527),#528,.T.);
#135=ADVANCED_FACE('',(#529),#530,.T.);
#136=ADVANCED_FACE('',(#531),#532,.T.);
#137=ADVANCED_FACE('',(#533),#534,.T.);
#138=ADVANCED_FACE('',(#535),#536,.F.);
#139=ADVANCED_FACE('',(#537),#538,.F.);
#140=ADVANCED_FACE('',(#539),#540,.F.);
#141=ADVANCED_FACE('',(#541),#542,.T.);
#142=ADVANCED_FACE('',(#543),#544,.T.);
#143=ADVANCED_FACE('',(#545),#546,.T.);
#144=ADVANCED_FACE('',(#547),#548,.T.);
#145=ADVANCED_FACE('',(#549),#550,.T.);
#146=ADVANCED_FACE('',(#551),#552,.T.);
#147=ADVANCED_FACE('',(#553),#554,.T.);
#148=ADVANCED_FACE('',(#555),#556,.T.);
#149=ADVANCED_FACE('',(#557),#558,.T.);
#150=ADVANCED_FACE('',(#559),#560,.T.);
#151=ADVANCED_FACE('',(#561),#562,.F.);
#152=ADVANCED_FACE('',(#563),#564,.T.);
#153=ADVANCED_FACE('',(#565),#566,.F.);
#154=ADVANCED_FACE('',(#567),#568,.T.);
#155=ADVANCED_FACE('',(#569),#570,.T.);
#156=ADVANCED_FACE('',(#571),#572,.T.);
#157=ADVANCED_FACE('',(#573),#574,.F.);
#158=ADVANCED_FACE('',(#575),#576,.T.);
#159=ADVANCED_FACE('',(#577),#578,.T.);
#160=ADVANCED_FACE('',(#579),#580,.T.);
#161=ADVANCED_FACE('',(#581),#582,.F.);
#162=ADVANCED_FACE('',(#583),#584,.F.);
#163=ADVANCED_FACE('',(#585),#586,.F.);
#164=ADVANCED_FACE('',(#587),#588,.T.);
#165=ADVANCED_FACE('',(#589),#590,.T.);
#166=ADVANCED_FACE('',(#591),#592,.T.);
#167=ADVANCED_FACE('',(#593),#594,.T.);
#168=ADVANCED_FACE('',(#595),#596,.T.);
#169=ADVANCED_FACE('',(#597),#598,.T.);
#170=ADVANCED_FACE('',(#599),#600,.T.);
#171=ADVANCED_FACE('',(#601),#602,.F.);
#172=ADVANCED_FACE('',(#603),#604,.T.);
#173=ADVANCED_FACE('',(#605),#606,.T.);
#174=ADVANCED_FACE('',(#607),#608,.F.);
#175=ADVANCED_FACE('',(#609),#610,.F.);
#176=ADVANCED_FACE('',(#611),#612,.F.);
#177=ADVANCED_FACE('',(#613),#614,.F.);
#178=ADVANCED_FACE('',(#615),#616,.T.);
#179=ADVANCED_FACE('',(#617),#618,.T.);
#180=ADVANCED_FACE('',(#619),#620,.T.);
#181=ADVANCED_FACE('',(#621),#622,.T.);
#182=ADVANCED_FACE('',(#623),#624,.T.);
#183=ADVANCED_FACE('',(#625),#626,.T.);
#184=ADVANCED_FACE('',(#627),#628,.F.);
#185=ADVANCED_FACE('',(#629),#630,.T.);
#186=ADVANCED_FACE('',(#631),#632,.T.);
#187=ADVANCED_FACE('',(#633),#634,.T.);
#188=ADVANCED_FACE('',(#635),#636,.F.);
#189=ADVANCED_FACE('',(#637),#638,.T.);
#190=ADVANCED_FACE('',(#639),#640,.T.);
#191=ADVANCED_FACE('',(#641),#642,.T.);
#192=ADVANCED_FACE('',(#643),#644,.T.);
#193=ADVANCED_FACE('',(#645),#646,.T.);
#194=ADVANCED_FACE('',(#647),#648,.T.);
#195=ADVANCED_FACE('',(#649),#650,.T.);
#196=ADVANCED_FACE('',(#651),#652,.T.);
#197=ADVANCED_FACE('',(#653),#654,.F.);
#198=ADVANCED_FACE('',(#655),#656,.F.);
#199=ADVANCED_FACE('',(#657),#658,.F.);
#200=ADVANCED_FACE('',(#659),#660,.T.);
#201=ADVANCED_FACE('',(#661),#662,.T.);
#202=ADVANCED_FACE('',(#663),#664,.T.);
#203=ADVANCED_FACE('',(#665),#666,.T.);
#204=ADVANCED_FACE('',(#667),#668,.T.);
#205=ADVANCED_FACE('',(#669),#670,.F.);
#206=ADVANCED_FACE('',(#671),#672,.T.);
#207=ADVANCED_FACE('',(#673),#674,.F.);
#208=ADVANCED_FACE('',(#675),#676,.T.);
#209=ADVANCED_FACE('',(#677),#678,.T.);
#210=ADVANCED_FACE('',(#679),#680,.T.);
#211=ADVANCED_FACE('',(#681),#682,.F.);
#212=ADVANCED_FACE('',(#683),#684,.T.);
#213=ADVANCED_FACE('',(#685),#686,.T.);
#214=ADVANCED_FACE('',(#687),#688,.T.);
#215=ADVANCED_FACE('',(#689),#690,.T.);
#216=ADVANCED_FACE('',(#691),#692,.T.);
#217=ADVANCED_FACE('',(#693),#694,.T.);
#218=ADVANCED_FACE('',(#695),#696,.F.);
#219=ADVANCED_FACE('',(#697),#698,.T.);
#220=ADVANCED_FACE('',(#699),#700,.T.);
#221=ADVANCED_FACE('',(#701),#702,.T.);
#222=ADVANCED_FACE('',(#703),#704,.T.);
#223=ADVANCED_FACE('',(#705),#706,.T.);
#224=ADVANCED_FACE('',(#707),#708,.T.);
#225=ADVANCED_FACE('',(#709),#710,.T.);
#226=ADVANCED_FACE('',(#711),#712,.F.);
#227=ADVANCED_FACE('',(#713),#714,.T.);
#228=ADVANCED_FACE('',(#715),#716,.F.);
#229=ADVANCED_FACE('',(#717),#718,.F.);
#230=ADVANCED_FACE('',(#719),#720,.F.);
#231=ADVANCED_FACE('',(#721),#722,.T.);
#232=ADVANCED_FACE('',(#723),#724,.T.);
#233=ADVANCED_FACE('',(#725),#726,.F.);
#234=ADVANCED_FACE('',(#727),#728,.T.);
#235=ADVANCED_FACE('',(#729),#730,.T.);
#236=ADVANCED_FACE('',(#731),#732,.T.);
#237=ADVANCED_FACE('',(#733),#734,.T.);
#238=ADVANCED_FACE('',(#735),#736,.F.);
#239=ADVANCED_FACE('',(#737),#738,.T.);
#240=ADVANCED_FACE('',(#739),#740,.T.);
#241=ADVANCED_FACE('',(#741),#742,.T.);
#242=ADVANCED_FACE('',(#743),#744,.T.);
#243=ADVANCED_FACE('',(#745),#746,.F.);
#244=ADVANCED_FACE('',(#747),#748,.T.);
#245=ADVANCED_FACE('',(#749),#750,.T.);
#246=ADVANCED_FACE('',(#751),#752,.F.);
#247=ADVANCED_FACE('',(#753),#754,.F.);
#248=ADVANCED_FACE('',(#755),#756,.F.);
#249=ADVANCED_FACE('',(#757),#758,.F.);
#250=ADVANCED_FACE('',(#759),#760,.T.);
#251=ADVANCED_FACE('',(#761),#762,.F.);
#252=ADVANCED_FACE('',(#763),#764,.F.);
#253=ADVANCED_FACE('',(#765),#766,.F.);
#254=ADVANCED_FACE('',(#767),#768,.T.);
#255=ADVANCED_FACE('',(#769),#770,.T.);
#256=ADVANCED_FACE('',(#771),#772,.T.);
#257=ADVANCED_FACE('',(#773),#774,.T.);
#258=ADVANCED_FACE('',(#775),#776,.F.);
#259=ADVANCED_FACE('',(#777),#778,.T.);
#260=ADVANCED_FACE('',(#779),#780,.T.);
#261=ADVANCED_FACE('',(#781),#782,.F.);
#262=ADVANCED_FACE('',(#783),#784,.F.);
#263=ADVANCED_FACE('',(#785),#786,.F.);
#264=ADVANCED_FACE('',(#787),#788,.F.);
#265=ADVANCED_FACE('',(#789),#790,.T.);
#266=ADVANCED_FACE('',(#791),#792,.T.);
#267=ADVANCED_FACE('',(#793),#794,.T.);
#268=ADVANCED_FACE('',(#795),#796,.F.);
#269=ADVANCED_FACE('',(#797),#798,.F.);
#270=ADVANCED_FACE('',(#799),#800,.F.);
#271=ADVANCED_FACE('',(#801),#802,.F.);
#272=ADVANCED_FACE('',(#803),#804,.F.);
#273=ADVANCED_FACE('',(#805),#806,.F.);
#274=ADVANCED_FACE('',(#807),#808,.T.);
#275=ADVANCED_FACE('',(#809),#810,.T.);
#276=ADVANCED_FACE('',(#811),#812,.F.);
#277=ADVANCED_FACE('',(#813),#814,.F.);
#278=ADVANCED_FACE('',(#815),#816,.T.);
#279=ADVANCED_FACE('',(#817),#818,.T.);
#280=ADVANCED_FACE('',(#819),#820,.T.);
#281=ADVANCED_FACE('',(#821),#822,.F.);
#282=ADVANCED_FACE('',(#823),#824,.F.);
#283=ADVANCED_FACE('',(#825),#826,.T.);
#284=ADVANCED_FACE('',(#827),#828,.T.);
#285=ADVANCED_FACE('',(#829),#830,.T.);
#286=ADVANCED_FACE('',(#831),#832,.T.);
#287=ADVANCED_FACE('',(#833),#834,.T.);
#288=ADVANCED_FACE('',(#835),#836,.F.);
#289=ADVANCED_FACE('',(#837),#838,.F.);
#290=ADVANCED_FACE('',(#839),#840,.F.);
#291=ADVANCED_FACE('',(#841),#842,.T.);
#292=ADVANCED_FACE('',(#843),#844,.T.);
#293=ADVANCED_FACE('',(#845),#846,.F.);
#294=ADVANCED_FACE('',(#847),#848,.T.);
#295=ADVANCED_FACE('',(#849),#850,.T.);
#296=ADVANCED_FACE('',(#851),#852,.T.);
#297=ADVANCED_FACE('',(#853),#854,.T.);
#298=ADVANCED_FACE('',(#855),#856,.T.);
#299=ADVANCED_FACE('',(#857),#858,.T.);
#300=ADVANCED_FACE('',(#859),#860,.F.);
#301=ADVANCED_FACE('',(#861),#862,.T.);
#302=ADVANCED_FACE('',(#863),#864,.T.);
#303=ADVANCED_FACE('',(#865),#866,.F.);
#304=ADVANCED_FACE('',(#867),#868,.F.);
#305=ADVANCED_FACE('',(#869),#870,.T.);
#306=ADVANCED_FACE('',(#871),#872,.T.);
#307=ADVANCED_FACE('',(#873),#874,.T.);
#308=ADVANCED_FACE('',(#875),#876,.T.);
#309=ADVANCED_FACE('',(#877),#878,.T.);
#310=ADVANCED_FACE('',(#879),#880,.T.);
#311=ADVANCED_FACE('',(#881),#882,.T.);
#312=ADVANCED_FACE('',(#883),#884,.T.);
#313=ADVANCED_FACE('',(#885),#886,.F.);
#314=ADVANCED_FACE('',(#887),#888,.T.);
#315=ADVANCED_FACE('',(#889),#890,.T.);
#316=ADVANCED_FACE('',(#891),#892,.T.);
#317=ADVANCED_FACE('',(#893),#894,.T.);
#318=ADVANCED_FACE('',(#895),#896,.F.);
#319=ADVANCED_FACE('',(#897),#898,.T.);
#320=ADVANCED_FACE('',(#899),#900,.T.);
#321=ADVANCED_FACE('',(#901),#902,.F.);
#322=ADVANCED_FACE('',(#903),#904,.T.);
#323=ADVANCED_FACE('',(#905),#906,.T.);
#324=ADVANCED_FACE('',(#907),#908,.T.);
#325=ADVANCED_FACE('',(#909),#910,.F.);
#326=ADVANCED_FACE('',(#911),#912,.T.);
#327=ADVANCED_FACE('',(#913),#914,.T.);
#328=ADVANCED_FACE('',(#915),#916,.T.);
#329=ADVANCED_FACE('',(#917),#918,.T.);
#330=ADVANCED_FACE('',(#919),#920,.T.);
#331=ADVANCED_FACE('',(#921),#922,.T.);
#332=ADVANCED_FACE('',(#923),#924,.T.);
#333=ADVANCED_FACE('',(#925),#926,.T.);
#334=ADVANCED_FACE('',(#927),#928,.F.);
#335=ADVANCED_FACE('',(#929),#930,.T.);
#336=ADVANCED_FACE('',(#931),#932,.F.);
#337=ADVANCED_FACE('',(#933),#934,.F.);
#338=ADVANCED_FACE('',(#935),#936,.T.);
#339=ADVANCED_FACE('',(#937),#938,.T.);
#340=ADVANCED_FACE('',(#939),#940,.T.);
#341=ADVANCED_FACE('',(#941),#942,.T.);
#342=ADVANCED_FACE('',(#943),#944,.F.);
#343=ADVANCED_FACE('',(#945),#946,.T.);
#344=ADVANCED_FACE('',(#947),#948,.T.);
#345=ADVANCED_FACE('',(#949),#950,.F.);
#346=ADVANCED_FACE('',(#951),#952,.T.);
#347=ADVANCED_FACE('',(#953),#954,.T.);
#348=ADVANCED_FACE('',(#955),#956,.T.);
#349=ADVANCED_FACE('',(#957),#958,.T.);
#350=ADVANCED_FACE('',(#959),#960,.T.);
#351=ADVANCED_FACE('',(#961),#962,.T.);
#352=ADVANCED_FACE('',(#963),#964,.F.);
#353=ADVANCED_FACE('',(#965),#966,.F.);
#354=ADVANCED_FACE('',(#967),#968,.F.);
#355=ADVANCED_FACE('',(#969),#970,.T.);
#356=ADVANCED_FACE('',(#971),#972,.T.);
#357=ADVANCED_FACE('',(#973),#974,.T.);
#358=ADVANCED_FACE('',(#975),#976,.T.);
#359=ADVANCED_FACE('',(#977),#978,.T.);
#360=ADVANCED_FACE('',(#979),#980,.T.);
#361=ADVANCED_FACE('',(#981),#982,.T.);
#362=ADVANCED_FACE('',(#983),#984,.F.);
#363=ADVANCED_FACE('',(#985),#986,.T.);
#365=FACE_OUTER_BOUND('',#987,.T.);
#366=B_SPLINE_SURFACE_WITH_KNOTS('',3,3,((#988,#989,#990,#991),(#992,#993,#994,#995),(#996,#997,#998,#999),(#1000,#1001,#1002,#1003),(#1004,#1005,#1006,#1007),(#1008,#1009,#1010,#1011),(#1012,#1013,#1014,#1015),(#1016,#1017,#1018,#1019),(#1020,#1021,#1022,#1023),(#1024,#1025,#1026,#1027),(#1028,#1029,#1030,#1031),(#1032,#1033,#1034,#1035),(#1036,#1037,#1038,#1039),(#1040,#1041,#1042,#1043),(#1044,#1045,#1046,#1047)),.UNSPECIFIED.,.F.,.F.,.F.,(4,1,1,1,1,1,1,1,1,1,1,1,4),(4,4),(-0.009670133968722,0.0,0.0625,0.125,0.25,0.375,0.5,0.625,0.75,0.875,0.9375,1.0,1.008604095597),(-0.00984398246885392,1.02001716274),.UNSPECIFIED.);
#367=FACE_OUTER_BOUND('',#1048,.T.);
#368=B_SPLINE_SURFACE_WITH_KNOTS('',3,3,((#1049,#1050,#1051,#1052),(#1053,#1054,#1055,#1056),(#1057,#1058,#1059,#1060),(#1061,#1062,#1063,#1064),(#1065,#1066,#1067,#1068),(#1069,#1070,#1071,#1072),(#1073,#1074,#1075,#1076),(#1077,#1078,#1079,#1080),(#1081,#1082,#1083,#1084)),.UNSPECIFIED.,.F.,.F.,.F.,(4,1,1,1,1,1,4),(4,4),(0.595548155948699,0.625,0.75,0.875,0.9375,1.0,1.00071286488791),(-0.000712507810114147,1.00071293212286),.UNSPECIFIED.);
#369=FACE_OUTER_BOUND('',#1085,.T.);
#370=PLANE('',#1086);
#371=FACE_OUTER_BOUND('',#1087,.T.);
#372=PLANE('',#1088);
#373=FACE_OUTER_BOUND('',#1089,.T.);
#374=PLANE('',#1090);
#375=FACE_OUTER_BOUND('',#1091,.T.);
#376=PLANE('',#1092);
#377=FACE_OUTER_BOUND('',#1093,.T.);
#378=PLANE('',#1094);
#379=FACE_OUTER_BOUND('',#1095,.T.);
#380=PLANE('',#1096);
#381=FACE_OUTER_BOUND('',#1097,.T.);
#382=CYLINDRICAL_SURFACE('',#1098,0.2);
#383=FACE_OUTER_BOUND('',#1099,.T.);
#384=CYLINDRICAL_SURFACE('',#1100,0.2);
#385=FACE_OUTER_BOUND('',#1101,.T.);
#386=PLANE('',#1102);
#387=FACE_OUTER_BOUND('',#1103,.T.);
#388=PLANE('',#1104);
#389=FACE_OUTER_BOUND('',#1105,.T.);
#390=PLANE('',#1106);
#391=FACE_OUTER_BOUND('',#1107,.T.);
#392=PLANE('',#1108);
#393=FACE_OUTER_BOUND('',#1109,.T.);
#394=CYLINDRICAL_SURFACE('',#1110,0.2);
#395=FACE_OUTER_BOUND('',#1111,.T.);
#396=B_SPLINE_SURFACE_WITH_KNOTS('',3,3,((#1112,#1113,#1114,#1115),(#1116,#1117,#1118,#1119),(#1120,#1121,#1122,#1123),(#1124,#1125,#1126,#1127),(#1128,#1129,#1130,#1131),(#1132,#1133,#1134,#1135)),.UNSPECIFIED.,.F.,.F.,.F.,(4,1,1,4),(4,4),(-0.001058735461309,0.0,0.0625,0.1094363843051),(-0.001740207608307,0.07668958616251),.UNSPECIFIED.);
#397=FACE_OUTER_BOUND('',#1136,.T.);
#398=B_SPLINE_SURFACE_WITH_KNOTS('',3,3,((#1137,#1138,#1139,#1140),(#1141,#1142,#1143,#1144),(#1145,#1146,#1147,#1148),(#1149,#1150,#1151,#1152),(#1153,#1154,#1155,#1156),(#1157,#1158,#1159,#1160),(#1161,#1162,#1163,#1164),(#1165,#1166,#1167,#1168),(#1169,#1170,#1171,#1172),(#1173,#1174,#1175,#1176),(#1177,#1178,#1179,#1180),(#1181,#1182,#1183,#1184),(#1185,#1186,#1187,#1188),(#1189,#1190,#1191,#1192),(#1193,#1194,#1195,#1196),(#1197,#1198,#1199,#1200),(#1201,#1202,#1203,#1204),(#1205,#1206,#1207,#1208),(#1209,#1210,#1211,#1212),(#1213,#1214,#1215,#1216),(#1217,#1218,#1219,#1220)),.UNSPECIFIED.,.F.,.F.,.F.,(4,1,1,1,1,1,1,1,1,1,1,1,1,1,1,1,1,1,4),(4,4),(-0.00976693433493,0.0,0.0625,0.125,0.1875,0.25,0.3125,0.375,0.4375,0.5,0.5625,0.625,0.6875,0.75,0.8125,0.875,0.9375,1.0,1.00853455132714),(-0.00853268202691751,1.01600865448453),.UNSPECIFIED.);
#399=FACE_OUTER_BOUND('',#1221,.T.);
#400=CYLINDRICAL_SURFACE('',#1222,0.2);
#401=FACE_OUTER_BOUND('',#1223,.T.);
#402=PLANE('',#1224);
#403=FACE_OUTER_BOUND('',#1225,.T.);
#404=PLANE('',#1226);
#405=FACE_OUTER_BOUND('',#1227,.T.);
#406=B_SPLINE_SURFACE_WITH_KNOTS('',3,3,((#1228,#1229,#1230,#1231),(#1232,#1233,#1234,#1235),(#1236,#1237,#1238,#1239),(#1240,#1241,#1242,#1243),(#1244,#1245,#1246,#1247),(#1248,#1249,#1250,#1251)),.UNSPECIFIED.,.F.,.F.,.F.,(4,1,1,4),(4,4),(0.890694534360046,0.9375,1.0,1.00095567098345),(-0.000953234956578549,0.0759050495334387),.UNSPECIFIED.);
#407=FACE_OUTER_BOUND('',#1252,.T.);
#408=B_SPLINE_SURFACE_WITH_KNOTS('',3,3,((#1253,#1254,#1255,#1256),(#1257,#1258,#1259,#1260),(#1261,#1262,#1263,#1264),(#1265,#1266,#1267,#1268),(#1269,#1270,#1271,#1272)),.UNSPECIFIED.,.F.,.F.,.F.,(4,1,4),(4,4),(0.955104603365714,1.0,1.00095567098372),(0.975758175946961,1.00096138485179),.UNSPECIFIED.);
#409=FACE_OUTER_BOUND('',#1273,.T.);
#410=CYLINDRICAL_SURFACE('',#1274,0.2);
#411=FACE_OUTER_BOUND('',#1275,.T.);
#412=PLANE('',#1276);
#413=FACE_OUTER_BOUND('',#1277,.T.);
#414=B_SPLINE_SURFACE_WITH_KNOTS('',3,3,((#1278,#1279,#1280,#1281),(#1282,#1283,#1284,#1285),(#1286,#1287,#1288,#1289),(#1290,#1291,#1292,#1293),(#1294,#1295,#1296,#1297),(#1298,#1299,#1300,#1301),(#1302,#1303,#1304,#1305),(#1306,#1307,#1308,#1309),(#1310,#1311,#1312,#1313),(#1314,#1315,#1316,#1317),(#1318,#1319,#1320,#1321),(#1322,#1323,#1324,#1325),(#1326,#1327,#1328,#1329),(#1330,#1331,#1332,#1333),(#1334,#1335,#1336,#1337),(#1338,#1339,#1340,#1341),(#1342,#1343,#1344,#1345),(#1346,#1347,#1348,#1349),(#1350,#1351,#1352,#1353),(#1354,#1355,#1356,#1357),(#1358,#1359,#1360,#1361)),.UNSPECIFIED.,.F.,.F.,.F.,(4,1,1,1,1,1,1,1,1,1,1,1,1,1,1,1,1,1,4),(4,4),(-0.000956542938568527,0.0,0.0625,0.125,0.1875,0.25,0.3125,0.375,0.4375,0.5,0.5625,0.625,0.6875,0.75,0.8125,0.875,0.9375,1.0,1.009525501934),(-0.000955472280253278,1.01494578093775),.UNSPECIFIED.);
#415=FACE_OUTER_BOUND('',#1362,.T.);
#416=B_SPLINE_SURFACE_WITH_KNOTS('',3,3,((#1363,#1364,#1365,#1366),(#1367,#1368,#1369,#1370),(#1371,#1372,#1373,#1374),(#1375,#1376,#1377,#1378),(#1379,#1380,#1381,#1382),(#1383,#1384,#1385,#1386)),.UNSPECIFIED.,.F.,.F.,.F.,(4,1,1,4),(4,4),(-0.0007532343538952,0.0,0.0625,0.08015293752684),(-0.000955472281456015,0.0359656169482187),.UNSPECIFIED.);
#417=FACE_OUTER_BOUND('',#1387,.T.);
#418=B_SPLINE_SURFACE_WITH_KNOTS('',3,3,((#1388,#1389,#1390,#1391),(#1392,#1393,#1394,#1395),(#1396,#1397,#1398,#1399),(#1400,#1401,#1402,#1403),(#1404,#1405,#1406,#1407)),.UNSPECIFIED.,.F.,.F.,.F.,(4,1,4),(4,4),(-0.0007532343538952,0.0,0.0258646279650979),(0.991588174641496,1.00096203919909),.UNSPECIFIED.);
#419=FACE_OUTER_BOUND('',#1408,.T.);
#420=PLANE('',#1409);
#421=FACE_OUTER_BOUND('',#1410,.T.);
#422=PLANE('',#1411);
#423=FACE_OUTER_BOUND('',#1412,.T.);
#424=B_SPLINE_SURFACE_WITH_KNOTS('',3,3,((#1413,#1414,#1415,#1416),(#1417,#1418,#1419,#1420),(#1421,#1422,#1423,#1424),(#1425,#1426,#1427,#1428),(#1429,#1430,#1431,#1432),(#1433,#1434,#1435,#1436),(#1437,#1438,#1439,#1440),(#1441,#1442,#1443,#1444),(#1445,#1446,#1447,#1448),(#1449,#1450,#1451,#1452),(#1453,#1454,#1455,#1456)),.UNSPECIFIED.,.F.,.F.,.F.,(4,1,1,1,1,1,1,1,4),(4,4),(0.589530567439901,0.625,0.75,0.8125,0.875,0.9375,0.96875,1.0,1.00071073171328),(-0.000710731713276059,1.0032970966415),.UNSPECIFIED.);
#425=FACE_OUTER_BOUND('',#1457,.T.);
#426=PLANE('',#1458);
#427=FACE_OUTER_BOUND('',#1459,.T.);
#428=PLANE('',#1460);
#429=FACE_OUTER_BOUND('',#1461,.T.);
#430=PLANE('',#1462);
#431=FACE_OUTER_BOUND('',#1463,.T.);
#432=B_SPLINE_SURFACE_WITH_KNOTS('',3,3,((#1464,#1465,#1466,#1467),(#1468,#1469,#1470,#1471),(#1472,#1473,#1474,#1475),(#1476,#1477,#1478,#1479),(#1480,#1481,#1482,#1483),(#1484,#1485,#1486,#1487),(#1488,#1489,#1490,#1491),(#1492,#1493,#1494,#1495),(#1496,#1497,#1498,#1499)),.UNSPECIFIED.,.F.,.F.,.F.,(4,1,1,1,1,1,4),(4,4),(-0.000712864887906639,0.0,0.0625,0.125,0.25,0.375,0.404451844051321),(-0.000712507810125526,1.00071293212286),.UNSPECIFIED.);
#433=FACE_OUTER_BOUND('',#1500,.T.);
#434=B_SPLINE_SURFACE_WITH_KNOTS('',3,3,((#1501,#1502,#1503,#1504),(#1505,#1506,#1507,#1508),(#1509,#1510,#1511,#1512),(#1513,#1514,#1515,#1516),(#1517,#1518,#1519,#1520),(#1521,#1522,#1523,#1524),(#1525,#1526,#1527,#1528),(#1529,#1530,#1531,#1532),(#1533,#1534,#1535,#1536),(#1537,#1538,#1539,#1540),(#1541,#1542,#1543,#1544),(#1545,#1546,#1547,#1548),(#1549,#1550,#1551,#1552),(#1553,#1554,#1555,#1556),(#1557,#1558,#1559,#1560)),.UNSPECIFIED.,.F.,.F.,.F.,(4,1,1,1,1,1,1,1,1,1,1,1,4),(4,4),(-0.008543921146787,0.0,0.0625,0.125,0.25,0.375,0.5,0.625,0.75,0.875,0.9375,1.0,1.009736881286),(-0.00986188117129184,1.020017162641),.UNSPECIFIED.);
#435=FACE_OUTER_BOUND('',#1561,.T.);
#436=CYLINDRICAL_SURFACE('',#1562,0.7);
#437=FACE_OUTER_BOUND('',#1563,.T.);
#438=B_SPLINE_SURFACE_WITH_KNOTS('',3,3,((#1564,#1565,#1566,#1567),(#1568,#1569,#1570,#1571),(#1572,#1573,#1574,#1575),(#1576,#1577,#1578,#1579),(#1580,#1581,#1582,#1583),(#1584,#1585,#1586,#1587),(#1588,#1589,#1590,#1591),(#1592,#1593,#1594,#1595),(#1596,#1597,#1598,#1599),(#1600,#1601,#1602,#1603),(#1604,#1605,#1606,#1607)),.UNSPECIFIED.,.F.,.F.,.F.,(4,1,1,1,1,1,1,1,4),(4,4),(-0.00215136926084776,0.0,0.125,0.25,0.5,0.75,0.875,1.0,1.00456897802065),(-0.00456897799569318,1.00456897799506),.UNSPECIFIED.);
#439=FACE_OUTER_BOUND('',#1608,.T.);
#440=PLANE('',#1609);
#441=FACE_OUTER_BOUND('',#1610,.T.);
#442=CYLINDRICAL_SURFACE('',#1611,0.45);
#443=FACE_OUTER_BOUND('',#1612,.T.);
#444=PLANE('',#1613);
#445=FACE_OUTER_BOUND('',#1614,.T.);
#446=PLANE('',#1615);
#447=FACE_OUTER_BOUND('',#1616,.T.);
#448=PLANE('',#1617);
#449=FACE_OUTER_BOUND('',#1618,.T.);
#450=B_SPLINE_SURFACE_WITH_KNOTS('',3,3,((#1619,#1620,#1621,#1622),(#1623,#1624,#1625,#1626),(#1627,#1628,#1629,#1630),(#1631,#1632,#1633,#1634),(#1635,#1636,#1637,#1638),(#1639,#1640,#1641,#1642),(#1643,#1644,#1645,#1646),(#1647,#1648,#1649,#1650),(#1651,#1652,#1653,#1654),(#1655,#1656,#1657,#1658),(#1659,#1660,#1661,#1662)),.UNSPECIFIED.,.F.,.F.,.F.,(4,1,1,1,1,1,1,1,4),(4,4),(-0.000710731713281644,0.0,0.03125,0.0625,0.125,0.1875,0.25,0.375,0.410469432647607),(-0.0007107317133053,1.00329709672897),.UNSPECIFIED.);
#451=FACE_OUTER_BOUND('',#1663,.T.);
#452=PLANE('',#1664);
#453=FACE_OUTER_BOUND('',#1665,.T.);
#454=B_SPLINE_SURFACE_WITH_KNOTS('',3,3,((#1666,#1667,#1668,#1669),(#1670,#1671,#1672,#1673),(#1674,#1675,#1676,#1677),(#1678,#1679,#1680,#1681),(#1682,#1683,#1684,#1685),(#1686,#1687,#1688,#1689)),.UNSPECIFIED.,.F.,.F.,.F.,(4,1,1,4),(4,4),(0.9198475433103,0.9375,1.0,1.00075529408),(-0.001741795374908,0.03675086938548),.UNSPECIFIED.);
#455=FACE_OUTER_BOUND('',#1690,.T.);
#456=CYLINDRICAL_SURFACE('',#1691,0.5);
#457=FACE_OUTER_BOUND('',#1692,.T.);
#458=B_SPLINE_SURFACE_WITH_KNOTS('',3,3,((#1693,#1694,#1695,#1696),(#1697,#1698,#1699,#1700),(#1701,#1702,#1703,#1704),(#1705,#1706,#1707,#1708),(#1709,#1710,#1711,#1712),(#1713,#1714,#1715,#1716),(#1717,#1718,#1719,#1720),(#1721,#1722,#1723,#1724),(#1725,#1726,#1727,#1728),(#1729,#1730,#1731,#1732),(#1733,#1734,#1735,#1736),(#1737,#1738,#1739,#1740),(#1741,#1742,#1743,#1744),(#1745,#1746,#1747,#1748)),.UNSPECIFIED.,.F.,.F.,.F.,(4,1,1,1,1,1,1,1,1,1,1,4),(4,4),(-0.009059683338964,0.0,0.0625,0.125,0.25,0.375,0.5,0.625,0.75,0.875,1.0,1.007440448088),(-0.02000510946196,1.00215395787919),.UNSPECIFIED.);
#459=FACE_OUTER_BOUND('',#1749,.T.);
#460=CYLINDRICAL_SURFACE('',#1750,0.25);
#461=FACE_OUTER_BOUND('',#1751,.T.);
#462=PLANE('',#1752);
#463=FACE_OUTER_BOUND('',#1753,.T.);
#464=PLANE('',#1754);
#465=FACE_OUTER_BOUND('',#1755,.T.);
#466=PLANE('',#1756);
#467=FACE_OUTER_BOUND('',#1757,.T.);
#468=CYLINDRICAL_SURFACE('',#1758,0.25);
#469=FACE_OUTER_BOUND('',#1759,.T.);
#470=PLANE('',#1760);
#471=FACE_OUTER_BOUND('',#1761,.T.);
#472=PLANE('',#1762);
#473=FACE_OUTER_BOUND('',#1763,.T.);
#474=PLANE('',#1764);
#475=FACE_OUTER_BOUND('',#1765,.T.);
#476=CONICAL_SURFACE('',#1766,0.3875,0.0519400343425113);
#477=FACE_OUTER_BOUND('',#1767,.T.);
#478=CYLINDRICAL_SURFACE('',#1768,0.45);
#479=FACE_OUTER_BOUND('',#1769,.T.);
#480=PLANE('',#1770);
#481=FACE_OUTER_BOUND('',#1771,.T.);
#482=CONICAL_SURFACE('',#1772,0.3875,0.0519400343425113);
#483=FACE_OUTER_BOUND('',#1773,.T.);
#484=PLANE('',#1774);
#485=FACE_OUTER_BOUND('',#1775,.T.);
#486=CONICAL_SURFACE('',#1776,0.3875,0.0519400343425113);
#487=FACE_OUTER_BOUND('',#1777,.T.);
#488=CYLINDRICAL_SURFACE('',#1778,0.45);
#489=FACE_OUTER_BOUND('',#1779,.T.);
#490=(B_SPLINE_SURFACE(3,3,((#1781,#1782,#1783,#1784),(#1785,#1786,#1787,#1788),(#1789,#1790,#1791,#1792),(#1793,#1794,#1795,#1796)),.UNSPECIFIED.,.F.,.F.,.F.)B_SPLINE_SURFACE_WITH_KNOTS((4,4),(4,4),(0.0175892132052783,0.982410786794722),(0.0154515573864242,0.984548442610527),.UNSPECIFIED.)RATIONAL_B_SPLINE_SURFACE(((1.17760918658372,1.17322261470906,1.17322261470905,1.17760918658368),(0.944532354597784,0.941013989499743,0.941013989499732,0.944532354597751),(0.944532354597784,0.941013989499743,0.941013989499732,0.944532354597751),(1.17760918658372,1.17322261470906,1.17322261470905,1.17760918658368)))BOUNDED_SURFACE()REPRESENTATION_ITEM('')GEOMETRIC_REPRESENTATION_ITEM()SURFACE());
#491=FACE_OUTER_BOUND('',#1803,.T.);
#492=CYLINDRICAL_SURFACE('',#1804,1.199730283927);
#493=FACE_OUTER_BOUND('',#1805,.T.);
#494=CYLINDRICAL_SURFACE('',#1806,1.199730283927);
#495=FACE_OUTER_BOUND('',#1807,.T.);
#496=(B_SPLINE_SURFACE(3,3,((#1809,#1810,#1811,#1812),(#1813,#1814,#1815,#1816),(#1817,#1818,#1819,#1820),(#1821,#1822,#1823,#1824)),.UNSPECIFIED.,.F.,.F.,.F.)B_SPLINE_SURFACE_WITH_KNOTS((4,4),(4,4),(0.0175892132052877,0.982410786794712),(0.0154515573864079,0.984548442610527),.UNSPECIFIED.)RATIONAL_B_SPLINE_SURFACE(((1.17760918658371,1.17322261470905,1.17322261470904,1.17760918658367),(0.944532354597786,0.941013989499745,0.941013989499734,0.944532354597753),(0.944532354597786,0.941013989499745,0.941013989499734,0.944532354597753),(1.17760918658371,1.17322261470905,1.17322261470904,1.17760918658367)))BOUNDED_SURFACE()REPRESENTATION_ITEM('')GEOMETRIC_REPRESENTATION_ITEM()SURFACE());
#497=FACE_OUTER_BOUND('',#1831,.T.);
#498=CYLINDRICAL_SURFACE('',#1832,1.199730283927);
#499=FACE_OUTER_BOUND('',#1833,.T.);
#500=(B_SPLINE_SURFACE(3,3,((#1835,#1836,#1837,#1838),(#1839,#1840,#1841,#1842),(#1843,#1844,#1845,#1846),(#1847,#1848,#1849,#1850)),.UNSPECIFIED.,.F.,.F.,.F.)B_SPLINE_SURFACE_WITH_KNOTS((4,4),(4,4),(0.0175892132052782,0.982410786794722),(0.0154515573864241,0.98454844261053),.UNSPECIFIED.)RATIONAL_B_SPLINE_SURFACE(((1.17760918658372,1.17322261470906,1.17322261470905,1.17760918658368),(0.944532354597784,0.941013989499743,0.941013989499732,0.944532354597751),(0.944532354597784,0.941013989499743,0.941013989499732,0.944532354597751),(1.17760918658372,1.17322261470906,1.17322261470905,1.17760918658368)))BOUNDED_SURFACE()REPRESENTATION_ITEM('')GEOMETRIC_REPRESENTATION_ITEM()SURFACE());
#501=FACE_OUTER_BOUND('',#1857,.T.);
#502=CYLINDRICAL_SURFACE('',#1858,1.199730283927);
#503=FACE_OUTER_BOUND('',#1859,.T.);
#504=PLANE('',#1860);
#505=FACE_OUTER_BOUND('',#1861,.T.);
#506=PLANE('',#1862);
#507=FACE_OUTER_BOUND('',#1863,.T.);
#508=PLANE('',#1864);
#509=FACE_OUTER_BOUND('',#1865,.T.);
#510=CYLINDRICAL_SURFACE('',#1866,0.25);
#511=FACE_OUTER_BOUND('',#1867,.T.);
#512=CONICAL_SURFACE('',#1868,0.2461416166354,0.2617993877991);
#513=FACE_OUTER_BOUND('',#1869,.T.);
#514=CONICAL_SURFACE('',#1870,0.2461416166354,0.2617993877991);
#515=FACE_OUTER_BOUND('',#1871,.T.);
#516=FACE_BOUND('',#1872,.T.);
#517=FACE_BOUND('',#1873,.T.);
#518=PLANE('',#1874);
#519=FACE_OUTER_BOUND('',#1875,.T.);
#520=CYLINDRICAL_SURFACE('',#1876,0.25);
#521=FACE_OUTER_BOUND('',#1877,.T.);
#522=CONICAL_SURFACE('',#1878,0.2678690573006,0.2617993877991);
#523=FACE_OUTER_BOUND('',#1879,.T.);
#524=PLANE('',#1880);
#525=FACE_OUTER_BOUND('',#1881,.T.);
#526=PLANE('',#1882);
#527=FACE_OUTER_BOUND('',#1883,.T.);
#528=PLANE('',#1884);
#529=FACE_OUTER_BOUND('',#1885,.T.);
#530=CYLINDRICAL_SURFACE('',#1886,0.25);
#531=FACE_OUTER_BOUND('',#1887,.T.);
#532=CONICAL_SURFACE('',#1888,0.2461416166354,0.2617993877991);
#533=FACE_OUTER_BOUND('',#1889,.T.);
#534=CONICAL_SURFACE('',#1890,0.2461416166354,0.2617993877991);
#535=FACE_OUTER_BOUND('',#1891,.T.);
#536=TOROIDAL_SURFACE('',#1892,0.3997302839274,0.2);
#537=FACE_OUTER_BOUND('',#1893,.T.);
#538=CYLINDRICAL_SURFACE('',#1894,0.2);
#539=FACE_OUTER_BOUND('',#1895,.T.);
#540=PLANE('',#1896);
#541=FACE_OUTER_BOUND('',#1897,.T.);
#542=PLANE('',#1898);
#543=FACE_OUTER_BOUND('',#1899,.T.);
#544=PLANE('',#1900);
#545=FACE_OUTER_BOUND('',#1901,.T.);
#546=CYLINDRICAL_SURFACE('',#1902,0.4);
#547=FACE_OUTER_BOUND('',#1903,.T.);
#548=CONICAL_SURFACE('',#1904,0.35,0.7853981633973);
#549=FACE_OUTER_BOUND('',#1905,.T.);
#550=PLANE('',#1906);
#551=FACE_OUTER_BOUND('',#1907,.T.);
#552=PLANE('',#1908);
#553=FACE_OUTER_BOUND('',#1909,.T.);
#554=PLANE('',#1910);
#555=FACE_OUTER_BOUND('',#1911,.T.);
#556=PLANE('',#1912);
#557=FACE_OUTER_BOUND('',#1913,.T.);
#558=PLANE('',#1914);
#559=FACE_OUTER_BOUND('',#1915,.T.);
#560=PLANE('',#1916);
#561=FACE_OUTER_BOUND('',#1917,.T.);
#562=CYLINDRICAL_SURFACE('',#1918,0.2002697160726);
#563=FACE_OUTER_BOUND('',#1919,.T.);
#564=PLANE('',#1920);
#565=FACE_OUTER_BOUND('',#1921,.T.);
#566=CYLINDRICAL_SURFACE('',#1922,0.2);
#567=FACE_OUTER_BOUND('',#1923,.T.);
#568=PLANE('',#1924);
#569=FACE_OUTER_BOUND('',#1925,.T.);
#570=CYLINDRICAL_SURFACE('',#1926,0.3997302839274);
#571=FACE_OUTER_BOUND('',#1927,.T.);
#572=PLANE('',#1928);
#573=FACE_OUTER_BOUND('',#1929,.T.);
#574=CONICAL_SURFACE('',#1930,0.02655468000355,0.2617993877991);
#575=FACE_OUTER_BOUND('',#1931,.T.);
#576=PLANE('',#1932);
#577=FACE_OUTER_BOUND('',#1933,.T.);
#578=CYLINDRICAL_SURFACE('',#1934,0.3997302839274);
#579=FACE_OUTER_BOUND('',#1935,.T.);
#580=PLANE('',#1936);
#581=FACE_OUTER_BOUND('',#1937,.T.);
#582=CYLINDRICAL_SURFACE('',#1938,0.2);
#583=FACE_OUTER_BOUND('',#1939,.T.);
#584=(B_SPLINE_SURFACE(3,3,((#1941,#1942,#1943,#1944),(#1945,#1946,#1947,#1948),(#1949,#1950,#1951,#1952),(#1953,#1954,#1955,#1956)),.UNSPECIFIED.,.F.,.F.,.F.)B_SPLINE_SURFACE_WITH_KNOTS((4,4),(4,4),(0.0122792443434728,0.987720755656527),(0.0103314420934982,0.989668557905438),.UNSPECIFIED.)RATIONAL_B_SPLINE_SURFACE(((1.19938143592862,1.17111004786378,1.17111004786375,1.19938143592853),(0.957535378169224,0.934964698441498,0.934964698441474,0.957535378169151),(0.957535378169224,0.934964698441498,0.934964698441473,0.957535378169151),(1.19938143592862,1.17111004786378,1.17111004786375,1.19938143592853)))BOUNDED_SURFACE()REPRESENTATION_ITEM('')GEOMETRIC_REPRESENTATION_ITEM()SURFACE());
#585=FACE_OUTER_BOUND('',#1963,.T.);
#586=CONICAL_SURFACE('',#1964,0.1135142501069,0.5235987755982);
#587=FACE_OUTER_BOUND('',#1965,.T.);
#588=TOROIDAL_SURFACE('',#1966,0.3997302839274,0.3997302839274);
#589=FACE_OUTER_BOUND('',#1967,.T.);
#590=PLANE('',#1968);
#591=FACE_OUTER_BOUND('',#1969,.T.);
#592=PLANE('',#1970);
#593=FACE_OUTER_BOUND('',#1971,.T.);
#594=PLANE('',#1972);
#595=FACE_OUTER_BOUND('',#1973,.T.);
#596=PLANE('',#1974);
#597=FACE_OUTER_BOUND('',#1975,.T.);
#598=PLANE('',#1976);
#599=FACE_OUTER_BOUND('',#1977,.T.);
#600=PLANE('',#1978);
#601=FACE_OUTER_BOUND('',#1979,.T.);
#602=PLANE('',#1980);
#603=FACE_OUTER_BOUND('',#1981,.T.);
#604=PLANE('',#1982);
#605=FACE_OUTER_BOUND('',#1983,.T.);
#606=PLANE('',#1984);
#607=FACE_OUTER_BOUND('',#1985,.T.);
#608=CYLINDRICAL_SURFACE('',#1986,0.2002697160726);
#609=FACE_OUTER_BOUND('',#1987,.T.);
#610=(B_SPLINE_SURFACE(3,3,((#1989,#1990,#1991,#1992),(#1993,#1994,#1995,#1996),(#1997,#1998,#1999,#2000),(#2001,#2002,#2003,#2004)),.UNSPECIFIED.,.F.,.F.,.F.)B_SPLINE_SURFACE_WITH_KNOTS((4,4),(4,4),(0.0122792443434728,0.987720755656528),(0.0103314420934948,0.989668557905439),.UNSPECIFIED.)RATIONAL_B_SPLINE_SURFACE(((1.19938143592862,1.17111004786378,1.17111004786375,1.19938143592853),(0.957535378169224,0.934964698441498,0.934964698441473,0.95753537816915),(0.957535378169225,0.934964698441498,0.934964698441473,0.957535378169151),(1.19938143592862,1.17111004786378,1.17111004786375,1.19938143592853)))BOUNDED_SURFACE()REPRESENTATION_ITEM('')GEOMETRIC_REPRESENTATION_ITEM()SURFACE());
#611=FACE_OUTER_BOUND('',#2011,.T.);
#612=CYLINDRICAL_SURFACE('',#2012,0.2);
#613=FACE_OUTER_BOUND('',#2013,.T.);
#614=CONICAL_SURFACE('',#2014,0.225,0.7853981633973);
#615=FACE_OUTER_BOUND('',#2015,.T.);
#616=PLANE('',#2016);
#617=FACE_OUTER_BOUND('',#2017,.T.);
#618=PLANE('',#2018);
#619=FACE_OUTER_BOUND('',#2019,.T.);
#620=CYLINDRICAL_SURFACE('',#2020,0.3997302839274);
#621=FACE_OUTER_BOUND('',#2021,.T.);
#622=CONICAL_SURFACE('',#2022,0.3747302839274,0.7853981633973);
#623=FACE_OUTER_BOUND('',#2023,.T.);
#624=PLANE('',#2024);
#625=FACE_OUTER_BOUND('',#2025,.T.);
#626=PLANE('',#2026);
#627=FACE_OUTER_BOUND('',#2027,.T.);
#628=CONICAL_SURFACE('',#2028,0.02655468000354,0.2617993877991);
#629=FACE_OUTER_BOUND('',#2029,.T.);
#630=PLANE('',#2030);
#631=FACE_OUTER_BOUND('',#2031,.T.);
#632=PLANE('',#2032);
#633=FACE_OUTER_BOUND('',#2033,.T.);
#634=PLANE('',#2034);
#635=FACE_OUTER_BOUND('',#2035,.T.);
#636=CONICAL_SURFACE('',#2036,0.2252697160726,0.7853981633973);
#637=FACE_OUTER_BOUND('',#2037,.T.);
#638=PLANE('',#2038);
#639=FACE_OUTER_BOUND('',#2039,.T.);
#640=CONICAL_SURFACE('',#2040,0.125,0.7853981633973);
#641=FACE_OUTER_BOUND('',#2041,.T.);
#642=CYLINDRICAL_SURFACE('',#2042,0.15);
#643=FACE_OUTER_BOUND('',#2043,.T.);
#644=PLANE('',#2044);
#645=FACE_OUTER_BOUND('',#2045,.T.);
#646=CYLINDRICAL_SURFACE('',#2046,0.4);
#647=FACE_OUTER_BOUND('',#2047,.T.);
#648=PLANE('',#2048);
#649=FACE_OUTER_BOUND('',#2049,.T.);
#650=CYLINDRICAL_SURFACE('',#2050,0.3997302839274);
#651=FACE_OUTER_BOUND('',#2051,.T.);
#652=PLANE('',#2052);
#653=FACE_OUTER_BOUND('',#2053,.T.);
#654=CYLINDRICAL_SURFACE('',#2054,0.2);
#655=FACE_OUTER_BOUND('',#2055,.T.);
#656=TOROIDAL_SURFACE('',#2056,0.3997302839274,0.2);
#657=FACE_OUTER_BOUND('',#2057,.T.);
#658=CYLINDRICAL_SURFACE('',#2058,0.2);
#659=FACE_OUTER_BOUND('',#2059,.T.);
#660=PLANE('',#2060);
#661=FACE_OUTER_BOUND('',#2061,.T.);
#662=CYLINDRICAL_SURFACE('',#2062,0.3997302839274);
#663=FACE_OUTER_BOUND('',#2063,.T.);
#664=(B_SPLINE_SURFACE(3,3,((#2065,#2066,#2067,#2068),(#2069,#2070,#2071,#2072),(#2073,#2074,#2075,#2076),(#2077,#2078,#2079,#2080)),.UNSPECIFIED.,.F.,.F.,.F.)B_SPLINE_SURFACE_WITH_KNOTS((4,4),(4,4),(0.0168387770135854,0.983161222986415),(0.0148909747641583,0.985109025235466),.UNSPECIFIED.)RATIONAL_B_SPLINE_SURFACE(((1.19561395815138,1.1679447074396,1.16794470743959,1.19561395815135),(0.958346411354959,0.936168076162873,0.936168076162864,0.958346411354933),(0.958346411354959,0.936168076162873,0.936168076162865,0.958346411354933),(1.19561395815138,1.1679447074396,1.16794470743959,1.19561395815135)))BOUNDED_SURFACE()REPRESENTATION_ITEM('')GEOMETRIC_REPRESENTATION_ITEM()SURFACE());
#665=FACE_OUTER_BOUND('',#2087,.T.);
#666=CONICAL_SURFACE('',#2088,0.2864857498931,0.5235987755982);
#667=FACE_OUTER_BOUND('',#2089,.T.);
#668=PLANE('',#2090);
#669=FACE_OUTER_BOUND('',#2091,.T.);
#670=CYLINDRICAL_SURFACE('',#2092,0.2);
#671=FACE_OUTER_BOUND('',#2093,.T.);
#672=PLANE('',#2094);
#673=FACE_OUTER_BOUND('',#2095,.T.);
#674=CONICAL_SURFACE('',#2096,0.1135142501069,0.5235987755982);
#675=FACE_OUTER_BOUND('',#2097,.T.);
#676=TOROIDAL_SURFACE('',#2098,0.3997302839274,0.3997302839274);
#677=FACE_OUTER_BOUND('',#2099,.T.);
#678=CYLINDRICAL_SURFACE('',#2100,0.3997302839274);
#679=FACE_OUTER_BOUND('',#2101,.T.);
#680=TOROIDAL_SURFACE('',#2102,0.3997302839274,0.3997302839274);
#681=FACE_OUTER_BOUND('',#2103,.T.);
#682=CYLINDRICAL_SURFACE('',#2104,0.2);
#683=FACE_OUTER_BOUND('',#2105,.T.);
#684=PLANE('',#2106);
#685=FACE_OUTER_BOUND('',#2107,.T.);
#686=CONICAL_SURFACE('',#2108,0.2864857498931,0.5235987755982);
#687=FACE_OUTER_BOUND('',#2109,.T.);
#688=PLANE('',#2110);
#689=FACE_OUTER_BOUND('',#2111,.T.);
#690=CYLINDRICAL_SURFACE('',#2112,0.3997302839274);
#691=FACE_OUTER_BOUND('',#2113,.T.);
#692=(B_SPLINE_SURFACE(3,3,((#2115,#2116,#2117,#2118),(#2119,#2120,#2121,#2122),(#2123,#2124,#2125,#2126),(#2127,#2128,#2129,#2130)),.UNSPECIFIED.,.F.,.F.,.F.)B_SPLINE_SURFACE_WITH_KNOTS((4,4),(4,4),(0.0168387770135855,0.983161222986415),(0.014890974764158,0.985109025235445),.UNSPECIFIED.)RATIONAL_B_SPLINE_SURFACE(((1.19561395815138,1.1679447074396,1.16794470743959,1.19561395815135),(0.958346411354959,0.936168076162873,0.936168076162864,0.958346411354931),(0.958346411354959,0.936168076162874,0.936168076162865,0.958346411354932),(1.19561395815138,1.1679447074396,1.16794470743959,1.19561395815135)))BOUNDED_SURFACE()REPRESENTATION_ITEM('')GEOMETRIC_REPRESENTATION_ITEM()SURFACE());
#693=FACE_OUTER_BOUND('',#2137,.T.);
#694=CYLINDRICAL_SURFACE('',#2138,0.3997302839274);
#695=FACE_OUTER_BOUND('',#2139,.T.);
#696=CYLINDRICAL_SURFACE('',#2140,0.25);
#697=FACE_OUTER_BOUND('',#2141,.T.);
#698=B_SPLINE_SURFACE_WITH_KNOTS('',3,3,((#2142,#2143,#2144,#2145),(#2146,#2147,#2148,#2149),(#2150,#2151,#2152,#2153),(#2154,#2155,#2156,#2157),(#2158,#2159,#2160,#2161),(#2162,#2163,#2164,#2165),(#2166,#2167,#2168,#2169),(#2170,#2171,#2172,#2173),(#2174,#2175,#2176,#2177),(#2178,#2179,#2180,#2181),(#2182,#2183,#2184,#2185),(#2186,#2187,#2188,#2189),(#2190,#2191,#2192,#2193),(#2194,#2195,#2196,#2197)),.UNSPECIFIED.,.F.,.F.,.F.,(4,1,1,1,1,1,1,1,1,1,1,4),(4,4),(-0.007366183703585,0.0,0.125,0.25,0.375,0.5,0.625,0.75,0.875,0.9375,1.0,1.009166496591),(-0.02000577553214,1.00215395787919),.UNSPECIFIED.);
#699=FACE_OUTER_BOUND('',#2198,.T.);
#700=B_SPLINE_SURFACE_WITH_KNOTS('',3,3,((#2199,#2200,#2201,#2202),(#2203,#2204,#2205,#2206),(#2207,#2208,#2209,#2210),(#2211,#2212,#2213,#2214),(#2215,#2216,#2217,#2218),(#2219,#2220,#2221,#2222),(#2223,#2224,#2225,#2226),(#2227,#2228,#2229,#2230),(#2231,#2232,#2233,#2234),(#2235,#2236,#2237,#2238),(#2239,#2240,#2241,#2242)),.UNSPECIFIED.,.F.,.F.,.F.,(4,1,1,1,1,1,1,1,4),(4,4),(-0.00511196430943947,0.0,0.125,0.25,0.5,0.75,0.875,1.0,1.00006417242917),(-0.005111964309725,1.00511196430931),.UNSPECIFIED.);
#701=FACE_OUTER_BOUND('',#2243,.T.);
#702=B_SPLINE_SURFACE_WITH_KNOTS('',3,3,((#2244,#2245,#2246,#2247),(#2248,#2249,#2250,#2251),(#2252,#2253,#2254,#2255),(#2256,#2257,#2258,#2259),(#2260,#2261,#2262,#2263),(#2264,#2265,#2266,#2267),(#2268,#2269,#2270,#2271),(#2272,#2273,#2274,#2275),(#2276,#2277,#2278,#2279),(#2280,#2281,#2282,#2283),(#2284,#2285,#2286,#2287)),.UNSPECIFIED.,.F.,.F.,.F.,(4,1,1,1,1,1,1,1,4),(4,4),(-6.41724296301617E-05,0.0,0.125,0.25,0.5,0.75,0.875,1.0,1.00511196430975),(-0.00511196430944762,1.00511196430932),.UNSPECIFIED.);
#703=FACE_OUTER_BOUND('',#2288,.T.);
#704=PLANE('',#2289);
#705=FACE_OUTER_BOUND('',#2290,.T.);
#706=PLANE('',#2291);
#707=FACE_OUTER_BOUND('',#2292,.T.);
#708=B_SPLINE_SURFACE_WITH_KNOTS('',3,3,((#2293,#2294,#2295,#2296),(#2297,#2298,#2299,#2300),(#2301,#2302,#2303,#2304),(#2305,#2306,#2307,#2308),(#2309,#2310,#2311,#2312),(#2313,#2314,#2315,#2316),(#2317,#2318,#2319,#2320),(#2321,#2322,#2323,#2324),(#2325,#2326,#2327,#2328),(#2329,#2330,#2331,#2332),(#2333,#2334,#2335,#2336)),.UNSPECIFIED.,.F.,.F.,.F.,(4,1,1,1,1,1,1,1,4),(4,4),(-0.00456897799562428,0.0,0.125,0.25,0.5,0.75,0.875,1.0,1.00324630292934),(-0.00456897799582074,1.00456897799563),.UNSPECIFIED.);
#709=FACE_OUTER_BOUND('',#2337,.T.);
#710=PLANE('',#2338);
#711=FACE_OUTER_BOUND('',#2339,.T.);
#712=PLANE('',#2340);
#713=FACE_OUTER_BOUND('',#2341,.T.);
#714=PLANE('',#2342);
#715=FACE_OUTER_BOUND('',#2343,.T.);
#716=PLANE('',#2344);
#717=FACE_OUTER_BOUND('',#2345,.T.);
#718=CYLINDRICAL_SURFACE('',#2346,0.2);
#719=FACE_OUTER_BOUND('',#2347,.T.);
#720=CYLINDRICAL_SURFACE('',#2348,0.8);
#721=FACE_OUTER_BOUND('',#2349,.T.);
#722=B_SPLINE_SURFACE_WITH_KNOTS('',3,3,((#2350,#2351,#2352,#2353),(#2354,#2355,#2356,#2357),(#2358,#2359,#2360,#2361),(#2362,#2363,#2364,#2365),(#2366,#2367,#2368,#2369),(#2370,#2371,#2372,#2373),(#2374,#2375,#2376,#2377)),.UNSPECIFIED.,.F.,.F.,.F.,(4,1,1,1,4),(4,4),(-0.00179404841295733,0.0,0.5,1.0,1.72933246809481),(-0.00179404841273263,1.00354144569489),.UNSPECIFIED.);
#723=FACE_OUTER_BOUND('',#2378,.T.);
#724=B_SPLINE_SURFACE_WITH_KNOTS('',3,3,((#2379,#2380,#2381,#2382),(#2383,#2384,#2385,#2386),(#2387,#2388,#2389,#2390),(#2391,#2392,#2393,#2394),(#2395,#2396,#2397,#2398),(#2399,#2400,#2401,#2402)),.UNSPECIFIED.,.F.,.F.,.F.,(4,1,1,4),(4,4),(-0.02000000010638,0.0,1.0,1.020000004901),(0.3295217724652,0.664091061872265),.UNSPECIFIED.);
#725=FACE_OUTER_BOUND('',#2403,.T.);
#726=(B_SPLINE_SURFACE(3,3,((#2405,#2406,#2407,#2408,#2409,#2410,#2411,#2412),(#2413,#2414,#2415,#2416,#2417,#2418,#2419,#2420),(#2421,#2422,#2423,#2424,#2425,#2426,#2427,#2428),(#2429,#2430,#2431,#2432,#2433,#2434,#2435,#2436)),.UNSPECIFIED.,.F.,.F.,.F.)B_SPLINE_SURFACE_WITH_KNOTS((4,4),(4,1,1,1,1,4),(0.00313802758963909,0.989935200233949),(0.03277115551623,0.04993388994311,0.09871856996785,0.1474900975856,0.1975957775618,0.2478014752947),.UNSPECIFIED.)RATIONAL_B_SPLINE_SURFACE(((1.20197959994694,1.20197959994694,1.20197959994694,1.20197959994694,1.20197959994694,1.20197959994694,1.20197959994694,1.20197959994694),(0.934550670349089,0.934550670349089,0.934550670349089,0.934550670349089,0.934550670349089,0.934550670349089,0.934550670349089,0.934550670349089),(0.932686551769316,0.932686551769316,0.932686551769316,0.932686551769316,0.932686551769316,0.932686551769316,0.932686551769316,0.932686551769316),(1.19638724420762,1.19638724420762,1.19638724420762,1.19638724420762,1.19638724420762,1.19638724420762,1.19638724420762,1.19638724420762)))BOUNDED_SURFACE()REPRESENTATION_ITEM('')GEOMETRIC_REPRESENTATION_ITEM()SURFACE());
#727=FACE_OUTER_BOUND('',#2443,.T.);
#728=B_SPLINE_SURFACE_WITH_KNOTS('',3,3,((#2444,#2445,#2446,#2447),(#2448,#2449,#2450,#2451),(#2452,#2453,#2454,#2455),(#2456,#2457,#2458,#2459),(#2460,#2461,#2462,#2463),(#2464,#2465,#2466,#2467),(#2468,#2469,#2470,#2471)),.UNSPECIFIED.,.F.,.F.,.F.,(4,1,1,1,4),(4,4),(-0.556871817663345,0.0,0.5,1.0,1.00160836540746),(-0.00160836540723348,1.00160836540723),.UNSPECIFIED.);
#729=FACE_OUTER_BOUND('',#2472,.T.);
#730=PLANE('',#2473);
#731=FACE_OUTER_BOUND('',#2474,.T.);
#732=B_SPLINE_SURFACE_WITH_KNOTS('',3,3,((#2475,#2476,#2477,#2478),(#2479,#2480,#2481,#2482),(#2483,#2484,#2485,#2486),(#2487,#2488,#2489,#2490),(#2491,#2492,#2493,#2494),(#2495,#2496,#2497,#2498),(#2499,#2500,#2501,#2502)),.UNSPECIFIED.,.F.,.F.,.F.,(4,1,1,1,4),(4,4),(-0.00166666666666676,0.0,0.5,1.0,1.55726655297938),(-0.00166666666648378,1.00160836540723),.UNSPECIFIED.);
#733=FACE_OUTER_BOUND('',#2503,.T.);
#734=B_SPLINE_SURFACE_WITH_KNOTS('',3,3,((#2504,#2505,#2506,#2507),(#2508,#2509,#2510,#2511),(#2512,#2513,#2514,#2515),(#2516,#2517,#2518,#2519),(#2520,#2521,#2522,#2523),(#2524,#2525,#2526,#2527)),.UNSPECIFIED.,.F.,.F.,.F.,(4,1,1,4),(4,4),(-0.000169835142295995,0.0,1.0,1.0001698351423),(0.335908792239448,0.664090138757111),.UNSPECIFIED.);
#735=FACE_OUTER_BOUND('',#2528,.T.);
#736=(B_SPLINE_SURFACE(3,3,((#2530,#2531,#2532,#2533,#2534,#2535,#2536,#2537),(#2538,#2539,#2540,#2541,#2542,#2543,#2544,#2545),(#2546,#2547,#2548,#2549,#2550,#2551,#2552,#2553),(#2554,#2555,#2556,#2557,#2558,#2559,#2560,#2561)),.UNSPECIFIED.,.F.,.F.,.F.)B_SPLINE_SURFACE_WITH_KNOTS((4,4),(4,1,1,1,1,4),(0.00313805207663652,0.98993584918632),(0.7507136332467,0.8019050125137,0.852122005804,0.9010167265697,0.9499300748059,0.9670338130387),.UNSPECIFIED.)RATIONAL_B_SPLINE_SURFACE(((1.20197957976101,1.20197957976101,1.20197957976101,1.20197957976101,1.20197957976101,1.20197957976101,1.20197957976101,1.20197957976101),(0.934550494475806,0.934550494475806,0.934550494475806,0.934550494475806,0.934550494475806,0.934550494475806,0.934550494475806,0.934550494475806),(0.932686555953662,0.932686555953662,0.932686555953662,0.932686555953662,0.932686555953662,0.932686555953662,0.932686555953662,0.932686555953662),(1.19638776419458,1.19638776419458,1.19638776419458,1.19638776419458,1.19638776419458,1.19638776419458,1.19638776419458,1.19638776419458)))BOUNDED_SURFACE()REPRESENTATION_ITEM('')GEOMETRIC_REPRESENTATION_ITEM()SURFACE());
#737=FACE_OUTER_BOUND('',#2568,.T.);
#738=B_SPLINE_SURFACE_WITH_KNOTS('',3,3,((#2569,#2570,#2571,#2572),(#2573,#2574,#2575,#2576),(#2577,#2578,#2579,#2580),(#2581,#2582,#2583,#2584),(#2585,#2586,#2587,#2588),(#2589,#2590,#2591,#2592),(#2593,#2594,#2595,#2596)),.UNSPECIFIED.,.F.,.F.,.F.,(4,1,1,1,4),(4,4),(-0.729332929687467,0.0,0.5,1.0,1.00179404841317),(-0.00179404841273104,1.00354191650319),.UNSPECIFIED.);
#739=FACE_OUTER_BOUND('',#2597,.T.);
#740=PLANE('',#2598);
#741=FACE_OUTER_BOUND('',#2599,.T.);
#742=PLANE('',#2600);
#743=FACE_OUTER_BOUND('',#2601,.T.);
#744=PLANE('',#2602);
#745=FACE_OUTER_BOUND('',#2603,.T.);
#746=(B_SPLINE_SURFACE(3,3,((#2605,#2606,#2607,#2608,#2609,#2610,#2611,#2612),(#2613,#2614,#2615,#2616,#2617,#2618,#2619,#2620),(#2621,#2622,#2623,#2624,#2625,#2626,#2627,#2628),(#2629,#2630,#2631,#2632,#2633,#2634,#2635,#2636)),.UNSPECIFIED.,.F.,.F.,.F.)B_SPLINE_SURFACE_WITH_KNOTS((4,4),(4,1,1,1,1,4),(0.0,1.0),(-0.00129666757148,0.0,0.2563716379628,0.5043473675939,0.7502254156654,0.999813716235),.UNSPECIFIED.)RATIONAL_B_SPLINE_SURFACE(((1.204538945444,1.204538945444,1.204538945444,1.204538945444,1.204538945444,1.204538945444,1.204538945444,1.204538945444),(0.9318203515187,0.9318203515187,0.9318203515187,0.9318203515187,0.9318203515187,0.9318203515187,0.9318203515187,0.9318203515187),(0.9318203515187,0.9318203515187,0.9318203515187,0.9318203515187,0.9318203515187,0.9318203515187,0.9318203515187,0.9318203515187),(1.204538945444,1.204538945444,1.204538945444,1.204538945444,1.204538945444,1.204538945444,1.204538945444,1.204538945444)))BOUNDED_SURFACE()REPRESENTATION_ITEM('')GEOMETRIC_REPRESENTATION_ITEM()SURFACE());
#747=FACE_OUTER_BOUND('',#2643,.T.);
#748=PLANE('',#2644);
#749=FACE_OUTER_BOUND('',#2645,.T.);
#750=PLANE('',#2646);
#751=FACE_OUTER_BOUND('',#2647,.T.);
#752=PLANE('',#2648);
#753=FACE_OUTER_BOUND('',#2649,.T.);
#754=(B_SPLINE_SURFACE(3,3,((#2651,#2652,#2653,#2654,#2655,#2656,#2657,#2658,#2659),(#2660,#2661,#2662,#2663,#2664,#2665,#2666,#2667,#2668),(#2669,#2670,#2671,#2672,#2673,#2674,#2675,#2676,#2677),(#2678,#2679,#2680,#2681,#2682,#2683,#2684,#2685,#2686)),.UNSPECIFIED.,.F.,.F.,.F.)B_SPLINE_SURFACE_WITH_KNOTS((4,4),(4,1,1,1,1,1,4),(0.0,1.0),(-0.002136954746684,0.0,0.2311791507808,0.4746563560892,0.7307742702385,1.0,1.00186104282),.UNSPECIFIED.)RATIONAL_B_SPLINE_SURFACE(((1.204538942895,1.204538942895,1.204538942895,1.204538942895,1.204538942895,1.204538942895,1.204538942895,1.204538942895,1.204538942895),(0.9318203523684,0.9318203523684,0.9318203523684,0.9318203523684,0.9318203523684,0.9318203523684,0.9318203523684,0.9318203523684,0.9318203523684),(0.9318203523684,0.9318203523684,0.9318203523684,0.9318203523684,0.9318203523684,0.9318203523684,0.9318203523684,0.9318203523684,0.9318203523684),(1.204538942895,1.204538942895,1.204538942895,1.204538942895,1.204538942895,1.204538942895,1.204538942895,1.204538942895,1.204538942895)))BOUNDED_SURFACE()REPRESENTATION_ITEM('')GEOMETRIC_REPRESENTATION_ITEM()SURFACE());
#755=FACE_OUTER_BOUND('',#2693,.T.);
#756=PLANE('',#2694);
#757=FACE_OUTER_BOUND('',#2695,.T.);
#758=PLANE('',#2696);
#759=FACE_OUTER_BOUND('',#2697,.T.);
#760=PLANE('',#2698);
#761=FACE_OUTER_BOUND('',#2699,.T.);
#762=PLANE('',#2700);
#763=FACE_OUTER_BOUND('',#2701,.T.);
#764=CYLINDRICAL_SURFACE('',#2702,0.2);
#765=FACE_OUTER_BOUND('',#2703,.T.);
#766=PLANE('',#2704);
#767=FACE_OUTER_BOUND('',#2705,.T.);
#768=CYLINDRICAL_SURFACE('',#2706,1.0);
#769=FACE_OUTER_BOUND('',#2707,.T.);
#770=PLANE('',#2708);
#771=FACE_OUTER_BOUND('',#2709,.T.);
#772=PLANE('',#2710);
#773=FACE_OUTER_BOUND('',#2711,.T.);
#774=PLANE('',#2712);
#775=FACE_OUTER_BOUND('',#2713,.T.);
#776=PLANE('',#2714);
#777=FACE_OUTER_BOUND('',#2715,.T.);
#778=B_SPLINE_SURFACE_WITH_KNOTS('',3,3,((#2716,#2717,#2718,#2719,#2720),(#2721,#2722,#2723,#2724,#2725),(#2726,#2727,#2728,#2729,#2730),(#2731,#2732,#2733,#2734,#2735)),.UNSPECIFIED.,.F.,.F.,.F.,(4,4),(4,1,4),(-0.00714285714274116,1.0071428571424),(0.1549460262847,0.3250400534029,0.4949464736792),.UNSPECIFIED.);
#779=FACE_OUTER_BOUND('',#2736,.T.);
#780=B_SPLINE_SURFACE_WITH_KNOTS('',3,3,((#2737,#2738,#2739,#2740,#2741),(#2742,#2743,#2744,#2745,#2746),(#2747,#2748,#2749,#2750,#2751),(#2752,#2753,#2754,#2755,#2756)),.UNSPECIFIED.,.F.,.F.,.F.,(4,4),(4,1,4),(-0.02,1.00035740679716),(-0.0252443658263816,0.5111449719582,1.05367389765944),.UNSPECIFIED.);
#781=FACE_OUTER_BOUND('',#2757,.T.);
#782=PLANE('',#2758);
#783=FACE_OUTER_BOUND('',#2759,.T.);
#784=PLANE('',#2760);
#785=FACE_OUTER_BOUND('',#2761,.T.);
#786=PLANE('',#2762);
#787=FACE_OUTER_BOUND('',#2763,.T.);
#788=PLANE('',#2764);
#789=FACE_OUTER_BOUND('',#2765,.T.);
#790=B_SPLINE_SURFACE_WITH_KNOTS('',3,3,((#2766,#2767,#2768,#2769,#2770),(#2771,#2772,#2773,#2774,#2775),(#2776,#2777,#2778,#2779,#2780),(#2781,#2782,#2783,#2784,#2785)),.UNSPECIFIED.,.F.,.F.,.F.,(4,4),(4,1,4),(-0.0003574067970222,1.02),(-0.0252467490650365,0.5111449719582,1.05367628089728),.UNSPECIFIED.);
#791=FACE_OUTER_BOUND('',#2786,.T.);
#792=CYLINDRICAL_SURFACE('',#2787,0.154);
#793=FACE_OUTER_BOUND('',#2788,.T.);
#794=PLANE('',#2789);
#795=FACE_OUTER_BOUND('',#2790,.T.);
#796=PLANE('',#2791);
#797=FACE_OUTER_BOUND('',#2792,.T.);
#798=CYLINDRICAL_SURFACE('',#2793,0.2);
#799=FACE_OUTER_BOUND('',#2794,.T.);
#800=CYLINDRICAL_SURFACE('',#2795,0.2);
#801=FACE_OUTER_BOUND('',#2796,.T.);
#802=PLANE('',#2797);
#803=FACE_OUTER_BOUND('',#2798,.T.);
#804=PLANE('',#2799);
#805=FACE_OUTER_BOUND('',#2800,.T.);
#806=PLANE('',#2801);
#807=FACE_OUTER_BOUND('',#2802,.T.);
#808=PLANE('',#2803);
#809=FACE_OUTER_BOUND('',#2804,.T.);
#810=PLANE('',#2805);
#811=FACE_OUTER_BOUND('',#2806,.T.);
#812=PLANE('',#2807);
#813=FACE_OUTER_BOUND('',#2808,.T.);
#814=CYLINDRICAL_SURFACE('',#2809,0.3);
#815=FACE_OUTER_BOUND('',#2810,.T.);
#816=PLANE('',#2811);
#817=FACE_OUTER_BOUND('',#2812,.T.);
#818=PLANE('',#2813);
#819=FACE_OUTER_BOUND('',#2814,.T.);
#820=CYLINDRICAL_SURFACE('',#2815,0.2625);
#821=FACE_OUTER_BOUND('',#2816,.T.);
#822=PLANE('',#2817);
#823=FACE_OUTER_BOUND('',#2818,.T.);
#824=PLANE('',#2819);
#825=FACE_OUTER_BOUND('',#2820,.T.);
#826=PLANE('',#2821);
#827=FACE_OUTER_BOUND('',#2822,.T.);
#828=PLANE('',#2823);
#829=FACE_OUTER_BOUND('',#2824,.T.);
#830=PLANE('',#2825);
#831=FACE_OUTER_BOUND('',#2826,.T.);
#832=CYLINDRICAL_SURFACE('',#2827,0.34);
#833=FACE_OUTER_BOUND('',#2828,.T.);
#834=CYLINDRICAL_SURFACE('',#2829,0.34);
#835=FACE_OUTER_BOUND('',#2830,.T.);
#836=CYLINDRICAL_SURFACE('',#2831,0.3078968601752);
#837=FACE_OUTER_BOUND('',#2832,.T.);
#838=CYLINDRICAL_SURFACE('',#2833,0.3078968601752);
#839=FACE_OUTER_BOUND('',#2834,.T.);
#840=PLANE('',#2835);
#841=FACE_OUTER_BOUND('',#2836,.T.);
#842=CYLINDRICAL_SURFACE('',#2837,0.19);
#843=FACE_OUTER_BOUND('',#2838,.T.);
#844=PLANE('',#2839);
#845=FACE_OUTER_BOUND('',#2840,.T.);
#846=CYLINDRICAL_SURFACE('',#2841,0.05);
#847=FACE_OUTER_BOUND('',#2842,.T.);
#848=PLANE('',#2843);
#849=FACE_OUTER_BOUND('',#2844,.T.);
#850=PLANE('',#2845);
#851=FACE_OUTER_BOUND('',#2846,.T.);
#852=PLANE('',#2847);
#853=FACE_OUTER_BOUND('',#2848,.T.);
#854=CYLINDRICAL_SURFACE('',#2849,0.3078968601752);
#855=FACE_OUTER_BOUND('',#2850,.T.);
#856=CYLINDRICAL_SURFACE('',#2851,0.154);
#857=FACE_OUTER_BOUND('',#2852,.T.);
#858=PLANE('',#2853);
#859=FACE_OUTER_BOUND('',#2854,.T.);
#860=PLANE('',#2855);
#861=FACE_OUTER_BOUND('',#2856,.T.);
#862=B_SPLINE_SURFACE_WITH_KNOTS('',3,3,((#2857,#2858,#2859,#2860,#2861),(#2862,#2863,#2864,#2865,#2866),(#2867,#2868,#2869,#2870,#2871),(#2872,#2873,#2874,#2875,#2876)),.UNSPECIFIED.,.F.,.F.,.F.,(4,4),(4,1,4),(-0.00714285714284163,1.00714285714284),(0.4907582389255,0.5416980292096,0.5927557896523),.UNSPECIFIED.);
#863=FACE_OUTER_BOUND('',#2877,.T.);
#864=PLANE('',#2878);
#865=FACE_OUTER_BOUND('',#2879,.T.);
#866=PLANE('',#2880);
#867=FACE_OUTER_BOUND('',#2881,.T.);
#868=CYLINDRICAL_SURFACE('',#2882,0.014);
#869=FACE_OUTER_BOUND('',#2883,.T.);
#870=B_SPLINE_SURFACE_WITH_KNOTS('',3,3,((#2884,#2885,#2886,#2887,#2888),(#2889,#2890,#2891,#2892,#2893),(#2894,#2895,#2896,#2897,#2898),(#2899,#2900,#2901,#2902,#2903)),.UNSPECIFIED.,.F.,.F.,.F.,(4,4),(4,1,4),(-0.000357406797161422,1.02),(-0.025244365836333,0.5111449719582,1.05367389766859),.UNSPECIFIED.);
#871=FACE_OUTER_BOUND('',#2904,.T.);
#872=B_SPLINE_SURFACE_WITH_KNOTS('',3,3,((#2905,#2906,#2907,#2908,#2909),(#2910,#2911,#2912,#2913,#2914),(#2915,#2916,#2917,#2918,#2919),(#2920,#2921,#2922,#2923,#2924)),.UNSPECIFIED.,.F.,.F.,.F.,(4,4),(4,1,4),(-0.00714285714283769,1.0071428571432),(0.1549460262847,0.3250400534029,0.4949464736792),.UNSPECIFIED.);
#873=FACE_OUTER_BOUND('',#2925,.T.);
#874=B_SPLINE_SURFACE_WITH_KNOTS('',3,3,((#2926,#2927,#2928,#2929,#2930),(#2931,#2932,#2933,#2934,#2935),(#2936,#2937,#2938,#2939,#2940),(#2941,#2942,#2943,#2944,#2945)),.UNSPECIFIED.,.F.,.F.,.F.,(4,4),(4,1,4),(-0.00714285714284193,1.00714285714284),(0.4907582389255,0.5416980292096,0.5927557896523),.UNSPECIFIED.);
#875=FACE_OUTER_BOUND('',#2946,.T.);
#876=PLANE('',#2947);
#877=FACE_OUTER_BOUND('',#2948,.T.);
#878=PLANE('',#2949);
#879=FACE_OUTER_BOUND('',#2950,.T.);
#880=PLANE('',#2951);
#881=FACE_OUTER_BOUND('',#2952,.T.);
#882=CYLINDRICAL_SURFACE('',#2953,0.154);
#883=FACE_OUTER_BOUND('',#2954,.T.);
#884=B_SPLINE_SURFACE_WITH_KNOTS('',3,3,((#2955,#2956,#2957,#2958,#2959),(#2960,#2961,#2962,#2963,#2964),(#2965,#2966,#2967,#2968,#2969),(#2970,#2971,#2972,#2973,#2974)),.UNSPECIFIED.,.F.,.F.,.F.,(4,4),(4,1,4),(-0.02,1.00035740679705),(-0.0252443613599152,0.5111449719582,1.05367389319291),.UNSPECIFIED.);
#885=FACE_OUTER_BOUND('',#2975,.T.);
#886=CYLINDRICAL_SURFACE('',#2976,0.014);
#887=FACE_OUTER_BOUND('',#2977,.T.);
#888=B_SPLINE_SURFACE_WITH_KNOTS('',3,3,((#2978,#2979,#2980,#2981,#2982),(#2983,#2984,#2985,#2986,#2987),(#2988,#2989,#2990,#2991,#2992),(#2993,#2994,#2995,#2996,#2997)),.UNSPECIFIED.,.F.,.F.,.F.,(4,4),(4,1,4),(-0.000357406797046067,1.02),(-0.0252443662851808,0.5111449719582,1.05367389811818),.UNSPECIFIED.);
#889=FACE_OUTER_BOUND('',#2998,.T.);
#890=B_SPLINE_SURFACE_WITH_KNOTS('',3,3,((#2999,#3000,#3001,#3002,#3003),(#3004,#3005,#3006,#3007,#3008),(#3009,#3010,#3011,#3012,#3013),(#3014,#3015,#3016,#3017,#3018)),.UNSPECIFIED.,.F.,.F.,.F.,(4,4),(4,1,4),(-0.00714285714280918,1.0071428571432),(0.1549460262847,0.3250400534029,0.4949464736792),.UNSPECIFIED.);
#891=FACE_OUTER_BOUND('',#3019,.T.);
#892=PLANE('',#3020);
#893=FACE_OUTER_BOUND('',#3021,.T.);
#894=B_SPLINE_SURFACE_WITH_KNOTS('',3,3,((#3022,#3023,#3024,#3025,#3026),(#3027,#3028,#3029,#3030,#3031),(#3032,#3033,#3034,#3035,#3036),(#3037,#3038,#3039,#3040,#3041)),.UNSPECIFIED.,.F.,.F.,.F.,(4,4),(4,1,4),(-0.00714285714324382,1.00714285714238),(0.1549460262847,0.3250400534029,0.4949464736792),.UNSPECIFIED.);
#895=FACE_OUTER_BOUND('',#3042,.T.);
#896=PLANE('',#3043);
#897=FACE_OUTER_BOUND('',#3044,.T.);
#898=PLANE('',#3045);
#899=FACE_OUTER_BOUND('',#3046,.T.);
#900=B_SPLINE_SURFACE_WITH_KNOTS('',3,3,((#3047,#3048,#3049,#3050,#3051),(#3052,#3053,#3054,#3055,#3056),(#3057,#3058,#3059,#3060,#3061),(#3062,#3063,#3064,#3065,#3066)),.UNSPECIFIED.,.F.,.F.,.F.,(4,4),(4,1,4),(-0.00714285714284193,1.00714285714284),(0.4907582389255,0.5416980292096,0.5927557896523),.UNSPECIFIED.);
#901=FACE_OUTER_BOUND('',#3067,.T.);
#902=PLANE('',#3068);
#903=FACE_OUTER_BOUND('',#3069,.T.);
#904=B_SPLINE_SURFACE_WITH_KNOTS('',3,3,((#3070,#3071,#3072,#3073,#3074),(#3075,#3076,#3077,#3078,#3079),(#3080,#3081,#3082,#3083,#3084),(#3085,#3086,#3087,#3088,#3089)),.UNSPECIFIED.,.F.,.F.,.F.,(4,4),(4,1,4),(-0.00714285714284163,1.00714285714284),(0.4907582389255,0.5416980292096,0.5927557896523),.UNSPECIFIED.);
#905=FACE_OUTER_BOUND('',#3090,.T.);
#906=PLANE('',#3091);
#907=FACE_OUTER_BOUND('',#3092,.T.);
#908=PLANE('',#3093);
#909=FACE_OUTER_BOUND('',#3094,.T.);
#910=CYLINDRICAL_SURFACE('',#3095,0.1225);
#911=FACE_OUTER_BOUND('',#3096,.T.);
#912=PLANE('',#3097);
#913=FACE_OUTER_BOUND('',#3098,.T.);
#914=PLANE('',#3099);
#915=FACE_OUTER_BOUND('',#3100,.T.);
#916=PLANE('',#3101);
#917=FACE_OUTER_BOUND('',#3102,.T.);
#918=CYLINDRICAL_SURFACE('',#3103,0.2625);
#919=FACE_OUTER_BOUND('',#3104,.T.);
#920=CYLINDRICAL_SURFACE('',#3105,0.34);
#921=FACE_OUTER_BOUND('',#3106,.T.);
#922=PLANE('',#3107);
#923=FACE_OUTER_BOUND('',#3108,.T.);
#924=CYLINDRICAL_SURFACE('',#3109,0.154);
#925=FACE_OUTER_BOUND('',#3110,.T.);
#926=B_SPLINE_SURFACE_WITH_KNOTS('',3,3,((#3111,#3112,#3113,#3114,#3115),(#3116,#3117,#3118,#3119,#3120),(#3121,#3122,#3123,#3124,#3125),(#3126,#3127,#3128,#3129,#3130)),.UNSPECIFIED.,.F.,.F.,.F.,(4,4),(4,1,4),(-0.02,1.00035740679703),(-0.0252512697208221,0.5111449719582,1.05368080155383),.UNSPECIFIED.);
#927=FACE_OUTER_BOUND('',#3131,.T.);
#928=CYLINDRICAL_SURFACE('',#3132,0.014);
#929=FACE_OUTER_BOUND('',#3133,.T.);
#930=PLANE('',#3134);
#931=FACE_OUTER_BOUND('',#3135,.T.);
#932=CYLINDRICAL_SURFACE('',#3136,0.2);
#933=FACE_OUTER_BOUND('',#3137,.T.);
#934=CYLINDRICAL_SURFACE('',#3138,0.2);
#935=FACE_OUTER_BOUND('',#3139,.T.);
#936=B_SPLINE_SURFACE_WITH_KNOTS('',3,3,((#3140,#3141,#3142,#3143,#3144),(#3145,#3146,#3147,#3148,#3149),(#3150,#3151,#3152,#3153,#3154),(#3155,#3156,#3157,#3158,#3159)),.UNSPECIFIED.,.F.,.F.,.F.,(4,4),(4,1,4),(-0.000357406797030959,1.02),(-0.0252512697179863,0.5111449719582,1.05368080155098),.UNSPECIFIED.);
#937=FACE_OUTER_BOUND('',#3160,.T.);
#938=B_SPLINE_SURFACE_WITH_KNOTS('',3,3,((#3161,#3162,#3163,#3164,#3165),(#3166,#3167,#3168,#3169,#3170),(#3171,#3172,#3173,#3174,#3175),(#3176,#3177,#3178,#3179,#3180)),.UNSPECIFIED.,.F.,.F.,.F.,(4,4),(4,1,4),(-0.00714285714280918,1.0071428571432),(0.1549460262847,0.3250400534029,0.4949464736792),.UNSPECIFIED.);
#939=FACE_OUTER_BOUND('',#3181,.T.);
#940=PLANE('',#3182);
#941=FACE_OUTER_BOUND('',#3183,.T.);
#942=B_SPLINE_SURFACE_WITH_KNOTS('',3,3,((#3184,#3185,#3186,#3187,#3188),(#3189,#3190,#3191,#3192,#3193),(#3194,#3195,#3196,#3197,#3198),(#3199,#3200,#3201,#3202,#3203)),.UNSPECIFIED.,.F.,.F.,.F.,(4,4),(4,1,4),(-0.00714285714321268,1.00714285714338),(0.1549460262847,0.3250400534029,0.4949464736792),.UNSPECIFIED.);
#943=FACE_OUTER_BOUND('',#3204,.T.);
#944=PLANE('',#3205);
#945=FACE_OUTER_BOUND('',#3206,.T.);
#946=PLANE('',#3207);
#947=FACE_OUTER_BOUND('',#3208,.T.);
#948=B_SPLINE_SURFACE_WITH_KNOTS('',3,3,((#3209,#3210,#3211,#3212,#3213),(#3214,#3215,#3216,#3217,#3218),(#3219,#3220,#3221,#3222,#3223),(#3224,#3225,#3226,#3227,#3228)),.UNSPECIFIED.,.F.,.F.,.F.,(4,4),(4,1,4),(-0.00714285714284193,1.00714285714284),(0.4907582389255,0.5416980292096,0.5927557896523),.UNSPECIFIED.);
#949=FACE_OUTER_BOUND('',#3229,.T.);
#950=PLANE('',#3230);
#951=FACE_OUTER_BOUND('',#3231,.T.);
#952=B_SPLINE_SURFACE_WITH_KNOTS('',3,3,((#3232,#3233,#3234,#3235,#3236),(#3237,#3238,#3239,#3240,#3241),(#3242,#3243,#3244,#3245,#3246),(#3247,#3248,#3249,#3250,#3251)),.UNSPECIFIED.,.F.,.F.,.F.,(4,4),(4,1,4),(-0.00714285714284163,1.00714285714284),(0.4907582389255,0.5416980292096,0.5927557896523),.UNSPECIFIED.);
#953=FACE_OUTER_BOUND('',#3252,.T.);
#954=PLANE('',#3253);
#955=FACE_OUTER_BOUND('',#3254,.T.);
#956=CYLINDRICAL_SURFACE('',#3255,0.34);
#957=FACE_OUTER_BOUND('',#3256,.T.);
#958=PLANE('',#3257);
#959=FACE_OUTER_BOUND('',#3258,.T.);
#960=PLANE('',#3259);
#961=FACE_OUTER_BOUND('',#3260,.T.);
#962=PLANE('',#3261);
#963=FACE_OUTER_BOUND('',#3262,.T.);
#964=CYLINDRICAL_SURFACE('',#3263,0.1225);
#965=FACE_OUTER_BOUND('',#3264,.T.);
#966=CYLINDRICAL_SURFACE('',#3265,0.014);
#967=FACE_OUTER_BOUND('',#3266,.T.);
#968=PLANE('',#3267);
#969=FACE_OUTER_BOUND('',#3268,.T.);
#970=B_SPLINE_SURFACE_WITH_KNOTS('',3,3,((#3269,#3270,#3271,#3272,#3273),(#3274,#3275,#3276,#3277,#3278),(#3279,#3280,#3281,#3282,#3283),(#3284,#3285,#3286,#3287,#3288)),.UNSPECIFIED.,.F.,.F.,.F.,(4,4),(4,1,4),(-0.0071428571428294,1.0071428571432),(0.1549460262847,0.3250400534029,0.4949464736792),.UNSPECIFIED.);
#971=FACE_OUTER_BOUND('',#3289,.T.);
#972=PLANE('',#3290);
#973=FACE_OUTER_BOUND('',#3291,.T.);
#974=B_SPLINE_SURFACE_WITH_KNOTS('',3,3,((#3292,#3293,#3294,#3295,#3296),(#3297,#3298,#3299,#3300,#3301),(#3302,#3303,#3304,#3305,#3306),(#3307,#3308,#3309,#3310,#3311)),.UNSPECIFIED.,.F.,.F.,.F.,(4,4),(4,1,4),(-0.00714285714321421,1.00714285714339),(0.1549460262847,0.3250400534029,0.4949464736792),.UNSPECIFIED.);
#975=FACE_OUTER_BOUND('',#3312,.T.);
#976=B_SPLINE_SURFACE_WITH_KNOTS('',3,3,((#3313,#3314,#3315,#3316,#3317),(#3318,#3319,#3320,#3321,#3322),(#3323,#3324,#3325,#3326,#3327),(#3328,#3329,#3330,#3331,#3332)),.UNSPECIFIED.,.F.,.F.,.F.,(4,4),(4,1,4),(-0.02,1.00035740679702),(-0.0252467490486934,0.5111449719582,1.05367628088174),.UNSPECIFIED.);
#977=FACE_OUTER_BOUND('',#3333,.T.);
#978=B_SPLINE_SURFACE_WITH_KNOTS('',3,3,((#3334,#3335,#3336,#3337,#3338),(#3339,#3340,#3341,#3342,#3343),(#3344,#3345,#3346,#3347,#3348),(#3349,#3350,#3351,#3352,#3353)),.UNSPECIFIED.,.F.,.F.,.F.,(4,4),(4,1,4),(-0.00714285714284163,1.00714285714284),(0.4907582389255,0.5416980292096,0.5927557896523),.UNSPECIFIED.);
#979=FACE_OUTER_BOUND('',#3354,.T.);
#980=PLANE('',#3355);
#981=FACE_OUTER_BOUND('',#3356,.T.);
#982=B_SPLINE_SURFACE_WITH_KNOTS('',3,3,((#3357,#3358,#3359,#3360,#3361),(#3362,#3363,#3364,#3365,#3366),(#3367,#3368,#3369,#3370,#3371),(#3372,#3373,#3374,#3375,#3376)),.UNSPECIFIED.,.F.,.F.,.F.,(4,4),(4,1,4),(-0.00714285714284193,1.00714285714284),(0.4907582389255,0.5416980292096,0.5927557896523),.UNSPECIFIED.);
#983=FACE_OUTER_BOUND('',#3377,.T.);
#984=PLANE('',#3378);
#985=FACE_OUTER_BOUND('',#3379,.T.);
#986=PLANE('',#3380);
#987=EDGE_LOOP('',(#3381,#3382,#3383,#3384));
#988=CARTESIAN_POINT('',(-0.682387216488525,-0.178337263008798,-8.1137815754562));
#989=CARTESIAN_POINT('',(-0.69685435545275,-0.208793844162534,-7.6331797076918));
#990=CARTESIAN_POINT('',(-0.711321494416974,-0.239250425316366,-7.15257783992741));
#991=CARTESIAN_POINT('',(-0.7257886333811,-0.2697070064701,-6.671975972164));
#992=CARTESIAN_POINT('',(-0.681850650946271,-0.180689121074141,-8.1137815754562));
#993=CARTESIAN_POINT('',(-0.696512672058481,-0.211150025218959,-7.6331797076918));
#994=CARTESIAN_POINT('',(-0.711174693170689,-0.24161092936368,-7.15257783992741));
#995=CARTESIAN_POINT('',(-0.7258367142828,-0.2720718335085,-6.671975972164));
#996=CARTESIAN_POINT('',(-0.67774659771567,-0.198258362504974,-8.1137815754562));
#997=CARTESIAN_POINT('',(-0.693850009437015,-0.228724550088781,-7.6331797076918));
#998=CARTESIAN_POINT('',(-0.709953421158457,-0.25919073767249,-7.15257783992741));
#999=CARTESIAN_POINT('',(-0.7260568328798,-0.2896569252562,-6.671975972164));
#1000=CARTESIAN_POINT('',(-0.668696661765782,-0.231246922616462,-8.1137815754562));
#1001=CARTESIAN_POINT('',(-0.687318649870854,-0.261369196524775,-7.6331797076918));
#1002=CARTESIAN_POINT('',(-0.705940637975927,-0.291491470433088,-7.15257783992741));
#1003=CARTESIAN_POINT('',(-0.724562626081,-0.3216137443415,-6.671975972164));
#1004=CARTESIAN_POINT('',(-0.64731246528317,-0.292507971135897,-8.1137815754562));
#1005=CARTESIAN_POINT('',(-0.670282601892749,-0.321310681758767,-7.6331797076918));
#1006=CARTESIAN_POINT('',(-0.693252738502423,-0.350113392381732,-7.15257783992741));
#1007=CARTESIAN_POINT('',(-0.716222875112,-0.3789161030046,-6.671975972164));
#1008=CARTESIAN_POINT('',(-0.611785822129627,-0.367948293704568,-8.1137815754562));
#1009=CARTESIAN_POINT('',(-0.639880231149918,-0.394175902329377,-7.6331797076918));
#1010=CARTESIAN_POINT('',(-0.667974640170209,-0.420403510954089,-7.15257783992741));
#1011=CARTESIAN_POINT('',(-0.6960690491905,-0.4466311195789,-6.671975972164));
#1012=CARTESIAN_POINT('',(-0.555612711586052,-0.452920959836878,-8.1137815754562));
#1013=CARTESIAN_POINT('',(-0.589665357602066,-0.475596806970119,-7.6331797076918));
#1014=CARTESIAN_POINT('',(-0.623718003617984,-0.498272654103358,-7.15257783992741));
#1015=CARTESIAN_POINT('',(-0.657770649634,-0.5209485012365,-6.671975972164));
#1016=CARTESIAN_POINT('',(-0.487587492136076,-0.529000072185154,-8.1137815754562));
#1017=CARTESIAN_POINT('',(-0.527124133264419,-0.548377096026836,-7.6331797076918));
#1018=CARTESIAN_POINT('',(-0.56666077439286,-0.567754119868518,-7.15257783992741));
#1019=CARTESIAN_POINT('',(-0.6061974155213,-0.5871311437102,-6.671975972164));
#1020=CARTESIAN_POINT('',(-0.410389500155796,-0.593580261878123,-8.1137815754562));
#1021=CARTESIAN_POINT('',(-0.454230990323497,-0.610245794703946,-7.6331797076918));
#1022=CARTESIAN_POINT('',(-0.498072480491199,-0.626911327529674,-7.15257783992741));
#1023=CARTESIAN_POINT('',(-0.5419139706589,-0.6435768603555,-6.671975972164));
#1024=CARTESIAN_POINT('',(-0.32741574723297,-0.645048687825263,-8.1137815754562));
#1025=CARTESIAN_POINT('',(-0.373416419476882,-0.659406030018242,-7.6331797076918));
#1026=CARTESIAN_POINT('',(-0.419417091720891,-0.673763372211221,-7.15257783992741));
#1027=CARTESIAN_POINT('',(-0.4654177639649,-0.6881207144042,-6.671975972164));
#1028=CARTESIAN_POINT('',(-0.256602732939934,-0.676611304052208,-8.1137815754562));
#1029=CARTESIAN_POINT('',(-0.301756791456188,-0.688727640339372,-7.6331797076918));
#1030=CARTESIAN_POINT('',(-0.346910849972344,-0.700843976626536,-7.15257783992741));
#1031=CARTESIAN_POINT('',(-0.3920649084885,-0.7129603129137,-6.671975972164));
#1032=CARTESIAN_POINT('',(-0.200852818693024,-0.695393417754416,-8.1137815754562));
#1033=CARTESIAN_POINT('',(-0.243276091574348,-0.704793492247676,-7.6331797076918));
#1034=CARTESIAN_POINT('',(-0.285699364455574,-0.714193566740838,-7.15257783992741));
#1035=CARTESIAN_POINT('',(-0.3281226373368,-0.723593641234,-6.671975972164));
#1036=CARTESIAN_POINT('',(-0.171693567917968,-0.703274160046789,-8.1137815754562));
#1037=CARTESIAN_POINT('',(-0.211867166584281,-0.710705389799262,-7.6331797076918));
#1038=CARTESIAN_POINT('',(-0.252040765250689,-0.71813661955183,-7.15257783992741));
#1039=CARTESIAN_POINT('',(-0.292214363917,-0.7255678493043,-6.671975972164));
#1040=CARTESIAN_POINT('',(-0.156462988397025,-0.706860362541109,-8.1137815754562));
#1041=CARTESIAN_POINT('',(-0.195148113135781,-0.713020467348339,-7.6331797076918));
#1042=CARTESIAN_POINT('',(-0.233833237874442,-0.719180572155569,-7.15257783992741));
#1043=CARTESIAN_POINT('',(-0.2725183626132,-0.7253406769627,-6.671975972164));
#1044=CARTESIAN_POINT('',(-0.154624391211936,-0.707285507227153,-8.1137815754562));
#1045=CARTESIAN_POINT('',(-0.193125031504193,-0.713288392675471,-7.6331797076918));
#1046=CARTESIAN_POINT('',(-0.231625671796545,-0.719291278123885,-7.15257783992741));
#1047=CARTESIAN_POINT('',(-0.2701263120888,-0.7252941635723,-6.671975972164));
#1048=EDGE_LOOP('',(#3385,#3386,#3387,#3388,#3389,#3390,#3391));
#1049=CARTESIAN_POINT('',(-0.827861267127369,0.433050592223555,-8.10099751093418));
#1050=CARTESIAN_POINT('',(-0.793549751122131,0.410978592763529,-7.63366563896574));
#1051=CARTESIAN_POINT('',(-0.759238235116927,0.388906593303469,-7.16633376699641));
#1052=CARTESIAN_POINT('',(-0.72492671911166,0.36683459384341,-6.69900189502798));
#1053=CARTESIAN_POINT('',(-0.824345683649371,0.418213057387698,-8.10099751093418));
#1054=CARTESIAN_POINT('',(-0.791206863666147,0.395818164624482,-7.63366563896574));
#1055=CARTESIAN_POINT('',(-0.758068043682837,0.373423271861356,-7.16633376699641));
#1056=CARTESIAN_POINT('',(-0.72492922369952,0.351028379098233,-6.69900189502798));
#1057=CARTESIAN_POINT('',(-0.805897496208859,0.34035232685326,-8.10099751093418));
#1058=CARTESIAN_POINT('',(-0.778912453019427,0.316299556123948,-7.63366563896574));
#1059=CARTESIAN_POINT('',(-0.751927409829993,0.292246785394726,-7.16633376699641));
#1060=CARTESIAN_POINT('',(-0.724942366640468,0.268194014665506,-6.69900189502798));
#1061=CARTESIAN_POINT('',(-0.772398184464571,0.198967386164955,-8.10099751093418));
#1062=CARTESIAN_POINT('',(-0.756587533766879,0.172285130400513,-7.63366563896574));
#1063=CARTESIAN_POINT('',(-0.740776883069185,0.14560287463607,-7.16633376699641));
#1064=CARTESIAN_POINT('',(-0.7249662323714,0.118920618871627,-6.69900189502798));
#1065=CARTESIAN_POINT('',(-0.73463785896878,0.0395966432705623,-8.10099751093418));
#1066=CARTESIAN_POINT('',(-0.731422950563542,0.0109128878282519,-7.63366563896574));
#1067=CARTESIAN_POINT('',(-0.728208042158302,-0.0177708676140584,-7.16633376699641));
#1068=CARTESIAN_POINT('',(-0.724993133752971,-0.0464546230563596,-6.69900189502798));
#1069=CARTESIAN_POINT('',(-0.704175947193803,-0.0889721613231717,-8.10099751093418));
#1070=CARTESIAN_POINT('',(-0.711122243317744,-0.11849634908333,-7.63366563896574));
#1071=CARTESIAN_POINT('',(-0.718068539441776,-0.148020536843442,-7.16633376699641));
#1072=CARTESIAN_POINT('',(-0.725014835565717,-0.177544724603553,-6.69900189502798));
#1073=CARTESIAN_POINT('',(-0.688757969062216,-0.154046546506518,-8.10099751093418));
#1074=CARTESIAN_POINT('',(-0.70084725261187,-0.183701392912182,-7.63366563896574));
#1075=CARTESIAN_POINT('',(-0.712936536161612,-0.213356239317934,-7.16633376699641));
#1076=CARTESIAN_POINT('',(-0.725025819711266,-0.243011085723687,-6.69900189502798));
#1077=CARTESIAN_POINT('',(-0.680961860990776,-0.186951662383369,-8.10099751093418));
#1078=CARTESIAN_POINT('',(-0.695651698610495,-0.216568732433317,-7.63366563896574));
#1079=CARTESIAN_POINT('',(-0.710341536230141,-0.246185802483356,-7.16633376699641));
#1080=CARTESIAN_POINT('',(-0.725031373849777,-0.275802872533396,-6.69900189502798));
#1081=CARTESIAN_POINT('',(-0.680873937080101,-0.187322763792153,-8.10099751093418));
#1082=CARTESIAN_POINT('',(-0.695593103549762,-0.216939394628084,-7.63366563896574));
#1083=CARTESIAN_POINT('',(-0.710312270019349,-0.246556025464106,-7.16633376699641));
#1084=CARTESIAN_POINT('',(-0.725031436488927,-0.27617265630013,-6.69900189502798));
#1085=EDGE_LOOP('',(#3392,#3393,#3394,#3395));
#1086=AXIS2_PLACEMENT_3D('',#3396,#3397,#3398);
#1087=EDGE_LOOP('',(#3399,#3400,#3401,#3402));
#1088=AXIS2_PLACEMENT_3D('',#3403,#3404,#3405);
#1089=EDGE_LOOP('',(#3406,#3407,#3408,#3409));
#1090=AXIS2_PLACEMENT_3D('',#3410,#3411,#3412);
#1091=EDGE_LOOP('',(#3413,#3414,#3415,#3416));
#1092=AXIS2_PLACEMENT_3D('',#3417,#3418,#3419);
#1093=EDGE_LOOP('',(#3420,#3421,#3422,#3423));
#1094=AXIS2_PLACEMENT_3D('',#3424,#3425,#3426);
#1095=EDGE_LOOP('',(#3427,#3428,#3429,#3430));
#1096=AXIS2_PLACEMENT_3D('',#3431,#3432,#3433);
#1097=EDGE_LOOP('',(#3434,#3435,#3436,#3437));
#1098=AXIS2_PLACEMENT_3D('',#3438,#3439,#3440);
#1099=EDGE_LOOP('',(#3441,#3442,#3443,#3444));
#1100=AXIS2_PLACEMENT_3D('',#3445,#3446,#3447);
#1101=EDGE_LOOP('',(#3448,#3449,#3450,#3451));
#1102=AXIS2_PLACEMENT_3D('',#3452,#3453,#3454);
#1103=EDGE_LOOP('',(#3455,#3456,#3457,#3458));
#1104=AXIS2_PLACEMENT_3D('',#3459,#3460,#3461);
#1105=EDGE_LOOP('',(#3462,#3463,#3464,#3465,#3466,#3467));
#1106=AXIS2_PLACEMENT_3D('',#3468,#3469,#3470);
#1107=EDGE_LOOP('',(#3471,#3472,#3473,#3474));
#1108=AXIS2_PLACEMENT_3D('',#3475,#3476,#3477);
#1109=EDGE_LOOP('',(#3478,#3479,#3480,#3481,#3482,#3483));
#1110=AXIS2_PLACEMENT_3D('',#3484,#3485,#3486);
#1111=EDGE_LOOP('',(#3487,#3488,#3489));
#1112=CARTESIAN_POINT('',(-0.6802752538553,-0.1879605058663,-10.89825979239));
#1113=CARTESIAN_POINT('',(-0.6881222261553,-0.1861678840157,-10.92440305698));
#1114=CARTESIAN_POINT('',(-0.6959691984554,-0.1843752621651,-10.95054632157));
#1115=CARTESIAN_POINT('',(-0.7038161707554,-0.1825826403145,-10.97668958616));
#1116=CARTESIAN_POINT('',(-0.6803989909061,-0.1874381005323,-10.89825979239));
#1117=CARTESIAN_POINT('',(-0.6882465200691,-0.1856397648082,-10.92440305698));
#1118=CARTESIAN_POINT('',(-0.6960940492322,-0.1838414290841,-10.95054632157));
#1119=CARTESIAN_POINT('',(-0.7039415783952,-0.18204309336,-10.97668958616));
#1120=CARTESIAN_POINT('',(-0.6878276188886,-0.1560751817084,-10.89825979239));
#1121=CARTESIAN_POINT('',(-0.6957085524927,-0.1539339490031,-10.92440305698));
#1122=CARTESIAN_POINT('',(-0.7035894860967,-0.1517927162979,-10.95054632157));
#1123=CARTESIAN_POINT('',(-0.7114704197008,-0.1496514835927,-10.97668958616));
#1124=CARTESIAN_POINT('',(-0.7007796208088,-0.1013929679352,-10.89825979239));
#1125=CARTESIAN_POINT('',(-0.7087159750469,-0.09866830484529,-10.92440305698));
#1126=CARTESIAN_POINT('',(-0.716652329285,-0.0959436417554,-10.95054632157));
#1127=CARTESIAN_POINT('',(-0.7245886835231,-0.0932189786655,-10.97668958616));
#1128=CARTESIAN_POINT('',(-0.7136654675095,-0.04698985374419,-10.89825979239));
#1129=CARTESIAN_POINT('',(-0.7216535426644,-0.04370220493858,-10.92440305698));
#1130=CARTESIAN_POINT('',(-0.7296416178193,-0.04041455613297,-10.95054632157));
#1131=CARTESIAN_POINT('',(-0.7376296929741,-0.03712690732736,-10.97668958616));
#1132=CARTESIAN_POINT('',(-0.71920193395,-0.0236152587974,-10.89825979239));
#1133=CARTESIAN_POINT('',(-0.7272116650827,-0.02008861448411,-10.92440305698));
#1134=CARTESIAN_POINT('',(-0.7352213962154,-0.01656197017082,-10.95054632157));
#1135=CARTESIAN_POINT('',(-0.7432311273482,-0.01303532585753,-10.97668958616));
#1136=EDGE_LOOP('',(#3490,#3491,#3492,#3493,#3494,#3495,#3496,#3497,#3498,#3499));
#1137=CARTESIAN_POINT('',(0.682674208361992,-0.168639707346718,-10.8914673179685));
#1138=CARTESIAN_POINT('',(0.785419513692849,-0.142410480781764,-11.232981096812));
#1139=CARTESIAN_POINT('',(0.888164819023707,-0.116181254216906,-11.5744948756459));
#1140=CARTESIAN_POINT('',(0.990910124354564,-0.0899520276519902,-11.9160086544895));
#1141=CARTESIAN_POINT('',(0.681398436008382,-0.174739138271477,-10.8914673179685));
#1142=CARTESIAN_POINT('',(0.784083226056317,-0.149369021211663,-11.232981096812));
#1143=CARTESIAN_POINT('',(0.886768016104252,-0.123998904151753,-11.5744948756459));
#1144=CARTESIAN_POINT('',(0.989452806152187,-0.0986287870919209,-11.9160086544895));
#1145=CARTESIAN_POINT('',(0.671365617315984,-0.219689360420075,-10.8914673179685));
#1146=CARTESIAN_POINT('',(0.773515061246063,-0.200703842118352,-11.232981096812));
#1147=CARTESIAN_POINT('',(0.875664505176142,-0.18171832381663,-11.5744948756459));
#1148=CARTESIAN_POINT('',(0.977813949106222,-0.162732805515004,-11.9160086544895));
#1149=CARTESIAN_POINT('',(0.644561852231265,-0.300877065486248,-10.8914673179685));
#1150=CARTESIAN_POINT('',(0.74448936943274,-0.29412360164675,-11.232981096812));
#1151=CARTESIAN_POINT('',(0.844416886634216,-0.287370137807253,-11.5744948756459));
#1152=CARTESIAN_POINT('',(0.944344403835691,-0.280616673967755,-11.9160086544895));
#1153=CARTESIAN_POINT('',(0.589193528324325,-0.405184660758514,-10.8914673179685));
#1154=CARTESIAN_POINT('',(0.682853125307604,-0.41531587738394,-11.232981096812));
#1155=CARTESIAN_POINT('',(0.776512722290977,-0.425447094009271,-11.5744948756459));
#1156=CARTESIAN_POINT('',(0.870172319274254,-0.435578310634699,-11.9160086544895));
#1157=CARTESIAN_POINT('',(0.51756566507289,-0.498206737309335,-10.8914673179685));
#1158=CARTESIAN_POINT('',(0.601733704707828,-0.524328322488333,-11.232981096812));
#1159=CARTESIAN_POINT('',(0.685901744342861,-0.550449907667236,-11.5744948756459));
#1160=CARTESIAN_POINT('',(0.770069783977798,-0.576571492846236,-11.9160086544895));
#1161=CARTESIAN_POINT('',(0.43182317738193,-0.577654479410855,-10.8914673179685));
#1162=CARTESIAN_POINT('',(0.503433948047254,-0.618106019525173,-11.232981096812));
#1163=CARTESIAN_POINT('',(0.575044718712673,-0.65855755963949,-11.5744948756459));
#1164=CARTESIAN_POINT('',(0.646655489377996,-0.699009099753807,-11.9160086544895));
#1165=CARTESIAN_POINT('',(0.334412824736825,-0.641560869419437,-10.8914673179685));
#1166=CARTESIAN_POINT('',(0.390747603159045,-0.693983417931145,-11.232981096812));
#1167=CARTESIAN_POINT('',(0.44708238158136,-0.746405966442853,-11.5744948756459));
#1168=CARTESIAN_POINT('',(0.503417160003579,-0.798828514954561,-11.9160086544895));
#1169=CARTESIAN_POINT('',(0.2280280957467,-0.688357226612295,-10.8914673179685));
#1170=CARTESIAN_POINT('',(0.26688423406318,-0.749793773012673,-11.232981096812));
#1171=CARTESIAN_POINT('',(0.305740372379659,-0.811230319413145,-11.5744948756459));
#1172=CARTESIAN_POINT('',(0.344596510696041,-0.872666865813522,-11.9160086544895));
#1173=CARTESIAN_POINT('',(0.11555291726876,-0.716898988646199,-10.8914673179685));
#1174=CARTESIAN_POINT('',(0.135380865542287,-0.783935573933942,-11.232981096812));
#1175=CARTESIAN_POINT('',(0.155208813815813,-0.850972159221592,-11.5744948756459));
#1176=CARTESIAN_POINT('',(0.175036762089243,-0.918008744509337,-11.9160086544895));
#1177=CARTESIAN_POINT('',(0.0,-0.726490701068851,-10.8914673179685));
#1178=CARTESIAN_POINT('',(0.0,-0.795426542076147,-11.232981096812));
#1179=CARTESIAN_POINT('',(0.0,-0.864362383083444,-11.5744948756459));
#1180=CARTESIAN_POINT('',(0.0,-0.93329822409074,-11.9160086544895));
#1181=CARTESIAN_POINT('',(-0.11555291726876,-0.716898988646199,-10.8914673179685));
#1182=CARTESIAN_POINT('',(-0.135380865542287,-0.783935573933942,-11.232981096812));
#1183=CARTESIAN_POINT('',(-0.155208813815813,-0.850972159221592,-11.5744948756459));
#1184=CARTESIAN_POINT('',(-0.175036762089243,-0.918008744509337,-11.9160086544895));
#1185=CARTESIAN_POINT('',(-0.2280280957467,-0.688357226612295,-10.8914673179685));
#1186=CARTESIAN_POINT('',(-0.26688423406318,-0.749793773012673,-11.232981096812));
#1187=CARTESIAN_POINT('',(-0.305740372379659,-0.811230319413145,-11.5744948756459));
#1188=CARTESIAN_POINT('',(-0.344596510696041,-0.872666865813522,-11.9160086544895));
#1189=CARTESIAN_POINT('',(-0.334412824736825,-0.641560869419437,-10.8914673179685));
#1190=CARTESIAN_POINT('',(-0.390747603159045,-0.693983417931145,-11.232981096812));
#1191=CARTESIAN_POINT('',(-0.44708238158136,-0.746405966442853,-11.5744948756459));
#1192=CARTESIAN_POINT('',(-0.503417160003579,-0.798828514954561,-11.9160086544895));
#1193=CARTESIAN_POINT('',(-0.43182317738193,-0.577654479410855,-10.8914673179685));
#1194=CARTESIAN_POINT('',(-0.503433948047254,-0.618106019525173,-11.232981096812));
#1195=CARTESIAN_POINT('',(-0.575044718712673,-0.65855755963949,-11.5744948756459));
#1196=CARTESIAN_POINT('',(-0.646655489377996,-0.699009099753807,-11.9160086544895));
#1197=CARTESIAN_POINT('',(-0.51756566507289,-0.498206737309335,-10.8914673179685));
#1198=CARTESIAN_POINT('',(-0.601733704707828,-0.524328322488333,-11.232981096812));
#1199=CARTESIAN_POINT('',(-0.685901744342861,-0.550449907667236,-11.5744948756459));
#1200=CARTESIAN_POINT('',(-0.770069783977798,-0.576571492846236,-11.9160086544895));
#1201=CARTESIAN_POINT('',(-0.589193528324325,-0.405184660758514,-10.8914673179685));
#1202=CARTESIAN_POINT('',(-0.682853125307604,-0.41531587738394,-11.232981096812));
#1203=CARTESIAN_POINT('',(-0.776512722290977,-0.425447094009271,-11.5744948756459));
#1204=CARTESIAN_POINT('',(-0.870172319274254,-0.435578310634699,-11.9160086544895));
#1205=CARTESIAN_POINT('',(-0.644561852231265,-0.300877065486248,-10.8914673179685));
#1206=CARTESIAN_POINT('',(-0.74448936943274,-0.29412360164675,-11.232981096812));
#1207=CARTESIAN_POINT('',(-0.844416886634216,-0.287370137807253,-11.5744948756459));
#1208=CARTESIAN_POINT('',(-0.944344403835691,-0.280616673967755,-11.9160086544895));
#1209=CARTESIAN_POINT('',(-0.671120508938426,-0.220431785471336,-10.8914673179685));
#1210=CARTESIAN_POINT('',(-0.773249634347765,-0.201558123806761,-11.232981096812));
#1211=CARTESIAN_POINT('',(-0.875378759757196,-0.182684462142185,-11.5744948756459));
#1212=CARTESIAN_POINT('',(-0.977507885166533,-0.163810800477513,-11.9160086544895));
#1213=CARTESIAN_POINT('',(-0.681054990314629,-0.17627181784841,-10.8914673179685));
#1214=CARTESIAN_POINT('',(-0.783721330815056,-0.151119507357236,-11.232981096812));
#1215=CARTESIAN_POINT('',(-0.886387671315485,-0.125967196866155,-11.5744948756459));
#1216=CARTESIAN_POINT('',(-0.989054011815912,-0.100814886375034,-11.9160086544895));
#1217=CARTESIAN_POINT('',(-0.68218745346675,-0.170947402462007,-10.8914673179685));
#1218=CARTESIAN_POINT('',(-0.784909285824071,-0.145043559990134,-11.232981096812));
#1219=CARTESIAN_POINT('',(-0.887631118181328,-0.119139717518293,-11.5744948756459));
#1220=CARTESIAN_POINT('',(-0.990352950538584,-0.0932358750464707,-11.9160086544895));
#1221=EDGE_LOOP('',(#3500,#3501,#3502,#3503,#3504,#3505));
#1222=AXIS2_PLACEMENT_3D('',#3506,#3507,#3508);
#1223=EDGE_LOOP('',(#3509,#3510,#3511,#3512));
#1224=AXIS2_PLACEMENT_3D('',#3513,#3514,#3515);
#1225=EDGE_LOOP('',(#3516,#3517,#3518,#3519,#3520,#3521));
#1226=AXIS2_PLACEMENT_3D('',#3522,#3523,#3524);
#1227=EDGE_LOOP('',(#3525,#3526,#3527));
#1228=CARTESIAN_POINT('',(0.719396711886015,-0.0237047526821112,-10.8990467650436));
#1229=CARTESIAN_POINT('',(0.727245773266546,-0.020250732118109,-10.9246661932072));
#1230=CARTESIAN_POINT('',(0.735094834647077,-0.0167967115541069,-10.9502856213707));
#1231=CARTESIAN_POINT('',(0.742943896027608,-0.0133426909901049,-10.9759050495341));
#1232=CARTESIAN_POINT('',(0.713875092723189,-0.047021092929188,-10.8990467650436));
#1233=CARTESIAN_POINT('',(0.721702988372308,-0.0438006392544876,-10.9246661932072));
#1234=CARTESIAN_POINT('',(0.729530884021427,-0.0405801855797872,-10.9502856213707));
#1235=CARTESIAN_POINT('',(0.737358779670545,-0.0373597319050867,-10.9759050495341));
#1236=CARTESIAN_POINT('',(0.701003175420445,-0.101375759581178,-10.8990467650436));
#1237=CARTESIAN_POINT('',(0.708780443415998,-0.0987063683838485,-10.9246661932072));
#1238=CARTESIAN_POINT('',(0.716557711411551,-0.0960369771865194,-10.9502856213707));
#1239=CARTESIAN_POINT('',(0.724334979407105,-0.0933675859891903,-10.9759050495341));
#1240=CARTESIAN_POINT('',(0.688076935748071,-0.155959704365032,-10.8990467650436));
#1241=CARTESIAN_POINT('',(0.695800008587525,-0.153860842562178,-10.9246661932072));
#1242=CARTESIAN_POINT('',(0.703523081426979,-0.151761980759325,-10.9502856213707));
#1243=CARTESIAN_POINT('',(0.711246154266434,-0.149663118956472,-10.9759050495341));
#1244=CARTESIAN_POINT('',(0.680659314951232,-0.187282218876794,-10.8990467650436));
#1245=CARTESIAN_POINT('',(0.688349708181592,-0.185518826912657,-10.9246661932072));
#1246=CARTESIAN_POINT('',(0.696040101411953,-0.183755434948521,-10.9502856213707));
#1247=CARTESIAN_POINT('',(0.703730494642314,-0.181992042984385,-10.9759050495341));
#1248=CARTESIAN_POINT('',(0.6805476071194,-0.187753929441641,-10.8990467650436));
#1249=CARTESIAN_POINT('',(0.6882375078406,-0.185995591428908,-10.9246661932072));
#1250=CARTESIAN_POINT('',(0.695927408561799,-0.184237253416174,-10.9502856213707));
#1251=CARTESIAN_POINT('',(0.703617309282998,-0.182478915403441,-10.9759050495341));
#1252=EDGE_LOOP('',(#3528,#3529,#3530));
#1253=CARTESIAN_POINT('',(0.992447380952658,-0.0253477315971025,-11.8757581759466));
#1254=CARTESIAN_POINT('',(0.994991570041312,-0.0245360006788376,-11.8841592455816));
#1255=CARTESIAN_POINT('',(0.997535759129967,-0.0237242697605727,-11.8925603152166));
#1256=CARTESIAN_POINT('',(1.00007994821862,-0.0229125388423079,-11.9009613848516));
#1257=CARTESIAN_POINT('',(0.986348252364053,-0.0564016617950342,-11.8757581759466));
#1258=CARTESIAN_POINT('',(0.988885301429765,-0.0556656598015722,-11.8841592455816));
#1259=CARTESIAN_POINT('',(0.991422350495477,-0.0549296578081102,-11.8925603152166));
#1260=CARTESIAN_POINT('',(0.993959399561188,-0.0541936558146482,-11.9009613848516));
#1261=CARTESIAN_POINT('',(0.980106732632692,-0.0881810342326463,-11.8757581759466));
#1262=CARTESIAN_POINT('',(0.982636293606428,-0.0875232991233559,-11.8841592455816));
#1263=CARTESIAN_POINT('',(0.985165854580163,-0.0868655640140656,-11.8925603152166));
#1264=CARTESIAN_POINT('',(0.987695415553899,-0.0862078289047753,-11.9009613848516));
#1265=CARTESIAN_POINT('',(0.973846765293122,-0.120054916133223,-11.8757581759466));
#1266=CARTESIAN_POINT('',(0.97636858305722,-0.119476668305446,-11.8841592455816));
#1267=CARTESIAN_POINT('',(0.978890400821319,-0.11889842047767,-11.8925603152166));
#1268=CARTESIAN_POINT('',(0.981412218585417,-0.118320172649893,-11.9009613848516));
#1269=CARTESIAN_POINT('',(0.973716281112508,-0.120719302817644,-11.8757581759466));
#1270=CARTESIAN_POINT('',(0.976237937374025,-0.120142712271105,-11.8841592455816));
#1271=CARTESIAN_POINT('',(0.978759593635543,-0.119566121724565,-11.8925603152166));
#1272=CARTESIAN_POINT('',(0.98128124989706,-0.118989531178026,-11.9009613848516));
#1273=EDGE_LOOP('',(#3531,#3532,#3533,#3534,#3535,#3536));
#1274=AXIS2_PLACEMENT_3D('',#3537,#3538,#3539);
#1275=EDGE_LOOP('',(#3540,#3541,#3542,#3543));
#1276=AXIS2_PLACEMENT_3D('',#3544,#3545,#3546);
#1277=EDGE_LOOP('',(#3547,#3548,#3549,#3550,#3551,#3552,#3553,#3554,#3555,#3556));
#1278=CARTESIAN_POINT('',(-0.486572515831044,-0.138942881981763,-10.8990445277186));
#1279=CARTESIAN_POINT('',(-0.587699679583163,-0.117875924576304,-11.2376782787966));
#1280=CARTESIAN_POINT('',(-0.688826843335374,-0.0968089671708743,-11.5763120298652));
#1281=CARTESIAN_POINT('',(-0.789954007087509,-0.0757420097654449,-11.9149457809338));
#1282=CARTESIAN_POINT('',(-0.486470229682499,-0.139380035581066,-10.8990445277186));
#1283=CARTESIAN_POINT('',(-0.587589171008635,-0.118386989684259,-11.2376782787966));
#1284=CARTESIAN_POINT('',(-0.688708112334863,-0.0973939437874818,-11.5763120298652));
#1285=CARTESIAN_POINT('',(-0.789827053661016,-0.0764008978907046,-11.9149457809338));
#1286=CARTESIAN_POINT('',(-0.479647181803028,-0.168364950653642,-10.8990445277186));
#1287=CARTESIAN_POINT('',(-0.580214401930391,-0.152279105080854,-11.2376782787966));
#1288=CARTESIAN_POINT('',(-0.680781622057843,-0.136193259508066,-11.5763120298652));
#1289=CARTESIAN_POINT('',(-0.781348842185288,-0.120107413935278,-11.9149457809338));
#1290=CARTESIAN_POINT('',(-0.46118120034785,-0.223835401534474,-10.8990445277186));
#1291=CARTESIAN_POINT('',(-0.559827706045882,-0.218004904250374,-11.2376782787966));
#1292=CARTESIAN_POINT('',(-0.658474211743912,-0.212174406966274,-11.5763120298652));
#1293=CARTESIAN_POINT('',(-0.757120717441847,-0.206343909682174,-11.9149457809338));
#1294=CARTESIAN_POINT('',(-0.420658436703698,-0.29925788452481,-10.8990445277186));
#1295=CARTESIAN_POINT('',(-0.513524826644166,-0.309187527938884,-11.2376782787966));
#1296=CARTESIAN_POINT('',(-0.606391216584541,-0.319117171352959,-11.5763120298652));
#1297=CARTESIAN_POINT('',(-0.699257606524915,-0.329046814767033,-11.9149457809338));
#1298=CARTESIAN_POINT('',(-0.368684937221175,-0.365879806890774,-10.8990445277186));
#1299=CARTESIAN_POINT('',(-0.452589060974234,-0.391208371376984,-11.2376782787966));
#1300=CARTESIAN_POINT('',(-0.536493184727383,-0.416536935863192,-11.5763120298652));
#1301=CARTESIAN_POINT('',(-0.620397308480439,-0.441865500349305,-11.9149457809338));
#1302=CARTESIAN_POINT('',(-0.306957205480064,-0.422334822301309,-10.8990445277186));
#1303=CARTESIAN_POINT('',(-0.378725167886904,-0.461800283784656,-11.2376782787966));
#1304=CARTESIAN_POINT('',(-0.450493130293741,-0.501265745268002,-11.5763120298652));
#1305=CARTESIAN_POINT('',(-0.522261092700484,-0.540731206751349,-11.9149457809338));
#1306=CARTESIAN_POINT('',(-0.237288178132349,-0.467458791552782,-10.8990445277186));
#1307=CARTESIAN_POINT('',(-0.294009989987947,-0.518952246466916,-11.2376782787966));
#1308=CARTESIAN_POINT('',(-0.350731801843636,-0.570445701381048,-11.5763120298652));
#1309=CARTESIAN_POINT('',(-0.407453613699231,-0.621939156295085,-11.9149457809338));
#1310=CARTESIAN_POINT('',(-0.161582011374059,-0.500343933958252,-10.8990445277186));
#1311=CARTESIAN_POINT('',(-0.200844816932772,-0.561014579077794,-11.2376782787966));
#1312=CARTESIAN_POINT('',(-0.240107622491488,-0.621685224197428,-11.5763120298652));
#1313=CARTESIAN_POINT('',(-0.279370428050298,-0.682355869316967,-11.9149457809338));
#1314=CARTESIAN_POINT('',(-0.0818125929447145,-0.520336884162254,-10.8990445277186));
#1315=CARTESIAN_POINT('',(-0.101892727681336,-0.586757970547538,-11.2376782787966));
#1316=CARTESIAN_POINT('',(-0.121972862417995,-0.653179056932916,-11.5763120298652));
#1317=CARTESIAN_POINT('',(-0.142052997154654,-0.719600143318293,-11.9149457809338));
#1318=CARTESIAN_POINT('',(0.0,-0.527044916234765,-10.8990445277186));
#1319=CARTESIAN_POINT('',(0.0,-0.595424498363919,-11.2376782787966));
#1320=CARTESIAN_POINT('',(0.0,-0.663804080493072,-11.5763120298652));
#1321=CARTESIAN_POINT('',(0.0,-0.732183662622129,-11.9149457809338));
#1322=CARTESIAN_POINT('',(0.0818125929447145,-0.520336884162254,-10.8990445277186));
#1323=CARTESIAN_POINT('',(0.101892727681336,-0.586757970547538,-11.2376782787966));
#1324=CARTESIAN_POINT('',(0.121972862417995,-0.653179056932916,-11.5763120298652));
#1325=CARTESIAN_POINT('',(0.142052997154654,-0.719600143318293,-11.9149457809338));
#1326=CARTESIAN_POINT('',(0.161582011374059,-0.500343933958252,-10.8990445277186));
#1327=CARTESIAN_POINT('',(0.200844816932772,-0.561014579077794,-11.2376782787966));
#1328=CARTESIAN_POINT('',(0.240107622491488,-0.621685224197428,-11.5763120298652));
#1329=CARTESIAN_POINT('',(0.279370428050298,-0.682355869316967,-11.9149457809338));
#1330=CARTESIAN_POINT('',(0.237288178132349,-0.467458791552782,-10.8990445277186));
#1331=CARTESIAN_POINT('',(0.294009989987947,-0.518952246466916,-11.2376782787966));
#1332=CARTESIAN_POINT('',(0.350731801843636,-0.570445701381048,-11.5763120298652));
#1333=CARTESIAN_POINT('',(0.407453613699231,-0.621939156295085,-11.9149457809338));
#1334=CARTESIAN_POINT('',(0.306957205480064,-0.422334822301309,-10.8990445277186));
#1335=CARTESIAN_POINT('',(0.378725167886904,-0.461800283784656,-11.2376782787966));
#1336=CARTESIAN_POINT('',(0.450493130293741,-0.501265745268002,-11.5763120298652));
#1337=CARTESIAN_POINT('',(0.522261092700484,-0.540731206751349,-11.9149457809338));
#1338=CARTESIAN_POINT('',(0.368684937221175,-0.365879806890774,-10.8990445277186));
#1339=CARTESIAN_POINT('',(0.452589060974234,-0.391208371376984,-11.2376782787966));
#1340=CARTESIAN_POINT('',(0.536493184727383,-0.416536935863192,-11.5763120298652));
#1341=CARTESIAN_POINT('',(0.620397308480439,-0.441865500349305,-11.9149457809338));
#1342=CARTESIAN_POINT('',(0.420658436703698,-0.29925788452481,-10.8990445277186));
#1343=CARTESIAN_POINT('',(0.513524826644166,-0.309187527938884,-11.2376782787966));
#1344=CARTESIAN_POINT('',(0.606391216584541,-0.319117171352959,-11.5763120298652));
#1345=CARTESIAN_POINT('',(0.699257606524915,-0.329046814767033,-11.9149457809338));
#1346=CARTESIAN_POINT('',(0.46118120034785,-0.223835401534474,-10.8990445277186));
#1347=CARTESIAN_POINT('',(0.559827706045882,-0.218004904250374,-11.2376782787966));
#1348=CARTESIAN_POINT('',(0.658474211743912,-0.212174406966274,-11.5763120298652));
#1349=CARTESIAN_POINT('',(0.757120717441847,-0.206343909682174,-11.9149457809338));
#1350=CARTESIAN_POINT('',(0.480903442368845,-0.164591236259879,-10.8990445277186));
#1351=CARTESIAN_POINT('',(0.58160133076331,-0.147807708320428,-11.2376782787966));
#1352=CARTESIAN_POINT('',(0.682299219157775,-0.131024180380886,-11.5763120298652));
#1353=CARTESIAN_POINT('',(0.78299710755224,-0.114240652441438,-11.9149457809338));
#1354=CARTESIAN_POINT('',(0.488267729099057,-0.131533036714138,-10.8990445277186));
#1355=CARTESIAN_POINT('',(0.589528091164479,-0.109219417427164,-11.2376782787966));
#1356=CARTESIAN_POINT('',(0.690788453229808,-0.0869057981402099,-11.5763120298652));
#1357=CARTESIAN_POINT('',(0.792048815295232,-0.064592178853265,-11.9149457809338));
#1358=CARTESIAN_POINT('',(0.489184958917825,-0.127138268163998,-10.8990445277186));
#1359=CARTESIAN_POINT('',(0.59051063194363,-0.10409972926279,-11.2376782787966));
#1360=CARTESIAN_POINT('',(0.691836304969528,-0.0810611903616762,-11.5763120298652));
#1361=CARTESIAN_POINT('',(0.793161977995331,-0.0580226514605245,-11.9149457809338));
#1362=EDGE_LOOP('',(#3557,#3558,#3559));
#1363=CARTESIAN_POINT('',(0.486007222922525,-0.141337769961814,-10.8990445277187));
#1364=CARTESIAN_POINT('',(0.489680839923565,-0.140586877916057,-10.911351557462));
#1365=CARTESIAN_POINT('',(0.493354456924605,-0.1398359858703,-10.9236585872054));
#1366=CARTESIAN_POINT('',(0.497028073925644,-0.139085093824543,-10.9359656169487));
#1367=CARTESIAN_POINT('',(0.486092796906845,-0.140976420412523,-10.8990445277187));
#1368=CARTESIAN_POINT('',(0.489766667350206,-0.140223299519787,-10.911351557462));
#1369=CARTESIAN_POINT('',(0.493440537793567,-0.139470178627051,-10.9236585872054));
#1370=CARTESIAN_POINT('',(0.497114408236928,-0.138717057734315,-10.9359656169487));
#1371=CARTESIAN_POINT('',(0.493279482129832,-0.110629515243046,-10.8990445277187));
#1372=CARTESIAN_POINT('',(0.496974616630293,-0.109689316162376,-10.911351557462));
#1373=CARTESIAN_POINT('',(0.500669751130755,-0.108749117081705,-10.9236585872054));
#1374=CARTESIAN_POINT('',(0.504364885631216,-0.107808918001035,-10.9359656169487));
#1375=CARTESIAN_POINT('',(0.50253266228926,-0.0715563595203938,-10.8990445277187));
#1376=CARTESIAN_POINT('',(0.506252973293375,-0.0703865427938551,-10.911351557462));
#1377=CARTESIAN_POINT('',(0.509973284297491,-0.0692167260673164,-10.9236585872054));
#1378=CARTESIAN_POINT('',(0.513693595301606,-0.0680469093407778,-10.9359656169487));
#1379=CARTESIAN_POINT('',(0.511768839771528,-0.0325548625686531,-10.8990445277187));
#1380=CARTESIAN_POINT('',(0.515512277908953,-0.0311660879029545,-10.911351557462));
#1381=CARTESIAN_POINT('',(0.519255716046378,-0.029777313237256,-10.9236585872054));
#1382=CARTESIAN_POINT('',(0.522999154183803,-0.0283885385715574,-10.9359656169487));
#1383=CARTESIAN_POINT('',(0.513806277647523,-0.0239513914442152,-10.8990445277187));
#1384=CARTESIAN_POINT('',(0.517554724486021,-0.022514791399974,-10.911351557462));
#1385=CARTESIAN_POINT('',(0.52130317132452,-0.0210781913557328,-10.9236585872054));
#1386=CARTESIAN_POINT('',(0.525051618163019,-0.0196415913114916,-10.9359656169487));
#1387=EDGE_LOOP('',(#3560,#3561,#3562));
#1388=CARTESIAN_POINT('',(0.782278970995484,-0.0807794431283288,-11.8915881746412));
#1389=CARTESIAN_POINT('',(0.783211662552604,-0.080588799772969,-11.8947127961605));
#1390=CARTESIAN_POINT('',(0.784144354109724,-0.0803981564176091,-11.8978374176797));
#1391=CARTESIAN_POINT('',(0.785077045666845,-0.0802075130622493,-11.9009620391989));
#1392=CARTESIAN_POINT('',(0.78238498472612,-0.0802383403846606,-11.8915881746412));
#1393=CARTESIAN_POINT('',(0.783317740629499,-0.0800471311491998,-11.8947127961605));
#1394=CARTESIAN_POINT('',(0.784250496532879,-0.079855921913739,-11.8978374176797));
#1395=CARTESIAN_POINT('',(0.785183252436259,-0.0796647126782782,-11.9009620391989));
#1396=CARTESIAN_POINT('',(0.786130904764538,-0.0611188626121749,-11.8915881746412));
#1397=CARTESIAN_POINT('',(0.787065932523582,-0.0609076659096639,-11.8947127961605));
#1398=CARTESIAN_POINT('',(0.788000960282625,-0.0606964692071528,-11.8978374176797));
#1399=CARTESIAN_POINT('',(0.788935988041668,-0.0604852725046418,-11.9009620391989));
#1400=CARTESIAN_POINT('',(0.789862666961512,-0.0420717954598795,-11.8915881746412));
#1401=CARTESIAN_POINT('',(0.790799895502714,-0.0418409512261667,-11.8947127961605));
#1402=CARTESIAN_POINT('',(0.791737124043915,-0.0416101069924539,-11.8978374176797));
#1403=CARTESIAN_POINT('',(0.792674352585117,-0.0413792627587411,-11.9009620391989));
#1404=CARTESIAN_POINT('',(0.793477663586627,-0.0236208290553132,-11.8915881746412));
#1405=CARTESIAN_POINT('',(0.794416971438621,-0.0233711746549755,-11.8947127961605));
#1406=CARTESIAN_POINT('',(0.795356279290615,-0.0231215202546379,-11.8978374176797));
#1407=CARTESIAN_POINT('',(0.796295587142609,-0.0228718658543003,-11.9009620391989));
#1408=EDGE_LOOP('',(#3563,#3564,#3565,#3566,#3567,#3568));
#1409=AXIS2_PLACEMENT_3D('',#3569,#3570,#3571);
#1410=EDGE_LOOP('',(#3572,#3573,#3574,#3575));
#1411=AXIS2_PLACEMENT_3D('',#3576,#3577,#3578);
#1412=EDGE_LOOP('',(#3579,#3580,#3581,#3582,#3583,#3584,#3585));
#1413=CARTESIAN_POINT('',(0.638790311344276,0.502584733518884,-8.10099502439859));
#1414=CARTESIAN_POINT('',(0.600735237165519,0.455920281615383,-7.63245803783332));
#1415=CARTESIAN_POINT('',(0.562680162986673,0.409255829711881,-7.16392105126715));
#1416=CARTESIAN_POINT('',(0.524625088807912,0.362591377808292,-6.69538406470188));
#1417=CARTESIAN_POINT('',(0.634584683940164,0.48483503449626,-8.10099502439859));
#1418=CARTESIAN_POINT('',(0.597936104400048,0.437687885882231,-7.63245803783332));
#1419=CARTESIAN_POINT('',(0.561287524859842,0.390540737268203,-7.16392105126715));
#1420=CARTESIAN_POINT('',(0.524638945319634,0.343393588654174,-6.69538406470189));
#1421=CARTESIAN_POINT('',(0.615510910675221,0.404334561773307,-8.10099502439859));
#1422=CARTESIAN_POINT('',(0.585241203359676,0.35513925271182,-7.63245803783332));
#1423=CARTESIAN_POINT('',(0.554971496044132,0.305943943650422,-7.16392105126715));
#1424=CARTESIAN_POINT('',(0.524701788728588,0.256748634588935,-6.69538406470189));
#1425=CARTESIAN_POINT('',(0.588681946965216,0.291101356092786,-8.10099502439859));
#1426=CARTESIAN_POINT('',(0.567384692506662,0.240018294109972,-7.63245803783332));
#1427=CARTESIAN_POINT('',(0.5460874380482,0.188935232127158,-7.16392105126715));
#1428=CARTESIAN_POINT('',(0.524790183589739,0.137852170144343,-6.69538406470189));
#1429=CARTESIAN_POINT('',(0.558007895412975,0.161635890417329,-8.10099502439859));
#1430=CARTESIAN_POINT('',(0.546969012633039,0.11020390867816,-7.63245803783332));
#1431=CARTESIAN_POINT('',(0.535930129853012,0.0587719269389642,-7.16392105126715));
#1432=CARTESIAN_POINT('',(0.524891247073076,0.00733994519978529,-6.69538406470189));
#1433=CARTESIAN_POINT('',(0.534655111574295,0.0630689927395496,-8.10099502439859));
#1434=CARTESIAN_POINT('',(0.531426137307291,0.0124009101406274,-7.63245803783332));
#1435=CARTESIAN_POINT('',(0.528197163040287,-0.0382671724582946,-7.16392105126715));
#1436=CARTESIAN_POINT('',(0.524968188773283,-0.0889352550572075,-6.69538406470189));
#1437=CARTESIAN_POINT('',(0.51485562805481,-0.0205022793213245,-8.10099502439859));
#1438=CARTESIAN_POINT('',(0.51824822644309,-0.0695510964327625,-7.63245803783332));
#1439=CARTESIAN_POINT('',(0.521640824831372,-0.118599913544182,-7.16392105126715));
#1440=CARTESIAN_POINT('',(0.525033423219744,-0.167648730655611,-6.69538406470189));
#1441=CARTESIAN_POINT('',(0.498765034590207,-0.088420192045891,-8.10099502439859));
#1442=CARTESIAN_POINT('',(0.507538835654194,-0.135481699655433,-7.63245803783332));
#1443=CARTESIAN_POINT('',(0.51631263671827,-0.182543207265019,-7.16392105126715));
#1444=CARTESIAN_POINT('',(0.525086437782255,-0.229604714874514,-6.69538406470189));
#1445=CARTESIAN_POINT('',(0.490533089273188,-0.123167500998568,-8.10099502439859));
#1446=CARTESIAN_POINT('',(0.502059912857074,-0.168970029452364,-7.63245803783332));
#1447=CARTESIAN_POINT('',(0.513586736440964,-0.21477255790625,-7.16392105126715));
#1448=CARTESIAN_POINT('',(0.52511356002485,-0.260575086360134,-6.69538406470189));
#1449=CARTESIAN_POINT('',(0.486335217939343,-0.14088701663584,-8.10099502439859));
#1450=CARTESIAN_POINT('',(0.499265942287001,-0.185970217084914,-7.63245803783332));
#1451=CARTESIAN_POINT('',(0.512196666634659,-0.231053417534002,-7.16392105126715));
#1452=CARTESIAN_POINT('',(0.525127390982239,-0.276136617983091,-6.69538406470189));
#1453=CARTESIAN_POINT('',(0.486241849388371,-0.141281132059319,-8.10099502439859));
#1454=CARTESIAN_POINT('',(0.499203799128519,-0.186348295222382,-7.63245803783332));
#1455=CARTESIAN_POINT('',(0.512165748868667,-0.231415458385458,-7.16392105126715));
#1456=CARTESIAN_POINT('',(0.525127698608735,-0.276482621548535,-6.69538406470189));
#1457=EDGE_LOOP('',(#3586,#3587,#3588,#3589,#3590,#3591));
#1458=AXIS2_PLACEMENT_3D('',#3592,#3593,#3594);
#1459=EDGE_LOOP('',(#3595,#3596,#3597,#3598));
#1460=AXIS2_PLACEMENT_3D('',#3599,#3600,#3601);
#1461=EDGE_LOOP('',(#3602,#3603,#3604,#3605,#3606,#3607));
#1462=AXIS2_PLACEMENT_3D('',#3608,#3609,#3610);
#1463=EDGE_LOOP('',(#3611,#3612,#3613,#3614,#3615,#3616,#3617));
#1464=CARTESIAN_POINT('',(0.680873937080146,-0.187322763792164,-8.10099751093418));
#1465=CARTESIAN_POINT('',(0.695593103549734,-0.216939394628172,-7.63366563896574));
#1466=CARTESIAN_POINT('',(0.710312270019323,-0.246556025464179,-7.16633376699641));
#1467=CARTESIAN_POINT('',(0.725031436488988,-0.276172656300186,-6.69900189502798));
#1468=CARTESIAN_POINT('',(0.680961860990819,-0.186951662383384,-8.10099751093418));
#1469=CARTESIAN_POINT('',(0.695651698610466,-0.216568732433408,-7.63366563896574));
#1470=CARTESIAN_POINT('',(0.710341536230115,-0.246185802483433,-7.16633376699641));
#1471=CARTESIAN_POINT('',(0.725031373849838,-0.275802872533457,-6.69900189502798));
#1472=CARTESIAN_POINT('',(0.68875796906215,-0.154046546506513,-8.10099751093418));
#1473=CARTESIAN_POINT('',(0.700847252611889,-0.183701392912268,-7.63366563896574));
#1474=CARTESIAN_POINT('',(0.712936536161628,-0.213356239318021,-7.16633376699641));
#1475=CARTESIAN_POINT('',(0.725025819711277,-0.243011085723775,-6.69900189502798));
#1476=CARTESIAN_POINT('',(0.704175947193803,-0.0889721613231715,-8.10099751093418));
#1477=CARTESIAN_POINT('',(0.711122243317744,-0.118496349083329,-7.63366563896574));
#1478=CARTESIAN_POINT('',(0.718068539441776,-0.148020536843442,-7.16633376699641));
#1479=CARTESIAN_POINT('',(0.725014835565717,-0.177544724603553,-6.69900189502798));
#1480=CARTESIAN_POINT('',(0.73463785896878,0.039596643270563,-8.10099751093418));
#1481=CARTESIAN_POINT('',(0.731422950563541,0.0109128878282618,-7.63366563896574));
#1482=CARTESIAN_POINT('',(0.728208042158302,-0.0177708676140486,-7.16633376699641));
#1483=CARTESIAN_POINT('',(0.724993133752971,-0.046454623056359,-6.69900189502798));
#1484=CARTESIAN_POINT('',(0.772398184464571,0.198967386164956,-8.10099751093418));
#1485=CARTESIAN_POINT('',(0.756587533766879,0.172285130400513,-7.63366563896574));
#1486=CARTESIAN_POINT('',(0.740776883069185,0.14560287463607,-7.16633376699641));
#1487=CARTESIAN_POINT('',(0.7249662323714,0.118920618871627,-6.69900189502798));
#1488=CARTESIAN_POINT('',(0.805897496208833,0.340352326853188,-8.10099751093418));
#1489=CARTESIAN_POINT('',(0.778912453019419,0.316299556123989,-7.63366563896574));
#1490=CARTESIAN_POINT('',(0.751927409830003,0.292246785394788,-7.16633376699641));
#1491=CARTESIAN_POINT('',(0.724942366640497,0.268194014665498,-6.69900189502798));
#1492=CARTESIAN_POINT('',(0.824345683649366,0.418213057387651,-8.10099751093418));
#1493=CARTESIAN_POINT('',(0.791206863666081,0.395818164624477,-7.63366563896574));
#1494=CARTESIAN_POINT('',(0.758068043682796,0.373423271861304,-7.16633376699641));
#1495=CARTESIAN_POINT('',(0.724929223699507,0.351028379098214,-6.69900189502798));
#1496=CARTESIAN_POINT('',(0.82786126712734,0.433050592223529,-8.10099751093418));
#1497=CARTESIAN_POINT('',(0.793549751122149,0.41097859276347,-7.63366563896574));
#1498=CARTESIAN_POINT('',(0.759238235116896,0.388906593303412,-7.16633376699641));
#1499=CARTESIAN_POINT('',(0.724926719111641,0.366834593843443,-6.69900189502798));
#1500=EDGE_LOOP('',(#3618,#3619,#3620,#3621));
#1501=CARTESIAN_POINT('',(0.15466096004848,-0.707276272775564,-8.11380663363954));
#1502=CARTESIAN_POINT('',(0.193166139579553,-0.713282560744107,-7.6331964131937));
#1503=CARTESIAN_POINT('',(0.231671319110627,-0.719288848712554,-7.15258619274786));
#1504=CARTESIAN_POINT('',(0.2701764986417,-0.7252951366811,-6.671975972303));
#1505=CARTESIAN_POINT('',(0.156486750335086,-0.706853970899876,-8.11380663363954));
#1506=CARTESIAN_POINT('',(0.195175066593426,-0.71301633411715,-7.6331964131937));
#1507=CARTESIAN_POINT('',(0.233863382851862,-0.719178697334424,-7.15258619274786));
#1508=CARTESIAN_POINT('',(0.2725516991102,-0.7253410605516,-6.671975972303));
#1509=CARTESIAN_POINT('',(0.171704606391296,-0.703270223105244,-8.11380663363954));
#1510=CARTESIAN_POINT('',(0.211879916516633,-0.710702468780628,-7.6331964131937));
#1511=CARTESIAN_POINT('',(0.252055226642066,-0.718134714455914,-7.15258619274786));
#1512=CARTESIAN_POINT('',(0.2922305367674,-0.7255669601312,-6.671975972303));
#1513=CARTESIAN_POINT('',(0.20085060677871,-0.695392927642339,-8.11380663363954));
#1514=CARTESIAN_POINT('',(0.243274616960673,-0.704793165505295,-7.6331964131937));
#1515=CARTESIAN_POINT('',(0.285698627142637,-0.714193403368346,-7.15258619274786));
#1516=CARTESIAN_POINT('',(0.3281226373246,-0.7235936412313,-6.671975972303));
#1517=CARTESIAN_POINT('',(0.256600378644761,-0.676610672316451,-8.11380663363954));
#1518=CARTESIAN_POINT('',(0.301755221921674,-0.688727219181034,-7.6331964131937));
#1519=CARTESIAN_POINT('',(0.346910065198587,-0.700843766045617,-7.15258619274786));
#1520=CARTESIAN_POINT('',(0.3920649084755,-0.7129603129102,-6.671975972303));
#1521=CARTESIAN_POINT('',(0.327413348795982,-0.645047939245375,-8.11380663363954));
#1522=CARTESIAN_POINT('',(0.373414820514521,-0.659405530963552,-7.6331964131937));
#1523=CARTESIAN_POINT('',(0.419416292233061,-0.673763122681826,-7.15258619274786));
#1524=CARTESIAN_POINT('',(0.4654177639516,-0.6881207144001,-6.671975972303));
#1525=CARTESIAN_POINT('',(0.410387214296803,-0.593579392951059,-8.11380663363954));
#1526=CARTESIAN_POINT('',(0.454229466413333,-0.610245215417541,-7.6331964131937));
#1527=CARTESIAN_POINT('',(0.498071718529767,-0.626911037884121,-7.15258619274786));
#1528=CARTESIAN_POINT('',(0.5419139706462,-0.6435768603507,-6.671975972303));
#1529=CARTESIAN_POINT('',(0.487585430728309,-0.528999061883124,-8.11380663363954));
#1530=CARTESIAN_POINT('',(0.527122758988839,-0.548376422490251,-7.6331964131937));
#1531=CARTESIAN_POINT('',(0.56666008724937,-0.567753783097475,-7.15258619274786));
#1532=CARTESIAN_POINT('',(0.6061974155099,-0.5871311437046,-6.671975972303));
#1533=CARTESIAN_POINT('',(0.555610936109288,-0.452919777537004,-8.11380663363954));
#1534=CARTESIAN_POINT('',(0.589664173947527,-0.475596018768034,-7.6331964131937));
#1535=CARTESIAN_POINT('',(0.623717411785864,-0.498272259998968,-7.15258619274786));
#1536=CARTESIAN_POINT('',(0.6577706496242,-0.52094850123,-6.671975972303));
#1537=CARTESIAN_POINT('',(0.611784357310345,-0.367946926218731,-8.11380663363954));
#1538=CARTESIAN_POINT('',(0.639879254601064,-0.394174990669621,-7.6331964131937));
#1539=CARTESIAN_POINT('',(0.667974151891781,-0.420403055120509,-7.15258619274786));
#1540=CARTESIAN_POINT('',(0.6960690491824,-0.4466311195713,-6.671975972303));
#1541=CARTESIAN_POINT('',(0.64731126763925,-0.292506469386413,-8.11380663363954));
#1542=CARTESIAN_POINT('',(0.670281803461332,-0.321309680589677,-7.6331964131937));
#1543=CARTESIAN_POINT('',(0.693252339283317,-0.350112891793038,-7.15258619274786));
#1544=CARTESIAN_POINT('',(0.7162228751054,-0.3789161029963,-6.671975972303));
#1545=CARTESIAN_POINT('',(0.668695690830818,-0.231245352065992,-8.11380663363954));
#1546=CARTESIAN_POINT('',(0.687318002579014,-0.261368149488326,-7.6331964131937));
#1547=CARTESIAN_POINT('',(0.705940314327307,-0.291490946910563,-7.15258619274786));
#1548=CARTESIAN_POINT('',(0.7245626260756,-0.3216137443328,-6.671975972303));
#1549=CARTESIAN_POINT('',(0.677750243632991,-0.198240423708256,-8.11380663363954));
#1550=CARTESIAN_POINT('',(0.693852686907729,-0.228707311241838,-7.6331964131937));
#1551=CARTESIAN_POINT('',(0.709955130182564,-0.259174198775419,-7.15258619274786));
#1552=CARTESIAN_POINT('',(0.7260575734573,-0.289641086309,-6.671975972303));
#1553=CARTESIAN_POINT('',(0.681857477336432,-0.180655034761508,-8.11380663363954));
#1554=CARTESIAN_POINT('',(0.696517086973388,-0.211116458370208,-7.6331964131937));
#1555=CARTESIAN_POINT('',(0.711176696610344,-0.241577881979003,-7.15258619274786));
#1556=CARTESIAN_POINT('',(0.7258363062473,-0.2720393055877,-6.671975972303));
#1557=CARTESIAN_POINT('',(0.682397571288454,-0.178286974825133,-8.11380663363954));
#1558=CARTESIAN_POINT('',(0.696860925891138,-0.208743995267387,-7.6331964131937));
#1559=CARTESIAN_POINT('',(0.711324280493918,-0.239201015709544,-7.15258619274786));
#1560=CARTESIAN_POINT('',(0.7257876350966,-0.2696580361518,-6.671975972303));
#1561=EDGE_LOOP('',(#3622,#3623,#3624,#3625,#3626,#3627,#3628,#3629,#3630));
#1562=AXIS2_PLACEMENT_3D('',#3631,#3632,#3633);
#1563=EDGE_LOOP('',(#3634,#3635,#3636,#3637,#3638));
#1564=CARTESIAN_POINT('',(-0.16115025653833,-0.705988190999054,-8.10639656919385));
#1565=CARTESIAN_POINT('',(-0.199442504574577,-0.71235428381931,-7.63546552306523));
#1566=CARTESIAN_POINT('',(-0.237734752610816,-0.718720376639655,-7.16453447693569));
#1567=CARTESIAN_POINT('',(-0.276027000647061,-0.725086469459911,-6.69360343080614));
#1568=CARTESIAN_POINT('',(-0.161017790714563,-0.706019816925941,-8.10639656919385));
#1569=CARTESIAN_POINT('',(-0.19929785884725,-0.712375319823581,-7.63546552306523));
#1570=CARTESIAN_POINT('',(-0.237577926979929,-0.718730822721314,-7.16453447693569));
#1571=CARTESIAN_POINT('',(-0.275857995112617,-0.725086325618954,-6.69360343080614));
#1572=CARTESIAN_POINT('',(-0.153194101281976,-0.707885331842429,-8.10639656919385));
#1573=CARTESIAN_POINT('',(-0.190750103334238,-0.713616168191231,-7.63546552306523));
#1574=CARTESIAN_POINT('',(-0.228306105386409,-0.719347004540121,-7.16453447693569));
#1575=CARTESIAN_POINT('',(-0.265862107438669,-0.725077840888921,-6.69360343080614));
#1576=CARTESIAN_POINT('',(-0.13830478548117,-0.711158023136163,-8.10639656919385));
#1577=CARTESIAN_POINT('',(-0.173934683793162,-0.715793000771806,-7.63546552306523));
#1578=CARTESIAN_POINT('',(-0.209564582105062,-0.720427978407356,-7.16453447693569));
#1579=CARTESIAN_POINT('',(-0.24519448041696,-0.725062956042905,-6.69360343080614));
#1580=CARTESIAN_POINT('',(-0.110219540373426,-0.716412627356738,-8.10639656919385));
#1581=CARTESIAN_POINT('',(-0.140658921786366,-0.719288103926394,-7.63546552306523));
#1582=CARTESIAN_POINT('',(-0.171098303199214,-0.722163580496051,-7.16453447693569));
#1583=CARTESIAN_POINT('',(-0.201537684612061,-0.725039057065801,-6.69360343080614));
#1584=CARTESIAN_POINT('',(-0.0771907899995502,-0.721041502471998,-8.10639656919385));
#1585=CARTESIAN_POINT('',(-0.0991637394802924,-0.722367002990672,-7.63546552306523));
#1586=CARTESIAN_POINT('',(-0.12113668896107,-0.723692503509348,-7.16453447693569));
#1587=CARTESIAN_POINT('',(-0.143109638441756,-0.725018004028116,-6.69360343080614));
#1588=CARTESIAN_POINT('',(-0.0454431213104676,-0.723711652780352,-8.10639656919385));
#1589=CARTESIAN_POINT('',(-0.0578366514458108,-0.724143055072777,-7.63546552306523));
#1590=CARTESIAN_POINT('',(-0.0702301815811448,-0.72457445736511,-7.16453447693569));
#1591=CARTESIAN_POINT('',(-0.0826237117164879,-0.725005859657441,-6.69360343080614));
#1592=CARTESIAN_POINT('',(-0.0198343491317404,-0.7248058682882,-8.10639656919385));
#1593=CARTESIAN_POINT('',(-0.0248400809340661,-0.724870873175265,-7.63546552306523));
#1594=CARTESIAN_POINT('',(-0.0298458127364009,-0.724935878062239,-7.16453447693569));
#1595=CARTESIAN_POINT('',(-0.0348515445387266,-0.725000882949305,-6.69360343080614));
#1596=CARTESIAN_POINT('',(-0.0065202785735166,-0.725003547934117,-8.10639656919385));
#1597=CARTESIAN_POINT('',(-0.00803104040724773,-0.725002359910507,-7.63546552306523));
#1598=CARTESIAN_POINT('',(-0.0095418022409781,-0.725001171886895,-7.16453447693569));
#1599=CARTESIAN_POINT('',(-0.0110525640747055,-0.724999983863285,-6.69360343080614));
#1600=CARTESIAN_POINT('',(0.00049442114488707,-0.72499987031657,-8.10639656919385));
#1601=CARTESIAN_POINT('',(0.000609258384260095,-0.724999913740926,-7.63546552306523));
#1602=CARTESIAN_POINT('',(0.000724095623633188,-0.724999957165368,-7.16453447693569));
#1603=CARTESIAN_POINT('',(0.000838932863006506,-0.725000000589811,-6.69360343080614));
#1604=CARTESIAN_POINT('',(0.000742083501881142,-0.724999610518827,-8.10639656919385));
#1605=CARTESIAN_POINT('',(0.000914049747625262,-0.724999740936309,-7.63546552306523));
#1606=CARTESIAN_POINT('',(0.00108601599336952,-0.724999871353862,-7.16453447693569));
#1607=CARTESIAN_POINT('',(0.00125798223911383,-0.725000001771425,-6.69360343080614));
#1608=EDGE_LOOP('',(#3639,#3640,#3641,#3642,#3643));
#1609=AXIS2_PLACEMENT_3D('',#3644,#3645,#3646);
#1610=EDGE_LOOP('',(#3647,#3648,#3649,#3650));
#1611=AXIS2_PLACEMENT_3D('',#3651,#3652,#3653);
#1612=EDGE_LOOP('',(#3654,#3655,#3656,#3657,#3658,#3659));
#1613=AXIS2_PLACEMENT_3D('',#3660,#3661,#3662);
#1614=EDGE_LOOP('',(#3663,#3664,#3665,#3666));
#1615=AXIS2_PLACEMENT_3D('',#3667,#3668,#3669);
#1616=EDGE_LOOP('',(#3670,#3671,#3672,#3673,#3674,#3675));
#1617=AXIS2_PLACEMENT_3D('',#3676,#3677,#3678);
#1618=EDGE_LOOP('',(#3679,#3680,#3681,#3682,#3683,#3684,#3685));
#1619=CARTESIAN_POINT('',(-0.486241849388378,-0.141281132059317,-8.10099502439859));
#1620=CARTESIAN_POINT('',(-0.499203799129626,-0.186348295226375,-7.6324580377925));
#1621=CARTESIAN_POINT('',(-0.512165748870874,-0.231415458393367,-7.16392105118551));
#1622=CARTESIAN_POINT('',(-0.525127698612122,-0.276482621560359,-6.69538406457943));
#1623=CARTESIAN_POINT('',(-0.486335217939349,-0.140887016635839,-8.10099502439859));
#1624=CARTESIAN_POINT('',(-0.499265942288105,-0.185970217088907,-7.6324580377925));
#1625=CARTESIAN_POINT('',(-0.512196666636861,-0.231053417541913,-7.16392105118551));
#1626=CARTESIAN_POINT('',(-0.525127390985618,-0.276136617994918,-6.69538406457943));
#1627=CARTESIAN_POINT('',(-0.490533089273155,-0.123167500998581,-8.10099502439859));
#1628=CARTESIAN_POINT('',(-0.502059912858053,-0.168970029456371,-7.6324580377925));
#1629=CARTESIAN_POINT('',(-0.513586736442955,-0.21477255791425,-7.16392105118551));
#1630=CARTESIAN_POINT('',(-0.525113560027853,-0.260575086372127,-6.69538406457943));
#1631=CARTESIAN_POINT('',(-0.498765034590207,-0.088420192045891,-8.10099502439859));
#1632=CARTESIAN_POINT('',(-0.507538835654958,-0.135481699659533,-7.6324580377925));
#1633=CARTESIAN_POINT('',(-0.516312636719798,-0.182543207273219,-7.16392105118551));
#1634=CARTESIAN_POINT('',(-0.525086437784548,-0.229604714886814,-6.69538406457943));
#1635=CARTESIAN_POINT('',(-0.51485562805481,-0.020502279321324,-8.10099502439859));
#1636=CARTESIAN_POINT('',(-0.518248226443386,-0.0695510964370262,-7.6324580377925));
#1637=CARTESIAN_POINT('',(-0.521640824831963,-0.118599913552728,-7.16392105118551));
#1638=CARTESIAN_POINT('',(-0.525033423220632,-0.167648730668431,-6.69538406457943));
#1639=CARTESIAN_POINT('',(-0.534655111574295,0.0630689927395496,-8.10099502439859));
#1640=CARTESIAN_POINT('',(-0.53142613730701,0.0124009101362135,-7.6324580377925));
#1641=CARTESIAN_POINT('',(-0.528197163039725,-0.0382671724671136,-7.16392105118551));
#1642=CARTESIAN_POINT('',(-0.52496818877244,-0.0889352550704498,-6.69538406457943));
#1643=CARTESIAN_POINT('',(-0.558007895412975,0.161635890417329,-8.10099502439859));
#1644=CARTESIAN_POINT('',(-0.546969012632077,0.110203908673679,-7.6324580377925));
#1645=CARTESIAN_POINT('',(-0.535930129851089,0.0587719269300026,-7.16392105118551));
#1646=CARTESIAN_POINT('',(-0.524891247070191,0.00733994518634288,-6.69538406457943));
#1647=CARTESIAN_POINT('',(-0.588681946965221,0.291101356092786,-8.10099502439859));
#1648=CARTESIAN_POINT('',(-0.567384692504902,0.240018294105522,-7.6324580377925));
#1649=CARTESIAN_POINT('',(-0.546087438044492,0.188935232118257,-7.16392105118551));
#1650=CARTESIAN_POINT('',(-0.524790183584173,0.137852170130992,-6.69538406457943));
#1651=CARTESIAN_POINT('',(-0.615510910685698,0.404334561817762,-8.10099502439859));
#1652=CARTESIAN_POINT('',(-0.585241203364018,0.355139252752723,-7.6324580377925));
#1653=CARTESIAN_POINT('',(-0.554971496042336,0.305943943687686,-7.16392105118551));
#1654=CARTESIAN_POINT('',(-0.524701788720656,0.256748634622741,-6.69538406457943));
#1655=CARTESIAN_POINT('',(-0.634584683960975,0.484835034583996,-8.10099502439859));
#1656=CARTESIAN_POINT('',(-0.597936104410697,0.437687885968119,-7.6324580377925));
#1657=CARTESIAN_POINT('',(-0.561287524860329,0.390540737352241,-7.16392105118551));
#1658=CARTESIAN_POINT('',(-0.524638945309959,0.343393588736365,-6.69538406457943));
#1659=CARTESIAN_POINT('',(-0.638790311375391,0.502584733650208,-8.10099502439859));
#1660=CARTESIAN_POINT('',(-0.600735237182879,0.455920281746212,-7.6324580377925));
#1661=CARTESIAN_POINT('',(-0.562680162990363,0.409255829842131,-7.16392105118551));
#1662=CARTESIAN_POINT('',(-0.524625088797846,0.362591377938135,-6.69538406457943));
#1663=EDGE_LOOP('',(#3686,#3687,#3688,#3689,#3690,#3691));
#1664=AXIS2_PLACEMENT_3D('',#3692,#3693,#3694);
#1665=EDGE_LOOP('',(#3695,#3696,#3697));
#1666=CARTESIAN_POINT('',(-0.5135666147034,-0.02404388175221,-10.89825820463));
#1667=CARTESIAN_POINT('',(-0.5174746167364,-0.02254613575879,-10.91108909288));
#1668=CARTESIAN_POINT('',(-0.5213826187695,-0.02104838976538,-10.92391998113));
#1669=CARTESIAN_POINT('',(-0.5252906208025,-0.01955064377196,-10.93675086939));
#1670=CARTESIAN_POINT('',(-0.5115295525097,-0.03264406219649,-10.89825820463));
#1671=CARTESIAN_POINT('',(-0.5154323327797,-0.03119617597137,-10.91108909288));
#1672=CARTESIAN_POINT('',(-0.5193351130498,-0.02974828974625,-10.92391998113));
#1673=CARTESIAN_POINT('',(-0.5232378933198,-0.02830040352113,-10.93675086939));
#1674=CARTESIAN_POINT('',(-0.5022949084851,-0.07163133380424,-10.89825820463));
#1675=CARTESIAN_POINT('',(-0.5061735773303,-0.07041172432098,-10.91108909288));
#1676=CARTESIAN_POINT('',(-0.5100522461755,-0.06919211483772,-10.92391998113));
#1677=CARTESIAN_POINT('',(-0.5139309150207,-0.06797250535447,-10.93675086939));
#1678=CARTESIAN_POINT('',(-0.4930431563625,-0.1106905809812,-10.89825820463));
#1679=CARTESIAN_POINT('',(-0.496895576534,-0.1097103676733,-10.91108909288));
#1680=CARTESIAN_POINT('',(-0.5007479967054,-0.1087301543654,-10.92391998113));
#1681=CARTESIAN_POINT('',(-0.5046004168768,-0.1077499410575,-10.93675086939));
#1682=CARTESIAN_POINT('',(-0.4858575973212,-0.1410265145609,-10.89825820463));
#1683=CARTESIAN_POINT('',(-0.4896878475384,-0.1402413491806,-10.91108909288));
#1684=CARTESIAN_POINT('',(-0.4935180977557,-0.1394561838004,-10.92391998113));
#1685=CARTESIAN_POINT('',(-0.4973483479729,-0.1386710184201,-10.93675086939));
#1686=CARTESIAN_POINT('',(-0.4857718056084,-0.1413887092717,-10.89825820463));
#1687=CARTESIAN_POINT('',(-0.4896017908715,-0.1406058739715,-10.91108909288));
#1688=CARTESIAN_POINT('',(-0.4934317761346,-0.1398230386712,-10.92391998113));
#1689=CARTESIAN_POINT('',(-0.4972617613977,-0.139040203371,-10.93675086939));
#1690=EDGE_LOOP('',(#3698,#3699,#3700,#3701,#3702,#3703,#3704,#3705,#3706));
#1691=AXIS2_PLACEMENT_3D('',#3707,#3708,#3709);
#1692=EDGE_LOOP('',(#3710,#3711,#3712,#3713));
#1693=CARTESIAN_POINT('',(0.4868277989234,-0.1330610465149,-8.128007153247));
#1694=CARTESIAN_POINT('',(0.499568571785883,-0.179162093608977,-7.65099958848817));
#1695=CARTESIAN_POINT('',(0.512309344648366,-0.225263140702958,-7.17399202372838));
#1696=CARTESIAN_POINT('',(0.525050117510943,-0.271364187797033,-6.69698445896952));
#1697=CARTESIAN_POINT('',(0.4864868070871,-0.1345347449791,-8.128007153247));
#1698=CARTESIAN_POINT('',(0.499348289456749,-0.180583386957587,-7.65099958848817));
#1699=CARTESIAN_POINT('',(0.512209771826494,-0.226632028936171,-7.17399202372838));
#1700=CARTESIAN_POINT('',(0.525071254196146,-0.272680670914661,-6.69698445896952));
#1701=CARTESIAN_POINT('',(0.4837283677935,-0.1462175681391,-8.128007153247));
#1702=CARTESIAN_POINT('',(0.497537797025328,-0.191817482930623,-7.65099958848817));
#1703=CARTESIAN_POINT('',(0.511347226257059,-0.237417397722049,-7.17399202372838));
#1704=CARTESIAN_POINT('',(0.525156655488789,-0.283017312513569,-6.69698445896952));
#1705=CARTESIAN_POINT('',(0.4775865848162,-0.1687023254047,-8.128007153247));
#1706=CARTESIAN_POINT('',(0.493104783870496,-0.212965728333248,-7.65099958848817));
#1707=CARTESIAN_POINT('',(0.508622982924695,-0.257229131261699,-7.17399202372838));
#1708=CARTESIAN_POINT('',(0.524141181978892,-0.301492534190243,-6.69698445896952));
#1709=CARTESIAN_POINT('',(0.4626995966828,-0.2118825851966,-8.128007153247));
#1710=CARTESIAN_POINT('',(0.481506831223422,-0.252465503886595,-7.65099958848817));
#1711=CARTESIAN_POINT('',(0.500314065764044,-0.29304842257659,-7.17399202372838));
#1712=CARTESIAN_POINT('',(0.519121300304666,-0.33363134126649,-6.69698445896952));
#1713=CARTESIAN_POINT('',(0.4371727065936,-0.2669033331679,-8.128007153247));
#1714=CARTESIAN_POINT('',(0.460752180771921,-0.301246665064491,-7.65099958848817));
#1715=CARTESIAN_POINT('',(0.484331654950146,-0.335589996961178,-7.17399202372838));
#1716=CARTESIAN_POINT('',(0.507911129128464,-0.369933328857867,-6.69698445896952));
#1717=CARTESIAN_POINT('',(0.3953835631848,-0.3303227141132,-8.128007153247));
#1718=CARTESIAN_POINT('',(0.426278056931631,-0.356414929172061,-7.65099958848817));
#1719=CARTESIAN_POINT('',(0.457172550678559,-0.382507144230923,-7.17399202372838));
#1720=CARTESIAN_POINT('',(0.488067044425488,-0.408599359289689,-6.69698445896952));
#1721=CARTESIAN_POINT('',(0.3439193010602,-0.3872674031828,-8.128007153247));
#1722=CARTESIAN_POINT('',(0.383290712085845,-0.405912417078165,-7.65099958848817));
#1723=CARTESIAN_POINT('',(0.42266212311149,-0.424557430973531,-7.17399202372838));
#1724=CARTESIAN_POINT('',(0.462033534137134,-0.443202444868896,-6.69698445896952));
#1725=CARTESIAN_POINT('',(0.2856510767528,-0.4348047142847,-8.128007153247));
#1726=CARTESIAN_POINT('',(0.333493802814971,-0.447845427138286,-7.65099958848817));
#1727=CARTESIAN_POINT('',(0.381336528877141,-0.460886139991873,-7.17399202372838));
#1728=CARTESIAN_POINT('',(0.429179254939312,-0.473926852845364,-6.69698445896952));
#1729=CARTESIAN_POINT('',(0.2244396586817,-0.4713429390203,-8.128007153247));
#1730=CARTESIAN_POINT('',(0.279064332385279,-0.480895269569163,-7.65099958848817));
#1731=CARTESIAN_POINT('',(0.333689006088954,-0.490447600118027,-7.17399202372838));
#1732=CARTESIAN_POINT('',(0.388313679792536,-0.49999993066689,-6.69698445896952));
#1733=CARTESIAN_POINT('',(0.1646079243906,-0.4968003275367,-8.128007153247));
#1734=CARTESIAN_POINT('',(0.222404858036449,-0.50430064119772,-7.65099958848817));
#1735=CARTESIAN_POINT('',(0.280201791682298,-0.511800954858741,-7.17399202372838));
#1736=CARTESIAN_POINT('',(0.337998725328147,-0.519301268519666,-6.69698445896952));
#1737=CARTESIAN_POINT('',(0.1274069082796,-0.507584348552,-8.128007153247));
#1738=CARTESIAN_POINT('',(0.183689544193427,-0.513458950241623,-7.65099958848817));
#1739=CARTESIAN_POINT('',(0.239972180107254,-0.519333551931149,-7.17399202372838));
#1740=CARTESIAN_POINT('',(0.296254816021177,-0.525208153620769,-6.69698445896952));
#1741=CARTESIAN_POINT('',(0.1100410992046,-0.5117528710002,-8.128007153247));
#1742=CARTESIAN_POINT('',(0.164262296243716,-0.516174505057757,-7.65099958848817));
#1743=CARTESIAN_POINT('',(0.218483493282831,-0.520596139115314,-7.17399202372838));
#1744=CARTESIAN_POINT('',(0.272704690322042,-0.525017773172871,-6.69698445896952));
#1745=CARTESIAN_POINT('',(0.1090712236197,-0.5119827870059,-8.128007153247));
#1746=CARTESIAN_POINT('',(0.163172510551617,-0.516320743089868,-7.65099958848817));
#1747=CARTESIAN_POINT('',(0.217273797483534,-0.520658699173835,-7.17399202372838));
#1748=CARTESIAN_POINT('',(0.271375084415356,-0.524996655257803,-6.69698445896952));
#1749=EDGE_LOOP('',(#3714,#3715,#3716,#3717));
#1750=AXIS2_PLACEMENT_3D('',#3718,#3719,#3720);
#1751=EDGE_LOOP('',(#3721,#3722,#3723,#3724,#3725,#3726,#3727));
#1752=AXIS2_PLACEMENT_3D('',#3728,#3729,#3730);
#1753=EDGE_LOOP('',(#3731,#3732,#3733,#3734));
#1754=AXIS2_PLACEMENT_3D('',#3735,#3736,#3737);
#1755=EDGE_LOOP('',(#3738,#3739,#3740,#3741,#3742,#3743,#3744,#3745,#3746,#3747));
#1756=AXIS2_PLACEMENT_3D('',#3748,#3749,#3750);
#1757=EDGE_LOOP('',(#3751,#3752,#3753,#3754));
#1758=AXIS2_PLACEMENT_3D('',#3755,#3756,#3757);
#1759=EDGE_LOOP('',(#3758,#3759,#3760,#3761));
#1760=AXIS2_PLACEMENT_3D('',#3762,#3763,#3764);
#1761=EDGE_LOOP('',(#3765,#3766,#3767,#3768));
#1762=AXIS2_PLACEMENT_3D('',#3769,#3770,#3771);
#1763=EDGE_LOOP('',(#3772,#3773,#3774,#3775));
#1764=AXIS2_PLACEMENT_3D('',#3776,#3777,#3778);
#1765=EDGE_LOOP('',(#3779,#3780,#3781,#3782));
#1766=AXIS2_PLACEMENT_3D('',#3783,#3784,#3785);
#1767=EDGE_LOOP('',(#3786,#3787,#3788,#3789));
#1768=AXIS2_PLACEMENT_3D('',#3790,#3791,#3792);
#1769=EDGE_LOOP('',(#3793,#3794,#3795,#3796));
#1770=AXIS2_PLACEMENT_3D('',#3797,#3798,#3799);
#1771=EDGE_LOOP('',(#3800,#3801,#3802,#3803));
#1772=AXIS2_PLACEMENT_3D('',#3804,#3805,#3806);
#1773=EDGE_LOOP('',(#3807,#3808,#3809,#3810));
#1774=AXIS2_PLACEMENT_3D('',#3811,#3812,#3813);
#1775=EDGE_LOOP('',(#3814,#3815,#3816,#3817));
#1776=AXIS2_PLACEMENT_3D('',#3818,#3819,#3820);
#1777=EDGE_LOOP('',(#3821,#3822,#3823,#3824));
#1778=AXIS2_PLACEMENT_3D('',#3825,#3826,#3827);
#1779=EDGE_LOOP('',(#3828,#3829,#3830,#3831));
#1781=CARTESIAN_POINT('',(-0.273169871397009,0.600046206773446,-1.8965390268083));
#1782=CARTESIAN_POINT('',(-0.273194247524032,0.595716801936723,-1.81190191781072));
#1783=CARTESIAN_POINT('',(-0.273268791807098,0.582477111341599,-1.72819475207112));
#1784=CARTESIAN_POINT('',(-0.273392671218125,0.56047508777675,-1.64635295240197));
#1785=CARTESIAN_POINT('',(-0.465281956515554,0.601127867825376,-1.8965390268083));
#1786=CARTESIAN_POINT('',(-0.462747524161839,0.596784055964375,-1.81190191781072));
#1787=CARTESIAN_POINT('',(-0.454997013072636,0.583500307455726,-1.72819475207112));
#1788=CARTESIAN_POINT('',(-0.44211703476808,0.56142506743285,-1.64635295240197));
#1789=CARTESIAN_POINT('',(-0.601127867825376,0.465281956515554,-1.8965390268083));
#1790=CARTESIAN_POINT('',(-0.596784055964375,0.462747524161839,-1.81190191781072));
#1791=CARTESIAN_POINT('',(-0.583500307455726,0.454997013072636,-1.72819475207112));
#1792=CARTESIAN_POINT('',(-0.56142506743285,0.44211703476808,-1.64635295240197));
#1793=CARTESIAN_POINT('',(-0.600046206773446,0.273169871397009,-1.8965390268083));
#1794=CARTESIAN_POINT('',(-0.595716801936723,0.273194247524031,-1.81190191781072));
#1795=CARTESIAN_POINT('',(-0.582477111341599,0.273268791807098,-1.72819475207112));
#1796=CARTESIAN_POINT('',(-0.56047508777675,0.273392671218125,-1.64635295240197));
#1803=EDGE_LOOP('',(#3832,#3833,#3834,#3835));
#1804=AXIS2_PLACEMENT_3D('',#3836,#3837,#3838);
#1805=EDGE_LOOP('',(#3839,#3840,#3841,#3842));
#1806=AXIS2_PLACEMENT_3D('',#3843,#3844,#3845);
#1807=EDGE_LOOP('',(#3846,#3847,#3848,#3849));
#1809=CARTESIAN_POINT('',(0.273169871397009,-0.600046206773447,-1.89653902680831));
#1810=CARTESIAN_POINT('',(0.273194247524036,-0.595716801936724,-1.81190191781073));
#1811=CARTESIAN_POINT('',(0.273268791807103,-0.582477111341599,-1.72819475207112));
#1812=CARTESIAN_POINT('',(0.273392671218128,-0.56047508777675,-1.64635295240197));
#1813=CARTESIAN_POINT('',(0.465281956515464,-0.60112786782537,-1.89653902680831));
#1814=CARTESIAN_POINT('',(0.462747524161838,-0.596784055964373,-1.81190191781073));
#1815=CARTESIAN_POINT('',(0.454997013072637,-0.583500307455724,-1.72819475207112));
#1816=CARTESIAN_POINT('',(0.442117034768081,-0.561425067432847,-1.64635295240197));
#1817=CARTESIAN_POINT('',(0.601127867825368,-0.465281956515464,-1.89653902680831));
#1818=CARTESIAN_POINT('',(0.596784055964373,-0.462747524161838,-1.81190191781073));
#1819=CARTESIAN_POINT('',(0.583500307455724,-0.454997013072637,-1.72819475207112));
#1820=CARTESIAN_POINT('',(0.561425067432848,-0.442117034768081,-1.64635295240197));
#1821=CARTESIAN_POINT('',(0.600046206773355,-0.273169871397009,-1.89653902680831));
#1822=CARTESIAN_POINT('',(0.595716801936722,-0.273194247524036,-1.81190191781073));
#1823=CARTESIAN_POINT('',(0.582477111341599,-0.273268791807103,-1.72819475207112));
#1824=CARTESIAN_POINT('',(0.56047508777675,-0.273392671218128,-1.64635295240197));
#1831=EDGE_LOOP('',(#3850,#3851,#3852,#3853));
#1832=AXIS2_PLACEMENT_3D('',#3854,#3855,#3856);
#1833=EDGE_LOOP('',(#3857,#3858,#3859,#3860));
#1835=CARTESIAN_POINT('',(-0.600046206773446,-0.273169871397009,-1.8965390268083));
#1836=CARTESIAN_POINT('',(-0.595716801936723,-0.273194247524031,-1.81190191781072));
#1837=CARTESIAN_POINT('',(-0.582477111341598,-0.273268791807098,-1.72819475207112));
#1838=CARTESIAN_POINT('',(-0.56047508777675,-0.273392671218125,-1.64635295240197));
#1839=CARTESIAN_POINT('',(-0.601127867825376,-0.465281956515554,-1.8965390268083));
#1840=CARTESIAN_POINT('',(-0.596784055964375,-0.462747524161839,-1.81190191781072));
#1841=CARTESIAN_POINT('',(-0.583500307455726,-0.454997013072639,-1.72819475207112));
#1842=CARTESIAN_POINT('',(-0.56142506743285,-0.44211703476808,-1.64635295240197));
#1843=CARTESIAN_POINT('',(-0.465281956515554,-0.601127867825376,-1.8965390268083));
#1844=CARTESIAN_POINT('',(-0.462747524161839,-0.596784055964378,-1.81190191781072));
#1845=CARTESIAN_POINT('',(-0.454997013072636,-0.583500307455816,-1.72819475207112));
#1846=CARTESIAN_POINT('',(-0.44211703476808,-0.561425067432854,-1.64635295240197));
#1847=CARTESIAN_POINT('',(-0.273169871397009,-0.600046206773446,-1.8965390268083));
#1848=CARTESIAN_POINT('',(-0.273194247524031,-0.595716801936723,-1.81190191781072));
#1849=CARTESIAN_POINT('',(-0.273268791807098,-0.582477111341602,-1.72819475207112));
#1850=CARTESIAN_POINT('',(-0.273392671218124,-0.56047508777675,-1.64635295240197));
#1857=EDGE_LOOP('',(#3861,#3862,#3863,#3864));
#1858=AXIS2_PLACEMENT_3D('',#3865,#3866,#3867);
#1859=EDGE_LOOP('',(#3868,#3869,#3870,#3871));
#1860=AXIS2_PLACEMENT_3D('',#3872,#3873,#3874);
#1861=EDGE_LOOP('',(#3875,#3876,#3877,#3878));
#1862=AXIS2_PLACEMENT_3D('',#3879,#3880,#3881);
#1863=EDGE_LOOP('',(#3882,#3883,#3884,#3885));
#1864=AXIS2_PLACEMENT_3D('',#3886,#3887,#3888);
#1865=EDGE_LOOP('',(#3889,#3890,#3891,#3892));
#1866=AXIS2_PLACEMENT_3D('',#3893,#3894,#3895);
#1867=EDGE_LOOP('',(#3896,#3897,#3898,#3899));
#1868=AXIS2_PLACEMENT_3D('',#3900,#3901,#3902);
#1869=EDGE_LOOP('',(#3903,#3904,#3905,#3906));
#1870=AXIS2_PLACEMENT_3D('',#3907,#3908,#3909);
#1871=EDGE_LOOP('',(#3910,#3911,#3912,#3913,#3914,#3915,#3916));
#1872=EDGE_LOOP('',(#3917,#3918,#3919,#3920,#3921,#3922,#3923,#3924));
#1873=EDGE_LOOP('',(#3925,#3926,#3927,#3928,#3929,#3930,#3931,#3932,#3933));
#1874=AXIS2_PLACEMENT_3D('',#3934,#3935,#3936);
#1875=EDGE_LOOP('',(#3937,#3938,#3939,#3940));
#1876=AXIS2_PLACEMENT_3D('',#3941,#3942,#3943);
#1877=EDGE_LOOP('',(#3944,#3945,#3946,#3947));
#1878=AXIS2_PLACEMENT_3D('',#3948,#3949,#3950);
#1879=EDGE_LOOP('',(#3951,#3952,#3953,#3954));
#1880=AXIS2_PLACEMENT_3D('',#3955,#3956,#3957);
#1881=EDGE_LOOP('',(#3958,#3959,#3960,#3961));
#1882=AXIS2_PLACEMENT_3D('',#3962,#3963,#3964);
#1883=EDGE_LOOP('',(#3965,#3966,#3967,#3968));
#1884=AXIS2_PLACEMENT_3D('',#3969,#3970,#3971);
#1885=EDGE_LOOP('',(#3972,#3973,#3974,#3975));
#1886=AXIS2_PLACEMENT_3D('',#3976,#3977,#3978);
#1887=EDGE_LOOP('',(#3979,#3980,#3981,#3982));
#1888=AXIS2_PLACEMENT_3D('',#3983,#3984,#3985);
#1889=EDGE_LOOP('',(#3986,#3987,#3988,#3989));
#1890=AXIS2_PLACEMENT_3D('',#3990,#3991,#3992);
#1891=EDGE_LOOP('',(#3993,#3994,#3995,#3996));
#1892=AXIS2_PLACEMENT_3D('',#3997,#3998,#3999);
#1893=EDGE_LOOP('',(#4000,#4001,#4002,#4003));
#1894=AXIS2_PLACEMENT_3D('',#4004,#4005,#4006);
#1895=EDGE_LOOP('',(#4007,#4008,#4009,#4010,#4011,#4012,#4013,#4014,#4015,#4016,#4017,#4018,#4019));
#1896=AXIS2_PLACEMENT_3D('',#4020,#4021,#4022);
#1897=EDGE_LOOP('',(#4023,#4024,#4025,#4026));
#1898=AXIS2_PLACEMENT_3D('',#4027,#4028,#4029);
#1899=EDGE_LOOP('',(#4030,#4031,#4032,#4033));
#1900=AXIS2_PLACEMENT_3D('',#4034,#4035,#4036);
#1901=EDGE_LOOP('',(#4037,#4038,#4039,#4040));
#1902=AXIS2_PLACEMENT_3D('',#4041,#4042,#4043);
#1903=EDGE_LOOP('',(#4044,#4045,#4046,#4047));
#1904=AXIS2_PLACEMENT_3D('',#4048,#4049,#4050);
#1905=EDGE_LOOP('',(#4051,#4052,#4053,#4054,#4055,#4056,#4057,#4058));
#1906=AXIS2_PLACEMENT_3D('',#4059,#4060,#4061);
#1907=EDGE_LOOP('',(#4062,#4063,#4064,#4065,#4066,#4067,#4068,#4069));
#1908=AXIS2_PLACEMENT_3D('',#4070,#4071,#4072);
#1909=EDGE_LOOP('',(#4073,#4074,#4075,#4076));
#1910=AXIS2_PLACEMENT_3D('',#4077,#4078,#4079);
#1911=EDGE_LOOP('',(#4080,#4081,#4082,#4083));
#1912=AXIS2_PLACEMENT_3D('',#4084,#4085,#4086);
#1913=EDGE_LOOP('',(#4087,#4088,#4089,#4090,#4091,#4092,#4093,#4094,#4095,#4096,#4097,#4098,#4099));
#1914=AXIS2_PLACEMENT_3D('',#4100,#4101,#4102);
#1915=EDGE_LOOP('',(#4103,#4104,#4105,#4106));
#1916=AXIS2_PLACEMENT_3D('',#4107,#4108,#4109);
#1917=EDGE_LOOP('',(#4110,#4111,#4112,#4113));
#1918=AXIS2_PLACEMENT_3D('',#4114,#4115,#4116);
#1919=EDGE_LOOP('',(#4117,#4118,#4119,#4120));
#1920=AXIS2_PLACEMENT_3D('',#4121,#4122,#4123);
#1921=EDGE_LOOP('',(#4124,#4125,#4126,#4127));
#1922=AXIS2_PLACEMENT_3D('',#4128,#4129,#4130);
#1923=EDGE_LOOP('',(#4131,#4132,#4133,#4134));
#1924=AXIS2_PLACEMENT_3D('',#4135,#4136,#4137);
#1925=EDGE_LOOP('',(#4138,#4139,#4140,#4141));
#1926=AXIS2_PLACEMENT_3D('',#4142,#4143,#4144);
#1927=EDGE_LOOP('',(#4145,#4146,#4147,#4148));
#1928=AXIS2_PLACEMENT_3D('',#4149,#4150,#4151);
#1929=EDGE_LOOP('',(#4152,#4153,#4154,#4155));
#1930=AXIS2_PLACEMENT_3D('',#4156,#4157,#4158);
#1931=EDGE_LOOP('',(#4159,#4160,#4161,#4162));
#1932=AXIS2_PLACEMENT_3D('',#4163,#4164,#4165);
#1933=EDGE_LOOP('',(#4166,#4167,#4168,#4169,#4170));
#1934=AXIS2_PLACEMENT_3D('',#4171,#4172,#4173);
#1935=EDGE_LOOP('',(#4174,#4175,#4176,#4177));
#1936=AXIS2_PLACEMENT_3D('',#4178,#4179,#4180);
#1937=EDGE_LOOP('',(#4181,#4182,#4183,#4184));
#1938=AXIS2_PLACEMENT_3D('',#4185,#4186,#4187);
#1939=EDGE_LOOP('',(#4188,#4189,#4190,#4191));
#1941=CARTESIAN_POINT('',(0.272674434335946,-0.447965753553807,-0.893275214709027));
#1942=CARTESIAN_POINT('',(0.272430453977888,-0.466111982292415,-0.862195834644127));
#1943=CARTESIAN_POINT('',(0.272305224629495,-0.475426012397507,-0.827432259311882));
#1944=CARTESIAN_POINT('',(0.272307601874431,-0.475249202960777,-0.79144279221608));
#1945=CARTESIAN_POINT('',(0.376168963983273,-0.449357262101721,-0.893275214709026));
#1946=CARTESIAN_POINT('',(0.386782829005446,-0.467649477151896,-0.862195834644126));
#1947=CARTESIAN_POINT('',(0.392230674933813,-0.477038438578736,-0.827432259311882));
#1948=CARTESIAN_POINT('',(0.392127257770736,-0.476860206711012,-0.791442792216081));
#1949=CARTESIAN_POINT('',(0.449357262101721,-0.376168963983273,-0.893275214709026));
#1950=CARTESIAN_POINT('',(0.467649477151894,-0.386782829005447,-0.862195834644126));
#1951=CARTESIAN_POINT('',(0.477038438578736,-0.392230674933813,-0.827432259311882));
#1952=CARTESIAN_POINT('',(0.476860206711012,-0.392127257770737,-0.791442792216081));
#1953=CARTESIAN_POINT('',(0.447965753553805,-0.272674434335946,-0.893275214709027));
#1954=CARTESIAN_POINT('',(0.466111982292321,-0.272430453977888,-0.862195834644126));
#1955=CARTESIAN_POINT('',(0.475426012397505,-0.272305224629496,-0.827432259311882));
#1956=CARTESIAN_POINT('',(0.475249202960777,-0.272307601874432,-0.79144279221608));
#1963=EDGE_LOOP('',(#4192,#4193,#4194,#4195));
#1964=AXIS2_PLACEMENT_3D('',#4196,#4197,#4198);
#1965=EDGE_LOOP('',(#4199,#4200,#4201,#4202,#4203));
#1966=AXIS2_PLACEMENT_3D('',#4204,#4205,#4206);
#1967=EDGE_LOOP('',(#4207,#4208,#4209,#4210));
#1968=AXIS2_PLACEMENT_3D('',#4211,#4212,#4213);
#1969=EDGE_LOOP('',(#4214,#4215,#4216,#4217));
#1970=AXIS2_PLACEMENT_3D('',#4218,#4219,#4220);
#1971=EDGE_LOOP('',(#4221,#4222,#4223,#4224));
#1972=AXIS2_PLACEMENT_3D('',#4225,#4226,#4227);
#1973=EDGE_LOOP('',(#4228,#4229,#4230,#4231));
#1974=AXIS2_PLACEMENT_3D('',#4232,#4233,#4234);
#1975=EDGE_LOOP('',(#4235,#4236,#4237,#4238));
#1976=AXIS2_PLACEMENT_3D('',#4239,#4240,#4241);
#1977=EDGE_LOOP('',(#4242,#4243,#4244,#4245));
#1978=AXIS2_PLACEMENT_3D('',#4246,#4247,#4248);
#1979=EDGE_LOOP('',(#4249,#4250,#4251,#4252,#4253,#4254,#4255,#4256,#4257,#4258,#4259,#4260));
#1980=AXIS2_PLACEMENT_3D('',#4261,#4262,#4263);
#1981=EDGE_LOOP('',(#4264,#4265,#4266,#4267));
#1982=AXIS2_PLACEMENT_3D('',#4268,#4269,#4270);
#1983=EDGE_LOOP('',(#4271,#4272,#4273,#4274,#4275));
#1984=AXIS2_PLACEMENT_3D('',#4276,#4277,#4278);
#1985=EDGE_LOOP('',(#4279,#4280,#4281,#4282));
#1986=AXIS2_PLACEMENT_3D('',#4283,#4284,#4285);
#1987=EDGE_LOOP('',(#4286,#4287,#4288,#4289));
#1989=CARTESIAN_POINT('',(-0.272674434335946,0.447965753553807,-0.893275214709027));
#1990=CARTESIAN_POINT('',(-0.272430453977888,0.466111982292415,-0.862195834644127));
#1991=CARTESIAN_POINT('',(-0.272305224629495,0.475426012397507,-0.827432259311882));
#1992=CARTESIAN_POINT('',(-0.272307601874431,0.475249202960777,-0.79144279221608));
#1993=CARTESIAN_POINT('',(-0.376168963983273,0.449357262101721,-0.893275214709027));
#1994=CARTESIAN_POINT('',(-0.386782829005447,0.467649477151896,-0.862195834644127));
#1995=CARTESIAN_POINT('',(-0.392230674933813,0.477038438578736,-0.827432259311882));
#1996=CARTESIAN_POINT('',(-0.392127257770737,0.476860206711012,-0.791442792216081));
#1997=CARTESIAN_POINT('',(-0.449357262101721,0.376168963983273,-0.893275214709027));
#1998=CARTESIAN_POINT('',(-0.467649477151896,0.386782829005446,-0.862195834644127));
#1999=CARTESIAN_POINT('',(-0.477038438578736,0.392230674933813,-0.827432259311882));
#2000=CARTESIAN_POINT('',(-0.476860206711012,0.392127257770736,-0.791442792216081));
#2001=CARTESIAN_POINT('',(-0.447965753553807,0.272674434335946,-0.893275214709027));
#2002=CARTESIAN_POINT('',(-0.466111982292415,0.272430453977888,-0.862195834644127));
#2003=CARTESIAN_POINT('',(-0.475426012397507,0.272305224629495,-0.827432259311882));
#2004=CARTESIAN_POINT('',(-0.475249202960777,0.272307601874431,-0.79144279221608));
#2011=EDGE_LOOP('',(#4290,#4291,#4292,#4293));
#2012=AXIS2_PLACEMENT_3D('',#4294,#4295,#4296);
#2013=EDGE_LOOP('',(#4297,#4298,#4299,#4300));
#2014=AXIS2_PLACEMENT_3D('',#4301,#4302,#4303);
#2015=EDGE_LOOP('',(#4304,#4305,#4306,#4307));
#2016=AXIS2_PLACEMENT_3D('',#4308,#4309,#4310);
#2017=EDGE_LOOP('',(#4311,#4312,#4313,#4314));
#2018=AXIS2_PLACEMENT_3D('',#4315,#4316,#4317);
#2019=EDGE_LOOP('',(#4318,#4319,#4320,#4321,#4322));
#2020=AXIS2_PLACEMENT_3D('',#4323,#4324,#4325);
#2021=EDGE_LOOP('',(#4326,#4327,#4328,#4329));
#2022=AXIS2_PLACEMENT_3D('',#4330,#4331,#4332);
#2023=EDGE_LOOP('',(#4333,#4334,#4335,#4336));
#2024=AXIS2_PLACEMENT_3D('',#4337,#4338,#4339);
#2025=EDGE_LOOP('',(#4340,#4341,#4342,#4343));
#2026=AXIS2_PLACEMENT_3D('',#4344,#4345,#4346);
#2027=EDGE_LOOP('',(#4347,#4348,#4349,#4350));
#2028=AXIS2_PLACEMENT_3D('',#4351,#4352,#4353);
#2029=EDGE_LOOP('',(#4354,#4355,#4356,#4357));
#2030=AXIS2_PLACEMENT_3D('',#4358,#4359,#4360);
#2031=EDGE_LOOP('',(#4361,#4362,#4363,#4364,#4365,#4366,#4367,#4368,#4369,#4370,#4371,#4372,#4373));
#2032=AXIS2_PLACEMENT_3D('',#4374,#4375,#4376);
#2033=EDGE_LOOP('',(#4377,#4378,#4379,#4380));
#2034=AXIS2_PLACEMENT_3D('',#4381,#4382,#4383);
#2035=EDGE_LOOP('',(#4384,#4385,#4386,#4387));
#2036=AXIS2_PLACEMENT_3D('',#4388,#4389,#4390);
#2037=EDGE_LOOP('',(#4391,#4392,#4393,#4394));
#2038=AXIS2_PLACEMENT_3D('',#4395,#4396,#4397);
#2039=EDGE_LOOP('',(#4398,#4399,#4400,#4401));
#2040=AXIS2_PLACEMENT_3D('',#4402,#4403,#4404);
#2041=EDGE_LOOP('',(#4405,#4406,#4407,#4408));
#2042=AXIS2_PLACEMENT_3D('',#4409,#4410,#4411);
#2043=EDGE_LOOP('',(#4412,#4413,#4414,#4415,#4416));
#2044=AXIS2_PLACEMENT_3D('',#4417,#4418,#4419);
#2045=EDGE_LOOP('',(#4420,#4421,#4422,#4423));
#2046=AXIS2_PLACEMENT_3D('',#4424,#4425,#4426);
#2047=EDGE_LOOP('',(#4427,#4428,#4429,#4430));
#2048=AXIS2_PLACEMENT_3D('',#4431,#4432,#4433);
#2049=EDGE_LOOP('',(#4434,#4435,#4436,#4437));
#2050=AXIS2_PLACEMENT_3D('',#4438,#4439,#4440);
#2051=EDGE_LOOP('',(#4441,#4442,#4443,#4444));
#2052=AXIS2_PLACEMENT_3D('',#4445,#4446,#4447);
#2053=EDGE_LOOP('',(#4448,#4449,#4450,#4451));
#2054=AXIS2_PLACEMENT_3D('',#4452,#4453,#4454);
#2055=EDGE_LOOP('',(#4455,#4456,#4457,#4458));
#2056=AXIS2_PLACEMENT_3D('',#4459,#4460,#4461);
#2057=EDGE_LOOP('',(#4462,#4463,#4464,#4465));
#2058=AXIS2_PLACEMENT_3D('',#4466,#4467,#4468);
#2059=EDGE_LOOP('',(#4469,#4470,#4471,#4472));
#2060=AXIS2_PLACEMENT_3D('',#4473,#4474,#4475);
#2061=EDGE_LOOP('',(#4476,#4477,#4478,#4479));
#2062=AXIS2_PLACEMENT_3D('',#4480,#4481,#4482);
#2063=EDGE_LOOP('',(#4483,#4484,#4485,#4486));
#2065=CARTESIAN_POINT('',(-0.272669604167965,0.620946000087535,-0.993141100951254));
#2066=CARTESIAN_POINT('',(-0.272428595854572,0.656723553779296,-0.9315215310493));
#2067=CARTESIAN_POINT('',(-0.272304369418041,0.675164901044834,-0.86269592457244));
#2068=CARTESIAN_POINT('',(-0.272305549512976,0.674989716598356,-0.791442628949613));
#2069=CARTESIAN_POINT('',(-0.477491502475986,0.622325741717748,-0.993141100951253));
#2070=CARTESIAN_POINT('',(-0.498433067344824,0.658245987564469,-0.931521531049297));
#2071=CARTESIAN_POINT('',(-0.509227284114334,0.676760884732449,-0.862695924572355));
#2072=CARTESIAN_POINT('',(-0.509124743943973,0.676585001595114,-0.791442628949697));
#2073=CARTESIAN_POINT('',(-0.622325741717748,0.477491502475986,-0.993141100951253));
#2074=CARTESIAN_POINT('',(-0.658245987564469,0.498433067344824,-0.931521531049299));
#2075=CARTESIAN_POINT('',(-0.676760884732449,0.509227284114334,-0.862695924572441));
#2076=CARTESIAN_POINT('',(-0.676585001595114,0.509124743943973,-0.791442628949613));
#2077=CARTESIAN_POINT('',(-0.620946000087536,0.272669604167965,-0.993141100951254));
#2078=CARTESIAN_POINT('',(-0.656723553779296,0.272428595854572,-0.9315215310493));
#2079=CARTESIAN_POINT('',(-0.675164901044834,0.272304369418041,-0.862695924572444));
#2080=CARTESIAN_POINT('',(-0.674989716598356,0.272305549512976,-0.79144262894961));
#2087=EDGE_LOOP('',(#4487,#4488,#4489,#4490));
#2088=AXIS2_PLACEMENT_3D('',#4491,#4492,#4493);
#2089=EDGE_LOOP('',(#4494,#4495,#4496,#4497));
#2090=AXIS2_PLACEMENT_3D('',#4498,#4499,#4500);
#2091=EDGE_LOOP('',(#4501,#4502,#4503,#4504));
#2092=AXIS2_PLACEMENT_3D('',#4505,#4506,#4507);
#2093=EDGE_LOOP('',(#4508,#4509,#4510,#4511));
#2094=AXIS2_PLACEMENT_3D('',#4512,#4513,#4514);
#2095=EDGE_LOOP('',(#4515,#4516,#4517,#4518));
#2096=AXIS2_PLACEMENT_3D('',#4519,#4520,#4521);
#2097=EDGE_LOOP('',(#4522,#4523,#4524));
#2098=AXIS2_PLACEMENT_3D('',#4525,#4526,#4527);
#2099=EDGE_LOOP('',(#4528,#4529,#4530,#4531,#4532));
#2100=AXIS2_PLACEMENT_3D('',#4533,#4534,#4535);
#2101=EDGE_LOOP('',(#4536,#4537,#4538));
#2102=AXIS2_PLACEMENT_3D('',#4539,#4540,#4541);
#2103=EDGE_LOOP('',(#4542,#4543,#4544,#4545));
#2104=AXIS2_PLACEMENT_3D('',#4546,#4547,#4548);
#2105=EDGE_LOOP('',(#4549,#4550,#4551,#4552));
#2106=AXIS2_PLACEMENT_3D('',#4553,#4554,#4555);
#2107=EDGE_LOOP('',(#4556,#4557,#4558,#4559));
#2108=AXIS2_PLACEMENT_3D('',#4560,#4561,#4562);
#2109=EDGE_LOOP('',(#4563,#4564,#4565,#4566));
#2110=AXIS2_PLACEMENT_3D('',#4567,#4568,#4569);
#2111=EDGE_LOOP('',(#4570,#4571,#4572,#4573));
#2112=AXIS2_PLACEMENT_3D('',#4574,#4575,#4576);
#2113=EDGE_LOOP('',(#4577,#4578,#4579,#4580));
#2115=CARTESIAN_POINT('',(0.272669604167965,-0.620946000087535,-0.993141100951254));
#2116=CARTESIAN_POINT('',(0.272428595854572,-0.656723553779296,-0.931521531049301));
#2117=CARTESIAN_POINT('',(0.272304369418041,-0.675164901044834,-0.862695924572444));
#2118=CARTESIAN_POINT('',(0.272305549512976,-0.674989716598356,-0.791442628949614));
#2119=CARTESIAN_POINT('',(0.477491502475986,-0.622325741717748,-0.993141100951253));
#2120=CARTESIAN_POINT('',(0.498433067344824,-0.658245987564469,-0.931521531049298));
#2121=CARTESIAN_POINT('',(0.509227284114334,-0.676760884732449,-0.862695924572357));
#2122=CARTESIAN_POINT('',(0.509124743943973,-0.676585001595115,-0.791442628949611));
#2123=CARTESIAN_POINT('',(0.622325741717748,-0.477491502475986,-0.993141100951253));
#2124=CARTESIAN_POINT('',(0.658245987564468,-0.498433067344824,-0.931521531049301));
#2125=CARTESIAN_POINT('',(0.676760884732449,-0.509227284114333,-0.862695924572444));
#2126=CARTESIAN_POINT('',(0.676585001595113,-0.509124743943973,-0.791442628949615));
#2127=CARTESIAN_POINT('',(0.620946000087535,-0.272669604167965,-0.993141100951254));
#2128=CARTESIAN_POINT('',(0.656723553779295,-0.272428595854572,-0.931521531049301));
#2129=CARTESIAN_POINT('',(0.675164901044832,-0.272304369418041,-0.862695924572447));
#2130=CARTESIAN_POINT('',(0.674989716598264,-0.272305549512976,-0.791442628949614));
#2137=EDGE_LOOP('',(#4581,#4582,#4583,#4584));
#2138=AXIS2_PLACEMENT_3D('',#4585,#4586,#4587);
#2139=EDGE_LOOP('',(#4588,#4589,#4590,#4591));
#2140=AXIS2_PLACEMENT_3D('',#4592,#4593,#4594);
#2141=EDGE_LOOP('',(#4595,#4596,#4597,#4598));
#2142=CARTESIAN_POINT('',(-0.1091001610446,-0.5119758927516,-8.128008085745));
#2143=CARTESIAN_POINT('',(-0.163205072537617,-0.516316356663665,-7.65100021015285));
#2144=CARTESIAN_POINT('',(-0.217309984030731,-0.520656820575634,-7.17399233456166));
#2145=CARTESIAN_POINT('',(-0.271414895523751,-0.524997284487696,-6.69698445896954));
#2146=CARTESIAN_POINT('',(-0.1100604690969,-0.5117481870221,-8.128008085745));
#2147=CARTESIAN_POINT('',(-0.164284012920584,-0.516171453236217,-7.65100021015285));
#2148=CARTESIAN_POINT('',(-0.218507556744269,-0.52059471945043,-7.17399233456166));
#2149=CARTESIAN_POINT('',(-0.272731100567858,-0.52501798566455,-6.69698445896954));
#2150=CARTESIAN_POINT('',(-0.1274175297072,-0.5075812261778,-8.128008085745));
#2151=CARTESIAN_POINT('',(-0.183700639129529,-0.513456300668245,-7.65100021015285));
#2152=CARTESIAN_POINT('',(-0.239983748551762,-0.519331375158787,-7.17399233456166));
#2153=CARTESIAN_POINT('',(-0.296266857974087,-0.525206449649236,-6.69698445896954));
#2154=CARTESIAN_POINT('',(-0.1646078114038,-0.4968003128744,-8.128008085745));
#2155=CARTESIAN_POINT('',(-0.222404782711886,-0.504300631422791,-7.65100021015285));
#2156=CARTESIAN_POINT('',(-0.280201754020068,-0.511800949971279,-7.17399233456166));
#2157=CARTESIAN_POINT('',(-0.337998725328157,-0.519301268519673,-6.69698445896954));
#2158=CARTESIAN_POINT('',(-0.2244395518964,-0.4713429203465,-8.128008085745));
#2159=CARTESIAN_POINT('',(-0.279064261195146,-0.480895257120013,-7.65100021015285));
#2160=CARTESIAN_POINT('',(-0.333688970493794,-0.49044759389343,-7.17399233456166));
#2161=CARTESIAN_POINT('',(-0.388313679792537,-0.49999993066694,-6.69698445896954));
#2162=CARTESIAN_POINT('',(-0.2856509832255,-0.4348046887915,-8.128008085745));
#2163=CARTESIAN_POINT('',(-0.333493740463392,-0.447845410142866,-7.65100021015285));
#2164=CARTESIAN_POINT('',(-0.38133649770138,-0.460886131494135,-7.17399233456166));
#2165=CARTESIAN_POINT('',(-0.429179254939275,-0.473926852845403,-6.69698445896954));
#2166=CARTESIAN_POINT('',(-0.3439192240933,-0.3872673667338,-8.128008085745));
#2167=CARTESIAN_POINT('',(-0.383290660774601,-0.40591239277884,-7.65100021015285));
#2168=CARTESIAN_POINT('',(-0.422662097455902,-0.42455741882388,-7.17399233456166));
#2169=CARTESIAN_POINT('',(-0.462033534137202,-0.443202444868921,-6.69698445896954));
#2170=CARTESIAN_POINT('',(-0.3953835027894,-0.3303226631058,-8.128008085745));
#2171=CARTESIAN_POINT('',(-0.426278016668095,-0.356414895167086,-7.65100021015285));
#2172=CARTESIAN_POINT('',(-0.45717253054679,-0.382507127228372,-7.17399233456166));
#2173=CARTESIAN_POINT('',(-0.488067044425486,-0.408599359289752,-6.69698445896954));
#2174=CARTESIAN_POINT('',(-0.4371726604983,-0.2669032660304,-8.128008085745));
#2175=CARTESIAN_POINT('',(-0.460752150041651,-0.30124662030619,-7.65100021015285));
#2176=CARTESIAN_POINT('',(-0.484331639585098,-0.33558997458198,-7.17399233456166));
#2177=CARTESIAN_POINT('',(-0.507911129128453,-0.369933328857865,-6.69698445896954));
#2178=CARTESIAN_POINT('',(-0.4626995599167,-0.2118825058614,-8.128008085745));
#2179=CARTESIAN_POINT('',(-0.481506806712724,-0.252465450996472,-7.65100021015285));
#2180=CARTESIAN_POINT('',(-0.500314053508651,-0.293048396131448,-7.17399233456166));
#2181=CARTESIAN_POINT('',(-0.519121300304672,-0.333631341266517,-6.69698445896954));
#2182=CARTESIAN_POINT('',(-0.4775865544798,-0.1687022388745,-8.128008085745));
#2183=CARTESIAN_POINT('',(-0.493104763646222,-0.212965670646401,-7.65100021015285));
#2184=CARTESIAN_POINT('',(-0.508622972812547,-0.257229102418398,-7.17399233456166));
#2185=CARTESIAN_POINT('',(-0.524141181978965,-0.301492534190302,-6.69698445896954));
#2186=CARTESIAN_POINT('',(-0.4837332343208,-0.1461995640626,-8.128008085745));
#2187=CARTESIAN_POINT('',(-0.497541311072699,-0.191800573446906,-7.65100021015285));
#2188=CARTESIAN_POINT('',(-0.511349387824501,-0.237401582831115,-7.17399233456166));
#2189=CARTESIAN_POINT('',(-0.525157464576397,-0.283002592215417,-6.69698445896954));
#2190=CARTESIAN_POINT('',(-0.4864950155363,-0.1344997790367,-8.128008085745));
#2191=CARTESIAN_POINT('',(-0.49935367630767,-0.180549790014506,-7.65100021015285));
#2192=CARTESIAN_POINT('',(-0.51221233707904,-0.226599800992215,-7.17399233456166));
#2193=CARTESIAN_POINT('',(-0.52507099785041,-0.272649811970018,-6.69698445896954));
#2194=CARTESIAN_POINT('',(-0.4868398314253,-0.1330088341218,-8.128008085745));
#2195=CARTESIAN_POINT('',(-0.499576342817969,-0.179111762982386,-7.65100021015285));
#2196=CARTESIAN_POINT('',(-0.512312854210637,-0.225214691842972,-7.17399233456166));
#2197=CARTESIAN_POINT('',(-0.525049365603306,-0.271317620703652,-6.69698445896954));
#2198=EDGE_LOOP('',(#4599,#4600,#4601,#4602,#4603));
#2199=CARTESIAN_POINT('',(0.000591574586889036,-0.524999655553777,-8.10715675003321));
#2200=CARTESIAN_POINT('',(0.000863731464211149,-0.524999770953099,-7.63571891667835));
#2201=CARTESIAN_POINT('',(0.00113588834153296,-0.524999886352491,-7.16428108332257));
#2202=CARTESIAN_POINT('',(0.00140804521885534,-0.525000001751808,-6.69284324996678));
#2203=CARTESIAN_POINT('',(0.00039387440115519,-0.524999885488474,-8.10715675003321));
#2204=CARTESIAN_POINT('',(0.000575693359589419,-0.524999923853078,-7.63571891667835));
#2205=CARTESIAN_POINT('',(0.000757512318023303,-0.524999962217761,-7.16428108332257));
#2206=CARTESIAN_POINT('',(0.000939331276457729,-0.525000000582359,-6.69284324996678));
#2207=CARTESIAN_POINT('',(-0.00462502569201571,-0.525002800086966,-8.10715675003321));
#2208=CARTESIAN_POINT('',(-0.0067522880417736,-0.525001861977653,-7.63571891667835));
#2209=CARTESIAN_POINT('',(-0.00887955039153172,-0.525000923868248,-7.16428108332257));
#2210=CARTESIAN_POINT('',(-0.0110068127412942,-0.524999985758841,-6.69284324996678));
#2211=CARTESIAN_POINT('',(-0.0138300665891612,-0.524863062082063,-8.10715675003321));
#2212=CARTESIAN_POINT('',(-0.0209625342170848,-0.524908940208546,-7.63571891667835));
#2213=CARTESIAN_POINT('',(-0.0280950018450176,-0.524954818335028,-7.16428108332257));
#2214=CARTESIAN_POINT('',(-0.0352274694729412,-0.525000696461417,-6.69284324996678));
#2215=CARTESIAN_POINT('',(-0.0309314771962599,-0.52414805658395,-8.10715675003321));
#2216=CARTESIAN_POINT('',(-0.0488119302409499,-0.524433482040736,-7.63571891667835));
#2217=CARTESIAN_POINT('',(-0.0666923832856399,-0.524718907497614,-7.16428108332257));
#2218=CARTESIAN_POINT('',(-0.0845728363303299,-0.5250043329544,-6.69284324996678));
#2219=CARTESIAN_POINT('',(-0.0518336952426028,-0.522470537574914,-8.10715675003321));
#2220=CARTESIAN_POINT('',(-0.0837756029649917,-0.523317979969112,-7.63571891667835));
#2221=CARTESIAN_POINT('',(-0.115717510687345,-0.524165422363219,-7.16428108332257));
#2222=CARTESIAN_POINT('',(-0.147659418409781,-0.525012864757418,-6.69284324996678));
#2223=CARTESIAN_POINT('',(-0.0749034853249545,-0.519419335807262,-8.10715675003321));
#2224=CARTESIAN_POINT('',(-0.118934017881353,-0.521289018225785,-7.63571891667835));
#2225=CARTESIAN_POINT('',(-0.162964550437651,-0.5231587006444,-7.16428108332257));
#2226=CARTESIAN_POINT('',(-0.20699508299404,-0.525028383062924,-6.69284324996678));
#2227=CARTESIAN_POINT('',(-0.0961758570811637,-0.515563017136787,-8.10715675003321));
#2228=CARTESIAN_POINT('',(-0.14706372135072,-0.5187246768128,-7.63571891667835));
#2229=CARTESIAN_POINT('',(-0.19795158562022,-0.521886336488903,-7.16428108332257));
#2230=CARTESIAN_POINT('',(-0.24883944988972,-0.525047996164915,-6.69284324996678));
#2231=CARTESIAN_POINT('',(-0.108024627135238,-0.51299499028152,-8.10715675003321));
#2232=CARTESIAN_POINT('',(-0.161126183400929,-0.517017012540969,-7.63571891667835));
#2233=CARTESIAN_POINT('',(-0.214227739666619,-0.521039034800331,-7.16428108332257));
#2234=CARTESIAN_POINT('',(-0.267329295932308,-0.525061057059689,-6.69284324996678));
#2235=CARTESIAN_POINT('',(-0.114384428589189,-0.51147891449235,-8.10715675003321));
#2236=CARTESIAN_POINT('',(-0.168198164989557,-0.516008865584358,-7.63571891667835));
#2237=CARTESIAN_POINT('',(-0.222011901389843,-0.520538816676273,-7.16428108332257));
#2238=CARTESIAN_POINT('',(-0.275825637790211,-0.525068767768187,-6.69284324996678));
#2239=CARTESIAN_POINT('',(-0.114387692019394,-0.511478136508568,-8.10715675003321));
#2240=CARTESIAN_POINT('',(-0.168201793746793,-0.516008348247436,-7.63571891667835));
#2241=CARTESIAN_POINT('',(-0.22201589547411,-0.520538559986212,-7.16428108332257));
#2242=CARTESIAN_POINT('',(-0.275829997201509,-0.525068771724986,-6.69284324996678));
#2243=EDGE_LOOP('',(#4604,#4605,#4606,#4607,#4608));
#2244=CARTESIAN_POINT('',(0.114387692019434,-0.511478136508566,-8.10715675003324));
#2245=CARTESIAN_POINT('',(0.168201793746789,-0.51600834824742,-7.63571891667775));
#2246=CARTESIAN_POINT('',(0.222015895474145,-0.520538559986182,-7.16428108332225));
#2247=CARTESIAN_POINT('',(0.2758299972015,-0.525068771724952,-6.69284324996676));
#2248=CARTESIAN_POINT('',(0.114384428589206,-0.511478914492353,-8.10715675003324));
#2249=CARTESIAN_POINT('',(0.168198164989527,-0.516008865584346,-7.63571891667775));
#2250=CARTESIAN_POINT('',(0.222011901389849,-0.520538816676246,-7.16428108332225));
#2251=CARTESIAN_POINT('',(0.27582563779017,-0.525068767768154,-6.69284324996676));
#2252=CARTESIAN_POINT('',(0.108024627135291,-0.512994990281525,-8.10715675003324));
#2253=CARTESIAN_POINT('',(0.161126183400949,-0.517017012540948,-7.63571891667775));
#2254=CARTESIAN_POINT('',(0.214227739666611,-0.521039034800285,-7.16428108332225));
#2255=CARTESIAN_POINT('',(0.267329295932272,-0.525061057059711,-6.69284324996676));
#2256=CARTESIAN_POINT('',(0.0961758570812015,-0.515563017136863,-8.10715675003324));
#2257=CARTESIAN_POINT('',(0.147063721350667,-0.518724676812815,-7.63571891667775));
#2258=CARTESIAN_POINT('',(0.197951585620217,-0.52188633648886,-7.16428108332225));
#2259=CARTESIAN_POINT('',(0.248839449889768,-0.525047996164907,-6.69284324996676));
#2260=CARTESIAN_POINT('',(0.0749034853249943,-0.519419335807296,-8.10715675003324));
#2261=CARTESIAN_POINT('',(0.118934017881337,-0.521289018225788,-7.63571891667775));
#2262=CARTESIAN_POINT('',(0.162964550437679,-0.523158700644375,-7.16428108332225));
#2263=CARTESIAN_POINT('',(0.206995082994022,-0.525028383062962,-6.69284324996676));
#2264=CARTESIAN_POINT('',(0.051833695242626,-0.522470537574852,-8.10715675003324));
#2265=CARTESIAN_POINT('',(0.0837756029650105,-0.523317979969091,-7.63571891667775));
#2266=CARTESIAN_POINT('',(0.115717510687367,-0.524165422363239,-7.16428108332225));
#2267=CARTESIAN_POINT('',(0.147659418409714,-0.525012864757478,-6.69284324996676));
#2268=CARTESIAN_POINT('',(0.0309314771962709,-0.524148056583917,-8.10715675003324));
#2269=CARTESIAN_POINT('',(0.0488119302409592,-0.524433482040796,-7.63571891667775));
#2270=CARTESIAN_POINT('',(0.0666923832856473,-0.524718907497584,-7.16428108332225));
#2271=CARTESIAN_POINT('',(0.0845728363303261,-0.525004332954463,-6.69284324996676));
#2272=CARTESIAN_POINT('',(0.0138300665891702,-0.524863062082102,-8.10715675003324));
#2273=CARTESIAN_POINT('',(0.0209625342170962,-0.524908940208506,-7.63571891667775));
#2274=CARTESIAN_POINT('',(0.0280950018450129,-0.524954818335003,-7.16428108332225));
#2275=CARTESIAN_POINT('',(0.0352274694729388,-0.525000696461502,-6.69284324996676));
#2276=CARTESIAN_POINT('',(0.00462502569202278,-0.525002800086954,-8.10715675003324));
#2277=CARTESIAN_POINT('',(0.00675228804178331,-0.525001861977583,-7.63571891667775));
#2278=CARTESIAN_POINT('',(0.0088795503915446,-0.525000923868214,-7.16428108332225));
#2279=CARTESIAN_POINT('',(0.0110068127413079,-0.524999985758845,-6.69284324996676));
#2280=CARTESIAN_POINT('',(-0.000393874401144412,-0.52499988548848,-8.10715675003324));
#2281=CARTESIAN_POINT('',(-0.000575693359573667,-0.524999923853105,-7.63571891667775));
#2282=CARTESIAN_POINT('',(-0.000757512318002256,-0.52499996221773,-7.16428108332225));
#2283=CARTESIAN_POINT('',(-0.0009393312764307,-0.525000000582356,-6.69284324996676));
#2284=CARTESIAN_POINT('',(-0.000591574586887269,-0.524999655553786,-8.10715675003324));
#2285=CARTESIAN_POINT('',(-0.000863731464208429,-0.524999770953129,-7.63571891667775));
#2286=CARTESIAN_POINT('',(-0.00113588834152902,-0.52499988635246,-7.16428108332225));
#2287=CARTESIAN_POINT('',(-0.00140804521884951,-0.525000001751803,-6.69284324996676));
#2288=EDGE_LOOP('',(#4609,#4610,#4611,#4612,#4613));
#2289=AXIS2_PLACEMENT_3D('',#4614,#4615,#4616);
#2290=EDGE_LOOP('',(#4617,#4618,#4619,#4620));
#2291=AXIS2_PLACEMENT_3D('',#4621,#4622,#4623);
#2292=EDGE_LOOP('',(#4624,#4625,#4626,#4627,#4628));
#2293=CARTESIAN_POINT('',(-0.000742083497771784,-0.724999610518778,-8.10639656919386));
#2294=CARTESIAN_POINT('',(-0.000914049742568021,-0.724999740936331,-7.63546552306524));
#2295=CARTESIAN_POINT('',(-0.00108601598736344,-0.724999871353892,-7.16453447693569));
#2296=CARTESIAN_POINT('',(-0.00125798223215968,-0.725000001771458,-6.69360343080613));
#2297=CARTESIAN_POINT('',(-0.000494421142139869,-0.724999870316507,-8.10639656919386));
#2298=CARTESIAN_POINT('',(-0.000609258380876269,-0.724999913740952,-7.63546552306524));
#2299=CARTESIAN_POINT('',(-0.000724095619611898,-0.724999957165396,-7.16453447693569));
#2300=CARTESIAN_POINT('',(-0.000838932858348298,-0.725000000589847,-6.69360343080613));
#2301=CARTESIAN_POINT('',(0.00652027857484322,-0.725003547934047,-8.10639656919386));
#2302=CARTESIAN_POINT('',(0.00803104040892296,-0.725002359910445,-7.63546552306524));
#2303=CARTESIAN_POINT('',(0.00954180224300181,-0.725001171886845,-7.16453447693569));
#2304=CARTESIAN_POINT('',(0.0110525640770815,-0.724999983863335,-6.69360343080613));
#2305=CARTESIAN_POINT('',(0.0198343491317352,-0.724805868288161,-8.10639656919386));
#2306=CARTESIAN_POINT('',(0.0248400809340651,-0.724870873175229,-7.63546552306524));
#2307=CARTESIAN_POINT('',(0.0298458127363951,-0.724935878062298,-7.16453447693569));
#2308=CARTESIAN_POINT('',(0.034851544538725,-0.725000882949367,-6.69360343080613));
#2309=CARTESIAN_POINT('',(0.0454431213104617,-0.723711652780364,-8.10639656919386));
#2310=CARTESIAN_POINT('',(0.0578366514458057,-0.724143055072708,-7.63546552306524));
#2311=CARTESIAN_POINT('',(0.0702301815811405,-0.724574457365053,-7.16453447693569));
#2312=CARTESIAN_POINT('',(0.0826237117164844,-0.725005859657491,-6.69360343080613));
#2313=CARTESIAN_POINT('',(0.077190789999545,-0.721041502472007,-8.10639656919386));
#2314=CARTESIAN_POINT('',(0.0991637394802839,-0.722367002990651,-7.63546552306524));
#2315=CARTESIAN_POINT('',(0.121136688961041,-0.723692503509387,-7.16453447693569));
#2316=CARTESIAN_POINT('',(0.143109638441799,-0.725018004028125,-6.69360343080613));
#2317=CARTESIAN_POINT('',(0.110219540373468,-0.716412627356693,-8.10639656919386));
#2318=CARTESIAN_POINT('',(0.140658921786313,-0.719288103926408,-7.63546552306524));
#2319=CARTESIAN_POINT('',(0.17109830319925,-0.722163580496122,-7.16453447693569));
#2320=CARTESIAN_POINT('',(0.201537684612096,-0.725039057065743,-6.69360343080613));
#2321=CARTESIAN_POINT('',(0.138304785481143,-0.711158023136233,-8.10639656919386));
#2322=CARTESIAN_POINT('',(0.173934683793061,-0.715793000771817,-7.63546552306524));
#2323=CARTESIAN_POINT('',(0.209564582104981,-0.720427978407311,-7.16453447693569));
#2324=CARTESIAN_POINT('',(0.245194480416994,-0.725062956042895,-6.69360343080613));
#2325=CARTESIAN_POINT('',(0.153258756148728,-0.707871120617279,-8.10639656919386));
#2326=CARTESIAN_POINT('',(0.190823122049312,-0.713606715586269,-7.63546552306524));
#2327=CARTESIAN_POINT('',(0.228387487949987,-0.719342310555346,-7.16453447693569));
#2328=CARTESIAN_POINT('',(0.265951853850665,-0.725077905524336,-6.69360343080613));
#2329=CARTESIAN_POINT('',(0.161152557779491,-0.705987672094526,-8.10639656919386));
#2330=CARTESIAN_POINT('',(0.199445077825678,-0.71235393866972,-7.63546552306524));
#2331=CARTESIAN_POINT('',(0.237737597871787,-0.718720205244836,-7.16453447693569));
#2332=CARTESIAN_POINT('',(0.276030117917895,-0.72508647182003,-6.69360343080613));
#2333=CARTESIAN_POINT('',(0.161352581694143,-0.705939855080754,-8.10639656919386));
#2334=CARTESIAN_POINT('',(0.199663371213202,-0.712322133154275,-7.63546552306524));
#2335=CARTESIAN_POINT('',(0.237974160732183,-0.718704411227725,-7.16453447693569));
#2336=CARTESIAN_POINT('',(0.276284950251168,-0.725086689301247,-6.69360343080613));
#2337=EDGE_LOOP('',(#4629,#4630,#4631,#4632,#4633));
#2338=AXIS2_PLACEMENT_3D('',#4634,#4635,#4636);
#2339=EDGE_LOOP('',(#4637,#4638,#4639,#4640));
#2340=AXIS2_PLACEMENT_3D('',#4641,#4642,#4643);
#2341=EDGE_LOOP('',(#4644,#4645,#4646,#4647));
#2342=AXIS2_PLACEMENT_3D('',#4648,#4649,#4650);
#2343=EDGE_LOOP('',(#4651,#4652,#4653,#4654,#4655));
#2344=AXIS2_PLACEMENT_3D('',#4656,#4657,#4658);
#2345=EDGE_LOOP('',(#4659,#4660,#4661,#4662,#4663));
#2346=AXIS2_PLACEMENT_3D('',#4664,#4665,#4666);
#2347=EDGE_LOOP('',(#4667,#4668,#4669,#4670,#4671,#4672,#4673,#4674,#4675,#4676,#4677,#4678,#4679,#4680,#4681));
#2348=AXIS2_PLACEMENT_3D('',#4682,#4683,#4684);
#2349=EDGE_LOOP('',(#4685,#4686,#4687,#4688,#4689,#4690,#4691));
#2350=CARTESIAN_POINT('',(0.00107670328174359,-0.725000000884992,-14.5014352387304));
#2351=CARTESIAN_POINT('',(0.00102547888589409,-0.724999835568558,-14.2333457736379));
#2352=CARTESIAN_POINT('',(0.00097425449004339,-0.724999670252125,-13.9652563085364));
#2353=CARTESIAN_POINT('',(0.000923030094193887,-0.724999504935691,-13.6971668434439));
#2354=CARTESIAN_POINT('',(0.000717802187983693,-0.725000000268543,-14.5014352387304));
#2355=CARTESIAN_POINT('',(0.000683652562154827,-0.724999950099217,-14.2333457736379));
#2356=CARTESIAN_POINT('',(0.000649502936324734,-0.724999899929891,-13.9652563085364));
#2357=CARTESIAN_POINT('',(0.000615353310495871,-0.724999849760566,-13.6971668434439));
#2358=CARTESIAN_POINT('',(-0.0996665751380017,-0.72499991773362,-14.5014352387304));
#2359=CARTESIAN_POINT('',(-0.094924922874274,-0.725015284340593,-14.2333457736379));
#2360=CARTESIAN_POINT('',(-0.0901832706105578,-0.725030650947565,-13.9652563085364));
#2361=CARTESIAN_POINT('',(-0.08544161834683,-0.725046017554539,-13.6971668434439));
#2362=CARTESIAN_POINT('',(-0.300076494339921,-0.725049979068594,-14.5014352387304));
#2363=CARTESIAN_POINT('',(-0.285788051417465,-0.71571434626992,-14.2333457736379));
#2364=CARTESIAN_POINT('',(-0.2714996084951,-0.706378713471155,-13.9652563085364));
#2365=CARTESIAN_POINT('',(-0.257211165572644,-0.697043080672481,-13.6971668434439));
#2366=CARTESIAN_POINT('',(-0.646085570342987,-0.725300148248994,-14.5014352387304));
#2367=CARTESIAN_POINT('',(-0.605164042413924,-0.669235201117954,-14.2333457736379));
#2368=CARTESIAN_POINT('',(-0.564242514484863,-0.613170253986823,-13.9652563085364));
#2369=CARTESIAN_POINT('',(-0.5233209865558,-0.557105306855783,-13.6971668434439));
#2370=CARTESIAN_POINT('',(-0.892144806870648,-0.725599341873579,-14.5014352387304));
#2371=CARTESIAN_POINT('',(-0.815220666808773,-0.6136477627283,-14.2333457736379));
#2372=CARTESIAN_POINT('',(-0.738296526746899,-0.501696183583017,-13.9652563085364));
#2373=CARTESIAN_POINT('',(-0.661372386685024,-0.389744604437738,-13.6971668434439));
#2374=CARTESIAN_POINT('',(-1.03817364861534,-0.725800683986354,-14.5014352387304));
#2375=CARTESIAN_POINT('',(-0.930924363829688,-0.57624024007627,-14.2333457736379));
#2376=CARTESIAN_POINT('',(-0.823675079044114,-0.426679796166185,-13.9652563085364));
#2377=CARTESIAN_POINT('',(-0.71642579425846,-0.277119352256101,-13.6971668434439));
#2378=EDGE_LOOP('',(#4692,#4693,#4694,#4695));
#2379=CARTESIAN_POINT('',(-0.559666535046,-0.6685401338037,-14.23638258203));
#2380=CARTESIAN_POINT('',(-0.546016108036816,-0.650785656846264,-14.1471641048561));
#2381=CARTESIAN_POINT('',(-0.532365681027632,-0.633031179888828,-14.0579456276822));
#2382=CARTESIAN_POINT('',(-0.518715254018354,-0.615276702931487,-13.9687271504989));
#2383=CARTESIAN_POINT('',(-0.5599301524654,-0.669785594671,-14.23638258203));
#2384=CARTESIAN_POINT('',(-0.546368943933851,-0.652001378221052,-14.1471641048561));
#2385=CARTESIAN_POINT('',(-0.532807735402302,-0.634217161771104,-14.0579456276822));
#2386=CARTESIAN_POINT('',(-0.519246526870659,-0.616432945321156,-13.9687271504989));
#2387=CARTESIAN_POINT('',(-0.5733746407834,-0.7333040985721,-14.23638258203));
#2388=CARTESIAN_POINT('',(-0.564363574588278,-0.714003168010009,-14.1471641048561));
#2389=CARTESIAN_POINT('',(-0.555352508393061,-0.694702237447919,-14.0579456276822));
#2390=CARTESIAN_POINT('',(-0.546341442197936,-0.675401306885828,-13.9687271504989));
#2391=CARTESIAN_POINT('',(-0.587082746584,-0.7980680636391,-14.23638258203));
#2392=CARTESIAN_POINT('',(-0.582711041224234,-0.777220679465191,-14.1471641048561));
#2393=CARTESIAN_POINT('',(-0.578339335864565,-0.756373295291283,-14.0579456276822));
#2394=CARTESIAN_POINT('',(-0.573967630504803,-0.735525911117374,-13.9687271504989));
#2395=CARTESIAN_POINT('',(-0.6005272349652,-0.8615865678387,-14.23638258203));
#2396=CARTESIAN_POINT('',(-0.600705671963253,-0.839222469545584,-14.1471641048561));
#2397=CARTESIAN_POINT('',(-0.600884108961307,-0.816858371252468,-14.0579456276822));
#2398=CARTESIAN_POINT('',(-0.60106254595936,-0.794494272959257,-13.9687271504989));
#2399=CARTESIAN_POINT('',(-0.6007908524477,-0.8628320290046,-14.23638258203));
#2400=CARTESIAN_POINT('',(-0.601058507944878,-0.840438191211808,-14.1471641048561));
#2401=CARTESIAN_POINT('',(-0.60132616344196,-0.81804435341892,-14.0579456276822));
#2402=CARTESIAN_POINT('',(-0.60159381893904,-0.795650515626125,-13.9687271504989));
#2403=EDGE_LOOP('',(#4696,#4697,#4698,#4699));
#2405=CARTESIAN_POINT('',(-0.880532910842295,-0.668017052699448,-13.7001172050585));
#2406=CARTESIAN_POINT('',(-0.875806710912285,-0.657755887070498,-13.7001172050585));
#2407=CARTESIAN_POINT('',(-0.857816211097033,-0.618272662819996,-13.7001172050585));
#2408=CARTESIAN_POINT('',(-0.827669799410959,-0.549199911092309,-13.7001172050585));
#2409=CARTESIAN_POINT('',(-0.791038839228475,-0.459391108276503,-13.7001172050585));
#2410=CARTESIAN_POINT('',(-0.756190001822175,-0.367662359367761,-13.7001172050585));
#2411=CARTESIAN_POINT('',(-0.734099854899467,-0.305175360954053,-13.7001172050585));
#2412=CARTESIAN_POINT('',(-0.723354060298607,-0.273712502255515,-13.7001172050585));
#2413=CARTESIAN_POINT('',(-0.707101756778841,-0.74789688329032,-13.6947782267088));
#2414=CARTESIAN_POINT('',(-0.702157986890176,-0.737163360894,-13.6947782267088));
#2415=CARTESIAN_POINT('',(-0.683330982144237,-0.695844569975454,-13.6947782267088));
#2416=CARTESIAN_POINT('',(-0.651739456877702,-0.623462110322399,-13.6947782267088));
#2417=CARTESIAN_POINT('',(-0.613345257264914,-0.529329128210345,-13.6947782267088));
#2418=CARTESIAN_POINT('',(-0.576881234820837,-0.433344441653269,-13.6947782267088));
#2419=CARTESIAN_POINT('',(-0.553843410970375,-0.368172205608877,-13.6947782267088));
#2420=CARTESIAN_POINT('',(-0.542659355828761,-0.335426214172608,-13.6947782267088));
#2421=CARTESIAN_POINT('',(-0.58736491856097,-0.803045904260535,-13.833278797649));
#2422=CARTESIAN_POINT('',(-0.582270938411031,-0.791986266835246,-13.833278797649));
#2423=CARTESIAN_POINT('',(-0.562866410808326,-0.749400201012308,-13.833278797649));
#2424=CARTESIAN_POINT('',(-0.5302771793805,-0.674732719590559,-13.833278797649));
#2425=CARTESIAN_POINT('',(-0.490665639575491,-0.577614324854179,-13.833278797649));
#2426=CARTESIAN_POINT('',(-0.453086493665809,-0.478691339694175,-13.833278797649));
#2427=CARTESIAN_POINT('',(-0.429394393831308,-0.411665216062532,-13.833278797649));
#2428=CARTESIAN_POINT('',(-0.417907763689639,-0.378033350010062,-13.833278797649));
#2429=CARTESIAN_POINT('',(-0.601308162183973,-0.796623851979874,-14.0240614121924));
#2430=CARTESIAN_POINT('',(-0.596231673879391,-0.785602190346894,-14.0240614121924));
#2431=CARTESIAN_POINT('',(-0.576894398277113,-0.743163697509782,-14.0240614121924));
#2432=CARTESIAN_POINT('',(-0.544421348805225,-0.668762304751193,-14.0240614121924));
#2433=CARTESIAN_POINT('',(-0.504951567135261,-0.57199155854255,-14.0240614121924));
#2434=CARTESIAN_POINT('',(-0.467502276317559,-0.473410735526403,-14.0240614121924));
#2435=CARTESIAN_POINT('',(-0.443886366313871,-0.406600495382774,-14.0240614121924));
#2436=CARTESIAN_POINT('',(-0.432434970749951,-0.37307178860679,-14.0240614121924));
#2443=EDGE_LOOP('',(#4700,#4701,#4702,#4703,#4704,#4705,#4706));
#2444=CARTESIAN_POINT('',(-0.934270507456993,-0.925741867546268,-14.501286692326));
#2445=CARTESIAN_POINT('',(-0.903620121939103,-0.771495423487368,-14.2337622307783));
#2446=CARTESIAN_POINT('',(-0.87296973642115,-0.617248979428544,-13.9662377692217));
#2447=CARTESIAN_POINT('',(-0.84231935090326,-0.463002535369643,-13.698713307674));
#2448=CARTESIAN_POINT('',(-0.822820547425799,-0.925580039278766,-14.501286692326));
#2449=CARTESIAN_POINT('',(-0.807887915228937,-0.80498034918071,-14.2337622307783));
#2450=CARTESIAN_POINT('',(-0.792955283032164,-0.684380659082653,-13.9662377692217));
#2451=CARTESIAN_POINT('',(-0.778022650835308,-0.563780968984596,-13.698713307674));
#2452=CARTESIAN_POINT('',(-0.611358215567476,-0.925308480147488,-14.501286692326));
#2453=CARTESIAN_POINT('',(-0.614715642683067,-0.861170392357076,-14.2337622307783));
#2454=CARTESIAN_POINT('',(-0.618073069798747,-0.797032304566665,-13.9662377692217));
#2455=CARTESIAN_POINT('',(-0.621430496914427,-0.732894216776253,-13.698713307674));
#2456=CARTESIAN_POINT('',(-0.299965063885827,-0.925055985334247,-14.501286692326));
#2457=CARTESIAN_POINT('',(-0.307228855660242,-0.913415715091949,-14.2337622307783));
#2458=CARTESIAN_POINT('',(-0.314492647434656,-0.901775444849651,-13.9662377692217));
#2459=CARTESIAN_POINT('',(-0.321756439208978,-0.890135174607353,-13.698713307674));
#2460=CARTESIAN_POINT('',(-0.0996667041028037,-0.924999917135067,-14.501286692326));
#2461=CARTESIAN_POINT('',(-0.102083278323085,-0.925017146123999,-14.2337622307783));
#2462=CARTESIAN_POINT('',(-0.104499852543357,-0.92503437511293,-13.9662377692217));
#2463=CARTESIAN_POINT('',(-0.106916426763626,-0.925051604101861,-13.698713307674));
#2464=CARTESIAN_POINT('',(0.000643271147031096,-0.925000000243407,-14.501286692326));
#2465=CARTESIAN_POINT('',(0.000658868207923207,-0.924999949632122,-14.2337622307783));
#2466=CARTESIAN_POINT('',(0.000674465268824299,-0.924999899020836,-13.9662377692217));
#2467=CARTESIAN_POINT('',(0.000690062329717549,-0.924999848409467,-13.698713307674));
#2468=CARTESIAN_POINT('',(0.000964906720485412,-0.925000000799238,-14.501286692326));
#2469=CARTESIAN_POINT('',(0.000988302318342444,-0.924999834621528,-14.2337622307783));
#2470=CARTESIAN_POINT('',(0.00101169791620846,-0.924999668443817,-13.9662377692217));
#2471=CARTESIAN_POINT('',(0.00103509351406659,-0.924999502266024,-13.698713307674));
#2472=EDGE_LOOP('',(#4707,#4708,#4709,#4710,#4711,#4712,#4713));
#2473=AXIS2_PLACEMENT_3D('',#4714,#4715,#4716);
#2474=EDGE_LOOP('',(#4717,#4718,#4719,#4720,#4721,#4722));
#2475=CARTESIAN_POINT('',(-0.00099987917038,-0.925000000892027,-14.5013333333334));
#2476=CARTESIAN_POINT('',(-0.00102412423906758,-0.924999821899346,-14.2337933247832));
#2477=CARTESIAN_POINT('',(-0.00104836930774634,-0.924999642906594,-13.9662533162242));
#2478=CARTESIAN_POINT('',(-0.00107261437643488,-0.924999463913913,-13.698713307674));
#2479=CARTESIAN_POINT('',(-0.000666586113602264,-0.925000000272645,-14.5013333333334));
#2480=CARTESIAN_POINT('',(-0.000682749489761998,-0.924999945562308,-14.2337933247832));
#2481=CARTESIAN_POINT('',(-0.000698912865912927,-0.924999890851901,-13.9662533162242));
#2482=CARTESIAN_POINT('',(-0.000715076242073647,-0.924999836141564,-13.698713307674));
#2483=CARTESIAN_POINT('',(0.0996546239444878,-0.924999910749415,-14.5013333333334));
#2484=CARTESIAN_POINT('',(0.102071056440841,-0.925017819334526,-14.2337933247832));
#2485=CARTESIAN_POINT('',(0.104487488937201,-0.925035727919723,-13.9662533162242));
#2486=CARTESIAN_POINT('',(0.106903921433545,-0.925053636504834,-13.698713307674));
#2487=CARTESIAN_POINT('',(0.299963797494844,-0.925058014733455,-14.5013333333334));
#2488=CARTESIAN_POINT('',(0.307228011399584,-0.913417068024755,-14.2337933247832));
#2489=CARTESIAN_POINT('',(0.314492225304233,-0.901776121316054,-13.9662533162242));
#2490=CARTESIAN_POINT('',(0.321756439208973,-0.890135174607353,-13.698713307674));
#2491=CARTESIAN_POINT('',(0.611436582223111,-0.925319728510848,-14.5013333333334));
#2492=CARTESIAN_POINT('',(0.61479321396091,-0.861164602105351,-14.2337933247832));
#2493=CARTESIAN_POINT('',(0.618149845698797,-0.797009475699854,-13.9662533162242));
#2494=CARTESIAN_POINT('',(0.621506477436687,-0.732854349294357,-13.698713307674));
#2495=CARTESIAN_POINT('',(0.822981113055514,-0.925601275205169,-14.5013333333334));
#2496=CARTESIAN_POINT('',(0.80803394762733,-0.804952395038961,-14.2337933247832));
#2497=CARTESIAN_POINT('',(0.793086782199066,-0.684303514872753,-13.9662533162242));
#2498=CARTESIAN_POINT('',(0.778139616770887,-0.563654634706545,-13.698713307674));
#2499=CARTESIAN_POINT('',(0.934512858956838,-0.92576911596514,-14.5013333333334));
#2500=CARTESIAN_POINT('',(0.903827256792006,-0.771442147035597,-14.2337933247832));
#2501=CARTESIAN_POINT('',(0.873141654627082,-0.617115178106054,-13.9662533162242));
#2502=CARTESIAN_POINT('',(0.842456052462171,-0.462788209176512,-13.698713307674));
#2503=EDGE_LOOP('',(#4723,#4724,#4725,#4726));
#2504=CARTESIAN_POINT('',(0.600006845894089,-0.857849926615904,-14.2312729662104));
#2505=CARTESIAN_POINT('',(0.600009075363138,-0.835970427025025,-14.1437579404716));
#2506=CARTESIAN_POINT('',(0.600011304832185,-0.814090927434148,-14.0562429147329));
#2507=CARTESIAN_POINT('',(0.600013534301145,-0.792211427843359,-13.9687278889941));
#2508=CARTESIAN_POINT('',(0.600004563929388,-0.857839364927984,-14.2312729662104));
#2509=CARTESIAN_POINT('',(0.600006050242094,-0.835960113055886,-14.1437579404716));
#2510=CARTESIAN_POINT('',(0.600007536554799,-0.814080861183791,-14.0562429147329));
#2511=CARTESIAN_POINT('',(0.600009022867416,-0.792201609311782,-13.9687278889941));
#2512=CARTESIAN_POINT('',(0.586565930275163,-0.79564092046986,-14.2312729662104));
#2513=CARTESIAN_POINT('',(0.582190922144578,-0.77522050007889,-14.1437579404716));
#2514=CARTESIAN_POINT('',(0.577815914013996,-0.754800079687921,-14.0562429147329));
#2515=CARTESIAN_POINT('',(0.573440905883411,-0.73437965929695,-13.9687278889941));
#2516=CARTESIAN_POINT('',(0.573125014656176,-0.733431914323899,-14.2312729662104));
#2517=CARTESIAN_POINT('',(0.564372768925994,-0.714470573132796,-14.1437579404716));
#2518=CARTESIAN_POINT('',(0.555620523195899,-0.695509231941694,-14.0562429147329));
#2519=CARTESIAN_POINT('',(0.546868277465717,-0.676547890750591,-13.9687278889941));
#2520=CARTESIAN_POINT('',(0.559686381001839,-0.671233469865921,-14.2312729662104));
#2521=CARTESIAN_POINT('',(0.546557640828495,-0.653730960155839,-14.1437579404716));
#2522=CARTESIAN_POINT('',(0.533428900655068,-0.636228450445759,-14.0562429147329));
#2523=CARTESIAN_POINT('',(0.520300160481723,-0.618725940735766,-13.9687278889941));
#2524=CARTESIAN_POINT('',(0.559684099037138,-0.671222908178001,-14.2312729662104));
#2525=CARTESIAN_POINT('',(0.546554615707451,-0.653720646186701,-14.1437579404716));
#2526=CARTESIAN_POINT('',(0.533425132377682,-0.636218384195401,-14.0562429147329));
#2527=CARTESIAN_POINT('',(0.520295649047995,-0.61871612220419,-13.9687278889941));
#2528=EDGE_LOOP('',(#4727,#4728,#4729,#4730));
#2530=CARTESIAN_POINT('',(0.723354197619263,-0.273712955208941,-13.7001172047411));
#2531=CARTESIAN_POINT('',(0.734245687098392,-0.305602432208949,-13.7001172047411));
#2532=CARTESIAN_POINT('',(0.756452856993418,-0.368391161228573,-13.7001172047411));
#2533=CARTESIAN_POINT('',(0.791402375269568,-0.460306660631746,-13.7001172047411));
#2534=CARTESIAN_POINT('',(0.827922622872478,-0.54979197653288,-13.7001172047411));
#2535=CARTESIAN_POINT('',(0.857948298512136,-0.61856558323538,-13.7001172047411));
#2536=CARTESIAN_POINT('',(0.875852121564829,-0.657854529932082,-13.7001172047411));
#2537=CARTESIAN_POINT('',(0.880534023147169,-0.668019501118121,-13.7001172047411));
#2538=CARTESIAN_POINT('',(0.542659348083334,-0.33542673160761,-13.6947782292698));
#2539=CARTESIAN_POINT('',(0.553995030402117,-0.368616712011622,-13.6947782292698));
#2540=CARTESIAN_POINT('',(0.577155569140217,-0.434105646026706,-13.6947782292698));
#2541=CARTESIAN_POINT('',(0.613726011508467,-0.530288502275195,-13.6947782292698));
#2542=CARTESIAN_POINT('',(0.652004357168921,-0.624082847550854,-13.6947782292698));
#2543=CARTESIAN_POINT('',(0.683469127927376,-0.696151298934054,-13.6947782292698));
#2544=CARTESIAN_POINT('',(0.702205347171165,-0.73726661319268,-13.6947782292698));
#2545=CARTESIAN_POINT('',(0.70710277916912,-0.747899512464542,-13.6947782292698));
#2546=CARTESIAN_POINT('',(0.417907753510847,-0.378033878588298,-13.8332789864412));
#2547=CARTESIAN_POINT('',(0.429550106247652,-0.412121725610096,-13.8332789864412));
#2548=CARTESIAN_POINT('',(0.453368850151474,-0.479474879218114,-13.8332789864412));
#2549=CARTESIAN_POINT('',(0.491058377350951,-0.578603915573061,-13.8332789864412));
#2550=CARTESIAN_POINT('',(0.530550512649782,-0.675373211639726,-13.8332789864412));
#2551=CARTESIAN_POINT('',(0.563008833646474,-0.749716421428256,-13.8332789864412));
#2552=CARTESIAN_POINT('',(0.582319738623806,-0.792092658542265,-13.8332789864412));
#2553=CARTESIAN_POINT('',(0.587365972666281,-0.803048615028999,-13.8332789864412));
#2554=CARTESIAN_POINT('',(0.432435146606929,-0.373072252446306,-14.0240617056673));
#2555=CARTESIAN_POINT('',(0.444041787401648,-0.407055542397299,-14.0240617056673));
#2556=CARTESIAN_POINT('',(0.467783882945068,-0.474191606589084,-14.0240617056673));
#2557=CARTESIAN_POINT('',(0.5053430920888,-0.572977558619609,-14.0240617056673));
#2558=CARTESIAN_POINT('',(0.544693880904174,-0.669400419999561,-14.0240617056673));
#2559=CARTESIAN_POINT('',(0.577036502418764,-0.743478732897145,-14.0240617056673));
#2560=CARTESIAN_POINT('',(0.59628048492042,-0.785708134837926,-14.0240617056673));
#2561=CARTESIAN_POINT('',(0.601309390881459,-0.796626471130964,-14.0240617056673));
#2568=EDGE_LOOP('',(#4731,#4732,#4733,#4734,#4735,#4736,#4737,#4738));
#2569=CARTESIAN_POINT('',(1.03817392587936,-0.725800684368575,-14.5014352387304));
#2570=CARTESIAN_POINT('',(0.930924533290825,-0.576240099010944,-14.233345648089));
#2571=CARTESIAN_POINT('',(0.823675140702281,-0.426679513653313,-13.9652560574386));
#2572=CARTESIAN_POINT('',(0.716425748113656,-0.277118928295693,-13.6971664667973));
#2573=CARTESIAN_POINT('',(0.892144991652552,-0.725599342098257,-14.5014352387304));
#2574=CARTESIAN_POINT('',(0.815220788539013,-0.613647668562672,-14.233345648089));
#2575=CARTESIAN_POINT('',(0.738296585425391,-0.501695995027094,-13.9652560574386));
#2576=CARTESIAN_POINT('',(0.661372382311763,-0.389744321491598,-13.6971664667973));
#2577=CARTESIAN_POINT('',(0.646085662699666,-0.72530014831581,-14.5014352387303));
#2578=CARTESIAN_POINT('',(0.605164108494796,-0.66923516245384,-14.233345648089));
#2579=CARTESIAN_POINT('',(0.564242554290016,-0.613170176591957,-13.9652560574386));
#2580=CARTESIAN_POINT('',(0.523321000085145,-0.557105190729987,-13.6971664667973));
#2581=CARTESIAN_POINT('',(0.300076494339958,-0.725049979068621,-14.5014352387304));
#2582=CARTESIAN_POINT('',(0.285788044726763,-0.715714341898463,-14.233345648089));
#2583=CARTESIAN_POINT('',(0.271499595113659,-0.706378704728214,-13.9652560574386));
#2584=CARTESIAN_POINT('',(0.257211145500464,-0.697043067558057,-13.6971664667973));
#2585=CARTESIAN_POINT('',(0.0996665751380229,-0.724999917733607,-14.5014352387304));
#2586=CARTESIAN_POINT('',(0.0949249206537527,-0.725015284347775,-14.233345648089));
#2587=CARTESIAN_POINT('',(0.0901832661694766,-0.725030650961942,-13.9652560574386));
#2588=CARTESIAN_POINT('',(0.0854416116852064,-0.7250460175762,-13.6971664667973));
#2589=CARTESIAN_POINT('',(-0.000717802187937945,-0.725000000268567,-14.5014352387304));
#2590=CARTESIAN_POINT('',(-0.00068365254611883,-0.724999950099211,-14.233345648089));
#2591=CARTESIAN_POINT('',(-0.000649502904300593,-0.724999899929855,-13.9652560574386));
#2592=CARTESIAN_POINT('',(-0.000615353262481473,-0.724999849760428,-13.6971664667973));
#2593=CARTESIAN_POINT('',(-0.00107670328174058,-0.725000000885016,-14.5014352387304));
#2594=CARTESIAN_POINT('',(-0.00102547886190258,-0.724999835568499,-14.233345648089));
#2595=CARTESIAN_POINT('',(-0.000974254442065441,-0.72499967025198,-13.9652560574386));
#2596=CARTESIAN_POINT('',(-0.000923030022227437,-0.724999504935391,-13.6971664667973));
#2597=EDGE_LOOP('',(#4739,#4740,#4741,#4742,#4743,#4744,#4745,#4746));
#2598=AXIS2_PLACEMENT_3D('',#4747,#4748,#4749);
#2599=EDGE_LOOP('',(#4750,#4751,#4752,#4753));
#2600=AXIS2_PLACEMENT_3D('',#4754,#4755,#4756);
#2601=EDGE_LOOP('',(#4757,#4758,#4759,#4760));
#2602=AXIS2_PLACEMENT_3D('',#4761,#4762,#4763);
#2603=EDGE_LOOP('',(#4764,#4765,#4766,#4767));
#2605=CARTESIAN_POINT('',(0.9436897712092,-0.9252917208026,-14.49983989829));
#2606=CARTESIAN_POINT('',(0.9436479423554,-0.9251536608597,-14.49983989829));
#2607=CARTESIAN_POINT('',(0.9353373407903,-0.8977187823052,-14.49983989829));
#2608=CARTESIAN_POINT('',(0.9195949431259,-0.8438069755137,-14.49983989829));
#2609=CARTESIAN_POINT('',(0.8979405288681,-0.7635275942978,-14.49983989829));
#2610=CARTESIAN_POINT('',(0.8781422638427,-0.6835936269979,-14.49983989829));
#2611=CARTESIAN_POINT('',(0.8660362490962,-0.6300037971001,-14.49983989829));
#2612=CARTESIAN_POINT('',(0.8602031593719,-0.6029175361539,-14.49983989829));
#2613=CARTESIAN_POINT('',(0.7579890815496,-0.9815545948673,-14.50618166433));
#2614=CARTESIAN_POINT('',(0.7579453662779,-0.9814103086179,-14.50618166433));
#2615=CARTESIAN_POINT('',(0.7492599045104,-0.9527379414989,-14.50618166433));
#2616=CARTESIAN_POINT('',(0.7327822655292,-0.8963108140964,-14.50618166433));
#2617=CARTESIAN_POINT('',(0.7100760427661,-0.8121340283626,-14.50618166433));
#2618=CARTESIAN_POINT('',(0.6893078023013,-0.7282833325414,-14.50618166433));
#2619=CARTESIAN_POINT('',(0.676621334646,-0.6721218461471,-14.50618166433));
#2620=CARTESIAN_POINT('',(0.6705151052761,-0.6437672517319,-14.50618166433));
#2621=CARTESIAN_POINT('',(0.6307972770264,-1.020090674044,-14.36466244092));
#2622=CARTESIAN_POINT('',(0.6307522696922,-1.019942123216,-14.36466244092));
#2623=CARTESIAN_POINT('',(0.621810055267,-0.9904221641803,-14.36466244092));
#2624=CARTESIAN_POINT('',(0.6048288281192,-0.9322722205186,-14.36466244092));
#2625=CARTESIAN_POINT('',(0.581402191113,-0.845425989052,-14.36466244092));
#2626=CARTESIAN_POINT('',(0.5599695862524,-0.7588926119259,-14.36466244092));
#2627=CARTESIAN_POINT('',(0.546885549514,-0.7009697231857,-14.36466244092));
#2628=CARTESIAN_POINT('',(0.540592238855,-0.6717464102808,-14.36466244092));
#2629=CARTESIAN_POINT('',(0.6485065084776,-1.014725199846,-14.17140595349));
#2630=CARTESIAN_POINT('',(0.6484616810405,-1.014577242786,-14.17140595349));
#2631=CARTESIAN_POINT('',(0.6395552149267,-0.9851752960819,-14.17140595349));
#2632=CARTESIAN_POINT('',(0.6226441036125,-0.9272652244151,-14.17140595349));
#2633=CARTESIAN_POINT('',(0.5993177716741,-0.8407906665206,-14.17140595349));
#2634=CARTESIAN_POINT('',(0.5779776679216,-0.7546308057883,-14.17140595349));
#2635=CARTESIAN_POINT('',(0.5649489857159,-0.6969531614797,-14.17140595349));
#2636=CARTESIAN_POINT('',(0.5586817228503,-0.6678508024119,-14.17140595349));
#2643=EDGE_LOOP('',(#4768,#4769,#4770,#4771));
#2644=AXIS2_PLACEMENT_3D('',#4772,#4773,#4774);
#2645=EDGE_LOOP('',(#4775,#4776,#4777,#4778));
#2646=AXIS2_PLACEMENT_3D('',#4779,#4780,#4781);
#2647=EDGE_LOOP('',(#4782,#4783,#4784,#4785));
#2648=AXIS2_PLACEMENT_3D('',#4786,#4787,#4788);
#2649=EDGE_LOOP('',(#4789,#4790,#4791,#4792));
#2651=CARTESIAN_POINT('',(-0.8602032086875,-0.6029177695865,-14.49983989831));
#2652=CARTESIAN_POINT('',(-0.8602530073958,-0.6031490126923,-14.49983989831));
#2653=CARTESIAN_POINT('',(-0.8656922192269,-0.6283957787877,-14.49983989831));
#2654=CARTESIAN_POINT('',(-0.877278461872,-0.6798277473623,-14.49983989831));
#2655=CARTESIAN_POINT('',(-0.8965623881135,-0.7582059138299,-14.49983989831));
#2656=CARTESIAN_POINT('',(-0.9185762529349,-0.8402607175251,-14.49983989831));
#2657=CARTESIAN_POINT('',(-0.9349124295202,-0.8963138487398,-14.49983989831));
#2658=CARTESIAN_POINT('',(-0.9436300265864,-0.9250945310997,-14.49983989831));
#2659=CARTESIAN_POINT('',(-0.9436898888877,-0.9252921119374,-14.49983989831));
#2660=CARTESIAN_POINT('',(-0.6705151583041,-0.6437674960156,-14.5061816638));
#2661=CARTESIAN_POINT('',(-0.6705672888689,-0.6440095672267,-14.5061816638));
#2662=CARTESIAN_POINT('',(-0.6762612495267,-0.670438778442,-14.5061816638));
#2663=CARTESIAN_POINT('',(-0.6884021945755,-0.7243349386754,-14.5061816638));
#2664=CARTESIAN_POINT('',(-0.7086302520897,-0.8065511963415,-14.5061816638));
#2665=CARTESIAN_POINT('',(-0.7317152729282,-0.8925966908087,-14.5061816638));
#2666=CARTESIAN_POINT('',(-0.7488158006867,-0.9512695444918,-14.5061816638));
#2667=CARTESIAN_POINT('',(-0.7579266438407,-0.981348511684,-14.5061816638));
#2668=CARTESIAN_POINT('',(-0.7579892058309,-0.9815550030968,-14.5061816638));
#2669=CARTESIAN_POINT('',(-0.5405922941545,-0.6717466620552,-14.36466244167));
#2670=CARTESIAN_POINT('',(-0.5406460218756,-0.6719961497507,-14.36466244167));
#2671=CARTESIAN_POINT('',(-0.5465144674161,-0.6992352520284,-14.36466244167));
#2672=CARTESIAN_POINT('',(-0.5590353442786,-0.7548192088176,-14.36466244167));
#2673=CARTESIAN_POINT('',(-0.5799100647684,-0.8396642868041,-14.36466244167));
#2674=CARTESIAN_POINT('',(-0.6037287515253,-0.928443121479,-14.36466244167));
#2675=CARTESIAN_POINT('',(-0.621352805639,-0.9889102992942,-14.36466244167));
#2676=CARTESIAN_POINT('',(-0.6307329944789,-1.019878499538,-14.36466244167));
#2677=CARTESIAN_POINT('',(-0.6307974055645,-1.020091094063,-14.36466244167));
#2678=CARTESIAN_POINT('',(-0.5586817765244,-0.6678510534253,-14.1714059555));
#2679=CARTESIAN_POINT('',(-0.5587352818695,-0.6680995085053,-14.1714059555));
#2680=CARTESIAN_POINT('',(-0.5645794334474,-0.6952258476432,-14.1714059555));
#2681=CARTESIAN_POINT('',(-0.5770474114619,-0.750574808335,-14.1714059555));
#2682=CARTESIAN_POINT('',(-0.5978320954629,-0.8350538691531,-14.1714059555));
#2683=CARTESIAN_POINT('',(-0.6215486320957,-0.9234521340967,-14.1714059555));
#2684=CARTESIAN_POINT('',(-0.6390997943375,-0.9836694837161,-14.1714059555));
#2685=CARTESIAN_POINT('',(-0.64844248151,-1.014513873838,-14.1714059555));
#2686=CARTESIAN_POINT('',(-0.6485066351415,-1.014725618612,-14.1714059555));
#2693=EDGE_LOOP('',(#4793,#4794,#4795,#4796,#4797,#4798));
#2694=AXIS2_PLACEMENT_3D('',#4799,#4800,#4801);
#2695=EDGE_LOOP('',(#4802,#4803,#4804,#4805));
#2696=AXIS2_PLACEMENT_3D('',#4806,#4807,#4808);
#2697=EDGE_LOOP('',(#4809,#4810,#4811,#4812));
#2698=AXIS2_PLACEMENT_3D('',#4813,#4814,#4815);
#2699=EDGE_LOOP('',(#4816,#4817,#4818,#4819,#4820));
#2700=AXIS2_PLACEMENT_3D('',#4821,#4822,#4823);
#2701=EDGE_LOOP('',(#4824,#4825,#4826,#4827,#4828));
#2702=AXIS2_PLACEMENT_3D('',#4829,#4830,#4831);
#2703=EDGE_LOOP('',(#4832,#4833,#4834,#4835,#4836,#4837));
#2704=AXIS2_PLACEMENT_3D('',#4838,#4839,#4840);
#2705=EDGE_LOOP('',(#4841,#4842,#4843,#4844,#4845,#4846,#4847,#4848,#4849,#4850,#4851,#4852));
#2706=AXIS2_PLACEMENT_3D('',#4853,#4854,#4855);
#2707=EDGE_LOOP('',(#4856,#4857,#4858,#4859,#4860));
#2708=AXIS2_PLACEMENT_3D('',#4861,#4862,#4863);
#2709=EDGE_LOOP('',(#4864,#4865,#4866,#4867));
#2710=AXIS2_PLACEMENT_3D('',#4868,#4869,#4870);
#2711=EDGE_LOOP('',(#4871,#4872,#4873,#4874,#4875,#4876));
#2712=AXIS2_PLACEMENT_3D('',#4877,#4878,#4879);
#2713=EDGE_LOOP('',(#4880,#4881,#4882,#4883));
#2714=AXIS2_PLACEMENT_3D('',#4884,#4885,#4886);
#2715=EDGE_LOOP('',(#4887,#4888,#4889,#4890));
#2716=CARTESIAN_POINT('',(0.497840784664678,0.756181866758643,-0.394897758119081));
#2717=CARTESIAN_POINT('',(0.475070828194928,0.698931126034236,-0.360397509256932));
#2718=CARTESIAN_POINT('',(0.436727284270157,0.580459708237483,-0.289004661839999));
#2719=CARTESIAN_POINT('',(0.401912819990518,0.45728739768886,-0.214778978240342));
#2720=CARTESIAN_POINT('',(0.382701065956292,0.395453716539466,-0.177516973230083));
#2721=CARTESIAN_POINT('',(0.497768901758424,0.780439791519488,-0.354252484735604));
#2722=CARTESIAN_POINT('',(0.476209284854309,0.72602583467122,-0.321461729033908));
#2723=CARTESIAN_POINT('',(0.43787771356026,0.614721101200334,-0.254387644826528));
#2724=CARTESIAN_POINT('',(0.401890519051783,0.500405743504816,-0.185499308372537));
#2725=CARTESIAN_POINT('',(0.382701721142362,0.443043463955513,-0.150931844358824));
#2726=CARTESIAN_POINT('',(0.497697018852268,0.804692920695384,-0.313604321453023));
#2727=CARTESIAN_POINT('',(0.477347741513788,0.753196322732926,-0.282571614753032));
#2728=CARTESIAN_POINT('',(0.439028142850462,0.649075919158814,-0.219826927269832));
#2729=CARTESIAN_POINT('',(0.401868218113146,0.543522279839553,-0.156218548081298));
#2730=CARTESIAN_POINT('',(0.382702376328433,0.490633264517594,-0.124346747514333));
#2731=CARTESIAN_POINT('',(0.497625135946013,0.828941254386329,-0.27295326833132));
#2732=CARTESIAN_POINT('',(0.478486198173168,0.780442586992993,-0.243727164469952));
#2733=CARTESIAN_POINT('',(0.440178572140663,0.683524320143085,-0.185322604401362));
#2734=CARTESIAN_POINT('',(0.401845917174411,0.586637003644488,-0.126936695529352));
#2735=CARTESIAN_POINT('',(0.382703031514602,0.538223118315285,-0.0977616827503565));
#2736=EDGE_LOOP('',(#4891,#4892,#4893,#4894));
#2737=CARTESIAN_POINT('',(0.552555583642634,0.757196679319261,-0.404206328115704));
#2738=CARTESIAN_POINT('',(0.53424466864443,0.757240128762555,-0.402321382920368));
#2739=CARTESIAN_POINT('',(0.506416956496643,0.756357835648151,-0.398377448934942));
#2740=CARTESIAN_POINT('',(0.496699716371427,0.753386782272237,-0.395254875606198));
#2741=CARTESIAN_POINT('',(0.496392741783784,0.751522759408562,-0.394196489486328));
#2742=CARTESIAN_POINT('',(0.552141597281041,0.804799096955001,-0.405344081273717));
#2743=CARTESIAN_POINT('',(0.536833040639707,0.805028988180449,-0.39540632141809));
#2744=CARTESIAN_POINT('',(0.51204212327259,0.80035669735276,-0.374658249635776));
#2745=CARTESIAN_POINT('',(0.499322738624414,0.784761571280349,-0.358314321374245));
#2746=CARTESIAN_POINT('',(0.495979183902932,0.775007459623016,-0.3527747503832));
#2747=CARTESIAN_POINT('',(0.551727610919352,0.852399682994808,-0.406551502904113));
#2748=CARTESIAN_POINT('',(0.539421412634888,0.852837997175229,-0.388063653885146));
#2749=CARTESIAN_POINT('',(0.517667290048446,0.843878238458102,-0.350045655399482));
#2750=CARTESIAN_POINT('',(0.501945760877487,0.815753275123733,-0.321171625403031));
#2751=CARTESIAN_POINT('',(0.495565626022095,0.79855271803212,-0.311387328087448));
#2752=CARTESIAN_POINT('',(0.551313624557678,0.899998395861934,-0.407828727922699));
#2753=CARTESIAN_POINT('',(0.54200978463016,0.900670315994616,-0.380294861488069));
#2754=CARTESIAN_POINT('',(0.523292456824389,0.886894548481654,-0.324555010254646));
#2755=CARTESIAN_POINT('',(0.504568783130478,0.84636236610738,-0.283823527257405));
#2756=CARTESIAN_POINT('',(0.495152068141243,0.822158416998364,-0.270034235512679));
#2757=EDGE_LOOP('',(#4895,#4896,#4897,#4898,#4899,#4900,#4901,#4902));
#2758=AXIS2_PLACEMENT_3D('',#4903,#4904,#4905);
#2759=EDGE_LOOP('',(#4906,#4907,#4908,#4909,#4910,#4911,#4912,#4913));
#2760=AXIS2_PLACEMENT_3D('',#4914,#4915,#4916);
#2761=EDGE_LOOP('',(#4917,#4918,#4919,#4920,#4921,#4922,#4923,#4924));
#2762=AXIS2_PLACEMENT_3D('',#4925,#4926,#4927);
#2763=EDGE_LOOP('',(#4928,#4929,#4930,#4931,#4932,#4933,#4934,#4935));
#2764=AXIS2_PLACEMENT_3D('',#4936,#4937,#4938);
#2765=EDGE_LOOP('',(#4939,#4940,#4941,#4942));
#2766=CARTESIAN_POINT('',(-0.899998386905216,-0.551313748571724,-0.40782909493096));
#2767=CARTESIAN_POINT('',(-0.900670376853457,-0.542009867320123,-0.380295107737324));
#2768=CARTESIAN_POINT('',(-0.886894607584417,-0.523292456838329,-0.324554977102417));
#2769=CARTESIAN_POINT('',(-0.846362187043013,-0.504568700412495,-0.283823347312793));
#2770=CARTESIAN_POINT('',(-0.82215809802648,-0.495151944043133,-0.270034053791002));
#2771=CARTESIAN_POINT('',(-0.852399677152049,-0.55172777495294,-0.406551749334918));
#2772=CARTESIAN_POINT('',(-0.852838036757715,-0.539421508740925,-0.388063821842241));
#2773=CARTESIAN_POINT('',(-0.843878280792403,-0.517667276722942,-0.350045635201225));
#2774=CARTESIAN_POINT('',(-0.815753150872366,-0.501945691422499,-0.321171497842577));
#2775=CARTESIAN_POINT('',(-0.798552491354437,-0.495565541941622,-0.311387199145442));
#2776=CARTESIAN_POINT('',(-0.804799093890545,-0.552141801334079,-0.405344213737476));
#2777=CARTESIAN_POINT('',(-0.805029008821775,-0.53683315016172,-0.395406413079563));
#2778=CARTESIAN_POINT('',(-0.800356721480425,-0.512042096607465,-0.374658239907396));
#2779=CARTESIAN_POINT('',(-0.784761502383702,-0.499322682432408,-0.358314249169602));
#2780=CARTESIAN_POINT('',(-0.775007331078412,-0.495979139840097,-0.352774677380165));
#2781=CARTESIAN_POINT('',(-0.75719667874008,-0.552555827715297,-0.404206353240775));
#2782=CARTESIAN_POINT('',(-0.757240132660365,-0.534244791582522,-0.402321400344001));
#2783=CARTESIAN_POINT('',(-0.756357840262056,-0.506416916492078,-0.398377447120625));
#2784=CARTESIAN_POINT('',(-0.753386769146623,-0.496699673442322,-0.395254861811209));
#2785=CARTESIAN_POINT('',(-0.751522734843528,-0.496392737738572,-0.394196475538424));
#2786=EDGE_LOOP('',(#4943,#4944,#4945,#4946));
#2787=AXIS2_PLACEMENT_3D('',#4947,#4948,#4949);
#2788=EDGE_LOOP('',(#4950,#4951,#4952,#4953,#4954,#4955,#4956,#4957,#4958,#4959,#4960));
#2789=AXIS2_PLACEMENT_3D('',#4961,#4962,#4963);
#2790=EDGE_LOOP('',(#4964,#4965,#4966,#4967,#4968,#4969));
#2791=AXIS2_PLACEMENT_3D('',#4970,#4971,#4972);
#2792=EDGE_LOOP('',(#4973,#4974,#4975,#4976,#4977,#4978));
#2793=AXIS2_PLACEMENT_3D('',#4979,#4980,#4981);
#2794=EDGE_LOOP('',(#4982,#4983,#4984,#4985,#4986,#4987,#4988));
#2795=AXIS2_PLACEMENT_3D('',#4989,#4990,#4991);
#2796=EDGE_LOOP('',(#4992,#4993,#4994));
#2797=AXIS2_PLACEMENT_3D('',#4995,#4996,#4997);
#2798=EDGE_LOOP('',(#4998,#4999,#5000));
#2799=AXIS2_PLACEMENT_3D('',#5001,#5002,#5003);
#2800=EDGE_LOOP('',(#5004,#5005,#5006,#5007));
#2801=AXIS2_PLACEMENT_3D('',#5008,#5009,#5010);
#2802=EDGE_LOOP('',(#5011,#5012,#5013,#5014));
#2803=AXIS2_PLACEMENT_3D('',#5015,#5016,#5017);
#2804=EDGE_LOOP('',(#5018,#5019,#5020,#5021,#5022,#5023,#5024,#5025,#5026,#5027));
#2805=AXIS2_PLACEMENT_3D('',#5028,#5029,#5030);
#2806=EDGE_LOOP('',(#5031,#5032,#5033,#5034,#5035,#5036,#5037));
#2807=AXIS2_PLACEMENT_3D('',#5038,#5039,#5040);
#2808=EDGE_LOOP('',(#5041,#5042,#5043,#5044,#5045,#5046,#5047));
#2809=AXIS2_PLACEMENT_3D('',#5048,#5049,#5050);
#2810=EDGE_LOOP('',(#5051,#5052,#5053,#5054,#5055,#5056,#5057,#5058,#5059,#5060,#5061,#5062));
#2811=AXIS2_PLACEMENT_3D('',#5063,#5064,#5065);
#2812=EDGE_LOOP('',(#5066,#5067,#5068,#5069,#5070,#5071,#5072,#5073,#5074,#5075,#5076,#5077));
#2813=AXIS2_PLACEMENT_3D('',#5078,#5079,#5080);
#2814=EDGE_LOOP('',(#5081,#5082,#5083,#5084,#5085));
#2815=AXIS2_PLACEMENT_3D('',#5086,#5087,#5088);
#2816=EDGE_LOOP('',(#5089,#5090,#5091,#5092,#5093,#5094));
#2817=AXIS2_PLACEMENT_3D('',#5095,#5096,#5097);
#2818=EDGE_LOOP('',(#5098,#5099,#5100,#5101,#5102,#5103));
#2819=AXIS2_PLACEMENT_3D('',#5104,#5105,#5106);
#2820=EDGE_LOOP('',(#5107,#5108,#5109,#5110,#5111,#5112,#5113,#5114,#5115,#5116,#5117,#5118,#5119,#5120,#5121,#5122,#5123));
#2821=AXIS2_PLACEMENT_3D('',#5124,#5125,#5126);
#2822=EDGE_LOOP('',(#5127,#5128,#5129,#5130));
#2823=AXIS2_PLACEMENT_3D('',#5131,#5132,#5133);
#2824=EDGE_LOOP('',(#5134,#5135,#5136,#5137,#5138,#5139,#5140,#5141,#5142,#5143));
#2825=AXIS2_PLACEMENT_3D('',#5144,#5145,#5146);
#2826=EDGE_LOOP('',(#5147,#5148,#5149,#5150,#5151));
#2827=AXIS2_PLACEMENT_3D('',#5152,#5153,#5154);
#2828=EDGE_LOOP('',(#5155,#5156,#5157,#5158,#5159,#5160));
#2829=AXIS2_PLACEMENT_3D('',#5161,#5162,#5163);
#2830=EDGE_LOOP('',(#5164,#5165,#5166,#5167,#5168,#5169));
#2831=AXIS2_PLACEMENT_3D('',#5170,#5171,#5172);
#2832=EDGE_LOOP('',(#5173,#5174,#5175,#5176));
#2833=AXIS2_PLACEMENT_3D('',#5177,#5178,#5179);
#2834=EDGE_LOOP('',(#5180,#5181,#5182,#5183,#5184,#5185,#5186,#5187,#5188));
#2835=AXIS2_PLACEMENT_3D('',#5189,#5190,#5191);
#2836=EDGE_LOOP('',(#5192,#5193,#5194,#5195));
#2837=AXIS2_PLACEMENT_3D('',#5196,#5197,#5198);
#2838=EDGE_LOOP('',(#5199,#5200,#5201,#5202,#5203,#5204,#5205,#5206));
#2839=AXIS2_PLACEMENT_3D('',#5207,#5208,#5209);
#2840=EDGE_LOOP('',(#5210,#5211,#5212,#5213));
#2841=AXIS2_PLACEMENT_3D('',#5214,#5215,#5216);
#2842=EDGE_LOOP('',(#5217,#5218,#5219,#5220));
#2843=AXIS2_PLACEMENT_3D('',#5221,#5222,#5223);
#2844=EDGE_LOOP('',(#5224,#5225,#5226,#5227));
#2845=AXIS2_PLACEMENT_3D('',#5228,#5229,#5230);
#2846=EDGE_LOOP('',(#5231,#5232,#5233,#5234));
#2847=AXIS2_PLACEMENT_3D('',#5235,#5236,#5237);
#2848=EDGE_LOOP('',(#5238,#5239,#5240));
#2849=AXIS2_PLACEMENT_3D('',#5241,#5242,#5243);
#2850=EDGE_LOOP('',(#5244,#5245,#5246,#5247));
#2851=AXIS2_PLACEMENT_3D('',#5248,#5249,#5250);
#2852=EDGE_LOOP('',(#5251,#5252,#5253,#5254));
#2853=AXIS2_PLACEMENT_3D('',#5255,#5256,#5257);
#2854=EDGE_LOOP('',(#5258,#5259,#5260,#5261));
#2855=AXIS2_PLACEMENT_3D('',#5262,#5263,#5264);
#2856=EDGE_LOOP('',(#5265,#5266,#5267,#5268));
#2857=CARTESIAN_POINT('',(0.3841186839574,0.399000000000001,-0.181454781140695));
#2858=CARTESIAN_POINT('',(0.3783792935061,0.399000000000001,-0.148897433819143));
#2859=CARTESIAN_POINT('',(0.3668872208956,0.399000000000001,-0.0860574550325786));
#2860=CARTESIAN_POINT('',(0.3553951482852,0.399000000000001,-0.0270001246685264));
#2861=CARTESIAN_POINT('',(0.3496424661262,0.399000000000001,0.00179034725392636));
#2862=CARTESIAN_POINT('',(0.3841186839574,0.446333333333303,-0.154426108087229));
#2863=CARTESIAN_POINT('',(0.3783792935061,0.446333333333303,-0.127098059220048));
#2864=CARTESIAN_POINT('',(0.3668872208956,0.446333333333303,-0.0739398603860898));
#2865=CARTESIAN_POINT('',(0.3553951482852,0.446333333333303,-0.0232944847358955));
#2866=CARTESIAN_POINT('',(0.3496424661262,0.446333333333303,0.00154441976645879));
#2867=CARTESIAN_POINT('',(0.3841186839574,0.493666666666697,-0.12739743503367));
#2868=CARTESIAN_POINT('',(0.3783792935061,0.493666666666697,-0.105298684620952));
#2869=CARTESIAN_POINT('',(0.3668872208956,0.493666666666697,-0.0618222657396102));
#2870=CARTESIAN_POINT('',(0.3553951482852,0.493666666666697,-0.0195888448032645));
#2871=CARTESIAN_POINT('',(0.3496424661262,0.493666666666697,0.00129849227899121));
#2872=CARTESIAN_POINT('',(0.3841186839574,0.540999999999999,-0.100368761980176));
#2873=CARTESIAN_POINT('',(0.3783792935061,0.540999999999999,-0.0834993100218375));
#2874=CARTESIAN_POINT('',(0.3668872208956,0.540999999999999,-0.0497046710931214));
#2875=CARTESIAN_POINT('',(0.3553951482852,0.540999999999999,-0.0158832048706336));
#2876=CARTESIAN_POINT('',(0.3496424661262,0.540999999999999,0.00105256479152364));
#2877=EDGE_LOOP('',(#5269,#5270,#5271,#5272));
#2878=AXIS2_PLACEMENT_3D('',#5273,#5274,#5275);
#2879=EDGE_LOOP('',(#5276,#5277,#5278,#5279));
#2880=AXIS2_PLACEMENT_3D('',#5280,#5281,#5282);
#2881=EDGE_LOOP('',(#5283,#5284,#5285,#5286));
#2882=AXIS2_PLACEMENT_3D('',#5287,#5288,#5289);
#2883=EDGE_LOOP('',(#5290,#5291,#5292,#5293));
#2884=CARTESIAN_POINT('',(-0.551313624558194,0.899998395861897,-0.407828727924231));
#2885=CARTESIAN_POINT('',(-0.5420097846305,0.90067031599487,-0.380294861489097));
#2886=CARTESIAN_POINT('',(-0.523292456824314,0.886894548481912,-0.324555010254549));
#2887=CARTESIAN_POINT('',(-0.504568783130155,0.846362366106693,-0.283823527256714));
#2888=CARTESIAN_POINT('',(-0.495152068140766,0.822158416997139,-0.270034235511981));
#2889=CARTESIAN_POINT('',(-0.551727610920033,0.852399682994783,-0.406551502905142));
#2890=CARTESIAN_POINT('',(-0.539421412635285,0.852837997175394,-0.388063653885847));
#2891=CARTESIAN_POINT('',(-0.517667290048403,0.843878238458285,-0.350045655399426));
#2892=CARTESIAN_POINT('',(-0.50194576087722,0.815753275123256,-0.321171625402541));
#2893=CARTESIAN_POINT('',(-0.495565626021772,0.79855271803125,-0.311387328086953));
#2894=CARTESIAN_POINT('',(-0.552141597281795,0.804799096954988,-0.40534408127427));
#2895=CARTESIAN_POINT('',(-0.536833040640065,0.805028988180536,-0.395406321418473));
#2896=CARTESIAN_POINT('',(-0.512042123272402,0.800356697352864,-0.374658249635751));
#2897=CARTESIAN_POINT('',(-0.499322738624192,0.784761571280085,-0.358314321373968));
#2898=CARTESIAN_POINT('',(-0.495979183902763,0.775007459622522,-0.35277475038292));
#2899=CARTESIAN_POINT('',(-0.552555583643636,0.757196679319258,-0.404206328115808));
#2900=CARTESIAN_POINT('',(-0.53424466864485,0.757240128762571,-0.40232138292044));
#2901=CARTESIAN_POINT('',(-0.506416956496491,0.756357835648171,-0.398377448934937));
#2902=CARTESIAN_POINT('',(-0.496699716371168,0.753386782272187,-0.395254875606145));
#2903=CARTESIAN_POINT('',(-0.496392741783754,0.751522759408467,-0.394196489486274));
#2904=EDGE_LOOP('',(#5294,#5295,#5296,#5297));
#2905=CARTESIAN_POINT('',(-0.497625135945906,0.828941254386375,-0.272953268331351));
#2906=CARTESIAN_POINT('',(-0.47848619817307,0.78044258699302,-0.243727164469902));
#2907=CARTESIAN_POINT('',(-0.440178572140565,0.683524320143085,-0.185322604401344));
#2908=CARTESIAN_POINT('',(-0.401845917174382,0.586637003644462,-0.126936695529331));
#2909=CARTESIAN_POINT('',(-0.382703031514551,0.538223118315223,-0.0977616827503537));
#2910=CARTESIAN_POINT('',(-0.497697018852208,0.804692920695326,-0.313604321453015));
#2911=CARTESIAN_POINT('',(-0.477347741513756,0.753196322732923,-0.28257161475302));
#2912=CARTESIAN_POINT('',(-0.43902814285044,0.649075919158845,-0.219826927269746));
#2913=CARTESIAN_POINT('',(-0.401868218113053,0.543522279839493,-0.156218548081237));
#2914=CARTESIAN_POINT('',(-0.382702376328482,0.490633264517648,-0.12434674751433));
#2915=CARTESIAN_POINT('',(-0.497768901758412,0.780439791519483,-0.354252484735684));
#2916=CARTESIAN_POINT('',(-0.476209284854344,0.726025834671273,-0.321461729033967));
#2917=CARTESIAN_POINT('',(-0.437877713560315,0.614721101200255,-0.25438764482654));
#2918=CARTESIAN_POINT('',(-0.401890519051823,0.500405743504775,-0.185499308372604));
#2919=CARTESIAN_POINT('',(-0.382701721142314,0.443043463955504,-0.150931844358869));
#2920=CARTESIAN_POINT('',(-0.497840784664616,0.756181866758647,-0.394897758119084));
#2921=CARTESIAN_POINT('',(-0.475070828194932,0.698931126034238,-0.360397509256898));
#2922=CARTESIAN_POINT('',(-0.436727284270091,0.580459708237476,-0.289004661840035));
#2923=CARTESIAN_POINT('',(-0.401912819990494,0.457287397688795,-0.214778978240412));
#2924=CARTESIAN_POINT('',(-0.382701065956245,0.395453716539506,-0.177516973230086));
#2925=EDGE_LOOP('',(#5298,#5299,#5300,#5301));
#2926=CARTESIAN_POINT('',(-0.3841186839574,0.540999999999999,-0.100368761980176));
#2927=CARTESIAN_POINT('',(-0.378379293506,0.540999999999999,-0.0834993100218375));
#2928=CARTESIAN_POINT('',(-0.3668872208956,0.540999999999999,-0.0497046710931214));
#2929=CARTESIAN_POINT('',(-0.3553951482852,0.540999999999999,-0.0158832048706336));
#2930=CARTESIAN_POINT('',(-0.3496424661261,0.540999999999999,0.00105256479152364));
#2931=CARTESIAN_POINT('',(-0.3841186839574,0.493666666666697,-0.12739743503367));
#2932=CARTESIAN_POINT('',(-0.378379293506,0.493666666666697,-0.105298684620952));
#2933=CARTESIAN_POINT('',(-0.3668872208956,0.493666666666697,-0.0618222657396102));
#2934=CARTESIAN_POINT('',(-0.3553951482852,0.493666666666697,-0.0195888448032645));
#2935=CARTESIAN_POINT('',(-0.3496424661261,0.493666666666697,0.00129849227899121));
#2936=CARTESIAN_POINT('',(-0.3841186839574,0.446333333333303,-0.154426108087229));
#2937=CARTESIAN_POINT('',(-0.378379293506,0.446333333333303,-0.127098059220048));
#2938=CARTESIAN_POINT('',(-0.3668872208956,0.446333333333303,-0.0739398603860898));
#2939=CARTESIAN_POINT('',(-0.3553951482852,0.446333333333303,-0.0232944847358955));
#2940=CARTESIAN_POINT('',(-0.3496424661261,0.446333333333303,0.00154441976645879));
#2941=CARTESIAN_POINT('',(-0.3841186839574,0.399000000000001,-0.181454781140695));
#2942=CARTESIAN_POINT('',(-0.378379293506,0.399000000000001,-0.148897433819143));
#2943=CARTESIAN_POINT('',(-0.3668872208956,0.399000000000001,-0.0860574550325786));
#2944=CARTESIAN_POINT('',(-0.3553951482852,0.399000000000001,-0.0270001246685264));
#2945=CARTESIAN_POINT('',(-0.3496424661261,0.399000000000001,0.00179034725392636));
#2946=EDGE_LOOP('',(#5302,#5303,#5304,#5305));
#2947=AXIS2_PLACEMENT_3D('',#5306,#5307,#5308);
#2948=EDGE_LOOP('',(#5309,#5310,#5311,#5312));
#2949=AXIS2_PLACEMENT_3D('',#5313,#5314,#5315);
#2950=EDGE_LOOP('',(#5316,#5317,#5318,#5319,#5320,#5321,#5322,#5323));
#2951=AXIS2_PLACEMENT_3D('',#5324,#5325,#5326);
#2952=EDGE_LOOP('',(#5327,#5328,#5329,#5330));
#2953=AXIS2_PLACEMENT_3D('',#5331,#5332,#5333);
#2954=EDGE_LOOP('',(#5334,#5335,#5336,#5337));
#2955=CARTESIAN_POINT('',(0.757196679320346,-0.552555583185214,-0.404206328068616));
#2956=CARTESIAN_POINT('',(0.75724012875525,-0.53424466841403,-0.402321382887714));
#2957=CARTESIAN_POINT('',(0.756357835639504,-0.506416956571618,-0.398377448938342));
#2958=CARTESIAN_POINT('',(0.753386782296837,-0.496699716451883,-0.395254875632052));
#2959=CARTESIAN_POINT('',(0.7515227594546,-0.496392741791366,-0.394196489512468));
#2960=CARTESIAN_POINT('',(0.804799096960739,-0.552141596898524,-0.405344081025464));
#2961=CARTESIAN_POINT('',(0.80502898814176,-0.536833040434351,-0.395406321246307));
#2962=CARTESIAN_POINT('',(0.800356697307538,-0.512042123322469,-0.374658249654013));
#2963=CARTESIAN_POINT('',(0.784761571409468,-0.499322738729721,-0.358314321509571));
#2964=CARTESIAN_POINT('',(0.775007459863924,-0.495979183985513,-0.352774750520024));
#2965=CARTESIAN_POINT('',(0.852399683005747,-0.55172761061193,-0.406551502442273));
#2966=CARTESIAN_POINT('',(0.852837997101035,-0.539421412454769,-0.388063653570377));
#2967=CARTESIAN_POINT('',(0.843878238378753,-0.517667290073416,-0.350045655437344));
#2968=CARTESIAN_POINT('',(0.815753275356591,-0.501945761007656,-0.321171625642106));
#2969=CARTESIAN_POINT('',(0.798552718456942,-0.495565626179674,-0.311387328329114));
#2970=CARTESIAN_POINT('',(0.899998395878704,-0.551313624325261,-0.407828727234882));
#2971=CARTESIAN_POINT('',(0.900670315880548,-0.542009784475189,-0.380294861026572));
#2972=CARTESIAN_POINT('',(0.886894548370964,-0.523292456824362,-0.324555010316789));
#2973=CARTESIAN_POINT('',(0.846362366442968,-0.504568783285502,-0.28382352759466));
#2974=CARTESIAN_POINT('',(0.822158417596155,-0.495152068373822,-0.270034235853267));
#2975=EDGE_LOOP('',(#5338,#5339,#5340,#5341));
#2976=AXIS2_PLACEMENT_3D('',#5342,#5343,#5344);
#2977=EDGE_LOOP('',(#5345,#5346,#5347,#5348));
#2978=CARTESIAN_POINT('',(0.899998395860195,0.551313624581551,-0.407828727993351));
#2979=CARTESIAN_POINT('',(0.900670316006321,0.542009784646072,-0.380294861535477));
#2980=CARTESIAN_POINT('',(0.886894548493108,0.523292456824302,-0.324555010248276));
#2981=CARTESIAN_POINT('',(0.846362366072908,0.50456878311455,-0.283823527222781));
#2982=CARTESIAN_POINT('',(0.822158416936959,0.495152068117356,-0.270034235477715));
#2983=CARTESIAN_POINT('',(0.852399682993672,0.551727610950926,-0.406551502951554));
#2984=CARTESIAN_POINT('',(0.852837997182838,0.539421412653385,-0.388063653917481));
#2985=CARTESIAN_POINT('',(0.843878238466242,0.517667290045877,-0.350045655395602));
#2986=CARTESIAN_POINT('',(0.81575327509981,0.501945760864118,-0.321171625378486));
#2987=CARTESIAN_POINT('',(0.798552717988483,0.495565626005911,-0.311387328062638));
#2988=CARTESIAN_POINT('',(0.804799096954406,0.552141597320225,-0.405344081299217));
#2989=CARTESIAN_POINT('',(0.805028988184418,0.536833040660693,-0.395406321435737));
#2990=CARTESIAN_POINT('',(0.8003566973574,0.512042123267362,-0.374658249633908));
#2991=CARTESIAN_POINT('',(0.784761571267084,0.499322738613593,-0.358314321360351));
#2992=CARTESIAN_POINT('',(0.77500745959827,0.495979183894451,-0.352774750369153));
#2993=CARTESIAN_POINT('',(0.757196679319149,0.552555583689621,-0.40420632812054));
#2994=CARTESIAN_POINT('',(0.757240128763305,0.534244668668097,-0.402321382923722));
#2995=CARTESIAN_POINT('',(0.756357835649039,0.506416956488943,-0.398377448934593));
#2996=CARTESIAN_POINT('',(0.753386782269711,0.496699716363164,-0.395254875603543));
#2997=CARTESIAN_POINT('',(0.751522759403833,0.496392741783005,-0.394196489483643));
#2998=EDGE_LOOP('',(#5349,#5350,#5351,#5352));
#2999=CARTESIAN_POINT('',(0.828941254386375,0.497625135946005,-0.272953268331351));
#3000=CARTESIAN_POINT('',(0.78044258699302,0.478486198173169,-0.243727164469901));
#3001=CARTESIAN_POINT('',(0.683524320143085,0.440178572140565,-0.185322604401344));
#3002=CARTESIAN_POINT('',(0.586637003644462,0.401845917174383,-0.126936695529331));
#3003=CARTESIAN_POINT('',(0.538223118315223,0.382703031514551,-0.0977616827503537));
#3004=CARTESIAN_POINT('',(0.804692920695326,0.497697018852209,-0.313604321453015));
#3005=CARTESIAN_POINT('',(0.753196322732923,0.477347741513757,-0.28257161475302));
#3006=CARTESIAN_POINT('',(0.649075919158845,0.43902814285044,-0.219826927269845));
#3007=CARTESIAN_POINT('',(0.543522279839493,0.401868218113152,-0.156218548081237));
#3008=CARTESIAN_POINT('',(0.490633264517648,0.382702376328482,-0.12434674751433));
#3009=CARTESIAN_POINT('',(0.780439791519482,0.497768901758413,-0.354252484735684));
#3010=CARTESIAN_POINT('',(0.726025834671273,0.476209284854344,-0.321461729033967));
#3011=CARTESIAN_POINT('',(0.614721101200255,0.437877713560315,-0.254387644826541));
#3012=CARTESIAN_POINT('',(0.500405743504775,0.401890519051823,-0.185499308372604));
#3013=CARTESIAN_POINT('',(0.443043463955504,0.382701721142314,-0.150931844358868));
#3014=CARTESIAN_POINT('',(0.756181866758647,0.497840784664716,-0.394897758119084));
#3015=CARTESIAN_POINT('',(0.698931126034238,0.475070828194932,-0.360397509256898));
#3016=CARTESIAN_POINT('',(0.580459708237476,0.436727284270091,-0.289004661840035));
#3017=CARTESIAN_POINT('',(0.457287397688795,0.401912819990494,-0.214778978240412));
#3018=CARTESIAN_POINT('',(0.395453716539507,0.382701065956245,-0.177516973230086));
#3019=EDGE_LOOP('',(#5353,#5354,#5355,#5356));
#3020=AXIS2_PLACEMENT_3D('',#5357,#5358,#5359);
#3021=EDGE_LOOP('',(#5360,#5361,#5362,#5363));
#3022=CARTESIAN_POINT('',(0.7561818667586,-0.497840784664679,-0.394897758119053));
#3023=CARTESIAN_POINT('',(0.698931126034188,-0.475070828194926,-0.360397509256901));
#3024=CARTESIAN_POINT('',(0.580459708237422,-0.436727284270155,-0.289004661840059));
#3025=CARTESIAN_POINT('',(0.457287397688785,-0.401912819990518,-0.214778978240393));
#3026=CARTESIAN_POINT('',(0.395453716539482,-0.382701065956292,-0.17751697323013));
#3027=CARTESIAN_POINT('',(0.78043979151946,-0.497768901758423,-0.354252484735651));
#3028=CARTESIAN_POINT('',(0.726025834671188,-0.476209284854307,-0.321461729033954));
#3029=CARTESIAN_POINT('',(0.614721101200293,-0.437877713560259,-0.254387644826568));
#3030=CARTESIAN_POINT('',(0.500405743504765,-0.401890519051783,-0.185499308372572));
#3031=CARTESIAN_POINT('',(0.443043463955457,-0.382701721142362,-0.150931844358855));
#3032=CARTESIAN_POINT('',(0.804692920695369,-0.497697018852169,-0.313604321452949));
#3033=CARTESIAN_POINT('',(0.753196322733008,-0.477347741513688,-0.282571614753056));
#3034=CARTESIAN_POINT('',(0.649075919158793,-0.439028142850461,-0.219826927269754));
#3035=CARTESIAN_POINT('',(0.543522279839526,-0.401868218113146,-0.156218548081316));
#3036=CARTESIAN_POINT('',(0.490633264517564,-0.382702376328433,-0.124346747514251));
#3037=CARTESIAN_POINT('',(0.828941254386328,-0.497625135946013,-0.272953268331321));
#3038=CARTESIAN_POINT('',(0.780442586992992,-0.478486198173167,-0.243727164469954));
#3039=CARTESIAN_POINT('',(0.683524320143084,-0.440178572140564,-0.185322604401363));
#3040=CARTESIAN_POINT('',(0.586637003644486,-0.401845917174411,-0.126936695529353));
#3041=CARTESIAN_POINT('',(0.538223118315283,-0.382703031514602,-0.0977616827503471));
#3042=EDGE_LOOP('',(#5364,#5365,#5366,#5367));
#3043=AXIS2_PLACEMENT_3D('',#5368,#5369,#5370);
#3044=EDGE_LOOP('',(#5371,#5372,#5373,#5374));
#3045=AXIS2_PLACEMENT_3D('',#5375,#5376,#5377);
#3046=EDGE_LOOP('',(#5378,#5379,#5380,#5381));
#3047=CARTESIAN_POINT('',(0.540999999999999,0.3841186839574,-0.100368761980176));
#3048=CARTESIAN_POINT('',(0.540999999999999,0.378379293506,-0.0834993100218375));
#3049=CARTESIAN_POINT('',(0.540999999999999,0.3668872208956,-0.0497046710931214));
#3050=CARTESIAN_POINT('',(0.540999999999999,0.3553951482852,-0.0158832048706336));
#3051=CARTESIAN_POINT('',(0.540999999999999,0.3496424661261,0.00105256479152364));
#3052=CARTESIAN_POINT('',(0.493666666666697,0.3841186839574,-0.12739743503367));
#3053=CARTESIAN_POINT('',(0.493666666666697,0.378379293506,-0.105298684620952));
#3054=CARTESIAN_POINT('',(0.493666666666697,0.3668872208956,-0.0618222657396102));
#3055=CARTESIAN_POINT('',(0.493666666666697,0.3553951482852,-0.0195888448032645));
#3056=CARTESIAN_POINT('',(0.493666666666697,0.3496424661261,0.00129849227899121));
#3057=CARTESIAN_POINT('',(0.446333333333303,0.3841186839574,-0.154426108087229));
#3058=CARTESIAN_POINT('',(0.446333333333303,0.378379293506,-0.127098059220048));
#3059=CARTESIAN_POINT('',(0.446333333333303,0.3668872208956,-0.0739398603860898));
#3060=CARTESIAN_POINT('',(0.446333333333303,0.3553951482852,-0.0232944847358955));
#3061=CARTESIAN_POINT('',(0.446333333333303,0.3496424661261,0.00154441976645879));
#3062=CARTESIAN_POINT('',(0.399000000000001,0.3841186839574,-0.181454781140695));
#3063=CARTESIAN_POINT('',(0.399000000000001,0.378379293506,-0.148897433819143));
#3064=CARTESIAN_POINT('',(0.399000000000001,0.3668872208956,-0.0860574550325786));
#3065=CARTESIAN_POINT('',(0.399000000000001,0.3553951482852,-0.0270001246685264));
#3066=CARTESIAN_POINT('',(0.399000000000001,0.3496424661261,0.00179034725392636));
#3067=EDGE_LOOP('',(#5382,#5383,#5384,#5385));
#3068=AXIS2_PLACEMENT_3D('',#5386,#5387,#5388);
#3069=EDGE_LOOP('',(#5389,#5390,#5391,#5392));
#3070=CARTESIAN_POINT('',(0.399000000000001,-0.3841186839574,-0.181454781140695));
#3071=CARTESIAN_POINT('',(0.399000000000001,-0.378379293506,-0.148897433819143));
#3072=CARTESIAN_POINT('',(0.399000000000001,-0.3668872208956,-0.0860574550325786));
#3073=CARTESIAN_POINT('',(0.399000000000001,-0.3553951482852,-0.0270001246685264));
#3074=CARTESIAN_POINT('',(0.399000000000001,-0.3496424661262,0.00179034725392636));
#3075=CARTESIAN_POINT('',(0.446333333333303,-0.3841186839574,-0.154426108087229));
#3076=CARTESIAN_POINT('',(0.446333333333303,-0.378379293506,-0.127098059220048));
#3077=CARTESIAN_POINT('',(0.446333333333303,-0.3668872208956,-0.0739398603860898));
#3078=CARTESIAN_POINT('',(0.446333333333303,-0.3553951482852,-0.0232944847358955));
#3079=CARTESIAN_POINT('',(0.446333333333303,-0.3496424661262,0.00154441976645879));
#3080=CARTESIAN_POINT('',(0.493666666666697,-0.3841186839574,-0.12739743503367));
#3081=CARTESIAN_POINT('',(0.493666666666697,-0.378379293506,-0.105298684620952));
#3082=CARTESIAN_POINT('',(0.493666666666697,-0.3668872208956,-0.0618222657396102));
#3083=CARTESIAN_POINT('',(0.493666666666697,-0.3553951482852,-0.0195888448032645));
#3084=CARTESIAN_POINT('',(0.493666666666697,-0.3496424661262,0.00129849227899121));
#3085=CARTESIAN_POINT('',(0.540999999999999,-0.3841186839574,-0.100368761980176));
#3086=CARTESIAN_POINT('',(0.540999999999999,-0.378379293506,-0.0834993100218375));
#3087=CARTESIAN_POINT('',(0.540999999999999,-0.3668872208956,-0.0497046710931214));
#3088=CARTESIAN_POINT('',(0.540999999999999,-0.3553951482852,-0.0158832048706336));
#3089=CARTESIAN_POINT('',(0.540999999999999,-0.3496424661262,0.00105256479152364));
#3090=EDGE_LOOP('',(#5393,#5394,#5395,#5396));
#3091=AXIS2_PLACEMENT_3D('',#5397,#5398,#5399);
#3092=EDGE_LOOP('',(#5400,#5401,#5402,#5403,#5404,#5405,#5406,#5407,#5408,#5409,#5410,#5411,#5412,#5413,#5414,#5415,#5416,#5417,#5418,#5419));
#3093=AXIS2_PLACEMENT_3D('',#5420,#5421,#5422);
#3094=EDGE_LOOP('',(#5423,#5424,#5425,#5426));
#3095=AXIS2_PLACEMENT_3D('',#5427,#5428,#5429);
#3096=EDGE_LOOP('',(#5430,#5431,#5432,#5433));
#3097=AXIS2_PLACEMENT_3D('',#5434,#5435,#5436);
#3098=EDGE_LOOP('',(#5437,#5438,#5439,#5440));
#3099=AXIS2_PLACEMENT_3D('',#5441,#5442,#5443);
#3100=EDGE_LOOP('',(#5444,#5445,#5446,#5447));
#3101=AXIS2_PLACEMENT_3D('',#5448,#5449,#5450);
#3102=EDGE_LOOP('',(#5451,#5452,#5453,#5454,#5455));
#3103=AXIS2_PLACEMENT_3D('',#5456,#5457,#5458);
#3104=EDGE_LOOP('',(#5459,#5460,#5461,#5462));
#3105=AXIS2_PLACEMENT_3D('',#5463,#5464,#5465);
#3106=EDGE_LOOP('',(#5466,#5467,#5468,#5469,#5470,#5471));
#3107=AXIS2_PLACEMENT_3D('',#5472,#5473,#5474);
#3108=EDGE_LOOP('',(#5475,#5476,#5477,#5478));
#3109=AXIS2_PLACEMENT_3D('',#5479,#5480,#5481);
#3110=EDGE_LOOP('',(#5482,#5483,#5484,#5485));
#3111=CARTESIAN_POINT('',(-0.552556290687013,-0.757196677641301,-0.404206400899342));
#3112=CARTESIAN_POINT('',(-0.534245024778891,-0.757240140053887,-0.402321433394112));
#3113=CARTESIAN_POINT('',(-0.50641684060873,-0.756357849014013,-0.3983774436791));
#3114=CARTESIAN_POINT('',(-0.496699592012796,-0.753386744249181,-0.395254835644138));
#3115=CARTESIAN_POINT('',(-0.496392730066891,-0.751522688247105,-0.394196449081435));
#3116=CARTESIAN_POINT('',(-0.552142188394058,-0.804799088076901,-0.405344465001766));
#3117=CARTESIAN_POINT('',(-0.536833357909506,-0.805029047975077,-0.395406586948112));
#3118=CARTESIAN_POINT('',(-0.512042046027421,-0.800356767247377,-0.374658221453909));
#3119=CARTESIAN_POINT('',(-0.499322575844661,-0.784761371696469,-0.358314112207975));
#3120=CARTESIAN_POINT('',(-0.495979056260261,-0.775007087247339,-0.352774538904835));
#3121=CARTESIAN_POINT('',(-0.551728086101201,-0.852399666067655,-0.406552216778042));
#3122=CARTESIAN_POINT('',(-0.539421691040216,-0.852838111839608,-0.388064140432571));
#3123=CARTESIAN_POINT('',(-0.517667251446209,-0.843878361095088,-0.350045596887739));
#3124=CARTESIAN_POINT('',(-0.501945559676622,-0.815752915185055,-0.321171255879123));
#3125=CARTESIAN_POINT('',(-0.495565382453644,-0.798552061379026,-0.311386954562641));
#3126=CARTESIAN_POINT('',(-0.551313983808267,-0.899998369913223,-0.407829791091995));
#3127=CARTESIAN_POINT('',(-0.542010024170928,-0.900670492293126,-0.380295574836605));
#3128=CARTESIAN_POINT('',(-0.523292456864995,-0.88689471969446,-0.324554914216936));
#3129=CARTESIAN_POINT('',(-0.504568543508495,-0.846361847383186,-0.283823005984335));
#3130=CARTESIAN_POINT('',(-0.495151708647015,-0.822157492982045,-0.270033709093431));
#3131=EDGE_LOOP('',(#5486,#5487,#5488,#5489));
#3132=AXIS2_PLACEMENT_3D('',#5490,#5491,#5492);
#3133=EDGE_LOOP('',(#5493,#5494,#5495,#5496,#5497,#5498));
#3134=AXIS2_PLACEMENT_3D('',#5499,#5500,#5501);
#3135=EDGE_LOOP('',(#5502,#5503,#5504,#5505));
#3136=AXIS2_PLACEMENT_3D('',#5506,#5507,#5508);
#3137=EDGE_LOOP('',(#5509,#5510,#5511,#5512));
#3138=AXIS2_PLACEMENT_3D('',#5513,#5514,#5515);
#3139=EDGE_LOOP('',(#5516,#5517,#5518,#5519));
#3140=CARTESIAN_POINT('',(0.551313983808119,-0.899998369913234,-0.407829791091558));
#3141=CARTESIAN_POINT('',(0.54201002417083,-0.900670492293053,-0.380295574836312));
#3142=CARTESIAN_POINT('',(0.523292456864995,-0.88689471969439,-0.324554914216976));
#3143=CARTESIAN_POINT('',(0.504568543508594,-0.846361847383399,-0.28382300598455));
#3144=CARTESIAN_POINT('',(0.495151708647163,-0.822157492982426,-0.270033709093648));
#3145=CARTESIAN_POINT('',(0.551728086101005,-0.852399666067661,-0.406552216777749));
#3146=CARTESIAN_POINT('',(0.539421691040102,-0.852838111839561,-0.388064140432371));
#3147=CARTESIAN_POINT('',(0.517667251446225,-0.843878361095038,-0.350045596887764));
#3148=CARTESIAN_POINT('',(0.501945559676705,-0.815752915185203,-0.321171255879275));
#3149=CARTESIAN_POINT('',(0.495565382453745,-0.798552061379297,-0.311386954562796));
#3150=CARTESIAN_POINT('',(0.552142188393816,-0.804799088076905,-0.405344465001608));
#3151=CARTESIAN_POINT('',(0.536833357909375,-0.805029047975053,-0.395406586948003));
#3152=CARTESIAN_POINT('',(0.512042046027453,-0.800356767247348,-0.37465822145392));
#3153=CARTESIAN_POINT('',(0.499322575844728,-0.784761371696551,-0.358314112208061));
#3154=CARTESIAN_POINT('',(0.495979056260313,-0.775007087247493,-0.352774538904922));
#3155=CARTESIAN_POINT('',(0.552556290686722,-0.757196677641302,-0.404206400899312));
#3156=CARTESIAN_POINT('',(0.534245024778745,-0.757240140053882,-0.402321433394091));
#3157=CARTESIAN_POINT('',(0.506416840608778,-0.756357849014008,-0.398377443679103));
#3158=CARTESIAN_POINT('',(0.496699592012847,-0.753386744249197,-0.395254835644154));
#3159=CARTESIAN_POINT('',(0.496392730066896,-0.751522688247135,-0.394196449081452));
#3160=EDGE_LOOP('',(#5520,#5521,#5522,#5523));
#3161=CARTESIAN_POINT('',(0.497625135946005,-0.828941254386375,-0.272953268331351));
#3162=CARTESIAN_POINT('',(0.478486198173169,-0.78044258699302,-0.243727164469901));
#3163=CARTESIAN_POINT('',(0.440178572140565,-0.683524320143085,-0.185322604401344));
#3164=CARTESIAN_POINT('',(0.401845917174383,-0.586637003644462,-0.126936695529331));
#3165=CARTESIAN_POINT('',(0.382703031514551,-0.538223118315222,-0.0977616827503537));
#3166=CARTESIAN_POINT('',(0.497697018852209,-0.804692920695326,-0.313604321453015));
#3167=CARTESIAN_POINT('',(0.477347741513757,-0.753196322732923,-0.28257161475302));
#3168=CARTESIAN_POINT('',(0.43902814285044,-0.649075919158845,-0.219826927269845));
#3169=CARTESIAN_POINT('',(0.401868218113152,-0.543522279839493,-0.156218548081237));
#3170=CARTESIAN_POINT('',(0.382702376328482,-0.490633264517549,-0.12434674751433));
#3171=CARTESIAN_POINT('',(0.497768901758413,-0.780439791519482,-0.354252484735684));
#3172=CARTESIAN_POINT('',(0.476209284854344,-0.726025834671273,-0.321461729033967));
#3173=CARTESIAN_POINT('',(0.437877713560315,-0.614721101200255,-0.254387644826541));
#3174=CARTESIAN_POINT('',(0.401890519051823,-0.500405743504775,-0.185499308372604));
#3175=CARTESIAN_POINT('',(0.382701721142314,-0.443043463955503,-0.150931844358868));
#3176=CARTESIAN_POINT('',(0.497840784664716,-0.756181866758647,-0.394897758119084));
#3177=CARTESIAN_POINT('',(0.475070828194932,-0.698931126034238,-0.360397509256898));
#3178=CARTESIAN_POINT('',(0.436727284270091,-0.580459708237476,-0.289004661840035));
#3179=CARTESIAN_POINT('',(0.401912819990494,-0.457287397688795,-0.214778978240412));
#3180=CARTESIAN_POINT('',(0.382701065956245,-0.395453716539507,-0.177516973230086));
#3181=EDGE_LOOP('',(#5524,#5525,#5526,#5527));
#3182=AXIS2_PLACEMENT_3D('',#5528,#5529,#5530);
#3183=EDGE_LOOP('',(#5531,#5532,#5533,#5534));
#3184=CARTESIAN_POINT('',(-0.497840784664679,-0.7561818667586,-0.394897758119054));
#3185=CARTESIAN_POINT('',(-0.475070828194926,-0.698931126034188,-0.360397509256901));
#3186=CARTESIAN_POINT('',(-0.436727284270155,-0.580459708237422,-0.28900466184006));
#3187=CARTESIAN_POINT('',(-0.401912819990518,-0.457287397688785,-0.214778978240393));
#3188=CARTESIAN_POINT('',(-0.382701065956291,-0.395453716539383,-0.17751697323013));
#3189=CARTESIAN_POINT('',(-0.497768901758423,-0.78043979151946,-0.354252484735651));
#3190=CARTESIAN_POINT('',(-0.476209284854307,-0.726025834671187,-0.321461729033954));
#3191=CARTESIAN_POINT('',(-0.437877713560259,-0.614721101200294,-0.254387644826568));
#3192=CARTESIAN_POINT('',(-0.401890519051783,-0.500405743504765,-0.185499308372572));
#3193=CARTESIAN_POINT('',(-0.382701721142362,-0.443043463955457,-0.150931844358855));
#3194=CARTESIAN_POINT('',(-0.497697018852169,-0.804692920695369,-0.313604321452949));
#3195=CARTESIAN_POINT('',(-0.477347741513688,-0.753196322732909,-0.282571614753056));
#3196=CARTESIAN_POINT('',(-0.439028142850461,-0.649075919158793,-0.219826927269754));
#3197=CARTESIAN_POINT('',(-0.401868218113146,-0.543522279839526,-0.156218548081316));
#3198=CARTESIAN_POINT('',(-0.382702376328433,-0.490633264517564,-0.124346747514251));
#3199=CARTESIAN_POINT('',(-0.497625135946013,-0.828941254386328,-0.272953268331321));
#3200=CARTESIAN_POINT('',(-0.478486198173168,-0.780442586992991,-0.243727164469954));
#3201=CARTESIAN_POINT('',(-0.440178572140564,-0.683524320143084,-0.185322604401363));
#3202=CARTESIAN_POINT('',(-0.401845917174411,-0.586637003644486,-0.126936695529353));
#3203=CARTESIAN_POINT('',(-0.382703031514602,-0.538223118315283,-0.0977616827503471));
#3204=EDGE_LOOP('',(#5535,#5536,#5537,#5538));
#3205=AXIS2_PLACEMENT_3D('',#5539,#5540,#5541);
#3206=EDGE_LOOP('',(#5542,#5543,#5544,#5545));
#3207=AXIS2_PLACEMENT_3D('',#5546,#5547,#5548);
#3208=EDGE_LOOP('',(#5549,#5550,#5551,#5552));
#3209=CARTESIAN_POINT('',(0.3841186839574,-0.540999999999999,-0.100368761980176));
#3210=CARTESIAN_POINT('',(0.378379293506,-0.540999999999999,-0.0834993100218375));
#3211=CARTESIAN_POINT('',(0.3668872208956,-0.540999999999999,-0.0497046710931214));
#3212=CARTESIAN_POINT('',(0.3553951482852,-0.540999999999999,-0.0158832048706336));
#3213=CARTESIAN_POINT('',(0.3496424661261,-0.540999999999999,0.00105256479152364));
#3214=CARTESIAN_POINT('',(0.3841186839574,-0.493666666666697,-0.12739743503367));
#3215=CARTESIAN_POINT('',(0.378379293506,-0.493666666666697,-0.105298684620952));
#3216=CARTESIAN_POINT('',(0.3668872208956,-0.493666666666697,-0.0618222657396102));
#3217=CARTESIAN_POINT('',(0.3553951482852,-0.493666666666697,-0.0195888448032645));
#3218=CARTESIAN_POINT('',(0.3496424661261,-0.493666666666697,0.00129849227899121));
#3219=CARTESIAN_POINT('',(0.3841186839574,-0.446333333333303,-0.154426108087229));
#3220=CARTESIAN_POINT('',(0.378379293506,-0.446333333333303,-0.127098059220048));
#3221=CARTESIAN_POINT('',(0.3668872208956,-0.446333333333303,-0.0739398603860898));
#3222=CARTESIAN_POINT('',(0.3553951482852,-0.446333333333303,-0.0232944847358955));
#3223=CARTESIAN_POINT('',(0.3496424661261,-0.446333333333303,0.00154441976645879));
#3224=CARTESIAN_POINT('',(0.3841186839574,-0.399000000000001,-0.181454781140695));
#3225=CARTESIAN_POINT('',(0.378379293506,-0.399000000000001,-0.148897433819143));
#3226=CARTESIAN_POINT('',(0.3668872208956,-0.399000000000001,-0.0860574550325786));
#3227=CARTESIAN_POINT('',(0.3553951482852,-0.399000000000001,-0.0270001246685264));
#3228=CARTESIAN_POINT('',(0.3496424661261,-0.399000000000001,0.00179034725392636));
#3229=EDGE_LOOP('',(#5553,#5554,#5555,#5556));
#3230=AXIS2_PLACEMENT_3D('',#5557,#5558,#5559);
#3231=EDGE_LOOP('',(#5560,#5561,#5562,#5563));
#3232=CARTESIAN_POINT('',(-0.3841186839574,-0.399000000000001,-0.181454781140695));
#3233=CARTESIAN_POINT('',(-0.378379293506,-0.399000000000001,-0.148897433819143));
#3234=CARTESIAN_POINT('',(-0.3668872208956,-0.399000000000001,-0.0860574550325786));
#3235=CARTESIAN_POINT('',(-0.3553951482852,-0.399000000000001,-0.0270001246685264));
#3236=CARTESIAN_POINT('',(-0.3496424661261,-0.399000000000001,0.00179034725392636));
#3237=CARTESIAN_POINT('',(-0.3841186839574,-0.446333333333303,-0.154426108087229));
#3238=CARTESIAN_POINT('',(-0.378379293506,-0.446333333333303,-0.127098059220048));
#3239=CARTESIAN_POINT('',(-0.3668872208956,-0.446333333333303,-0.0739398603860898));
#3240=CARTESIAN_POINT('',(-0.3553951482852,-0.446333333333303,-0.0232944847358955));
#3241=CARTESIAN_POINT('',(-0.3496424661261,-0.446333333333303,0.00154441976645879));
#3242=CARTESIAN_POINT('',(-0.3841186839574,-0.493666666666697,-0.12739743503367));
#3243=CARTESIAN_POINT('',(-0.378379293506,-0.493666666666697,-0.105298684620952));
#3244=CARTESIAN_POINT('',(-0.3668872208956,-0.493666666666697,-0.0618222657396102));
#3245=CARTESIAN_POINT('',(-0.3553951482852,-0.493666666666697,-0.0195888448032645));
#3246=CARTESIAN_POINT('',(-0.3496424661261,-0.493666666666697,0.00129849227899121));
#3247=CARTESIAN_POINT('',(-0.3841186839574,-0.540999999999999,-0.100368761980176));
#3248=CARTESIAN_POINT('',(-0.378379293506,-0.540999999999999,-0.0834993100218375));
#3249=CARTESIAN_POINT('',(-0.3668872208956,-0.540999999999999,-0.0497046710931214));
#3250=CARTESIAN_POINT('',(-0.3553951482852,-0.540999999999999,-0.0158832048706336));
#3251=CARTESIAN_POINT('',(-0.3496424661261,-0.540999999999999,0.00105256479152364));
#3252=EDGE_LOOP('',(#5564,#5565,#5566,#5567));
#3253=AXIS2_PLACEMENT_3D('',#5568,#5569,#5570);
#3254=EDGE_LOOP('',(#5571,#5572,#5573,#5574));
#3255=AXIS2_PLACEMENT_3D('',#5575,#5576,#5577);
#3256=EDGE_LOOP('',(#5578,#5579,#5580,#5581));
#3257=AXIS2_PLACEMENT_3D('',#5582,#5583,#5584);
#3258=EDGE_LOOP('',(#5585,#5586,#5587,#5588));
#3259=AXIS2_PLACEMENT_3D('',#5589,#5590,#5591);
#3260=EDGE_LOOP('',(#5592,#5593,#5594,#5595));
#3261=AXIS2_PLACEMENT_3D('',#5596,#5597,#5598);
#3262=EDGE_LOOP('',(#5599,#5600,#5601,#5602));
#3263=AXIS2_PLACEMENT_3D('',#5603,#5604,#5605);
#3264=EDGE_LOOP('',(#5606,#5607,#5608,#5609));
#3265=AXIS2_PLACEMENT_3D('',#5610,#5611,#5612);
#3266=EDGE_LOOP('',(#5613,#5614,#5615,#5616));
#3267=AXIS2_PLACEMENT_3D('',#5617,#5618,#5619);
#3268=EDGE_LOOP('',(#5620,#5621,#5622,#5623));
#3269=CARTESIAN_POINT('',(-0.828941254386376,-0.497625135945905,-0.272953268331349));
#3270=CARTESIAN_POINT('',(-0.780442586992922,-0.47848619817307,-0.243727164469899));
#3271=CARTESIAN_POINT('',(-0.683524320143087,-0.440178572140565,-0.185322604401342));
#3272=CARTESIAN_POINT('',(-0.586637003644465,-0.401845917174382,-0.126936695529329));
#3273=CARTESIAN_POINT('',(-0.538223118315225,-0.382703031514551,-0.0977616827503521));
#3274=CARTESIAN_POINT('',(-0.804692920695327,-0.497697018852208,-0.313604321453013));
#3275=CARTESIAN_POINT('',(-0.753196322732923,-0.477347741513756,-0.282571614753019));
#3276=CARTESIAN_POINT('',(-0.649075919158846,-0.43902814285044,-0.219826927269844));
#3277=CARTESIAN_POINT('',(-0.543522279839494,-0.401868218113053,-0.156218548081236));
#3278=CARTESIAN_POINT('',(-0.490633264517551,-0.382702376328482,-0.124346747514329));
#3279=CARTESIAN_POINT('',(-0.780439791519483,-0.497768901758413,-0.354252484735683));
#3280=CARTESIAN_POINT('',(-0.726025834671274,-0.476209284854344,-0.321461729033966));
#3281=CARTESIAN_POINT('',(-0.614721101200256,-0.437877713560315,-0.25438764482654));
#3282=CARTESIAN_POINT('',(-0.500405743504776,-0.401890519051823,-0.185499308372604));
#3283=CARTESIAN_POINT('',(-0.443043463955504,-0.382701721142314,-0.150931844358868));
#3284=CARTESIAN_POINT('',(-0.756181866758647,-0.497840784664716,-0.394897758119084));
#3285=CARTESIAN_POINT('',(-0.698931126034238,-0.475070828194932,-0.360397509256898));
#3286=CARTESIAN_POINT('',(-0.580459708237476,-0.436727284270091,-0.289004661840035));
#3287=CARTESIAN_POINT('',(-0.457287397688795,-0.401912819990494,-0.214778978240412));
#3288=CARTESIAN_POINT('',(-0.395453716539507,-0.382701065956245,-0.177516973230086));
#3289=EDGE_LOOP('',(#5624,#5625,#5626,#5627));
#3290=AXIS2_PLACEMENT_3D('',#5628,#5629,#5630);
#3291=EDGE_LOOP('',(#5631,#5632,#5633,#5634));
#3292=CARTESIAN_POINT('',(-0.7561818667586,0.497840784664679,-0.394897758119054));
#3293=CARTESIAN_POINT('',(-0.698931126034188,0.475070828194926,-0.360397509256901));
#3294=CARTESIAN_POINT('',(-0.580459708237421,0.436727284270155,-0.28900466184006));
#3295=CARTESIAN_POINT('',(-0.457287397688784,0.401912819990518,-0.214778978240394));
#3296=CARTESIAN_POINT('',(-0.395453716539383,0.382701065956292,-0.17751697323013));
#3297=CARTESIAN_POINT('',(-0.780439791519459,0.497768901758424,-0.354252484735651));
#3298=CARTESIAN_POINT('',(-0.726025834671188,0.476209284854307,-0.321461729033954));
#3299=CARTESIAN_POINT('',(-0.614721101200195,0.437877713560259,-0.254387644826568));
#3300=CARTESIAN_POINT('',(-0.500405743504765,0.401890519051783,-0.185499308372572));
#3301=CARTESIAN_POINT('',(-0.443043463955457,0.382701721142362,-0.150931844358855));
#3302=CARTESIAN_POINT('',(-0.80469292069527,0.497697018852268,-0.313604321452948));
#3303=CARTESIAN_POINT('',(-0.75319632273291,0.477347741513787,-0.282571614753055));
#3304=CARTESIAN_POINT('',(-0.649075919158793,0.439028142850461,-0.219826927269753));
#3305=CARTESIAN_POINT('',(-0.543522279839528,0.401868218113146,-0.156218548081315));
#3306=CARTESIAN_POINT('',(-0.490633264517566,0.382702376328433,-0.12434674751425));
#3307=CARTESIAN_POINT('',(-0.828941254386328,0.497625135946013,-0.272953268331319));
#3308=CARTESIAN_POINT('',(-0.780442586992992,0.478486198173168,-0.243727164469952));
#3309=CARTESIAN_POINT('',(-0.683524320143085,0.440178572140564,-0.185322604401362));
#3310=CARTESIAN_POINT('',(-0.586637003644487,0.401845917174411,-0.126936695529352));
#3311=CARTESIAN_POINT('',(-0.538223118315284,0.382703031514602,-0.0977616827503461));
#3312=EDGE_LOOP('',(#5635,#5636,#5637,#5638));
#3313=CARTESIAN_POINT('',(-0.757196678740084,0.552555827713641,-0.404206353240602));
#3314=CARTESIAN_POINT('',(-0.757240132660339,0.534244791581773,-0.402321400343881));
#3315=CARTESIAN_POINT('',(-0.756357840262023,0.506416916492337,-0.398377447120634));
#3316=CARTESIAN_POINT('',(-0.753386769146709,0.496699673442697,-0.395254861811299));
#3317=CARTESIAN_POINT('',(-0.751522734843689,0.496392737738613,-0.394196475538515));
#3318=CARTESIAN_POINT('',(-0.804799093890566,0.552141801332778,-0.405344213736568));
#3319=CARTESIAN_POINT('',(-0.805029008821634,0.536833150161069,-0.395406413078935));
#3320=CARTESIAN_POINT('',(-0.800356721480256,0.512042096607724,-0.374658239907447));
#3321=CARTESIAN_POINT('',(-0.784761502384151,0.499322682432781,-0.358314249170073));
#3322=CARTESIAN_POINT('',(-0.77500733107925,0.495979139840385,-0.352774677380641));
#3323=CARTESIAN_POINT('',(-0.852399677152089,0.551727774951819,-0.406551749333228));
#3324=CARTESIAN_POINT('',(-0.852838036757444,0.539421508740269,-0.388063821841089));
#3325=CARTESIAN_POINT('',(-0.843878280792107,0.517667276723021,-0.350045635201335));
#3326=CARTESIAN_POINT('',(-0.815753150873177,0.501945691422952,-0.321171497843409));
#3327=CARTESIAN_POINT('',(-0.798552491355916,0.49556554194217,-0.311387199146283));
#3328=CARTESIAN_POINT('',(-0.899998386905278,0.551313748570874,-0.407829094928444));
#3329=CARTESIAN_POINT('',(-0.90067037685304,0.542009867319562,-0.380295107735635));
#3330=CARTESIAN_POINT('',(-0.886894607584001,0.523292456838405,-0.324554977102603));
#3331=CARTESIAN_POINT('',(-0.846362187044181,0.50456870041304,-0.283823347313967));
#3332=CARTESIAN_POINT('',(-0.82215809802856,0.495151944043942,-0.270034053792187));
#3333=EDGE_LOOP('',(#5639,#5640,#5641,#5642));
#3334=CARTESIAN_POINT('',(-0.399000000000001,0.3841186839574,-0.181454781140695));
#3335=CARTESIAN_POINT('',(-0.399000000000001,0.3783792935061,-0.148897433819143));
#3336=CARTESIAN_POINT('',(-0.399000000000001,0.3668872208956,-0.0860574550325786));
#3337=CARTESIAN_POINT('',(-0.399000000000001,0.3553951482852,-0.0270001246685264));
#3338=CARTESIAN_POINT('',(-0.399000000000001,0.3496424661262,0.00179034725392636));
#3339=CARTESIAN_POINT('',(-0.446333333333303,0.3841186839574,-0.154426108087229));
#3340=CARTESIAN_POINT('',(-0.446333333333303,0.3783792935061,-0.127098059220048));
#3341=CARTESIAN_POINT('',(-0.446333333333303,0.3668872208956,-0.0739398603860898));
#3342=CARTESIAN_POINT('',(-0.446333333333303,0.3553951482852,-0.0232944847358955));
#3343=CARTESIAN_POINT('',(-0.446333333333303,0.3496424661262,0.00154441976645879));
#3344=CARTESIAN_POINT('',(-0.493666666666697,0.3841186839574,-0.12739743503367));
#3345=CARTESIAN_POINT('',(-0.493666666666697,0.3783792935061,-0.105298684620952));
#3346=CARTESIAN_POINT('',(-0.493666666666697,0.3668872208956,-0.0618222657396102));
#3347=CARTESIAN_POINT('',(-0.493666666666697,0.3553951482852,-0.0195888448032645));
#3348=CARTESIAN_POINT('',(-0.493666666666697,0.3496424661262,0.00129849227899121));
#3349=CARTESIAN_POINT('',(-0.540999999999999,0.3841186839574,-0.100368761980176));
#3350=CARTESIAN_POINT('',(-0.540999999999999,0.3783792935061,-0.0834993100218375));
#3351=CARTESIAN_POINT('',(-0.540999999999999,0.3668872208956,-0.0497046710931214));
#3352=CARTESIAN_POINT('',(-0.540999999999999,0.3553951482852,-0.0158832048706336));
#3353=CARTESIAN_POINT('',(-0.540999999999999,0.3496424661262,0.00105256479152364));
#3354=EDGE_LOOP('',(#5643,#5644,#5645,#5646));
#3355=AXIS2_PLACEMENT_3D('',#5647,#5648,#5649);
#3356=EDGE_LOOP('',(#5650,#5651,#5652,#5653));
#3357=CARTESIAN_POINT('',(-0.540999999999999,-0.3841186839574,-0.100368761980176));
#3358=CARTESIAN_POINT('',(-0.540999999999999,-0.378379293506,-0.0834993100218375));
#3359=CARTESIAN_POINT('',(-0.540999999999999,-0.3668872208956,-0.0497046710931214));
#3360=CARTESIAN_POINT('',(-0.540999999999999,-0.3553951482852,-0.0158832048706336));
#3361=CARTESIAN_POINT('',(-0.540999999999999,-0.3496424661261,0.00105256479152364));
#3362=CARTESIAN_POINT('',(-0.493666666666697,-0.3841186839574,-0.12739743503367));
#3363=CARTESIAN_POINT('',(-0.493666666666697,-0.378379293506,-0.105298684620952));
#3364=CARTESIAN_POINT('',(-0.493666666666697,-0.3668872208956,-0.0618222657396102));
#3365=CARTESIAN_POINT('',(-0.493666666666697,-0.3553951482852,-0.0195888448032645));
#3366=CARTESIAN_POINT('',(-0.493666666666697,-0.3496424661261,0.00129849227899121));
#3367=CARTESIAN_POINT('',(-0.446333333333303,-0.3841186839574,-0.154426108087229));
#3368=CARTESIAN_POINT('',(-0.446333333333303,-0.378379293506,-0.127098059220048));
#3369=CARTESIAN_POINT('',(-0.446333333333303,-0.3668872208956,-0.0739398603860898));
#3370=CARTESIAN_POINT('',(-0.446333333333303,-0.3553951482852,-0.0232944847358955));
#3371=CARTESIAN_POINT('',(-0.446333333333303,-0.3496424661261,0.00154441976645879));
#3372=CARTESIAN_POINT('',(-0.399000000000001,-0.3841186839574,-0.181454781140695));
#3373=CARTESIAN_POINT('',(-0.399000000000001,-0.378379293506,-0.148897433819143));
#3374=CARTESIAN_POINT('',(-0.399000000000001,-0.3668872208956,-0.0860574550325786));
#3375=CARTESIAN_POINT('',(-0.399000000000001,-0.3553951482852,-0.0270001246685264));
#3376=CARTESIAN_POINT('',(-0.399000000000001,-0.3496424661261,0.00179034725392636));
#3377=EDGE_LOOP('',(#5654,#5655,#5656,#5657));
#3378=AXIS2_PLACEMENT_3D('',#5658,#5659,#5660);
#3379=EDGE_LOOP('',(#5661,#5662,#5663,#5664));
#3380=AXIS2_PLACEMENT_3D('',#5665,#5666,#5667);
#3381=ORIENTED_EDGE('',*,*,#5668,.T.);
#3382=ORIENTED_EDGE('',*,*,#5669,.T.);
#3383=ORIENTED_EDGE('',*,*,#5670,.F.);
#3384=ORIENTED_EDGE('',*,*,#5671,.F.);
#3385=ORIENTED_EDGE('',*,*,#5672,.T.);
#3386=ORIENTED_EDGE('',*,*,#5673,.T.);
#3387=ORIENTED_EDGE('',*,*,#5674,.T.);
#3388=ORIENTED_EDGE('',*,*,#5675,.T.);
#3389=ORIENTED_EDGE('',*,*,#5671,.T.);
#3390=ORIENTED_EDGE('',*,*,#5676,.F.);
#3391=ORIENTED_EDGE('',*,*,#5677,.T.);
#3392=ORIENTED_EDGE('',*,*,#5677,.F.);
#3393=ORIENTED_EDGE('',*,*,#5678,.T.);
#3394=ORIENTED_EDGE('',*,*,#5679,.F.);
#3395=ORIENTED_EDGE('',*,*,#5680,.T.);
#3396=CARTESIAN_POINT('',(-1.661343960827,0.075,-6.7));
#3397=DIRECTION('',(0.0,-0.500000000000017,-0.866025403784429));
#3398=DIRECTION('',(0.0,-0.866025403784429,0.500000000000017));
#3399=ORIENTED_EDGE('',*,*,#5681,.F.);
#3400=ORIENTED_EDGE('',*,*,#5682,.T.);
#3401=ORIENTED_EDGE('',*,*,#5683,.F.);
#3402=ORIENTED_EDGE('',*,*,#5684,.T.);
#3403=CARTESIAN_POINT('',(-1.661343960827,0.075,-6.7));
#3404=DIRECTION('',(0.0,-0.500000000000017,-0.866025403784429));
#3405=DIRECTION('',(0.0,-0.866025403784429,0.500000000000017));
#3406=ORIENTED_EDGE('',*,*,#5685,.F.);
#3407=ORIENTED_EDGE('',*,*,#5686,.T.);
#3408=ORIENTED_EDGE('',*,*,#5672,.F.);
#3409=ORIENTED_EDGE('',*,*,#5680,.F.);
#3410=CARTESIAN_POINT('',(-1.661343960827,0.375,-6.873205080757));
#3411=DIRECTION('',(0.0,-1.0,0.0));
#3412=DIRECTION('',(0.0,0.0,-1.0));
#3413=ORIENTED_EDGE('',*,*,#5687,.F.);
#3414=ORIENTED_EDGE('',*,*,#5688,.T.);
#3415=ORIENTED_EDGE('',*,*,#5689,.F.);
#3416=ORIENTED_EDGE('',*,*,#5684,.F.);
#3417=CARTESIAN_POINT('',(-1.661343960827,0.375,-6.873205080757));
#3418=DIRECTION('',(0.0,-1.0,0.0));
#3419=DIRECTION('',(0.0,0.0,-1.0));
#3420=ORIENTED_EDGE('',*,*,#5690,.F.);
#3421=ORIENTED_EDGE('',*,*,#5691,.T.);
#3422=ORIENTED_EDGE('',*,*,#5673,.F.);
#3423=ORIENTED_EDGE('',*,*,#5686,.F.);
#3424=CARTESIAN_POINT('',(-1.661343960827,0.375,-7.442157287525));
#3425=DIRECTION('',(0.0,-0.707106781186598,0.707106781186498));
#3426=DIRECTION('',(-1.0,0.0,0.0));
#3427=ORIENTED_EDGE('',*,*,#5692,.F.);
#3428=ORIENTED_EDGE('',*,*,#5693,.T.);
#3429=ORIENTED_EDGE('',*,*,#5694,.F.);
#3430=ORIENTED_EDGE('',*,*,#5688,.F.);
#3431=CARTESIAN_POINT('',(-1.661343960827,0.375,-7.442157287525));
#3432=DIRECTION('',(0.0,-0.707106781186598,0.707106781186498));
#3433=DIRECTION('',(-1.0,0.0,0.0));
#3434=ORIENTED_EDGE('',*,*,#5695,.F.);
#3435=ORIENTED_EDGE('',*,*,#5696,.F.);
#3436=ORIENTED_EDGE('',*,*,#5674,.F.);
#3437=ORIENTED_EDGE('',*,*,#5691,.F.);
#3438=CARTESIAN_POINT('',(-1.661343960827,0.2,-7.9));
#3439=DIRECTION('',(-1.0,0.0,-0.0));
#3440=DIRECTION('',(0.0,0.0,-1.0));
#3441=ORIENTED_EDGE('',*,*,#5697,.F.);
#3442=ORIENTED_EDGE('',*,*,#5698,.F.);
#3443=ORIENTED_EDGE('',*,*,#5699,.F.);
#3444=ORIENTED_EDGE('',*,*,#5693,.F.);
#3445=CARTESIAN_POINT('',(-1.661343960827,0.2,-7.9));
#3446=DIRECTION('',(-1.0,0.0,-0.0));
#3447=DIRECTION('',(0.0,0.0,-1.0));
#3448=ORIENTED_EDGE('',*,*,#5700,.F.);
#3449=ORIENTED_EDGE('',*,*,#5701,.T.);
#3450=ORIENTED_EDGE('',*,*,#5702,.T.);
#3451=ORIENTED_EDGE('',*,*,#5696,.T.);
#3452=CARTESIAN_POINT('',(-1.661343960827,0.2,-8.1));
#3453=DIRECTION('',(0.0,0.0,-1.0));
#3454=DIRECTION('',(0.0,-1.0,0.0));
#3455=ORIENTED_EDGE('',*,*,#5703,.F.);
#3456=ORIENTED_EDGE('',*,*,#5704,.T.);
#3457=ORIENTED_EDGE('',*,*,#5705,.T.);
#3458=ORIENTED_EDGE('',*,*,#5698,.T.);
#3459=CARTESIAN_POINT('',(-1.661343960827,0.2,-8.1));
#3460=DIRECTION('',(0.0,0.0,-1.0));
#3461=DIRECTION('',(0.0,-1.0,0.0));
#3462=ORIENTED_EDGE('',*,*,#5706,.F.);
#3463=ORIENTED_EDGE('',*,*,#5707,.F.);
#3464=ORIENTED_EDGE('',*,*,#5675,.F.);
#3465=ORIENTED_EDGE('',*,*,#5702,.F.);
#3466=ORIENTED_EDGE('',*,*,#5708,.T.);
#3467=ORIENTED_EDGE('',*,*,#5709,.T.);
#3468=CARTESIAN_POINT('',(-1.039904656356,1.328922071822,-8.1));
#3469=DIRECTION('',(-0.973098460264811,-0.230389640891803,0.0));
#3470=DIRECTION('',(-0.230389640891803,0.973098460264811,0.0));
#3471=ORIENTED_EDGE('',*,*,#5709,.F.);
#3472=ORIENTED_EDGE('',*,*,#5710,.F.);
#3473=ORIENTED_EDGE('',*,*,#5711,.T.);
#3474=ORIENTED_EDGE('',*,*,#5712,.T.);
#3475=CARTESIAN_POINT('',(0.0,1.375,-10.9));
#3476=DIRECTION('',(0.0,0.0,1.0));
#3477=DIRECTION('',(1.0,0.0,0.0));
#3478=ORIENTED_EDGE('',*,*,#5713,.F.);
#3479=ORIENTED_EDGE('',*,*,#5714,.F.);
#3480=ORIENTED_EDGE('',*,*,#5715,.T.);
#3481=ORIENTED_EDGE('',*,*,#5716,.F.);
#3482=ORIENTED_EDGE('',*,*,#5717,.F.);
#3483=ORIENTED_EDGE('',*,*,#5712,.F.);
#3484=CARTESIAN_POINT('',(0.0,-0.025,-11.1));
#3485=DIRECTION('',(-1.0,0.0,-0.0));
#3486=DIRECTION('',(0.0,0.0,-1.0));
#3487=ORIENTED_EDGE('',*,*,#5718,.F.);
#3488=ORIENTED_EDGE('',*,*,#5706,.T.);
#3489=ORIENTED_EDGE('',*,*,#5717,.T.);
#3490=ORIENTED_EDGE('',*,*,#5719,.F.);
#3491=ORIENTED_EDGE('',*,*,#5720,.T.);
#3492=ORIENTED_EDGE('',*,*,#5718,.T.);
#3493=ORIENTED_EDGE('',*,*,#5716,.T.);
#3494=ORIENTED_EDGE('',*,*,#5721,.T.);
#3495=ORIENTED_EDGE('',*,*,#5722,.T.);
#3496=ORIENTED_EDGE('',*,*,#5723,.F.);
#3497=ORIENTED_EDGE('',*,*,#5724,.T.);
#3498=ORIENTED_EDGE('',*,*,#5725,.T.);
#3499=ORIENTED_EDGE('',*,*,#5726,.T.);
#3500=ORIENTED_EDGE('',*,*,#5727,.F.);
#3501=ORIENTED_EDGE('',*,*,#5726,.F.);
#3502=ORIENTED_EDGE('',*,*,#5728,.F.);
#3503=ORIENTED_EDGE('',*,*,#5729,.F.);
#3504=ORIENTED_EDGE('',*,*,#5730,.F.);
#3505=ORIENTED_EDGE('',*,*,#5731,.T.);
#3506=CARTESIAN_POINT('',(0.0,-0.025,-11.1));
#3507=DIRECTION('',(-1.0,0.0,-0.0));
#3508=DIRECTION('',(0.0,0.0,-1.0));
#3509=ORIENTED_EDGE('',*,*,#5732,.F.);
#3510=ORIENTED_EDGE('',*,*,#5733,.F.);
#3511=ORIENTED_EDGE('',*,*,#5734,.T.);
#3512=ORIENTED_EDGE('',*,*,#5731,.F.);
#3513=CARTESIAN_POINT('',(0.0,1.375,-10.9));
#3514=DIRECTION('',(0.0,0.0,1.0));
#3515=DIRECTION('',(1.0,0.0,0.0));
#3516=ORIENTED_EDGE('',*,*,#5735,.F.);
#3517=ORIENTED_EDGE('',*,*,#5703,.T.);
#3518=ORIENTED_EDGE('',*,*,#5736,.F.);
#3519=ORIENTED_EDGE('',*,*,#5737,.T.);
#3520=ORIENTED_EDGE('',*,*,#5738,.F.);
#3521=ORIENTED_EDGE('',*,*,#5734,.F.);
#3522=CARTESIAN_POINT('',(0.6811689221854,-0.1862727486242,-8.1));
#3523=DIRECTION('',(0.973098460264811,-0.230389640891803,0.0));
#3524=DIRECTION('',(0.0,0.0,-1.0));
#3525=ORIENTED_EDGE('',*,*,#5738,.T.);
#3526=ORIENTED_EDGE('',*,*,#5719,.T.);
#3527=ORIENTED_EDGE('',*,*,#5727,.T.);
#3528=ORIENTED_EDGE('',*,*,#5723,.T.);
#3529=ORIENTED_EDGE('',*,*,#5739,.T.);
#3530=ORIENTED_EDGE('',*,*,#5740,.T.);
#3531=ORIENTED_EDGE('',*,*,#5724,.F.);
#3532=ORIENTED_EDGE('',*,*,#5740,.F.);
#3533=ORIENTED_EDGE('',*,*,#5741,.F.);
#3534=ORIENTED_EDGE('',*,*,#5742,.F.);
#3535=ORIENTED_EDGE('',*,*,#5743,.F.);
#3536=ORIENTED_EDGE('',*,*,#5744,.T.);
#3537=CARTESIAN_POINT('',(0.0,-0.025,-11.7));
#3538=DIRECTION('',(-1.0,0.0,-0.0));
#3539=DIRECTION('',(0.0,0.0,-1.0));
#3540=ORIENTED_EDGE('',*,*,#5725,.F.);
#3541=ORIENTED_EDGE('',*,*,#5744,.F.);
#3542=ORIENTED_EDGE('',*,*,#5745,.F.);
#3543=ORIENTED_EDGE('',*,*,#5728,.T.);
#3544=CARTESIAN_POINT('',(0.0,-0.225,-11.1));
#3545=DIRECTION('',(0.0,-1.0,0.0));
#3546=DIRECTION('',(0.0,0.0,-1.0));
#3547=ORIENTED_EDGE('',*,*,#5745,.T.);
#3548=ORIENTED_EDGE('',*,*,#5743,.T.);
#3549=ORIENTED_EDGE('',*,*,#5746,.T.);
#3550=ORIENTED_EDGE('',*,*,#5747,.T.);
#3551=ORIENTED_EDGE('',*,*,#5748,.T.);
#3552=ORIENTED_EDGE('',*,*,#5714,.T.);
#3553=ORIENTED_EDGE('',*,*,#5749,.F.);
#3554=ORIENTED_EDGE('',*,*,#5750,.T.);
#3555=ORIENTED_EDGE('',*,*,#5751,.T.);
#3556=ORIENTED_EDGE('',*,*,#5729,.T.);
#3557=ORIENTED_EDGE('',*,*,#5751,.F.);
#3558=ORIENTED_EDGE('',*,*,#5752,.T.);
#3559=ORIENTED_EDGE('',*,*,#5730,.T.);
#3560=ORIENTED_EDGE('',*,*,#5753,.T.);
#3561=ORIENTED_EDGE('',*,*,#5746,.F.);
#3562=ORIENTED_EDGE('',*,*,#5742,.T.);
#3563=ORIENTED_EDGE('',*,*,#5752,.F.);
#3564=ORIENTED_EDGE('',*,*,#5754,.F.);
#3565=ORIENTED_EDGE('',*,*,#5755,.F.);
#3566=ORIENTED_EDGE('',*,*,#5705,.F.);
#3567=ORIENTED_EDGE('',*,*,#5756,.T.);
#3568=ORIENTED_EDGE('',*,*,#5732,.T.);
#3569=CARTESIAN_POINT('',(0.8452849643032,1.375,-8.1));
#3570=DIRECTION('',(-0.973098460264811,0.230389640891803,0.0));
#3571=DIRECTION('',(0.0,0.0,1.0));
#3572=ORIENTED_EDGE('',*,*,#5756,.F.);
#3573=ORIENTED_EDGE('',*,*,#5704,.F.);
#3574=ORIENTED_EDGE('',*,*,#5735,.T.);
#3575=ORIENTED_EDGE('',*,*,#5733,.T.);
#3576=CARTESIAN_POINT('',(1.039904656356,1.328922071822,-8.1));
#3577=DIRECTION('',(0.230389640891803,0.973098460264811,0.0));
#3578=DIRECTION('',(0.0,0.0,-1.0));
#3579=ORIENTED_EDGE('',*,*,#5689,.T.);
#3580=ORIENTED_EDGE('',*,*,#5694,.T.);
#3581=ORIENTED_EDGE('',*,*,#5699,.T.);
#3582=ORIENTED_EDGE('',*,*,#5755,.T.);
#3583=ORIENTED_EDGE('',*,*,#5757,.T.);
#3584=ORIENTED_EDGE('',*,*,#5758,.T.);
#3585=ORIENTED_EDGE('',*,*,#5681,.T.);
#3586=ORIENTED_EDGE('',*,*,#5758,.F.);
#3587=ORIENTED_EDGE('',*,*,#5759,.F.);
#3588=ORIENTED_EDGE('',*,*,#5760,.F.);
#3589=ORIENTED_EDGE('',*,*,#5761,.F.);
#3590=ORIENTED_EDGE('',*,*,#5762,.T.);
#3591=ORIENTED_EDGE('',*,*,#5763,.T.);
#3592=CARTESIAN_POINT('',(0.525,-0.275,-6.0));
#3593=DIRECTION('',(-1.0,0.0,0.0));
#3594=DIRECTION('',(0.0,0.0,1.0));
#3595=ORIENTED_EDGE('',*,*,#5763,.F.);
#3596=ORIENTED_EDGE('',*,*,#5764,.F.);
#3597=ORIENTED_EDGE('',*,*,#5765,.T.);
#3598=ORIENTED_EDGE('',*,*,#5682,.F.);
#3599=CARTESIAN_POINT('',(0.525,0.075,-6.0));
#3600=DIRECTION('',(-0.0,1.0,0.0));
#3601=DIRECTION('',(1.0,0.0,0.0));
#3602=ORIENTED_EDGE('',*,*,#5765,.F.);
#3603=ORIENTED_EDGE('',*,*,#5766,.T.);
#3604=ORIENTED_EDGE('',*,*,#5767,.F.);
#3605=ORIENTED_EDGE('',*,*,#5768,.T.);
#3606=ORIENTED_EDGE('',*,*,#5769,.F.);
#3607=ORIENTED_EDGE('',*,*,#5770,.T.);
#3608=CARTESIAN_POINT('',(0.725,-0.275,-4.3));
#3609=DIRECTION('',(1.0,0.0,0.0));
#3610=DIRECTION('',(0.0,1.0,0.0));
#3611=ORIENTED_EDGE('',*,*,#5770,.F.);
#3612=ORIENTED_EDGE('',*,*,#5771,.F.);
#3613=ORIENTED_EDGE('',*,*,#5736,.T.);
#3614=ORIENTED_EDGE('',*,*,#5697,.T.);
#3615=ORIENTED_EDGE('',*,*,#5692,.T.);
#3616=ORIENTED_EDGE('',*,*,#5687,.T.);
#3617=ORIENTED_EDGE('',*,*,#5683,.T.);
#3618=ORIENTED_EDGE('',*,*,#5772,.F.);
#3619=ORIENTED_EDGE('',*,*,#5773,.F.);
#3620=ORIENTED_EDGE('',*,*,#5774,.T.);
#3621=ORIENTED_EDGE('',*,*,#5771,.T.);
#3622=ORIENTED_EDGE('',*,*,#5737,.F.);
#3623=ORIENTED_EDGE('',*,*,#5774,.F.);
#3624=ORIENTED_EDGE('',*,*,#5775,.F.);
#3625=ORIENTED_EDGE('',*,*,#5776,.F.);
#3626=ORIENTED_EDGE('',*,*,#5777,.F.);
#3627=ORIENTED_EDGE('',*,*,#5778,.F.);
#3628=ORIENTED_EDGE('',*,*,#5668,.F.);
#3629=ORIENTED_EDGE('',*,*,#5707,.T.);
#3630=ORIENTED_EDGE('',*,*,#5720,.F.);
#3631=CARTESIAN_POINT('',(0.0,-0.025,-8.1));
#3632=DIRECTION('',(0.0,0.0,-1.0));
#3633=DIRECTION('',(1.0,0.0,0.0));
#3634=ORIENTED_EDGE('',*,*,#5778,.T.);
#3635=ORIENTED_EDGE('',*,*,#5777,.T.);
#3636=ORIENTED_EDGE('',*,*,#5779,.T.);
#3637=ORIENTED_EDGE('',*,*,#5780,.F.);
#3638=ORIENTED_EDGE('',*,*,#5669,.F.);
#3639=ORIENTED_EDGE('',*,*,#5781,.T.);
#3640=ORIENTED_EDGE('',*,*,#5782,.F.);
#3641=ORIENTED_EDGE('',*,*,#5783,.F.);
#3642=ORIENTED_EDGE('',*,*,#5784,.T.);
#3643=ORIENTED_EDGE('',*,*,#5780,.T.);
#3644=CARTESIAN_POINT('',(-0.275,-0.725,-4.3));
#3645=DIRECTION('',(0.0,-1.0,0.0));
#3646=DIRECTION('',(0.0,0.0,-1.0));
#3647=ORIENTED_EDGE('',*,*,#5784,.F.);
#3648=ORIENTED_EDGE('',*,*,#5785,.F.);
#3649=ORIENTED_EDGE('',*,*,#5786,.T.);
#3650=ORIENTED_EDGE('',*,*,#5670,.T.);
#3651=CARTESIAN_POINT('',(-0.275,-0.275,-4.3));
#3652=DIRECTION('',(0.0,0.0,-1.0));
#3653=DIRECTION('',(1.0,0.0,0.0));
#3654=ORIENTED_EDGE('',*,*,#5786,.F.);
#3655=ORIENTED_EDGE('',*,*,#5787,.F.);
#3656=ORIENTED_EDGE('',*,*,#5788,.T.);
#3657=ORIENTED_EDGE('',*,*,#5789,.T.);
#3658=ORIENTED_EDGE('',*,*,#5790,.T.);
#3659=ORIENTED_EDGE('',*,*,#5676,.T.);
#3660=CARTESIAN_POINT('',(-0.725,0.275,-4.3));
#3661=DIRECTION('',(-1.0,0.0,0.0));
#3662=DIRECTION('',(0.0,0.0,1.0));
#3663=ORIENTED_EDGE('',*,*,#5790,.F.);
#3664=ORIENTED_EDGE('',*,*,#5791,.T.);
#3665=ORIENTED_EDGE('',*,*,#5792,.T.);
#3666=ORIENTED_EDGE('',*,*,#5678,.F.);
#3667=CARTESIAN_POINT('',(-0.725,0.075,-6.0));
#3668=DIRECTION('',(-0.0,1.0,0.0));
#3669=DIRECTION('',(1.0,0.0,0.0));
#3670=ORIENTED_EDGE('',*,*,#5792,.F.);
#3671=ORIENTED_EDGE('',*,*,#5793,.T.);
#3672=ORIENTED_EDGE('',*,*,#5794,.T.);
#3673=ORIENTED_EDGE('',*,*,#5795,.F.);
#3674=ORIENTED_EDGE('',*,*,#5796,.F.);
#3675=ORIENTED_EDGE('',*,*,#5797,.F.);
#3676=CARTESIAN_POINT('',(-0.525,0.075,-6.0));
#3677=DIRECTION('',(1.0,0.0,0.0));
#3678=DIRECTION('',(0.0,1.0,0.0));
#3679=ORIENTED_EDGE('',*,*,#5797,.T.);
#3680=ORIENTED_EDGE('',*,*,#5798,.F.);
#3681=ORIENTED_EDGE('',*,*,#5799,.T.);
#3682=ORIENTED_EDGE('',*,*,#5695,.T.);
#3683=ORIENTED_EDGE('',*,*,#5690,.T.);
#3684=ORIENTED_EDGE('',*,*,#5685,.T.);
#3685=ORIENTED_EDGE('',*,*,#5679,.T.);
#3686=ORIENTED_EDGE('',*,*,#5800,.F.);
#3687=ORIENTED_EDGE('',*,*,#5700,.T.);
#3688=ORIENTED_EDGE('',*,*,#5799,.F.);
#3689=ORIENTED_EDGE('',*,*,#5801,.T.);
#3690=ORIENTED_EDGE('',*,*,#5802,.F.);
#3691=ORIENTED_EDGE('',*,*,#5711,.F.);
#3692=CARTESIAN_POINT('',(-0.4865492301324,-0.1401948204459,-8.1));
#3693=DIRECTION('',(0.973098460264811,0.230389640891803,0.0));
#3694=DIRECTION('',(0.0,0.0,-1.0));
#3695=ORIENTED_EDGE('',*,*,#5802,.T.);
#3696=ORIENTED_EDGE('',*,*,#5749,.T.);
#3697=ORIENTED_EDGE('',*,*,#5713,.T.);
#3698=ORIENTED_EDGE('',*,*,#5801,.F.);
#3699=ORIENTED_EDGE('',*,*,#5803,.F.);
#3700=ORIENTED_EDGE('',*,*,#5804,.T.);
#3701=ORIENTED_EDGE('',*,*,#5805,.F.);
#3702=ORIENTED_EDGE('',*,*,#5806,.F.);
#3703=ORIENTED_EDGE('',*,*,#5807,.T.);
#3704=ORIENTED_EDGE('',*,*,#5808,.F.);
#3705=ORIENTED_EDGE('',*,*,#5754,.T.);
#3706=ORIENTED_EDGE('',*,*,#5750,.F.);
#3707=CARTESIAN_POINT('',(0.0,-0.025,-8.1));
#3708=DIRECTION('',(0.0,0.0,-1.0));
#3709=DIRECTION('',(1.0,0.0,0.0));
#3710=ORIENTED_EDGE('',*,*,#5808,.T.);
#3711=ORIENTED_EDGE('',*,*,#5809,.T.);
#3712=ORIENTED_EDGE('',*,*,#5810,.T.);
#3713=ORIENTED_EDGE('',*,*,#5757,.F.);
#3714=ORIENTED_EDGE('',*,*,#5811,.T.);
#3715=ORIENTED_EDGE('',*,*,#5812,.F.);
#3716=ORIENTED_EDGE('',*,*,#5759,.T.);
#3717=ORIENTED_EDGE('',*,*,#5810,.F.);
#3718=CARTESIAN_POINT('',(0.275,-0.275,-6.0));
#3719=DIRECTION('',(0.0,0.0,1.0));
#3720=DIRECTION('',(-1.0,0.0,0.0));
#3721=ORIENTED_EDGE('',*,*,#5813,.T.);
#3722=ORIENTED_EDGE('',*,*,#5814,.T.);
#3723=ORIENTED_EDGE('',*,*,#5795,.T.);
#3724=ORIENTED_EDGE('',*,*,#5815,.T.);
#3725=ORIENTED_EDGE('',*,*,#5816,.T.);
#3726=ORIENTED_EDGE('',*,*,#5760,.T.);
#3727=ORIENTED_EDGE('',*,*,#5812,.T.);
#3728=CARTESIAN_POINT('',(0.0,0.0,-5.0));
#3729=DIRECTION('',(0.0,0.0,-1.0));
#3730=DIRECTION('',(0.0,-1.0,0.0));
#3731=ORIENTED_EDGE('',*,*,#5761,.T.);
#3732=ORIENTED_EDGE('',*,*,#5816,.F.);
#3733=ORIENTED_EDGE('',*,*,#5817,.F.);
#3734=ORIENTED_EDGE('',*,*,#5818,.T.);
#3735=CARTESIAN_POINT('',(-0.275,0.525,-6.0));
#3736=DIRECTION('',(-0.0,1.0,0.0));
#3737=DIRECTION('',(1.0,0.0,0.0));
#3738=ORIENTED_EDGE('',*,*,#5791,.F.);
#3739=ORIENTED_EDGE('',*,*,#5789,.F.);
#3740=ORIENTED_EDGE('',*,*,#5819,.F.);
#3741=ORIENTED_EDGE('',*,*,#5820,.F.);
#3742=ORIENTED_EDGE('',*,*,#5766,.F.);
#3743=ORIENTED_EDGE('',*,*,#5764,.T.);
#3744=ORIENTED_EDGE('',*,*,#5762,.F.);
#3745=ORIENTED_EDGE('',*,*,#5818,.F.);
#3746=ORIENTED_EDGE('',*,*,#5821,.F.);
#3747=ORIENTED_EDGE('',*,*,#5793,.F.);
#3748=CARTESIAN_POINT('',(0.0,0.0,-6.0));
#3749=DIRECTION('',(0.0,0.0,1.0));
#3750=DIRECTION('',(1.0,0.0,0.0));
#3751=ORIENTED_EDGE('',*,*,#5817,.T.);
#3752=ORIENTED_EDGE('',*,*,#5815,.F.);
#3753=ORIENTED_EDGE('',*,*,#5794,.F.);
#3754=ORIENTED_EDGE('',*,*,#5821,.T.);
#3755=CARTESIAN_POINT('',(-0.275,0.275,-6.0));
#3756=DIRECTION('',(0.0,0.0,1.0));
#3757=DIRECTION('',(-1.0,0.0,0.0));
#3758=ORIENTED_EDGE('',*,*,#5820,.T.);
#3759=ORIENTED_EDGE('',*,*,#5822,.F.);
#3760=ORIENTED_EDGE('',*,*,#5823,.F.);
#3761=ORIENTED_EDGE('',*,*,#5767,.T.);
#3762=CARTESIAN_POINT('',(0.725,0.725,-4.3));
#3763=DIRECTION('',(-0.0,1.0,0.0));
#3764=DIRECTION('',(1.0,0.0,0.0));
#3765=ORIENTED_EDGE('',*,*,#5824,.F.);
#3766=ORIENTED_EDGE('',*,*,#5825,.F.);
#3767=ORIENTED_EDGE('',*,*,#5826,.T.);
#3768=ORIENTED_EDGE('',*,*,#5823,.T.);
#3769=CARTESIAN_POINT('',(0.725,0.6,-1.895543122105));
#3770=DIRECTION('',(0.0,0.998651419636801,0.0519166838059001));
#3771=DIRECTION('',(1.0,0.0,-0.0));
#3772=ORIENTED_EDGE('',*,*,#5826,.F.);
#3773=ORIENTED_EDGE('',*,*,#5827,.F.);
#3774=ORIENTED_EDGE('',*,*,#5828,.T.);
#3775=ORIENTED_EDGE('',*,*,#5768,.F.);
#3776=CARTESIAN_POINT('',(0.6,-0.275,-1.895543122105));
#3777=DIRECTION('',(0.998651419636801,0.0,0.0519166838059001));
#3778=DIRECTION('',(0.0,-1.0,0.0));
#3779=ORIENTED_EDGE('',*,*,#5828,.F.);
#3780=ORIENTED_EDGE('',*,*,#5829,.F.);
#3781=ORIENTED_EDGE('',*,*,#5830,.T.);
#3782=ORIENTED_EDGE('',*,*,#5831,.T.);
#3783=CARTESIAN_POINT('',(0.275,-0.275,-3.097771561052));
#3784=DIRECTION('',(0.0,-0.0,-1.0));
#3785=DIRECTION('',(0.0,-1.0,0.0));
#3786=ORIENTED_EDGE('',*,*,#5769,.T.);
#3787=ORIENTED_EDGE('',*,*,#5831,.F.);
#3788=ORIENTED_EDGE('',*,*,#5782,.T.);
#3789=ORIENTED_EDGE('',*,*,#5772,.T.);
#3790=CARTESIAN_POINT('',(0.275,-0.275,-4.3));
#3791=DIRECTION('',(0.0,0.0,-1.0));
#3792=DIRECTION('',(1.0,0.0,0.0));
#3793=ORIENTED_EDGE('',*,*,#5830,.F.);
#3794=ORIENTED_EDGE('',*,*,#5832,.F.);
#3795=ORIENTED_EDGE('',*,*,#5833,.T.);
#3796=ORIENTED_EDGE('',*,*,#5783,.T.);
#3797=CARTESIAN_POINT('',(-0.275,-0.6,-1.895543122105));
#3798=DIRECTION('',(0.0,-0.998651419636801,0.0519166838059001));
#3799=DIRECTION('',(-1.0,0.0,0.0));
#3800=ORIENTED_EDGE('',*,*,#5833,.F.);
#3801=ORIENTED_EDGE('',*,*,#5834,.F.);
#3802=ORIENTED_EDGE('',*,*,#5835,.T.);
#3803=ORIENTED_EDGE('',*,*,#5785,.T.);
#3804=CARTESIAN_POINT('',(-0.275,-0.275,-3.097771561052));
#3805=DIRECTION('',(-0.0,-0.0,-1.0));
#3806=DIRECTION('',(-1.0,0.0,0.0));
#3807=ORIENTED_EDGE('',*,*,#5835,.F.);
#3808=ORIENTED_EDGE('',*,*,#5836,.F.);
#3809=ORIENTED_EDGE('',*,*,#5837,.T.);
#3810=ORIENTED_EDGE('',*,*,#5787,.T.);
#3811=CARTESIAN_POINT('',(-0.6,0.275,-1.895543122105));
#3812=DIRECTION('',(-0.998651419636801,0.0,0.0519166838059001));
#3813=DIRECTION('',(0.0,1.0,0.0));
#3814=ORIENTED_EDGE('',*,*,#5837,.F.);
#3815=ORIENTED_EDGE('',*,*,#5838,.F.);
#3816=ORIENTED_EDGE('',*,*,#5824,.T.);
#3817=ORIENTED_EDGE('',*,*,#5839,.T.);
#3818=CARTESIAN_POINT('',(-0.275,0.275,-3.097771561052));
#3819=DIRECTION('',(0.0,-0.0,-1.0));
#3820=DIRECTION('',(0.0,1.0,0.0));
#3821=ORIENTED_EDGE('',*,*,#5819,.T.);
#3822=ORIENTED_EDGE('',*,*,#5788,.F.);
#3823=ORIENTED_EDGE('',*,*,#5839,.F.);
#3824=ORIENTED_EDGE('',*,*,#5822,.T.);
#3825=CARTESIAN_POINT('',(-0.275,0.275,-4.3));
#3826=DIRECTION('',(0.0,0.0,-1.0));
#3827=DIRECTION('',(1.0,0.0,0.0));
#3828=ORIENTED_EDGE('',*,*,#5838,.T.);
#3829=ORIENTED_EDGE('',*,*,#5840,.F.);
#3830=ORIENTED_EDGE('',*,*,#5841,.F.);
#3831=ORIENTED_EDGE('',*,*,#5842,.T.);
#3832=ORIENTED_EDGE('',*,*,#5825,.T.);
#3833=ORIENTED_EDGE('',*,*,#5842,.F.);
#3834=ORIENTED_EDGE('',*,*,#5843,.F.);
#3835=ORIENTED_EDGE('',*,*,#5844,.T.);
#3836=CARTESIAN_POINT('',(0.725,-0.5981123512253,-1.957829139908));
#3837=DIRECTION('',(1.0,-0.0,0.0));
#3838=DIRECTION('',(0.0,0.0,1.0));
#3839=ORIENTED_EDGE('',*,*,#5827,.T.);
#3840=ORIENTED_EDGE('',*,*,#5844,.F.);
#3841=ORIENTED_EDGE('',*,*,#5845,.F.);
#3842=ORIENTED_EDGE('',*,*,#5846,.T.);
#3843=CARTESIAN_POINT('',(-0.5981123512253,-0.275,-1.957829139908));
#3844=DIRECTION('',(0.0,-1.0,0.0));
#3845=DIRECTION('',(0.0,0.0,1.0));
#3846=ORIENTED_EDGE('',*,*,#5829,.T.);
#3847=ORIENTED_EDGE('',*,*,#5846,.F.);
#3848=ORIENTED_EDGE('',*,*,#5847,.F.);
#3849=ORIENTED_EDGE('',*,*,#5848,.T.);
#3850=ORIENTED_EDGE('',*,*,#5832,.T.);
#3851=ORIENTED_EDGE('',*,*,#5848,.F.);
#3852=ORIENTED_EDGE('',*,*,#5849,.F.);
#3853=ORIENTED_EDGE('',*,*,#5850,.T.);
#3854=CARTESIAN_POINT('',(-0.275,0.5981123512253,-1.957829139908));
#3855=DIRECTION('',(-1.0,0.0,0.0));
#3856=DIRECTION('',(0.0,0.0,1.0));
#3857=ORIENTED_EDGE('',*,*,#5834,.T.);
#3858=ORIENTED_EDGE('',*,*,#5850,.F.);
#3859=ORIENTED_EDGE('',*,*,#5851,.F.);
#3860=ORIENTED_EDGE('',*,*,#5852,.T.);
#3861=ORIENTED_EDGE('',*,*,#5836,.T.);
#3862=ORIENTED_EDGE('',*,*,#5852,.F.);
#3863=ORIENTED_EDGE('',*,*,#5853,.F.);
#3864=ORIENTED_EDGE('',*,*,#5840,.T.);
#3865=CARTESIAN_POINT('',(0.5981123512253,0.275,-1.957829139908));
#3866=DIRECTION('',(0.0,1.0,-0.0));
#3867=DIRECTION('',(0.0,0.0,1.0));
#3868=ORIENTED_EDGE('',*,*,#5854,.T.);
#3869=ORIENTED_EDGE('',*,*,#5853,.T.);
#3870=ORIENTED_EDGE('',*,*,#5855,.F.);
#3871=ORIENTED_EDGE('',*,*,#5856,.F.);
#3872=CARTESIAN_POINT('',(-0.4815451186695,0.275,-1.351763809021));
#3873=DIRECTION('',(-0.965925826289076,0.0,0.258819045102493));
#3874=DIRECTION('',(0.0,1.0,0.0));
#3875=ORIENTED_EDGE('',*,*,#5857,.F.);
#3876=ORIENTED_EDGE('',*,*,#5858,.T.);
#3877=ORIENTED_EDGE('',*,*,#5859,.T.);
#3878=ORIENTED_EDGE('',*,*,#5860,.F.);
#3879=CARTESIAN_POINT('',(-0.4815451186695,0.275,-1.351763809021));
#3880=DIRECTION('',(-0.965925826289076,0.0,0.258819045102493));
#3881=DIRECTION('',(0.0,1.0,0.0));
#3882=ORIENTED_EDGE('',*,*,#5861,.F.);
#3883=ORIENTED_EDGE('',*,*,#5862,.F.);
#3884=ORIENTED_EDGE('',*,*,#5863,.T.);
#3885=ORIENTED_EDGE('',*,*,#5856,.T.);
#3886=CARTESIAN_POINT('',(-0.525,0.275,-1.5));
#3887=DIRECTION('',(-1.0,0.0,0.0));
#3888=DIRECTION('',(0.0,0.0,1.0));
#3889=ORIENTED_EDGE('',*,*,#5863,.F.);
#3890=ORIENTED_EDGE('',*,*,#5864,.F.);
#3891=ORIENTED_EDGE('',*,*,#5865,.T.);
#3892=ORIENTED_EDGE('',*,*,#5866,.T.);
#3893=CARTESIAN_POINT('',(-0.275,0.275,-1.5));
#3894=DIRECTION('',(0.0,0.0,-1.0));
#3895=DIRECTION('',(0.0,1.0,0.0));
#3896=ORIENTED_EDGE('',*,*,#5858,.F.);
#3897=ORIENTED_EDGE('',*,*,#5867,.F.);
#3898=ORIENTED_EDGE('',*,*,#5868,.T.);
#3899=ORIENTED_EDGE('',*,*,#5869,.T.);
#3900=CARTESIAN_POINT('',(-0.275,0.275,-1.499539951231));
#3901=DIRECTION('',(0.0,-0.0,-1.0));
#3902=DIRECTION('',(0.0,1.0,0.0));
#3903=ORIENTED_EDGE('',*,*,#5870,.T.);
#3904=ORIENTED_EDGE('',*,*,#5841,.T.);
#3905=ORIENTED_EDGE('',*,*,#5854,.F.);
#3906=ORIENTED_EDGE('',*,*,#5866,.F.);
#3907=CARTESIAN_POINT('',(-0.275,0.275,-1.499539951231));
#3908=DIRECTION('',(0.0,-0.0,-1.0));
#3909=DIRECTION('',(0.0,1.0,0.0));
#3910=ORIENTED_EDGE('',*,*,#5871,.T.);
#3911=ORIENTED_EDGE('',*,*,#5872,.T.);
#3912=ORIENTED_EDGE('',*,*,#5873,.T.);
#3913=ORIENTED_EDGE('',*,*,#5874,.T.);
#3914=ORIENTED_EDGE('',*,*,#5864,.T.);
#3915=ORIENTED_EDGE('',*,*,#5862,.T.);
#3916=ORIENTED_EDGE('',*,*,#5875,.T.);
#3917=ORIENTED_EDGE('',*,*,#5876,.T.);
#3918=ORIENTED_EDGE('',*,*,#5877,.T.);
#3919=ORIENTED_EDGE('',*,*,#5878,.F.);
#3920=ORIENTED_EDGE('',*,*,#5879,.F.);
#3921=ORIENTED_EDGE('',*,*,#5880,.F.);
#3922=ORIENTED_EDGE('',*,*,#5881,.F.);
#3923=ORIENTED_EDGE('',*,*,#5882,.T.);
#3924=ORIENTED_EDGE('',*,*,#5883,.T.);
#3925=ORIENTED_EDGE('',*,*,#5884,.T.);
#3926=ORIENTED_EDGE('',*,*,#5885,.T.);
#3927=ORIENTED_EDGE('',*,*,#5886,.F.);
#3928=ORIENTED_EDGE('',*,*,#5859,.F.);
#3929=ORIENTED_EDGE('',*,*,#5869,.F.);
#3930=ORIENTED_EDGE('',*,*,#5887,.T.);
#3931=ORIENTED_EDGE('',*,*,#5888,.T.);
#3932=ORIENTED_EDGE('',*,*,#5889,.T.);
#3933=ORIENTED_EDGE('',*,*,#5890,.T.);
#3934=CARTESIAN_POINT('',(0.0,0.0,-1.5));
#3935=DIRECTION('',(0.0,0.0,1.0));
#3936=DIRECTION('',(1.0,0.0,0.0));
#3937=ORIENTED_EDGE('',*,*,#5891,.F.);
#3938=ORIENTED_EDGE('',*,*,#5875,.F.);
#3939=ORIENTED_EDGE('',*,*,#5861,.T.);
#3940=ORIENTED_EDGE('',*,*,#5892,.T.);
#3941=CARTESIAN_POINT('',(-0.275,-0.275,-1.5));
#3942=DIRECTION('',(0.0,0.0,-1.0));
#3943=DIRECTION('',(0.0,1.0,0.0));
#3944=ORIENTED_EDGE('',*,*,#5855,.T.);
#3945=ORIENTED_EDGE('',*,*,#5851,.T.);
#3946=ORIENTED_EDGE('',*,*,#5893,.F.);
#3947=ORIENTED_EDGE('',*,*,#5892,.F.);
#3948=CARTESIAN_POINT('',(-0.275,-0.275,-1.580627863712));
#3949=DIRECTION('',(-0.0,-0.0,-1.0));
#3950=DIRECTION('',(-1.0,0.0,0.0));
#3951=ORIENTED_EDGE('',*,*,#5893,.T.);
#3952=ORIENTED_EDGE('',*,*,#5849,.T.);
#3953=ORIENTED_EDGE('',*,*,#5894,.F.);
#3954=ORIENTED_EDGE('',*,*,#5895,.F.);
#3955=CARTESIAN_POINT('',(-0.275,-0.4815451186695,-1.351763809021));
#3956=DIRECTION('',(0.0,-0.965925826289076,0.258819045102493));
#3957=DIRECTION('',(-1.0,0.0,0.0));
#3958=ORIENTED_EDGE('',*,*,#5881,.T.);
#3959=ORIENTED_EDGE('',*,*,#5896,.F.);
#3960=ORIENTED_EDGE('',*,*,#5897,.F.);
#3961=ORIENTED_EDGE('',*,*,#5898,.T.);
#3962=CARTESIAN_POINT('',(-0.275,-0.4815451186695,-1.351763809021));
#3963=DIRECTION('',(0.0,-0.965925826289076,0.258819045102493));
#3964=DIRECTION('',(-1.0,0.0,0.0));
#3965=ORIENTED_EDGE('',*,*,#5899,.F.);
#3966=ORIENTED_EDGE('',*,*,#5871,.F.);
#3967=ORIENTED_EDGE('',*,*,#5891,.T.);
#3968=ORIENTED_EDGE('',*,*,#5895,.T.);
#3969=CARTESIAN_POINT('',(-0.275,-0.525,-1.5));
#3970=DIRECTION('',(0.0,-1.0,0.0));
#3971=DIRECTION('',(0.0,0.0,-1.0));
#3972=ORIENTED_EDGE('',*,*,#5900,.F.);
#3973=ORIENTED_EDGE('',*,*,#5872,.F.);
#3974=ORIENTED_EDGE('',*,*,#5899,.T.);
#3975=ORIENTED_EDGE('',*,*,#5901,.T.);
#3976=CARTESIAN_POINT('',(0.275,-0.275,-1.5));
#3977=DIRECTION('',(0.0,0.0,-1.0));
#3978=DIRECTION('',(0.0,1.0,0.0));
#3979=ORIENTED_EDGE('',*,*,#5902,.F.);
#3980=ORIENTED_EDGE('',*,*,#5903,.F.);
#3981=ORIENTED_EDGE('',*,*,#5896,.T.);
#3982=ORIENTED_EDGE('',*,*,#5880,.T.);
#3983=CARTESIAN_POINT('',(0.275,-0.275,-1.499539951231));
#3984=DIRECTION('',(0.0,-0.0,-1.0));
#3985=DIRECTION('',(0.0,-1.0,0.0));
#3986=ORIENTED_EDGE('',*,*,#5894,.T.);
#3987=ORIENTED_EDGE('',*,*,#5847,.T.);
#3988=ORIENTED_EDGE('',*,*,#5904,.F.);
#3989=ORIENTED_EDGE('',*,*,#5901,.F.);
#3990=CARTESIAN_POINT('',(0.275,-0.275,-1.499539951231));
#3991=DIRECTION('',(0.0,-0.0,-1.0));
#3992=DIRECTION('',(0.0,-1.0,0.0));
#3993=ORIENTED_EDGE('',*,*,#5903,.T.);
#3994=ORIENTED_EDGE('',*,*,#5905,.F.);
#3995=ORIENTED_EDGE('',*,*,#5906,.F.);
#3996=ORIENTED_EDGE('',*,*,#5907,.T.);
#3997=CARTESIAN_POINT('',(0.275,-0.275,-1.3));
#3998=DIRECTION('',(0.0,-0.0,1.0));
#3999=DIRECTION('',(0.0,1.0,0.0));
#4000=ORIENTED_EDGE('',*,*,#5897,.T.);
#4001=ORIENTED_EDGE('',*,*,#5907,.F.);
#4002=ORIENTED_EDGE('',*,*,#5908,.F.);
#4003=ORIENTED_EDGE('',*,*,#5909,.F.);
#4004=CARTESIAN_POINT('',(-0.275,-0.6747302839274,-1.3));
#4005=DIRECTION('',(-1.0,0.0,0.0));
#4006=DIRECTION('',(0.0,0.0,1.0));
#4007=ORIENTED_EDGE('',*,*,#5910,.T.);
#4008=ORIENTED_EDGE('',*,*,#5911,.F.);
#4009=ORIENTED_EDGE('',*,*,#5912,.T.);
#4010=ORIENTED_EDGE('',*,*,#5913,.F.);
#4011=ORIENTED_EDGE('',*,*,#5914,.F.);
#4012=ORIENTED_EDGE('',*,*,#5915,.F.);
#4013=ORIENTED_EDGE('',*,*,#5882,.F.);
#4014=ORIENTED_EDGE('',*,*,#5898,.F.);
#4015=ORIENTED_EDGE('',*,*,#5909,.T.);
#4016=ORIENTED_EDGE('',*,*,#5916,.F.);
#4017=ORIENTED_EDGE('',*,*,#5917,.F.);
#4018=ORIENTED_EDGE('',*,*,#5918,.F.);
#4019=ORIENTED_EDGE('',*,*,#5919,.T.);
#4020=CARTESIAN_POINT('',(-0.252,-0.675,-1.5));
#4021=DIRECTION('',(1.0,0.0,0.0));
#4022=DIRECTION('',(0.0,1.0,0.0));
#4023=ORIENTED_EDGE('',*,*,#5920,.T.);
#4024=ORIENTED_EDGE('',*,*,#5921,.T.);
#4025=ORIENTED_EDGE('',*,*,#5919,.F.);
#4026=ORIENTED_EDGE('',*,*,#5922,.F.);
#4027=CARTESIAN_POINT('',(0.01149999999999,-0.625,-0.55));
#4028=DIRECTION('',(0.0,-0.707106781186548,0.707106781186548));
#4029=DIRECTION('',(-1.0,0.0,0.0));
#4030=ORIENTED_EDGE('',*,*,#5918,.T.);
#4031=ORIENTED_EDGE('',*,*,#5923,.T.);
#4032=ORIENTED_EDGE('',*,*,#5924,.F.);
#4033=ORIENTED_EDGE('',*,*,#5922,.T.);
#4034=CARTESIAN_POINT('',(-0.275,-0.675,-0.5));
#4035=DIRECTION('',(0.0,-1.0,0.0));
#4036=DIRECTION('',(0.0,0.0,-1.0));
#4037=ORIENTED_EDGE('',*,*,#5924,.T.);
#4038=ORIENTED_EDGE('',*,*,#5925,.T.);
#4039=ORIENTED_EDGE('',*,*,#5926,.F.);
#4040=ORIENTED_EDGE('',*,*,#5927,.T.);
#4041=CARTESIAN_POINT('',(0.275,-0.275,-5.3));
#4042=DIRECTION('',(0.0,0.0,-1.0));
#4043=DIRECTION('',(0.0,1.0,0.0));
#4044=ORIENTED_EDGE('',*,*,#5928,.T.);
#4045=ORIENTED_EDGE('',*,*,#5929,.T.);
#4046=ORIENTED_EDGE('',*,*,#5920,.F.);
#4047=ORIENTED_EDGE('',*,*,#5927,.F.);
#4048=CARTESIAN_POINT('',(0.275,-0.275,-0.55));
#4049=DIRECTION('',(0.0,-0.0,-1.0));
#4050=DIRECTION('',(0.0,-1.0,0.0));
#4051=ORIENTED_EDGE('',*,*,#5930,.T.);
#4052=ORIENTED_EDGE('',*,*,#5931,.F.);
#4053=ORIENTED_EDGE('',*,*,#5932,.F.);
#4054=ORIENTED_EDGE('',*,*,#5933,.F.);
#4055=ORIENTED_EDGE('',*,*,#5910,.F.);
#4056=ORIENTED_EDGE('',*,*,#5921,.F.);
#4057=ORIENTED_EDGE('',*,*,#5929,.F.);
#4058=ORIENTED_EDGE('',*,*,#5934,.F.);
#4059=CARTESIAN_POINT('',(-0.275,-0.275,-0.5));
#4060=DIRECTION('',(0.0,0.0,1.0));
#4061=DIRECTION('',(1.0,0.0,0.0));
#4062=ORIENTED_EDGE('',*,*,#5935,.F.);
#4063=ORIENTED_EDGE('',*,*,#5936,.F.);
#4064=ORIENTED_EDGE('',*,*,#5937,.T.);
#4065=ORIENTED_EDGE('',*,*,#5938,.T.);
#4066=ORIENTED_EDGE('',*,*,#5939,.T.);
#4067=ORIENTED_EDGE('',*,*,#5940,.T.);
#4068=ORIENTED_EDGE('',*,*,#5941,.T.);
#4069=ORIENTED_EDGE('',*,*,#5942,.F.);
#4070=CARTESIAN_POINT('',(-0.275,-0.275,-0.5));
#4071=DIRECTION('',(0.0,0.0,1.0));
#4072=DIRECTION('',(1.0,0.0,0.0));
#4073=ORIENTED_EDGE('',*,*,#5943,.F.);
#4074=ORIENTED_EDGE('',*,*,#5934,.T.);
#4075=ORIENTED_EDGE('',*,*,#5928,.F.);
#4076=ORIENTED_EDGE('',*,*,#5944,.F.);
#4077=CARTESIAN_POINT('',(0.625,-0.0745,-0.55));
#4078=DIRECTION('',(0.707106781186548,0.0,0.707106781186548));
#4079=DIRECTION('',(0.0,-1.0,0.0));
#4080=ORIENTED_EDGE('',*,*,#5926,.T.);
#4081=ORIENTED_EDGE('',*,*,#5945,.T.);
#4082=ORIENTED_EDGE('',*,*,#5946,.F.);
#4083=ORIENTED_EDGE('',*,*,#5944,.T.);
#4084=CARTESIAN_POINT('',(0.675,-0.275,-0.5));
#4085=DIRECTION('',(1.0,0.0,0.0));
#4086=DIRECTION('',(0.0,1.0,0.0));
#4087=ORIENTED_EDGE('',*,*,#5946,.T.);
#4088=ORIENTED_EDGE('',*,*,#5947,.T.);
#4089=ORIENTED_EDGE('',*,*,#5948,.T.);
#4090=ORIENTED_EDGE('',*,*,#5949,.F.);
#4091=ORIENTED_EDGE('',*,*,#5950,.T.);
#4092=ORIENTED_EDGE('',*,*,#5878,.T.);
#4093=ORIENTED_EDGE('',*,*,#5951,.T.);
#4094=ORIENTED_EDGE('',*,*,#5952,.T.);
#4095=ORIENTED_EDGE('',*,*,#5953,.F.);
#4096=ORIENTED_EDGE('',*,*,#5954,.F.);
#4097=ORIENTED_EDGE('',*,*,#5955,.T.);
#4098=ORIENTED_EDGE('',*,*,#5930,.F.);
#4099=ORIENTED_EDGE('',*,*,#5943,.T.);
#4100=CARTESIAN_POINT('',(0.0,0.126,0.0));
#4101=DIRECTION('',(-0.0,1.0,0.0));
#4102=DIRECTION('',(1.0,0.0,0.0));
#4103=ORIENTED_EDGE('',*,*,#5956,.F.);
#4104=ORIENTED_EDGE('',*,*,#5957,.T.);
#4105=ORIENTED_EDGE('',*,*,#5931,.T.);
#4106=ORIENTED_EDGE('',*,*,#5955,.F.);
#4107=CARTESIAN_POINT('',(0.4752697160726,-0.275,-0.79242543129));
#4108=DIRECTION('',(-1.0,0.0,0.0));
#4109=DIRECTION('',(0.0,0.0,1.0));
#4110=ORIENTED_EDGE('',*,*,#5932,.T.);
#4111=ORIENTED_EDGE('',*,*,#5957,.F.);
#4112=ORIENTED_EDGE('',*,*,#5958,.F.);
#4113=ORIENTED_EDGE('',*,*,#5959,.T.);
#4114=CARTESIAN_POINT('',(0.275,-0.275,-5.3));
#4115=DIRECTION('',(0.0,0.0,-1.0));
#4116=DIRECTION('',(0.0,1.0,0.0));
#4117=ORIENTED_EDGE('',*,*,#5911,.T.);
#4118=ORIENTED_EDGE('',*,*,#5933,.T.);
#4119=ORIENTED_EDGE('',*,*,#5959,.F.);
#4120=ORIENTED_EDGE('',*,*,#5960,.F.);
#4121=CARTESIAN_POINT('',(-0.275,-0.4752697160726,-0.79242543129));
#4122=DIRECTION('',(-0.0,1.0,0.0));
#4123=DIRECTION('',(1.0,0.0,0.0));
#4124=ORIENTED_EDGE('',*,*,#5912,.F.);
#4125=ORIENTED_EDGE('',*,*,#5960,.T.);
#4126=ORIENTED_EDGE('',*,*,#5961,.F.);
#4127=ORIENTED_EDGE('',*,*,#5962,.F.);
#4128=CARTESIAN_POINT('',(-0.275,-0.2752697160726,-0.79242543129));
#4129=DIRECTION('',(-1.0,0.0,0.0));
#4130=DIRECTION('',(0.0,0.0,1.0));
#4131=ORIENTED_EDGE('',*,*,#5963,.F.);
#4132=ORIENTED_EDGE('',*,*,#5964,.F.);
#4133=ORIENTED_EDGE('',*,*,#5913,.T.);
#4134=ORIENTED_EDGE('',*,*,#5962,.T.);
#4135=CARTESIAN_POINT('',(-0.275,-0.3285537033843,-1.100134858036));
#4136=DIRECTION('',(0.0,0.866025403784429,0.500000000000017));
#4137=DIRECTION('',(1.0,0.0,-0.0));
#4138=ORIENTED_EDGE('',*,*,#5964,.T.);
#4139=ORIENTED_EDGE('',*,*,#5965,.F.);
#4140=ORIENTED_EDGE('',*,*,#5966,.F.);
#4141=ORIENTED_EDGE('',*,*,#5914,.T.);
#4142=CARTESIAN_POINT('',(-0.275,-0.6747302839274,-1.3));
#4143=DIRECTION('',(-1.0,0.0,0.0));
#4144=DIRECTION('',(0.0,0.0,1.0));
#4145=ORIENTED_EDGE('',*,*,#5966,.T.);
#4146=ORIENTED_EDGE('',*,*,#5967,.F.);
#4147=ORIENTED_EDGE('',*,*,#5883,.F.);
#4148=ORIENTED_EDGE('',*,*,#5915,.T.);
#4149=CARTESIAN_POINT('',(-0.275,-0.3678134750638,-1.699010094805));
#4150=DIRECTION('',(0.0,0.965925826289076,-0.258819045102493));
#4151=DIRECTION('',(-1.0,0.0,0.0));
#4152=ORIENTED_EDGE('',*,*,#5967,.T.);
#4153=ORIENTED_EDGE('',*,*,#5968,.T.);
#4154=ORIENTED_EDGE('',*,*,#5969,.F.);
#4155=ORIENTED_EDGE('',*,*,#5876,.F.);
#4156=CARTESIAN_POINT('',(0.275,-0.275,-1.451728905192));
#4157=DIRECTION('',(0.0,-0.0,-1.0));
#4158=DIRECTION('',(0.0,-1.0,0.0));
#4159=ORIENTED_EDGE('',*,*,#5877,.F.);
#4160=ORIENTED_EDGE('',*,*,#5969,.T.);
#4161=ORIENTED_EDGE('',*,*,#5970,.T.);
#4162=ORIENTED_EDGE('',*,*,#5951,.F.);
#4163=CARTESIAN_POINT('',(0.3678134750638,-0.275,-1.699010094805));
#4164=DIRECTION('',(-0.965925826289076,0.0,-0.258819045102493));
#4165=DIRECTION('',(-0.258819045102493,0.0,0.965925826289076));
#4166=ORIENTED_EDGE('',*,*,#5970,.F.);
#4167=ORIENTED_EDGE('',*,*,#5971,.T.);
#4168=ORIENTED_EDGE('',*,*,#5972,.T.);
#4169=ORIENTED_EDGE('',*,*,#5973,.T.);
#4170=ORIENTED_EDGE('',*,*,#5952,.F.);
#4171=CARTESIAN_POINT('',(0.6747302839274,-0.275,-1.3));
#4172=DIRECTION('',(0.0,-1.0,0.0));
#4173=DIRECTION('',(0.0,0.0,1.0));
#4174=ORIENTED_EDGE('',*,*,#5973,.F.);
#4175=ORIENTED_EDGE('',*,*,#5974,.T.);
#4176=ORIENTED_EDGE('',*,*,#5975,.T.);
#4177=ORIENTED_EDGE('',*,*,#5953,.T.);
#4178=CARTESIAN_POINT('',(0.3285537033843,-0.275,-1.100134858036));
#4179=DIRECTION('',(-0.866025403784429,0.0,0.500000000000017));
#4180=DIRECTION('',(0.0,1.0,0.0));
#4181=ORIENTED_EDGE('',*,*,#5975,.F.);
#4182=ORIENTED_EDGE('',*,*,#5976,.T.);
#4183=ORIENTED_EDGE('',*,*,#5956,.T.);
#4184=ORIENTED_EDGE('',*,*,#5954,.T.);
#4185=CARTESIAN_POINT('',(0.2752697160726,-0.275,-0.79242543129));
#4186=DIRECTION('',(0.0,-1.0,0.0));
#4187=DIRECTION('',(0.0,0.0,1.0));
#4188=ORIENTED_EDGE('',*,*,#5958,.T.);
#4189=ORIENTED_EDGE('',*,*,#5976,.F.);
#4190=ORIENTED_EDGE('',*,*,#5977,.F.);
#4191=ORIENTED_EDGE('',*,*,#5961,.T.);
#4192=ORIENTED_EDGE('',*,*,#5977,.T.);
#4193=ORIENTED_EDGE('',*,*,#5974,.F.);
#4194=ORIENTED_EDGE('',*,*,#5978,.F.);
#4195=ORIENTED_EDGE('',*,*,#5963,.T.);
#4196=CARTESIAN_POINT('',(0.275,-0.275,-0.9962801446631));
#4197=DIRECTION('',(-0.0,-0.0,1.0));
#4198=DIRECTION('',(0.0,1.0,0.0));
#4199=ORIENTED_EDGE('',*,*,#5978,.T.);
#4200=ORIENTED_EDGE('',*,*,#5972,.F.);
#4201=ORIENTED_EDGE('',*,*,#5971,.F.);
#4202=ORIENTED_EDGE('',*,*,#5968,.F.);
#4203=ORIENTED_EDGE('',*,*,#5965,.T.);
#4204=CARTESIAN_POINT('',(0.275,-0.275,-1.3));
#4205=DIRECTION('',(0.0,-0.0,1.0));
#4206=DIRECTION('',(0.0,1.0,0.0));
#4207=ORIENTED_EDGE('',*,*,#5904,.T.);
#4208=ORIENTED_EDGE('',*,*,#5845,.T.);
#4209=ORIENTED_EDGE('',*,*,#5979,.F.);
#4210=ORIENTED_EDGE('',*,*,#5980,.F.);
#4211=CARTESIAN_POINT('',(0.4815451186695,-0.275,-1.351763809021));
#4212=DIRECTION('',(0.965925826289076,0.0,0.258819045102493));
#4213=DIRECTION('',(0.0,-1.0,0.0));
#4214=ORIENTED_EDGE('',*,*,#5981,.F.);
#4215=ORIENTED_EDGE('',*,*,#5902,.T.);
#4216=ORIENTED_EDGE('',*,*,#5879,.T.);
#4217=ORIENTED_EDGE('',*,*,#5950,.F.);
#4218=CARTESIAN_POINT('',(0.4815451186695,-0.275,-1.351763809021));
#4219=DIRECTION('',(0.965925826289076,0.0,0.258819045102493));
#4220=DIRECTION('',(0.0,-1.0,0.0));
#4221=ORIENTED_EDGE('',*,*,#5982,.F.);
#4222=ORIENTED_EDGE('',*,*,#5873,.F.);
#4223=ORIENTED_EDGE('',*,*,#5900,.T.);
#4224=ORIENTED_EDGE('',*,*,#5980,.T.);
#4225=CARTESIAN_POINT('',(0.525,-0.2749999999998,-1.5));
#4226=DIRECTION('',(1.0,0.0,0.0));
#4227=DIRECTION('',(0.0,1.0,0.0));
#4228=ORIENTED_EDGE('',*,*,#5865,.F.);
#4229=ORIENTED_EDGE('',*,*,#5874,.F.);
#4230=ORIENTED_EDGE('',*,*,#5982,.T.);
#4231=ORIENTED_EDGE('',*,*,#5983,.F.);
#4232=CARTESIAN_POINT('',(0.525,0.525,-1.5));
#4233=DIRECTION('',(-0.0,1.0,0.0));
#4234=DIRECTION('',(1.0,0.0,0.0));
#4235=ORIENTED_EDGE('',*,*,#5979,.T.);
#4236=ORIENTED_EDGE('',*,*,#5843,.T.);
#4237=ORIENTED_EDGE('',*,*,#5870,.F.);
#4238=ORIENTED_EDGE('',*,*,#5983,.T.);
#4239=CARTESIAN_POINT('',(0.725,0.4815451186695,-1.351763809021));
#4240=DIRECTION('',(0.0,0.965925826289076,0.258819045102493));
#4241=DIRECTION('',(1.0,0.0,-0.0));
#4242=ORIENTED_EDGE('',*,*,#5887,.F.);
#4243=ORIENTED_EDGE('',*,*,#5868,.F.);
#4244=ORIENTED_EDGE('',*,*,#5984,.F.);
#4245=ORIENTED_EDGE('',*,*,#5985,.T.);
#4246=CARTESIAN_POINT('',(0.725,0.4815451186695,-1.351763809021));
#4247=DIRECTION('',(0.0,0.965925826289076,0.258819045102493));
#4248=DIRECTION('',(1.0,0.0,-0.0));
#4249=ORIENTED_EDGE('',*,*,#5986,.F.);
#4250=ORIENTED_EDGE('',*,*,#5987,.F.);
#4251=ORIENTED_EDGE('',*,*,#5988,.F.);
#4252=ORIENTED_EDGE('',*,*,#5989,.F.);
#4253=ORIENTED_EDGE('',*,*,#5888,.F.);
#4254=ORIENTED_EDGE('',*,*,#5985,.F.);
#4255=ORIENTED_EDGE('',*,*,#5990,.T.);
#4256=ORIENTED_EDGE('',*,*,#5991,.F.);
#4257=ORIENTED_EDGE('',*,*,#5992,.F.);
#4258=ORIENTED_EDGE('',*,*,#5993,.T.);
#4259=ORIENTED_EDGE('',*,*,#5994,.T.);
#4260=ORIENTED_EDGE('',*,*,#5995,.F.);
#4261=CARTESIAN_POINT('',(0.136,0.675,-1.5));
#4262=DIRECTION('',(-1.0,0.0,0.0));
#4263=DIRECTION('',(0.0,0.0,1.0));
#4264=ORIENTED_EDGE('',*,*,#5996,.T.);
#4265=ORIENTED_EDGE('',*,*,#5995,.T.);
#4266=ORIENTED_EDGE('',*,*,#5997,.F.);
#4267=ORIENTED_EDGE('',*,*,#5998,.F.);
#4268=CARTESIAN_POINT('',(0.111,0.5002697160726,-0.721212715645));
#4269=DIRECTION('',(0.707106781186548,-0.707106781186548,0.0));
#4270=DIRECTION('',(0.0,0.0,-1.0));
#4271=ORIENTED_EDGE('',*,*,#5999,.F.);
#4272=ORIENTED_EDGE('',*,*,#5998,.T.);
#4273=ORIENTED_EDGE('',*,*,#6000,.T.);
#4274=ORIENTED_EDGE('',*,*,#6001,.T.);
#4275=ORIENTED_EDGE('',*,*,#6002,.F.);
#4276=CARTESIAN_POINT('',(0.725,0.4752697160726,-0.79242543129));
#4277=DIRECTION('',(0.0,-1.0,0.0));
#4278=DIRECTION('',(0.0,0.0,-1.0));
#4279=ORIENTED_EDGE('',*,*,#6003,.T.);
#4280=ORIENTED_EDGE('',*,*,#6004,.F.);
#4281=ORIENTED_EDGE('',*,*,#6005,.F.);
#4282=ORIENTED_EDGE('',*,*,#6002,.T.);
#4283=CARTESIAN_POINT('',(-0.275,0.275,-5.3));
#4284=DIRECTION('',(0.0,-0.0,-1.0));
#4285=DIRECTION('',(0.0,-1.0,0.0));
#4286=ORIENTED_EDGE('',*,*,#6005,.T.);
#4287=ORIENTED_EDGE('',*,*,#6006,.F.);
#4288=ORIENTED_EDGE('',*,*,#6007,.F.);
#4289=ORIENTED_EDGE('',*,*,#6008,.T.);
#4290=ORIENTED_EDGE('',*,*,#5999,.T.);
#4291=ORIENTED_EDGE('',*,*,#6008,.F.);
#4292=ORIENTED_EDGE('',*,*,#6009,.F.);
#4293=ORIENTED_EDGE('',*,*,#6010,.T.);
#4294=CARTESIAN_POINT('',(0.725,0.2752697160726,-0.79242543129));
#4295=DIRECTION('',(1.0,-0.0,0.0));
#4296=DIRECTION('',(0.0,0.0,1.0));
#4297=ORIENTED_EDGE('',*,*,#6011,.T.);
#4298=ORIENTED_EDGE('',*,*,#5986,.T.);
#4299=ORIENTED_EDGE('',*,*,#5996,.F.);
#4300=ORIENTED_EDGE('',*,*,#6010,.F.);
#4301=CARTESIAN_POINT('',(0.111,0.2752697160726,-0.79242543129));
#4302=DIRECTION('',(1.0,-0.0,0.0));
#4303=DIRECTION('',(0.0,0.0,-1.0));
#4304=ORIENTED_EDGE('',*,*,#6012,.T.);
#4305=ORIENTED_EDGE('',*,*,#5987,.T.);
#4306=ORIENTED_EDGE('',*,*,#6011,.F.);
#4307=ORIENTED_EDGE('',*,*,#6013,.F.);
#4308=CARTESIAN_POINT('',(0.111,0.4101648852015,-1.008780144663));
#4309=DIRECTION('',(0.707106781186515,-0.612372435695813,0.353553390593307));
#4310=DIRECTION('',(-3.92523114670926E-17,-0.500000000000025,-0.866025403784425));
#4311=ORIENTED_EDGE('',*,*,#6009,.T.);
#4312=ORIENTED_EDGE('',*,*,#6014,.F.);
#4313=ORIENTED_EDGE('',*,*,#6015,.F.);
#4314=ORIENTED_EDGE('',*,*,#6013,.T.);
#4315=CARTESIAN_POINT('',(0.725,0.3285537033843,-1.100134858036));
#4316=DIRECTION('',(0.0,-0.866025403784429,0.500000000000017));
#4317=DIRECTION('',(-1.0,0.0,0.0));
#4318=ORIENTED_EDGE('',*,*,#6015,.T.);
#4319=ORIENTED_EDGE('',*,*,#6016,.F.);
#4320=ORIENTED_EDGE('',*,*,#6017,.F.);
#4321=ORIENTED_EDGE('',*,*,#6018,.F.);
#4322=ORIENTED_EDGE('',*,*,#6019,.T.);
#4323=CARTESIAN_POINT('',(0.725,0.6747302839274,-1.3));
#4324=DIRECTION('',(1.0,-0.0,0.0));
#4325=DIRECTION('',(0.0,0.0,1.0));
#4326=ORIENTED_EDGE('',*,*,#6020,.T.);
#4327=ORIENTED_EDGE('',*,*,#5988,.T.);
#4328=ORIENTED_EDGE('',*,*,#6012,.F.);
#4329=ORIENTED_EDGE('',*,*,#6019,.F.);
#4330=CARTESIAN_POINT('',(0.111,0.6747302839274,-1.3));
#4331=DIRECTION('',(-1.0,0.0,-0.0));
#4332=DIRECTION('',(0.0,0.0,-1.0));
#4333=ORIENTED_EDGE('',*,*,#5989,.T.);
#4334=ORIENTED_EDGE('',*,*,#6020,.F.);
#4335=ORIENTED_EDGE('',*,*,#6021,.F.);
#4336=ORIENTED_EDGE('',*,*,#5889,.F.);
#4337=CARTESIAN_POINT('',(0.111,0.3257028256608,-1.445258429065));
#4338=DIRECTION('',(0.707106781186536,-0.683012701892235,-0.183012701892209));
#4339=DIRECTION('',(0.0,0.258819045102502,-0.965925826289073));
#4340=ORIENTED_EDGE('',*,*,#6018,.T.);
#4341=ORIENTED_EDGE('',*,*,#6022,.F.);
#4342=ORIENTED_EDGE('',*,*,#5890,.F.);
#4343=ORIENTED_EDGE('',*,*,#6021,.T.);
#4344=CARTESIAN_POINT('',(0.725,0.3678134750638,-1.699010094805));
#4345=DIRECTION('',(0.0,-0.965925826289076,-0.258819045102493));
#4346=DIRECTION('',(0.0,0.258819045102493,-0.965925826289076));
#4347=ORIENTED_EDGE('',*,*,#6022,.T.);
#4348=ORIENTED_EDGE('',*,*,#6023,.T.);
#4349=ORIENTED_EDGE('',*,*,#6024,.F.);
#4350=ORIENTED_EDGE('',*,*,#5884,.F.);
#4351=CARTESIAN_POINT('',(-0.275,0.275,-1.451728905192));
#4352=DIRECTION('',(0.0,-0.0,-1.0));
#4353=DIRECTION('',(0.0,1.0,0.0));
#4354=ORIENTED_EDGE('',*,*,#5885,.F.);
#4355=ORIENTED_EDGE('',*,*,#6024,.T.);
#4356=ORIENTED_EDGE('',*,*,#6025,.T.);
#4357=ORIENTED_EDGE('',*,*,#6026,.F.);
#4358=CARTESIAN_POINT('',(-0.3678134750638,0.275,-1.699010094805));
#4359=DIRECTION('',(0.965925826289076,0.0,-0.258819045102493));
#4360=DIRECTION('',(0.0,-1.0,0.0));
#4361=ORIENTED_EDGE('',*,*,#5941,.F.);
#4362=ORIENTED_EDGE('',*,*,#6027,.T.);
#4363=ORIENTED_EDGE('',*,*,#6028,.T.);
#4364=ORIENTED_EDGE('',*,*,#6029,.T.);
#4365=ORIENTED_EDGE('',*,*,#6030,.F.);
#4366=ORIENTED_EDGE('',*,*,#5860,.T.);
#4367=ORIENTED_EDGE('',*,*,#5886,.T.);
#4368=ORIENTED_EDGE('',*,*,#6026,.T.);
#4369=ORIENTED_EDGE('',*,*,#6031,.T.);
#4370=ORIENTED_EDGE('',*,*,#6032,.F.);
#4371=ORIENTED_EDGE('',*,*,#6033,.F.);
#4372=ORIENTED_EDGE('',*,*,#6034,.T.);
#4373=ORIENTED_EDGE('',*,*,#6035,.T.);
#4374=CARTESIAN_POINT('',(0.0,-0.225,0.0));
#4375=DIRECTION('',(0.0,-1.0,0.0));
#4376=DIRECTION('',(0.0,0.0,-1.0));
#4377=ORIENTED_EDGE('',*,*,#6036,.F.);
#4378=ORIENTED_EDGE('',*,*,#6037,.T.);
#4379=ORIENTED_EDGE('',*,*,#5942,.T.);
#4380=ORIENTED_EDGE('',*,*,#6035,.F.);
#4381=CARTESIAN_POINT('',(-0.5002697160726,0.025,-0.525));
#4382=DIRECTION('',(0.707106781186548,0.0,0.707106781186548));
#4383=DIRECTION('',(0.0,-1.0,0.0));
#4384=ORIENTED_EDGE('',*,*,#6038,.T.);
#4385=ORIENTED_EDGE('',*,*,#5935,.T.);
#4386=ORIENTED_EDGE('',*,*,#6037,.F.);
#4387=ORIENTED_EDGE('',*,*,#6003,.F.);
#4388=CARTESIAN_POINT('',(-0.275,0.275,-0.525));
#4389=DIRECTION('',(-0.0,0.0,1.0));
#4390=DIRECTION('',(0.0,-1.0,0.0));
#4391=ORIENTED_EDGE('',*,*,#6039,.T.);
#4392=ORIENTED_EDGE('',*,*,#5936,.T.);
#4393=ORIENTED_EDGE('',*,*,#6038,.F.);
#4394=ORIENTED_EDGE('',*,*,#6001,.F.);
#4395=CARTESIAN_POINT('',(-0.1445,0.5002697160726,-0.525));
#4396=DIRECTION('',(0.0,-0.707106781186548,0.707106781186548));
#4397=DIRECTION('',(-1.0,0.0,0.0));
#4398=ORIENTED_EDGE('',*,*,#5997,.T.);
#4399=ORIENTED_EDGE('',*,*,#6040,.T.);
#4400=ORIENTED_EDGE('',*,*,#6039,.F.);
#4401=ORIENTED_EDGE('',*,*,#6000,.F.);
#4402=CARTESIAN_POINT('',(-0.01399999999999,0.5002697160726,-0.65));
#4403=DIRECTION('',(-0.0,1.0,0.0));
#4404=DIRECTION('',(0.0,0.0,-1.0));
#4405=ORIENTED_EDGE('',*,*,#5994,.F.);
#4406=ORIENTED_EDGE('',*,*,#6041,.F.);
#4407=ORIENTED_EDGE('',*,*,#5937,.F.);
#4408=ORIENTED_EDGE('',*,*,#6040,.F.);
#4409=CARTESIAN_POINT('',(-0.01399999999999,0.675,-0.65));
#4410=DIRECTION('',(0.0,-1.0,0.0));
#4411=DIRECTION('',(1.0,0.0,0.0));
#4412=ORIENTED_EDGE('',*,*,#6041,.T.);
#4413=ORIENTED_EDGE('',*,*,#5993,.F.);
#4414=ORIENTED_EDGE('',*,*,#6042,.T.);
#4415=ORIENTED_EDGE('',*,*,#6043,.F.);
#4416=ORIENTED_EDGE('',*,*,#5938,.F.);
#4417=CARTESIAN_POINT('',(0.725,0.675,-0.5));
#4418=DIRECTION('',(-0.0,1.0,0.0));
#4419=DIRECTION('',(1.0,0.0,0.0));
#4420=ORIENTED_EDGE('',*,*,#6044,.T.);
#4421=ORIENTED_EDGE('',*,*,#6045,.F.);
#4422=ORIENTED_EDGE('',*,*,#5939,.F.);
#4423=ORIENTED_EDGE('',*,*,#6043,.T.);
#4424=CARTESIAN_POINT('',(-0.275,0.275,-5.3));
#4425=DIRECTION('',(0.0,-0.0,-1.0));
#4426=DIRECTION('',(0.0,-1.0,0.0));
#4427=ORIENTED_EDGE('',*,*,#5940,.F.);
#4428=ORIENTED_EDGE('',*,*,#6045,.T.);
#4429=ORIENTED_EDGE('',*,*,#6046,.T.);
#4430=ORIENTED_EDGE('',*,*,#6027,.F.);
#4431=CARTESIAN_POINT('',(-0.675,0.275,-0.5));
#4432=DIRECTION('',(-1.0,0.0,0.0));
#4433=DIRECTION('',(0.0,0.0,1.0));
#4434=ORIENTED_EDGE('',*,*,#6046,.F.);
#4435=ORIENTED_EDGE('',*,*,#6047,.T.);
#4436=ORIENTED_EDGE('',*,*,#6048,.T.);
#4437=ORIENTED_EDGE('',*,*,#6028,.F.);
#4438=CARTESIAN_POINT('',(-0.2752697160726,0.275,-0.79242543129));
#4439=DIRECTION('',(0.0,1.0,-0.0));
#4440=DIRECTION('',(0.0,0.0,1.0));
#4441=ORIENTED_EDGE('',*,*,#6048,.F.);
#4442=ORIENTED_EDGE('',*,*,#6049,.T.);
#4443=ORIENTED_EDGE('',*,*,#6050,.T.);
#4444=ORIENTED_EDGE('',*,*,#6029,.F.);
#4445=CARTESIAN_POINT('',(-0.6214462966157,0.275,-0.9922905732536));
#4446=DIRECTION('',(-0.866025403784429,0.0,-0.500000000000017));
#4447=DIRECTION('',(-0.500000000000017,0.0,0.866025403784429));
#4448=ORIENTED_EDGE('',*,*,#6050,.F.);
#4449=ORIENTED_EDGE('',*,*,#6051,.T.);
#4450=ORIENTED_EDGE('',*,*,#5857,.T.);
#4451=ORIENTED_EDGE('',*,*,#6030,.T.);
#4452=CARTESIAN_POINT('',(-0.6747302839274,0.275,-1.3));
#4453=DIRECTION('',(0.0,1.0,-0.0));
#4454=DIRECTION('',(0.0,0.0,1.0));
#4455=ORIENTED_EDGE('',*,*,#5867,.T.);
#4456=ORIENTED_EDGE('',*,*,#6051,.F.);
#4457=ORIENTED_EDGE('',*,*,#6052,.F.);
#4458=ORIENTED_EDGE('',*,*,#6053,.T.);
#4459=CARTESIAN_POINT('',(-0.275,0.275,-1.3));
#4460=DIRECTION('',(0.0,0.0,1.0));
#4461=DIRECTION('',(0.0,-1.0,0.0));
#4462=ORIENTED_EDGE('',*,*,#5984,.T.);
#4463=ORIENTED_EDGE('',*,*,#6053,.F.);
#4464=ORIENTED_EDGE('',*,*,#6054,.F.);
#4465=ORIENTED_EDGE('',*,*,#5990,.F.);
#4466=CARTESIAN_POINT('',(0.725,0.6747302839274,-1.3));
#4467=DIRECTION('',(1.0,-0.0,0.0));
#4468=DIRECTION('',(0.0,0.0,1.0));
#4469=ORIENTED_EDGE('',*,*,#6054,.T.);
#4470=ORIENTED_EDGE('',*,*,#6055,.F.);
#4471=ORIENTED_EDGE('',*,*,#6056,.F.);
#4472=ORIENTED_EDGE('',*,*,#5991,.T.);
#4473=CARTESIAN_POINT('',(0.725,0.6214462966157,-0.9922905732536));
#4474=DIRECTION('',(0.0,0.866025403784429,-0.500000000000017));
#4475=DIRECTION('',(-1.0,0.0,0.0));
#4476=ORIENTED_EDGE('',*,*,#5992,.T.);
#4477=ORIENTED_EDGE('',*,*,#6056,.T.);
#4478=ORIENTED_EDGE('',*,*,#6057,.F.);
#4479=ORIENTED_EDGE('',*,*,#6042,.F.);
#4480=CARTESIAN_POINT('',(0.725,0.2752697160726,-0.79242543129));
#4481=DIRECTION('',(1.0,-0.0,0.0));
#4482=DIRECTION('',(0.0,0.0,1.0));
#4483=ORIENTED_EDGE('',*,*,#6058,.T.);
#4484=ORIENTED_EDGE('',*,*,#6047,.F.);
#4485=ORIENTED_EDGE('',*,*,#6044,.F.);
#4486=ORIENTED_EDGE('',*,*,#6057,.T.);
#4487=ORIENTED_EDGE('',*,*,#6052,.T.);
#4488=ORIENTED_EDGE('',*,*,#6049,.F.);
#4489=ORIENTED_EDGE('',*,*,#6058,.F.);
#4490=ORIENTED_EDGE('',*,*,#6055,.T.);
#4491=CARTESIAN_POINT('',(-0.275,0.275,-1.096145286627));
#4492=DIRECTION('',(-0.0,0.0,1.0));
#4493=DIRECTION('',(0.0,-1.0,0.0));
#4494=ORIENTED_EDGE('',*,*,#6036,.T.);
#4495=ORIENTED_EDGE('',*,*,#6034,.F.);
#4496=ORIENTED_EDGE('',*,*,#6059,.F.);
#4497=ORIENTED_EDGE('',*,*,#6004,.T.);
#4498=CARTESIAN_POINT('',(-0.4752697160726,0.275,-0.79242543129));
#4499=DIRECTION('',(1.0,0.0,0.0));
#4500=DIRECTION('',(0.0,1.0,0.0));
#4501=ORIENTED_EDGE('',*,*,#6060,.F.);
#4502=ORIENTED_EDGE('',*,*,#6006,.T.);
#4503=ORIENTED_EDGE('',*,*,#6059,.T.);
#4504=ORIENTED_EDGE('',*,*,#6033,.T.);
#4505=CARTESIAN_POINT('',(-0.2752697160726,0.275,-0.79242543129));
#4506=DIRECTION('',(0.0,1.0,-0.0));
#4507=DIRECTION('',(0.0,0.0,1.0));
#4508=ORIENTED_EDGE('',*,*,#6061,.F.);
#4509=ORIENTED_EDGE('',*,*,#6062,.T.);
#4510=ORIENTED_EDGE('',*,*,#6060,.T.);
#4511=ORIENTED_EDGE('',*,*,#6032,.T.);
#4512=CARTESIAN_POINT('',(-0.3285537033843,0.275,-1.100134858036));
#4513=DIRECTION('',(0.866025403784429,0.0,0.500000000000017));
#4514=DIRECTION('',(0.0,-1.0,0.0));
#4515=ORIENTED_EDGE('',*,*,#6007,.T.);
#4516=ORIENTED_EDGE('',*,*,#6062,.F.);
#4517=ORIENTED_EDGE('',*,*,#6063,.F.);
#4518=ORIENTED_EDGE('',*,*,#6014,.T.);
#4519=CARTESIAN_POINT('',(-0.275,0.275,-0.9962801446631));
#4520=DIRECTION('',(-0.0,0.0,1.0));
#4521=DIRECTION('',(0.0,-1.0,0.0));
#4522=ORIENTED_EDGE('',*,*,#6063,.T.);
#4523=ORIENTED_EDGE('',*,*,#6064,.F.);
#4524=ORIENTED_EDGE('',*,*,#6016,.T.);
#4525=CARTESIAN_POINT('',(-0.275,0.275,-1.3));
#4526=DIRECTION('',(0.0,0.0,1.0));
#4527=DIRECTION('',(0.0,-1.0,0.0));
#4528=ORIENTED_EDGE('',*,*,#6025,.F.);
#4529=ORIENTED_EDGE('',*,*,#6065,.T.);
#4530=ORIENTED_EDGE('',*,*,#6064,.T.);
#4531=ORIENTED_EDGE('',*,*,#6061,.T.);
#4532=ORIENTED_EDGE('',*,*,#6031,.F.);
#4533=CARTESIAN_POINT('',(-0.6747302839274,0.275,-1.3));
#4534=DIRECTION('',(0.0,1.0,-0.0));
#4535=DIRECTION('',(0.0,0.0,1.0));
#4536=ORIENTED_EDGE('',*,*,#6065,.F.);
#4537=ORIENTED_EDGE('',*,*,#6023,.F.);
#4538=ORIENTED_EDGE('',*,*,#6017,.T.);
#4539=CARTESIAN_POINT('',(-0.275,0.275,-1.3));
#4540=DIRECTION('',(0.0,0.0,1.0));
#4541=DIRECTION('',(0.0,-1.0,0.0));
#4542=ORIENTED_EDGE('',*,*,#6066,.F.);
#4543=ORIENTED_EDGE('',*,*,#5905,.T.);
#4544=ORIENTED_EDGE('',*,*,#5981,.T.);
#4545=ORIENTED_EDGE('',*,*,#5949,.T.);
#4546=CARTESIAN_POINT('',(0.6747302839274,-0.275,-1.3));
#4547=DIRECTION('',(0.0,-1.0,0.0));
#4548=DIRECTION('',(0.0,0.0,1.0));
#4549=ORIENTED_EDGE('',*,*,#6067,.F.);
#4550=ORIENTED_EDGE('',*,*,#6068,.T.);
#4551=ORIENTED_EDGE('',*,*,#6066,.T.);
#4552=ORIENTED_EDGE('',*,*,#5948,.F.);
#4553=CARTESIAN_POINT('',(0.6214462966157,-0.275,-0.9922905732536));
#4554=DIRECTION('',(0.866025403784429,0.0,-0.500000000000017));
#4555=DIRECTION('',(0.0,-1.0,0.0));
#4556=ORIENTED_EDGE('',*,*,#5906,.T.);
#4557=ORIENTED_EDGE('',*,*,#6068,.F.);
#4558=ORIENTED_EDGE('',*,*,#6069,.F.);
#4559=ORIENTED_EDGE('',*,*,#6070,.T.);
#4560=CARTESIAN_POINT('',(0.275,-0.275,-1.096145286627));
#4561=DIRECTION('',(-0.0,-0.0,1.0));
#4562=DIRECTION('',(0.0,1.0,0.0));
#4563=ORIENTED_EDGE('',*,*,#5908,.T.);
#4564=ORIENTED_EDGE('',*,*,#6070,.F.);
#4565=ORIENTED_EDGE('',*,*,#6071,.F.);
#4566=ORIENTED_EDGE('',*,*,#5916,.T.);
#4567=CARTESIAN_POINT('',(-0.275,-0.6214462966157,-0.9922905732536));
#4568=DIRECTION('',(0.0,-0.866025403784429,-0.500000000000017));
#4569=DIRECTION('',(0.0,0.500000000000017,-0.866025403784429));
#4570=ORIENTED_EDGE('',*,*,#5917,.T.);
#4571=ORIENTED_EDGE('',*,*,#6071,.T.);
#4572=ORIENTED_EDGE('',*,*,#6072,.F.);
#4573=ORIENTED_EDGE('',*,*,#5923,.F.);
#4574=CARTESIAN_POINT('',(-0.275,-0.2752697160726,-0.79242543129));
#4575=DIRECTION('',(-1.0,0.0,0.0));
#4576=DIRECTION('',(0.0,0.0,1.0));
#4577=ORIENTED_EDGE('',*,*,#6069,.T.);
#4578=ORIENTED_EDGE('',*,*,#6073,.F.);
#4579=ORIENTED_EDGE('',*,*,#5925,.F.);
#4580=ORIENTED_EDGE('',*,*,#6072,.T.);
#4581=ORIENTED_EDGE('',*,*,#6073,.T.);
#4582=ORIENTED_EDGE('',*,*,#6067,.T.);
#4583=ORIENTED_EDGE('',*,*,#5947,.F.);
#4584=ORIENTED_EDGE('',*,*,#5945,.F.);
#4585=CARTESIAN_POINT('',(0.2752697160726,-0.275,-0.79242543129));
#4586=DIRECTION('',(0.0,-1.0,0.0));
#4587=DIRECTION('',(0.0,0.0,1.0));
#4588=ORIENTED_EDGE('',*,*,#5796,.T.);
#4589=ORIENTED_EDGE('',*,*,#5814,.F.);
#4590=ORIENTED_EDGE('',*,*,#6074,.F.);
#4591=ORIENTED_EDGE('',*,*,#6075,.F.);
#4592=CARTESIAN_POINT('',(-0.275,-0.275,-6.0));
#4593=DIRECTION('',(0.0,0.0,1.0));
#4594=DIRECTION('',(-1.0,0.0,0.0));
#4595=ORIENTED_EDGE('',*,*,#5803,.T.);
#4596=ORIENTED_EDGE('',*,*,#5798,.T.);
#4597=ORIENTED_EDGE('',*,*,#6075,.T.);
#4598=ORIENTED_EDGE('',*,*,#6076,.F.);
#4599=ORIENTED_EDGE('',*,*,#6077,.T.);
#4600=ORIENTED_EDGE('',*,*,#6078,.F.);
#4601=ORIENTED_EDGE('',*,*,#5805,.T.);
#4602=ORIENTED_EDGE('',*,*,#5804,.F.);
#4603=ORIENTED_EDGE('',*,*,#6076,.T.);
#4604=ORIENTED_EDGE('',*,*,#5807,.F.);
#4605=ORIENTED_EDGE('',*,*,#5806,.T.);
#4606=ORIENTED_EDGE('',*,*,#6078,.T.);
#4607=ORIENTED_EDGE('',*,*,#6079,.T.);
#4608=ORIENTED_EDGE('',*,*,#5809,.F.);
#4609=ORIENTED_EDGE('',*,*,#6077,.F.);
#4610=ORIENTED_EDGE('',*,*,#6074,.T.);
#4611=ORIENTED_EDGE('',*,*,#5813,.F.);
#4612=ORIENTED_EDGE('',*,*,#5811,.F.);
#4613=ORIENTED_EDGE('',*,*,#6079,.F.);
#4614=CARTESIAN_POINT('',(-0.275,-0.525,-6.0));
#4615=DIRECTION('',(-0.0,1.0,0.0));
#4616=DIRECTION('',(1.0,0.0,0.0));
#4617=ORIENTED_EDGE('',*,*,#5708,.F.);
#4618=ORIENTED_EDGE('',*,*,#5701,.F.);
#4619=ORIENTED_EDGE('',*,*,#5800,.T.);
#4620=ORIENTED_EDGE('',*,*,#5710,.T.);
#4621=CARTESIAN_POINT('',(-0.8452849643032,1.375,-8.1));
#4622=DIRECTION('',(-0.230389640891803,0.973098460264811,0.0));
#4623=DIRECTION('',(0.0,0.0,1.0));
#4624=ORIENTED_EDGE('',*,*,#5776,.T.);
#4625=ORIENTED_EDGE('',*,*,#5775,.T.);
#4626=ORIENTED_EDGE('',*,*,#5773,.T.);
#4627=ORIENTED_EDGE('',*,*,#5781,.F.);
#4628=ORIENTED_EDGE('',*,*,#5779,.F.);
#4629=ORIENTED_EDGE('',*,*,#6080,.F.);
#4630=ORIENTED_EDGE('',*,*,#6081,.T.);
#4631=ORIENTED_EDGE('',*,*,#6082,.T.);
#4632=ORIENTED_EDGE('',*,*,#5753,.F.);
#4633=ORIENTED_EDGE('',*,*,#6083,.F.);
#4634=CARTESIAN_POINT('',(1.186986611404,1.975,-13.7));
#4635=DIRECTION('',(-0.981385507138138,0.192048135578608,0.0));
#4636=DIRECTION('',(0.0,0.0,1.0));
#4637=ORIENTED_EDGE('',*,*,#6084,.F.);
#4638=ORIENTED_EDGE('',*,*,#6085,.T.);
#4639=ORIENTED_EDGE('',*,*,#6083,.T.);
#4640=ORIENTED_EDGE('',*,*,#5741,.T.);
#4641=CARTESIAN_POINT('',(0.0,-0.025,-11.9));
#4642=DIRECTION('',(0.0,0.0,-1.0));
#4643=DIRECTION('',(0.0,-1.0,0.0));
#4644=ORIENTED_EDGE('',*,*,#6086,.F.);
#4645=ORIENTED_EDGE('',*,*,#6087,.T.);
#4646=ORIENTED_EDGE('',*,*,#6080,.T.);
#4647=ORIENTED_EDGE('',*,*,#6085,.F.);
#4648=CARTESIAN_POINT('',(1.383263712832,1.936590372884,-13.7));
#4649=DIRECTION('',(0.192048135578608,0.981385507138138,0.0));
#4650=DIRECTION('',(0.0,0.0,-1.0));
#4651=ORIENTED_EDGE('',*,*,#6088,.T.);
#4652=ORIENTED_EDGE('',*,*,#6081,.F.);
#4653=ORIENTED_EDGE('',*,*,#6087,.F.);
#4654=ORIENTED_EDGE('',*,*,#6089,.T.);
#4655=ORIENTED_EDGE('',*,*,#6090,.F.);
#4656=CARTESIAN_POINT('',(0.0,1.975,-12.5));
#4657=DIRECTION('',(0.0,-0.342020143325699,0.939692620785897));
#4658=DIRECTION('',(-1.0,0.0,0.0));
#4659=ORIENTED_EDGE('',*,*,#6091,.T.);
#4660=ORIENTED_EDGE('',*,*,#6092,.F.);
#4661=ORIENTED_EDGE('',*,*,#6093,.F.);
#4662=ORIENTED_EDGE('',*,*,#6094,.F.);
#4663=ORIENTED_EDGE('',*,*,#6090,.T.);
#4664=CARTESIAN_POINT('',(0.0,-0.025,-13.44077602303));
#4665=DIRECTION('',(-1.0,0.0,-0.0));
#4666=DIRECTION('',(0.0,0.0,-1.0));
#4667=ORIENTED_EDGE('',*,*,#6095,.T.);
#4668=ORIENTED_EDGE('',*,*,#6096,.T.);
#4669=ORIENTED_EDGE('',*,*,#6097,.T.);
#4670=ORIENTED_EDGE('',*,*,#6098,.T.);
#4671=ORIENTED_EDGE('',*,*,#6099,.T.);
#4672=ORIENTED_EDGE('',*,*,#5747,.F.);
#4673=ORIENTED_EDGE('',*,*,#6082,.F.);
#4674=ORIENTED_EDGE('',*,*,#6088,.F.);
#4675=ORIENTED_EDGE('',*,*,#6094,.T.);
#4676=ORIENTED_EDGE('',*,*,#6100,.F.);
#4677=ORIENTED_EDGE('',*,*,#6101,.T.);
#4678=ORIENTED_EDGE('',*,*,#6102,.F.);
#4679=ORIENTED_EDGE('',*,*,#6103,.F.);
#4680=ORIENTED_EDGE('',*,*,#6104,.F.);
#4681=ORIENTED_EDGE('',*,*,#6105,.F.);
#4682=CARTESIAN_POINT('',(0.0,0.075,-13.7));
#4683=DIRECTION('',(0.0,0.0,-1.0));
#4684=DIRECTION('',(1.0,0.0,0.0));
#4685=ORIENTED_EDGE('',*,*,#6106,.T.);
#4686=ORIENTED_EDGE('',*,*,#6105,.T.);
#4687=ORIENTED_EDGE('',*,*,#6104,.T.);
#4688=ORIENTED_EDGE('',*,*,#6107,.F.);
#4689=ORIENTED_EDGE('',*,*,#6108,.F.);
#4690=ORIENTED_EDGE('',*,*,#6109,.T.);
#4691=ORIENTED_EDGE('',*,*,#6110,.T.);
#4692=ORIENTED_EDGE('',*,*,#6110,.F.);
#4693=ORIENTED_EDGE('',*,*,#6111,.T.);
#4694=ORIENTED_EDGE('',*,*,#6112,.T.);
#4695=ORIENTED_EDGE('',*,*,#6113,.T.);
#4696=ORIENTED_EDGE('',*,*,#6114,.T.);
#4697=ORIENTED_EDGE('',*,*,#6106,.F.);
#4698=ORIENTED_EDGE('',*,*,#6113,.F.);
#4699=ORIENTED_EDGE('',*,*,#6115,.F.);
#4700=ORIENTED_EDGE('',*,*,#6116,.T.);
#4701=ORIENTED_EDGE('',*,*,#6117,.F.);
#4702=ORIENTED_EDGE('',*,*,#6118,.F.);
#4703=ORIENTED_EDGE('',*,*,#6115,.T.);
#4704=ORIENTED_EDGE('',*,*,#6112,.F.);
#4705=ORIENTED_EDGE('',*,*,#6119,.T.);
#4706=ORIENTED_EDGE('',*,*,#6120,.T.);
#4707=ORIENTED_EDGE('',*,*,#6121,.F.);
#4708=ORIENTED_EDGE('',*,*,#6120,.F.);
#4709=ORIENTED_EDGE('',*,*,#6122,.F.);
#4710=ORIENTED_EDGE('',*,*,#6123,.T.);
#4711=ORIENTED_EDGE('',*,*,#6124,.T.);
#4712=ORIENTED_EDGE('',*,*,#6125,.F.);
#4713=ORIENTED_EDGE('',*,*,#6126,.F.);
#4714=CARTESIAN_POINT('',(-1.525,-0.925,-14.5));
#4715=DIRECTION('',(0.0,-1.0,0.0));
#4716=DIRECTION('',(0.0,0.0,-1.0));
#4717=ORIENTED_EDGE('',*,*,#6127,.T.);
#4718=ORIENTED_EDGE('',*,*,#6128,.F.);
#4719=ORIENTED_EDGE('',*,*,#6116,.F.);
#4720=ORIENTED_EDGE('',*,*,#6121,.T.);
#4721=ORIENTED_EDGE('',*,*,#6129,.T.);
#4722=ORIENTED_EDGE('',*,*,#6130,.T.);
#4723=ORIENTED_EDGE('',*,*,#6130,.F.);
#4724=ORIENTED_EDGE('',*,*,#6131,.T.);
#4725=ORIENTED_EDGE('',*,*,#6132,.T.);
#4726=ORIENTED_EDGE('',*,*,#6133,.T.);
#4727=ORIENTED_EDGE('',*,*,#6134,.T.);
#4728=ORIENTED_EDGE('',*,*,#6127,.F.);
#4729=ORIENTED_EDGE('',*,*,#6133,.F.);
#4730=ORIENTED_EDGE('',*,*,#6135,.F.);
#4731=ORIENTED_EDGE('',*,*,#6107,.T.);
#4732=ORIENTED_EDGE('',*,*,#6103,.T.);
#4733=ORIENTED_EDGE('',*,*,#6102,.T.);
#4734=ORIENTED_EDGE('',*,*,#6135,.T.);
#4735=ORIENTED_EDGE('',*,*,#6132,.F.);
#4736=ORIENTED_EDGE('',*,*,#6136,.T.);
#4737=ORIENTED_EDGE('',*,*,#6137,.F.);
#4738=ORIENTED_EDGE('',*,*,#6138,.F.);
#4739=ORIENTED_EDGE('',*,*,#6139,.T.);
#4740=ORIENTED_EDGE('',*,*,#6140,.F.);
#4741=ORIENTED_EDGE('',*,*,#6141,.F.);
#4742=ORIENTED_EDGE('',*,*,#6142,.T.);
#4743=ORIENTED_EDGE('',*,*,#6143,.T.);
#4744=ORIENTED_EDGE('',*,*,#6108,.T.);
#4745=ORIENTED_EDGE('',*,*,#6138,.T.);
#4746=ORIENTED_EDGE('',*,*,#6137,.T.);
#4747=CARTESIAN_POINT('',(-1.525,-0.725,-17.7));
#4748=DIRECTION('',(-0.0,1.0,0.0));
#4749=DIRECTION('',(1.0,0.0,0.0));
#4750=ORIENTED_EDGE('',*,*,#6126,.T.);
#4751=ORIENTED_EDGE('',*,*,#6144,.F.);
#4752=ORIENTED_EDGE('',*,*,#6139,.F.);
#4753=ORIENTED_EDGE('',*,*,#6145,.F.);
#4754=CARTESIAN_POINT('',(-1.525,-0.725,-14.5));
#4755=DIRECTION('',(0.0,0.0,1.0));
#4756=DIRECTION('',(1.0,0.0,0.0));
#4757=ORIENTED_EDGE('',*,*,#6143,.F.);
#4758=ORIENTED_EDGE('',*,*,#6146,.T.);
#4759=ORIENTED_EDGE('',*,*,#6122,.T.);
#4760=ORIENTED_EDGE('',*,*,#6147,.F.);
#4761=CARTESIAN_POINT('',(-1.525,-0.725,-14.5));
#4762=DIRECTION('',(0.0,0.0,1.0));
#4763=DIRECTION('',(1.0,0.0,0.0));
#4764=ORIENTED_EDGE('',*,*,#6145,.T.);
#4765=ORIENTED_EDGE('',*,*,#6136,.F.);
#4766=ORIENTED_EDGE('',*,*,#6131,.F.);
#4767=ORIENTED_EDGE('',*,*,#6129,.F.);
#4768=ORIENTED_EDGE('',*,*,#6148,.T.);
#4769=ORIENTED_EDGE('',*,*,#6140,.T.);
#4770=ORIENTED_EDGE('',*,*,#6144,.T.);
#4771=ORIENTED_EDGE('',*,*,#6125,.T.);
#4772=CARTESIAN_POINT('',(1.525,0.0,0.0));
#4773=DIRECTION('',(1.0,0.0,0.0));
#4774=DIRECTION('',(0.0,1.0,0.0));
#4775=ORIENTED_EDGE('',*,*,#6141,.T.);
#4776=ORIENTED_EDGE('',*,*,#6148,.F.);
#4777=ORIENTED_EDGE('',*,*,#6124,.F.);
#4778=ORIENTED_EDGE('',*,*,#6149,.T.);
#4779=CARTESIAN_POINT('',(-1.525,-0.925,-17.7));
#4780=DIRECTION('',(0.0,0.0,-1.0));
#4781=DIRECTION('',(0.0,-1.0,0.0));
#4782=ORIENTED_EDGE('',*,*,#6146,.F.);
#4783=ORIENTED_EDGE('',*,*,#6142,.F.);
#4784=ORIENTED_EDGE('',*,*,#6149,.F.);
#4785=ORIENTED_EDGE('',*,*,#6123,.F.);
#4786=CARTESIAN_POINT('',(-1.525,0.0,0.0));
#4787=DIRECTION('',(1.0,0.0,0.0));
#4788=DIRECTION('',(0.0,1.0,0.0));
#4789=ORIENTED_EDGE('',*,*,#6147,.T.);
#4790=ORIENTED_EDGE('',*,*,#6119,.F.);
#4791=ORIENTED_EDGE('',*,*,#6111,.F.);
#4792=ORIENTED_EDGE('',*,*,#6109,.F.);
#4793=ORIENTED_EDGE('',*,*,#6150,.F.);
#4794=ORIENTED_EDGE('',*,*,#6151,.F.);
#4795=ORIENTED_EDGE('',*,*,#6152,.F.);
#4796=ORIENTED_EDGE('',*,*,#6153,.F.);
#4797=ORIENTED_EDGE('',*,*,#6095,.F.);
#4798=ORIENTED_EDGE('',*,*,#6114,.F.);
#4799=CARTESIAN_POINT('',(0.0,0.0,-13.7));
#4800=DIRECTION('',(0.0,0.0,1.0));
#4801=DIRECTION('',(1.0,0.0,0.0));
#4802=ORIENTED_EDGE('',*,*,#6101,.F.);
#4803=ORIENTED_EDGE('',*,*,#6154,.F.);
#4804=ORIENTED_EDGE('',*,*,#6155,.F.);
#4805=ORIENTED_EDGE('',*,*,#6134,.F.);
#4806=CARTESIAN_POINT('',(0.0,0.0,-13.7));
#4807=DIRECTION('',(0.0,0.0,1.0));
#4808=DIRECTION('',(1.0,0.0,0.0));
#4809=ORIENTED_EDGE('',*,*,#6096,.F.);
#4810=ORIENTED_EDGE('',*,*,#6153,.T.);
#4811=ORIENTED_EDGE('',*,*,#6156,.T.);
#4812=ORIENTED_EDGE('',*,*,#6157,.T.);
#4813=CARTESIAN_POINT('',(-0.7851084057105,-0.07863850846289,-13.7));
#4814=DIRECTION('',(0.981385507138138,0.192048135578608,0.0));
#4815=DIRECTION('',(0.0,0.0,-1.0));
#4816=ORIENTED_EDGE('',*,*,#6097,.F.);
#4817=ORIENTED_EDGE('',*,*,#6157,.F.);
#4818=ORIENTED_EDGE('',*,*,#6158,.T.);
#4819=ORIENTED_EDGE('',*,*,#6159,.T.);
#4820=ORIENTED_EDGE('',*,*,#6160,.F.);
#4821=CARTESIAN_POINT('',(0.0,-0.09340402866513,-12.34716250113));
#4822=DIRECTION('',(0.0,-0.342020143325699,-0.939692620785897));
#4823=DIRECTION('',(0.0,-0.939692620785897,0.342020143325699));
#4824=ORIENTED_EDGE('',*,*,#6098,.F.);
#4825=ORIENTED_EDGE('',*,*,#6160,.T.);
#4826=ORIENTED_EDGE('',*,*,#6161,.F.);
#4827=ORIENTED_EDGE('',*,*,#6162,.F.);
#4828=ORIENTED_EDGE('',*,*,#6163,.F.);
#4829=CARTESIAN_POINT('',(0.0,-0.025,-12.15922397697));
#4830=DIRECTION('',(-1.0,0.0,-0.0));
#4831=DIRECTION('',(0.0,0.0,-1.0));
#4832=ORIENTED_EDGE('',*,*,#5748,.F.);
#4833=ORIENTED_EDGE('',*,*,#6099,.F.);
#4834=ORIENTED_EDGE('',*,*,#6163,.T.);
#4835=ORIENTED_EDGE('',*,*,#6164,.T.);
#4836=ORIENTED_EDGE('',*,*,#5721,.F.);
#4837=ORIENTED_EDGE('',*,*,#5715,.F.);
#4838=CARTESIAN_POINT('',(0.0,-0.225,-11.1));
#4839=DIRECTION('',(0.0,-1.0,0.0));
#4840=DIRECTION('',(0.0,0.0,-1.0));
#4841=ORIENTED_EDGE('',*,*,#6117,.T.);
#4842=ORIENTED_EDGE('',*,*,#6128,.T.);
#4843=ORIENTED_EDGE('',*,*,#6155,.T.);
#4844=ORIENTED_EDGE('',*,*,#6165,.T.);
#4845=ORIENTED_EDGE('',*,*,#6092,.T.);
#4846=ORIENTED_EDGE('',*,*,#6166,.T.);
#4847=ORIENTED_EDGE('',*,*,#5722,.F.);
#4848=ORIENTED_EDGE('',*,*,#6164,.F.);
#4849=ORIENTED_EDGE('',*,*,#6162,.T.);
#4850=ORIENTED_EDGE('',*,*,#6167,.F.);
#4851=ORIENTED_EDGE('',*,*,#6150,.T.);
#4852=ORIENTED_EDGE('',*,*,#6118,.T.);
#4853=CARTESIAN_POINT('',(0.0,0.075,-13.7));
#4854=DIRECTION('',(0.0,0.0,-1.0));
#4855=DIRECTION('',(1.0,0.0,0.0));
#4856=ORIENTED_EDGE('',*,*,#6159,.F.);
#4857=ORIENTED_EDGE('',*,*,#6168,.F.);
#4858=ORIENTED_EDGE('',*,*,#6151,.T.);
#4859=ORIENTED_EDGE('',*,*,#6167,.T.);
#4860=ORIENTED_EDGE('',*,*,#6161,.T.);
#4861=CARTESIAN_POINT('',(-1.383263712832,1.936590372884,-13.7));
#4862=DIRECTION('',(-0.981385507138138,-0.192048135578608,0.0));
#4863=DIRECTION('',(-0.192048135578608,0.981385507138138,0.0));
#4864=ORIENTED_EDGE('',*,*,#6156,.F.);
#4865=ORIENTED_EDGE('',*,*,#6152,.T.);
#4866=ORIENTED_EDGE('',*,*,#6168,.T.);
#4867=ORIENTED_EDGE('',*,*,#6158,.F.);
#4868=CARTESIAN_POINT('',(-1.186986611404,1.975,-13.7));
#4869=DIRECTION('',(-0.192048135578608,0.981385507138138,0.0));
#4870=DIRECTION('',(0.0,0.0,1.0));
#4871=ORIENTED_EDGE('',*,*,#5739,.F.);
#4872=ORIENTED_EDGE('',*,*,#6166,.F.);
#4873=ORIENTED_EDGE('',*,*,#6091,.F.);
#4874=ORIENTED_EDGE('',*,*,#6089,.F.);
#4875=ORIENTED_EDGE('',*,*,#6086,.T.);
#4876=ORIENTED_EDGE('',*,*,#6084,.T.);
#4877=CARTESIAN_POINT('',(0.9813855071381,-0.1170481355786,-13.7));
#4878=DIRECTION('',(0.981385507138138,-0.192048135578608,0.0));
#4879=DIRECTION('',(0.0,0.0,-1.0));
#4880=ORIENTED_EDGE('',*,*,#6165,.F.);
#4881=ORIENTED_EDGE('',*,*,#6154,.T.);
#4882=ORIENTED_EDGE('',*,*,#6100,.T.);
#4883=ORIENTED_EDGE('',*,*,#6093,.T.);
#4884=CARTESIAN_POINT('',(0.0,-0.225,-13.44077602303));
#4885=DIRECTION('',(0.0,-1.0,0.0));
#4886=DIRECTION('',(0.0,0.0,-1.0));
#4887=ORIENTED_EDGE('',*,*,#6169,.T.);
#4888=ORIENTED_EDGE('',*,*,#6170,.F.);
#4889=ORIENTED_EDGE('',*,*,#6171,.F.);
#4890=ORIENTED_EDGE('',*,*,#6172,.T.);
#4891=ORIENTED_EDGE('',*,*,#6173,.T.);
#4892=ORIENTED_EDGE('',*,*,#6172,.F.);
#4893=ORIENTED_EDGE('',*,*,#6174,.F.);
#4894=ORIENTED_EDGE('',*,*,#6175,.T.);
#4895=ORIENTED_EDGE('',*,*,#6176,.F.);
#4896=ORIENTED_EDGE('',*,*,#6177,.F.);
#4897=ORIENTED_EDGE('',*,*,#6178,.F.);
#4898=ORIENTED_EDGE('',*,*,#6179,.F.);
#4899=ORIENTED_EDGE('',*,*,#6180,.F.);
#4900=ORIENTED_EDGE('',*,*,#6181,.F.);
#4901=ORIENTED_EDGE('',*,*,#6182,.F.);
#4902=ORIENTED_EDGE('',*,*,#6183,.F.);
#4903=CARTESIAN_POINT('',(0.0,0.0,-0.40394));
#4904=DIRECTION('',(0.0,0.0,-1.0));
#4905=DIRECTION('',(0.0,-1.0,0.0));
#4906=ORIENTED_EDGE('',*,*,#6184,.F.);
#4907=ORIENTED_EDGE('',*,*,#6185,.F.);
#4908=ORIENTED_EDGE('',*,*,#6186,.F.);
#4909=ORIENTED_EDGE('',*,*,#6187,.F.);
#4910=ORIENTED_EDGE('',*,*,#6188,.F.);
#4911=ORIENTED_EDGE('',*,*,#6189,.F.);
#4912=ORIENTED_EDGE('',*,*,#6190,.F.);
#4913=ORIENTED_EDGE('',*,*,#6191,.F.);
#4914=CARTESIAN_POINT('',(0.0,0.0,-0.40394));
#4915=DIRECTION('',(0.0,0.0,-1.0));
#4916=DIRECTION('',(0.0,-1.0,0.0));
#4917=ORIENTED_EDGE('',*,*,#6192,.F.);
#4918=ORIENTED_EDGE('',*,*,#6193,.F.);
#4919=ORIENTED_EDGE('',*,*,#6194,.F.);
#4920=ORIENTED_EDGE('',*,*,#6195,.F.);
#4921=ORIENTED_EDGE('',*,*,#6196,.F.);
#4922=ORIENTED_EDGE('',*,*,#6197,.F.);
#4923=ORIENTED_EDGE('',*,*,#6198,.F.);
#4924=ORIENTED_EDGE('',*,*,#6199,.F.);
#4925=CARTESIAN_POINT('',(0.0,0.0,-0.40394));
#4926=DIRECTION('',(0.0,0.0,-1.0));
#4927=DIRECTION('',(0.0,-1.0,0.0));
#4928=ORIENTED_EDGE('',*,*,#6200,.F.);
#4929=ORIENTED_EDGE('',*,*,#6201,.F.);
#4930=ORIENTED_EDGE('',*,*,#6202,.F.);
#4931=ORIENTED_EDGE('',*,*,#6203,.F.);
#4932=ORIENTED_EDGE('',*,*,#6175,.F.);
#4933=ORIENTED_EDGE('',*,*,#6204,.F.);
#4934=ORIENTED_EDGE('',*,*,#6205,.F.);
#4935=ORIENTED_EDGE('',*,*,#6206,.F.);
#4936=CARTESIAN_POINT('',(0.0,0.0,-0.40394));
#4937=DIRECTION('',(0.0,0.0,-1.0));
#4938=DIRECTION('',(0.0,-1.0,0.0));
#4939=ORIENTED_EDGE('',*,*,#6207,.T.);
#4940=ORIENTED_EDGE('',*,*,#6208,.F.);
#4941=ORIENTED_EDGE('',*,*,#6209,.F.);
#4942=ORIENTED_EDGE('',*,*,#6183,.T.);
#4943=ORIENTED_EDGE('',*,*,#6209,.T.);
#4944=ORIENTED_EDGE('',*,*,#6210,.F.);
#4945=ORIENTED_EDGE('',*,*,#6211,.F.);
#4946=ORIENTED_EDGE('',*,*,#6212,.F.);
#4947=CARTESIAN_POINT('',(-0.746,1.526240660263E-14,-0.40394));
#4948=DIRECTION('',(-0.0,-1.0,0.0));
#4949=DIRECTION('',(-1.0,0.0,0.0));
#4950=ORIENTED_EDGE('',*,*,#6213,.F.);
#4951=ORIENTED_EDGE('',*,*,#6214,.F.);
#4952=ORIENTED_EDGE('',*,*,#6215,.F.);
#4953=ORIENTED_EDGE('',*,*,#6216,.T.);
#4954=ORIENTED_EDGE('',*,*,#6217,.F.);
#4955=ORIENTED_EDGE('',*,*,#6218,.F.);
#4956=ORIENTED_EDGE('',*,*,#6176,.T.);
#4957=ORIENTED_EDGE('',*,*,#6212,.T.);
#4958=ORIENTED_EDGE('',*,*,#6186,.T.);
#4959=ORIENTED_EDGE('',*,*,#6219,.F.);
#4960=ORIENTED_EDGE('',*,*,#6220,.T.);
#4961=CARTESIAN_POINT('',(-0.9,-0.56,-6.00394));
#4962=DIRECTION('',(-1.0,0.0,0.0));
#4963=DIRECTION('',(0.0,0.0,1.0));
#4964=ORIENTED_EDGE('',*,*,#6221,.T.);
#4965=ORIENTED_EDGE('',*,*,#6222,.F.);
#4966=ORIENTED_EDGE('',*,*,#6220,.F.);
#4967=ORIENTED_EDGE('',*,*,#6223,.T.);
#4968=ORIENTED_EDGE('',*,*,#6224,.T.);
#4969=ORIENTED_EDGE('',*,*,#6225,.F.);
#4970=CARTESIAN_POINT('',(-0.9,0.4367307849221,-4.339073057877));
#4971=DIRECTION('',(0.0,-0.997564050259825,0.0697564737441217));
#4972=DIRECTION('',(-1.0,0.0,0.0));
#4973=ORIENTED_EDGE('',*,*,#6226,.T.);
#4974=ORIENTED_EDGE('',*,*,#6227,.F.);
#4975=ORIENTED_EDGE('',*,*,#6228,.F.);
#4976=ORIENTED_EDGE('',*,*,#6229,.T.);
#4977=ORIENTED_EDGE('',*,*,#6230,.F.);
#4978=ORIENTED_EDGE('',*,*,#6231,.F.);
#4979=CARTESIAN_POINT('',(-0.56,0.56,-6.00394));
#4980=DIRECTION('',(0.0,0.0,1.0));
#4981=DIRECTION('',(-1.0,0.0,0.0));
#4982=ORIENTED_EDGE('',*,*,#6232,.T.);
#4983=ORIENTED_EDGE('',*,*,#6189,.T.);
#4984=ORIENTED_EDGE('',*,*,#6233,.F.);
#4985=ORIENTED_EDGE('',*,*,#6225,.T.);
#4986=ORIENTED_EDGE('',*,*,#6234,.T.);
#4987=ORIENTED_EDGE('',*,*,#6235,.F.);
#4988=ORIENTED_EDGE('',*,*,#6236,.T.);
#4989=CARTESIAN_POINT('',(-0.56,0.56,-6.00394));
#4990=DIRECTION('',(0.0,0.0,1.0));
#4991=DIRECTION('',(-1.0,0.0,0.0));
#4992=ORIENTED_EDGE('',*,*,#6237,.T.);
#4993=ORIENTED_EDGE('',*,*,#6238,.T.);
#4994=ORIENTED_EDGE('',*,*,#6235,.T.);
#4995=CARTESIAN_POINT('',(-0.725,0.76,-4.66));
#4996=DIRECTION('',(-1.0,0.0,0.0));
#4997=DIRECTION('',(0.0,0.0,1.0));
#4998=ORIENTED_EDGE('',*,*,#6239,.F.);
#4999=ORIENTED_EDGE('',*,*,#6240,.T.);
#5000=ORIENTED_EDGE('',*,*,#6231,.T.);
#5001=CARTESIAN_POINT('',(-0.725,0.76,-4.66));
#5002=DIRECTION('',(-1.0,0.0,0.0));
#5003=DIRECTION('',(0.0,0.0,1.0));
#5004=ORIENTED_EDGE('',*,*,#6236,.F.);
#5005=ORIENTED_EDGE('',*,*,#6238,.F.);
#5006=ORIENTED_EDGE('',*,*,#6241,.F.);
#5007=ORIENTED_EDGE('',*,*,#6242,.F.);
#5008=CARTESIAN_POINT('',(-0.725,0.76,-1.853669807342));
#5009=DIRECTION('',(0.0,0.0,1.0));
#5010=DIRECTION('',(1.0,0.0,0.0));
#5011=ORIENTED_EDGE('',*,*,#6229,.F.);
#5012=ORIENTED_EDGE('',*,*,#6243,.F.);
#5013=ORIENTED_EDGE('',*,*,#6244,.T.);
#5014=ORIENTED_EDGE('',*,*,#6245,.T.);
#5015=CARTESIAN_POINT('',(0.76,0.76,-6.00394));
#5016=DIRECTION('',(0.0,-1.0,0.0));
#5017=DIRECTION('',(0.0,0.0,-1.0));
#5018=ORIENTED_EDGE('',*,*,#6246,.T.);
#5019=ORIENTED_EDGE('',*,*,#6204,.T.);
#5020=ORIENTED_EDGE('',*,*,#6247,.F.);
#5021=ORIENTED_EDGE('',*,*,#6190,.T.);
#5022=ORIENTED_EDGE('',*,*,#6232,.F.);
#5023=ORIENTED_EDGE('',*,*,#6242,.T.);
#5024=ORIENTED_EDGE('',*,*,#6248,.T.);
#5025=ORIENTED_EDGE('',*,*,#6249,.T.);
#5026=ORIENTED_EDGE('',*,*,#6250,.F.);
#5027=ORIENTED_EDGE('',*,*,#6251,.F.);
#5028=CARTESIAN_POINT('',(0.76,0.76,-6.00394));
#5029=DIRECTION('',(0.0,-1.0,0.0));
#5030=DIRECTION('',(0.0,0.0,-1.0));
#5031=ORIENTED_EDGE('',*,*,#6252,.F.);
#5032=ORIENTED_EDGE('',*,*,#6253,.F.);
#5033=ORIENTED_EDGE('',*,*,#6254,.F.);
#5034=ORIENTED_EDGE('',*,*,#6255,.T.);
#5035=ORIENTED_EDGE('',*,*,#6239,.T.);
#5036=ORIENTED_EDGE('',*,*,#6230,.T.);
#5037=ORIENTED_EDGE('',*,*,#6245,.F.);
#5038=CARTESIAN_POINT('',(-0.9,0.9,-4.66));
#5039=DIRECTION('',(0.0,0.0,-1.0));
#5040=DIRECTION('',(0.0,-1.0,0.0));
#5041=ORIENTED_EDGE('',*,*,#6255,.F.);
#5042=ORIENTED_EDGE('',*,*,#6256,.F.);
#5043=ORIENTED_EDGE('',*,*,#6213,.T.);
#5044=ORIENTED_EDGE('',*,*,#6222,.T.);
#5045=ORIENTED_EDGE('',*,*,#6257,.F.);
#5046=ORIENTED_EDGE('',*,*,#6226,.F.);
#5047=ORIENTED_EDGE('',*,*,#6240,.F.);
#5048=CARTESIAN_POINT('',(-0.9,0.736,-4.36));
#5049=DIRECTION('',(1.0,-0.0,0.0));
#5050=DIRECTION('',(0.0,0.0,1.0));
#5051=ORIENTED_EDGE('',*,*,#6233,.T.);
#5052=ORIENTED_EDGE('',*,*,#6188,.T.);
#5053=ORIENTED_EDGE('',*,*,#6258,.F.);
#5054=ORIENTED_EDGE('',*,*,#6182,.T.);
#5055=ORIENTED_EDGE('',*,*,#6259,.T.);
#5056=ORIENTED_EDGE('',*,*,#6260,.F.);
#5057=ORIENTED_EDGE('',*,*,#6261,.F.);
#5058=ORIENTED_EDGE('',*,*,#6262,.T.);
#5059=ORIENTED_EDGE('',*,*,#6263,.F.);
#5060=ORIENTED_EDGE('',*,*,#6227,.T.);
#5061=ORIENTED_EDGE('',*,*,#6257,.T.);
#5062=ORIENTED_EDGE('',*,*,#6221,.F.);
#5063=CARTESIAN_POINT('',(-0.76,0.56,-6.00394));
#5064=DIRECTION('',(1.0,0.0,0.0));
#5065=DIRECTION('',(0.0,1.0,0.0));
#5066=ORIENTED_EDGE('',*,*,#6264,.T.);
#5067=ORIENTED_EDGE('',*,*,#6243,.T.);
#5068=ORIENTED_EDGE('',*,*,#6228,.T.);
#5069=ORIENTED_EDGE('',*,*,#6263,.T.);
#5070=ORIENTED_EDGE('',*,*,#6265,.F.);
#5071=ORIENTED_EDGE('',*,*,#6215,.T.);
#5072=ORIENTED_EDGE('',*,*,#6266,.T.);
#5073=ORIENTED_EDGE('',*,*,#6267,.T.);
#5074=ORIENTED_EDGE('',*,*,#6268,.T.);
#5075=ORIENTED_EDGE('',*,*,#6269,.T.);
#5076=ORIENTED_EDGE('',*,*,#6270,.T.);
#5077=ORIENTED_EDGE('',*,*,#6271,.F.);
#5078=CARTESIAN_POINT('',(0.0,0.0,-6.00394));
#5079=DIRECTION('',(0.0,0.0,-1.0));
#5080=DIRECTION('',(0.0,-1.0,0.0));
#5081=ORIENTED_EDGE('',*,*,#6272,.T.);
#5082=ORIENTED_EDGE('',*,*,#6273,.F.);
#5083=ORIENTED_EDGE('',*,*,#6274,.F.);
#5084=ORIENTED_EDGE('',*,*,#6275,.T.);
#5085=ORIENTED_EDGE('',*,*,#6271,.T.);
#5086=CARTESIAN_POINT('',(0.6375,0.0275,-6.00394));
#5087=DIRECTION('',(0.0,0.0,1.0));
#5088=DIRECTION('',(-1.0,0.0,0.0));
#5089=ORIENTED_EDGE('',*,*,#6275,.F.);
#5090=ORIENTED_EDGE('',*,*,#6276,.F.);
#5091=ORIENTED_EDGE('',*,*,#6277,.F.);
#5092=ORIENTED_EDGE('',*,*,#6278,.F.);
#5093=ORIENTED_EDGE('',*,*,#6279,.F.);
#5094=ORIENTED_EDGE('',*,*,#6280,.T.);
#5095=CARTESIAN_POINT('',(0.0,0.0,-6.00394));
#5096=DIRECTION('',(0.0,0.0,-1.0));
#5097=DIRECTION('',(0.0,-1.0,0.0));
#5098=ORIENTED_EDGE('',*,*,#6262,.F.);
#5099=ORIENTED_EDGE('',*,*,#6281,.F.);
#5100=ORIENTED_EDGE('',*,*,#6282,.F.);
#5101=ORIENTED_EDGE('',*,*,#6283,.F.);
#5102=ORIENTED_EDGE('',*,*,#6284,.F.);
#5103=ORIENTED_EDGE('',*,*,#6285,.F.);
#5104=CARTESIAN_POINT('',(0.0,0.0,-6.00394));
#5105=DIRECTION('',(0.0,0.0,-1.0));
#5106=DIRECTION('',(0.0,-1.0,0.0));
#5107=ORIENTED_EDGE('',*,*,#6244,.F.);
#5108=ORIENTED_EDGE('',*,*,#6264,.F.);
#5109=ORIENTED_EDGE('',*,*,#6280,.F.);
#5110=ORIENTED_EDGE('',*,*,#6286,.T.);
#5111=ORIENTED_EDGE('',*,*,#6287,.F.);
#5112=ORIENTED_EDGE('',*,*,#6288,.F.);
#5113=ORIENTED_EDGE('',*,*,#6192,.T.);
#5114=ORIENTED_EDGE('',*,*,#6289,.F.);
#5115=ORIENTED_EDGE('',*,*,#6205,.T.);
#5116=ORIENTED_EDGE('',*,*,#6246,.F.);
#5117=ORIENTED_EDGE('',*,*,#6290,.T.);
#5118=ORIENTED_EDGE('',*,*,#6291,.T.);
#5119=ORIENTED_EDGE('',*,*,#6202,.T.);
#5120=ORIENTED_EDGE('',*,*,#6292,.F.);
#5121=ORIENTED_EDGE('',*,*,#6268,.F.);
#5122=ORIENTED_EDGE('',*,*,#6293,.T.);
#5123=ORIENTED_EDGE('',*,*,#6252,.T.);
#5124=CARTESIAN_POINT('',(0.76,-0.56,-6.00394));
#5125=DIRECTION('',(-1.0,0.0,0.0));
#5126=DIRECTION('',(0.0,0.0,1.0));
#5127=ORIENTED_EDGE('',*,*,#6293,.F.);
#5128=ORIENTED_EDGE('',*,*,#6267,.F.);
#5129=ORIENTED_EDGE('',*,*,#6294,.T.);
#5130=ORIENTED_EDGE('',*,*,#6253,.T.);
#5131=CARTESIAN_POINT('',(-0.56,0.9,-6.00394));
#5132=DIRECTION('',(-0.0,1.0,0.0));
#5133=DIRECTION('',(1.0,0.0,0.0));
#5134=ORIENTED_EDGE('',*,*,#6184,.T.);
#5135=ORIENTED_EDGE('',*,*,#6295,.T.);
#5136=ORIENTED_EDGE('',*,*,#6203,.T.);
#5137=ORIENTED_EDGE('',*,*,#6291,.F.);
#5138=ORIENTED_EDGE('',*,*,#6296,.T.);
#5139=ORIENTED_EDGE('',*,*,#6297,.F.);
#5140=ORIENTED_EDGE('',*,*,#6298,.F.);
#5141=ORIENTED_EDGE('',*,*,#6299,.T.);
#5142=ORIENTED_EDGE('',*,*,#6300,.T.);
#5143=ORIENTED_EDGE('',*,*,#6301,.T.);
#5144=CARTESIAN_POINT('',(-0.56,0.9,-6.00394));
#5145=DIRECTION('',(-0.0,1.0,0.0));
#5146=DIRECTION('',(1.0,0.0,0.0));
#5147=ORIENTED_EDGE('',*,*,#6294,.F.);
#5148=ORIENTED_EDGE('',*,*,#6266,.F.);
#5149=ORIENTED_EDGE('',*,*,#6214,.T.);
#5150=ORIENTED_EDGE('',*,*,#6256,.T.);
#5151=ORIENTED_EDGE('',*,*,#6254,.T.);
#5152=CARTESIAN_POINT('',(-0.56,0.56,-6.00394));
#5153=DIRECTION('',(0.0,0.0,1.0));
#5154=DIRECTION('',(-1.0,0.0,0.0));
#5155=ORIENTED_EDGE('',*,*,#6302,.F.);
#5156=ORIENTED_EDGE('',*,*,#6303,.T.);
#5157=ORIENTED_EDGE('',*,*,#6223,.F.);
#5158=ORIENTED_EDGE('',*,*,#6219,.T.);
#5159=ORIENTED_EDGE('',*,*,#6185,.T.);
#5160=ORIENTED_EDGE('',*,*,#6301,.F.);
#5161=CARTESIAN_POINT('',(-0.56,0.56,-6.00394));
#5162=DIRECTION('',(0.0,0.0,1.0));
#5163=DIRECTION('',(-1.0,0.0,0.0));
#5164=ORIENTED_EDGE('',*,*,#6241,.T.);
#5165=ORIENTED_EDGE('',*,*,#6237,.F.);
#5166=ORIENTED_EDGE('',*,*,#6234,.F.);
#5167=ORIENTED_EDGE('',*,*,#6224,.F.);
#5168=ORIENTED_EDGE('',*,*,#6303,.F.);
#5169=ORIENTED_EDGE('',*,*,#6304,.F.);
#5170=CARTESIAN_POINT('',(-0.9,0.9,-2.127896860175));
#5171=DIRECTION('',(1.0,-0.0,0.0));
#5172=DIRECTION('',(0.0,0.0,1.0));
#5173=ORIENTED_EDGE('',*,*,#6296,.F.);
#5174=ORIENTED_EDGE('',*,*,#6290,.F.);
#5175=ORIENTED_EDGE('',*,*,#6251,.T.);
#5176=ORIENTED_EDGE('',*,*,#6305,.T.);
#5177=CARTESIAN_POINT('',(-0.9,0.9,-2.127896860175));
#5178=DIRECTION('',(1.0,-0.0,0.0));
#5179=DIRECTION('',(0.0,0.0,1.0));
#5180=ORIENTED_EDGE('',*,*,#6306,.F.);
#5181=ORIENTED_EDGE('',*,*,#6299,.F.);
#5182=ORIENTED_EDGE('',*,*,#6307,.F.);
#5183=ORIENTED_EDGE('',*,*,#6308,.F.);
#5184=ORIENTED_EDGE('',*,*,#6309,.F.);
#5185=ORIENTED_EDGE('',*,*,#6310,.F.);
#5186=ORIENTED_EDGE('',*,*,#6311,.F.);
#5187=ORIENTED_EDGE('',*,*,#6248,.F.);
#5188=ORIENTED_EDGE('',*,*,#6304,.T.);
#5189=CARTESIAN_POINT('',(-0.6,0.0,0.0));
#5190=DIRECTION('',(1.0,0.0,0.0));
#5191=DIRECTION('',(0.0,1.0,0.0));
#5192=ORIENTED_EDGE('',*,*,#6312,.T.);
#5193=ORIENTED_EDGE('',*,*,#6313,.F.);
#5194=ORIENTED_EDGE('',*,*,#6249,.F.);
#5195=ORIENTED_EDGE('',*,*,#6311,.T.);
#5196=CARTESIAN_POINT('',(-0.6,0.95,-1.98394));
#5197=DIRECTION('',(-1.0,-0.0,0.0));
#5198=DIRECTION('',(0.0,-1.0,0.0));
#5199=ORIENTED_EDGE('',*,*,#6250,.T.);
#5200=ORIENTED_EDGE('',*,*,#6313,.T.);
#5201=ORIENTED_EDGE('',*,*,#6314,.T.);
#5202=ORIENTED_EDGE('',*,*,#6315,.T.);
#5203=ORIENTED_EDGE('',*,*,#6316,.T.);
#5204=ORIENTED_EDGE('',*,*,#6317,.T.);
#5205=ORIENTED_EDGE('',*,*,#6297,.T.);
#5206=ORIENTED_EDGE('',*,*,#6305,.F.);
#5207=CARTESIAN_POINT('',(0.6,0.0,0.0));
#5208=DIRECTION('',(1.0,0.0,0.0));
#5209=DIRECTION('',(0.0,1.0,0.0));
#5210=ORIENTED_EDGE('',*,*,#6298,.T.);
#5211=ORIENTED_EDGE('',*,*,#6317,.F.);
#5212=ORIENTED_EDGE('',*,*,#6318,.F.);
#5213=ORIENTED_EDGE('',*,*,#6307,.T.);
#5214=CARTESIAN_POINT('',(-0.6,0.95,-1.98394));
#5215=DIRECTION('',(-1.0,-0.0,0.0));
#5216=DIRECTION('',(0.0,-1.0,0.0));
#5217=ORIENTED_EDGE('',*,*,#6318,.T.);
#5218=ORIENTED_EDGE('',*,*,#6316,.F.);
#5219=ORIENTED_EDGE('',*,*,#6319,.F.);
#5220=ORIENTED_EDGE('',*,*,#6308,.T.);
#5221=CARTESIAN_POINT('',(-0.6,1.6,-4.364332139586));
#5222=DIRECTION('',(0.0,0.959145490055387,0.282913288670596));
#5223=DIRECTION('',(1.0,0.0,-0.0));
#5224=ORIENTED_EDGE('',*,*,#6319,.T.);
#5225=ORIENTED_EDGE('',*,*,#6315,.F.);
#5226=ORIENTED_EDGE('',*,*,#6320,.F.);
#5227=ORIENTED_EDGE('',*,*,#6309,.T.);
#5228=CARTESIAN_POINT('',(-0.6,1.465719631392,-4.40394));
#5229=DIRECTION('',(0.0,0.282913288670596,-0.959145490055387));
#5230=DIRECTION('',(-1.0,0.0,0.0));
#5231=ORIENTED_EDGE('',*,*,#6320,.T.);
#5232=ORIENTED_EDGE('',*,*,#6314,.F.);
#5233=ORIENTED_EDGE('',*,*,#6312,.F.);
#5234=ORIENTED_EDGE('',*,*,#6310,.T.);
#5235=CARTESIAN_POINT('',(-0.6,0.7677623568895,-2.037693524847));
#5236=DIRECTION('',(0.0,-0.959145490055387,-0.282913288670596));
#5237=DIRECTION('',(0.0,0.282913288670596,-0.959145490055387));
#5238=ORIENTED_EDGE('',*,*,#6300,.F.);
#5239=ORIENTED_EDGE('',*,*,#6306,.T.);
#5240=ORIENTED_EDGE('',*,*,#6302,.T.);
#5241=CARTESIAN_POINT('',(-0.6,0.9,-2.127896860175));
#5242=DIRECTION('',(-1.0,-0.0,0.0));
#5243=DIRECTION('',(0.0,-1.0,0.0));
#5244=ORIENTED_EDGE('',*,*,#6321,.T.);
#5245=ORIENTED_EDGE('',*,*,#6322,.F.);
#5246=ORIENTED_EDGE('',*,*,#6173,.F.);
#5247=ORIENTED_EDGE('',*,*,#6295,.F.);
#5248=CARTESIAN_POINT('',(1.827833296731E-14,0.746,-0.40394));
#5249=DIRECTION('',(-1.0,0.0,0.0));
#5250=DIRECTION('',(0.0,1.0,0.0));
#5251=ORIENTED_EDGE('',*,*,#6323,.T.);
#5252=ORIENTED_EDGE('',*,*,#6324,.F.);
#5253=ORIENTED_EDGE('',*,*,#6169,.F.);
#5254=ORIENTED_EDGE('',*,*,#6322,.T.);
#5255=CARTESIAN_POINT('',(1.828607971691E-14,0.6827429890312,-0.1860193000578));
#5256=DIRECTION('',(0.0,0.516142714691107,0.856502596651811));
#5257=DIRECTION('',(1.0,-0.0,0.0));
#5258=ORIENTED_EDGE('',*,*,#6325,.T.);
#5259=ORIENTED_EDGE('',*,*,#6326,.F.);
#5260=ORIENTED_EDGE('',*,*,#6327,.F.);
#5261=ORIENTED_EDGE('',*,*,#6324,.T.);
#5262=CARTESIAN_POINT('',(1.831743847918E-14,0.54,-0.05));
#5263=DIRECTION('',(0.0,-1.0,0.0));
#5264=DIRECTION('',(0.0,0.0,-1.0));
#5265=ORIENTED_EDGE('',*,*,#6327,.T.);
#5266=ORIENTED_EDGE('',*,*,#6328,.F.);
#5267=ORIENTED_EDGE('',*,*,#6329,.F.);
#5268=ORIENTED_EDGE('',*,*,#6170,.T.);
#5269=ORIENTED_EDGE('',*,*,#6329,.T.);
#5270=ORIENTED_EDGE('',*,*,#6330,.F.);
#5271=ORIENTED_EDGE('',*,*,#6331,.F.);
#5272=ORIENTED_EDGE('',*,*,#6332,.T.);
#5273=CARTESIAN_POINT('',(1.832070574656E-14,0.4,-0.08863325952515));
#5274=DIRECTION('',(0.0,-1.0,0.0));
#5275=DIRECTION('',(0.0,0.0,-1.0));
#5276=ORIENTED_EDGE('',*,*,#6171,.T.);
#5277=ORIENTED_EDGE('',*,*,#6332,.F.);
#5278=ORIENTED_EDGE('',*,*,#6333,.F.);
#5279=ORIENTED_EDGE('',*,*,#6334,.T.);
#5280=CARTESIAN_POINT('',(1.828968878429E-14,0.5777255593105,-0.2861894794238));
#5281=DIRECTION('',(0.0,0.516142714691107,0.856502596651811));
#5282=DIRECTION('',(1.0,-0.0,0.0));
#5283=ORIENTED_EDGE('',*,*,#6174,.T.);
#5284=ORIENTED_EDGE('',*,*,#6334,.F.);
#5285=ORIENTED_EDGE('',*,*,#6335,.F.);
#5286=ORIENTED_EDGE('',*,*,#6247,.T.);
#5287=CARTESIAN_POINT('',(1.827833296731E-14,0.746,-0.40394));
#5288=DIRECTION('',(-1.0,0.0,0.0));
#5289=DIRECTION('',(0.0,1.0,0.0));
#5290=ORIENTED_EDGE('',*,*,#6335,.T.);
#5291=ORIENTED_EDGE('',*,*,#6336,.F.);
#5292=ORIENTED_EDGE('',*,*,#6321,.F.);
#5293=ORIENTED_EDGE('',*,*,#6191,.T.);
#5294=ORIENTED_EDGE('',*,*,#6333,.T.);
#5295=ORIENTED_EDGE('',*,*,#6337,.F.);
#5296=ORIENTED_EDGE('',*,*,#6323,.F.);
#5297=ORIENTED_EDGE('',*,*,#6336,.T.);
#5298=ORIENTED_EDGE('',*,*,#6331,.T.);
#5299=ORIENTED_EDGE('',*,*,#6338,.F.);
#5300=ORIENTED_EDGE('',*,*,#6325,.F.);
#5301=ORIENTED_EDGE('',*,*,#6337,.T.);
#5302=ORIENTED_EDGE('',*,*,#6328,.T.);
#5303=ORIENTED_EDGE('',*,*,#6326,.T.);
#5304=ORIENTED_EDGE('',*,*,#6338,.T.);
#5305=ORIENTED_EDGE('',*,*,#6330,.T.);
#5306=CARTESIAN_POINT('',(1.830356069138E-14,0.54,0.0));
#5307=DIRECTION('',(0.0,0.0,1.0));
#5308=DIRECTION('',(1.0,0.0,0.0));
#5309=ORIENTED_EDGE('',*,*,#6292,.T.);
#5310=ORIENTED_EDGE('',*,*,#6201,.T.);
#5311=ORIENTED_EDGE('',*,*,#6339,.F.);
#5312=ORIENTED_EDGE('',*,*,#6269,.F.);
#5313=CARTESIAN_POINT('',(0.76,1.4,-6.00394));
#5314=DIRECTION('',(-0.0,1.0,0.0));
#5315=DIRECTION('',(1.0,0.0,0.0));
#5316=ORIENTED_EDGE('',*,*,#6198,.T.);
#5317=ORIENTED_EDGE('',*,*,#6340,.T.);
#5318=ORIENTED_EDGE('',*,*,#6341,.F.);
#5319=ORIENTED_EDGE('',*,*,#6272,.F.);
#5320=ORIENTED_EDGE('',*,*,#6270,.F.);
#5321=ORIENTED_EDGE('',*,*,#6339,.T.);
#5322=ORIENTED_EDGE('',*,*,#6200,.T.);
#5323=ORIENTED_EDGE('',*,*,#6342,.T.);
#5324=CARTESIAN_POINT('',(0.9,1.4,-6.00394));
#5325=DIRECTION('',(1.0,0.0,0.0));
#5326=DIRECTION('',(0.0,1.0,0.0));
#5327=ORIENTED_EDGE('',*,*,#6343,.T.);
#5328=ORIENTED_EDGE('',*,*,#6344,.F.);
#5329=ORIENTED_EDGE('',*,*,#6345,.F.);
#5330=ORIENTED_EDGE('',*,*,#6342,.F.);
#5331=CARTESIAN_POINT('',(0.746,0.0,-0.40394));
#5332=DIRECTION('',(0.0,1.0,-0.0));
#5333=DIRECTION('',(1.0,0.0,0.0));
#5334=ORIENTED_EDGE('',*,*,#6345,.T.);
#5335=ORIENTED_EDGE('',*,*,#6346,.F.);
#5336=ORIENTED_EDGE('',*,*,#6347,.F.);
#5337=ORIENTED_EDGE('',*,*,#6199,.T.);
#5338=ORIENTED_EDGE('',*,*,#6347,.T.);
#5339=ORIENTED_EDGE('',*,*,#6348,.F.);
#5340=ORIENTED_EDGE('',*,*,#6349,.F.);
#5341=ORIENTED_EDGE('',*,*,#6289,.T.);
#5342=CARTESIAN_POINT('',(0.746,0.0,-0.40394));
#5343=DIRECTION('',(0.0,1.0,-0.0));
#5344=DIRECTION('',(1.0,0.0,0.0));
#5345=ORIENTED_EDGE('',*,*,#6349,.T.);
#5346=ORIENTED_EDGE('',*,*,#6350,.F.);
#5347=ORIENTED_EDGE('',*,*,#6343,.F.);
#5348=ORIENTED_EDGE('',*,*,#6206,.T.);
#5349=ORIENTED_EDGE('',*,*,#6351,.T.);
#5350=ORIENTED_EDGE('',*,*,#6352,.F.);
#5351=ORIENTED_EDGE('',*,*,#6353,.F.);
#5352=ORIENTED_EDGE('',*,*,#6350,.T.);
#5353=ORIENTED_EDGE('',*,*,#6353,.T.);
#5354=ORIENTED_EDGE('',*,*,#6354,.F.);
#5355=ORIENTED_EDGE('',*,*,#6355,.F.);
#5356=ORIENTED_EDGE('',*,*,#6344,.T.);
#5357=CARTESIAN_POINT('',(0.6827429890312,0.0,-0.1860193000578));
#5358=DIRECTION('',(0.516142714691107,0.0,0.856502596651811));
#5359=DIRECTION('',(0.0,-1.0,0.0));
#5360=ORIENTED_EDGE('',*,*,#6355,.T.);
#5361=ORIENTED_EDGE('',*,*,#6356,.F.);
#5362=ORIENTED_EDGE('',*,*,#6357,.F.);
#5363=ORIENTED_EDGE('',*,*,#6346,.T.);
#5364=ORIENTED_EDGE('',*,*,#6357,.T.);
#5365=ORIENTED_EDGE('',*,*,#6358,.F.);
#5366=ORIENTED_EDGE('',*,*,#6351,.F.);
#5367=ORIENTED_EDGE('',*,*,#6348,.T.);
#5368=CARTESIAN_POINT('',(0.5777255593105,0.0,-0.2861894794238));
#5369=DIRECTION('',(0.516142714691107,0.0,0.856502596651811));
#5370=DIRECTION('',(0.0,-1.0,0.0));
#5371=ORIENTED_EDGE('',*,*,#6359,.T.);
#5372=ORIENTED_EDGE('',*,*,#6360,.F.);
#5373=ORIENTED_EDGE('',*,*,#6361,.F.);
#5374=ORIENTED_EDGE('',*,*,#6358,.T.);
#5375=CARTESIAN_POINT('',(0.4,0.0,-0.08863325952515));
#5376=DIRECTION('',(-1.0,0.0,0.0));
#5377=DIRECTION('',(0.0,0.0,1.0));
#5378=ORIENTED_EDGE('',*,*,#6361,.T.);
#5379=ORIENTED_EDGE('',*,*,#6362,.F.);
#5380=ORIENTED_EDGE('',*,*,#6363,.F.);
#5381=ORIENTED_EDGE('',*,*,#6352,.T.);
#5382=ORIENTED_EDGE('',*,*,#6363,.T.);
#5383=ORIENTED_EDGE('',*,*,#6364,.F.);
#5384=ORIENTED_EDGE('',*,*,#6365,.F.);
#5385=ORIENTED_EDGE('',*,*,#6354,.T.);
#5386=CARTESIAN_POINT('',(0.54,0.0,-0.05));
#5387=DIRECTION('',(-1.0,0.0,0.0));
#5388=DIRECTION('',(0.0,0.0,1.0));
#5389=ORIENTED_EDGE('',*,*,#6365,.T.);
#5390=ORIENTED_EDGE('',*,*,#6366,.F.);
#5391=ORIENTED_EDGE('',*,*,#6359,.F.);
#5392=ORIENTED_EDGE('',*,*,#6356,.T.);
#5393=ORIENTED_EDGE('',*,*,#6366,.T.);
#5394=ORIENTED_EDGE('',*,*,#6364,.T.);
#5395=ORIENTED_EDGE('',*,*,#6362,.T.);
#5396=ORIENTED_EDGE('',*,*,#6360,.T.);
#5397=CARTESIAN_POINT('',(0.54,0.0,0.0));
#5398=DIRECTION('',(0.0,0.0,1.0));
#5399=DIRECTION('',(1.0,0.0,0.0));
#5400=ORIENTED_EDGE('',*,*,#6367,.T.);
#5401=ORIENTED_EDGE('',*,*,#6368,.T.);
#5402=ORIENTED_EDGE('',*,*,#6369,.T.);
#5403=ORIENTED_EDGE('',*,*,#6287,.T.);
#5404=ORIENTED_EDGE('',*,*,#6370,.T.);
#5405=ORIENTED_EDGE('',*,*,#6371,.T.);
#5406=ORIENTED_EDGE('',*,*,#6372,.T.);
#5407=ORIENTED_EDGE('',*,*,#6373,.T.);
#5408=ORIENTED_EDGE('',*,*,#6273,.T.);
#5409=ORIENTED_EDGE('',*,*,#6341,.T.);
#5410=ORIENTED_EDGE('',*,*,#6374,.T.);
#5411=ORIENTED_EDGE('',*,*,#6375,.T.);
#5412=ORIENTED_EDGE('',*,*,#6376,.T.);
#5413=ORIENTED_EDGE('',*,*,#6217,.T.);
#5414=ORIENTED_EDGE('',*,*,#6377,.T.);
#5415=ORIENTED_EDGE('',*,*,#6378,.T.);
#5416=ORIENTED_EDGE('',*,*,#6379,.T.);
#5417=ORIENTED_EDGE('',*,*,#6380,.T.);
#5418=ORIENTED_EDGE('',*,*,#6381,.T.);
#5419=ORIENTED_EDGE('',*,*,#6260,.T.);
#5420=CARTESIAN_POINT('',(0.0,0.0,-6.60394));
#5421=DIRECTION('',(0.0,0.0,-1.0));
#5422=DIRECTION('',(0.0,-1.0,0.0));
#5423=ORIENTED_EDGE('',*,*,#6261,.T.);
#5424=ORIENTED_EDGE('',*,*,#6381,.F.);
#5425=ORIENTED_EDGE('',*,*,#6382,.F.);
#5426=ORIENTED_EDGE('',*,*,#6281,.T.);
#5427=CARTESIAN_POINT('',(-0.6375,0.0275,-6.00394));
#5428=DIRECTION('',(0.0,0.0,1.0));
#5429=DIRECTION('',(-1.0,0.0,0.0));
#5430=ORIENTED_EDGE('',*,*,#6382,.T.);
#5431=ORIENTED_EDGE('',*,*,#6380,.F.);
#5432=ORIENTED_EDGE('',*,*,#6383,.F.);
#5433=ORIENTED_EDGE('',*,*,#6282,.T.);
#5434=CARTESIAN_POINT('',(-0.515,-0.11,-6.00394));
#5435=DIRECTION('',(-1.0,0.0,0.0));
#5436=DIRECTION('',(0.0,0.0,1.0));
#5437=ORIENTED_EDGE('',*,*,#6383,.T.);
#5438=ORIENTED_EDGE('',*,*,#6379,.F.);
#5439=ORIENTED_EDGE('',*,*,#6384,.F.);
#5440=ORIENTED_EDGE('',*,*,#6283,.T.);
#5441=CARTESIAN_POINT('',(-0.375,-0.11,-6.00394));
#5442=DIRECTION('',(0.0,-1.0,0.0));
#5443=DIRECTION('',(0.0,0.0,-1.0));
#5444=ORIENTED_EDGE('',*,*,#6384,.T.);
#5445=ORIENTED_EDGE('',*,*,#6378,.F.);
#5446=ORIENTED_EDGE('',*,*,#6385,.F.);
#5447=ORIENTED_EDGE('',*,*,#6284,.T.);
#5448=CARTESIAN_POINT('',(-0.375,0.0275,-6.00394));
#5449=DIRECTION('',(1.0,0.0,0.0));
#5450=DIRECTION('',(0.0,1.0,0.0));
#5451=ORIENTED_EDGE('',*,*,#6285,.T.);
#5452=ORIENTED_EDGE('',*,*,#6385,.T.);
#5453=ORIENTED_EDGE('',*,*,#6377,.F.);
#5454=ORIENTED_EDGE('',*,*,#6216,.F.);
#5455=ORIENTED_EDGE('',*,*,#6265,.T.);
#5456=CARTESIAN_POINT('',(-0.6375,0.0275,-6.00394));
#5457=DIRECTION('',(0.0,0.0,1.0));
#5458=DIRECTION('',(-1.0,0.0,0.0));
#5459=ORIENTED_EDGE('',*,*,#6177,.T.);
#5460=ORIENTED_EDGE('',*,*,#6218,.T.);
#5461=ORIENTED_EDGE('',*,*,#6376,.F.);
#5462=ORIENTED_EDGE('',*,*,#6386,.F.);
#5463=CARTESIAN_POINT('',(-0.56,-0.56,-6.00394));
#5464=DIRECTION('',(0.0,0.0,1.0));
#5465=DIRECTION('',(-1.0,0.0,0.0));
#5466=ORIENTED_EDGE('',*,*,#6178,.T.);
#5467=ORIENTED_EDGE('',*,*,#6386,.T.);
#5468=ORIENTED_EDGE('',*,*,#6375,.F.);
#5469=ORIENTED_EDGE('',*,*,#6387,.F.);
#5470=ORIENTED_EDGE('',*,*,#6196,.T.);
#5471=ORIENTED_EDGE('',*,*,#6388,.T.);
#5472=CARTESIAN_POINT('',(0.56,-0.9,-6.00394));
#5473=DIRECTION('',(0.0,-1.0,0.0));
#5474=DIRECTION('',(0.0,0.0,-1.0));
#5475=ORIENTED_EDGE('',*,*,#6389,.T.);
#5476=ORIENTED_EDGE('',*,*,#6390,.F.);
#5477=ORIENTED_EDGE('',*,*,#6391,.F.);
#5478=ORIENTED_EDGE('',*,*,#6388,.F.);
#5479=CARTESIAN_POINT('',(0.0,-0.746,-0.40394));
#5480=DIRECTION('',(1.0,0.0,0.0));
#5481=DIRECTION('',(0.0,-1.0,0.0));
#5482=ORIENTED_EDGE('',*,*,#6391,.T.);
#5483=ORIENTED_EDGE('',*,*,#6392,.F.);
#5484=ORIENTED_EDGE('',*,*,#6393,.F.);
#5485=ORIENTED_EDGE('',*,*,#6179,.T.);
#5486=ORIENTED_EDGE('',*,*,#6393,.T.);
#5487=ORIENTED_EDGE('',*,*,#6394,.F.);
#5488=ORIENTED_EDGE('',*,*,#6395,.F.);
#5489=ORIENTED_EDGE('',*,*,#6396,.T.);
#5490=CARTESIAN_POINT('',(0.0,-0.746,-0.40394));
#5491=DIRECTION('',(1.0,0.0,0.0));
#5492=DIRECTION('',(0.0,-1.0,0.0));
#5493=ORIENTED_EDGE('',*,*,#6194,.T.);
#5494=ORIENTED_EDGE('',*,*,#6397,.T.);
#5495=ORIENTED_EDGE('',*,*,#6368,.F.);
#5496=ORIENTED_EDGE('',*,*,#6398,.F.);
#5497=ORIENTED_EDGE('',*,*,#6180,.T.);
#5498=ORIENTED_EDGE('',*,*,#6396,.F.);
#5499=CARTESIAN_POINT('',(-0.56,-0.76,-6.00394));
#5500=DIRECTION('',(-0.0,1.0,0.0));
#5501=DIRECTION('',(1.0,0.0,0.0));
#5502=ORIENTED_EDGE('',*,*,#6181,.T.);
#5503=ORIENTED_EDGE('',*,*,#6398,.T.);
#5504=ORIENTED_EDGE('',*,*,#6367,.F.);
#5505=ORIENTED_EDGE('',*,*,#6259,.F.);
#5506=CARTESIAN_POINT('',(-0.56,-0.56,-6.00394));
#5507=DIRECTION('',(0.0,0.0,1.0));
#5508=DIRECTION('',(-1.0,0.0,0.0));
#5509=ORIENTED_EDGE('',*,*,#6193,.T.);
#5510=ORIENTED_EDGE('',*,*,#6288,.T.);
#5511=ORIENTED_EDGE('',*,*,#6369,.F.);
#5512=ORIENTED_EDGE('',*,*,#6397,.F.);
#5513=CARTESIAN_POINT('',(0.56,-0.56,-6.00394));
#5514=DIRECTION('',(0.0,0.0,1.0));
#5515=DIRECTION('',(-1.0,0.0,0.0));
#5516=ORIENTED_EDGE('',*,*,#6395,.T.);
#5517=ORIENTED_EDGE('',*,*,#6399,.F.);
#5518=ORIENTED_EDGE('',*,*,#6389,.F.);
#5519=ORIENTED_EDGE('',*,*,#6195,.T.);
#5520=ORIENTED_EDGE('',*,*,#6400,.T.);
#5521=ORIENTED_EDGE('',*,*,#6401,.F.);
#5522=ORIENTED_EDGE('',*,*,#6402,.F.);
#5523=ORIENTED_EDGE('',*,*,#6399,.T.);
#5524=ORIENTED_EDGE('',*,*,#6402,.T.);
#5525=ORIENTED_EDGE('',*,*,#6403,.F.);
#5526=ORIENTED_EDGE('',*,*,#6404,.F.);
#5527=ORIENTED_EDGE('',*,*,#6390,.T.);
#5528=CARTESIAN_POINT('',(0.0,-0.6827429890312,-0.1860193000578));
#5529=DIRECTION('',(0.0,-0.516142714691107,0.856502596651811));
#5530=DIRECTION('',(-1.0,0.0,0.0));
#5531=ORIENTED_EDGE('',*,*,#6404,.T.);
#5532=ORIENTED_EDGE('',*,*,#6405,.F.);
#5533=ORIENTED_EDGE('',*,*,#6406,.F.);
#5534=ORIENTED_EDGE('',*,*,#6392,.T.);
#5535=ORIENTED_EDGE('',*,*,#6406,.T.);
#5536=ORIENTED_EDGE('',*,*,#6407,.F.);
#5537=ORIENTED_EDGE('',*,*,#6400,.F.);
#5538=ORIENTED_EDGE('',*,*,#6394,.T.);
#5539=CARTESIAN_POINT('',(0.0,-0.5777255593105,-0.2861894794238));
#5540=DIRECTION('',(0.0,-0.516142714691107,0.856502596651811));
#5541=DIRECTION('',(-1.0,0.0,0.0));
#5542=ORIENTED_EDGE('',*,*,#6408,.T.);
#5543=ORIENTED_EDGE('',*,*,#6409,.F.);
#5544=ORIENTED_EDGE('',*,*,#6410,.F.);
#5545=ORIENTED_EDGE('',*,*,#6407,.T.);
#5546=CARTESIAN_POINT('',(0.0,-0.4,-0.08863325952515));
#5547=DIRECTION('',(-0.0,1.0,0.0));
#5548=DIRECTION('',(1.0,0.0,0.0));
#5549=ORIENTED_EDGE('',*,*,#6410,.T.);
#5550=ORIENTED_EDGE('',*,*,#6411,.F.);
#5551=ORIENTED_EDGE('',*,*,#6412,.F.);
#5552=ORIENTED_EDGE('',*,*,#6401,.T.);
#5553=ORIENTED_EDGE('',*,*,#6412,.T.);
#5554=ORIENTED_EDGE('',*,*,#6413,.F.);
#5555=ORIENTED_EDGE('',*,*,#6414,.F.);
#5556=ORIENTED_EDGE('',*,*,#6403,.T.);
#5557=CARTESIAN_POINT('',(0.0,-0.54,-0.05));
#5558=DIRECTION('',(-0.0,1.0,0.0));
#5559=DIRECTION('',(1.0,0.0,0.0));
#5560=ORIENTED_EDGE('',*,*,#6414,.T.);
#5561=ORIENTED_EDGE('',*,*,#6415,.F.);
#5562=ORIENTED_EDGE('',*,*,#6408,.F.);
#5563=ORIENTED_EDGE('',*,*,#6405,.T.);
#5564=ORIENTED_EDGE('',*,*,#6415,.T.);
#5565=ORIENTED_EDGE('',*,*,#6413,.T.);
#5566=ORIENTED_EDGE('',*,*,#6411,.T.);
#5567=ORIENTED_EDGE('',*,*,#6409,.T.);
#5568=CARTESIAN_POINT('',(0.0,-0.54,0.0));
#5569=DIRECTION('',(0.0,0.0,1.0));
#5570=DIRECTION('',(1.0,0.0,0.0));
#5571=ORIENTED_EDGE('',*,*,#6197,.T.);
#5572=ORIENTED_EDGE('',*,*,#6387,.T.);
#5573=ORIENTED_EDGE('',*,*,#6374,.F.);
#5574=ORIENTED_EDGE('',*,*,#6340,.F.);
#5575=CARTESIAN_POINT('',(0.56,-0.56,-6.00394));
#5576=DIRECTION('',(0.0,0.0,1.0));
#5577=DIRECTION('',(-1.0,0.0,0.0));
#5578=ORIENTED_EDGE('',*,*,#6274,.T.);
#5579=ORIENTED_EDGE('',*,*,#6373,.F.);
#5580=ORIENTED_EDGE('',*,*,#6416,.F.);
#5581=ORIENTED_EDGE('',*,*,#6276,.T.);
#5582=CARTESIAN_POINT('',(0.375,-0.11,-6.00394));
#5583=DIRECTION('',(-1.0,0.0,0.0));
#5584=DIRECTION('',(0.0,0.0,1.0));
#5585=ORIENTED_EDGE('',*,*,#6416,.T.);
#5586=ORIENTED_EDGE('',*,*,#6372,.F.);
#5587=ORIENTED_EDGE('',*,*,#6417,.F.);
#5588=ORIENTED_EDGE('',*,*,#6277,.T.);
#5589=CARTESIAN_POINT('',(0.515,-0.11,-6.00394));
#5590=DIRECTION('',(0.0,-1.0,0.0));
#5591=DIRECTION('',(0.0,0.0,-1.0));
#5592=ORIENTED_EDGE('',*,*,#6417,.T.);
#5593=ORIENTED_EDGE('',*,*,#6371,.F.);
#5594=ORIENTED_EDGE('',*,*,#6418,.F.);
#5595=ORIENTED_EDGE('',*,*,#6278,.T.);
#5596=CARTESIAN_POINT('',(0.515,0.0275,-6.00394));
#5597=DIRECTION('',(1.0,0.0,0.0));
#5598=DIRECTION('',(0.0,1.0,0.0));
#5599=ORIENTED_EDGE('',*,*,#6418,.T.);
#5600=ORIENTED_EDGE('',*,*,#6370,.F.);
#5601=ORIENTED_EDGE('',*,*,#6286,.F.);
#5602=ORIENTED_EDGE('',*,*,#6279,.T.);
#5603=CARTESIAN_POINT('',(0.6375,0.0275,-6.00394));
#5604=DIRECTION('',(0.0,0.0,1.0));
#5605=DIRECTION('',(-1.0,0.0,0.0));
#5606=ORIENTED_EDGE('',*,*,#6258,.T.);
#5607=ORIENTED_EDGE('',*,*,#6419,.T.);
#5608=ORIENTED_EDGE('',*,*,#6420,.F.);
#5609=ORIENTED_EDGE('',*,*,#6207,.F.);
#5610=CARTESIAN_POINT('',(-0.746,1.526240660263E-14,-0.40394));
#5611=DIRECTION('',(-0.0,-1.0,0.0));
#5612=DIRECTION('',(-1.0,0.0,0.0));
#5613=ORIENTED_EDGE('',*,*,#6421,.T.);
#5614=ORIENTED_EDGE('',*,*,#6422,.F.);
#5615=ORIENTED_EDGE('',*,*,#6423,.F.);
#5616=ORIENTED_EDGE('',*,*,#6420,.T.);
#5617=CARTESIAN_POINT('',(-0.5777255593105,1.526345858185E-14,-0.2861894794238));
#5618=DIRECTION('',(-0.516142714691107,0.0,0.856502596651811));
#5619=DIRECTION('',(0.0,1.0,0.0));
#5620=ORIENTED_EDGE('',*,*,#6423,.T.);
#5621=ORIENTED_EDGE('',*,*,#6424,.F.);
#5622=ORIENTED_EDGE('',*,*,#6425,.F.);
#5623=ORIENTED_EDGE('',*,*,#6208,.T.);
#5624=ORIENTED_EDGE('',*,*,#6425,.T.);
#5625=ORIENTED_EDGE('',*,*,#6426,.F.);
#5626=ORIENTED_EDGE('',*,*,#6427,.F.);
#5627=ORIENTED_EDGE('',*,*,#6210,.T.);
#5628=CARTESIAN_POINT('',(-0.6827429890312,1.526627997743E-14,-0.1860193000578));
#5629=DIRECTION('',(-0.516142714691107,0.0,0.856502596651811));
#5630=DIRECTION('',(0.0,1.0,0.0));
#5631=ORIENTED_EDGE('',*,*,#6427,.T.);
#5632=ORIENTED_EDGE('',*,*,#6428,.F.);
#5633=ORIENTED_EDGE('',*,*,#6421,.F.);
#5634=ORIENTED_EDGE('',*,*,#6429,.T.);
#5635=ORIENTED_EDGE('',*,*,#6211,.T.);
#5636=ORIENTED_EDGE('',*,*,#6429,.F.);
#5637=ORIENTED_EDGE('',*,*,#6419,.F.);
#5638=ORIENTED_EDGE('',*,*,#6187,.T.);
#5639=ORIENTED_EDGE('',*,*,#6430,.T.);
#5640=ORIENTED_EDGE('',*,*,#6431,.F.);
#5641=ORIENTED_EDGE('',*,*,#6432,.F.);
#5642=ORIENTED_EDGE('',*,*,#6428,.T.);
#5643=ORIENTED_EDGE('',*,*,#6432,.T.);
#5644=ORIENTED_EDGE('',*,*,#6433,.F.);
#5645=ORIENTED_EDGE('',*,*,#6434,.F.);
#5646=ORIENTED_EDGE('',*,*,#6422,.T.);
#5647=CARTESIAN_POINT('',(-0.4,1.528359299225E-14,-0.08863325952515));
#5648=DIRECTION('',(1.0,0.0,0.0));
#5649=DIRECTION('',(0.0,1.0,0.0));
#5650=ORIENTED_EDGE('',*,*,#6434,.T.);
#5651=ORIENTED_EDGE('',*,*,#6435,.F.);
#5652=ORIENTED_EDGE('',*,*,#6436,.F.);
#5653=ORIENTED_EDGE('',*,*,#6424,.T.);
#5654=ORIENTED_EDGE('',*,*,#6436,.T.);
#5655=ORIENTED_EDGE('',*,*,#6437,.F.);
#5656=ORIENTED_EDGE('',*,*,#6430,.F.);
#5657=ORIENTED_EDGE('',*,*,#6426,.T.);
#5658=CARTESIAN_POINT('',(-0.54,1.528889825247E-14,-0.05));
#5659=DIRECTION('',(1.0,0.0,0.0));
#5660=DIRECTION('',(0.0,1.0,0.0));
#5661=ORIENTED_EDGE('',*,*,#6431,.T.);
#5662=ORIENTED_EDGE('',*,*,#6437,.T.);
#5663=ORIENTED_EDGE('',*,*,#6435,.T.);
#5664=ORIENTED_EDGE('',*,*,#6433,.T.);
#5665=CARTESIAN_POINT('',(-0.54,1.527502046466E-14,0.0));
#5666=DIRECTION('',(0.0,0.0,1.0));
#5667=DIRECTION('',(1.0,0.0,0.0));
#5668=EDGE_CURVE('',#6438,#6439,#6440,.T.);
#5669=EDGE_CURVE('',#6439,#6441,#6442,.T.);
#5670=EDGE_CURVE('',#6443,#6441,#6444,.T.);
#5671=EDGE_CURVE('',#6438,#6443,#6445,.T.);
#5672=EDGE_CURVE('',#6446,#6447,#6448,.T.);
#5673=EDGE_CURVE('',#6447,#6449,#6450,.T.);
#5674=EDGE_CURVE('',#6449,#6451,#6452,.T.);
#5675=EDGE_CURVE('',#6451,#6438,#6453,.T.);
#5676=EDGE_CURVE('',#6454,#6443,#6455,.T.);
#5677=EDGE_CURVE('',#6454,#6446,#6456,.T.);
#5678=EDGE_CURVE('',#6454,#6457,#6458,.T.);
#5679=EDGE_CURVE('',#6459,#6457,#6460,.T.);
#5680=EDGE_CURVE('',#6459,#6446,#6461,.T.);
#5681=EDGE_CURVE('',#6462,#6463,#6464,.T.);
#5682=EDGE_CURVE('',#6462,#6465,#6466,.T.);
#5683=EDGE_CURVE('',#6467,#6465,#6468,.T.);
#5684=EDGE_CURVE('',#6467,#6463,#6469,.T.);
#5685=EDGE_CURVE('',#6470,#6459,#6471,.T.);
#5686=EDGE_CURVE('',#6470,#6447,#6472,.T.);
#5687=EDGE_CURVE('',#6473,#6467,#6474,.T.);
#5688=EDGE_CURVE('',#6473,#6475,#6476,.T.);
#5689=EDGE_CURVE('',#6463,#6475,#6477,.T.);
#5690=EDGE_CURVE('',#6478,#6470,#6479,.T.);
#5691=EDGE_CURVE('',#6478,#6449,#6480,.T.);
#5692=EDGE_CURVE('',#6481,#6473,#6482,.T.);
#5693=EDGE_CURVE('',#6481,#6483,#6484,.T.);
#5694=EDGE_CURVE('',#6475,#6483,#6485,.T.);
#5695=EDGE_CURVE('',#6486,#6478,#6487,.T.);
#5696=EDGE_CURVE('',#6451,#6486,#6488,.T.);
#5697=EDGE_CURVE('',#6489,#6481,#6490,.T.);
#5698=EDGE_CURVE('',#6491,#6489,#6492,.T.);
#5699=EDGE_CURVE('',#6483,#6491,#6493,.T.);
#5700=EDGE_CURVE('',#6494,#6486,#6495,.T.);
#5701=EDGE_CURVE('',#6494,#6496,#6497,.T.);
#5702=EDGE_CURVE('',#6496,#6451,#6498,.T.);
#5703=EDGE_CURVE('',#6499,#6489,#6500,.T.);
#5704=EDGE_CURVE('',#6499,#6501,#6502,.T.);
#5705=EDGE_CURVE('',#6501,#6491,#6503,.T.);
#5706=EDGE_CURVE('',#6504,#6505,#6506,.T.);
#5707=EDGE_CURVE('',#6438,#6504,#6507,.T.);
#5708=EDGE_CURVE('',#6496,#6508,#6509,.T.);
#5709=EDGE_CURVE('',#6508,#6505,#6510,.T.);
#5710=EDGE_CURVE('',#6511,#6508,#6512,.T.);
#5711=EDGE_CURVE('',#6511,#6513,#6514,.T.);
#5712=EDGE_CURVE('',#6513,#6505,#6515,.T.);
#5713=EDGE_CURVE('',#6516,#6513,#6517,.T.);
#5714=EDGE_CURVE('',#6518,#6516,#6519,.T.);
#5715=EDGE_CURVE('',#6518,#6520,#6521,.T.);
#5716=EDGE_CURVE('',#6522,#6520,#6523,.T.);
#5717=EDGE_CURVE('',#6505,#6522,#6524,.T.);
#5718=EDGE_CURVE('',#6504,#6522,#6525,.T.);
#5719=EDGE_CURVE('',#6526,#6527,#6528,.T.);
#5720=EDGE_CURVE('',#6526,#6504,#6529,.T.);
#5721=EDGE_CURVE('',#6520,#6530,#6531,.T.);
#5722=EDGE_CURVE('',#6530,#6532,#6533,.T.);
#5723=EDGE_CURVE('',#6534,#6532,#6535,.T.);
#5724=EDGE_CURVE('',#6534,#6536,#6537,.T.);
#5725=EDGE_CURVE('',#6536,#6538,#6539,.T.);
#5726=EDGE_CURVE('',#6538,#6527,#6540,.T.);
#5727=EDGE_CURVE('',#6527,#6541,#6542,.T.);
#5728=EDGE_CURVE('',#6543,#6538,#6544,.T.);
#5729=EDGE_CURVE('',#6545,#6543,#6546,.T.);
#5730=EDGE_CURVE('',#6547,#6545,#6548,.T.);
#5731=EDGE_CURVE('',#6547,#6541,#6549,.T.);
#5732=EDGE_CURVE('',#6550,#6547,#6551,.T.);
#5733=EDGE_CURVE('',#6552,#6550,#6553,.T.);
#5734=EDGE_CURVE('',#6552,#6541,#6554,.T.);
#5735=EDGE_CURVE('',#6499,#6552,#6555,.T.);
#5736=EDGE_CURVE('',#6556,#6489,#6557,.T.);
#5737=EDGE_CURVE('',#6556,#6526,#6558,.T.);
#5738=EDGE_CURVE('',#6541,#6526,#6559,.T.);
#5739=EDGE_CURVE('',#6532,#6560,#6561,.T.);
#5740=EDGE_CURVE('',#6560,#6534,#6562,.T.);
#5741=EDGE_CURVE('',#6563,#6560,#6564,.T.);
#5742=EDGE_CURVE('',#6565,#6563,#6566,.T.);
#5743=EDGE_CURVE('',#6567,#6565,#6568,.T.);
#5744=EDGE_CURVE('',#6567,#6536,#6569,.T.);
#5745=EDGE_CURVE('',#6543,#6567,#6570,.T.);
#5746=EDGE_CURVE('',#6565,#6571,#6572,.T.);
#5747=EDGE_CURVE('',#6571,#6573,#6574,.T.);
#5748=EDGE_CURVE('',#6573,#6518,#6575,.T.);
#5749=EDGE_CURVE('',#6576,#6516,#6577,.T.);
#5750=EDGE_CURVE('',#6576,#6578,#6579,.T.);
#5751=EDGE_CURVE('',#6578,#6545,#6580,.T.);
#5752=EDGE_CURVE('',#6578,#6547,#6581,.T.);
#5753=EDGE_CURVE('',#6563,#6571,#6582,.T.);
#5754=EDGE_CURVE('',#6583,#6578,#6584,.T.);
#5755=EDGE_CURVE('',#6491,#6583,#6585,.T.);
#5756=EDGE_CURVE('',#6501,#6550,#6586,.T.);
#5757=EDGE_CURVE('',#6583,#6587,#6588,.T.);
#5758=EDGE_CURVE('',#6587,#6462,#6589,.T.);
#5759=EDGE_CURVE('',#6590,#6587,#6591,.T.);
#5760=EDGE_CURVE('',#6592,#6590,#6593,.T.);
#5761=EDGE_CURVE('',#6594,#6592,#6595,.T.);
#5762=EDGE_CURVE('',#6594,#6596,#6597,.T.);
#5763=EDGE_CURVE('',#6596,#6462,#6598,.T.);
#5764=EDGE_CURVE('',#6599,#6596,#6600,.T.);
#5765=EDGE_CURVE('',#6599,#6465,#6601,.T.);
#5766=EDGE_CURVE('',#6599,#6602,#6603,.T.);
#5767=EDGE_CURVE('',#6604,#6602,#6605,.T.);
#5768=EDGE_CURVE('',#6604,#6606,#6607,.T.);
#5769=EDGE_CURVE('',#6608,#6606,#6609,.T.);
#5770=EDGE_CURVE('',#6608,#6465,#6610,.T.);
#5771=EDGE_CURVE('',#6556,#6608,#6611,.T.);
#5772=EDGE_CURVE('',#6612,#6608,#6613,.T.);
#5773=EDGE_CURVE('',#6614,#6612,#6615,.T.);
#5774=EDGE_CURVE('',#6614,#6556,#6616,.T.);
#5775=EDGE_CURVE('',#6617,#6614,#6618,.T.);
#5776=EDGE_CURVE('',#6619,#6617,#6620,.T.);
#5777=EDGE_CURVE('',#6621,#6619,#6622,.T.);
#5778=EDGE_CURVE('',#6439,#6621,#6623,.T.);
#5779=EDGE_CURVE('',#6619,#6624,#6625,.T.);
#5780=EDGE_CURVE('',#6441,#6624,#6626,.T.);
#5781=EDGE_CURVE('',#6624,#6612,#6627,.T.);
#5782=EDGE_CURVE('',#6628,#6612,#6629,.T.);
#5783=EDGE_CURVE('',#6630,#6628,#6631,.T.);
#5784=EDGE_CURVE('',#6630,#6441,#6632,.T.);
#5785=EDGE_CURVE('',#6633,#6630,#6634,.T.);
#5786=EDGE_CURVE('',#6633,#6443,#6635,.T.);
#5787=EDGE_CURVE('',#6636,#6633,#6637,.T.);
#5788=EDGE_CURVE('',#6636,#6638,#6639,.T.);
#5789=EDGE_CURVE('',#6638,#6640,#6641,.T.);
#5790=EDGE_CURVE('',#6640,#6454,#6642,.T.);
#5791=EDGE_CURVE('',#6640,#6643,#6644,.T.);
#5792=EDGE_CURVE('',#6643,#6457,#6645,.T.);
#5793=EDGE_CURVE('',#6643,#6646,#6647,.T.);
#5794=EDGE_CURVE('',#6646,#6648,#6649,.T.);
#5795=EDGE_CURVE('',#6650,#6648,#6651,.T.);
#5796=EDGE_CURVE('',#6652,#6650,#6653,.T.);
#5797=EDGE_CURVE('',#6457,#6652,#6654,.T.);
#5798=EDGE_CURVE('',#6655,#6652,#6656,.T.);
#5799=EDGE_CURVE('',#6655,#6486,#6657,.T.);
#5800=EDGE_CURVE('',#6494,#6511,#6658,.T.);
#5801=EDGE_CURVE('',#6655,#6576,#6659,.T.);
#5802=EDGE_CURVE('',#6513,#6576,#6660,.T.);
#5803=EDGE_CURVE('',#6661,#6655,#6662,.T.);
#5804=EDGE_CURVE('',#6661,#6663,#6664,.T.);
#5805=EDGE_CURVE('',#6665,#6663,#6666,.T.);
#5806=EDGE_CURVE('',#6667,#6665,#6668,.T.);
#5807=EDGE_CURVE('',#6667,#6669,#6670,.T.);
#5808=EDGE_CURVE('',#6583,#6669,#6671,.T.);
#5809=EDGE_CURVE('',#6669,#6672,#6673,.T.);
#5810=EDGE_CURVE('',#6672,#6587,#6674,.T.);
#5811=EDGE_CURVE('',#6672,#6675,#6676,.T.);
#5812=EDGE_CURVE('',#6590,#6675,#6677,.T.);
#5813=EDGE_CURVE('',#6675,#6678,#6679,.T.);
#5814=EDGE_CURVE('',#6678,#6650,#6680,.T.);
#5815=EDGE_CURVE('',#6648,#6681,#6682,.T.);
#5816=EDGE_CURVE('',#6681,#6592,#6683,.T.);
#5817=EDGE_CURVE('',#6684,#6681,#6685,.T.);
#5818=EDGE_CURVE('',#6684,#6594,#6686,.T.);
#5819=EDGE_CURVE('',#6687,#6638,#6688,.T.);
#5820=EDGE_CURVE('',#6602,#6687,#6689,.T.);
#5821=EDGE_CURVE('',#6646,#6684,#6690,.T.);
#5822=EDGE_CURVE('',#6691,#6687,#6692,.T.);
#5823=EDGE_CURVE('',#6604,#6691,#6693,.T.);
#5824=EDGE_CURVE('',#6694,#6691,#6695,.T.);
#5825=EDGE_CURVE('',#6696,#6694,#6697,.T.);
#5826=EDGE_CURVE('',#6696,#6604,#6698,.T.);
#5827=EDGE_CURVE('',#6699,#6696,#6700,.T.);
#5828=EDGE_CURVE('',#6699,#6606,#6701,.T.);
#5829=EDGE_CURVE('',#6702,#6699,#6703,.T.);
#5830=EDGE_CURVE('',#6702,#6628,#6704,.T.);
#5831=EDGE_CURVE('',#6628,#6606,#6705,.T.);
#5832=EDGE_CURVE('',#6706,#6702,#6707,.T.);
#5833=EDGE_CURVE('',#6706,#6630,#6708,.T.);
#5834=EDGE_CURVE('',#6709,#6706,#6710,.T.);
#5835=EDGE_CURVE('',#6709,#6633,#6711,.T.);
#5836=EDGE_CURVE('',#6712,#6709,#6713,.T.);
#5837=EDGE_CURVE('',#6712,#6636,#6714,.T.);
#5838=EDGE_CURVE('',#6694,#6712,#6715,.T.);
#5839=EDGE_CURVE('',#6691,#6636,#6716,.T.);
#5840=EDGE_CURVE('',#6717,#6712,#6718,.T.);
#5841=EDGE_CURVE('',#6719,#6717,#6720,.T.);
#5842=EDGE_CURVE('',#6719,#6694,#6721,.T.);
#5843=EDGE_CURVE('',#6722,#6719,#6723,.T.);
#5844=EDGE_CURVE('',#6722,#6696,#6724,.T.);
#5845=EDGE_CURVE('',#6725,#6722,#6726,.T.);
#5846=EDGE_CURVE('',#6725,#6699,#6727,.T.);
#5847=EDGE_CURVE('',#6728,#6725,#6729,.T.);
#5848=EDGE_CURVE('',#6728,#6702,#6730,.T.);
#5849=EDGE_CURVE('',#6731,#6728,#6732,.T.);
#5850=EDGE_CURVE('',#6731,#6706,#6733,.T.);
#5851=EDGE_CURVE('',#6734,#6731,#6735,.T.);
#5852=EDGE_CURVE('',#6734,#6709,#6736,.T.);
#5853=EDGE_CURVE('',#6717,#6734,#6737,.T.);
#5854=EDGE_CURVE('',#6738,#6717,#6739,.T.);
#5855=EDGE_CURVE('',#6740,#6734,#6741,.T.);
#5856=EDGE_CURVE('',#6738,#6740,#6742,.T.);
#5857=EDGE_CURVE('',#6743,#6744,#6745,.T.);
#5858=EDGE_CURVE('',#6743,#6746,#6747,.T.);
#5859=EDGE_CURVE('',#6746,#6748,#6749,.T.);
#5860=EDGE_CURVE('',#6744,#6748,#6750,.T.);
#5861=EDGE_CURVE('',#6751,#6740,#6752,.T.);
#5862=EDGE_CURVE('',#6753,#6751,#6754,.T.);
#5863=EDGE_CURVE('',#6753,#6738,#6755,.T.);
#5864=EDGE_CURVE('',#6756,#6753,#6757,.T.);
#5865=EDGE_CURVE('',#6756,#6758,#6759,.T.);
#5866=EDGE_CURVE('',#6758,#6738,#6760,.T.);
#5867=EDGE_CURVE('',#6761,#6743,#6762,.T.);
#5868=EDGE_CURVE('',#6761,#6763,#6764,.T.);
#5869=EDGE_CURVE('',#6763,#6746,#6765,.T.);
#5870=EDGE_CURVE('',#6758,#6719,#6766,.T.);
#5871=EDGE_CURVE('',#6767,#6768,#6769,.T.);
#5872=EDGE_CURVE('',#6768,#6770,#6771,.T.);
#5873=EDGE_CURVE('',#6770,#6772,#6773,.T.);
#5874=EDGE_CURVE('',#6772,#6756,#6774,.T.);
#5875=EDGE_CURVE('',#6751,#6767,#6775,.T.);
#5876=EDGE_CURVE('',#6776,#6777,#6778,.T.);
#5877=EDGE_CURVE('',#6777,#6779,#6780,.T.);
#5878=EDGE_CURVE('',#6781,#6779,#6782,.T.);
#5879=EDGE_CURVE('',#6783,#6781,#6784,.T.);
#5880=EDGE_CURVE('',#6785,#6783,#6786,.T.);
#5881=EDGE_CURVE('',#6787,#6785,#6788,.T.);
#5882=EDGE_CURVE('',#6787,#6789,#6790,.T.);
#5883=EDGE_CURVE('',#6789,#6776,#6791,.T.);
#5884=EDGE_CURVE('',#6792,#6793,#6794,.T.);
#5885=EDGE_CURVE('',#6793,#6795,#6796,.T.);
#5886=EDGE_CURVE('',#6748,#6795,#6797,.T.);
#5887=EDGE_CURVE('',#6763,#6798,#6799,.T.);
#5888=EDGE_CURVE('',#6798,#6800,#6801,.T.);
#5889=EDGE_CURVE('',#6800,#6802,#6803,.T.);
#5890=EDGE_CURVE('',#6802,#6792,#6804,.T.);
#5891=EDGE_CURVE('',#6767,#6805,#6806,.T.);
#5892=EDGE_CURVE('',#6740,#6805,#6807,.T.);
#5893=EDGE_CURVE('',#6805,#6731,#6808,.T.);
#5894=EDGE_CURVE('',#6809,#6728,#6810,.T.);
#5895=EDGE_CURVE('',#6805,#6809,#6811,.T.);
#5896=EDGE_CURVE('',#6812,#6785,#6813,.T.);
#5897=EDGE_CURVE('',#6814,#6812,#6815,.T.);
#5898=EDGE_CURVE('',#6814,#6787,#6816,.T.);
#5899=EDGE_CURVE('',#6768,#6809,#6817,.T.);
#5900=EDGE_CURVE('',#6770,#6818,#6819,.T.);
#5901=EDGE_CURVE('',#6809,#6818,#6820,.T.);
#5902=EDGE_CURVE('',#6821,#6783,#6822,.T.);
#5903=EDGE_CURVE('',#6812,#6821,#6823,.T.);
#5904=EDGE_CURVE('',#6818,#6725,#6824,.T.);
#5905=EDGE_CURVE('',#6825,#6821,#6826,.T.);
#5906=EDGE_CURVE('',#6827,#6825,#6828,.T.);
#5907=EDGE_CURVE('',#6827,#6812,#6829,.T.);
#5908=EDGE_CURVE('',#6830,#6827,#6831,.T.);
#5909=EDGE_CURVE('',#6814,#6830,#6832,.T.);
#5910=EDGE_CURVE('',#6833,#6834,#6835,.T.);
#5911=EDGE_CURVE('',#6836,#6834,#6837,.T.);
#5912=EDGE_CURVE('',#6836,#6838,#6839,.T.);
#5913=EDGE_CURVE('',#6840,#6838,#6841,.T.);
#5914=EDGE_CURVE('',#6842,#6840,#6843,.T.);
#5915=EDGE_CURVE('',#6789,#6842,#6844,.T.);
#5916=EDGE_CURVE('',#6845,#6830,#6846,.T.);
#5917=EDGE_CURVE('',#6847,#6845,#6848,.T.);
#5918=EDGE_CURVE('',#6849,#6847,#6850,.T.);
#5919=EDGE_CURVE('',#6849,#6833,#6851,.T.);
#5920=EDGE_CURVE('',#6852,#6853,#6854,.T.);
#5921=EDGE_CURVE('',#6853,#6833,#6855,.T.);
#5922=EDGE_CURVE('',#6852,#6849,#6856,.T.);
#5923=EDGE_CURVE('',#6847,#6857,#6858,.T.);
#5924=EDGE_CURVE('',#6852,#6857,#6859,.T.);
#5925=EDGE_CURVE('',#6857,#6860,#6861,.T.);
#5926=EDGE_CURVE('',#6862,#6860,#6863,.T.);
#5927=EDGE_CURVE('',#6862,#6852,#6864,.T.);
#5928=EDGE_CURVE('',#6862,#6865,#6866,.T.);
#5929=EDGE_CURVE('',#6865,#6853,#6867,.T.);
#5930=EDGE_CURVE('',#6868,#6869,#6870,.T.);
#5931=EDGE_CURVE('',#6871,#6869,#6872,.T.);
#5932=EDGE_CURVE('',#6873,#6871,#6874,.T.);
#5933=EDGE_CURVE('',#6834,#6873,#6875,.T.);
#5934=EDGE_CURVE('',#6868,#6865,#6876,.T.);
#5935=EDGE_CURVE('',#6877,#6878,#6879,.T.);
#5936=EDGE_CURVE('',#6880,#6877,#6881,.T.);
#5937=EDGE_CURVE('',#6880,#6882,#6883,.T.);
#5938=EDGE_CURVE('',#6882,#6884,#6885,.T.);
#5939=EDGE_CURVE('',#6884,#6886,#6887,.T.);
#5940=EDGE_CURVE('',#6886,#6888,#6889,.T.);
#5941=EDGE_CURVE('',#6888,#6890,#6891,.T.);
#5942=EDGE_CURVE('',#6878,#6890,#6892,.T.);
#5943=EDGE_CURVE('',#6868,#6893,#6894,.T.);
#5944=EDGE_CURVE('',#6893,#6862,#6895,.T.);
#5945=EDGE_CURVE('',#6860,#6896,#6897,.T.);
#5946=EDGE_CURVE('',#6893,#6896,#6898,.T.);
#5947=EDGE_CURVE('',#6896,#6899,#6900,.T.);
#5948=EDGE_CURVE('',#6899,#6901,#6902,.T.);
#5949=EDGE_CURVE('',#6903,#6901,#6904,.T.);
#5950=EDGE_CURVE('',#6903,#6781,#6905,.T.);
#5951=EDGE_CURVE('',#6779,#6906,#6907,.T.);
#5952=EDGE_CURVE('',#6906,#6908,#6909,.T.);
#5953=EDGE_CURVE('',#6910,#6908,#6911,.T.);
#5954=EDGE_CURVE('',#6912,#6910,#6913,.T.);
#5955=EDGE_CURVE('',#6912,#6869,#6914,.T.);
#5956=EDGE_CURVE('',#6915,#6912,#6916,.T.);
#5957=EDGE_CURVE('',#6915,#6871,#6917,.T.);
#5958=EDGE_CURVE('',#6918,#6915,#6919,.T.);
#5959=EDGE_CURVE('',#6918,#6873,#6920,.T.);
#5960=EDGE_CURVE('',#6836,#6918,#6921,.T.);
#5961=EDGE_CURVE('',#6922,#6918,#6923,.T.);
#5962=EDGE_CURVE('',#6838,#6922,#6924,.T.);
#5963=EDGE_CURVE('',#6925,#6922,#6926,.T.);
#5964=EDGE_CURVE('',#6840,#6925,#6927,.T.);
#5965=EDGE_CURVE('',#6928,#6925,#6929,.T.);
#5966=EDGE_CURVE('',#6842,#6928,#6930,.T.);
#5967=EDGE_CURVE('',#6776,#6928,#6931,.T.);
#5968=EDGE_CURVE('',#6928,#6932,#6933,.T.);
#5969=EDGE_CURVE('',#6777,#6932,#6934,.T.);
#5970=EDGE_CURVE('',#6932,#6906,#6935,.T.);
#5971=EDGE_CURVE('',#6932,#6936,#6937,.T.);
#5972=EDGE_CURVE('',#6936,#6938,#6939,.T.);
#5973=EDGE_CURVE('',#6938,#6908,#6940,.T.);
#5974=EDGE_CURVE('',#6938,#6941,#6942,.T.);
#5975=EDGE_CURVE('',#6941,#6910,#6943,.T.);
#5976=EDGE_CURVE('',#6941,#6915,#6944,.T.);
#5977=EDGE_CURVE('',#6922,#6941,#6945,.T.);
#5978=EDGE_CURVE('',#6925,#6938,#6946,.T.);
#5979=EDGE_CURVE('',#6947,#6722,#6948,.T.);
#5980=EDGE_CURVE('',#6818,#6947,#6949,.T.);
#5981=EDGE_CURVE('',#6821,#6903,#6950,.T.);
#5982=EDGE_CURVE('',#6772,#6947,#6951,.T.);
#5983=EDGE_CURVE('',#6758,#6947,#6952,.T.);
#5984=EDGE_CURVE('',#6953,#6761,#6954,.T.);
#5985=EDGE_CURVE('',#6953,#6798,#6955,.T.);
#5986=EDGE_CURVE('',#6956,#6957,#6958,.T.);
#5987=EDGE_CURVE('',#6959,#6956,#6960,.T.);
#5988=EDGE_CURVE('',#6961,#6959,#6962,.T.);
#5989=EDGE_CURVE('',#6800,#6961,#6963,.T.);
#5990=EDGE_CURVE('',#6953,#6964,#6965,.T.);
#5991=EDGE_CURVE('',#6966,#6964,#6967,.T.);
#5992=EDGE_CURVE('',#6968,#6966,#6969,.T.);
#5993=EDGE_CURVE('',#6968,#6970,#6971,.T.);
#5994=EDGE_CURVE('',#6970,#6972,#6973,.T.);
#5995=EDGE_CURVE('',#6957,#6972,#6974,.T.);
#5996=EDGE_CURVE('',#6975,#6957,#6976,.T.);
#5997=EDGE_CURVE('',#6977,#6972,#6978,.T.);
#5998=EDGE_CURVE('',#6975,#6977,#6979,.T.);
#5999=EDGE_CURVE('',#6975,#6980,#6981,.T.);
#6000=EDGE_CURVE('',#6977,#6982,#6983,.T.);
#6001=EDGE_CURVE('',#6982,#6984,#6985,.T.);
#6002=EDGE_CURVE('',#6980,#6984,#6986,.T.);
#6003=EDGE_CURVE('',#6984,#6987,#6988,.T.);
#6004=EDGE_CURVE('',#6989,#6987,#6990,.T.);
#6005=EDGE_CURVE('',#6980,#6989,#6991,.T.);
#6006=EDGE_CURVE('',#6992,#6989,#6993,.T.);
#6007=EDGE_CURVE('',#6994,#6992,#6995,.T.);
#6008=EDGE_CURVE('',#6994,#6980,#6996,.T.);
#6009=EDGE_CURVE('',#6997,#6994,#6998,.T.);
#6010=EDGE_CURVE('',#6997,#6975,#6999,.T.);
#6011=EDGE_CURVE('',#6997,#6956,#7000,.T.);
#6012=EDGE_CURVE('',#7001,#6959,#7002,.T.);
#6013=EDGE_CURVE('',#7001,#6997,#7003,.T.);
#6014=EDGE_CURVE('',#7004,#6994,#7005,.T.);
#6015=EDGE_CURVE('',#7001,#7004,#7006,.T.);
#6016=EDGE_CURVE('',#7007,#7004,#7008,.T.);
#6017=EDGE_CURVE('',#7009,#7007,#7010,.T.);
#6018=EDGE_CURVE('',#7011,#7009,#7012,.T.);
#6019=EDGE_CURVE('',#7011,#7001,#7013,.T.);
#6020=EDGE_CURVE('',#7011,#6961,#7014,.T.);
#6021=EDGE_CURVE('',#6802,#7011,#7015,.T.);
#6022=EDGE_CURVE('',#6792,#7009,#7016,.T.);
#6023=EDGE_CURVE('',#7009,#7017,#7018,.T.);
#6024=EDGE_CURVE('',#6793,#7017,#7019,.T.);
#6025=EDGE_CURVE('',#7017,#7020,#7021,.T.);
#6026=EDGE_CURVE('',#6795,#7020,#7022,.T.);
#6027=EDGE_CURVE('',#6888,#7023,#7024,.T.);
#6028=EDGE_CURVE('',#7023,#7025,#7026,.T.);
#6029=EDGE_CURVE('',#7025,#7027,#7028,.T.);
#6030=EDGE_CURVE('',#6744,#7027,#7029,.T.);
#6031=EDGE_CURVE('',#7020,#7030,#7031,.T.);
#6032=EDGE_CURVE('',#7032,#7030,#7033,.T.);
#6033=EDGE_CURVE('',#7034,#7032,#7035,.T.);
#6034=EDGE_CURVE('',#7034,#7036,#7037,.T.);
#6035=EDGE_CURVE('',#7036,#6890,#7038,.T.);
#6036=EDGE_CURVE('',#6987,#7036,#7039,.T.);
#6037=EDGE_CURVE('',#6987,#6878,#7040,.T.);
#6038=EDGE_CURVE('',#6984,#6877,#7041,.T.);
#6039=EDGE_CURVE('',#6982,#6880,#7042,.T.);
#6040=EDGE_CURVE('',#6972,#6880,#7043,.T.);
#6041=EDGE_CURVE('',#6882,#6970,#7044,.T.);
#6042=EDGE_CURVE('',#6968,#7045,#7046,.T.);
#6043=EDGE_CURVE('',#6884,#7045,#7047,.T.);
#6044=EDGE_CURVE('',#7045,#7048,#7049,.T.);
#6045=EDGE_CURVE('',#6886,#7048,#7050,.T.);
#6046=EDGE_CURVE('',#7048,#7023,#7051,.T.);
#6047=EDGE_CURVE('',#7048,#7052,#7053,.T.);
#6048=EDGE_CURVE('',#7052,#7025,#7054,.T.);
#6049=EDGE_CURVE('',#7052,#7055,#7056,.T.);
#6050=EDGE_CURVE('',#7055,#7027,#7057,.T.);
#6051=EDGE_CURVE('',#7055,#6743,#7058,.T.);
#6052=EDGE_CURVE('',#7059,#7055,#7060,.T.);
#6053=EDGE_CURVE('',#7059,#6761,#7061,.T.);
#6054=EDGE_CURVE('',#6964,#7059,#7062,.T.);
#6055=EDGE_CURVE('',#7063,#7059,#7064,.T.);
#6056=EDGE_CURVE('',#6966,#7063,#7065,.T.);
#6057=EDGE_CURVE('',#7045,#7063,#7066,.T.);
#6058=EDGE_CURVE('',#7063,#7052,#7067,.T.);
#6059=EDGE_CURVE('',#6989,#7034,#7068,.T.);
#6060=EDGE_CURVE('',#6992,#7032,#7069,.T.);
#6061=EDGE_CURVE('',#7070,#7030,#7071,.T.);
#6062=EDGE_CURVE('',#7070,#6992,#7072,.T.);
#6063=EDGE_CURVE('',#7004,#7070,#7073,.T.);
#6064=EDGE_CURVE('',#7007,#7070,#7074,.T.);
#6065=EDGE_CURVE('',#7017,#7007,#7075,.T.);
#6066=EDGE_CURVE('',#6825,#6901,#7076,.T.);
#6067=EDGE_CURVE('',#7077,#6899,#7078,.T.);
#6068=EDGE_CURVE('',#7077,#6825,#7079,.T.);
#6069=EDGE_CURVE('',#7080,#7077,#7081,.T.);
#6070=EDGE_CURVE('',#7080,#6827,#7082,.T.);
#6071=EDGE_CURVE('',#6845,#7080,#7083,.T.);
#6072=EDGE_CURVE('',#6857,#7080,#7084,.T.);
#6073=EDGE_CURVE('',#6860,#7077,#7085,.T.);
#6074=EDGE_CURVE('',#7086,#6678,#7087,.T.);
#6075=EDGE_CURVE('',#6652,#7086,#7088,.T.);
#6076=EDGE_CURVE('',#6661,#7086,#7089,.T.);
#6077=EDGE_CURVE('',#7086,#7090,#7091,.T.);
#6078=EDGE_CURVE('',#6665,#7090,#7092,.T.);
#6079=EDGE_CURVE('',#7090,#6672,#7093,.T.);
#6080=EDGE_CURVE('',#7094,#7095,#7096,.T.);
#6081=EDGE_CURVE('',#7094,#7097,#7098,.T.);
#6082=EDGE_CURVE('',#7097,#6571,#7099,.T.);
#6083=EDGE_CURVE('',#7095,#6563,#7100,.T.);
#6084=EDGE_CURVE('',#7101,#6560,#7102,.T.);
#6085=EDGE_CURVE('',#7101,#7095,#7103,.T.);
#6086=EDGE_CURVE('',#7104,#7101,#7105,.T.);
#6087=EDGE_CURVE('',#7104,#7094,#7106,.T.);
#6088=EDGE_CURVE('',#7107,#7097,#7108,.T.);
#6089=EDGE_CURVE('',#7104,#7109,#7110,.T.);
#6090=EDGE_CURVE('',#7107,#7109,#7111,.T.);
#6091=EDGE_CURVE('',#7109,#7112,#7113,.T.);
#6092=EDGE_CURVE('',#7114,#7112,#7115,.T.);
#6093=EDGE_CURVE('',#7116,#7114,#7117,.T.);
#6094=EDGE_CURVE('',#7107,#7116,#7118,.T.);
#6095=EDGE_CURVE('',#7119,#7120,#7121,.T.);
#6096=EDGE_CURVE('',#7120,#7122,#7123,.T.);
#6097=EDGE_CURVE('',#7122,#7124,#7125,.T.);
#6098=EDGE_CURVE('',#7124,#7126,#7127,.T.);
#6099=EDGE_CURVE('',#7126,#6573,#7128,.T.);
#6100=EDGE_CURVE('',#7129,#7116,#7130,.T.);
#6101=EDGE_CURVE('',#7129,#7131,#7132,.T.);
#6102=EDGE_CURVE('',#7133,#7131,#7134,.T.);
#6103=EDGE_CURVE('',#7135,#7133,#7136,.T.);
#6104=EDGE_CURVE('',#7137,#7135,#7138,.T.);
#6105=EDGE_CURVE('',#7119,#7137,#7139,.T.);
#6106=EDGE_CURVE('',#7140,#7119,#7141,.T.);
#6107=EDGE_CURVE('',#7142,#7135,#7143,.T.);
#6108=EDGE_CURVE('',#7144,#7142,#7145,.T.);
#6109=EDGE_CURVE('',#7144,#7146,#7147,.T.);
#6110=EDGE_CURVE('',#7146,#7140,#7148,.T.);
#6111=EDGE_CURVE('',#7146,#7149,#7150,.T.);
#6112=EDGE_CURVE('',#7149,#7151,#7152,.T.);
#6113=EDGE_CURVE('',#7151,#7140,#7153,.T.);
#6114=EDGE_CURVE('',#7154,#7119,#7155,.T.);
#6115=EDGE_CURVE('',#7154,#7151,#7156,.T.);
#6116=EDGE_CURVE('',#7157,#7158,#7159,.T.);
#6117=EDGE_CURVE('',#7160,#7158,#7161,.T.);
#6118=EDGE_CURVE('',#7154,#7160,#7162,.T.);
#6119=EDGE_CURVE('',#7149,#7163,#7164,.T.);
#6120=EDGE_CURVE('',#7163,#7157,#7165,.T.);
#6121=EDGE_CURVE('',#7157,#7166,#7167,.T.);
#6122=EDGE_CURVE('',#7168,#7163,#7169,.T.);
#6123=EDGE_CURVE('',#7168,#7170,#7171,.T.);
#6124=EDGE_CURVE('',#7170,#7172,#7173,.T.);
#6125=EDGE_CURVE('',#7174,#7172,#7175,.T.);
#6126=EDGE_CURVE('',#7166,#7174,#7176,.T.);
#6127=EDGE_CURVE('',#7177,#7178,#7179,.T.);
#6128=EDGE_CURVE('',#7158,#7178,#7180,.T.);
#6129=EDGE_CURVE('',#7166,#7181,#7182,.T.);
#6130=EDGE_CURVE('',#7181,#7177,#7183,.T.);
#6131=EDGE_CURVE('',#7181,#7184,#7185,.T.);
#6132=EDGE_CURVE('',#7184,#7186,#7187,.T.);
#6133=EDGE_CURVE('',#7186,#7177,#7188,.T.);
#6134=EDGE_CURVE('',#7131,#7178,#7189,.T.);
#6135=EDGE_CURVE('',#7131,#7186,#7190,.T.);
#6136=EDGE_CURVE('',#7184,#7191,#7192,.T.);
#6137=EDGE_CURVE('',#7193,#7191,#7194,.T.);
#6138=EDGE_CURVE('',#7142,#7193,#7195,.T.);
#6139=EDGE_CURVE('',#7191,#7196,#7197,.T.);
#6140=EDGE_CURVE('',#7198,#7196,#7199,.T.);
#6141=EDGE_CURVE('',#7200,#7198,#7201,.T.);
#6142=EDGE_CURVE('',#7200,#7202,#7203,.T.);
#6143=EDGE_CURVE('',#7202,#7144,#7204,.T.);
#6144=EDGE_CURVE('',#7196,#7174,#7205,.T.);
#6145=EDGE_CURVE('',#7166,#7191,#7206,.T.);
#6146=EDGE_CURVE('',#7202,#7168,#7207,.T.);
#6147=EDGE_CURVE('',#7144,#7163,#7208,.T.);
#6148=EDGE_CURVE('',#7172,#7198,#7209,.T.);
#6149=EDGE_CURVE('',#7170,#7200,#7210,.T.);
#6150=EDGE_CURVE('',#7211,#7154,#7212,.T.);
#6151=EDGE_CURVE('',#7213,#7211,#7214,.T.);
#6152=EDGE_CURVE('',#7215,#7213,#7216,.T.);
#6153=EDGE_CURVE('',#7120,#7215,#7217,.T.);
#6154=EDGE_CURVE('',#7218,#7129,#7219,.T.);
#6155=EDGE_CURVE('',#7178,#7218,#7220,.T.);
#6156=EDGE_CURVE('',#7215,#7221,#7222,.T.);
#6157=EDGE_CURVE('',#7221,#7122,#7223,.T.);
#6158=EDGE_CURVE('',#7221,#7224,#7225,.T.);
#6159=EDGE_CURVE('',#7224,#7226,#7227,.T.);
#6160=EDGE_CURVE('',#7124,#7226,#7228,.T.);
#6161=EDGE_CURVE('',#7229,#7226,#7230,.T.);
#6162=EDGE_CURVE('',#7231,#7229,#7232,.T.);
#6163=EDGE_CURVE('',#7126,#7231,#7233,.T.);
#6164=EDGE_CURVE('',#7231,#6530,#7234,.T.);
#6165=EDGE_CURVE('',#7218,#7114,#7235,.T.);
#6166=EDGE_CURVE('',#7112,#6532,#7236,.T.);
#6167=EDGE_CURVE('',#7211,#7229,#7237,.T.);
#6168=EDGE_CURVE('',#7213,#7224,#7238,.T.);
#6169=EDGE_CURVE('',#7239,#7240,#7241,.T.);
#6170=EDGE_CURVE('',#7242,#7240,#7243,.T.);
#6171=EDGE_CURVE('',#7244,#7242,#7245,.T.);
#6172=EDGE_CURVE('',#7244,#7239,#7246,.T.);
#6173=EDGE_CURVE('',#7247,#7239,#7248,.T.);
#6174=EDGE_CURVE('',#7249,#7244,#7250,.T.);
#6175=EDGE_CURVE('',#7249,#7247,#7251,.T.);
#6176=EDGE_CURVE('',#7252,#7253,#7254,.T.);
#6177=EDGE_CURVE('',#7255,#7252,#7256,.T.);
#6178=EDGE_CURVE('',#7257,#7255,#7258,.T.);
#6179=EDGE_CURVE('',#7259,#7257,#7260,.T.);
#6180=EDGE_CURVE('',#7261,#7259,#7262,.T.);
#6181=EDGE_CURVE('',#7263,#7261,#7264,.T.);
#6182=EDGE_CURVE('',#7265,#7263,#7266,.T.);
#6183=EDGE_CURVE('',#7253,#7265,#7267,.T.);
#6184=EDGE_CURVE('',#7268,#7269,#7270,.T.);
#6185=EDGE_CURVE('',#7271,#7268,#7272,.T.);
#6186=EDGE_CURVE('',#7273,#7271,#7274,.T.);
#6187=EDGE_CURVE('',#7275,#7273,#7276,.T.);
#6188=EDGE_CURVE('',#7277,#7275,#7278,.T.);
#6189=EDGE_CURVE('',#7279,#7277,#7280,.T.);
#6190=EDGE_CURVE('',#7281,#7279,#7282,.T.);
#6191=EDGE_CURVE('',#7269,#7281,#7283,.T.);
#6192=EDGE_CURVE('',#7284,#7285,#7286,.T.);
#6193=EDGE_CURVE('',#7287,#7284,#7288,.T.);
#6194=EDGE_CURVE('',#7289,#7287,#7290,.T.);
#6195=EDGE_CURVE('',#7291,#7289,#7292,.T.);
#6196=EDGE_CURVE('',#7293,#7291,#7294,.T.);
#6197=EDGE_CURVE('',#7295,#7293,#7296,.T.);
#6198=EDGE_CURVE('',#7297,#7295,#7298,.T.);
#6199=EDGE_CURVE('',#7285,#7297,#7299,.T.);
#6200=EDGE_CURVE('',#7300,#7301,#7302,.T.);
#6201=EDGE_CURVE('',#7303,#7300,#7304,.T.);
#6202=EDGE_CURVE('',#7305,#7303,#7306,.T.);
#6203=EDGE_CURVE('',#7247,#7305,#7307,.T.);
#6204=EDGE_CURVE('',#7308,#7249,#7309,.T.);
#6205=EDGE_CURVE('',#7310,#7308,#7311,.T.);
#6206=EDGE_CURVE('',#7301,#7310,#7312,.T.);
#6207=EDGE_CURVE('',#7265,#7313,#7314,.T.);
#6208=EDGE_CURVE('',#7315,#7313,#7316,.T.);
#6209=EDGE_CURVE('',#7253,#7315,#7317,.T.);
#6210=EDGE_CURVE('',#7318,#7315,#7319,.T.);
#6211=EDGE_CURVE('',#7273,#7318,#7320,.T.);
#6212=EDGE_CURVE('',#7253,#7273,#7321,.T.);
#6213=EDGE_CURVE('',#7322,#7323,#7324,.T.);
#6214=EDGE_CURVE('',#7325,#7322,#7326,.T.);
#6215=EDGE_CURVE('',#7327,#7325,#7328,.T.);
#6216=EDGE_CURVE('',#7327,#7329,#7330,.T.);
#6217=EDGE_CURVE('',#7331,#7329,#7332,.T.);
#6218=EDGE_CURVE('',#7252,#7331,#7333,.T.);
#6219=EDGE_CURVE('',#7334,#7271,#7335,.T.);
#6220=EDGE_CURVE('',#7334,#7323,#7336,.T.);
#6221=EDGE_CURVE('',#7337,#7338,#7339,.T.);
#6222=EDGE_CURVE('',#7323,#7338,#7340,.T.);
#6223=EDGE_CURVE('',#7334,#7341,#7342,.T.);
#6224=EDGE_CURVE('',#7341,#7343,#7344,.T.);
#6225=EDGE_CURVE('',#7337,#7343,#7345,.T.);
#6226=EDGE_CURVE('',#7346,#7347,#7348,.T.);
#6227=EDGE_CURVE('',#7349,#7347,#7350,.T.);
#6228=EDGE_CURVE('',#7351,#7349,#7352,.T.);
#6229=EDGE_CURVE('',#7351,#7353,#7354,.T.);
#6230=EDGE_CURVE('',#7355,#7353,#7356,.T.);
#6231=EDGE_CURVE('',#7346,#7355,#7357,.T.);
#6232=EDGE_CURVE('',#7358,#7279,#7359,.T.);
#6233=EDGE_CURVE('',#7337,#7277,#7360,.T.);
#6234=EDGE_CURVE('',#7343,#7361,#7362,.T.);
#6235=EDGE_CURVE('',#7363,#7361,#7364,.T.);
#6236=EDGE_CURVE('',#7363,#7358,#7365,.T.);
#6237=EDGE_CURVE('',#7361,#7366,#7367,.T.);
#6238=EDGE_CURVE('',#7366,#7363,#7368,.T.);
#6239=EDGE_CURVE('',#7369,#7355,#7370,.T.);
#6240=EDGE_CURVE('',#7369,#7346,#7371,.T.);
#6241=EDGE_CURVE('',#7372,#7366,#7373,.T.);
#6242=EDGE_CURVE('',#7358,#7372,#7374,.T.);
#6243=EDGE_CURVE('',#7375,#7351,#7376,.T.);
#6244=EDGE_CURVE('',#7375,#7377,#7378,.T.);
#6245=EDGE_CURVE('',#7377,#7353,#7379,.T.);
#6246=EDGE_CURVE('',#7380,#7308,#7381,.T.);
#6247=EDGE_CURVE('',#7281,#7249,#7382,.T.);
#6248=EDGE_CURVE('',#7372,#7383,#7384,.T.);
#6249=EDGE_CURVE('',#7383,#7385,#7386,.T.);
#6250=EDGE_CURVE('',#7387,#7385,#7388,.T.);
#6251=EDGE_CURVE('',#7380,#7387,#7389,.T.);
#6252=EDGE_CURVE('',#7390,#7377,#7391,.T.);
#6253=EDGE_CURVE('',#7392,#7390,#7393,.T.);
#6254=EDGE_CURVE('',#7394,#7392,#7395,.T.);
#6255=EDGE_CURVE('',#7394,#7369,#7396,.T.);
#6256=EDGE_CURVE('',#7322,#7394,#7397,.T.);
#6257=EDGE_CURVE('',#7347,#7338,#7398,.T.);
#6258=EDGE_CURVE('',#7265,#7275,#7399,.T.);
#6259=EDGE_CURVE('',#7263,#7400,#7401,.T.);
#6260=EDGE_CURVE('',#7402,#7400,#7403,.T.);
#6261=EDGE_CURVE('',#7404,#7402,#7405,.T.);
#6262=EDGE_CURVE('',#7404,#7406,#7407,.T.);
#6263=EDGE_CURVE('',#7349,#7406,#7408,.T.);
#6264=EDGE_CURVE('',#7409,#7375,#7410,.T.);
#6265=EDGE_CURVE('',#7327,#7406,#7411,.T.);
#6266=EDGE_CURVE('',#7325,#7412,#7413,.T.);
#6267=EDGE_CURVE('',#7412,#7414,#7415,.T.);
#6268=EDGE_CURVE('',#7414,#7416,#7417,.T.);
#6269=EDGE_CURVE('',#7416,#7418,#7419,.T.);
#6270=EDGE_CURVE('',#7418,#7420,#7421,.T.);
#6271=EDGE_CURVE('',#7409,#7420,#7422,.T.);
#6272=EDGE_CURVE('',#7420,#7423,#7424,.T.);
#6273=EDGE_CURVE('',#7425,#7423,#7426,.T.);
#6274=EDGE_CURVE('',#7427,#7425,#7428,.T.);
#6275=EDGE_CURVE('',#7427,#7409,#7429,.T.);
#6276=EDGE_CURVE('',#7430,#7427,#7431,.T.);
#6277=EDGE_CURVE('',#7432,#7430,#7433,.T.);
#6278=EDGE_CURVE('',#7434,#7432,#7435,.T.);
#6279=EDGE_CURVE('',#7436,#7434,#7437,.T.);
#6280=EDGE_CURVE('',#7436,#7409,#7438,.T.);
#6281=EDGE_CURVE('',#7439,#7404,#7440,.T.);
#6282=EDGE_CURVE('',#7441,#7439,#7442,.T.);
#6283=EDGE_CURVE('',#7443,#7441,#7444,.T.);
#6284=EDGE_CURVE('',#7445,#7443,#7446,.T.);
#6285=EDGE_CURVE('',#7406,#7445,#7447,.T.);
#6286=EDGE_CURVE('',#7436,#7448,#7449,.T.);
#6287=EDGE_CURVE('',#7450,#7448,#7451,.T.);
#6288=EDGE_CURVE('',#7284,#7450,#7452,.T.);
#6289=EDGE_CURVE('',#7310,#7285,#7453,.T.);
#6290=EDGE_CURVE('',#7380,#7454,#7455,.T.);
#6291=EDGE_CURVE('',#7454,#7305,#7456,.T.);
#6292=EDGE_CURVE('',#7416,#7303,#7457,.T.);
#6293=EDGE_CURVE('',#7414,#7390,#7458,.T.);
#6294=EDGE_CURVE('',#7412,#7392,#7459,.T.);
#6295=EDGE_CURVE('',#7269,#7247,#7460,.T.);
#6296=EDGE_CURVE('',#7454,#7461,#7462,.T.);
#6297=EDGE_CURVE('',#7463,#7461,#7464,.T.);
#6298=EDGE_CURVE('',#7465,#7463,#7466,.T.);
#6299=EDGE_CURVE('',#7465,#7467,#7468,.T.);
#6300=EDGE_CURVE('',#7467,#7469,#7470,.T.);
#6301=EDGE_CURVE('',#7469,#7268,#7471,.T.);
#6302=EDGE_CURVE('',#7472,#7469,#7473,.T.);
#6303=EDGE_CURVE('',#7472,#7341,#7474,.T.);
#6304=EDGE_CURVE('',#7372,#7472,#7475,.T.);
#6305=EDGE_CURVE('',#7387,#7461,#7476,.T.);
#6306=EDGE_CURVE('',#7467,#7472,#7477,.T.);
#6307=EDGE_CURVE('',#7478,#7465,#7479,.T.);
#6308=EDGE_CURVE('',#7480,#7478,#7481,.T.);
#6309=EDGE_CURVE('',#7482,#7480,#7483,.T.);
#6310=EDGE_CURVE('',#7484,#7482,#7485,.T.);
#6311=EDGE_CURVE('',#7383,#7484,#7486,.T.);
#6312=EDGE_CURVE('',#7484,#7487,#7488,.T.);
#6313=EDGE_CURVE('',#7385,#7487,#7489,.T.);
#6314=EDGE_CURVE('',#7487,#7490,#7491,.T.);
#6315=EDGE_CURVE('',#7490,#7492,#7493,.T.);
#6316=EDGE_CURVE('',#7492,#7494,#7495,.T.);
#6317=EDGE_CURVE('',#7494,#7463,#7496,.T.);
#6318=EDGE_CURVE('',#7478,#7494,#7497,.T.);
#6319=EDGE_CURVE('',#7480,#7492,#7498,.T.);
#6320=EDGE_CURVE('',#7482,#7490,#7499,.T.);
#6321=EDGE_CURVE('',#7269,#7500,#7501,.T.);
#6322=EDGE_CURVE('',#7239,#7500,#7502,.T.);
#6323=EDGE_CURVE('',#7500,#7503,#7504,.T.);
#6324=EDGE_CURVE('',#7240,#7503,#7505,.T.);
#6325=EDGE_CURVE('',#7503,#7506,#7507,.T.);
#6326=EDGE_CURVE('',#7508,#7506,#7509,.T.);
#6327=EDGE_CURVE('',#7240,#7508,#7510,.T.);
#6328=EDGE_CURVE('',#7511,#7508,#7512,.T.);
#6329=EDGE_CURVE('',#7242,#7511,#7513,.T.);
#6330=EDGE_CURVE('',#7514,#7511,#7515,.T.);
#6331=EDGE_CURVE('',#7516,#7514,#7517,.T.);
#6332=EDGE_CURVE('',#7516,#7242,#7518,.T.);
#6333=EDGE_CURVE('',#7519,#7516,#7520,.T.);
#6334=EDGE_CURVE('',#7519,#7244,#7521,.T.);
#6335=EDGE_CURVE('',#7281,#7519,#7522,.T.);
#6336=EDGE_CURVE('',#7500,#7519,#7523,.T.);
#6337=EDGE_CURVE('',#7503,#7516,#7524,.T.);
#6338=EDGE_CURVE('',#7506,#7514,#7525,.T.);
#6339=EDGE_CURVE('',#7418,#7300,#7526,.T.);
#6340=EDGE_CURVE('',#7295,#7527,#7528,.T.);
#6341=EDGE_CURVE('',#7423,#7527,#7529,.T.);
#6342=EDGE_CURVE('',#7301,#7297,#7530,.T.);
#6343=EDGE_CURVE('',#7301,#7531,#7532,.T.);
#6344=EDGE_CURVE('',#7533,#7531,#7534,.T.);
#6345=EDGE_CURVE('',#7297,#7533,#7535,.T.);
#6346=EDGE_CURVE('',#7536,#7533,#7537,.T.);
#6347=EDGE_CURVE('',#7285,#7536,#7538,.T.);
#6348=EDGE_CURVE('',#7539,#7536,#7540,.T.);
#6349=EDGE_CURVE('',#7310,#7539,#7541,.T.);
#6350=EDGE_CURVE('',#7531,#7539,#7542,.T.);
#6351=EDGE_CURVE('',#7539,#7543,#7544,.T.);
#6352=EDGE_CURVE('',#7545,#7543,#7546,.T.);
#6353=EDGE_CURVE('',#7531,#7545,#7547,.T.);
#6354=EDGE_CURVE('',#7548,#7545,#7549,.T.);
#6355=EDGE_CURVE('',#7533,#7548,#7550,.T.);
#6356=EDGE_CURVE('',#7551,#7548,#7552,.T.);
#6357=EDGE_CURVE('',#7536,#7551,#7553,.T.);
#6358=EDGE_CURVE('',#7543,#7551,#7554,.T.);
#6359=EDGE_CURVE('',#7551,#7555,#7556,.T.);
#6360=EDGE_CURVE('',#7557,#7555,#7558,.T.);
#6361=EDGE_CURVE('',#7543,#7557,#7559,.T.);
#6362=EDGE_CURVE('',#7560,#7557,#7561,.T.);
#6363=EDGE_CURVE('',#7545,#7560,#7562,.T.);
#6364=EDGE_CURVE('',#7563,#7560,#7564,.T.);
#6365=EDGE_CURVE('',#7548,#7563,#7565,.T.);
#6366=EDGE_CURVE('',#7555,#7563,#7566,.T.);
#6367=EDGE_CURVE('',#7400,#7567,#7568,.T.);
#6368=EDGE_CURVE('',#7567,#7569,#7570,.T.);
#6369=EDGE_CURVE('',#7569,#7450,#7571,.T.);
#6370=EDGE_CURVE('',#7448,#7572,#7573,.T.);
#6371=EDGE_CURVE('',#7572,#7574,#7575,.T.);
#6372=EDGE_CURVE('',#7574,#7576,#7577,.T.);
#6373=EDGE_CURVE('',#7576,#7425,#7578,.T.);
#6374=EDGE_CURVE('',#7527,#7579,#7580,.T.);
#6375=EDGE_CURVE('',#7579,#7581,#7582,.T.);
#6376=EDGE_CURVE('',#7581,#7331,#7583,.T.);
#6377=EDGE_CURVE('',#7329,#7584,#7585,.T.);
#6378=EDGE_CURVE('',#7584,#7586,#7587,.T.);
#6379=EDGE_CURVE('',#7586,#7588,#7589,.T.);
#6380=EDGE_CURVE('',#7588,#7590,#7591,.T.);
#6381=EDGE_CURVE('',#7590,#7402,#7592,.T.);
#6382=EDGE_CURVE('',#7439,#7590,#7593,.T.);
#6383=EDGE_CURVE('',#7441,#7588,#7594,.T.);
#6384=EDGE_CURVE('',#7443,#7586,#7595,.T.);
#6385=EDGE_CURVE('',#7445,#7584,#7596,.T.);
#6386=EDGE_CURVE('',#7255,#7581,#7597,.T.);
#6387=EDGE_CURVE('',#7293,#7579,#7598,.T.);
#6388=EDGE_CURVE('',#7291,#7257,#7599,.T.);
#6389=EDGE_CURVE('',#7291,#7600,#7601,.T.);
#6390=EDGE_CURVE('',#7602,#7600,#7603,.T.);
#6391=EDGE_CURVE('',#7257,#7602,#7604,.T.);
#6392=EDGE_CURVE('',#7605,#7602,#7606,.T.);
#6393=EDGE_CURVE('',#7259,#7605,#7607,.T.);
#6394=EDGE_CURVE('',#7608,#7605,#7609,.T.);
#6395=EDGE_CURVE('',#7289,#7608,#7610,.T.);
#6396=EDGE_CURVE('',#7289,#7259,#7611,.T.);
#6397=EDGE_CURVE('',#7287,#7569,#7612,.T.);
#6398=EDGE_CURVE('',#7261,#7567,#7613,.T.);
#6399=EDGE_CURVE('',#7600,#7608,#7614,.T.);
#6400=EDGE_CURVE('',#7608,#7615,#7616,.T.);
#6401=EDGE_CURVE('',#7617,#7615,#7618,.T.);
#6402=EDGE_CURVE('',#7600,#7617,#7619,.T.);
#6403=EDGE_CURVE('',#7620,#7617,#7621,.T.);
#6404=EDGE_CURVE('',#7602,#7620,#7622,.T.);
#6405=EDGE_CURVE('',#7623,#7620,#7624,.T.);
#6406=EDGE_CURVE('',#7605,#7623,#7625,.T.);
#6407=EDGE_CURVE('',#7615,#7623,#7626,.T.);
#6408=EDGE_CURVE('',#7623,#7627,#7628,.T.);
#6409=EDGE_CURVE('',#7629,#7627,#7630,.T.);
#6410=EDGE_CURVE('',#7615,#7629,#7631,.T.);
#6411=EDGE_CURVE('',#7632,#7629,#7633,.T.);
#6412=EDGE_CURVE('',#7617,#7632,#7634,.T.);
#6413=EDGE_CURVE('',#7635,#7632,#7636,.T.);
#6414=EDGE_CURVE('',#7620,#7635,#7637,.T.);
#6415=EDGE_CURVE('',#7627,#7635,#7638,.T.);
#6416=EDGE_CURVE('',#7430,#7576,#7639,.T.);
#6417=EDGE_CURVE('',#7432,#7574,#7640,.T.);
#6418=EDGE_CURVE('',#7434,#7572,#7641,.T.);
#6419=EDGE_CURVE('',#7275,#7642,#7643,.T.);
#6420=EDGE_CURVE('',#7313,#7642,#7644,.T.);
#6421=EDGE_CURVE('',#7642,#7645,#7646,.T.);
#6422=EDGE_CURVE('',#7647,#7645,#7648,.T.);
#6423=EDGE_CURVE('',#7313,#7647,#7649,.T.);
#6424=EDGE_CURVE('',#7650,#7647,#7651,.T.);
#6425=EDGE_CURVE('',#7315,#7650,#7652,.T.);
#6426=EDGE_CURVE('',#7653,#7650,#7654,.T.);
#6427=EDGE_CURVE('',#7318,#7653,#7655,.T.);
#6428=EDGE_CURVE('',#7645,#7653,#7656,.T.);
#6429=EDGE_CURVE('',#7642,#7318,#7657,.T.);
#6430=EDGE_CURVE('',#7653,#7658,#7659,.T.);
#6431=EDGE_CURVE('',#7660,#7658,#7661,.T.);
#6432=EDGE_CURVE('',#7645,#7660,#7662,.T.);
#6433=EDGE_CURVE('',#7663,#7660,#7664,.T.);
#6434=EDGE_CURVE('',#7647,#7663,#7665,.T.);
#6435=EDGE_CURVE('',#7666,#7663,#7667,.T.);
#6436=EDGE_CURVE('',#7650,#7666,#7668,.T.);
#6437=EDGE_CURVE('',#7658,#7666,#7669,.T.);
#6438=VERTEX_POINT('',#7670);
#6439=VERTEX_POINT('',#7671);
#6440=B_SPLINE_CURVE_WITH_KNOTS('',3,(#7672,#7673,#7674,#7675,#7676,#7677,#7678,#7679,#7680,#7681,#7682,#7683,#7684,#7685,#7686,#7687,#7688,#7689,#7690,#7691,#7692),.UNSPECIFIED.,.F.,.F.,(4,1,1,1,1,1,1,1,1,1,1,1,1,1,1,1,1,1,4),(0.0,0.05555555555556,0.1111111111111,0.1666666666667,0.2222222222222,0.2777777777778,0.3333333333333,0.3888888888889,0.4444444444444,0.5,0.5555555555556,0.6111111111111,0.6666666666667,0.7222222222222,0.7777777777778,0.8333333333333,0.8888888888889,0.9444444444444,1.0),.UNSPECIFIED.);
#6441=VERTEX_POINT('',#7693);
#6442=LINE('',#7694,#7695);
#6443=VERTEX_POINT('',#7696);
#6444=B_SPLINE_CURVE_WITH_KNOTS('',3,(#7697,#7698,#7699,#7700,#7701,#7702,#7703,#7704,#7705,#7706,#7707,#7708,#7709,#7710,#7711,#7712,#7713,#7714,#7715,#7716,#7717,#7718,#7719,#7720,#7721),.UNSPECIFIED.,.F.,.F.,(4,1,1,1,1,1,1,1,1,1,1,1,1,1,1,1,1,1,1,1,1,1,4),(0.0,0.04545454545455,0.09090909090909,0.1363636363636,0.1818181818182,0.2272727272727,0.2727272727273,0.3181818181818,0.3636363636364,0.4090909090909,0.4545454545455,0.5,0.5454545454545,0.5909090909091,0.6363636363636,0.6818181818182,0.7272727272727,0.7727272727273,0.8181818181818,0.8636363636364,0.9090909090909,0.9545454545455,1.0),.UNSPECIFIED.);
#6445=LINE('',#7722,#7723);
#6446=VERTEX_POINT('',#7724);
#6447=VERTEX_POINT('',#7725);
#6448=B_SPLINE_CURVE_WITH_KNOTS('',3,(#7726,#7727,#7728,#7729,#7730,#7731),.UNSPECIFIED.,.F.,.F.,(4,1,1,4),(0.0,0.3333333333333,0.6666666666667,1.0),.UNSPECIFIED.);
#6449=VERTEX_POINT('',#7732);
#6450=B_SPLINE_CURVE_WITH_KNOTS('',3,(#7733,#7734,#7735,#7736,#7737,#7738),.UNSPECIFIED.,.F.,.F.,(4,1,1,4),(0.0,0.3333333333333,0.6666666666667,1.0),.UNSPECIFIED.);
#6451=VERTEX_POINT('',#7739);
#6452=B_SPLINE_CURVE_WITH_KNOTS('',3,(#7740,#7741,#7742,#7743,#7744,#7745,#7746,#7747,#7748,#7749,#7750,#7751,#7752,#7753,#7754,#7755,#7756,#7757,#7758,#7759,#7760,#7761,#7762,#7763,#7764,#7765,#7766,#7767,#7768,#7769,#7770),.UNSPECIFIED.,.F.,.F.,(4,1,1,1,1,1,1,1,1,1,1,1,1,1,1,1,1,1,1,1,1,1,1,1,1,1,1,1,4),(0.0,0.03571428571429,0.07142857142857,0.1071428571429,0.1428571428571,0.1785714285714,0.2142857142857,0.25,0.2857142857143,0.3214285714286,0.3571428571429,0.3928571428571,0.4285714285714,0.4642857142857,0.5,0.5357142857143,0.5714285714286,0.6071428571429,0.6428571428571,0.6785714285714,0.7142857142857,0.75,0.7857142857143,0.8214285714286,0.8571428571429,0.8928571428571,0.9285714285714,0.9642857142857,1.0),.UNSPECIFIED.);
#6453=LINE('',#7771,#7772);
#6454=VERTEX_POINT('',#7773);
#6455=LINE('',#7774,#7775);
#6456=B_SPLINE_CURVE_WITH_KNOTS('',3,(#7776,#7777,#7778,#7779,#7780,#7781),.UNSPECIFIED.,.F.,.F.,(4,1,1,4),(0.0,0.3333333333333,0.6666666666667,1.0),.UNSPECIFIED.);
#6457=VERTEX_POINT('',#7782);
#6458=LINE('',#7783,#7784);
#6459=VERTEX_POINT('',#7785);
#6460=B_SPLINE_CURVE_WITH_KNOTS('',3,(#7786,#7787,#7788,#7789,#7790,#7791),.UNSPECIFIED.,.F.,.F.,(4,1,1,4),(0.0,0.3333333333333,0.6666666666667,1.0),.UNSPECIFIED.);
#6461=LINE('',#7792,#7793);
#6462=VERTEX_POINT('',#7794);
#6463=VERTEX_POINT('',#7795);
#6464=B_SPLINE_CURVE_WITH_KNOTS('',3,(#7796,#7797,#7798,#7799,#7800,#7801),.UNSPECIFIED.,.F.,.F.,(4,1,1,4),(0.0,0.3333333333333,0.6666666666667,1.0),.UNSPECIFIED.);
#6465=VERTEX_POINT('',#7802);
#6466=LINE('',#7803,#7804);
#6467=VERTEX_POINT('',#7805);
#6468=B_SPLINE_CURVE_WITH_KNOTS('',3,(#7806,#7807,#7808,#7809,#7810,#7811),.UNSPECIFIED.,.F.,.F.,(4,1,1,4),(0.0,0.3333333333333,0.6666666666667,1.0),.UNSPECIFIED.);
#6469=LINE('',#7812,#7813);
#6470=VERTEX_POINT('',#7814);
#6471=B_SPLINE_CURVE_WITH_KNOTS('',3,(#7815,#7816,#7817,#7818,#7819,#7820),.UNSPECIFIED.,.F.,.F.,(4,1,1,4),(0.0,0.3333333333333,0.6666666666667,1.0),.UNSPECIFIED.);
#6472=LINE('',#7821,#7822);
#6473=VERTEX_POINT('',#7823);
#6474=B_SPLINE_CURVE_WITH_KNOTS('',3,(#7824,#7825,#7826,#7827,#7828,#7829),.UNSPECIFIED.,.F.,.F.,(4,1,1,4),(0.0,0.3333333333333,0.6666666666667,1.0),.UNSPECIFIED.);
#6475=VERTEX_POINT('',#7830);
#6476=LINE('',#7831,#7832);
#6477=B_SPLINE_CURVE_WITH_KNOTS('',3,(#7833,#7834,#7835,#7836,#7837,#7838),.UNSPECIFIED.,.F.,.F.,(4,1,1,4),(0.0,0.3333333333333,0.6666666666667,1.0),.UNSPECIFIED.);
#6478=VERTEX_POINT('',#7839);
#6479=B_SPLINE_CURVE_WITH_KNOTS('',3,(#7840,#7841,#7842,#7843,#7844,#7845,#7846,#7847,#7848,#7849,#7850),.UNSPECIFIED.,.F.,.F.,(4,1,1,1,1,1,1,1,4),(0.0,0.125,0.25,0.375,0.5,0.625,0.75,0.875,1.0),.UNSPECIFIED.);
#6480=LINE('',#7851,#7852);
#6481=VERTEX_POINT('',#7853);
#6482=B_SPLINE_CURVE_WITH_KNOTS('',3,(#7854,#7855,#7856,#7857,#7858,#7859),.UNSPECIFIED.,.F.,.F.,(4,1,1,4),(0.0,0.3333333333333,0.6666666666667,1.0),.UNSPECIFIED.);
#6483=VERTEX_POINT('',#7860);
#6484=LINE('',#7861,#7862);
#6485=B_SPLINE_CURVE_WITH_KNOTS('',3,(#7863,#7864,#7865,#7866,#7867,#7868,#7869,#7870,#7871,#7872,#7873),.UNSPECIFIED.,.F.,.F.,(4,1,1,1,1,1,1,1,4),(0.0,0.125,0.25,0.375,0.5,0.625,0.75,0.875,1.0),.UNSPECIFIED.);
#6486=VERTEX_POINT('',#7874);
#6487=B_SPLINE_CURVE_WITH_KNOTS('',3,(#7875,#7876,#7877,#7878,#7879,#7880,#7881,#7882,#7883,#7884,#7885,#7886,#7887,#7888,#7889,#7890,#7891,#7892,#7893,#7894,#7895,#7896,#7897,#7898,#7899,#7900,#7901,#7902,#7903,#7904,#7905),.UNSPECIFIED.,.F.,.F.,(4,1,1,1,1,1,1,1,1,1,1,1,1,1,1,1,1,1,1,1,1,1,1,1,1,1,1,1,4),(0.0,0.03571428571429,0.07142857142857,0.1071428571429,0.1428571428571,0.1785714285714,0.2142857142857,0.25,0.2857142857143,0.3214285714286,0.3571428571429,0.3928571428571,0.4285714285714,0.4642857142857,0.5,0.5357142857143,0.5714285714286,0.6071428571429,0.6428571428571,0.6785714285714,0.7142857142857,0.75,0.7857142857143,0.8214285714286,0.8571428571429,0.8928571428571,0.9285714285714,0.9642857142857,1.0),.UNSPECIFIED.);
#6488=LINE('',#7906,#7907);
#6489=VERTEX_POINT('',#7908);
#6490=B_SPLINE_CURVE_WITH_KNOTS('',3,(#7909,#7910,#7911,#7912,#7913,#7914,#7915,#7916,#7917,#7918,#7919,#7920,#7921,#7922,#7923,#7924,#7925,#7926,#7927,#7928,#7929,#7930,#7931,#7932,#7933,#7934,#7935,#7936,#7937,#7938,#7939),.UNSPECIFIED.,.F.,.F.,(4,1,1,1,1,1,1,1,1,1,1,1,1,1,1,1,1,1,1,1,1,1,1,1,1,1,1,1,4),(0.0,0.03571428571429,0.07142857142857,0.1071428571429,0.1428571428571,0.1785714285714,0.2142857142857,0.25,0.2857142857143,0.3214285714286,0.3571428571429,0.3928571428571,0.4285714285714,0.4642857142857,0.5,0.5357142857143,0.5714285714286,0.6071428571429,0.6428571428571,0.6785714285714,0.7142857142857,0.75,0.7857142857143,0.8214285714286,0.8571428571429,0.8928571428571,0.9285714285714,0.9642857142857,1.0),.UNSPECIFIED.);
#6491=VERTEX_POINT('',#7940);
#6492=LINE('',#7941,#7942);
#6493=B_SPLINE_CURVE_WITH_KNOTS('',3,(#7943,#7944,#7945,#7946,#7947,#7948,#7949,#7950,#7951,#7952,#7953,#7954,#7955,#7956,#7957,#7958,#7959,#7960,#7961,#7962,#7963,#7964,#7965,#7966,#7967,#7968,#7969,#7970,#7971,#7972,#7973),.UNSPECIFIED.,.F.,.F.,(4,1,1,1,1,1,1,1,1,1,1,1,1,1,1,1,1,1,1,1,1,1,1,1,1,1,1,1,4),(0.0,0.03571428571429,0.07142857142857,0.1071428571429,0.1428571428571,0.1785714285714,0.2142857142857,0.25,0.2857142857143,0.3214285714286,0.3571428571429,0.3928571428571,0.4285714285714,0.4642857142857,0.5,0.5357142857143,0.5714285714286,0.6071428571429,0.6428571428571,0.6785714285714,0.7142857142857,0.75,0.7857142857143,0.8214285714286,0.8571428571429,0.8928571428571,0.9285714285714,0.9642857142857,1.0),.UNSPECIFIED.);
#6494=VERTEX_POINT('',#7974);
#6495=LINE('',#7975,#7976);
#6496=VERTEX_POINT('',#7977);
#6497=LINE('',#7978,#7979);
#6498=LINE('',#7980,#7981);
#6499=VERTEX_POINT('',#7982);
#6500=LINE('',#7983,#7984);
#6501=VERTEX_POINT('',#7985);
#6502=LINE('',#7986,#7987);
#6503=LINE('',#7988,#7989);
#6504=VERTEX_POINT('',#7990);
#6505=VERTEX_POINT('',#7991);
#6506=LINE('',#7992,#7993);
#6507=LINE('',#7994,#7995);
#6508=VERTEX_POINT('',#7996);
#6509=LINE('',#7997,#7998);
#6510=LINE('',#7999,#8000);
#6511=VERTEX_POINT('',#8001);
#6512=LINE('',#8002,#8003);
#6513=VERTEX_POINT('',#8004);
#6514=LINE('',#8005,#8006);
#6515=LINE('',#8007,#8008);
#6516=VERTEX_POINT('',#8009);
#6517=B_SPLINE_CURVE_WITH_KNOTS('',3,(#8010,#8011,#8012,#8013,#8014,#8015,#8016,#8017,#8018,#8019,#8020),.UNSPECIFIED.,.F.,.F.,(4,1,1,1,1,1,1,1,4),(0.0,0.125,0.25,0.375,0.5,0.625,0.75,0.875,1.0),.UNSPECIFIED.);
#6518=VERTEX_POINT('',#8021);
#6519=B_SPLINE_CURVE_WITH_KNOTS('',3,(#8022,#8023,#8024,#8025,#8026,#8027,#8028,#8029,#8030,#8031,#8032,#8033,#8034,#8035,#8036),.UNSPECIFIED.,.F.,.F.,(4,1,1,1,1,1,1,1,1,1,1,1,4),(0.0,0.08333333333333,0.1666666666667,0.25,0.3333333333333,0.4166666666667,0.5,0.5833333333333,0.6666666666667,0.75,0.8333333333333,0.9166666666667,1.0),.UNSPECIFIED.);
#6520=VERTEX_POINT('',#8037);
#6521=LINE('',#8038,#8039);
#6522=VERTEX_POINT('',#8040);
#6523=B_SPLINE_CURVE_WITH_KNOTS('',3,(#8041,#8042,#8043,#8044,#8045,#8046,#8047,#8048,#8049,#8050,#8051,#8052),.UNSPECIFIED.,.F.,.F.,(4,1,1,1,1,1,1,1,1,4),(0.0,0.1111111111111,0.2222222222222,0.3333333333333,0.4444444444444,0.5555555555556,0.6666666666667,0.7777777777778,0.8888888888889,1.0),.UNSPECIFIED.);
#6524=B_SPLINE_CURVE_WITH_KNOTS('',3,(#8053,#8054,#8055,#8056,#8057,#8058,#8059,#8060,#8061,#8062,#8063,#8064,#8065,#8066),.UNSPECIFIED.,.F.,.F.,(4,1,1,1,1,1,1,1,1,1,1,4),(0.0,0.09090909090909,0.1818181818182,0.2727272727273,0.3636363636364,0.4545454545455,0.5454545454545,0.6363636363636,0.7272727272727,0.8181818181818,0.9090909090909,1.0),.UNSPECIFIED.);
#6525=LINE('',#8067,#8068);
#6526=VERTEX_POINT('',#8069);
#6527=VERTEX_POINT('',#8070);
#6528=LINE('',#8071,#8072);
#6529=CIRCLE('',#8073,0.7);
#6530=VERTEX_POINT('',#8074);
#6531=B_SPLINE_CURVE_WITH_KNOTS('',3,(#8075,#8076,#8077,#8078,#8079,#8080,#8081,#8082,#8083,#8084,#8085),.UNSPECIFIED.,.F.,.F.,(4,1,1,1,1,1,1,1,4),(0.0,0.125,0.25,0.375,0.5,0.625,0.75,0.875,1.0),.UNSPECIFIED.);
#6532=VERTEX_POINT('',#8086);
#6533=CIRCLE('',#8087,1.0);
#6534=VERTEX_POINT('',#8088);
#6535=LINE('',#8089,#8090);
#6536=VERTEX_POINT('',#8091);
#6537=B_SPLINE_CURVE_WITH_KNOTS('',3,(#8092,#8093,#8094,#8095,#8096,#8097,#8098,#8099,#8100,#8101,#8102,#8103,#8104,#8105,#8106,#8107),.UNSPECIFIED.,.F.,.F.,(4,1,1,1,1,1,1,1,1,1,1,1,1,4),(0.0,0.07692307692308,0.1538461538462,0.2307692307692,0.3076923076923,0.3846153846154,0.4615384615385,0.5384615384615,0.6153846153846,0.6923076923077,0.7692307692308,0.8461538461538,0.9230769230769,1.0),.UNSPECIFIED.);
#6538=VERTEX_POINT('',#8108);
#6539=B_SPLINE_CURVE_WITH_KNOTS('',3,(#8109,#8110,#8111,#8112,#8113,#8114),.UNSPECIFIED.,.F.,.F.,(4,1,1,4),(0.0,0.3333333333333,0.6666666666667,1.0),.UNSPECIFIED.);
#6540=B_SPLINE_CURVE_WITH_KNOTS('',3,(#8115,#8116,#8117,#8118,#8119,#8120,#8121,#8122,#8123,#8124,#8125,#8126),.UNSPECIFIED.,.F.,.F.,(4,1,1,1,1,1,1,1,1,4),(0.0,0.1111111111111,0.2222222222222,0.3333333333333,0.4444444444444,0.5555555555556,0.6666666666667,0.7777777777778,0.8888888888889,1.0),.UNSPECIFIED.);
#6541=VERTEX_POINT('',#8127);
#6542=B_SPLINE_CURVE_WITH_KNOTS('',3,(#8128,#8129,#8130,#8131,#8132,#8133,#8134,#8135,#8136,#8137,#8138,#8139,#8140,#8141),.UNSPECIFIED.,.F.,.F.,(4,1,1,1,1,1,1,1,1,1,1,4),(0.0,0.09090909090909,0.1818181818182,0.2727272727273,0.3636363636364,0.4545454545455,0.5454545454545,0.6363636363636,0.7272727272727,0.8181818181818,0.9090909090909,1.0),.UNSPECIFIED.);
#6543=VERTEX_POINT('',#8142);
#6544=LINE('',#8143,#8144);
#6545=VERTEX_POINT('',#8145);
#6546=B_SPLINE_CURVE_WITH_KNOTS('',3,(#8146,#8147,#8148,#8149,#8150,#8151,#8152,#8153,#8154,#8155,#8156,#8157,#8158,#8159,#8160),.UNSPECIFIED.,.F.,.F.,(4,1,1,1,1,1,1,1,1,1,1,1,4),(0.0,0.08333333333333,0.1666666666667,0.25,0.3333333333333,0.4166666666667,0.5,0.5833333333333,0.6666666666667,0.75,0.8333333333333,0.9166666666667,1.0),.UNSPECIFIED.);
#6547=VERTEX_POINT('',#8161);
#6548=B_SPLINE_CURVE_WITH_KNOTS('',3,(#8162,#8163,#8164,#8165,#8166,#8167,#8168,#8169,#8170,#8171,#8172),.UNSPECIFIED.,.F.,.F.,(4,1,1,1,1,1,1,1,4),(0.0,0.125,0.25,0.375,0.5,0.625,0.75,0.875,1.0),.UNSPECIFIED.);
#6549=LINE('',#8173,#8174);
#6550=VERTEX_POINT('',#8175);
#6551=LINE('',#8176,#8177);
#6552=VERTEX_POINT('',#8178);
#6553=LINE('',#8179,#8180);
#6554=LINE('',#8181,#8182);
#6555=LINE('',#8183,#8184);
#6556=VERTEX_POINT('',#8185);
#6557=LINE('',#8186,#8187);
#6558=LINE('',#8188,#8189);
#6559=LINE('',#8190,#8191);
#6560=VERTEX_POINT('',#8192);
#6561=LINE('',#8193,#8194);
#6562=B_SPLINE_CURVE_WITH_KNOTS('',3,(#8195,#8196,#8197,#8198,#8199,#8200,#8201,#8202,#8203,#8204),.UNSPECIFIED.,.F.,.F.,(4,1,1,1,1,1,1,4),(0.0,0.1428571428571,0.2857142857143,0.4285714285714,0.5714285714286,0.7142857142857,0.8571428571429,1.0),.UNSPECIFIED.);
#6563=VERTEX_POINT('',#8205);
#6564=LINE('',#8206,#8207);
#6565=VERTEX_POINT('',#8208);
#6566=B_SPLINE_CURVE_WITH_KNOTS('',3,(#8209,#8210,#8211,#8212,#8213,#8214,#8215),.UNSPECIFIED.,.F.,.F.,(4,1,1,1,4),(0.0,0.25,0.5,0.75,1.0),.UNSPECIFIED.);
#6567=VERTEX_POINT('',#8216);
#6568=B_SPLINE_CURVE_WITH_KNOTS('',3,(#8217,#8218,#8219,#8220,#8221,#8222,#8223,#8224,#8225,#8226,#8227,#8228,#8229,#8230,#8231,#8232,#8233,#8234),.UNSPECIFIED.,.F.,.F.,(4,1,1,1,1,1,1,1,1,1,1,1,1,1,1,4),(0.0,0.06666666666667,0.1333333333333,0.2,0.2666666666667,0.3333333333333,0.4,0.4666666666667,0.5333333333333,0.6,0.6666666666667,0.7333333333333,0.8,0.8666666666667,0.9333333333333,1.0),.UNSPECIFIED.);
#6569=LINE('',#8235,#8236);
#6570=B_SPLINE_CURVE_WITH_KNOTS('',3,(#8237,#8238,#8239,#8240,#8241,#8242),.UNSPECIFIED.,.F.,.F.,(4,1,1,4),(0.0,0.3333333333333,0.6666666666667,1.0),.UNSPECIFIED.);
#6571=VERTEX_POINT('',#8243);
#6572=LINE('',#8244,#8245);
#6573=VERTEX_POINT('',#8246);
#6574=CIRCLE('',#8247,0.8);
#6575=B_SPLINE_CURVE_WITH_KNOTS('',3,(#8248,#8249,#8250,#8251,#8252,#8253),.UNSPECIFIED.,.F.,.F.,(4,1,1,4),(0.0,0.3333333333333,0.6666666666667,1.0),.UNSPECIFIED.);
#6576=VERTEX_POINT('',#8254);
#6577=LINE('',#8255,#8256);
#6578=VERTEX_POINT('',#8257);
#6579=CIRCLE('',#8258,0.5);
#6580=LINE('',#8259,#8260);
#6581=LINE('',#8261,#8262);
#6582=LINE('',#8263,#8264);
#6583=VERTEX_POINT('',#8265);
#6584=LINE('',#8266,#8267);
#6585=LINE('',#8268,#8269);
#6586=LINE('',#8270,#8271);
#6587=VERTEX_POINT('',#8272);
#6588=LINE('',#8273,#8274);
#6589=LINE('',#8275,#8276);
#6590=VERTEX_POINT('',#8277);
#6591=LINE('',#8278,#8279);
#6592=VERTEX_POINT('',#8280);
#6593=LINE('',#8281,#8282);
#6594=VERTEX_POINT('',#8283);
#6595=LINE('',#8284,#8285);
#6596=VERTEX_POINT('',#8286);
#6597=LINE('',#8287,#8288);
#6598=LINE('',#8289,#8290);
#6599=VERTEX_POINT('',#8291);
#6600=LINE('',#8292,#8293);
#6601=LINE('',#8294,#8295);
#6602=VERTEX_POINT('',#8296);
#6603=LINE('',#8297,#8298);
#6604=VERTEX_POINT('',#8299);
#6605=LINE('',#8300,#8301);
#6606=VERTEX_POINT('',#8302);
#6607=LINE('',#8303,#8304);
#6608=VERTEX_POINT('',#8305);
#6609=LINE('',#8306,#8307);
#6610=LINE('',#8308,#8309);
#6611=LINE('',#8310,#8311);
#6612=VERTEX_POINT('',#8312);
#6613=B_SPLINE_CURVE_WITH_KNOTS('',3,(#8313,#8314,#8315,#8316,#8317,#8318,#8319,#8320,#8321,#8322,#8323,#8324,#8325,#8326,#8327,#8328,#8329,#8330,#8331,#8332,#8333,#8334,#8335,#8336,#8337),.UNSPECIFIED.,.F.,.F.,(4,1,1,1,1,1,1,1,1,1,1,1,1,1,1,1,1,1,1,1,1,1,4),(0.0,0.04545454545455,0.09090909090909,0.1363636363636,0.1818181818182,0.2272727272727,0.2727272727273,0.3181818181818,0.3636363636364,0.4090909090909,0.4545454545455,0.5,0.5454545454545,0.5909090909091,0.6363636363636,0.6818181818182,0.7272727272727,0.7727272727273,0.8181818181818,0.8636363636364,0.9090909090909,0.9545454545455,1.0),.UNSPECIFIED.);
#6614=VERTEX_POINT('',#8338);
#6615=LINE('',#8339,#8340);
#6616=B_SPLINE_CURVE_WITH_KNOTS('',3,(#8341,#8342,#8343,#8344,#8345,#8346,#8347,#8348,#8349,#8350,#8351,#8352,#8353,#8354,#8355,#8356,#8357,#8358,#8359,#8360,#8361),.UNSPECIFIED.,.F.,.F.,(4,1,1,1,1,1,1,1,1,1,1,1,1,1,1,1,1,1,4),(0.0,0.05555555555556,0.1111111111111,0.1666666666667,0.2222222222222,0.2777777777778,0.3333333333333,0.3888888888889,0.4444444444444,0.5,0.5555555555556,0.6111111111111,0.6666666666667,0.7222222222222,0.7777777777778,0.8333333333333,0.8888888888889,0.9444444444444,1.0),.UNSPECIFIED.);
#6617=VERTEX_POINT('',#8362);
#6618=B_SPLINE_CURVE_WITH_KNOTS('',3,(#8363,#8364,#8365,#8366,#8367,#8368),.UNSPECIFIED.,.F.,.F.,(4,1,1,4),(0.0,0.3333333333333,0.6666666666667,1.0),.UNSPECIFIED.);
#6619=VERTEX_POINT('',#8369);
#6620=CIRCLE('',#8370,0.7);
#6621=VERTEX_POINT('',#8371);
#6622=B_SPLINE_CURVE_WITH_KNOTS('',3,(#8372,#8373,#8374,#8375,#8376),.UNSPECIFIED.,.F.,.F.,(4,1,4),(0.0,0.5,1.0),.UNSPECIFIED.);
#6623=B_SPLINE_CURVE_WITH_KNOTS('',3,(#8377,#8378,#8379,#8380,#8381,#8382),.UNSPECIFIED.,.F.,.F.,(4,1,1,4),(0.0,0.3333333333333,0.6666666666667,1.0),.UNSPECIFIED.);
#6624=VERTEX_POINT('',#8383);
#6625=LINE('',#8384,#8385);
#6626=LINE('',#8386,#8387);
#6627=LINE('',#8388,#8389);
#6628=VERTEX_POINT('',#8390);
#6629=LINE('',#8391,#8392);
#6630=VERTEX_POINT('',#8393);
#6631=LINE('',#8394,#8395);
#6632=LINE('',#8396,#8397);
#6633=VERTEX_POINT('',#8398);
#6634=CIRCLE('',#8399,0.45);
#6635=LINE('',#8400,#8401);
#6636=VERTEX_POINT('',#8402);
#6637=LINE('',#8403,#8404);
#6638=VERTEX_POINT('',#8405);
#6639=LINE('',#8406,#8407);
#6640=VERTEX_POINT('',#8408);
#6641=LINE('',#8409,#8410);
#6642=LINE('',#8411,#8412);
#6643=VERTEX_POINT('',#8413);
#6644=LINE('',#8414,#8415);
#6645=LINE('',#8416,#8417);
#6646=VERTEX_POINT('',#8418);
#6647=LINE('',#8419,#8420);
#6648=VERTEX_POINT('',#8421);
#6649=LINE('',#8422,#8423);
#6650=VERTEX_POINT('',#8424);
#6651=LINE('',#8425,#8426);
#6652=VERTEX_POINT('',#8427);
#6653=LINE('',#8428,#8429);
#6654=LINE('',#8430,#8431);
#6655=VERTEX_POINT('',#8432);
#6656=LINE('',#8433,#8434);
#6657=LINE('',#8435,#8436);
#6658=LINE('',#8437,#8438);
#6659=LINE('',#8439,#8440);
#6660=LINE('',#8441,#8442);
#6661=VERTEX_POINT('',#8443);
#6662=B_SPLINE_CURVE_WITH_KNOTS('',3,(#8444,#8445,#8446,#8447,#8448,#8449,#8450,#8451,#8452,#8453,#8454,#8455,#8456,#8457,#8458,#8459,#8460,#8461,#8462,#8463,#8464,#8465,#8466,#8467,#8468),.UNSPECIFIED.,.F.,.F.,(4,1,1,1,1,1,1,1,1,1,1,1,1,1,1,1,1,1,1,1,1,1,4),(0.0,0.04545454545455,0.09090909090909,0.1363636363636,0.1818181818182,0.2272727272727,0.2727272727273,0.3181818181818,0.3636363636364,0.4090909090909,0.4545454545455,0.5,0.5454545454545,0.5909090909091,0.6363636363636,0.6818181818182,0.7272727272727,0.7727272727273,0.8181818181818,0.8636363636364,0.9090909090909,0.9545454545455,1.0),.UNSPECIFIED.);
#6663=VERTEX_POINT('',#8469);
#6664=CIRCLE('',#8470,0.5);
#6665=VERTEX_POINT('',#8471);
#6666=CIRCLE('',#8472,0.5);
#6667=VERTEX_POINT('',#8473);
#6668=CIRCLE('',#8474,0.5);
#6669=VERTEX_POINT('',#8475);
#6670=CIRCLE('',#8476,0.5);
#6671=B_SPLINE_CURVE_WITH_KNOTS('',3,(#8477,#8478,#8479,#8480,#8481,#8482,#8483,#8484,#8485,#8486,#8487,#8488,#8489,#8490,#8491,#8492,#8493,#8494,#8495,#8496,#8497,#8498,#8499,#8500,#8501),.UNSPECIFIED.,.F.,.F.,(4,1,1,1,1,1,1,1,1,1,1,1,1,1,1,1,1,1,1,1,1,1,4),(0.0,0.04545454545455,0.09090909090909,0.1363636363636,0.1818181818182,0.2272727272727,0.2727272727273,0.3181818181818,0.3636363636364,0.4090909090909,0.4545454545455,0.5,0.5454545454545,0.5909090909091,0.6363636363636,0.6818181818182,0.7272727272727,0.7727272727273,0.8181818181818,0.8636363636364,0.9090909090909,0.9545454545455,1.0),.UNSPECIFIED.);
#6672=VERTEX_POINT('',#8502);
#6673=LINE('',#8503,#8504);
#6674=CIRCLE('',#8505,0.25);
#6675=VERTEX_POINT('',#8506);
#6676=LINE('',#8507,#8508);
#6677=CIRCLE('',#8509,0.25);
#6678=VERTEX_POINT('',#8510);
#6679=LINE('',#8511,#8512);
#6680=CIRCLE('',#8513,0.25);
#6681=VERTEX_POINT('',#8514);
#6682=CIRCLE('',#8515,0.25);
#6683=LINE('',#8516,#8517);
#6684=VERTEX_POINT('',#8518);
#6685=LINE('',#8519,#8520);
#6686=LINE('',#8521,#8522);
#6687=VERTEX_POINT('',#8523);
#6688=CIRCLE('',#8524,0.45);
#6689=LINE('',#8525,#8526);
#6690=CIRCLE('',#8527,0.25);
#6691=VERTEX_POINT('',#8528);
#6692=LINE('',#8529,#8530);
#6693=LINE('',#8531,#8532);
#6694=VERTEX_POINT('',#8533);
#6695=LINE('',#8534,#8535);
#6696=VERTEX_POINT('',#8536);
#6697=LINE('',#8537,#8538);
#6698=LINE('',#8539,#8540);
#6699=VERTEX_POINT('',#8541);
#6700=LINE('',#8542,#8543);
#6701=LINE('',#8544,#8545);
#6702=VERTEX_POINT('',#8546);
#6703=CIRCLE('',#8547,0.325);
#6704=LINE('',#8548,#8549);
#6705=CIRCLE('',#8550,0.45);
#6706=VERTEX_POINT('',#8551);
#6707=LINE('',#8552,#8553);
#6708=LINE('',#8554,#8555);
#6709=VERTEX_POINT('',#8556);
#6710=CIRCLE('',#8557,0.325);
#6711=LINE('',#8558,#8559);
#6712=VERTEX_POINT('',#8560);
#6713=LINE('',#8561,#8562);
#6714=LINE('',#8563,#8564);
#6715=CIRCLE('',#8565,0.325);
#6716=CIRCLE('',#8566,0.45);
#6717=VERTEX_POINT('',#8567);
#6718=CIRCLE('',#8568,1.199730283927);
#6719=VERTEX_POINT('',#8569);
#6720=CIRCLE('',#8570,0.2857381146012);
#6721=CIRCLE('',#8571,1.199730283927);
#6722=VERTEX_POINT('',#8572);
#6723=LINE('',#8573,#8574);
#6724=B_SPLINE_CURVE_WITH_KNOTS('',3,(#8575,#8576,#8577,#8578,#8579,#8580,#8581,#8582,#8583,#8584),.UNSPECIFIED.,.F.,.F.,(4,1,1,1,1,1,1,4),(0.0,0.1428571428571,0.2857142857143,0.4285714285714,0.5714285714286,0.7142857142857,0.8571428571429,1.0),.UNSPECIFIED.);
#6725=VERTEX_POINT('',#8585);
#6726=LINE('',#8586,#8587);
#6727=CIRCLE('',#8588,1.199730283927);
#6728=VERTEX_POINT('',#8589);
#6729=CIRCLE('',#8590,0.2857381146012);
#6730=CIRCLE('',#8591,1.199730283927);
#6731=VERTEX_POINT('',#8592);
#6732=LINE('',#8593,#8594);
#6733=CIRCLE('',#8595,1.199730283927);
#6734=VERTEX_POINT('',#8596);
#6735=CIRCLE('',#8597,0.2857381146012);
#6736=CIRCLE('',#8598,1.199730283927);
#6737=LINE('',#8599,#8600);
#6738=VERTEX_POINT('',#8601);
#6739=LINE('',#8602,#8603);
#6740=VERTEX_POINT('',#8604);
#6741=LINE('',#8605,#8606);
#6742=LINE('',#8607,#8608);
#6743=VERTEX_POINT('',#8609);
#6744=VERTEX_POINT('',#8610);
#6745=LINE('',#8611,#8612);
#6746=VERTEX_POINT('',#8613);
#6747=LINE('',#8614,#8615);
#6748=VERTEX_POINT('',#8616);
#6749=LINE('',#8617,#8618);
#6750=LINE('',#8619,#8620);
#6751=VERTEX_POINT('',#8621);
#6752=LINE('',#8622,#8623);
#6753=VERTEX_POINT('',#8624);
#6754=LINE('',#8625,#8626);
#6755=LINE('',#8627,#8628);
#6756=VERTEX_POINT('',#8629);
#6757=CIRCLE('',#8630,0.25);
#6758=VERTEX_POINT('',#8631);
#6759=LINE('',#8632,#8633);
#6760=CIRCLE('',#8634,0.25);
#6761=VERTEX_POINT('',#8635);
#6762=CIRCLE('',#8636,0.2065451186695);
#6763=VERTEX_POINT('',#8637);
#6764=LINE('',#8638,#8639);
#6765=CIRCLE('',#8640,0.2462648863316);
#6766=LINE('',#8641,#8642);
#6767=VERTEX_POINT('',#8643);
#6768=VERTEX_POINT('',#8644);
#6769=LINE('',#8645,#8646);
#6770=VERTEX_POINT('',#8647);
#6771=CIRCLE('',#8648,0.25);
#6772=VERTEX_POINT('',#8649);
#6773=LINE('',#8650,#8651);
#6774=LINE('',#8652,#8653);
#6775=CIRCLE('',#8654,0.25);
#6776=VERTEX_POINT('',#8655);
#6777=VERTEX_POINT('',#8656);
#6778=CIRCLE('',#8657,0.03948888087503);
#6779=VERTEX_POINT('',#8658);
#6780=LINE('',#8659,#8660);
#6781=VERTEX_POINT('',#8661);
#6782=LINE('',#8662,#8663);
#6783=VERTEX_POINT('',#8664);
#6784=LINE('',#8665,#8666);
#6785=VERTEX_POINT('',#8667);
#6786=CIRCLE('',#8668,0.2462648863316);
#6787=VERTEX_POINT('',#8669);
#6788=LINE('',#8670,#8671);
#6789=VERTEX_POINT('',#8672);
#6790=LINE('',#8673,#8674);
#6791=LINE('',#8675,#8676);
#6792=VERTEX_POINT('',#8677);
#6793=VERTEX_POINT('',#8678);
#6794=CIRCLE('',#8679,0.03948888087503);
#6795=VERTEX_POINT('',#8680);
#6796=LINE('',#8681,#8682);
#6797=LINE('',#8683,#8684);
#6798=VERTEX_POINT('',#8685);
#6799=LINE('',#8686,#8687);
#6800=VERTEX_POINT('',#8688);
#6801=LINE('',#8689,#8690);
#6802=VERTEX_POINT('',#8691);
#6803=LINE('',#8692,#8693);
#6804=LINE('',#8694,#8695);
#6805=VERTEX_POINT('',#8696);
#6806=LINE('',#8697,#8698);
#6807=CIRCLE('',#8699,0.25);
#6808=LINE('',#8700,#8701);
#6809=VERTEX_POINT('',#8702);
#6810=LINE('',#8703,#8704);
#6811=LINE('',#8705,#8706);
#6812=VERTEX_POINT('',#8707);
#6813=LINE('',#8708,#8709);
#6814=VERTEX_POINT('',#8710);
#6815=LINE('',#8711,#8712);
#6816=LINE('',#8713,#8714);
#6817=LINE('',#8715,#8716);
#6818=VERTEX_POINT('',#8717);
#6819=LINE('',#8718,#8719);
#6820=CIRCLE('',#8720,0.25);
#6821=VERTEX_POINT('',#8721);
#6822=LINE('',#8722,#8723);
#6823=CIRCLE('',#8724,0.2065451186695);
#6824=LINE('',#8725,#8726);
#6825=VERTEX_POINT('',#8727);
#6826=CIRCLE('',#8728,0.2);
#6827=VERTEX_POINT('',#8729);
#6828=CIRCLE('',#8730,0.2265252031705);
#6829=CIRCLE('',#8731,0.2);
#6830=VERTEX_POINT('',#8732);
#6831=LINE('',#8733,#8734);
#6832=CIRCLE('',#8735,0.2);
#6833=VERTEX_POINT('',#8736);
#6834=VERTEX_POINT('',#8737);
#6835=LINE('',#8738,#8739);
#6836=VERTEX_POINT('',#8740);
#6837=LINE('',#8741,#8742);
#6838=VERTEX_POINT('',#8743);
#6839=CIRCLE('',#8744,0.2);
#6840=VERTEX_POINT('',#8745);
#6841=LINE('',#8746,#8747);
#6842=VERTEX_POINT('',#8748);
#6843=CIRCLE('',#8749,0.3997302839274);
#6844=LINE('',#8750,#8751);
#6845=VERTEX_POINT('',#8752);
#6846=LINE('',#8753,#8754);
#6847=VERTEX_POINT('',#8755);
#6848=CIRCLE('',#8756,0.3997302839274);
#6849=VERTEX_POINT('',#8757);
#6850=LINE('',#8758,#8759);
#6851=LINE('',#8760,#8761);
#6852=VERTEX_POINT('',#8762);
#6853=VERTEX_POINT('',#8763);
#6854=LINE('',#8764,#8765);
#6855=LINE('',#8766,#8767);
#6856=LINE('',#8768,#8769);
#6857=VERTEX_POINT('',#8770);
#6858=LINE('',#8771,#8772);
#6859=LINE('',#8773,#8774);
#6860=VERTEX_POINT('',#8775);
#6861=CIRCLE('',#8776,0.4);
#6862=VERTEX_POINT('',#8777);
#6863=LINE('',#8778,#8779);
#6864=CIRCLE('',#8780,0.4);
#6865=VERTEX_POINT('',#8781);
#6866=LINE('',#8782,#8783);
#6867=CIRCLE('',#8784,0.3);
#6868=VERTEX_POINT('',#8785);
#6869=VERTEX_POINT('',#8786);
#6870=LINE('',#8787,#8788);
#6871=VERTEX_POINT('',#8789);
#6872=LINE('',#8790,#8791);
#6873=VERTEX_POINT('',#8792);
#6874=CIRCLE('',#8793,0.2002697160726);
#6875=LINE('',#8794,#8795);
#6876=LINE('',#8796,#8797);
#6877=VERTEX_POINT('',#8798);
#6878=VERTEX_POINT('',#8799);
#6879=CIRCLE('',#8800,0.2502697160726);
#6880=VERTEX_POINT('',#8801);
#6881=LINE('',#8802,#8803);
#6882=VERTEX_POINT('',#8804);
#6883=LINE('',#8805,#8806);
#6884=VERTEX_POINT('',#8807);
#6885=LINE('',#8808,#8809);
#6886=VERTEX_POINT('',#8810);
#6887=CIRCLE('',#8811,0.4);
#6888=VERTEX_POINT('',#8812);
#6889=LINE('',#8813,#8814);
#6890=VERTEX_POINT('',#8815);
#6891=LINE('',#8816,#8817);
#6892=LINE('',#8818,#8819);
#6893=VERTEX_POINT('',#8820);
#6894=LINE('',#8821,#8822);
#6895=LINE('',#8823,#8824);
#6896=VERTEX_POINT('',#8825);
#6897=LINE('',#8826,#8827);
#6898=LINE('',#8828,#8829);
#6899=VERTEX_POINT('',#8830);
#6900=CIRCLE('',#8831,0.3997302839274);
#6901=VERTEX_POINT('',#8832);
#6902=LINE('',#8833,#8834);
#6903=VERTEX_POINT('',#8835);
#6904=CIRCLE('',#8836,0.2);
#6905=LINE('',#8837,#8838);
#6906=VERTEX_POINT('',#8839);
#6907=LINE('',#8840,#8841);
#6908=VERTEX_POINT('',#8842);
#6909=CIRCLE('',#8843,0.3997302839274);
#6910=VERTEX_POINT('',#8844);
#6911=LINE('',#8845,#8846);
#6912=VERTEX_POINT('',#8847);
#6913=CIRCLE('',#8848,0.2);
#6914=LINE('',#8849,#8850);
#6915=VERTEX_POINT('',#8851);
#6916=LINE('',#8852,#8853);
#6917=LINE('',#8854,#8855);
#6918=VERTEX_POINT('',#8856);
#6919=CIRCLE('',#8857,0.2002697160726);
#6920=LINE('',#8858,#8859);
#6921=LINE('',#8860,#8861);
#6922=VERTEX_POINT('',#8862);
#6923=CIRCLE('',#8863,0.2);
#6924=LINE('',#8864,#8865);
#6925=VERTEX_POINT('',#8866);
#6926=LINE('',#8867,#8868);
#6927=LINE('',#8869,#8870);
#6928=VERTEX_POINT('',#8871);
#6929=CIRCLE('',#8872,0.3997302839274);
#6930=LINE('',#8873,#8874);
#6931=LINE('',#8875,#8876);
#6932=VERTEX_POINT('',#8877);
#6933=CIRCLE('',#8878,0.01362047913206);
#6934=LINE('',#8879,#8880);
#6935=LINE('',#8881,#8882);
#6936=VERTEX_POINT('',#8883);
#6937=CIRCLE('',#8884,0.3997302839274);
#6938=VERTEX_POINT('',#8885);
#6939=CIRCLE('',#8886,0.3997302839274);
#6940=LINE('',#8887,#8888);
#6941=VERTEX_POINT('',#8889);
#6942=LINE('',#8890,#8891);
#6943=LINE('',#8892,#8893);
#6944=CIRCLE('',#8894,0.2);
#6945=CIRCLE('',#8895,0.1734747968295);
#6946=CIRCLE('',#8896,0.0535537033843);
#6947=VERTEX_POINT('',#8897);
#6948=LINE('',#8898,#8899);
#6949=LINE('',#8900,#8901);
#6950=LINE('',#8902,#8903);
#6951=LINE('',#8904,#8905);
#6952=LINE('',#8906,#8907);
#6953=VERTEX_POINT('',#8908);
#6954=LINE('',#8909,#8910);
#6955=LINE('',#8911,#8912);
#6956=VERTEX_POINT('',#8913);
#6957=VERTEX_POINT('',#8914);
#6958=CIRCLE('',#8915,0.25);
#6959=VERTEX_POINT('',#8916);
#6960=LINE('',#8917,#8918);
#6961=VERTEX_POINT('',#8919);
#6962=CIRCLE('',#8920,0.3497302839274);
#6963=LINE('',#8921,#8922);
#6964=VERTEX_POINT('',#8923);
#6965=CIRCLE('',#8924,0.2);
#6966=VERTEX_POINT('',#8925);
#6967=LINE('',#8926,#8927);
#6968=VERTEX_POINT('',#8928);
#6969=CIRCLE('',#8929,0.3997302839274);
#6970=VERTEX_POINT('',#8930);
#6971=LINE('',#8931,#8932);
#6972=VERTEX_POINT('',#8933);
#6973=LINE('',#8934,#8935);
#6974=LINE('',#8936,#8937);
#6975=VERTEX_POINT('',#8938);
#6976=LINE('',#8939,#8940);
#6977=VERTEX_POINT('',#8941);
#6978=LINE('',#8942,#8943);
#6979=LINE('',#8944,#8945);
#6980=VERTEX_POINT('',#8946);
#6981=LINE('',#8947,#8948);
#6982=VERTEX_POINT('',#8949);
#6983=CIRCLE('',#8950,0.1);
#6984=VERTEX_POINT('',#8951);
#6985=LINE('',#8952,#8953);
#6986=LINE('',#8954,#8955);
#6987=VERTEX_POINT('',#8956);
#6988=CIRCLE('',#8957,0.2002697160726);
#6989=VERTEX_POINT('',#8958);
#6990=LINE('',#8959,#8960);
#6991=CIRCLE('',#8961,0.2002697160726);
#6992=VERTEX_POINT('',#8962);
#6993=CIRCLE('',#8963,0.2);
#6994=VERTEX_POINT('',#8964);
#6995=CIRCLE('',#8965,0.1734747968295);
#6996=CIRCLE('',#8966,0.2);
#6997=VERTEX_POINT('',#8967);
#6998=LINE('',#8968,#8969);
#6999=CIRCLE('',#8970,0.2);
#7000=LINE('',#8971,#8972);
#7001=VERTEX_POINT('',#8973);
#7002=LINE('',#8974,#8975);
#7003=LINE('',#8976,#8977);
#7004=VERTEX_POINT('',#8978);
#7005=LINE('',#8979,#8980);
#7006=LINE('',#8981,#8982);
#7007=VERTEX_POINT('',#8983);
#7008=CIRCLE('',#8984,0.3997302839274);
#7009=VERTEX_POINT('',#8985);
#7010=CIRCLE('',#8986,0.3997302839274);
#7011=VERTEX_POINT('',#8987);
#7012=LINE('',#8988,#8989);
#7013=CIRCLE('',#8990,0.3997302839274);
#7014=LINE('',#8991,#8992);
#7015=LINE('',#8993,#8994);
#7016=LINE('',#8995,#8996);
#7017=VERTEX_POINT('',#8997);
#7018=CIRCLE('',#8998,0.01362047913206);
#7019=LINE('',#8999,#9000);
#7020=VERTEX_POINT('',#9001);
#7021=LINE('',#9002,#9003);
#7022=LINE('',#9004,#9005);
#7023=VERTEX_POINT('',#9006);
#7024=LINE('',#9007,#9008);
#7025=VERTEX_POINT('',#9009);
#7026=CIRCLE('',#9010,0.3997302839274);
#7027=VERTEX_POINT('',#9011);
#7028=LINE('',#9012,#9013);
#7029=CIRCLE('',#9014,0.2);
#7030=VERTEX_POINT('',#9015);
#7031=CIRCLE('',#9016,0.3997302839274);
#7032=VERTEX_POINT('',#9017);
#7033=LINE('',#9018,#9019);
#7034=VERTEX_POINT('',#9020);
#7035=CIRCLE('',#9021,0.2);
#7036=VERTEX_POINT('',#9022);
#7037=LINE('',#9023,#9024);
#7038=LINE('',#9025,#9026);
#7039=LINE('',#9027,#9028);
#7040=LINE('',#9029,#9030);
#7041=LINE('',#9031,#9032);
#7042=LINE('',#9033,#9034);
#7043=CIRCLE('',#9035,0.15);
#7044=CIRCLE('',#9036,0.15);
#7045=VERTEX_POINT('',#9037);
#7046=LINE('',#9038,#9039);
#7047=LINE('',#9040,#9041);
#7048=VERTEX_POINT('',#9042);
#7049=CIRCLE('',#9043,0.4);
#7050=LINE('',#9044,#9045);
#7051=LINE('',#9046,#9047);
#7052=VERTEX_POINT('',#9048);
#7053=CIRCLE('',#9049,0.3997302839274);
#7054=LINE('',#9050,#9051);
#7055=VERTEX_POINT('',#9052);
#7056=LINE('',#9053,#9054);
#7057=LINE('',#9055,#9056);
#7058=CIRCLE('',#9057,0.2);
#7059=VERTEX_POINT('',#9058);
#7060=CIRCLE('',#9059,0.2265252031705);
#7061=CIRCLE('',#9060,0.2);
#7062=LINE('',#9061,#9062);
#7063=VERTEX_POINT('',#9063);
#7064=LINE('',#9064,#9065);
#7065=LINE('',#9066,#9067);
#7066=CIRCLE('',#9068,0.3997302839274);
#7067=CIRCLE('',#9069,0.3464462966157);
#7068=LINE('',#9070,#9071);
#7069=LINE('',#9072,#9073);
#7070=VERTEX_POINT('',#9074);
#7071=LINE('',#9075,#9076);
#7072=LINE('',#9077,#9078);
#7073=CIRCLE('',#9079,0.0535537033843);
#7074=CIRCLE('',#9080,0.3997302839274);
#7075=CIRCLE('',#9081,0.3997302839274);
#7076=LINE('',#9082,#9083);
#7077=VERTEX_POINT('',#9084);
#7078=LINE('',#9085,#9086);
#7079=LINE('',#9087,#9088);
#7080=VERTEX_POINT('',#9089);
#7081=CIRCLE('',#9090,0.3464462966157);
#7082=LINE('',#9091,#9092);
#7083=LINE('',#9093,#9094);
#7084=CIRCLE('',#9095,0.3997302839274);
#7085=CIRCLE('',#9096,0.3997302839274);
#7086=VERTEX_POINT('',#9097);
#7087=LINE('',#9098,#9099);
#7088=CIRCLE('',#9100,0.25);
#7089=LINE('',#9101,#9102);
#7090=VERTEX_POINT('',#9103);
#7091=LINE('',#9104,#9105);
#7092=LINE('',#9106,#9107);
#7093=LINE('',#9108,#9109);
#7094=VERTEX_POINT('',#9110);
#7095=VERTEX_POINT('',#9111);
#7096=LINE('',#9112,#9113);
#7097=VERTEX_POINT('',#9114);
#7098=LINE('',#9115,#9116);
#7099=LINE('',#9117,#9118);
#7100=LINE('',#9119,#9120);
#7101=VERTEX_POINT('',#9121);
#7102=LINE('',#9122,#9123);
#7103=LINE('',#9124,#9125);
#7104=VERTEX_POINT('',#9126);
#7105=LINE('',#9127,#9128);
#7106=LINE('',#9129,#9130);
#7107=VERTEX_POINT('',#9131);
#7108=B_SPLINE_CURVE_WITH_KNOTS('',3,(#9132,#9133,#9134,#9135),.UNSPECIFIED.,.F.,.F.,(4,4),(1.15007309989947E-12,0.999999999996535),.UNSPECIFIED.);
#7109=VERTEX_POINT('',#9136);
#7110=LINE('',#9137,#9138);
#7111=LINE('',#9139,#9140);
#7112=VERTEX_POINT('',#9141);
#7113=B_SPLINE_CURVE_WITH_KNOTS('',3,(#9142,#9143,#9144,#9145),.UNSPECIFIED.,.F.,.F.,(4,4),(7.03577067097853E-13,1.00000000008247),.UNSPECIFIED.);
#7114=VERTEX_POINT('',#9146);
#7115=B_SPLINE_CURVE_WITH_KNOTS('',3,(#9147,#9148,#9149,#9150,#9151,#9152,#9153,#9154,#9155,#9156,#9157,#9158,#9159,#9160,#9161,#9162),.UNSPECIFIED.,.F.,.F.,(4,1,1,1,1,1,1,1,1,1,1,1,1,4),(0.0,0.07692307692308,0.1538461538462,0.2307692307692,0.3076923076923,0.3846153846154,0.4615384615385,0.5384615384615,0.6153846153846,0.6923076923077,0.7692307692308,0.8461538461538,0.9230769230769,1.0),.UNSPECIFIED.);
#7116=VERTEX_POINT('',#9163);
#7117=LINE('',#9164,#9165);
#7118=B_SPLINE_CURVE_WITH_KNOTS('',3,(#9166,#9167,#9168,#9169,#9170,#9171,#9172,#9173,#9174,#9175,#9176,#9177,#9178,#9179,#9180,#9181,#9182,#9183),.UNSPECIFIED.,.F.,.F.,(4,1,1,1,1,1,1,1,1,1,1,1,1,1,1,4),(0.0,0.06666666666667,0.1333333333333,0.2,0.2666666666667,0.3333333333333,0.4,0.4666666666667,0.5333333333333,0.6,0.6666666666667,0.7333333333333,0.8,0.8666666666667,0.9333333333333,1.0),.UNSPECIFIED.);
#7119=VERTEX_POINT('',#9184);
#7120=VERTEX_POINT('',#9185);
#7121=CIRCLE('',#9186,0.8);
#7122=VERTEX_POINT('',#9187);
#7123=LINE('',#9188,#9189);
#7124=VERTEX_POINT('',#9190);
#7125=B_SPLINE_CURVE_WITH_KNOTS('',3,(#9191,#9192,#9193,#9194),.UNSPECIFIED.,.F.,.F.,(4,4),(1.15403099419407E-12,1.00000000000115),.UNSPECIFIED.);
#7126=VERTEX_POINT('',#9195);
#7127=B_SPLINE_CURVE_WITH_KNOTS('',3,(#9196,#9197,#9198,#9199,#9200,#9201,#9202,#9203,#9204,#9205,#9206,#9207,#9208,#9209,#9210,#9211,#9212,#9213),.UNSPECIFIED.,.F.,.F.,(4,1,1,1,1,1,1,1,1,1,1,1,1,1,1,4),(0.0,0.06666666666667,0.1333333333333,0.2,0.2666666666667,0.3333333333333,0.4,0.4666666666667,0.5333333333333,0.6,0.6666666666667,0.7333333333333,0.8,0.8666666666667,0.9333333333333,1.0),.UNSPECIFIED.);
#7128=LINE('',#9214,#9215);
#7129=VERTEX_POINT('',#9216);
#7130=LINE('',#9217,#9218);
#7131=VERTEX_POINT('',#9219);
#7132=CIRCLE('',#9220,0.8);
#7133=VERTEX_POINT('',#9221);
#7134=CIRCLE('',#9222,0.8);
#7135=VERTEX_POINT('',#9223);
#7136=CIRCLE('',#9224,0.8);
#7137=VERTEX_POINT('',#9225);
#7138=CIRCLE('',#9226,0.8);
#7139=CIRCLE('',#9227,0.8);
#7140=VERTEX_POINT('',#9228);
#7141=B_SPLINE_CURVE_WITH_KNOTS('',3,(#9229,#9230,#9231,#9232,#9233,#9234,#9235,#9236,#9237,#9238,#9239,#9240,#9241,#9242,#9243,#9244,#9245,#9246,#9247,#9248,#9249,#9250,#9251),.UNSPECIFIED.,.F.,.F.,(4,1,1,1,1,1,1,1,1,1,1,1,1,1,1,1,1,1,1,1,4),(0.0,0.05,0.1,0.15,0.2,0.25,0.3,0.35,0.4,0.45,0.5,0.55,0.6,0.65,0.7,0.75,0.8,0.85,0.9,0.95,1.0),.UNSPECIFIED.);
#7142=VERTEX_POINT('',#9252);
#7143=LINE('',#9253,#9254);
#7144=VERTEX_POINT('',#9255);
#7145=LINE('',#9256,#9257);
#7146=VERTEX_POINT('',#9258);
#7147=B_SPLINE_CURVE_WITH_KNOTS('',3,(#9259,#9260,#9261,#9262,#9263,#9264,#9265,#9266,#9267,#9268,#9269,#9270,#9271,#9272,#9273,#9274,#9275,#9276,#9277,#9278,#9279,#9280),.UNSPECIFIED.,.F.,.F.,(4,1,1,1,1,1,1,1,1,1,1,1,1,1,1,1,1,1,1,4),(0.0,0.05263157894737,0.1052631578947,0.1578947368421,0.2105263157895,0.2631578947368,0.3157894736842,0.3684210526316,0.4210526315789,0.4736842105263,0.5263157894737,0.5789473684211,0.6315789473684,0.6842105263158,0.7368421052632,0.7894736842105,0.8421052631579,0.8947368421053,0.9473684210526,1.0),.UNSPECIFIED.);
#7148=LINE('',#9281,#9282);
#7149=VERTEX_POINT('',#9283);
#7150=B_SPLINE_CURVE_WITH_KNOTS('',3,(#9284,#9285,#9286,#9287,#9288,#9289),.UNSPECIFIED.,.F.,.F.,(4,1,1,4),(0.0,0.3333333333333,0.6666666666667,1.0),.UNSPECIFIED.);
#7151=VERTEX_POINT('',#9290);
#7152=LINE('',#9291,#9292);
#7153=B_SPLINE_CURVE_WITH_KNOTS('',3,(#9293,#9294,#9295,#9296,#9297),.UNSPECIFIED.,.F.,.F.,(4,1,4),(0.0,0.5,1.0),.UNSPECIFIED.);
#7154=VERTEX_POINT('',#9298);
#7155=B_SPLINE_CURVE_WITH_KNOTS('',3,(#9299,#9300,#9301,#9302,#9303,#9304),.UNSPECIFIED.,.F.,.F.,(4,1,1,4),(0.0,0.3333333333333,0.6666666666667,1.0),.UNSPECIFIED.);
#7156=B_SPLINE_CURVE_WITH_KNOTS('',3,(#9305,#9306,#9307,#9308,#9309,#9310,#9311,#9312,#9313,#9314,#9315,#9316,#9317,#9318,#9319,#9320,#9321,#9322,#9323,#9324,#9325,#9326),.UNSPECIFIED.,.F.,.F.,(4,1,1,1,1,1,1,1,1,1,1,1,1,1,1,1,1,1,1,4),(0.0,0.05263157894737,0.1052631578947,0.1578947368421,0.2105263157895,0.2631578947368,0.3157894736842,0.3684210526316,0.4210526315789,0.4736842105263,0.5263157894737,0.5789473684211,0.6315789473684,0.6842105263158,0.7368421052632,0.7894736842105,0.8421052631579,0.8947368421053,0.9473684210526,1.0),.UNSPECIFIED.);
#7157=VERTEX_POINT('',#9327);
#7158=VERTEX_POINT('',#9328);
#7159=LINE('',#9329,#9330);
#7160=VERTEX_POINT('',#9331);
#7161=CIRCLE('',#9332,1.0);
#7162=CIRCLE('',#9333,1.0);
#7163=VERTEX_POINT('',#9334);
#7164=B_SPLINE_CURVE_WITH_KNOTS('',3,(#9335,#9336,#9337,#9338,#9339,#9340,#9341,#9342,#9343,#9344,#9345,#9346,#9347,#9348,#9349,#9350,#9351,#9352,#9353,#9354,#9355,#9356,#9357),.UNSPECIFIED.,.F.,.F.,(4,1,1,1,1,1,1,1,1,1,1,1,1,1,1,1,1,1,1,1,4),(0.0,0.05,0.1,0.15,0.2,0.25,0.3,0.35,0.4,0.45,0.5,0.55,0.6,0.65,0.7,0.75,0.8,0.85,0.9,0.95,1.0),.UNSPECIFIED.);
#7165=LINE('',#9358,#9359);
#7166=VERTEX_POINT('',#9360);
#7167=LINE('',#9361,#9362);
#7168=VERTEX_POINT('',#9363);
#7169=LINE('',#9364,#9365);
#7170=VERTEX_POINT('',#9366);
#7171=LINE('',#9367,#9368);
#7172=VERTEX_POINT('',#9369);
#7173=LINE('',#9370,#9371);
#7174=VERTEX_POINT('',#9372);
#7175=LINE('',#9373,#9374);
#7176=LINE('',#9375,#9376);
#7177=VERTEX_POINT('',#9377);
#7178=VERTEX_POINT('',#9378);
#7179=B_SPLINE_CURVE_WITH_KNOTS('',3,(#9379,#9380,#9381,#9382,#9383,#9384,#9385,#9386,#9387,#9388,#9389,#9390,#9391,#9392,#9393,#9394,#9395,#9396,#9397,#9398,#9399,#9400),.UNSPECIFIED.,.F.,.F.,(4,1,1,1,1,1,1,1,1,1,1,1,1,1,1,1,1,1,1,4),(0.0,0.05263157894737,0.1052631578947,0.1578947368421,0.2105263157895,0.2631578947368,0.3157894736842,0.3684210526316,0.4210526315789,0.4736842105263,0.5263157894737,0.5789473684211,0.6315789473684,0.6842105263158,0.7368421052632,0.7894736842105,0.8421052631579,0.8947368421053,0.9473684210526,1.0),.UNSPECIFIED.);
#7180=CIRCLE('',#9401,1.0);
#7181=VERTEX_POINT('',#9402);
#7182=B_SPLINE_CURVE_WITH_KNOTS('',3,(#9403,#9404,#9405,#9406,#9407,#9408,#9409,#9410,#9411,#9412,#9413,#9414,#9415,#9416,#9417,#9418,#9419,#9420,#9421,#9422,#9423,#9424,#9425),.UNSPECIFIED.,.F.,.F.,(4,1,1,1,1,1,1,1,1,1,1,1,1,1,1,1,1,1,1,1,4),(0.0,0.05,0.1,0.15,0.2,0.25,0.3,0.35,0.4,0.45,0.5,0.55,0.6,0.65,0.7,0.75,0.8,0.85,0.9,0.95,1.0),.UNSPECIFIED.);
#7183=LINE('',#9426,#9427);
#7184=VERTEX_POINT('',#9428);
#7185=B_SPLINE_CURVE_WITH_KNOTS('',3,(#9429,#9430,#9431,#9432,#9433,#9434),.UNSPECIFIED.,.F.,.F.,(4,1,1,4),(0.0,0.3333333333333,0.6666666666667,1.0),.UNSPECIFIED.);
#7186=VERTEX_POINT('',#9435);
#7187=LINE('',#9436,#9437);
#7188=B_SPLINE_CURVE_WITH_KNOTS('',3,(#9438,#9439,#9440,#9441,#9442,#9443),.UNSPECIFIED.,.F.,.F.,(4,1,1,4),(0.0,0.3333333333333,0.6666666666667,1.00000000005619),.UNSPECIFIED.);
#7189=B_SPLINE_CURVE_WITH_KNOTS('',3,(#9444,#9445,#9446,#9447,#9448,#9449),.UNSPECIFIED.,.F.,.F.,(4,1,1,4),(0.0,0.3333333333333,0.6666666666667,1.0),.UNSPECIFIED.);
#7190=B_SPLINE_CURVE_WITH_KNOTS('',3,(#9450,#9451,#9452,#9453,#9454,#9455,#9456,#9457,#9458,#9459,#9460,#9461,#9462,#9463,#9464,#9465,#9466,#9467,#9468,#9469,#9470,#9471,#9472),.UNSPECIFIED.,.F.,.F.,(4,1,1,1,1,1,1,1,1,1,1,1,1,1,1,1,1,1,1,1,4),(0.0,0.05,0.1,0.15,0.2,0.25,0.3,0.35,0.4,0.45,0.5,0.55,0.6,0.65,0.7,0.75,0.8,0.85,0.9,0.95,1.0),.UNSPECIFIED.);
#7191=VERTEX_POINT('',#9473);
#7192=B_SPLINE_CURVE_WITH_KNOTS('',3,(#9474,#9475,#9476,#9477,#9478,#9479,#9480,#9481,#9482,#9483,#9484,#9485,#9486,#9487,#9488,#9489,#9490,#9491,#9492,#9493,#9494,#9495),.UNSPECIFIED.,.F.,.F.,(4,1,1,1,1,1,1,1,1,1,1,1,1,1,1,1,1,1,1,4),(0.0,0.05263157894737,0.1052631578947,0.1578947368421,0.2105263157895,0.2631578947368,0.3157894736842,0.3684210526316,0.4210526315789,0.4736842105263,0.5263157894737,0.5789473684211,0.6315789473684,0.6842105263158,0.7368421052632,0.7894736842105,0.8421052631579,0.8947368421053,0.9473684210526,1.0),.UNSPECIFIED.);
#7193=VERTEX_POINT('',#9496);
#7194=LINE('',#9497,#9498);
#7195=LINE('',#9499,#9500);
#7196=VERTEX_POINT('',#9501);
#7197=LINE('',#9502,#9503);
#7198=VERTEX_POINT('',#9504);
#7199=LINE('',#9505,#9506);
#7200=VERTEX_POINT('',#9507);
#7201=LINE('',#9508,#9509);
#7202=VERTEX_POINT('',#9510);
#7203=LINE('',#9511,#9512);
#7204=LINE('',#9513,#9514);
#7205=LINE('',#9515,#9516);
#7206=B_SPLINE_CURVE_WITH_KNOTS('',3,(#9517,#9518,#9519,#9520,#9521,#9522),.UNSPECIFIED.,.F.,.F.,(4,1,1,4),(0.0,0.3333333333333,0.6666666666667,1.0),.UNSPECIFIED.);
#7207=LINE('',#9523,#9524);
#7208=B_SPLINE_CURVE_WITH_KNOTS('',3,(#9525,#9526,#9527,#9528,#9529,#9530),.UNSPECIFIED.,.F.,.F.,(4,1,1,4),(0.0,0.3333333333333,0.6666666666667,1.0),.UNSPECIFIED.);
#7209=LINE('',#9531,#9532);
#7210=LINE('',#9533,#9534);
#7211=VERTEX_POINT('',#9535);
#7212=CIRCLE('',#9536,1.0);
#7213=VERTEX_POINT('',#9537);
#7214=LINE('',#9538,#9539);
#7215=VERTEX_POINT('',#9540);
#7216=LINE('',#9541,#9542);
#7217=LINE('',#9543,#9544);
#7218=VERTEX_POINT('',#9545);
#7219=LINE('',#9546,#9547);
#7220=CIRCLE('',#9548,1.0);
#7221=VERTEX_POINT('',#9549);
#7222=LINE('',#9550,#9551);
#7223=LINE('',#9552,#9553);
#7224=VERTEX_POINT('',#9554);
#7225=LINE('',#9555,#9556);
#7226=VERTEX_POINT('',#9557);
#7227=LINE('',#9558,#9559);
#7228=LINE('',#9560,#9561);
#7229=VERTEX_POINT('',#9562);
#7230=B_SPLINE_CURVE_WITH_KNOTS('',3,(#9563,#9564,#9565,#9566),.UNSPECIFIED.,.F.,.F.,(4,4),(1.99646888132441E-11,1.0),.UNSPECIFIED.);
#7231=VERTEX_POINT('',#9567);
#7232=B_SPLINE_CURVE_WITH_KNOTS('',3,(#9568,#9569,#9570,#9571,#9572,#9573,#9574,#9575,#9576,#9577,#9578,#9579,#9580,#9581,#9582,#9583),.UNSPECIFIED.,.F.,.F.,(4,1,1,1,1,1,1,1,1,1,1,1,1,4),(0.0,0.07692307692308,0.1538461538462,0.2307692307692,0.3076923076923,0.3846153846154,0.4615384615385,0.5384615384615,0.6153846153846,0.6923076923077,0.7692307692308,0.8461538461538,0.9230769230769,1.0),.UNSPECIFIED.);
#7233=LINE('',#9584,#9585);
#7234=LINE('',#9586,#9587);
#7235=LINE('',#9588,#9589);
#7236=LINE('',#9590,#9591);
#7237=LINE('',#9592,#9593);
#7238=LINE('',#9594,#9595);
#7239=VERTEX_POINT('',#9596);
#7240=VERTEX_POINT('',#9597);
#7241=LINE('',#9598,#9599);
#7242=VERTEX_POINT('',#9600);
#7243=LINE('',#9601,#9602);
#7244=VERTEX_POINT('',#9603);
#7245=B_SPLINE_CURVE_WITH_KNOTS('',3,(#9604,#9605,#9606,#9607,#9608),.UNSPECIFIED.,.F.,.F.,(4,1,4),(0.0,0.5,1.0),.UNSPECIFIED.);
#7246=LINE('',#9609,#9610);
#7247=VERTEX_POINT('',#9611);
#7248=B_SPLINE_CURVE_WITH_KNOTS('',3,(#9612,#9613,#9614,#9615,#9616,#9617,#9618,#9619,#9620,#9621,#9622,#9623,#9624,#9625,#9626,#9627),.UNSPECIFIED.,.F.,.F.,(4,1,1,1,1,1,1,1,1,1,1,1,1,4),(0.0,0.07692307692308,0.1538461538462,0.2307692307692,0.3076923076923,0.3846153846154,0.4615384615385,0.5384615384615,0.6153846153846,0.6923076923077,0.7692307692308,0.8461538461538,0.9230769230769,1.0),.UNSPECIFIED.);
#7249=VERTEX_POINT('',#9628);
#7250=B_SPLINE_CURVE_WITH_KNOTS('',3,(#9629,#9630,#9631,#9632,#9633,#9634,#9635,#9636,#9637,#9638,#9639,#9640,#9641,#9642,#9643,#9644,#9645,#9646,#9647,#9648,#9649,#9650,#9651,#9652,#9653,#9654,#9655,#9656,#9657),.UNSPECIFIED.,.F.,.F.,(4,1,1,1,1,1,1,1,1,1,1,1,1,1,1,1,1,1,1,1,1,1,1,1,1,1,4),(0.0,0.03846153846154,0.07692307692308,0.1153846153846,0.1538461538462,0.1923076923077,0.2307692307692,0.2692307692308,0.3076923076923,0.3461538461538,0.3846153846154,0.4230769230769,0.4615384615385,0.5,0.5384615384615,0.5769230769231,0.6153846153846,0.6538461538462,0.6923076923077,0.7307692307692,0.7692307692308,0.8076923076923,0.8461538461538,0.8846153846154,0.9230769230769,0.9615384615385,1.0),.UNSPECIFIED.);
#7251=LINE('',#9658,#9659);
#7252=VERTEX_POINT('',#9660);
#7253=VERTEX_POINT('',#9661);
#7254=LINE('',#9662,#9663);
#7255=VERTEX_POINT('',#9664);
#7256=CIRCLE('',#9665,0.34);
#7257=VERTEX_POINT('',#9666);
#7258=LINE('',#9667,#9668);
#7259=VERTEX_POINT('',#9669);
#7260=LINE('',#9670,#9671);
#7261=VERTEX_POINT('',#9672);
#7262=LINE('',#9673,#9674);
#7263=VERTEX_POINT('',#9675);
#7264=CIRCLE('',#9676,0.2);
#7265=VERTEX_POINT('',#9677);
#7266=LINE('',#9678,#9679);
#7267=LINE('',#9680,#9681);
#7268=VERTEX_POINT('',#9682);
#7269=VERTEX_POINT('',#9683);
#7270=LINE('',#9684,#9685);
#7271=VERTEX_POINT('',#9686);
#7272=CIRCLE('',#9687,0.34);
#7273=VERTEX_POINT('',#9688);
#7274=LINE('',#9689,#9690);
#7275=VERTEX_POINT('',#9691);
#7276=LINE('',#9692,#9693);
#7277=VERTEX_POINT('',#9694);
#7278=LINE('',#9695,#9696);
#7279=VERTEX_POINT('',#9697);
#7280=CIRCLE('',#9698,0.2);
#7281=VERTEX_POINT('',#9699);
#7282=LINE('',#9700,#9701);
#7283=LINE('',#9702,#9703);
#7284=VERTEX_POINT('',#9704);
#7285=VERTEX_POINT('',#9705);
#7286=LINE('',#9706,#9707);
#7287=VERTEX_POINT('',#9708);
#7288=CIRCLE('',#9709,0.2);
#7289=VERTEX_POINT('',#9710);
#7290=LINE('',#9711,#9712);
#7291=VERTEX_POINT('',#9713);
#7292=LINE('',#9714,#9715);
#7293=VERTEX_POINT('',#9716);
#7294=LINE('',#9717,#9718);
#7295=VERTEX_POINT('',#9719);
#7296=CIRCLE('',#9720,0.34);
#7297=VERTEX_POINT('',#9721);
#7298=LINE('',#9722,#9723);
#7299=LINE('',#9724,#9725);
#7300=VERTEX_POINT('',#9726);
#7301=VERTEX_POINT('',#9727);
#7302=LINE('',#9728,#9729);
#7303=VERTEX_POINT('',#9730);
#7304=LINE('',#9731,#9732);
#7305=VERTEX_POINT('',#9733);
#7306=LINE('',#9734,#9735);
#7307=LINE('',#9736,#9737);
#7308=VERTEX_POINT('',#9738);
#7309=LINE('',#9739,#9740);
#7310=VERTEX_POINT('',#9741);
#7311=LINE('',#9742,#9743);
#7312=LINE('',#9744,#9745);
#7313=VERTEX_POINT('',#9746);
#7314=B_SPLINE_CURVE_WITH_KNOTS('',3,(#9747,#9748,#9749,#9750,#9751,#9752,#9753,#9754,#9755,#9756,#9757,#9758,#9759,#9760,#9761,#9762,#9763,#9764,#9765,#9766,#9767,#9768,#9769,#9770,#9771,#9772,#9773,#9774,#9775),.UNSPECIFIED.,.F.,.F.,(4,1,1,1,1,1,1,1,1,1,1,1,1,1,1,1,1,1,1,1,1,1,1,1,1,1,4),(0.0,0.03846153846154,0.07692307692308,0.1153846153846,0.1538461538462,0.1923076923077,0.2307692307692,0.2692307692308,0.3076923076923,0.3461538461538,0.3846153846154,0.4230769230769,0.4615384615385,0.5,0.5384615384615,0.5769230769231,0.6153846153846,0.6538461538462,0.6923076923077,0.7307692307692,0.7692307692308,0.8076923076923,0.8461538461538,0.8846153846154,0.9230769230769,0.9615384615385,1.0),.UNSPECIFIED.);
#7315=VERTEX_POINT('',#9776);
#7316=LINE('',#9777,#9778);
#7317=B_SPLINE_CURVE_WITH_KNOTS('',3,(#9779,#9780,#9781,#9782,#9783,#9784,#9785,#9786,#9787,#9788,#9789,#9790,#9791,#9792,#9793,#9794),.UNSPECIFIED.,.F.,.F.,(4,1,1,1,1,1,1,1,1,1,1,1,1,4),(0.0,0.07692307692308,0.1538461538462,0.2307692307692,0.3076923076923,0.3846153846154,0.4615384615385,0.5384615384615,0.6153846153846,0.6923076923077,0.7692307692308,0.8461538461538,0.9230769230769,1.0),.UNSPECIFIED.);
#7318=VERTEX_POINT('',#9795);
#7319=LINE('',#9796,#9797);
#7320=B_SPLINE_CURVE_WITH_KNOTS('',3,(#9798,#9799,#9800,#9801,#9802,#9803,#9804,#9805,#9806,#9807,#9808,#9809,#9810,#9811,#9812,#9813),.UNSPECIFIED.,.F.,.F.,(4,1,1,1,1,1,1,1,1,1,1,1,1,4),(0.0,0.07692307692308,0.1538461538462,0.2307692307692,0.3076923076923,0.3846153846154,0.4615384615385,0.5384615384615,0.6153846153846,0.6923076923077,0.7692307692308,0.8461538461538,0.9230769230769,1.0),.UNSPECIFIED.);
#7321=LINE('',#9814,#9815);
#7322=VERTEX_POINT('',#9816);
#7323=VERTEX_POINT('',#9817);
#7324=CIRCLE('',#9818,0.3);
#7325=VERTEX_POINT('',#9819);
#7326=LINE('',#9820,#9821);
#7327=VERTEX_POINT('',#9822);
#7328=LINE('',#9823,#9824);
#7329=VERTEX_POINT('',#9825);
#7330=LINE('',#9826,#9827);
#7331=VERTEX_POINT('',#9828);
#7332=LINE('',#9829,#9830);
#7333=LINE('',#9831,#9832);
#7334=VERTEX_POINT('',#9833);
#7335=LINE('',#9834,#9835);
#7336=LINE('',#9836,#9837);
#7337=VERTEX_POINT('',#9838);
#7338=VERTEX_POINT('',#9839);
#7339=LINE('',#9840,#9841);
#7340=LINE('',#9842,#9843);
#7341=VERTEX_POINT('',#9844);
#7342=B_SPLINE_CURVE_WITH_KNOTS('',3,(#9845,#9846,#9847,#9848),.UNSPECIFIED.,.F.,.F.,(4,4),(0.0,1.0),.UNSPECIFIED.);
#7343=VERTEX_POINT('',#9849);
#7344=LINE('',#9850,#9851);
#7345=B_SPLINE_CURVE_WITH_KNOTS('',3,(#9852,#9853,#9854,#9855),.UNSPECIFIED.,.F.,.F.,(4,4),(0.0,1.0),.UNSPECIFIED.);
#7346=VERTEX_POINT('',#9856);
#7347=VERTEX_POINT('',#9857);
#7348=B_SPLINE_CURVE_WITH_KNOTS('',3,(#9858,#9859,#9860,#9861,#9862,#9863,#9864,#9865,#9866,#9867,#9868,#9869,#9870),.UNSPECIFIED.,.F.,.F.,(4,1,1,1,1,1,1,1,1,1,4),(0.0,0.1,0.2,0.3,0.4,0.5,0.6,0.7,0.8,0.9,1.0),.UNSPECIFIED.);
#7349=VERTEX_POINT('',#9871);
#7350=LINE('',#9872,#9873);
#7351=VERTEX_POINT('',#9874);
#7352=CIRCLE('',#9875,0.2);
#7353=VERTEX_POINT('',#9876);
#7354=LINE('',#9877,#9878);
#7355=VERTEX_POINT('',#9879);
#7356=CIRCLE('',#9880,0.2);
#7357=LINE('',#9881,#9882);
#7358=VERTEX_POINT('',#9883);
#7359=LINE('',#9884,#9885);
#7360=LINE('',#9886,#9887);
#7361=VERTEX_POINT('',#9888);
#7362=B_SPLINE_CURVE_WITH_KNOTS('',3,(#9889,#9890,#9891,#9892,#9893,#9894,#9895,#9896,#9897,#9898,#9899,#9900,#9901,#9902,#9903),.UNSPECIFIED.,.F.,.F.,(4,1,1,1,1,1,1,1,1,1,1,1,4),(0.0,0.08333333333333,0.1666666666667,0.25,0.3333333333333,0.4166666666667,0.5,0.5833333333333,0.6666666666667,0.75,0.8333333333333,0.9166666666667,1.0),.UNSPECIFIED.);
#7363=VERTEX_POINT('',#9904);
#7364=LINE('',#9905,#9906);
#7365=CIRCLE('',#9907,0.2);
#7366=VERTEX_POINT('',#9908);
#7367=CIRCLE('',#9909,0.3078968601752);
#7368=LINE('',#9910,#9911);
#7369=VERTEX_POINT('',#9912);
#7370=LINE('',#9913,#9914);
#7371=CIRCLE('',#9915,0.3);
#7372=VERTEX_POINT('',#9916);
#7373=LINE('',#9917,#9918);
#7374=LINE('',#9919,#9920);
#7375=VERTEX_POINT('',#9921);
#7376=LINE('',#9922,#9923);
#7377=VERTEX_POINT('',#9924);
#7378=LINE('',#9925,#9926);
#7379=LINE('',#9927,#9928);
#7380=VERTEX_POINT('',#9929);
#7381=LINE('',#9930,#9931);
#7382=LINE('',#9932,#9933);
#7383=VERTEX_POINT('',#9934);
#7384=LINE('',#9935,#9936);
#7385=VERTEX_POINT('',#9937);
#7386=LINE('',#9938,#9939);
#7387=VERTEX_POINT('',#9940);
#7388=LINE('',#9941,#9942);
#7389=LINE('',#9943,#9944);
#7390=VERTEX_POINT('',#9945);
#7391=LINE('',#9946,#9947);
#7392=VERTEX_POINT('',#9948);
#7393=LINE('',#9949,#9950);
#7394=VERTEX_POINT('',#9951);
#7395=CIRCLE('',#9952,0.34);
#7396=LINE('',#9953,#9954);
#7397=B_SPLINE_CURVE_WITH_KNOTS('',3,(#9955,#9956,#9957,#9958,#9959,#9960,#9961,#9962,#9963,#9964,#9965,#9966,#9967,#9968,#9969),.UNSPECIFIED.,.F.,.F.,(4,1,1,1,1,1,1,1,1,1,1,1,4),(0.0,0.08333333333333,0.1666666666667,0.25,0.3333333333333,0.4166666666667,0.5,0.5833333333333,0.6666666666667,0.75,0.8333333333333,0.9166666666667,1.0),.UNSPECIFIED.);
#7398=CIRCLE('',#9970,0.3);
#7399=LINE('',#9971,#9972);
#7400=VERTEX_POINT('',#9973);
#7401=LINE('',#9974,#9975);
#7402=VERTEX_POINT('',#9976);
#7403=LINE('',#9977,#9978);
#7404=VERTEX_POINT('',#9979);
#7405=LINE('',#9980,#9981);
#7406=VERTEX_POINT('',#9982);
#7407=LINE('',#9983,#9984);
#7408=LINE('',#9985,#9986);
#7409=VERTEX_POINT('',#9987);
#7410=LINE('',#9988,#9989);
#7411=CIRCLE('',#9990,0.2625);
#7412=VERTEX_POINT('',#9991);
#7413=CIRCLE('',#9992,0.34);
#7414=VERTEX_POINT('',#9993);
#7415=LINE('',#9994,#9995);
#7416=VERTEX_POINT('',#9996);
#7417=LINE('',#9997,#9998);
#7418=VERTEX_POINT('',#9999);
#7419=LINE('',#10000,#10001);
#7420=VERTEX_POINT('',#10002);
#7421=LINE('',#10003,#10004);
#7422=CIRCLE('',#10005,0.2625);
#7423=VERTEX_POINT('',#10006);
#7424=LINE('',#10007,#10008);
#7425=VERTEX_POINT('',#10009);
#7426=CIRCLE('',#10010,0.2625);
#7427=VERTEX_POINT('',#10011);
#7428=LINE('',#10012,#10013);
#7429=CIRCLE('',#10014,0.2625);
#7430=VERTEX_POINT('',#10015);
#7431=LINE('',#10016,#10017);
#7432=VERTEX_POINT('',#10018);
#7433=LINE('',#10019,#10020);
#7434=VERTEX_POINT('',#10021);
#7435=LINE('',#10022,#10023);
#7436=VERTEX_POINT('',#10024);
#7437=CIRCLE('',#10025,0.1225);
#7438=LINE('',#10026,#10027);
#7439=VERTEX_POINT('',#10028);
#7440=CIRCLE('',#10029,0.1225);
#7441=VERTEX_POINT('',#10030);
#7442=LINE('',#10031,#10032);
#7443=VERTEX_POINT('',#10033);
#7444=LINE('',#10034,#10035);
#7445=VERTEX_POINT('',#10036);
#7446=LINE('',#10037,#10038);
#7447=CIRCLE('',#10039,0.2625);
#7448=VERTEX_POINT('',#10040);
#7449=LINE('',#10041,#10042);
#7450=VERTEX_POINT('',#10043);
#7451=LINE('',#10044,#10045);
#7452=LINE('',#10046,#10047);
#7453=LINE('',#10048,#10049);
#7454=VERTEX_POINT('',#10050);
#7455=CIRCLE('',#10051,0.3078968601752);
#7456=LINE('',#10052,#10053);
#7457=LINE('',#10054,#10055);
#7458=LINE('',#10056,#10057);
#7459=LINE('',#10058,#10059);
#7460=LINE('',#10060,#10061);
#7461=VERTEX_POINT('',#10062);
#7462=LINE('',#10063,#10064);
#7463=VERTEX_POINT('',#10065);
#7464=LINE('',#10066,#10067);
#7465=VERTEX_POINT('',#10068);
#7466=LINE('',#10069,#10070);
#7467=VERTEX_POINT('',#10071);
#7468=LINE('',#10072,#10073);
#7469=VERTEX_POINT('',#10074);
#7470=LINE('',#10075,#10076);
#7471=LINE('',#10077,#10078);
#7472=VERTEX_POINT('',#10079);
#7473=B_SPLINE_CURVE_WITH_KNOTS('',3,(#10080,#10081,#10082,#10083,#10084,#10085),.UNSPECIFIED.,.F.,.F.,(4,1,1,4),(0.0,0.3333333333333,0.6666666666667,1.0),.UNSPECIFIED.);
#7474=B_SPLINE_CURVE_WITH_KNOTS('',3,(#10086,#10087,#10088,#10089,#10090,#10091,#10092,#10093,#10094,#10095,#10096,#10097,#10098,#10099,#10100,#10101,#10102,#10103,#10104,#10105,#10106,#10107,#10108,#10109,#10110,#10111,#10112,#10113,#10114,#10115,#10116,#10117,#10118,#10119,#10120),.UNSPECIFIED.,.F.,.F.,(4,1,1,1,1,1,1,1,1,1,1,1,1,1,1,1,1,1,1,1,1,1,1,1,1,1,1,1,1,1,1,1,4),(0.0,0.03125,0.0625,0.09375,0.125,0.15625,0.1875,0.21875,0.25,0.28125,0.3125,0.34375,0.375,0.40625,0.4375,0.46875,0.5,0.53125,0.5625,0.59375,0.625,0.65625,0.6875,0.71875,0.75,0.78125,0.8125,0.84375,0.875,0.90625,0.9375,0.96875,1.0),.UNSPECIFIED.);
#7475=CIRCLE('',#10121,0.3078968601752);
#7476=CIRCLE('',#10122,0.3078968601752);
#7477=CIRCLE('',#10123,0.3078968601752);
#7478=VERTEX_POINT('',#10124);
#7479=CIRCLE('',#10125,0.05);
#7480=VERTEX_POINT('',#10126);
#7481=LINE('',#10127,#10128);
#7482=VERTEX_POINT('',#10129);
#7483=LINE('',#10130,#10131);
#7484=VERTEX_POINT('',#10132);
#7485=LINE('',#10133,#10134);
#7486=CIRCLE('',#10135,0.19);
#7487=VERTEX_POINT('',#10136);
#7488=LINE('',#10137,#10138);
#7489=CIRCLE('',#10139,0.19);
#7490=VERTEX_POINT('',#10140);
#7491=LINE('',#10141,#10142);
#7492=VERTEX_POINT('',#10143);
#7493=LINE('',#10144,#10145);
#7494=VERTEX_POINT('',#10146);
#7495=LINE('',#10147,#10148);
#7496=CIRCLE('',#10149,0.05);
#7497=LINE('',#10150,#10151);
#7498=LINE('',#10152,#10153);
#7499=LINE('',#10154,#10155);
#7500=VERTEX_POINT('',#10156);
#7501=B_SPLINE_CURVE_WITH_KNOTS('',3,(#10157,#10158,#10159,#10160,#10161,#10162,#10163,#10164,#10165,#10166,#10167,#10168,#10169,#10170,#10171,#10172),.UNSPECIFIED.,.F.,.F.,(4,1,1,1,1,1,1,1,1,1,1,1,1,4),(0.0,0.07692307692308,0.1538461538462,0.2307692307692,0.3076923076923,0.3846153846154,0.4615384615385,0.5384615384615,0.6153846153846,0.6923076923077,0.7692307692308,0.8461538461538,0.9230769230769,1.0),.UNSPECIFIED.);
#7502=LINE('',#10173,#10174);
#7503=VERTEX_POINT('',#10175);
#7504=LINE('',#10176,#10177);
#7505=LINE('',#10178,#10179);
#7506=VERTEX_POINT('',#10180);
#7507=LINE('',#10181,#10182);
#7508=VERTEX_POINT('',#10183);
#7509=LINE('',#10184,#10185);
#7510=LINE('',#10186,#10187);
#7511=VERTEX_POINT('',#10188);
#7512=LINE('',#10189,#10190);
#7513=B_SPLINE_CURVE_WITH_KNOTS('',3,(#10191,#10192,#10193,#10194,#10195),.UNSPECIFIED.,.F.,.F.,(4,1,4),(0.0,0.5,1.0),.UNSPECIFIED.);
#7514=VERTEX_POINT('',#10196);
#7515=LINE('',#10197,#10198);
#7516=VERTEX_POINT('',#10199);
#7517=B_SPLINE_CURVE_WITH_KNOTS('',3,(#10200,#10201,#10202,#10203,#10204),.UNSPECIFIED.,.F.,.F.,(4,1,4),(0.0,0.5,1.0),.UNSPECIFIED.);
#7518=LINE('',#10205,#10206);
#7519=VERTEX_POINT('',#10207);
#7520=B_SPLINE_CURVE_WITH_KNOTS('',3,(#10208,#10209,#10210,#10211,#10212),.UNSPECIFIED.,.F.,.F.,(4,1,4),(0.0,0.5,1.0),.UNSPECIFIED.);
#7521=LINE('',#10213,#10214);
#7522=B_SPLINE_CURVE_WITH_KNOTS('',3,(#10215,#10216,#10217,#10218,#10219,#10220,#10221,#10222,#10223,#10224,#10225,#10226,#10227,#10228,#10229,#10230,#10231,#10232,#10233,#10234,#10235,#10236,#10237,#10238,#10239,#10240,#10241,#10242,#10243),.UNSPECIFIED.,.F.,.F.,(4,1,1,1,1,1,1,1,1,1,1,1,1,1,1,1,1,1,1,1,1,1,1,1,1,1,4),(0.0,0.03846153846154,0.07692307692308,0.1153846153846,0.1538461538462,0.1923076923077,0.2307692307692,0.2692307692308,0.3076923076923,0.3461538461538,0.3846153846154,0.4230769230769,0.4615384615385,0.5,0.5384615384615,0.5769230769231,0.6153846153846,0.6538461538462,0.6923076923077,0.7307692307692,0.7692307692308,0.8076923076923,0.8461538461538,0.8846153846154,0.9230769230769,0.9615384615385,1.0),.UNSPECIFIED.);
#7523=LINE('',#10244,#10245);
#7524=LINE('',#10246,#10247);
#7525=LINE('',#10248,#10249);
#7526=LINE('',#10250,#10251);
#7527=VERTEX_POINT('',#10252);
#7528=LINE('',#10253,#10254);
#7529=LINE('',#10255,#10256);
#7530=LINE('',#10257,#10258);
#7531=VERTEX_POINT('',#10259);
#7532=B_SPLINE_CURVE_WITH_KNOTS('',3,(#10260,#10261,#10262,#10263,#10264,#10265,#10266,#10267,#10268,#10269,#10270,#10271,#10272,#10273,#10274,#10275),.UNSPECIFIED.,.F.,.F.,(4,1,1,1,1,1,1,1,1,1,1,1,1,4),(0.0,0.07692307692308,0.1538461538462,0.2307692307692,0.3076923076923,0.3846153846154,0.4615384615385,0.5384615384615,0.6153846153846,0.6923076923077,0.7692307692308,0.8461538461538,0.9230769230769,1.0),.UNSPECIFIED.);
#7533=VERTEX_POINT('',#10276);
#7534=LINE('',#10277,#10278);
#7535=B_SPLINE_CURVE_WITH_KNOTS('',3,(#10279,#10280,#10281,#10282,#10283,#10284,#10285,#10286,#10287,#10288,#10289,#10290,#10291,#10292,#10293,#10294),.UNSPECIFIED.,.F.,.F.,(4,1,1,1,1,1,1,1,1,1,1,1,1,4),(0.0,0.07692307692308,0.1538461538462,0.2307692307692,0.3076923076923,0.3846153846154,0.4615384615385,0.5384615384615,0.6153846153846,0.6923076923077,0.7692307692308,0.8461538461538,0.9230769230769,1.0),.UNSPECIFIED.);
#7536=VERTEX_POINT('',#10295);
#7537=LINE('',#10296,#10297);
#7538=B_SPLINE_CURVE_WITH_KNOTS('',3,(#10298,#10299,#10300,#10301,#10302,#10303,#10304,#10305,#10306,#10307,#10308,#10309,#10310,#10311,#10312,#10313,#10314,#10315,#10316,#10317,#10318,#10319,#10320,#10321,#10322,#10323,#10324,#10325,#10326),.UNSPECIFIED.,.F.,.F.,(4,1,1,1,1,1,1,1,1,1,1,1,1,1,1,1,1,1,1,1,1,1,1,1,1,1,4),(0.0,0.03846153846154,0.07692307692308,0.1153846153846,0.1538461538462,0.1923076923077,0.2307692307692,0.2692307692308,0.3076923076923,0.3461538461538,0.3846153846154,0.4230769230769,0.4615384615385,0.5,0.5384615384615,0.5769230769231,0.6153846153846,0.6538461538462,0.6923076923077,0.7307692307692,0.7692307692308,0.8076923076923,0.8461538461538,0.8846153846154,0.9230769230769,0.9615384615385,1.0),.UNSPECIFIED.);
#7539=VERTEX_POINT('',#10327);
#7540=LINE('',#10328,#10329);
#7541=B_SPLINE_CURVE_WITH_KNOTS('',3,(#10330,#10331,#10332,#10333,#10334,#10335,#10336,#10337,#10338,#10339,#10340,#10341,#10342,#10343,#10344,#10345,#10346,#10347,#10348,#10349,#10350,#10351,#10352,#10353,#10354,#10355,#10356,#10357,#10358),.UNSPECIFIED.,.F.,.F.,(4,1,1,1,1,1,1,1,1,1,1,1,1,1,1,1,1,1,1,1,1,1,1,1,1,1,4),(0.0,0.03846153846154,0.07692307692308,0.1153846153846,0.1538461538462,0.1923076923077,0.2307692307692,0.2692307692308,0.3076923076923,0.3461538461538,0.3846153846154,0.4230769230769,0.4615384615385,0.5,0.5384615384615,0.5769230769231,0.6153846153846,0.6538461538462,0.6923076923077,0.7307692307692,0.7692307692308,0.8076923076923,0.8461538461538,0.8846153846154,0.9230769230769,0.9615384615385,1.0),.UNSPECIFIED.);
#7542=LINE('',#10359,#10360);
#7543=VERTEX_POINT('',#10361);
#7544=B_SPLINE_CURVE_WITH_KNOTS('',3,(#10362,#10363,#10364,#10365,#10366),.UNSPECIFIED.,.F.,.F.,(4,1,4),(0.0,0.5,1.0),.UNSPECIFIED.);
#7545=VERTEX_POINT('',#10367);
#7546=LINE('',#10368,#10369);
#7547=LINE('',#10370,#10371);
#7548=VERTEX_POINT('',#10372);
#7549=LINE('',#10373,#10374);
#7550=LINE('',#10375,#10376);
#7551=VERTEX_POINT('',#10377);
#7552=LINE('',#10378,#10379);
#7553=B_SPLINE_CURVE_WITH_KNOTS('',3,(#10380,#10381,#10382,#10383,#10384),.UNSPECIFIED.,.F.,.F.,(4,1,4),(0.0,0.5,1.0),.UNSPECIFIED.);
#7554=LINE('',#10385,#10386);
#7555=VERTEX_POINT('',#10387);
#7556=B_SPLINE_CURVE_WITH_KNOTS('',3,(#10388,#10389,#10390,#10391,#10392),.UNSPECIFIED.,.F.,.F.,(4,1,4),(0.0,0.5,1.0),.UNSPECIFIED.);
#7557=VERTEX_POINT('',#10393);
#7558=LINE('',#10394,#10395);
#7559=B_SPLINE_CURVE_WITH_KNOTS('',3,(#10396,#10397,#10398,#10399,#10400),.UNSPECIFIED.,.F.,.F.,(4,1,4),(0.0,0.5,1.0),.UNSPECIFIED.);
#7560=VERTEX_POINT('',#10401);
#7561=LINE('',#10402,#10403);
#7562=LINE('',#10404,#10405);
#7563=VERTEX_POINT('',#10406);
#7564=LINE('',#10407,#10408);
#7565=LINE('',#10409,#10410);
#7566=LINE('',#10411,#10412);
#7567=VERTEX_POINT('',#10413);
#7568=CIRCLE('',#10414,0.2);
#7569=VERTEX_POINT('',#10415);
#7570=LINE('',#10416,#10417);
#7571=CIRCLE('',#10418,0.2);
#7572=VERTEX_POINT('',#10419);
#7573=CIRCLE('',#10420,0.1225);
#7574=VERTEX_POINT('',#10421);
#7575=LINE('',#10422,#10423);
#7576=VERTEX_POINT('',#10424);
#7577=LINE('',#10425,#10426);
#7578=LINE('',#10427,#10428);
#7579=VERTEX_POINT('',#10429);
#7580=CIRCLE('',#10430,0.34);
#7581=VERTEX_POINT('',#10431);
#7582=LINE('',#10432,#10433);
#7583=CIRCLE('',#10434,0.34);
#7584=VERTEX_POINT('',#10435);
#7585=CIRCLE('',#10436,0.2625);
#7586=VERTEX_POINT('',#10437);
#7587=LINE('',#10438,#10439);
#7588=VERTEX_POINT('',#10440);
#7589=LINE('',#10441,#10442);
#7590=VERTEX_POINT('',#10443);
#7591=LINE('',#10444,#10445);
#7592=CIRCLE('',#10446,0.1225);
#7593=LINE('',#10447,#10448);
#7594=LINE('',#10449,#10450);
#7595=LINE('',#10451,#10452);
#7596=LINE('',#10453,#10454);
#7597=LINE('',#10455,#10456);
#7598=LINE('',#10457,#10458);
#7599=LINE('',#10459,#10460);
#7600=VERTEX_POINT('',#10461);
#7601=B_SPLINE_CURVE_WITH_KNOTS('',3,(#10462,#10463,#10464,#10465,#10466,#10467,#10468,#10469,#10470,#10471,#10472,#10473,#10474,#10475,#10476,#10477),.UNSPECIFIED.,.F.,.F.,(4,1,1,1,1,1,1,1,1,1,1,1,1,4),(0.0,0.07692307692308,0.1538461538462,0.2307692307692,0.3076923076923,0.3846153846154,0.4615384615385,0.5384615384615,0.6153846153846,0.6923076923077,0.7692307692308,0.8461538461538,0.9230769230769,1.0),.UNSPECIFIED.);
#7602=VERTEX_POINT('',#10478);
#7603=LINE('',#10479,#10480);
#7604=B_SPLINE_CURVE_WITH_KNOTS('',3,(#10481,#10482,#10483,#10484,#10485,#10486,#10487,#10488,#10489,#10490,#10491,#10492,#10493,#10494,#10495,#10496),.UNSPECIFIED.,.F.,.F.,(4,1,1,1,1,1,1,1,1,1,1,1,1,4),(0.0,0.07692307692308,0.1538461538462,0.2307692307692,0.3076923076923,0.3846153846154,0.4615384615385,0.5384615384615,0.6153846153846,0.6923076923077,0.7692307692308,0.8461538461538,0.9230769230769,1.0),.UNSPECIFIED.);
#7605=VERTEX_POINT('',#10497);
#7606=LINE('',#10498,#10499);
#7607=B_SPLINE_CURVE_WITH_KNOTS('',3,(#10500,#10501,#10502,#10503,#10504,#10505,#10506,#10507,#10508,#10509,#10510,#10511,#10512,#10513,#10514,#10515,#10516,#10517,#10518,#10519,#10520,#10521,#10522,#10523,#10524,#10525,#10526,#10527,#10528),.UNSPECIFIED.,.F.,.F.,(4,1,1,1,1,1,1,1,1,1,1,1,1,1,1,1,1,1,1,1,1,1,1,1,1,1,4),(0.0,0.03846153846154,0.07692307692308,0.1153846153846,0.1538461538462,0.1923076923077,0.2307692307692,0.2692307692308,0.3076923076923,0.3461538461538,0.3846153846154,0.4230769230769,0.4615384615385,0.5,0.5384615384615,0.5769230769231,0.6153846153846,0.6538461538462,0.6923076923077,0.7307692307692,0.7692307692308,0.8076923076923,0.8461538461538,0.8846153846154,0.9230769230769,0.9615384615385,1.0),.UNSPECIFIED.);
#7608=VERTEX_POINT('',#10529);
#7609=LINE('',#10530,#10531);
#7610=B_SPLINE_CURVE_WITH_KNOTS('',3,(#10532,#10533,#10534,#10535,#10536,#10537,#10538,#10539,#10540,#10541,#10542,#10543,#10544,#10545,#10546,#10547,#10548,#10549,#10550,#10551,#10552,#10553,#10554,#10555,#10556,#10557,#10558,#10559,#10560),.UNSPECIFIED.,.F.,.F.,(4,1,1,1,1,1,1,1,1,1,1,1,1,1,1,1,1,1,1,1,1,1,1,1,1,1,4),(0.0,0.03846153846154,0.07692307692308,0.1153846153846,0.1538461538462,0.1923076923077,0.2307692307692,0.2692307692308,0.3076923076923,0.3461538461538,0.3846153846154,0.4230769230769,0.4615384615385,0.5,0.5384615384615,0.5769230769231,0.6153846153846,0.6538461538462,0.6923076923077,0.7307692307692,0.7692307692308,0.8076923076923,0.8461538461538,0.8846153846154,0.9230769230769,0.9615384615385,1.0),.UNSPECIFIED.);
#7611=LINE('',#10561,#10562);
#7612=LINE('',#10563,#10564);
#7613=LINE('',#10565,#10566);
#7614=LINE('',#10567,#10568);
#7615=VERTEX_POINT('',#10569);
#7616=B_SPLINE_CURVE_WITH_KNOTS('',3,(#10570,#10571,#10572,#10573,#10574),.UNSPECIFIED.,.F.,.F.,(4,1,4),(0.0,0.5,1.0),.UNSPECIFIED.);
#7617=VERTEX_POINT('',#10575);
#7618=LINE('',#10576,#10577);
#7619=LINE('',#10578,#10579);
#7620=VERTEX_POINT('',#10580);
#7621=LINE('',#10581,#10582);
#7622=LINE('',#10583,#10584);
#7623=VERTEX_POINT('',#10585);
#7624=LINE('',#10586,#10587);
#7625=B_SPLINE_CURVE_WITH_KNOTS('',3,(#10588,#10589,#10590,#10591,#10592),.UNSPECIFIED.,.F.,.F.,(4,1,4),(0.0,0.5,1.0),.UNSPECIFIED.);
#7626=LINE('',#10593,#10594);
#7627=VERTEX_POINT('',#10595);
#7628=B_SPLINE_CURVE_WITH_KNOTS('',3,(#10596,#10597,#10598,#10599,#10600),.UNSPECIFIED.,.F.,.F.,(4,1,4),(0.0,0.5,1.0),.UNSPECIFIED.);
#7629=VERTEX_POINT('',#10601);
#7630=LINE('',#10602,#10603);
#7631=B_SPLINE_CURVE_WITH_KNOTS('',3,(#10604,#10605,#10606,#10607,#10608),.UNSPECIFIED.,.F.,.F.,(4,1,4),(0.0,0.5,1.0),.UNSPECIFIED.);
#7632=VERTEX_POINT('',#10609);
#7633=LINE('',#10610,#10611);
#7634=LINE('',#10612,#10613);
#7635=VERTEX_POINT('',#10614);
#7636=LINE('',#10615,#10616);
#7637=LINE('',#10617,#10618);
#7638=LINE('',#10619,#10620);
#7639=LINE('',#10621,#10622);
#7640=LINE('',#10623,#10624);
#7641=LINE('',#10625,#10626);
#7642=VERTEX_POINT('',#10627);
#7643=B_SPLINE_CURVE_WITH_KNOTS('',3,(#10628,#10629,#10630,#10631,#10632,#10633,#10634,#10635,#10636,#10637,#10638,#10639,#10640,#10641,#10642,#10643,#10644,#10645,#10646,#10647,#10648,#10649,#10650,#10651,#10652,#10653,#10654,#10655,#10656),.UNSPECIFIED.,.F.,.F.,(4,1,1,1,1,1,1,1,1,1,1,1,1,1,1,1,1,1,1,1,1,1,1,1,1,1,4),(0.0,0.03846153846154,0.07692307692308,0.1153846153846,0.1538461538462,0.1923076923077,0.2307692307692,0.2692307692308,0.3076923076923,0.3461538461538,0.3846153846154,0.4230769230769,0.4615384615385,0.5,0.5384615384615,0.5769230769231,0.6153846153846,0.6538461538462,0.6923076923077,0.7307692307692,0.7692307692308,0.8076923076923,0.8461538461538,0.8846153846154,0.9230769230769,0.9615384615385,1.0),.UNSPECIFIED.);
#7644=LINE('',#10657,#10658);
#7645=VERTEX_POINT('',#10659);
#7646=B_SPLINE_CURVE_WITH_KNOTS('',3,(#10660,#10661,#10662,#10663,#10664),.UNSPECIFIED.,.F.,.F.,(4,1,4),(0.0,0.5,1.0),.UNSPECIFIED.);
#7647=VERTEX_POINT('',#10665);
#7648=LINE('',#10666,#10667);
#7649=B_SPLINE_CURVE_WITH_KNOTS('',3,(#10668,#10669,#10670,#10671,#10672),.UNSPECIFIED.,.F.,.F.,(4,1,4),(0.0,0.5,1.0),.UNSPECIFIED.);
#7650=VERTEX_POINT('',#10673);
#7651=LINE('',#10674,#10675);
#7652=LINE('',#10676,#10677);
#7653=VERTEX_POINT('',#10678);
#7654=LINE('',#10679,#10680);
#7655=LINE('',#10681,#10682);
#7656=LINE('',#10683,#10684);
#7657=LINE('',#10685,#10686);
#7658=VERTEX_POINT('',#10687);
#7659=LINE('',#10688,#10689);
#7660=VERTEX_POINT('',#10690);
#7661=LINE('',#10691,#10692);
#7662=B_SPLINE_CURVE_WITH_KNOTS('',3,(#10693,#10694,#10695,#10696,#10697),.UNSPECIFIED.,.F.,.F.,(4,1,4),(0.0,0.5,1.0),.UNSPECIFIED.);
#7663=VERTEX_POINT('',#10698);
#7664=LINE('',#10699,#10700);
#7665=B_SPLINE_CURVE_WITH_KNOTS('',3,(#10701,#10702,#10703,#10704,#10705),.UNSPECIFIED.,.F.,.F.,(4,1,4),(0.0,0.5,1.0),.UNSPECIFIED.);
#7666=VERTEX_POINT('',#10706);
#7667=LINE('',#10707,#10708);
#7668=LINE('',#10709,#10710);
#7669=LINE('',#10711,#10712);
#7670=CARTESIAN_POINT('',(-0.6811689221854,-0.1862727486242,-8.1));
#7671=CARTESIAN_POINT('',(-0.1612727486555,-0.706168922178,-8.1));
#7672=CARTESIAN_POINT('',(-0.6811689221854,-0.1862727486242,-8.1));
#7673=CARTESIAN_POINT('',(-0.6778881104017,-0.2001299380481,-8.1));
#7674=CARTESIAN_POINT('',(-0.6704697429674,-0.2276947095407,-8.09991226807));
#7675=CARTESIAN_POINT('',(-0.6567542642057,-0.2684995734296,-8.100030305566));
#7676=CARTESIAN_POINT('',(-0.6405531259734,-0.3083897146347,-8.099940895312));
#7677=CARTESIAN_POINT('',(-0.6219046200082,-0.3472670165601,-8.099985493277));
#7678=CARTESIAN_POINT('',(-0.6008510258678,-0.3849992590025,-8.099993320368));
#7679=CARTESIAN_POINT('',(-0.5775661699734,-0.4212753846717,-8.099943013403));
#7680=CARTESIAN_POINT('',(-0.5521672461658,-0.4559613216357,-8.100029502383));
#7681=CARTESIAN_POINT('',(-0.5246616457559,-0.4890547054096,-8.099932043217));
#7682=CARTESIAN_POINT('',(-0.4952292751829,-0.5203390004933,-8.100017875163));
#7683=CARTESIAN_POINT('',(-0.464000064923,-0.5497074186897,-8.099961206613));
#7684=CARTESIAN_POINT('',(-0.4309295397722,-0.5771928556851,-8.099975239072));
#7685=CARTESIAN_POINT('',(-0.3962168608671,-0.6026054941212,-8.100003943515));
#7686=CARTESIAN_POINT('',(-0.3600190384906,-0.6258369476138,-8.099940083411));
#7687=CARTESIAN_POINT('',(-0.3223160995679,-0.6468798632728,-8.10003194199));
#7688=CARTESIAN_POINT('',(-0.2833992345349,-0.6655492956175,-8.099921541498));
#7689=CARTESIAN_POINT('',(-0.2435269032914,-0.6817436851604,-8.100039117315));
#7690=CARTESIAN_POINT('',(-0.2027198924177,-0.6954624882789,-8.099923418812));
#7691=CARTESIAN_POINT('',(-0.1751406326,-0.7028855783702,-8.100000000062));
#7692=CARTESIAN_POINT('',(-0.1612727486555,-0.706168922178,-8.1));
#7693=CARTESIAN_POINT('',(-0.275,-0.725,-6.7));
#7694=CARTESIAN_POINT('',(-0.1612727486555,-0.706168922178,-8.1));
#7695=VECTOR('',#10713,1.404737874904);
#7696=CARTESIAN_POINT('',(-0.725,-0.275,-6.7));
#7697=CARTESIAN_POINT('',(-0.725,-0.275,-6.7));
#7698=CARTESIAN_POINT('',(-0.725,-0.2857100245413,-6.7));
#7699=CARTESIAN_POINT('',(-0.7242349794823,-0.3071299753306,-6.700057889459));
#7700=CARTESIAN_POINT('',(-0.7207982622903,-0.3390961093956,-6.699961845217));
#7701=CARTESIAN_POINT('',(-0.7150898658232,-0.3707356407694,-6.700011737477));
#7702=CARTESIAN_POINT('',(-0.7071388577134,-0.4018874016568,-6.700086241444));
#7703=CARTESIAN_POINT('',(-0.6969857464116,-0.4323926072748,-6.700008175164));
#7704=CARTESIAN_POINT('',(-0.684682344259,-0.4620956415188,-6.699992153694));
#7705=CARTESIAN_POINT('',(-0.6702912626977,-0.4908453646278,-6.700015513543));
#7706=CARTESIAN_POINT('',(-0.6538858748903,-0.5184951675776,-6.69999138002));
#7707=CARTESIAN_POINT('',(-0.6355497763854,-0.5449041721914,-6.700018975605));
#7708=CARTESIAN_POINT('',(-0.615376383039,-0.5699378259048,-6.700007578253));
#7709=CARTESIAN_POINT('',(-0.5934685275653,-0.5934685227486,-6.69999636339));
#7710=CARTESIAN_POINT('',(-0.5699378198017,-0.6153763884063,-6.700021352511));
#7711=CARTESIAN_POINT('',(-0.544904176303,-0.6355497731497,-6.69999779602));
#7712=CARTESIAN_POINT('',(-0.5184951683859,-0.6538858741177,-6.700004723414));
#7713=CARTESIAN_POINT('',(-0.4908453664785,-0.6702912631145,-6.700014333391));
#7714=CARTESIAN_POINT('',(-0.4620956167197,-0.6846823524225,-6.699981553169));
#7715=CARTESIAN_POINT('',(-0.4323926999173,-0.6969857154887,-6.70005541634));
#7716=CARTESIAN_POINT('',(-0.4018872393772,-0.7071389048025,-6.700078428928));
#7717=CARTESIAN_POINT('',(-0.3707357559082,-0.7150898379776,-6.699987059544));
#7718=CARTESIAN_POINT('',(-0.3390960564857,-0.7207982732074,-6.699948238569));
#7719=CARTESIAN_POINT('',(-0.307130009137,-0.7242349726738,-6.700109741822));
#7720=CARTESIAN_POINT('',(-0.2857101012953,-0.725,-6.7));
#7721=CARTESIAN_POINT('',(-0.275,-0.725,-6.7));
#7722=CARTESIAN_POINT('',(-0.6811689221854,-0.1862727486242,-8.1));
#7723=VECTOR('',#10714,1.403493387416);
#7724=CARTESIAN_POINT('',(-0.7377149978439,0.375,-6.873205080757));
#7725=CARTESIAN_POINT('',(-0.7762080021109,0.375,-7.442157287525));
#7726=CARTESIAN_POINT('',(-0.7377149978439,0.375,-6.873205080757));
#7727=CARTESIAN_POINT('',(-0.7423589257258,0.375,-6.93761343478));
#7728=CARTESIAN_POINT('',(-0.7513999626784,0.375,-7.065636024174));
#7729=CARTESIAN_POINT('',(-0.7642275753193,0.375,-7.255288587221));
#7730=CARTESIAN_POINT('',(-0.7722944786063,0.375,-7.380132751542));
#7731=CARTESIAN_POINT('',(-0.7762080021109,0.375,-7.442157287525));
#7732=CARTESIAN_POINT('',(-0.7393682625349,0.05857864376271,-7.758578643763));
#7733=CARTESIAN_POINT('',(-0.7762080021109,0.375,-7.442157287525));
#7734=CARTESIAN_POINT('',(-0.774128330418,0.3396172570666,-7.477540030459));
#7735=CARTESIAN_POINT('',(-0.7686274162933,0.269001103949,-7.548156183576));
#7736=CARTESIAN_POINT('',(-0.7563353336571,0.1634807287351,-7.65367655879));
#7737=CARTESIAN_POINT('',(-0.7454658044851,0.09349171774989,-7.723665569775));
#7738=CARTESIAN_POINT('',(-0.7393682625349,0.05857864376271,-7.758578643763));
#7739=CARTESIAN_POINT('',(-0.7726223873678,0.1999999405923,-8.1));
#7740=CARTESIAN_POINT('',(-0.7393682625349,0.05857864376271,-7.758578643763));
#7741=CARTESIAN_POINT('',(-0.7386603978474,0.05452557903468,-7.762631708491));
#7742=CARTESIAN_POINT('',(-0.7372902079305,0.04677340278505,-7.771080313654));
#7743=CARTESIAN_POINT('',(-0.7353842242812,0.03627594735982,-7.784706832152));
#7744=CARTESIAN_POINT('',(-0.7336509333004,0.0270207126617,-7.799122981452));
#7745=CARTESIAN_POINT('',(-0.7320974299425,0.01901893325896,-7.814306186674));
#7746=CARTESIAN_POINT('',(-0.7307522228798,0.01238060194783,-7.830027928763));
#7747=CARTESIAN_POINT('',(-0.7296224062005,0.007096360273858,-7.846285757584));
#7748=CARTESIAN_POINT('',(-0.7287322440398,0.003232413186069,-7.862865641116));
#7749=CARTESIAN_POINT('',(-0.728093586833,0.0007887743204727,-7.879715761207));
#7750=CARTESIAN_POINT('',(-0.7277245434668,-0.0002110862613802,-7.896676618942));
#7751=CARTESIAN_POINT('',(-0.7276374850962,0.0002224660564155,-7.913564743733));
#7752=CARTESIAN_POINT('',(-0.7278428172242,0.002076328079789,-7.930333489402));
#7753=CARTESIAN_POINT('',(-0.7283441604785,0.005296371757069,-7.946724130902));
#7754=CARTESIAN_POINT('',(-0.7291473813137,0.009857347379246,-7.962750541755));
#7755=CARTESIAN_POINT('',(-0.730248993067,0.01568558089373,-7.978222755728));
#7756=CARTESIAN_POINT('',(-0.7316501473043,0.02274429829456,-7.993117492552));
#7757=CARTESIAN_POINT('',(-0.7333496598917,0.0309890036958,-8.007354095324));
#7758=CARTESIAN_POINT('',(-0.7353343080006,0.04032811352587,-8.020807863869));
#7759=CARTESIAN_POINT('',(-0.7376111379799,0.05077264921799,-8.033495132094));
#7760=CARTESIAN_POINT('',(-0.7401552588755,0.06219455442699,-8.045256836439));
#7761=CARTESIAN_POINT('',(-0.7429711571149,0.07460825774832,-8.056101923736));
#7762=CARTESIAN_POINT('',(-0.7460362992606,0.08791472578733,-8.065916219783));
#7763=CARTESIAN_POINT('',(-0.7493329319108,0.1020471423747,-8.074636699143));
#7764=CARTESIAN_POINT('',(-0.7528527645751,0.1169864675054,-8.082215718242));
#7765=CARTESIAN_POINT('',(-0.7565528966141,0.1325760635528,-8.088545516608));
#7766=CARTESIAN_POINT('',(-0.7604284036274,0.1488285078136,-8.093593508765));
#7767=CARTESIAN_POINT('',(-0.7644174994645,0.1655257484816,-8.097255501873));
#7768=CARTESIAN_POINT('',(-0.768501336693,0.1826376667667,-8.099495439538));
#7769=CARTESIAN_POINT('',(-0.7712486438293,0.1941976496692,-8.1));
#7770=CARTESIAN_POINT('',(-0.7726223873678,0.1999999405923,-8.1));
#7771=CARTESIAN_POINT('',(-0.7726223873678,0.1999999405923,-8.1));
#7772=VECTOR('',#10715,0.1202903714328);
#7773=CARTESIAN_POINT('',(-0.725,0.075,-6.7));
#7774=CARTESIAN_POINT('',(-0.725,0.075,-6.7));
#7775=VECTOR('',#10716,0.1627228284073);
#7776=CARTESIAN_POINT('',(-0.725,0.075,-6.7));
#7777=CARTESIAN_POINT('',(-0.7255111020494,0.1082565459518,-6.719200675758));
#7778=CARTESIAN_POINT('',(-0.7271345063624,0.1748210049218,-6.757631684062));
#7779=CARTESIAN_POINT('',(-0.7313714829627,0.2748356688799,-6.815375177222));
#7780=CARTESIAN_POINT('',(-0.7353989144253,0.3415963687961,-6.853919485289));
#7781=CARTESIAN_POINT('',(-0.7377149978439,0.375,-6.873205080757));
#7782=CARTESIAN_POINT('',(-0.525,0.075,-6.7));
#7783=CARTESIAN_POINT('',(-0.725,0.075,-6.7));
#7784=VECTOR('',#10717,0.2);
#7785=CARTESIAN_POINT('',(-0.5389228730894,0.375,-6.873205080757));
#7786=CARTESIAN_POINT('',(-0.5389228730894,0.375,-6.873205080757));
#7787=CARTESIAN_POINT('',(-0.5363578282503,0.3394719622867,-6.852692958619));
#7788=CARTESIAN_POINT('',(-0.5319754348277,0.2698752794907,-6.812511295072));
#7789=CARTESIAN_POINT('',(-0.5274304242272,0.1698586480205,-6.75476666597));
#7790=CARTESIAN_POINT('',(-0.5256254379123,0.1061293831189,-6.717972557723));
#7791=CARTESIAN_POINT('',(-0.525,0.075,-6.7));
#7792=CARTESIAN_POINT('',(-0.5389228730894,0.375,-6.873205080757));
#7793=VECTOR('',#10718,0.1987921247545);
#7794=CARTESIAN_POINT('',(0.525,0.075,-6.7));
#7795=CARTESIAN_POINT('',(0.5389228730894,0.375,-6.873205080757));
#7796=CARTESIAN_POINT('',(0.525,0.075,-6.7));
#7797=CARTESIAN_POINT('',(0.5256254379123,0.1061293831189,-6.717972557723));
#7798=CARTESIAN_POINT('',(0.5274304242272,0.1698586480205,-6.75476666597));
#7799=CARTESIAN_POINT('',(0.5319754348277,0.2698752794907,-6.812511295072));
#7800=CARTESIAN_POINT('',(0.5363578282503,0.3394719622867,-6.852692958619));
#7801=CARTESIAN_POINT('',(0.5389228730894,0.375,-6.873205080757));
#7802=CARTESIAN_POINT('',(0.725,0.075,-6.7));
#7803=CARTESIAN_POINT('',(0.525,0.075,-6.7));
#7804=VECTOR('',#10719,0.2);
#7805=CARTESIAN_POINT('',(0.7377149978439,0.375,-6.873205080757));
#7806=CARTESIAN_POINT('',(0.7377149978439,0.375,-6.873205080757));
#7807=CARTESIAN_POINT('',(0.7353989144253,0.3415963687961,-6.853919485289));
#7808=CARTESIAN_POINT('',(0.7313714829627,0.2748356688799,-6.815375177222));
#7809=CARTESIAN_POINT('',(0.7271345063624,0.1748210049218,-6.757631684062));
#7810=CARTESIAN_POINT('',(0.7255111020494,0.1082565459518,-6.719200675758));
#7811=CARTESIAN_POINT('',(0.725,0.075,-6.7));
#7812=CARTESIAN_POINT('',(0.7377149978439,0.375,-6.873205080757));
#7813=VECTOR('',#10720,0.1987921247545);
#7814=CARTESIAN_POINT('',(-0.5777665641207,0.375,-7.442157287525));
#7815=CARTESIAN_POINT('',(-0.5777665641207,0.375,-7.442157287525));
#7816=CARTESIAN_POINT('',(-0.5741474817235,0.375,-7.380397614488));
#7817=CARTESIAN_POINT('',(-0.5664517631867,0.375,-7.25590627494));
#7818=CARTESIAN_POINT('',(-0.553512405244,0.375,-7.066247820876));
#7819=CARTESIAN_POINT('',(-0.5439445545148,0.375,-6.93787550869));
#7820=CARTESIAN_POINT('',(-0.5389228730894,0.375,-6.873205080757));
#7821=CARTESIAN_POINT('',(-0.5777665641207,0.375,-7.442157287525));
#7822=VECTOR('',#10721,0.1984414379902);
#7823=CARTESIAN_POINT('',(0.7762080021109,0.375,-7.442157287525));
#7824=CARTESIAN_POINT('',(0.7762080021109,0.375,-7.442157287525));
#7825=CARTESIAN_POINT('',(0.7722944786063,0.375,-7.380132751542));
#7826=CARTESIAN_POINT('',(0.7642275753193,0.375,-7.255288587221));
#7827=CARTESIAN_POINT('',(0.7513999626784,0.375,-7.065636024174));
#7828=CARTESIAN_POINT('',(0.7423589257258,0.375,-6.93761343478));
#7829=CARTESIAN_POINT('',(0.7377149978439,0.375,-6.873205080757));
#7830=CARTESIAN_POINT('',(0.5777665641207,0.375,-7.442157287525));
#7831=CARTESIAN_POINT('',(0.7762080021109,0.375,-7.442157287525));
#7832=VECTOR('',#10722,0.1984414379902);
#7833=CARTESIAN_POINT('',(0.5389228730894,0.375,-6.873205080757));
#7834=CARTESIAN_POINT('',(0.5439445545148,0.375,-6.93787550869));
#7835=CARTESIAN_POINT('',(0.553512405244,0.375,-7.066247820876));
#7836=CARTESIAN_POINT('',(0.5664517631867,0.375,-7.25590627494));
#7837=CARTESIAN_POINT('',(0.5741474817235,0.375,-7.380397614488));
#7838=CARTESIAN_POINT('',(0.5777665641207,0.375,-7.442157287525));
#7839=CARTESIAN_POINT('',(-0.5381451112641,0.05857864376271,-7.758578643763));
#7840=CARTESIAN_POINT('',(-0.5381451112641,0.05857864376271,-7.758578643763));
#7841=CARTESIAN_POINT('',(-0.5406055790182,0.07170374187135,-7.745453545654));
#7842=CARTESIAN_POINT('',(-0.545329065691,0.09797017312812,-7.719187114397));
#7843=CARTESIAN_POINT('',(-0.5518140828355,0.1374206886231,-7.679736598902));
#7844=CARTESIAN_POINT('',(-0.5576919735472,0.1769184427484,-7.640238844777));
#7845=CARTESIAN_POINT('',(-0.5629580851048,0.2164614893178,-7.600695798208));
#7846=CARTESIAN_POINT('',(-0.5676094511073,0.2560466516345,-7.561110635891));
#7847=CARTESIAN_POINT('',(-0.5716445179404,0.2956683348069,-7.521488952718));
#7848=CARTESIAN_POINT('',(-0.5750635313095,0.3353207184925,-7.481836569033));
#7849=CARTESIAN_POINT('',(-0.5769333680422,0.3617707705321,-7.455386516993));
#7850=CARTESIAN_POINT('',(-0.5777665641207,0.375,-7.442157287525));
#7851=CARTESIAN_POINT('',(-0.5381451112641,0.05857864376271,-7.758578643763));
#7852=VECTOR('',#10723,0.2012231512707);
#7853=CARTESIAN_POINT('',(0.7393682625349,0.05857864376271,-7.758578643763));
#7854=CARTESIAN_POINT('',(0.7393682625349,0.05857864376271,-7.758578643763));
#7855=CARTESIAN_POINT('',(0.7454658044851,0.09349171774989,-7.723665569775));
#7856=CARTESIAN_POINT('',(0.7563353336571,0.1634807287351,-7.65367655879));
#7857=CARTESIAN_POINT('',(0.7686274162933,0.269001103949,-7.548156183576));
#7858=CARTESIAN_POINT('',(0.774128330418,0.3396172570666,-7.477540030459));
#7859=CARTESIAN_POINT('',(0.7762080021109,0.375,-7.442157287525));
#7860=CARTESIAN_POINT('',(0.5381451112641,0.05857864376271,-7.758578643763));
#7861=CARTESIAN_POINT('',(0.7393682625349,0.05857864376271,-7.758578643763));
#7862=VECTOR('',#10724,0.2012231512707);
#7863=CARTESIAN_POINT('',(0.5777665641207,0.375,-7.442157287525));
#7864=CARTESIAN_POINT('',(0.5769333616925,0.3617706697131,-7.455386617812));
#7865=CARTESIAN_POINT('',(0.5750634963206,0.3353201893148,-7.481837098211));
#7866=CARTESIAN_POINT('',(0.5716443176588,0.2956661031084,-7.521491184417));
#7867=CARTESIAN_POINT('',(0.5676090360659,0.2560428016376,-7.561114485888));
#7868=CARTESIAN_POINT('',(0.5629574994803,0.2164568167445,-7.600700470781));
#7869=CARTESIAN_POINT('',(0.5576914224283,0.176914584584,-7.640242702941));
#7870=CARTESIAN_POINT('',(0.5518137218823,0.1374184445565,-7.679738842969));
#7871=CARTESIAN_POINT('',(0.5453289663663,0.09796963389074,-7.719187653635));
#7872=CARTESIAN_POINT('',(0.5406055592367,0.07170363634892,-7.745453651176));
#7873=CARTESIAN_POINT('',(0.5381451112641,0.05857864376271,-7.758578643763));
#7874=CARTESIAN_POINT('',(-0.5670933579768,0.2000000185467,-8.1));
#7875=CARTESIAN_POINT('',(-0.5670933579768,0.2000000185467,-8.1));
#7876=CARTESIAN_POINT('',(-0.565703426307,0.1941293536918,-8.1));
#7877=CARTESIAN_POINT('',(-0.5629406746887,0.1824691983302,-8.099483333763));
#7878=CARTESIAN_POINT('',(-0.55888585038,0.1653261593613,-8.09722000748));
#7879=CARTESIAN_POINT('',(-0.5549705738305,0.1486941312431,-8.093554761774));
#7880=CARTESIAN_POINT('',(-0.5512081193438,0.1325881451229,-8.088544166726));
#7881=CARTESIAN_POINT('',(-0.5476521023575,0.1172054471253,-8.082307367459));
#7882=CARTESIAN_POINT('',(-0.544299308032,0.1025079729695,-8.074884844668));
#7883=CARTESIAN_POINT('',(-0.5411804666041,0.08861255083614,-8.066374914014));
#7884=CARTESIAN_POINT('',(-0.5382980651068,0.0755203786731,-8.056819149712));
#7885=CARTESIAN_POINT('',(-0.5356615315141,0.06326746070078,-8.046256246256));
#7886=CARTESIAN_POINT('',(-0.5332913722447,0.0519510934049,-8.034790032624));
#7887=CARTESIAN_POINT('',(-0.5311807742019,0.04154423954319,-8.022389149123));
#7888=CARTESIAN_POINT('',(-0.5293529671531,0.03217257585138,-8.009186670565));
#7889=CARTESIAN_POINT('',(-0.527805133356,0.02384083044218,-7.995169636716));
#7890=CARTESIAN_POINT('',(-0.5265491382742,0.01663364682615,-7.980417211834));
#7891=CARTESIAN_POINT('',(-0.5255923118635,0.01062697930782,-7.96503729737));
#7892=CARTESIAN_POINT('',(-0.5249350165833,0.005858805816508,-7.949017786782));
#7893=CARTESIAN_POINT('',(-0.5245842067897,0.002428167286801,-7.932567125772));
#7894=CARTESIAN_POINT('',(-0.5245370966347,0.0003721759431076,-7.915676686546));
#7895=CARTESIAN_POINT('',(-0.524790734489,-0.0002391962526629,-7.898603144636));
#7896=CARTESIAN_POINT('',(-0.5253347800375,0.0006144766917212,-7.881444247686));
#7897=CARTESIAN_POINT('',(-0.526156763613,0.002950469205978,-7.864357512904));
#7898=CARTESIAN_POINT('',(-0.5272352236836,0.006742760040852,-7.847549482679));
#7899=CARTESIAN_POINT('',(-0.5285586325508,0.01199434624006,-7.831054488929));
#7900=CARTESIAN_POINT('',(-0.5300994227265,0.01863735013881,-7.815102235627));
#7901=CARTESIAN_POINT('',(-0.5318503721696,0.02668118830998,-7.799694787336));
#7902=CARTESIAN_POINT('',(-0.5337799306492,0.03601593322142,-7.785065857659));
#7903=CARTESIAN_POINT('',(-0.5358795580933,0.04662546299281,-7.771246429162));
#7904=CARTESIAN_POINT('',(-0.5373754841792,0.05447315163401,-7.762684135891));
#7905=CARTESIAN_POINT('',(-0.5381451112641,0.05857864376271,-7.758578643763));
#7906=CARTESIAN_POINT('',(-0.7726223873678,0.1999999405923,-8.1));
#7907=VECTOR('',#10725,0.205529029391);
#7908=CARTESIAN_POINT('',(0.7726224071681,0.200000024223,-8.1));
#7909=CARTESIAN_POINT('',(0.7726224071681,0.200000024223,-8.1));
#7910=CARTESIAN_POINT('',(0.7712486790352,0.1941977983687,-8.1));
#7911=CARTESIAN_POINT('',(0.7685013653711,0.1826377869064,-8.099495452641));
#7912=CARTESIAN_POINT('',(0.7644175287774,0.1655258712384,-8.097255522641));
#7913=CARTESIAN_POINT('',(0.7604284305524,0.1488286205545,-8.093593539005));
#7914=CARTESIAN_POINT('',(0.7565529216019,0.132576168552,-8.088545554236));
#7915=CARTESIAN_POINT('',(0.7528527873938,0.1169865639699,-8.082215762379));
#7916=CARTESIAN_POINT('',(0.7493329524932,0.1020472301501,-8.074636748538));
#7917=CARTESIAN_POINT('',(0.7460363176009,0.08791480489328,-8.06591627339));
#7918=CARTESIAN_POINT('',(0.7429711732608,0.07460832837363,-8.056101980641));
#7919=CARTESIAN_POINT('',(0.7401552728356,0.06219461652965,-8.045256895536));
#7920=CARTESIAN_POINT('',(0.7376111498874,0.05077270325463,-8.033495192686));
#7921=CARTESIAN_POINT('',(0.7353343179204,0.04032815961713,-8.020807924994));
#7922=CARTESIAN_POINT('',(0.7333496679679,0.03098904228292,-8.007354156293));
#7923=CARTESIAN_POINT('',(0.7316501536649,0.0227443297373,-7.993117552663));
#7924=CARTESIAN_POINT('',(0.7302489978515,0.01568560558427,-7.978222814206));
#7925=CARTESIAN_POINT('',(0.7291473846884,0.009857365845415,-7.962750598083));
#7926=CARTESIAN_POINT('',(0.7283441625978,0.005296384473758,-7.946724184404));
#7927=CARTESIAN_POINT('',(0.7278428182639,0.002076335646092,-7.930333539561));
#7928=CARTESIAN_POINT('',(0.7276374852268,0.0002224690737756,-7.913564790015));
#7929=CARTESIAN_POINT('',(0.7277245428736,-0.0002110870833448,-7.896676660815));
#7930=CARTESIAN_POINT('',(0.7280935856963,0.0007887704052369,-7.87971579838));
#7931=CARTESIAN_POINT('',(0.7287322425417,0.003232406984933,-7.862865673264));
#7932=CARTESIAN_POINT('',(0.7296224045113,0.007096352607592,-7.846285784627));
#7933=CARTESIAN_POINT('',(0.7307522211555,0.01238059362246,-7.830027950707));
#7934=CARTESIAN_POINT('',(0.7320974283304,0.01901892509644,-7.814306203602));
#7935=CARTESIAN_POINT('',(0.7336509319262,0.02702070542217,-7.7991229936));
#7936=CARTESIAN_POINT('',(0.7353842232658,0.0362759418228,-7.784706839781));
#7937=CARTESIAN_POINT('',(0.7372902073718,0.04677339963739,-7.771080317186));
#7938=CARTESIAN_POINT('',(0.7386603976528,0.05452557792023,-7.762631709605));
#7939=CARTESIAN_POINT('',(0.7393682625349,0.05857864376271,-7.758578643763));
#7940=CARTESIAN_POINT('',(0.5670933349575,0.1999999213201,-8.1));
#7941=CARTESIAN_POINT('',(0.5670933349575,0.1999999213201,-8.1));
#7942=VECTOR('',#10726,0.2055290722106);
#7943=CARTESIAN_POINT('',(0.5381451112641,0.05857864376271,-7.758578643763));
#7944=CARTESIAN_POINT('',(0.5373754844223,0.05447315293098,-7.762684134594));
#7945=CARTESIAN_POINT('',(0.5358795587951,0.04662546665294,-7.771246425049));
#7946=CARTESIAN_POINT('',(0.5337799319387,0.03601593964776,-7.785065848767));
#7947=CARTESIAN_POINT('',(0.5318503739352,0.02668119668945,-7.799694773171));
#7948=CARTESIAN_POINT('',(0.5300994248271,0.0186373595507,-7.81510221589));
#7949=CARTESIAN_POINT('',(0.5285586348399,0.01199435578823,-7.831054463346));
#7950=CARTESIAN_POINT('',(0.5272352259865,0.0067427687532,-7.847549451169));
#7951=CARTESIAN_POINT('',(0.5261567657464,0.002950476138849,-7.864357475448));
#7952=CARTESIAN_POINT('',(0.5253347817964,0.0006144808699186,-7.881444204425));
#7953=CARTESIAN_POINT('',(0.524790735657,-0.0002391957651815,-7.898603095971));
#7954=CARTESIAN_POINT('',(0.5245370969971,0.0003721718723145,-7.915676632879));
#7955=CARTESIAN_POINT('',(0.5245842061305,0.002428157870757,-7.932567067818));
#7956=CARTESIAN_POINT('',(0.5249350147086,0.005858790405604,-7.949017725204));
#7957=CARTESIAN_POINT('',(0.5255923085797,0.01062695728359,-7.965037232848));
#7958=CARTESIAN_POINT('',(0.5265491334161,0.01663361772658,-7.980417145164));
#7959=CARTESIAN_POINT('',(0.5278051267457,0.02384079373448,-7.995169568502));
#7960=CARTESIAN_POINT('',(0.5293529586517,0.03217253120671,-8.009186601714));
#7961=CARTESIAN_POINT('',(0.5311807636671,0.04154418658093,-8.022389080336));
#7962=CARTESIAN_POINT('',(0.533291359529,0.05195103171634,-8.034789964672));
#7963=CARTESIAN_POINT('',(0.5356615165348,0.06326739014501,-8.046256180102));
#7964=CARTESIAN_POINT('',(0.5382980476993,0.07552029870372,-8.056819086046));
#7965=CARTESIAN_POINT('',(0.5411804467337,0.08861246146098,-8.066374853992));
#7966=CARTESIAN_POINT('',(0.5442992855863,0.1025078737906,-8.074884789193));
#7967=CARTESIAN_POINT('',(0.547652077283,0.1172053379589,-8.082307317656));
#7968=CARTESIAN_POINT('',(0.5512080916175,0.1325880258456,-8.088544123976));
#7969=CARTESIAN_POINT('',(0.5549705436484,0.148694002579,-8.093554727139));
#7970=CARTESIAN_POINT('',(0.5588858171172,0.1653260184531,-8.097219983492));
#7971=CARTESIAN_POINT('',(0.5629406418332,0.1824690596534,-8.09948331844));
#7972=CARTESIAN_POINT('',(0.5657033854642,0.1941291811834,-8.1));
#7973=CARTESIAN_POINT('',(0.5670933349575,0.1999999213201,-8.1));
#7974=CARTESIAN_POINT('',(-0.8452849643032,1.375,-8.1));
#7975=CARTESIAN_POINT('',(-0.8452849643032,1.375,-8.1));
#7976=VECTOR('',#10727,1.207483137044);
#7977=CARTESIAN_POINT('',(-1.039904656356,1.328922071822,-8.1));
#7978=CARTESIAN_POINT('',(-0.8452849643032,1.375,-8.1));
#7979=VECTOR('',#10728,0.2);
#7980=CARTESIAN_POINT('',(-1.039904656356,1.328922071822,-8.1));
#7981=VECTOR('',#10729,1.160131453627);
#7982=CARTESIAN_POINT('',(1.039904656356,1.328922071822,-8.1));
#7983=CARTESIAN_POINT('',(1.039904656356,1.328922071822,-8.1));
#7984=VECTOR('',#10730,1.160131367684);
#7985=CARTESIAN_POINT('',(0.8452849643032,1.375,-8.1));
#7986=CARTESIAN_POINT('',(1.039904656356,1.328922071822,-8.1));
#7987=VECTOR('',#10731,0.2);
#7988=CARTESIAN_POINT('',(0.8452849643032,1.375,-8.1));
#7989=VECTOR('',#10732,1.207483236959);
#7990=CARTESIAN_POINT('',(-0.6811689221854,-0.1862727486242,-10.90000266726));
#7991=CARTESIAN_POINT('',(-0.7193516674659,-0.025,-10.9));
#7992=CARTESIAN_POINT('',(-0.6811689221854,-0.1862727486242,-10.9));
#7993=VECTOR('',#10733,0.1657311723424);
#7994=CARTESIAN_POINT('',(-0.6811689221854,-0.1862727486242,-8.1));
#7995=VECTOR('',#10734,2.8);
#7996=CARTESIAN_POINT('',(-1.039904656356,1.328922071822,-10.9));
#7997=CARTESIAN_POINT('',(-1.039904656356,1.328922071822,-8.1));
#7998=VECTOR('',#10735,2.8);
#7999=CARTESIAN_POINT('',(-1.039904656356,1.328922071822,-10.9));
#8000=VECTOR('',#10736,1.391351571405);
#8001=CARTESIAN_POINT('',(-0.8452849643032,1.375,-10.9));
#8002=CARTESIAN_POINT('',(-0.8452849643032,1.375,-10.9));
#8003=VECTOR('',#10737,0.2);
#8004=CARTESIAN_POINT('',(-0.5138226123944,-0.02500003051267,-10.9));
#8005=CARTESIAN_POINT('',(-0.8452849643032,1.375,-10.9));
#8006=VECTOR('',#10738,1.438703366288);
#8007=CARTESIAN_POINT('',(-0.5138226123944,-0.02500003051267,-10.9));
#8008=VECTOR('',#10739,0.2055290550715);
#8009=CARTESIAN_POINT('',(-0.4970015104068,-0.1380397909639,-10.93500907401));
#8010=CARTESIAN_POINT('',(-0.4970015104068,-0.1380397909639,-10.93500907401));
#8011=CARTESIAN_POINT('',(-0.4971659412944,-0.1339273080634,-10.93219149962));
#8012=CARTESIAN_POINT('',(-0.4976354654547,-0.1255091006431,-10.92687647868));
#8013=CARTESIAN_POINT('',(-0.4987485641706,-0.1123988831132,-10.9199036096));
#8014=CARTESIAN_POINT('',(-0.5002625981549,-0.09882964890474,-10.91392913306));
#8015=CARTESIAN_POINT('',(-0.5021685115192,-0.08485718953459,-10.90897515001));
#8016=CARTESIAN_POINT('',(-0.5044627602564,-0.07050081654877,-10.90505375779));
#8017=CARTESIAN_POINT('',(-0.5071496499192,-0.05575755417101,-10.90218694525));
#8018=CARTESIAN_POINT('',(-0.5102378571288,-0.04062445239246,-10.90041316988));
#8019=CARTESIAN_POINT('',(-0.5125814780137,-0.03024221913778,-10.9));
#8020=CARTESIAN_POINT('',(-0.5138226123944,-0.02500003051267,-10.9));
#8021=CARTESIAN_POINT('',(-0.5148307036756,-0.225,-11.1));
#8022=CARTESIAN_POINT('',(-0.5148307036756,-0.225,-11.1));
#8023=CARTESIAN_POINT('',(-0.5133826441501,-0.225,-11.0948839071));
#8024=CARTESIAN_POINT('',(-0.5106405436829,-0.2246078335634,-11.084601835));
#8025=CARTESIAN_POINT('',(-0.5070189532055,-0.2228033191956,-11.06908262423));
#8026=CARTESIAN_POINT('',(-0.5039332551928,-0.2197671040365,-11.05364764242));
#8027=CARTESIAN_POINT('',(-0.5013992377273,-0.2155147546033,-11.03846212124));
#8028=CARTESIAN_POINT('',(-0.4994035751713,-0.2100778382982,-11.02364706512));
#8029=CARTESIAN_POINT('',(-0.4979047756744,-0.203424971666,-11.00917014874));
#8030=CARTESIAN_POINT('',(-0.4968744633756,-0.1955566799057,-10.99513223067));
#8031=CARTESIAN_POINT('',(-0.4962698033147,-0.1865011745027,-10.98164878393));
#8032=CARTESIAN_POINT('',(-0.4960375574481,-0.176147947647,-10.9686680527));
#8033=CARTESIAN_POINT('',(-0.4961279700676,-0.1645336466719,-10.95637954503));
#8034=CARTESIAN_POINT('',(-0.4964716708164,-0.1518034781211,-10.94502332825));
#8035=CARTESIAN_POINT('',(-0.4968143282997,-0.1427212910491,-10.93821649762));
#8036=CARTESIAN_POINT('',(-0.4970015104068,-0.1380397909639,-10.93500907401));
#8037=CARTESIAN_POINT('',(-0.7273376613019,-0.225,-11.1));
#8038=CARTESIAN_POINT('',(-0.5148307036756,-0.225,-11.1));
#8039=VECTOR('',#10740,0.2125069576263);
#8040=CARTESIAN_POINT('',(-0.7036699686592,-0.1810844068958,-10.97494937855));
#8041=CARTESIAN_POINT('',(-0.7036699686592,-0.1810844068958,-10.97494937855));
#8042=CARTESIAN_POINT('',(-0.7040707942549,-0.184367105725,-10.97904674404));
#8043=CARTESIAN_POINT('',(-0.7049609040295,-0.1905411743102,-10.98741652402));
#8044=CARTESIAN_POINT('',(-0.7065677801518,-0.1986047389959,-11.00031445765));
#8045=CARTESIAN_POINT('',(-0.7084764810206,-0.2055856145973,-11.01360953148));
#8046=CARTESIAN_POINT('',(-0.7107087282175,-0.2115047994634,-11.02727282773));
#8047=CARTESIAN_POINT('',(-0.7132840389649,-0.2163804085522,-11.04128419727));
#8048=CARTESIAN_POINT('',(-0.7162525798496,-0.2202382695552,-11.05576130432));
#8049=CARTESIAN_POINT('',(-0.719597322577,-0.2230002686236,-11.07049347298));
#8050=CARTESIAN_POINT('',(-0.7232973214441,-0.2246448267209,-11.08532988585));
#8051=CARTESIAN_POINT('',(-0.7259599448324,-0.225,-11.09512753796));
#8052=CARTESIAN_POINT('',(-0.7273376613019,-0.225,-11.1));
#8053=CARTESIAN_POINT('',(-0.7193516674659,-0.025,-10.9));
#8054=CARTESIAN_POINT('',(-0.7180946033575,-0.03030947113615,-10.9));
#8055=CARTESIAN_POINT('',(-0.7156843580417,-0.04097900025167,-10.90042206151));
#8056=CARTESIAN_POINT('',(-0.7124074574458,-0.05709054931372,-10.90236744434));
#8057=CARTESIAN_POINT('',(-0.7095350493803,-0.07305419758519,-10.90563190051));
#8058=CARTESIAN_POINT('',(-0.7071144491124,-0.08861928074061,-10.9101593492));
#8059=CARTESIAN_POINT('',(-0.7051582174468,-0.1036755325707,-10.91589005695));
#8060=CARTESIAN_POINT('',(-0.7036652816005,-0.1182235574581,-10.92281073938));
#8061=CARTESIAN_POINT('',(-0.702648498225,-0.1321804188214,-10.93088853238));
#8062=CARTESIAN_POINT('',(-0.7021163121716,-0.1454346632527,-10.94005332918));
#8063=CARTESIAN_POINT('',(-0.702075030139,-0.1580931418323,-10.95041061145));
#8064=CARTESIAN_POINT('',(-0.7025528546774,-0.170072904755,-10.96198548171));
#8065=CARTESIAN_POINT('',(-0.7032347021413,-0.177519642309,-10.97049994712));
#8066=CARTESIAN_POINT('',(-0.7036699686592,-0.1810844068958,-10.97494937855));
#8067=CARTESIAN_POINT('',(-0.6811689221854,-0.1862727486242,-10.9));
#8068=VECTOR('',#10741,0.07842592255097);
#8069=CARTESIAN_POINT('',(0.6811689221854,-0.1862727486242,-10.90000266726));
#8070=CARTESIAN_POINT('',(0.7036699686592,-0.1810844068958,-10.97494937855));
#8071=CARTESIAN_POINT('',(0.6811689221854,-0.1862727486242,-10.9));
#8072=VECTOR('',#10742,0.07842592255098);
#8073=AXIS2_PLACEMENT_3D('',#10743,#10744,#10745);
#8074=CARTESIAN_POINT('',(-0.9539392014169,-0.225,-11.90000695645));
#8075=CARTESIAN_POINT('',(-0.7273376613019,-0.225,-11.1));
#8076=CARTESIAN_POINT('',(-0.7367667737687,-0.225,-11.13334720429));
#8077=CARTESIAN_POINT('',(-0.7556360772125,-0.225,-11.20006205892));
#8078=CARTESIAN_POINT('',(-0.7839821847152,-0.225,-11.3002326302));
#8079=CARTESIAN_POINT('',(-0.8123381429875,-0.225,-11.40039220689));
#8080=CARTESIAN_POINT('',(-0.8406832184354,-0.225,-11.50047198526));
#8081=CARTESIAN_POINT('',(-0.8689935155037,-0.225,-11.60039160763));
#8082=CARTESIAN_POINT('',(-0.8972911525817,-0.225,-11.70023269008));
#8083=CARTESIAN_POINT('',(-0.9255948392468,-0.225,-11.80006431251));
#8084=CARTESIAN_POINT('',(-0.9444882520438,-0.225,-11.86668563168));
#8085=CARTESIAN_POINT('',(-0.9539392014169,-0.225,-11.90000695645));
#8086=CARTESIAN_POINT('',(0.9813855071381,-0.1170481355786,-11.90000625624));
#8087=AXIS2_PLACEMENT_3D('',#10746,#10747,#10748);
#8088=CARTESIAN_POINT('',(0.9743946177882,-0.1186601105139,-11.87671384693));
#8089=CARTESIAN_POINT('',(0.9743946177882,-0.1186601105139,-11.87671384693));
#8090=VECTOR('',#10749,0.02436628657932);
#8091=CARTESIAN_POINT('',(0.8972266470322,-0.225,-11.7));
#8092=CARTESIAN_POINT('',(0.9743946177882,-0.1186601105139,-11.87671384693));
#8093=CARTESIAN_POINT('',(0.9727181411962,-0.1234736567491,-11.87416261917));
#8094=CARTESIAN_POINT('',(0.9692080696984,-0.1329328909213,-11.86864520158));
#8095=CARTESIAN_POINT('',(0.96351952259,-0.1465207098093,-11.85913913283));
#8096=CARTESIAN_POINT('',(0.9574669481863,-0.1593959695491,-11.84843152772));
#8097=CARTESIAN_POINT('',(0.9511368146136,-0.1714113337169,-11.83659757161));
#8098=CARTESIAN_POINT('',(0.9446417391461,-0.1824032958424,-11.82376903205));
#8099=CARTESIAN_POINT('',(0.9381018946512,-0.1922404958802,-11.81011543151));
#8100=CARTESIAN_POINT('',(0.9315370145913,-0.2009437505719,-11.79559998423));
#8101=CARTESIAN_POINT('',(0.9250713767433,-0.208381496612,-11.78041305416));
#8102=CARTESIAN_POINT('',(0.9188115051739,-0.2144772511694,-11.76473899943));
#8103=CARTESIAN_POINT('',(0.9128482822147,-0.219203429799,-11.74877207255));
#8104=CARTESIAN_POINT('',(0.907152864837,-0.2225912289188,-11.73236823768));
#8105=CARTESIAN_POINT('',(0.9020025613832,-0.22454850733,-11.71635014342));
#8106=CARTESIAN_POINT('',(0.8987705458798,-0.225,-11.70544642167));
#8107=CARTESIAN_POINT('',(0.8972266470322,-0.225,-11.7));
#8108=CARTESIAN_POINT('',(0.7273376613019,-0.225,-11.1));
#8109=CARTESIAN_POINT('',(0.8972266470322,-0.225,-11.7));
#8110=CARTESIAN_POINT('',(0.8767885539757,-0.225,-11.6279004106));
#8111=CARTESIAN_POINT('',(0.8369528137914,-0.225,-11.48732334429));
#8112=CARTESIAN_POINT('',(0.7803223628603,-0.225,-11.28732353067));
#8113=CARTESIAN_POINT('',(0.7446519089569,-0.225,-11.16123394494));
#8114=CARTESIAN_POINT('',(0.7273376613019,-0.225,-11.1));
#8115=CARTESIAN_POINT('',(0.7273376613019,-0.225,-11.1));
#8116=CARTESIAN_POINT('',(0.7259599127121,-0.225,-11.09512742436));
#8117=CARTESIAN_POINT('',(0.7232972483889,-0.2246448044959,-11.08532960378));
#8118=CARTESIAN_POINT('',(0.7195972998867,-0.2230002540759,-11.07049337718));
#8119=CARTESIAN_POINT('',(0.7162525271462,-0.2202382144851,-11.05576106074));
#8120=CARTESIAN_POINT('',(0.7132840016357,-0.2163803594789,-11.0412840144));
#8121=CARTESIAN_POINT('',(0.7107085745285,-0.2115044901854,-11.02727197463));
#8122=CARTESIAN_POINT('',(0.7084762311089,-0.2055848759362,-11.01360793489));
#8123=CARTESIAN_POINT('',(0.7065675123761,-0.1986035756617,-11.00031244524));
#8124=CARTESIAN_POINT('',(0.704960791172,-0.1905404291226,-10.98741548638));
#8125=CARTESIAN_POINT('',(0.7040707565189,-0.184366796673,-10.97904635829));
#8126=CARTESIAN_POINT('',(0.7036699686592,-0.1810844068958,-10.97494937855));
#8127=CARTESIAN_POINT('',(0.7193516602833,-0.02500003033733,-10.9));
#8128=CARTESIAN_POINT('',(0.7036699686592,-0.1810844068958,-10.97494937855));
#8129=CARTESIAN_POINT('',(0.7032346754558,-0.1775194237591,-10.97049967433));
#8130=CARTESIAN_POINT('',(0.7025528041289,-0.1700722846693,-10.96198479408));
#8131=CARTESIAN_POINT('',(0.7020750069915,-0.1580919357412,-10.9504095317));
#8132=CARTESIAN_POINT('',(0.7021163373904,-0.1454334524157,-10.94005241146));
#8133=CARTESIAN_POINT('',(0.702648591538,-0.1321787499297,-10.93088746895));
#8134=CARTESIAN_POINT('',(0.703665417829,-0.1182220456056,-10.92280995449));
#8135=CARTESIAN_POINT('',(0.7051583703461,-0.1036742645113,-10.91588953292));
#8136=CARTESIAN_POINT('',(0.7071145456139,-0.08861861838769,-10.9101591336));
#8137=CARTESIAN_POINT('',(0.7095351853516,-0.07305339323589,-10.90563170499));
#8138=CARTESIAN_POINT('',(0.7124075256594,-0.05709020802209,-10.90236739875));
#8139=CARTESIAN_POINT('',(0.7156844167519,-0.04097873105999,-10.90042204329));
#8140=CARTESIAN_POINT('',(0.7180946158811,-0.03030941823986,-10.9));
#8141=CARTESIAN_POINT('',(0.7193516602833,-0.02500003033733,-10.9));
#8142=CARTESIAN_POINT('',(0.5148307036756,-0.225,-11.1));
#8143=CARTESIAN_POINT('',(0.5148307036756,-0.225,-11.1));
#8144=VECTOR('',#10750,0.2125069576263);
#8145=CARTESIAN_POINT('',(0.4970015104068,-0.1380397909639,-10.93500907401));
#8146=CARTESIAN_POINT('',(0.4970015104068,-0.1380397909639,-10.93500907401));
#8147=CARTESIAN_POINT('',(0.4968143290771,-0.1427212716044,-10.9382164843));
#8148=CARTESIAN_POINT('',(0.4964716724701,-0.1518034423284,-10.94502330223));
#8149=CARTESIAN_POINT('',(0.4961279693835,-0.1645336085118,-10.95637949849));
#8150=CARTESIAN_POINT('',(0.4960375604081,-0.1761480308172,-10.96866816263));
#8151=CARTESIAN_POINT('',(0.4962697922617,-0.1865008959366,-10.98164840911));
#8152=CARTESIAN_POINT('',(0.4968744599318,-0.1955566754836,-10.99513220786));
#8153=CARTESIAN_POINT('',(0.4979047661247,-0.2034249118871,-11.00917003592));
#8154=CARTESIAN_POINT('',(0.499403571494,-0.2100778216396,-11.02364702827));
#8155=CARTESIAN_POINT('',(0.5013992079659,-0.2155146941659,-11.03846192872));
#8156=CARTESIAN_POINT('',(0.5039332642653,-0.2197671192723,-11.05364769654));
#8157=CARTESIAN_POINT('',(0.5070189340328,-0.2228033022913,-11.06908253136));
#8158=CARTESIAN_POINT('',(0.5106405424341,-0.224607836238,-11.08460183451));
#8159=CARTESIAN_POINT('',(0.5133826435828,-0.225,-11.09488390509));
#8160=CARTESIAN_POINT('',(0.5148307036756,-0.225,-11.1));
#8161=CARTESIAN_POINT('',(0.5138226179101,-0.02500000721568,-10.9));
#8162=CARTESIAN_POINT('',(0.5138226179101,-0.02500000721568,-10.9));
#8163=CARTESIAN_POINT('',(0.5125838305527,-0.03023228270094,-10.9));
#8164=CARTESIAN_POINT('',(0.5102432934932,-0.04059960146855,-10.90041155782));
#8165=CARTESIAN_POINT('',(0.5071552952795,-0.05572830446096,-10.90218236749));
#8166=CARTESIAN_POINT('',(0.5044669013817,-0.07047632137373,-10.90504785906));
#8167=CARTESIAN_POINT('',(0.5021708791607,-0.08484085288864,-10.90896984045));
#8168=CARTESIAN_POINT('',(0.5002638941702,-0.09881895267497,-10.9139247768));
#8169=CARTESIAN_POINT('',(0.4987492529491,-0.1123916493708,-10.91990001773));
#8170=CARTESIAN_POINT('',(0.4976357290113,-0.1255049153129,-10.92687393878));
#8171=CARTESIAN_POINT('',(0.4971659985176,-0.1339258768887,-10.93219051909));
#8172=CARTESIAN_POINT('',(0.4970015104068,-0.1380397909639,-10.93500907401));
#8173=CARTESIAN_POINT('',(0.5138226179101,-0.02500000721568,-10.9));
#8174=VECTOR('',#10751,0.2055290423731);
#8175=CARTESIAN_POINT('',(0.8452849643032,1.375,-10.9));
#8176=CARTESIAN_POINT('',(0.8452849643032,1.375,-10.9));
#8177=VECTOR('',#10752,1.438703342347);
#8178=CARTESIAN_POINT('',(1.039904656356,1.328922071822,-10.9));
#8179=CARTESIAN_POINT('',(1.039904656356,1.328922071822,-10.9));
#8180=VECTOR('',#10753,0.2);
#8181=CARTESIAN_POINT('',(1.039904656356,1.328922071822,-10.9));
#8182=VECTOR('',#10754,1.391351602581);
#8183=CARTESIAN_POINT('',(1.039904656356,1.328922071822,-8.1));
#8184=VECTOR('',#10755,2.8);
#8185=CARTESIAN_POINT('',(0.6811689221854,-0.1862727486242,-8.1));
#8186=CARTESIAN_POINT('',(0.6811689221854,-0.1862727486242,-8.1));
#8187=VECTOR('',#10756,0.2766609186878);
#8188=CARTESIAN_POINT('',(0.6811689221854,-0.1862727486242,-8.1));
#8189=VECTOR('',#10757,2.8);
#8190=CARTESIAN_POINT('',(0.7193516602833,-0.02500003033733,-10.9));
#8191=VECTOR('',#10758,0.1657311411664);
#8192=CARTESIAN_POINT('',(0.9993984839374,-0.02499999192977,-11.9));
#8193=CARTESIAN_POINT('',(0.9813855071381,-0.1170481355786,-11.9));
#8194=VECTOR('',#10759,0.09379407274646);
#8195=CARTESIAN_POINT('',(0.9993984839374,-0.02499999192977,-11.9));
#8196=CARTESIAN_POINT('',(0.9984794724264,-0.02969623422924,-11.9));
#8197=CARTESIAN_POINT('',(0.9965527493375,-0.03906181683458,-11.8996691346));
#8198=CARTESIAN_POINT('',(0.9934133169869,-0.05296441685854,-11.89819859962));
#8199=CARTESIAN_POINT('',(0.9900427852307,-0.06665744307633,-11.89577801366));
#8200=CARTESIAN_POINT('',(0.986442765946,-0.0801391765399,-11.89241556853));
#8201=CARTESIAN_POINT('',(0.9826393108286,-0.09331528846582,-11.88814121816));
#8202=CARTESIAN_POINT('',(0.9786241802749,-0.106210658738,-11.88294634617));
#8203=CARTESIAN_POINT('',(0.9758235868708,-0.1145572147262,-11.87888842284));
#8204=CARTESIAN_POINT('',(0.9743946177882,-0.1186601105139,-11.87671384693));
#8205=CARTESIAN_POINT('',(0.795604965706,-0.02500001921984,-11.9));
#8206=CARTESIAN_POINT('',(0.795604965706,-0.02500001921984,-11.9));
#8207=VECTOR('',#10760,0.2037935182314);
#8208=CARTESIAN_POINT('',(0.7828825627369,-0.07909742815358,-11.89254471758));
#8209=CARTESIAN_POINT('',(0.7828825627369,-0.07909742815358,-11.89254471758));
#8210=CARTESIAN_POINT('',(0.7840866952867,-0.07474079607572,-11.89376875838));
#8211=CARTESIAN_POINT('',(0.7864305394203,-0.06592666154522,-11.89592603493));
#8212=CARTESIAN_POINT('',(0.7897363328925,-0.05245575344836,-11.89826436074));
#8213=CARTESIAN_POINT('',(0.7928148005586,-0.03879458723684,-11.899681818));
#8214=CARTESIAN_POINT('',(0.794703763608,-0.02960525360731,-11.9));
#8215=CARTESIAN_POINT('',(0.795604965706,-0.02500001921984,-11.9));
#8216=CARTESIAN_POINT('',(0.6848707306347,-0.225,-11.7));
#8217=CARTESIAN_POINT('',(0.6848707306347,-0.225,-11.7));
#8218=CARTESIAN_POINT('',(0.6863856404948,-0.225,-11.70534027612));
#8219=CARTESIAN_POINT('',(0.6896310664982,-0.2245731127712,-11.71616416577));
#8220=CARTESIAN_POINT('',(0.6951714562452,-0.2225379159524,-11.73277620428));
#8221=CARTESIAN_POINT('',(0.701309853621,-0.2190391450106,-11.74946174155));
#8222=CARTESIAN_POINT('',(0.7079328587763,-0.2140858808574,-11.76592664864));
#8223=CARTESIAN_POINT('',(0.7150108105843,-0.2076372129328,-11.78213654424));
#8224=CARTESIAN_POINT('',(0.722440171453,-0.1997009767042,-11.7978983305));
#8225=CARTESIAN_POINT('',(0.7300717078535,-0.1903544260041,-11.8129720047));
#8226=CARTESIAN_POINT('',(0.7377615981242,-0.1797014687962,-11.82717408624));
#8227=CARTESIAN_POINT('',(0.7454450610145,-0.1677362021747,-11.84047525364));
#8228=CARTESIAN_POINT('',(0.7529271082168,-0.1546557032524,-11.85262468045));
#8229=CARTESIAN_POINT('',(0.7600198562502,-0.1407329197732,-11.86342644267));
#8230=CARTESIAN_POINT('',(0.7666576002338,-0.1260579144155,-11.87288158018));
#8231=CARTESIAN_POINT('',(0.7727610947271,-0.1107518435769,-11.88095631432));
#8232=CARTESIAN_POINT('',(0.7782311603832,-0.09503295865341,-11.88759154952));
#8233=CARTESIAN_POINT('',(0.7814114143716,-0.08442014130564,-11.89104924631));
#8234=CARTESIAN_POINT('',(0.7828825627369,-0.07909742815358,-11.89254471758));
#8235=CARTESIAN_POINT('',(0.6848707306347,-0.225,-11.7));
#8236=VECTOR('',#10761,0.2123559163974);
#8237=CARTESIAN_POINT('',(0.5148307036756,-0.225,-11.1));
#8238=CARTESIAN_POINT('',(0.5327245963948,-0.225,-11.16322034139));
#8239=CARTESIAN_POINT('',(0.569181136796,-0.225,-11.29195787857));
#8240=CARTESIAN_POINT('',(0.6258642485754,-0.225,-11.49195702993));
#8241=CARTESIAN_POINT('',(0.6649810870549,-0.225,-11.62988613284));
#8242=CARTESIAN_POINT('',(0.6848707306347,-0.225,-11.7));
#8243=CARTESIAN_POINT('',(0.7851084057105,-0.07863850846289,-11.90000600701));
#8244=CARTESIAN_POINT('',(0.7828825627369,-0.07909742815358,-11.89254471758));
#8245=VECTOR('',#10762,0.007793986157189);
#8246=CARTESIAN_POINT('',(-0.7416198487096,-0.225,-11.9000026618));
#8247=AXIS2_PLACEMENT_3D('',#10763,#10764,#10765);
#8248=CARTESIAN_POINT('',(-0.7416198487096,-0.225,-11.9000026618));
#8249=CARTESIAN_POINT('',(-0.7146993507873,-0.225,-11.80514623227));
#8250=CARTESIAN_POINT('',(-0.6620027741875,-0.225,-11.61941249536));
#8251=CARTESIAN_POINT('',(-0.5864001474177,-0.225,-11.35274661276));
#8252=CARTESIAN_POINT('',(-0.5383014366849,-0.225,-11.18292369787));
#8253=CARTESIAN_POINT('',(-0.5148307036756,-0.225,-11.1));
#8254=CARTESIAN_POINT('',(-0.4865492301324,-0.1401948204459,-10.90000117015));
#8255=CARTESIAN_POINT('',(-0.4865492301324,-0.1401948204459,-10.9));
#8256=VECTOR('',#10766,0.03659958439764);
#8257=CARTESIAN_POINT('',(0.4865492301324,-0.1401948204459,-10.90000117015));
#8258=AXIS2_PLACEMENT_3D('',#10767,#10768,#10769);
#8259=CARTESIAN_POINT('',(0.4865492301324,-0.1401948204459,-10.9));
#8260=VECTOR('',#10770,0.03659958439764);
#8261=CARTESIAN_POINT('',(0.4865492301324,-0.1401948204459,-10.9));
#8262=VECTOR('',#10771,0.1183794014008);
#8263=CARTESIAN_POINT('',(0.795604965706,-0.02500001921984,-11.9));
#8264=VECTOR('',#10772,0.05465588074503);
#8265=CARTESIAN_POINT('',(0.4865492301324,-0.1401948204459,-8.1));
#8266=CARTESIAN_POINT('',(0.4865492301324,-0.1401948204459,-8.1));
#8267=VECTOR('',#10773,2.8);
#8268=CARTESIAN_POINT('',(0.5670933349575,0.1999999213201,-8.1));
#8269=VECTOR('',#10774,0.025222377213);
#8270=CARTESIAN_POINT('',(0.8452849643032,1.375,-8.1));
#8271=VECTOR('',#10775,2.8);
#8272=CARTESIAN_POINT('',(0.525,-0.275,-6.7));
#8273=CARTESIAN_POINT('',(0.4865492301324,-0.1401948204459,-8.1));
#8274=VECTOR('',#10776,1.407000674534);
#8275=CARTESIAN_POINT('',(0.525,-0.275,-6.7));
#8276=VECTOR('',#10777,0.1483364222534);
#8277=CARTESIAN_POINT('',(0.525,-0.275,-5.0));
#8278=CARTESIAN_POINT('',(0.525,-0.275,-5.0));
#8279=VECTOR('',#10778,1.7);
#8280=CARTESIAN_POINT('',(0.525,0.525,-5.0));
#8281=CARTESIAN_POINT('',(0.525,0.525,-5.0));
#8282=VECTOR('',#10779,0.8);
#8283=CARTESIAN_POINT('',(0.525,0.525,-6.0));
#8284=CARTESIAN_POINT('',(0.525,0.525,-6.0));
#8285=VECTOR('',#10780,1.0);
#8286=CARTESIAN_POINT('',(0.525,0.075,-6.0));
#8287=CARTESIAN_POINT('',(0.525,0.525,-6.0));
#8288=VECTOR('',#10781,0.45);
#8289=CARTESIAN_POINT('',(0.525,0.075,-6.0));
#8290=VECTOR('',#10782,0.7);
#8291=CARTESIAN_POINT('',(0.725,0.075,-6.0));
#8292=CARTESIAN_POINT('',(0.725,0.075,-6.0));
#8293=VECTOR('',#10783,0.2);
#8294=CARTESIAN_POINT('',(0.725,0.075,-6.0));
#8295=VECTOR('',#10784,0.7);
#8296=CARTESIAN_POINT('',(0.725,0.725,-6.0));
#8297=CARTESIAN_POINT('',(0.725,0.075,-6.0));
#8298=VECTOR('',#10785,0.65);
#8299=CARTESIAN_POINT('',(0.725,0.725,-4.3));
#8300=CARTESIAN_POINT('',(0.725,0.725,-4.3));
#8301=VECTOR('',#10786,1.7);
#8302=CARTESIAN_POINT('',(0.725,-0.275,-4.3));
#8303=CARTESIAN_POINT('',(0.725,0.725,-4.3));
#8304=VECTOR('',#10787,1.0);
#8305=CARTESIAN_POINT('',(0.725,-0.275,-6.7));
#8306=CARTESIAN_POINT('',(0.725,-0.275,-6.7));
#8307=VECTOR('',#10788,2.4);
#8308=CARTESIAN_POINT('',(0.725,-0.275,-6.7));
#8309=VECTOR('',#10789,0.1872771715927);
#8310=CARTESIAN_POINT('',(0.6811689221854,-0.1862727486242,-8.1));
#8311=VECTOR('',#10790,1.403493387416);
#8312=CARTESIAN_POINT('',(0.275,-0.725,-6.7));
#8313=CARTESIAN_POINT('',(0.275,-0.725,-6.7));
#8314=CARTESIAN_POINT('',(0.2857101012953,-0.725,-6.7));
#8315=CARTESIAN_POINT('',(0.307130009137,-0.7242349726738,-6.700109741822));
#8316=CARTESIAN_POINT('',(0.3390960564857,-0.7207982732074,-6.699948238569));
#8317=CARTESIAN_POINT('',(0.3707357559082,-0.7150898379776,-6.699987059544));
#8318=CARTESIAN_POINT('',(0.4018872393772,-0.7071389048025,-6.700078428928));
#8319=CARTESIAN_POINT('',(0.4323926999173,-0.6969857154887,-6.70005541634));
#8320=CARTESIAN_POINT('',(0.4620956167197,-0.6846823524225,-6.699981553169));
#8321=CARTESIAN_POINT('',(0.4908453664785,-0.6702912631145,-6.700014333391));
#8322=CARTESIAN_POINT('',(0.5184951683859,-0.6538858741177,-6.700004723414));
#8323=CARTESIAN_POINT('',(0.544904176303,-0.6355497731497,-6.69999779602));
#8324=CARTESIAN_POINT('',(0.5699378198017,-0.6153763884063,-6.700021352511));
#8325=CARTESIAN_POINT('',(0.5934685275653,-0.5934685227486,-6.69999636339));
#8326=CARTESIAN_POINT('',(0.615376383039,-0.5699378259048,-6.700007578253));
#8327=CARTESIAN_POINT('',(0.6355497763854,-0.5449041721914,-6.700018975605));
#8328=CARTESIAN_POINT('',(0.6538858748903,-0.5184951675776,-6.69999138002));
#8329=CARTESIAN_POINT('',(0.6702912626977,-0.4908453646278,-6.700015513543));
#8330=CARTESIAN_POINT('',(0.684682344259,-0.4620956415188,-6.699992153694));
#8331=CARTESIAN_POINT('',(0.6969857464116,-0.4323926072748,-6.700008175164));
#8332=CARTESIAN_POINT('',(0.7071388577134,-0.4018874016568,-6.700086241444));
#8333=CARTESIAN_POINT('',(0.7150898658232,-0.3707356407694,-6.700011737477));
#8334=CARTESIAN_POINT('',(0.7207982622903,-0.3390961093956,-6.699961845217));
#8335=CARTESIAN_POINT('',(0.7242349794823,-0.3071299753306,-6.700057889459));
#8336=CARTESIAN_POINT('',(0.725,-0.2857100245413,-6.7));
#8337=CARTESIAN_POINT('',(0.725,-0.275,-6.7));
#8338=CARTESIAN_POINT('',(0.1612727486295,-0.7061689221841,-8.1));
#8339=CARTESIAN_POINT('',(0.1612727486295,-0.7061689221841,-8.1));
#8340=VECTOR('',#10791,1.404737874906);
#8341=CARTESIAN_POINT('',(0.1612727486295,-0.7061689221841,-8.1));
#8342=CARTESIAN_POINT('',(0.17514432774,-0.7028847035149,-8.10000000001));
#8343=CARTESIAN_POINT('',(0.202729649849,-0.6954596916797,-8.099923427633));
#8344=CARTESIAN_POINT('',(0.2435413663966,-0.6817384074212,-8.100039109421));
#8345=CARTESIAN_POINT('',(0.2834156481033,-0.6655420458146,-8.099921537424));
#8346=CARTESIAN_POINT('',(0.3223315602015,-0.6468718485981,-8.100031967851));
#8347=CARTESIAN_POINT('',(0.3600347279478,-0.6258275628611,-8.099940048178));
#8348=CARTESIAN_POINT('',(0.3962313944357,-0.6025954745352,-8.100003992808));
#8349=CARTESIAN_POINT('',(0.4309415775342,-0.577183419006,-8.099975190533));
#8350=CARTESIAN_POINT('',(0.4640112836313,-0.5496975102943,-8.099961248591));
#8351=CARTESIAN_POINT('',(0.4952401378388,-0.5203281394265,-8.100017841855));
#8352=CARTESIAN_POINT('',(0.5246719145695,-0.4890431302984,-8.099932050645));
#8353=CARTESIAN_POINT('',(0.5521783298676,-0.4559472264109,-8.100029524028));
#8354=CARTESIAN_POINT('',(0.5775777146645,-0.4212585879153,-8.099942970143));
#8355=CARTESIAN_POINT('',(0.6008611954312,-0.3849822511865,-8.099993384229));
#8356=CARTESIAN_POINT('',(0.6219137305634,-0.3472494679245,-8.09998542538));
#8357=CARTESIAN_POINT('',(0.6405611256033,-0.3083715308241,-8.099940949021));
#8358=CARTESIAN_POINT('',(0.6567596364849,-0.2684847947365,-8.100030267323));
#8359=CARTESIAN_POINT('',(0.6704725763003,-0.2276848281575,-8.099912281399));
#8360=CARTESIAN_POINT('',(0.6778889834392,-0.2001262505929,-8.1));
#8361=CARTESIAN_POINT('',(0.6811689221854,-0.1862727486242,-8.1));
#8362=CARTESIAN_POINT('',(0.07774243315541,-0.7206695437398,-8.099999954622));
#8363=CARTESIAN_POINT('',(0.07775287611158,-0.7206683337653,-8.100010381121));
#8364=CARTESIAN_POINT('',(0.08784052010421,-0.7195410198044,-8.100020235887));
#8365=CARTESIAN_POINT('',(0.1074761057619,-0.7169066259786,-8.100032739188));
#8366=CARTESIAN_POINT('',(0.1357187847829,-0.7119032022283,-8.100040731776));
#8367=CARTESIAN_POINT('',(0.1529736035439,-0.7081338179622,-8.100017184295));
#8368=CARTESIAN_POINT('',(0.1612727486295,-0.7061689221841,-8.1));
#8369=CARTESIAN_POINT('',(4.111545376351E-12,-0.725,-8.1));
#8370=AXIS2_PLACEMENT_3D('',#10792,#10793,#10794);
#8371=CARTESIAN_POINT('',(-0.07775159123723,-0.7206684434097,-8.100018608659));
#8372=CARTESIAN_POINT('',(-0.07775159123723,-0.7206684434097,-8.100018608659));
#8373=CARTESIAN_POINT('',(-0.06488685564565,-0.7221061026808,-8.100009259021));
#8374=CARTESIAN_POINT('',(-0.03902500394837,-0.7242735252918,-8.099996806771));
#8375=CARTESIAN_POINT('',(-0.01302289614592,-0.7250000000002,-8.099996852956));
#8376=CARTESIAN_POINT('',(4.111545376351E-12,-0.725,-8.1));
#8377=CARTESIAN_POINT('',(-0.1612727486555,-0.706168922178,-8.1));
#8378=CARTESIAN_POINT('',(-0.1527594189838,-0.7081845280464,-8.100016987381));
#8379=CARTESIAN_POINT('',(-0.135217183383,-0.7120028580127,-8.100040916621));
#8380=CARTESIAN_POINT('',(-0.1071813738296,-0.7169483571945,-8.100038648011));
#8381=CARTESIAN_POINT('',(-0.08771332965568,-0.7195551997295,-8.100027745767));
#8382=CARTESIAN_POINT('',(-0.07775159123723,-0.7206684434097,-8.100018608659));
#8383=CARTESIAN_POINT('',(0.0,-0.725,-6.7));
#8384=CARTESIAN_POINT('',(4.111545376351E-12,-0.725,-8.1));
#8385=VECTOR('',#10795,1.4);
#8386=CARTESIAN_POINT('',(-0.275,-0.725,-6.7));
#8387=VECTOR('',#10796,0.275);
#8388=CARTESIAN_POINT('',(0.0,-0.725,-6.7));
#8389=VECTOR('',#10797,0.275);
#8390=CARTESIAN_POINT('',(0.275,-0.725,-4.3));
#8391=CARTESIAN_POINT('',(0.275,-0.725,-4.3));
#8392=VECTOR('',#10798,2.4);
#8393=CARTESIAN_POINT('',(-0.275,-0.725,-4.3));
#8394=CARTESIAN_POINT('',(-0.275,-0.725,-4.3));
#8395=VECTOR('',#10799,0.55);
#8396=CARTESIAN_POINT('',(-0.275,-0.725,-4.3));
#8397=VECTOR('',#10800,2.4);
#8398=CARTESIAN_POINT('',(-0.725,-0.275,-4.3));
#8399=AXIS2_PLACEMENT_3D('',#10801,#10802,#10803);
#8400=CARTESIAN_POINT('',(-0.725,-0.275,-4.3));
#8401=VECTOR('',#10804,2.4);
#8402=CARTESIAN_POINT('',(-0.725,0.275,-4.3));
#8403=CARTESIAN_POINT('',(-0.725,0.275,-4.3));
#8404=VECTOR('',#10805,0.55);
#8405=CARTESIAN_POINT('',(-0.725,0.275,-6.0));
#8406=CARTESIAN_POINT('',(-0.725,0.275,-4.3));
#8407=VECTOR('',#10806,1.7);
#8408=CARTESIAN_POINT('',(-0.725,0.075,-6.0));
#8409=CARTESIAN_POINT('',(-0.725,0.275,-6.0));
#8410=VECTOR('',#10807,0.2);
#8411=CARTESIAN_POINT('',(-0.725,0.075,-6.0));
#8412=VECTOR('',#10808,0.7);
#8413=CARTESIAN_POINT('',(-0.525,0.075,-6.0));
#8414=CARTESIAN_POINT('',(-0.725,0.075,-6.0));
#8415=VECTOR('',#10809,0.2);
#8416=CARTESIAN_POINT('',(-0.525,0.075,-6.0));
#8417=VECTOR('',#10810,0.7);
#8418=CARTESIAN_POINT('',(-0.525,0.275,-6.0));
#8419=CARTESIAN_POINT('',(-0.525,0.075,-6.0));
#8420=VECTOR('',#10811,0.2);
#8421=CARTESIAN_POINT('',(-0.525,0.275,-5.0));
#8422=CARTESIAN_POINT('',(-0.525,0.275,-6.0));
#8423=VECTOR('',#10812,1.0);
#8424=CARTESIAN_POINT('',(-0.525,-0.275,-5.0));
#8425=CARTESIAN_POINT('',(-0.525,-0.275,-5.0));
#8426=VECTOR('',#10813,0.55);
#8427=CARTESIAN_POINT('',(-0.525,-0.275,-6.7));
#8428=CARTESIAN_POINT('',(-0.525,-0.275,-6.7));
#8429=VECTOR('',#10814,1.7);
#8430=CARTESIAN_POINT('',(-0.525,0.075,-6.7));
#8431=VECTOR('',#10815,0.2016635777466);
#8432=CARTESIAN_POINT('',(-0.4865492301324,-0.1401948204459,-8.1));
#8433=CARTESIAN_POINT('',(-0.4865492301324,-0.1401948204459,-8.1));
#8434=VECTOR('',#10816,1.407000674534);
#8435=CARTESIAN_POINT('',(-0.4865492301324,-0.1401948204459,-8.1));
#8436=VECTOR('',#10817,0.3243771295763);
#8437=CARTESIAN_POINT('',(-0.8452849643032,1.375,-8.1));
#8438=VECTOR('',#10818,2.8);
#8439=CARTESIAN_POINT('',(-0.4865492301324,-0.1401948204459,-8.1));
#8440=VECTOR('',#10819,2.8);
#8441=CARTESIAN_POINT('',(-0.5138226123944,-0.02500003051267,-10.9));
#8442=VECTOR('',#10820,0.1183793774598);
#8443=CARTESIAN_POINT('',(-0.1151947654187,-0.5115492431596,-8.100000000036));
#8444=CARTESIAN_POINT('',(-0.1151947654187,-0.5115492431596,-8.100000000036));
#8445=CARTESIAN_POINT('',(-0.1218256720247,-0.5099793178656,-8.100000019811));
#8446=CARTESIAN_POINT('',(-0.1350369916566,-0.5065652391579,-8.099962196604));
#8447=CARTESIAN_POINT('',(-0.1546864635716,-0.5006183856506,-8.099999789787));
#8448=CARTESIAN_POINT('',(-0.1740775039667,-0.4938676609862,-8.100001254327));
#8449=CARTESIAN_POINT('',(-0.1930677329166,-0.4863707337574,-8.099937566553));
#8450=CARTESIAN_POINT('',(-0.2117627249234,-0.4780992300507,-8.099978075587));
#8451=CARTESIAN_POINT('',(-0.2307678048537,-0.4687399657295,-8.100015853355));
#8452=CARTESIAN_POINT('',(-0.2504951869068,-0.4579300460779,-8.099939477779));
#8453=CARTESIAN_POINT('',(-0.2703665100963,-0.4458150874201,-8.099964970066));
#8454=CARTESIAN_POINT('',(-0.2901098515214,-0.4324746801337,-8.100023675393));
#8455=CARTESIAN_POINT('',(-0.310452952987,-0.4172388216595,-8.099929526282));
#8456=CARTESIAN_POINT('',(-0.3317820860845,-0.3994439843152,-8.099981741409));
#8457=CARTESIAN_POINT('',(-0.3546238095648,-0.3780008032375,-8.099995722431));
#8458=CARTESIAN_POINT('',(-0.3781560766754,-0.3527361574669,-8.09992547479));
#8459=CARTESIAN_POINT('',(-0.3999582523531,-0.3256856472994,-8.100034536392));
#8460=CARTESIAN_POINT('',(-0.4182523224694,-0.2995218383537,-8.099911011403));
#8461=CARTESIAN_POINT('',(-0.4329230895693,-0.2756245079103,-8.100012632086));
#8462=CARTESIAN_POINT('',(-0.4451520159014,-0.2531290047172,-8.099979038289));
#8463=CARTESIAN_POINT('',(-0.4556326360531,-0.2313720384331,-8.099922802395));
#8464=CARTESIAN_POINT('',(-0.4650084888831,-0.2092841424348,-8.10001125524));
#8465=CARTESIAN_POINT('',(-0.4733717689515,-0.186599994388,-8.099981304102));
#8466=CARTESIAN_POINT('',(-0.4806293142681,-0.1635268589477,-8.099935314515));
#8467=CARTESIAN_POINT('',(-0.4847025063683,-0.1479948415077,-8.1));
#8468=CARTESIAN_POINT('',(-0.4865492301324,-0.1401948204459,-8.1));
#8469=CARTESIAN_POINT('',(-0.01401082559785,-0.524803658216,-8.100000000034));
#8470=AXIS2_PLACEMENT_3D('',#10821,#10822,#10823);
#8471=CARTESIAN_POINT('',(-1.45966505155E-12,-0.525,-8.1));
#8472=AXIS2_PLACEMENT_3D('',#10824,#10825,#10826);
#8473=CARTESIAN_POINT('',(0.01394410447326,-0.5248055241296,-8.10000067055));
#8474=AXIS2_PLACEMENT_3D('',#10827,#10828,#10829);
#8475=CARTESIAN_POINT('',(0.1151943909036,-0.5115493318222,-8.100000000277));
#8476=AXIS2_PLACEMENT_3D('',#10830,#10831,#10832);
#8477=CARTESIAN_POINT('',(0.4865492301324,-0.1401948204459,-8.1));
#8478=CARTESIAN_POINT('',(0.4847027286258,-0.1479939027571,-8.1));
#8479=CARTESIAN_POINT('',(0.4806299136771,-0.1635245771315,-8.099935323088));
#8480=CARTESIAN_POINT('',(0.4733736378767,-0.1865944706125,-8.099981290002));
#8481=CARTESIAN_POINT('',(0.4650092572513,-0.209282613627,-8.100011248539));
#8482=CARTESIAN_POINT('',(0.4556310948383,-0.2313750936021,-8.099922861741));
#8483=CARTESIAN_POINT('',(0.4451645366754,-0.2531025857368,-8.099978816762));
#8484=CARTESIAN_POINT('',(0.4329772064047,-0.2755270295728,-8.100012965691));
#8485=CARTESIAN_POINT('',(0.418391104963,-0.2993039018182,-8.099911256169));
#8486=CARTESIAN_POINT('',(0.4002154876352,-0.3253376924928,-8.100033145381));
#8487=CARTESIAN_POINT('',(0.3784976024528,-0.352340553459,-8.099927461544));
#8488=CARTESIAN_POINT('',(0.3549782912949,-0.3776464233405,-8.099993163347));
#8489=CARTESIAN_POINT('',(0.3321007616651,-0.3991629140647,-8.099983935812));
#8490=CARTESIAN_POINT('',(0.310764078848,-0.4169926326114,-8.09992854224));
#8491=CARTESIAN_POINT('',(0.2904220931166,-0.4322525092687,-8.10002302144));
#8492=CARTESIAN_POINT('',(0.2706591147365,-0.4456283565541,-8.09996624232));
#8493=CARTESIAN_POINT('',(0.250682741065,-0.4578248384995,-8.099938771285));
#8494=CARTESIAN_POINT('',(0.2307648159138,-0.4687452372819,-8.100016201268));
#8495=CARTESIAN_POINT('',(0.211580376151,-0.4781868656996,-8.099977400543));
#8496=CARTESIAN_POINT('',(0.1927832390987,-0.486490247173,-8.099937656425));
#8497=CARTESIAN_POINT('',(0.1738135266375,-0.4939644309008,-8.10000226208));
#8498=CARTESIAN_POINT('',(0.1545232843135,-0.5006695074582,-8.099999168869));
#8499=CARTESIAN_POINT('',(0.1349935215071,-0.5065760808977,-8.099962354414));
#8500=CARTESIAN_POINT('',(0.1218155468256,-0.5099817171644,-8.100000156748));
#8501=CARTESIAN_POINT('',(0.1151943909036,-0.5115493318222,-8.100000000277));
#8502=CARTESIAN_POINT('',(0.275,-0.525,-6.7));
#8503=CARTESIAN_POINT('',(0.1151943909036,-0.5115493318222,-8.100000000277));
#8504=VECTOR('',#10833,1.409155333506);
#8505=AXIS2_PLACEMENT_3D('',#10834,#10835,#10836);
#8506=CARTESIAN_POINT('',(0.275,-0.525,-5.0));
#8507=CARTESIAN_POINT('',(0.275,-0.525,-6.7));
#8508=VECTOR('',#10837,1.7);
#8509=AXIS2_PLACEMENT_3D('',#10838,#10839,#10840);
#8510=CARTESIAN_POINT('',(-0.275,-0.525,-5.0));
#8511=CARTESIAN_POINT('',(0.275,-0.525,-5.0));
#8512=VECTOR('',#10841,0.55);
#8513=AXIS2_PLACEMENT_3D('',#10842,#10843,#10844);
#8514=CARTESIAN_POINT('',(-0.275,0.525,-5.0));
#8515=AXIS2_PLACEMENT_3D('',#10845,#10846,#10847);
#8516=CARTESIAN_POINT('',(-0.275,0.525,-5.0));
#8517=VECTOR('',#10848,0.8);
#8518=CARTESIAN_POINT('',(-0.275,0.525,-6.0));
#8519=CARTESIAN_POINT('',(-0.275,0.525,-6.0));
#8520=VECTOR('',#10849,1.0);
#8521=CARTESIAN_POINT('',(-0.275,0.525,-6.0));
#8522=VECTOR('',#10850,0.8);
#8523=CARTESIAN_POINT('',(-0.275,0.725,-6.0));
#8524=AXIS2_PLACEMENT_3D('',#10851,#10852,#10853);
#8525=CARTESIAN_POINT('',(0.725,0.725,-6.0));
#8526=VECTOR('',#10854,1.0);
#8527=AXIS2_PLACEMENT_3D('',#10855,#10856,#10857);
#8528=CARTESIAN_POINT('',(-0.275,0.725,-4.3));
#8529=CARTESIAN_POINT('',(-0.275,0.725,-4.3));
#8530=VECTOR('',#10858,1.7);
#8531=CARTESIAN_POINT('',(0.725,0.725,-4.3));
#8532=VECTOR('',#10859,1.0);
#8533=CARTESIAN_POINT('',(-0.275,0.6,-1.895543122105));
#8534=CARTESIAN_POINT('',(-0.275,0.6,-1.895543122105));
#8535=VECTOR('',#10860,2.407703860041);
#8536=CARTESIAN_POINT('',(0.6,0.6,-1.895543122105));
#8537=CARTESIAN_POINT('',(0.6,0.6,-1.895543122105));
#8538=VECTOR('',#10861,0.875);
#8539=CARTESIAN_POINT('',(0.6,0.6,-1.895543122105));
#8540=VECTOR('',#10862,2.410946469264);
#8541=CARTESIAN_POINT('',(0.6,-0.275,-1.895543122105));
#8542=CARTESIAN_POINT('',(0.6,-0.275,-1.895543122105));
#8543=VECTOR('',#10863,0.875);
#8544=CARTESIAN_POINT('',(0.6,-0.275,-1.895543122105));
#8545=VECTOR('',#10864,2.407703860041);
#8546=CARTESIAN_POINT('',(0.275,-0.6,-1.895543122105));
#8547=AXIS2_PLACEMENT_3D('',#10865,#10866,#10867);
#8548=CARTESIAN_POINT('',(0.275,-0.6,-1.895543122105));
#8549=VECTOR('',#10868,2.407703860041);
#8550=AXIS2_PLACEMENT_3D('',#10869,#10870,#10871);
#8551=CARTESIAN_POINT('',(-0.275,-0.6,-1.895543122105));
#8552=CARTESIAN_POINT('',(-0.275,-0.6,-1.895543122105));
#8553=VECTOR('',#10872,0.55);
#8554=CARTESIAN_POINT('',(-0.275,-0.6,-1.895543122105));
#8555=VECTOR('',#10873,2.407703860041);
#8556=CARTESIAN_POINT('',(-0.6,-0.275,-1.895543122105));
#8557=AXIS2_PLACEMENT_3D('',#10874,#10875,#10876);
#8558=CARTESIAN_POINT('',(-0.6,-0.275,-1.895543122105));
#8559=VECTOR('',#10877,2.407703860041);
#8560=CARTESIAN_POINT('',(-0.6,0.275,-1.895543122105));
#8561=CARTESIAN_POINT('',(-0.6,0.275,-1.895543122105));
#8562=VECTOR('',#10878,0.55);
#8563=CARTESIAN_POINT('',(-0.6,0.275,-1.895543122105));
#8564=VECTOR('',#10879,2.407703860041);
#8565=AXIS2_PLACEMENT_3D('',#10880,#10881,#10882);
#8566=AXIS2_PLACEMENT_3D('',#10883,#10884,#10885);
#8567=CARTESIAN_POINT('',(-0.5607381146012,0.275,-1.647316093441));
#8568=AXIS2_PLACEMENT_3D('',#10886,#10887,#10888);
#8569=CARTESIAN_POINT('',(-0.275,0.5607381146012,-1.647316093441));
#8570=AXIS2_PLACEMENT_3D('',#10889,#10890,#10891);
#8571=AXIS2_PLACEMENT_3D('',#10892,#10893,#10894);
#8572=CARTESIAN_POINT('',(0.5607381146012,0.5607381146012,-1.647316093441));
#8573=CARTESIAN_POINT('',(0.5607381146012,0.5607381146012,-1.647316093441));
#8574=VECTOR('',#10895,0.8357381146012);
#8575=CARTESIAN_POINT('',(0.5607381146012,0.5607381146012,-1.647316093441));
#8576=CARTESIAN_POINT('',(0.5639127040057,0.5639127040057,-1.659163822392));
#8577=CARTESIAN_POINT('',(0.5698742994294,0.5698742994294,-1.682866530608));
#8578=CARTESIAN_POINT('',(0.5776683913891,0.5776683913891,-1.718392970438));
#8579=CARTESIAN_POINT('',(0.5843359368187,0.5843359368187,-1.753866676453));
#8580=CARTESIAN_POINT('',(0.5899073133466,0.5899073133466,-1.789338400554));
#8581=CARTESIAN_POINT('',(0.5943917089867,0.5943917089867,-1.824751008868));
#8582=CARTESIAN_POINT('',(0.5978117739313,0.5978117739313,-1.860161971207));
#8583=CARTESIAN_POINT('',(0.5993872109843,0.5993872109843,-1.883755723997));
#8584=CARTESIAN_POINT('',(0.6,0.6,-1.895543122105));
#8585=CARTESIAN_POINT('',(0.5607381146012,-0.275,-1.647316093441));
#8586=CARTESIAN_POINT('',(0.5607381146012,-0.275,-1.647316093441));
#8587=VECTOR('',#10896,0.8357381146012);
#8588=AXIS2_PLACEMENT_3D('',#10897,#10898,#10899);
#8589=CARTESIAN_POINT('',(0.275,-0.5607381146012,-1.647316093441));
#8590=AXIS2_PLACEMENT_3D('',#10900,#10901,#10902);
#8591=AXIS2_PLACEMENT_3D('',#10903,#10904,#10905);
#8592=CARTESIAN_POINT('',(-0.275,-0.5607381146012,-1.647316093441));
#8593=CARTESIAN_POINT('',(-0.275,-0.5607381146012,-1.647316093441));
#8594=VECTOR('',#10906,0.55);
#8595=AXIS2_PLACEMENT_3D('',#10907,#10908,#10909);
#8596=CARTESIAN_POINT('',(-0.5607381146012,-0.275,-1.647316093441));
#8597=AXIS2_PLACEMENT_3D('',#10910,#10911,#10912);
#8598=AXIS2_PLACEMENT_3D('',#10913,#10914,#10915);
#8599=CARTESIAN_POINT('',(-0.5607381146012,0.275,-1.647316093441));
#8600=VECTOR('',#10916,0.55);
#8601=CARTESIAN_POINT('',(-0.525,0.275,-1.513939633983));
#8602=CARTESIAN_POINT('',(-0.525,0.275,-1.513939633983));
#8603=VECTOR('',#10917,0.1380814715049);
#8604=CARTESIAN_POINT('',(-0.525,-0.275,-1.513939633983));
#8605=CARTESIAN_POINT('',(-0.525,-0.275,-1.513939633983));
#8606=VECTOR('',#10918,0.1380814715049);
#8607=CARTESIAN_POINT('',(-0.525,0.275,-1.513939633983));
#8608=VECTOR('',#10919,0.55);
#8609=CARTESIAN_POINT('',(-0.4815451186695,0.275,-1.351763809021));
#8610=CARTESIAN_POINT('',(-0.4815451186695,-0.225,-1.351763809021));
#8611=CARTESIAN_POINT('',(-0.4815451186695,0.275,-1.351763809021));
#8612=VECTOR('',#10920,0.5);
#8613=CARTESIAN_POINT('',(-0.5212648863316,0.275,-1.5));
#8614=CARTESIAN_POINT('',(-0.4815451186695,0.275,-1.351763809021));
#8615=VECTOR('',#10921,0.1534653975958);
#8616=CARTESIAN_POINT('',(-0.5212648863316,-0.225,-1.5));
#8617=CARTESIAN_POINT('',(-0.5212648863316,0.275,-1.5));
#8618=VECTOR('',#10922,0.5);
#8619=CARTESIAN_POINT('',(-0.4815451186695,-0.225,-1.351763809021));
#8620=VECTOR('',#10923,0.1534653975958);
#8621=CARTESIAN_POINT('',(-0.525,-0.275,-1.5));
#8622=CARTESIAN_POINT('',(-0.525,-0.275,-1.5));
#8623=VECTOR('',#10924,0.01393963398264);
#8624=CARTESIAN_POINT('',(-0.525,0.275,-1.5));
#8625=CARTESIAN_POINT('',(-0.525,0.275,-1.5));
#8626=VECTOR('',#10925,0.55);
#8627=CARTESIAN_POINT('',(-0.525,0.275,-1.5));
#8628=VECTOR('',#10926,0.01393963398264);
#8629=CARTESIAN_POINT('',(-0.275,0.525,-1.5));
#8630=AXIS2_PLACEMENT_3D('',#10927,#10928,#10929);
#8631=CARTESIAN_POINT('',(-0.275,0.525,-1.513939633983));
#8632=CARTESIAN_POINT('',(-0.275,0.525,-1.5));
#8633=VECTOR('',#10930,0.01393963398264);
#8634=AXIS2_PLACEMENT_3D('',#10931,#10932,#10933);
#8635=CARTESIAN_POINT('',(-0.275,0.4815451186695,-1.351763809021));
#8636=AXIS2_PLACEMENT_3D('',#10934,#10935,#10936);
#8637=CARTESIAN_POINT('',(-0.275,0.5212648863316,-1.5));
#8638=CARTESIAN_POINT('',(-0.275,0.4815451186695,-1.351763809021));
#8639=VECTOR('',#10937,0.1534653975958);
#8640=AXIS2_PLACEMENT_3D('',#10938,#10939,#10940);
#8641=CARTESIAN_POINT('',(-0.275,0.525,-1.513939633983));
#8642=VECTOR('',#10941,0.1380814715049);
#8643=CARTESIAN_POINT('',(-0.275,-0.525,-1.5));
#8644=CARTESIAN_POINT('',(0.275,-0.525,-1.5));
#8645=CARTESIAN_POINT('',(-0.275,-0.525,-1.5));
#8646=VECTOR('',#10942,0.55);
#8647=CARTESIAN_POINT('',(0.525,-0.2749999999997,-1.5));
#8648=AXIS2_PLACEMENT_3D('',#10943,#10944,#10945);
#8649=CARTESIAN_POINT('',(0.525,0.525,-1.5));
#8650=CARTESIAN_POINT('',(0.525,-0.2749999999998,-1.5));
#8651=VECTOR('',#10946,0.7999999999998);
#8652=CARTESIAN_POINT('',(0.525,0.525,-1.5));
#8653=VECTOR('',#10947,0.8);
#8654=AXIS2_PLACEMENT_3D('',#10948,#10949,#10950);
#8655=CARTESIAN_POINT('',(0.275,-0.314488880875,-1.5));
#8656=CARTESIAN_POINT('',(0.314488880875,-0.2749999999999,-1.5));
#8657=AXIS2_PLACEMENT_3D('',#10951,#10952,#10953);
#8658=CARTESIAN_POINT('',(0.314488880875,0.126,-1.5));
#8659=CARTESIAN_POINT('',(0.314488880875,-0.275,-1.5));
#8660=VECTOR('',#10954,0.401);
#8661=CARTESIAN_POINT('',(0.5212648863316,0.126,-1.5));
#8662=CARTESIAN_POINT('',(0.5212648863316,0.126,-1.5));
#8663=VECTOR('',#10955,0.2067760054565);
#8664=CARTESIAN_POINT('',(0.5212648863316,-0.2749999999999,-1.5));
#8665=CARTESIAN_POINT('',(0.5212648863316,-0.275,-1.5));
#8666=VECTOR('',#10956,0.401);
#8667=CARTESIAN_POINT('',(0.275,-0.5212648863316,-1.5));
#8668=AXIS2_PLACEMENT_3D('',#10957,#10958,#10959);
#8669=CARTESIAN_POINT('',(-0.252,-0.5212648863316,-1.5));
#8670=CARTESIAN_POINT('',(-0.252,-0.5212648863316,-1.5));
#8671=VECTOR('',#10960,0.527);
#8672=CARTESIAN_POINT('',(-0.252,-0.314488880875,-1.5));
#8673=CARTESIAN_POINT('',(-0.252,-0.5212648863316,-1.5));
#8674=VECTOR('',#10961,0.2067760054565);
#8675=CARTESIAN_POINT('',(-0.252,-0.314488880875,-1.5));
#8676=VECTOR('',#10962,0.527);
#8677=CARTESIAN_POINT('',(-0.275,0.314488880875,-1.5));
#8678=CARTESIAN_POINT('',(-0.314488880875,0.275,-1.5));
#8679=AXIS2_PLACEMENT_3D('',#10963,#10964,#10965);
#8680=CARTESIAN_POINT('',(-0.314488880875,-0.225,-1.5));
#8681=CARTESIAN_POINT('',(-0.314488880875,0.275,-1.5));
#8682=VECTOR('',#10966,0.5);
#8683=CARTESIAN_POINT('',(-0.5212648863316,-0.225,-1.5));
#8684=VECTOR('',#10967,0.2067760054565);
#8685=CARTESIAN_POINT('',(0.136,0.5212648863316,-1.5));
#8686=CARTESIAN_POINT('',(-0.275,0.5212648863316,-1.5));
#8687=VECTOR('',#10968,0.411);
#8688=CARTESIAN_POINT('',(0.136,0.3662526898955,-1.5));
#8689=CARTESIAN_POINT('',(0.136,0.5212648863316,-1.5));
#8690=VECTOR('',#10969,0.155012196436);
#8691=CARTESIAN_POINT('',(0.08600000000001,0.314488880875,-1.5));
#8692=CARTESIAN_POINT('',(0.136,0.3662526898955,-1.5));
#8693=VECTOR('',#10970,0.07196868710982);
#8694=CARTESIAN_POINT('',(0.08600000000001,0.314488880875,-1.5));
#8695=VECTOR('',#10971,0.361);
#8696=CARTESIAN_POINT('',(-0.275,-0.525,-1.513939633983));
#8697=CARTESIAN_POINT('',(-0.275,-0.525,-1.5));
#8698=VECTOR('',#10972,0.01393963398264);
#8699=AXIS2_PLACEMENT_3D('',#10973,#10974,#10975);
#8700=CARTESIAN_POINT('',(-0.275,-0.525,-1.513939633983));
#8701=VECTOR('',#10976,0.1380814715049);
#8702=CARTESIAN_POINT('',(0.275,-0.525,-1.513939633983));
#8703=CARTESIAN_POINT('',(0.275,-0.525,-1.513939633983));
#8704=VECTOR('',#10977,0.1380814715049);
#8705=CARTESIAN_POINT('',(-0.275,-0.525,-1.513939633983));
#8706=VECTOR('',#10978,0.55);
#8707=CARTESIAN_POINT('',(0.275,-0.4815451186695,-1.351763809021));
#8708=CARTESIAN_POINT('',(0.275,-0.4815451186695,-1.351763809021));
#8709=VECTOR('',#10979,0.1534653975958);
#8710=CARTESIAN_POINT('',(-0.252,-0.4815451186695,-1.351763809021));
#8711=CARTESIAN_POINT('',(-0.252,-0.4815451186695,-1.351763809021));
#8712=VECTOR('',#10980,0.527);
#8713=CARTESIAN_POINT('',(-0.252,-0.4815451186695,-1.351763809021));
#8714=VECTOR('',#10981,0.1534653975958);
#8715=CARTESIAN_POINT('',(0.275,-0.525,-1.5));
#8716=VECTOR('',#10982,0.01393963398264);
#8717=CARTESIAN_POINT('',(0.525,-0.275,-1.513939633983));
#8718=CARTESIAN_POINT('',(0.525,-0.2749999999998,-1.5));
#8719=VECTOR('',#10983,0.01393963398264);
#8720=AXIS2_PLACEMENT_3D('',#10984,#10985,#10986);
#8721=CARTESIAN_POINT('',(0.4815451186695,-0.275,-1.351763809021));
#8722=CARTESIAN_POINT('',(0.4815451186695,-0.275,-1.351763809021));
#8723=VECTOR('',#10987,0.1534653975958);
#8724=AXIS2_PLACEMENT_3D('',#10988,#10989,#10990);
#8725=CARTESIAN_POINT('',(0.525,-0.275,-1.513939633983));
#8726=VECTOR('',#10991,0.1380814715049);
#8727=CARTESIAN_POINT('',(0.5015252031705,-0.275,-1.2));
#8728=AXIS2_PLACEMENT_3D('',#10992,#10993,#10994);
#8729=CARTESIAN_POINT('',(0.275,-0.5015252031705,-1.2));
#8730=AXIS2_PLACEMENT_3D('',#10995,#10996,#10997);
#8731=AXIS2_PLACEMENT_3D('',#10998,#10999,#11000);
#8732=CARTESIAN_POINT('',(-0.252,-0.5015252031705,-1.2));
#8733=CARTESIAN_POINT('',(-0.252,-0.5015252031705,-1.2));
#8734=VECTOR('',#11001,0.527);
#8735=AXIS2_PLACEMENT_3D('',#11002,#11003,#11004);
#8736=CARTESIAN_POINT('',(-0.252,-0.575,-0.5));
#8737=CARTESIAN_POINT('',(-0.252,-0.4752697160726,-0.5));
#8738=CARTESIAN_POINT('',(-0.252,-0.575,-0.5));
#8739=VECTOR('',#11005,0.09973028392736);
#8740=CARTESIAN_POINT('',(-0.252,-0.4752697160726,-0.79242543129));
#8741=CARTESIAN_POINT('',(-0.252,-0.4752697160726,-0.79242543129));
#8742=VECTOR('',#11006,0.29242543129);
#8743=CARTESIAN_POINT('',(-0.252,-0.4484747968295,-0.89242543129));
#8744=AXIS2_PLACEMENT_3D('',#11007,#11008,#11009);
#8745=CARTESIAN_POINT('',(-0.252,-0.3285537033843,-1.100134858036));
#8746=CARTESIAN_POINT('',(-0.252,-0.3285537033843,-1.100134858036));
#8747=VECTOR('',#11010,0.2398421868905);
#8748=CARTESIAN_POINT('',(-0.252,-0.2886204791321,-1.403457810385));
#8749=AXIS2_PLACEMENT_3D('',#11011,#11012,#11013);
#8750=CARTESIAN_POINT('',(-0.252,-0.314488880875,-1.5));
#8751=VECTOR('',#11014,0.09994782931342);
#8752=CARTESIAN_POINT('',(-0.252,-0.6214462966157,-0.9922905732536));
#8753=CARTESIAN_POINT('',(-0.252,-0.6214462966157,-0.9922905732536));
#8754=VECTOR('',#11015,0.2398421868905);
#8755=CARTESIAN_POINT('',(-0.252,-0.675,-0.79242543129));
#8756=AXIS2_PLACEMENT_3D('',#11016,#11017,#11018);
#8757=CARTESIAN_POINT('',(-0.252,-0.675,-0.6));
#8758=CARTESIAN_POINT('',(-0.252,-0.675,-0.6));
#8759=VECTOR('',#11019,0.19242543129);
#8760=CARTESIAN_POINT('',(-0.252,-0.675,-0.6));
#8761=VECTOR('',#11020,0.1414213562373);
#8762=CARTESIAN_POINT('',(0.2749999999999,-0.675,-0.6));
#8763=CARTESIAN_POINT('',(0.2749999999999,-0.575,-0.5));
#8764=CARTESIAN_POINT('',(0.2749999999999,-0.675,-0.6));
#8765=VECTOR('',#11021,0.1414213562373);
#8766=CARTESIAN_POINT('',(0.2749999999999,-0.575,-0.5));
#8767=VECTOR('',#11022,0.5269999999999);
#8768=CARTESIAN_POINT('',(0.2749999999999,-0.675,-0.6));
#8769=VECTOR('',#11023,0.5269999999999);
#8770=CARTESIAN_POINT('',(0.275,-0.675,-0.79242543129));
#8771=CARTESIAN_POINT('',(-0.252,-0.675,-0.79242543129));
#8772=VECTOR('',#11024,0.527);
#8773=CARTESIAN_POINT('',(0.2749999999999,-0.675,-0.6));
#8774=VECTOR('',#11025,0.19242543129);
#8775=CARTESIAN_POINT('',(0.675,-0.275,-0.79242543129));
#8776=AXIS2_PLACEMENT_3D('',#11026,#11027,#11028);
#8777=CARTESIAN_POINT('',(0.675,-0.2749999999999,-0.6));
#8778=CARTESIAN_POINT('',(0.675,-0.2749999999999,-0.6));
#8779=VECTOR('',#11029,0.19242543129);
#8780=AXIS2_PLACEMENT_3D('',#11030,#11031,#11032);
#8781=CARTESIAN_POINT('',(0.575,-0.2749999999997,-0.5));
#8782=CARTESIAN_POINT('',(0.675,-0.2749999999999,-0.6));
#8783=VECTOR('',#11033,0.1414213562373);
#8784=AXIS2_PLACEMENT_3D('',#11034,#11035,#11036);
#8785=CARTESIAN_POINT('',(0.575,0.126,-0.5));
#8786=CARTESIAN_POINT('',(0.4752697160726,0.126,-0.5));
#8787=CARTESIAN_POINT('',(0.575,0.126,-0.5));
#8788=VECTOR('',#11037,0.09973028392736);
#8789=CARTESIAN_POINT('',(0.4752697160726,-0.275,-0.5));
#8790=CARTESIAN_POINT('',(0.4752697160726,-0.275,-0.5));
#8791=VECTOR('',#11038,0.401);
#8792=CARTESIAN_POINT('',(0.275,-0.4752697160726,-0.5));
#8793=AXIS2_PLACEMENT_3D('',#11039,#11040,#11041);
#8794=CARTESIAN_POINT('',(-0.252,-0.4752697160726,-0.5));
#8795=VECTOR('',#11042,0.527);
#8796=CARTESIAN_POINT('',(0.575,0.126,-0.5));
#8797=VECTOR('',#11043,0.4009999999998);
#8798=CARTESIAN_POINT('',(-0.275,0.5252697160726,-0.5));
#8799=CARTESIAN_POINT('',(-0.5252697160726,0.2749999999976,-0.5));
#8800=AXIS2_PLACEMENT_3D('',#11044,#11045,#11046);
#8801=CARTESIAN_POINT('',(-0.01400000000037,0.5252697160726,-0.5));
#8802=CARTESIAN_POINT('',(-0.01400000000037,0.5252697160726,-0.5));
#8803=VECTOR('',#11047,0.2609999999971);
#8804=CARTESIAN_POINT('',(-0.01399999999999,0.675,-0.5));
#8805=CARTESIAN_POINT('',(-0.01400000000037,0.5252697160726,-0.5));
#8806=VECTOR('',#11048,0.1497302839274);
#8807=CARTESIAN_POINT('',(-0.275,0.675,-0.5));
#8808=CARTESIAN_POINT('',(-0.01399999999999,0.675,-0.5));
#8809=VECTOR('',#11049,0.261);
#8810=CARTESIAN_POINT('',(-0.675,0.275,-0.5));
#8811=AXIS2_PLACEMENT_3D('',#11050,#11051,#11052);
#8812=CARTESIAN_POINT('',(-0.675,-0.225,-0.5));
#8813=CARTESIAN_POINT('',(-0.675,0.275,-0.5));
#8814=VECTOR('',#11053,0.5);
#8815=CARTESIAN_POINT('',(-0.5252697160726,-0.225,-0.5));
#8816=CARTESIAN_POINT('',(-0.675,-0.225,-0.5));
#8817=VECTOR('',#11054,0.1497302839274);
#8818=CARTESIAN_POINT('',(-0.5252697160726,0.2749999999976,-0.5));
#8819=VECTOR('',#11055,0.4999999999976);
#8820=CARTESIAN_POINT('',(0.675,0.126,-0.6));
#8821=CARTESIAN_POINT('',(0.575,0.126,-0.5));
#8822=VECTOR('',#11056,0.1414213562373);
#8823=CARTESIAN_POINT('',(0.675,0.126,-0.6));
#8824=VECTOR('',#11057,0.4009999999999);
#8825=CARTESIAN_POINT('',(0.675,0.126,-0.79242543129));
#8826=CARTESIAN_POINT('',(0.675,-0.275,-0.79242543129));
#8827=VECTOR('',#11058,0.401);
#8828=CARTESIAN_POINT('',(0.675,0.126,-0.6));
#8829=VECTOR('',#11059,0.19242543129);
#8830=CARTESIAN_POINT('',(0.6214462966157,0.126,-0.9922905732536));
#8831=AXIS2_PLACEMENT_3D('',#11060,#11061,#11062);
#8832=CARTESIAN_POINT('',(0.5015252031705,0.126,-1.2));
#8833=CARTESIAN_POINT('',(0.6214462966157,0.126,-0.9922905732536));
#8834=VECTOR('',#11063,0.2398421868905);
#8835=CARTESIAN_POINT('',(0.4815451186695,0.126,-1.351763809021));
#8836=AXIS2_PLACEMENT_3D('',#11064,#11065,#11066);
#8837=CARTESIAN_POINT('',(0.4815451186695,0.126,-1.351763809021));
#8838=VECTOR('',#11067,0.1534653975958);
#8839=CARTESIAN_POINT('',(0.2886204791321,0.126,-1.403457810385));
#8840=CARTESIAN_POINT('',(0.314488880875,0.126,-1.5));
#8841=VECTOR('',#11068,0.09994782931342);
#8842=CARTESIAN_POINT('',(0.3285537033843,0.126,-1.100134858036));
#8843=AXIS2_PLACEMENT_3D('',#11069,#11070,#11071);
#8844=CARTESIAN_POINT('',(0.4484747968295,0.126,-0.89242543129));
#8845=CARTESIAN_POINT('',(0.4484747968295,0.126,-0.89242543129));
#8846=VECTOR('',#11072,0.2398421868905);
#8847=CARTESIAN_POINT('',(0.4752697160726,0.126,-0.79242543129));
#8848=AXIS2_PLACEMENT_3D('',#11073,#11074,#11075);
#8849=CARTESIAN_POINT('',(0.4752697160726,0.126,-0.79242543129));
#8850=VECTOR('',#11076,0.29242543129);
#8851=CARTESIAN_POINT('',(0.4752697160726,-0.275,-0.79242543129));
#8852=CARTESIAN_POINT('',(0.4752697160726,-0.275,-0.79242543129));
#8853=VECTOR('',#11077,0.401);
#8854=CARTESIAN_POINT('',(0.4752697160726,-0.275,-0.79242543129));
#8855=VECTOR('',#11078,0.29242543129);
#8856=CARTESIAN_POINT('',(0.275,-0.4752697160726,-0.79242543129));
#8857=AXIS2_PLACEMENT_3D('',#11079,#11080,#11081);
#8858=CARTESIAN_POINT('',(0.275,-0.4752697160726,-0.79242543129));
#8859=VECTOR('',#11082,0.29242543129);
#8860=CARTESIAN_POINT('',(-0.252,-0.4752697160726,-0.79242543129));
#8861=VECTOR('',#11083,0.527);
#8862=CARTESIAN_POINT('',(0.275,-0.4484747968295,-0.89242543129));
#8863=AXIS2_PLACEMENT_3D('',#11084,#11085,#11086);
#8864=CARTESIAN_POINT('',(-0.252,-0.4484747968295,-0.89242543129));
#8865=VECTOR('',#11087,0.527);
#8866=CARTESIAN_POINT('',(0.275,-0.3285537033843,-1.100134858036));
#8867=CARTESIAN_POINT('',(0.275,-0.3285537033843,-1.100134858036));
#8868=VECTOR('',#11088,0.2398421868905);
#8869=CARTESIAN_POINT('',(-0.252,-0.3285537033843,-1.100134858036));
#8870=VECTOR('',#11089,0.527);
#8871=CARTESIAN_POINT('',(0.275,-0.2886204791321,-1.403457810385));
#8872=AXIS2_PLACEMENT_3D('',#11090,#11091,#11092);
#8873=CARTESIAN_POINT('',(-0.252,-0.2886204791321,-1.403457810385));
#8874=VECTOR('',#11093,0.527);
#8875=CARTESIAN_POINT('',(0.275,-0.314488880875,-1.5));
#8876=VECTOR('',#11094,0.09994782931342);
#8877=CARTESIAN_POINT('',(0.2886204791321,-0.275,-1.403457810385));
#8878=AXIS2_PLACEMENT_3D('',#11095,#11096,#11097);
#8879=CARTESIAN_POINT('',(0.314488880875,-0.275,-1.5));
#8880=VECTOR('',#11098,0.09994782931342);
#8881=CARTESIAN_POINT('',(0.2886204791321,-0.275,-1.403457810385));
#8882=VECTOR('',#11099,0.401);
#8883=CARTESIAN_POINT('',(0.275,-0.275,-1.3));
#8884=AXIS2_PLACEMENT_3D('',#11100,#11101,#11102);
#8885=CARTESIAN_POINT('',(0.3285537033843,-0.275,-1.100134858036));
#8886=AXIS2_PLACEMENT_3D('',#11103,#11104,#11105);
#8887=CARTESIAN_POINT('',(0.3285537033843,-0.275,-1.100134858036));
#8888=VECTOR('',#11106,0.401);
#8889=CARTESIAN_POINT('',(0.4484747968295,-0.275,-0.89242543129));
#8890=CARTESIAN_POINT('',(0.3285537033843,-0.275,-1.100134858036));
#8891=VECTOR('',#11107,0.2398421868905);
#8892=CARTESIAN_POINT('',(0.4484747968295,-0.275,-0.89242543129));
#8893=VECTOR('',#11108,0.401);
#8894=AXIS2_PLACEMENT_3D('',#11109,#11110,#11111);
#8895=AXIS2_PLACEMENT_3D('',#11112,#11113,#11114);
#8896=AXIS2_PLACEMENT_3D('',#11115,#11116,#11117);
#8897=CARTESIAN_POINT('',(0.525,0.525,-1.513939633983));
#8898=CARTESIAN_POINT('',(0.525,0.525,-1.513939633983));
#8899=VECTOR('',#11118,0.1426313626388);
#8900=CARTESIAN_POINT('',(0.525,-0.275,-1.513939633983));
#8901=VECTOR('',#11119,0.8);
#8902=CARTESIAN_POINT('',(0.4815451186695,-0.275,-1.351763809021));
#8903=VECTOR('',#11120,0.401);
#8904=CARTESIAN_POINT('',(0.525,0.525,-1.5));
#8905=VECTOR('',#11121,0.01393963398264);
#8906=CARTESIAN_POINT('',(-0.275,0.525,-1.513939633983));
#8907=VECTOR('',#11122,0.8);
#8908=CARTESIAN_POINT('',(0.136,0.4815451186695,-1.351763809021));
#8909=CARTESIAN_POINT('',(0.136,0.4815451186695,-1.351763809021));
#8910=VECTOR('',#11123,0.411);
#8911=CARTESIAN_POINT('',(0.136,0.4815451186695,-1.351763809021));
#8912=VECTOR('',#11124,0.1534653975958);
#8913=CARTESIAN_POINT('',(0.136,0.4917760670188,-0.91742543129));
#8914=CARTESIAN_POINT('',(0.136,0.5252697160726,-0.792425431289));
#8915=AXIS2_PLACEMENT_3D('',#11125,#11126,#11127);
#8916=CARTESIAN_POINT('',(0.136,0.3718549735736,-1.125134858036));
#8917=CARTESIAN_POINT('',(0.136,0.3718549735736,-1.125134858036));
#8918=VECTOR('',#11128,0.2398421868894);
#8919=CARTESIAN_POINT('',(0.136,0.3369167704465,-1.39051685813));
#8920=AXIS2_PLACEMENT_3D('',#11129,#11130,#11131);
#8921=CARTESIAN_POINT('',(0.136,0.3662526898955,-1.5));
#8922=VECTOR('',#11132,0.1133452889346);
#8923=CARTESIAN_POINT('',(0.136,0.5015252031705,-1.2));
#8924=AXIS2_PLACEMENT_3D('',#11133,#11134,#11135);
#8925=CARTESIAN_POINT('',(0.136,0.6214462966157,-0.9922905732536));
#8926=CARTESIAN_POINT('',(0.136,0.6214462966157,-0.9922905732536));
#8927=VECTOR('',#11136,0.2398421868905);
#8928=CARTESIAN_POINT('',(0.136,0.675,-0.79242543129));
#8929=AXIS2_PLACEMENT_3D('',#11137,#11138,#11139);
#8930=CARTESIAN_POINT('',(0.136,0.675,-0.65));
#8931=CARTESIAN_POINT('',(0.136,0.675,-0.79242543129));
#8932=VECTOR('',#11140,0.14242543129);
#8933=CARTESIAN_POINT('',(0.136,0.5252697160726,-0.65));
#8934=CARTESIAN_POINT('',(0.136,0.675,-0.65));
#8935=VECTOR('',#11141,0.1497302839274);
#8936=CARTESIAN_POINT('',(0.136,0.5252697160726,-0.792425431289));
#8937=VECTOR('',#11142,0.1424254312885);
#8938=CARTESIAN_POINT('',(0.086,0.4752697160726,-0.7924254312894));
#8939=CARTESIAN_POINT('',(0.086,0.4752697160726,-0.7924254312894));
#8940=VECTOR('',#11143,0.07071067811865);
#8941=CARTESIAN_POINT('',(0.08600000000001,0.4752697160726,-0.65));
#8942=CARTESIAN_POINT('',(0.086,0.4752697160726,-0.6500000000004));
#8943=VECTOR('',#11144,0.07071067811865);
#8944=CARTESIAN_POINT('',(0.086,0.4752697160726,-0.7924254312894));
#8945=VECTOR('',#11145,0.142425431289);
#8946=CARTESIAN_POINT('',(-0.275,0.4752697160726,-0.79242543129));
#8947=CARTESIAN_POINT('',(0.086,0.4752697160726,-0.7924254312894));
#8948=VECTOR('',#11146,0.361);
#8949=CARTESIAN_POINT('',(-0.01400000000032,0.4752697160726,-0.55));
#8950=AXIS2_PLACEMENT_3D('',#11147,#11148,#11149);
#8951=CARTESIAN_POINT('',(-0.2749999999985,0.4752697160726,-0.55));
#8952=CARTESIAN_POINT('',(-0.01400000000032,0.4752697160726,-0.55));
#8953=VECTOR('',#11150,0.2609999999982);
#8954=CARTESIAN_POINT('',(-0.275,0.4752697160726,-0.79242543129));
#8955=VECTOR('',#11151,0.24242543129);
#8956=CARTESIAN_POINT('',(-0.4752697160726,0.2749999999986,-0.55));
#8957=AXIS2_PLACEMENT_3D('',#11152,#11153,#11154);
#8958=CARTESIAN_POINT('',(-0.4752697160726,0.275,-0.79242543129));
#8959=CARTESIAN_POINT('',(-0.4752697160726,0.275,-0.79242543129));
#8960=VECTOR('',#11155,0.24242543129);
#8961=AXIS2_PLACEMENT_3D('',#11156,#11157,#11158);
#8962=CARTESIAN_POINT('',(-0.4484747968295,0.275,-0.89242543129));
#8963=AXIS2_PLACEMENT_3D('',#11159,#11160,#11161);
#8964=CARTESIAN_POINT('',(-0.275,0.4484747968295,-0.89242543129));
#8965=AXIS2_PLACEMENT_3D('',#11162,#11163,#11164);
#8966=AXIS2_PLACEMENT_3D('',#11165,#11166,#11167);
#8967=CARTESIAN_POINT('',(0.08600000000001,0.4484747968295,-0.89242543129));
#8968=CARTESIAN_POINT('',(0.086,0.4484747968292,-0.8924254312905));
#8969=VECTOR('',#11168,0.361);
#8970=AXIS2_PLACEMENT_3D('',#11169,#11170,#11171);
#8971=CARTESIAN_POINT('',(0.086,0.4484747968292,-0.8924254312905));
#8972=VECTOR('',#11172,0.07071067811865);
#8973=CARTESIAN_POINT('',(0.08600000000001,0.3285537033844,-1.100134858036));
#8974=CARTESIAN_POINT('',(0.08600000000001,0.3285537033844,-1.100134858036));
#8975=VECTOR('',#11173,0.07071067811865);
#8976=CARTESIAN_POINT('',(0.08600000000001,0.3285537033844,-1.100134858036));
#8977=VECTOR('',#11174,0.2398421868898);
#8978=CARTESIAN_POINT('',(-0.275,0.3285537033843,-1.100134858036));
#8979=CARTESIAN_POINT('',(-0.275,0.3285537033843,-1.100134858036));
#8980=VECTOR('',#11175,0.2398421868905);
#8981=CARTESIAN_POINT('',(0.08600000000001,0.3285537033844,-1.100134858036));
#8982=VECTOR('',#11176,0.361);
#8983=CARTESIAN_POINT('',(-0.275,0.275,-1.3));
#8984=AXIS2_PLACEMENT_3D('',#11177,#11178,#11179);
#8985=CARTESIAN_POINT('',(-0.275,0.2886204791321,-1.403457810385));
#8986=AXIS2_PLACEMENT_3D('',#11180,#11181,#11182);
#8987=CARTESIAN_POINT('',(0.08600000000001,0.2886204791321,-1.403457810385));
#8988=CARTESIAN_POINT('',(0.08600000000001,0.2886204791321,-1.403457810385));
#8989=VECTOR('',#11183,0.361);
#8990=AXIS2_PLACEMENT_3D('',#11184,#11185,#11186);
#8991=CARTESIAN_POINT('',(0.08600000000001,0.2886204791321,-1.403457810385));
#8992=VECTOR('',#11187,0.07071067811866);
#8993=CARTESIAN_POINT('',(0.08600000000001,0.314488880875,-1.5));
#8994=VECTOR('',#11188,0.09994782931328);
#8995=CARTESIAN_POINT('',(-0.275,0.314488880875,-1.5));
#8996=VECTOR('',#11189,0.09994782931342);
#8997=CARTESIAN_POINT('',(-0.2886204791321,0.275,-1.403457810385));
#8998=AXIS2_PLACEMENT_3D('',#11190,#11191,#11192);
#8999=CARTESIAN_POINT('',(-0.314488880875,0.275,-1.5));
#9000=VECTOR('',#11193,0.09994782931342);
#9001=CARTESIAN_POINT('',(-0.2886204791321,-0.225,-1.403457810385));
#9002=CARTESIAN_POINT('',(-0.2886204791321,0.275,-1.403457810385));
#9003=VECTOR('',#11194,0.5);
#9004=CARTESIAN_POINT('',(-0.314488880875,-0.225,-1.5));
#9005=VECTOR('',#11195,0.09994782931342);
#9006=CARTESIAN_POINT('',(-0.675,-0.225,-0.79242543129));
#9007=CARTESIAN_POINT('',(-0.675,-0.225,-0.5));
#9008=VECTOR('',#11196,0.29242543129);
#9009=CARTESIAN_POINT('',(-0.6214462966157,-0.225,-0.9922905732536));
#9010=AXIS2_PLACEMENT_3D('',#11197,#11198,#11199);
#9011=CARTESIAN_POINT('',(-0.5015252031705,-0.225,-1.2));
#9012=CARTESIAN_POINT('',(-0.6214462966157,-0.225,-0.9922905732536));
#9013=VECTOR('',#11200,0.2398421868905);
#9014=AXIS2_PLACEMENT_3D('',#11201,#11202,#11203);
#9015=CARTESIAN_POINT('',(-0.3285537033843,-0.225,-1.100134858036));
#9016=AXIS2_PLACEMENT_3D('',#11204,#11205,#11206);
#9017=CARTESIAN_POINT('',(-0.4484747968295,-0.225,-0.89242543129));
#9018=CARTESIAN_POINT('',(-0.4484747968295,-0.225,-0.89242543129));
#9019=VECTOR('',#11207,0.2398421868905);
#9020=CARTESIAN_POINT('',(-0.4752697160726,-0.225,-0.79242543129));
#9021=AXIS2_PLACEMENT_3D('',#11208,#11209,#11210);
#9022=CARTESIAN_POINT('',(-0.4752697160726,-0.225,-0.55));
#9023=CARTESIAN_POINT('',(-0.4752697160726,-0.225,-0.79242543129));
#9024=VECTOR('',#11211,0.24242543129);
#9025=CARTESIAN_POINT('',(-0.4752697160726,-0.225,-0.55));
#9026=VECTOR('',#11212,0.07071067811865);
#9027=CARTESIAN_POINT('',(-0.4752697160726,0.2749999999986,-0.55));
#9028=VECTOR('',#11213,0.4999999999986);
#9029=CARTESIAN_POINT('',(-0.4752697160726,0.2749999999986,-0.55));
#9030=VECTOR('',#11214,0.07071067811865);
#9031=CARTESIAN_POINT('',(-0.2749999999985,0.4752697160726,-0.55));
#9032=VECTOR('',#11215,0.07071067811865);
#9033=CARTESIAN_POINT('',(-0.01400000000032,0.4752697160726,-0.55));
#9034=VECTOR('',#11216,0.07071067811865);
#9035=AXIS2_PLACEMENT_3D('',#11217,#11218,#11219);
#9036=AXIS2_PLACEMENT_3D('',#11220,#11221,#11222);
#9037=CARTESIAN_POINT('',(-0.275,0.675,-0.79242543129));
#9038=CARTESIAN_POINT('',(0.136,0.675,-0.79242543129));
#9039=VECTOR('',#11223,0.411);
#9040=CARTESIAN_POINT('',(-0.275,0.675,-0.5));
#9041=VECTOR('',#11224,0.29242543129);
#9042=CARTESIAN_POINT('',(-0.675,0.275,-0.79242543129));
#9043=AXIS2_PLACEMENT_3D('',#11225,#11226,#11227);
#9044=CARTESIAN_POINT('',(-0.675,0.275,-0.5));
#9045=VECTOR('',#11228,0.29242543129);
#9046=CARTESIAN_POINT('',(-0.675,0.275,-0.79242543129));
#9047=VECTOR('',#11229,0.5);
#9048=CARTESIAN_POINT('',(-0.6214462966157,0.275,-0.9922905732536));
#9049=AXIS2_PLACEMENT_3D('',#11230,#11231,#11232);
#9050=CARTESIAN_POINT('',(-0.6214462966157,0.275,-0.9922905732536));
#9051=VECTOR('',#11233,0.5);
#9052=CARTESIAN_POINT('',(-0.5015252031705,0.275,-1.2));
#9053=CARTESIAN_POINT('',(-0.6214462966157,0.275,-0.9922905732536));
#9054=VECTOR('',#11234,0.2398421868905);
#9055=CARTESIAN_POINT('',(-0.5015252031705,0.275,-1.2));
#9056=VECTOR('',#11235,0.5);
#9057=AXIS2_PLACEMENT_3D('',#11236,#11237,#11238);
#9058=CARTESIAN_POINT('',(-0.275,0.5015252031705,-1.2));
#9059=AXIS2_PLACEMENT_3D('',#11239,#11240,#11241);
#9060=AXIS2_PLACEMENT_3D('',#11242,#11243,#11244);
#9061=CARTESIAN_POINT('',(0.136,0.5015252031705,-1.2));
#9062=VECTOR('',#11245,0.411);
#9063=CARTESIAN_POINT('',(-0.275,0.6214462966157,-0.9922905732536));
#9064=CARTESIAN_POINT('',(-0.275,0.6214462966157,-0.9922905732536));
#9065=VECTOR('',#11246,0.2398421868905);
#9066=CARTESIAN_POINT('',(0.136,0.6214462966157,-0.9922905732536));
#9067=VECTOR('',#11247,0.411);
#9068=AXIS2_PLACEMENT_3D('',#11248,#11249,#11250);
#9069=AXIS2_PLACEMENT_3D('',#11251,#11252,#11253);
#9070=CARTESIAN_POINT('',(-0.4752697160726,0.275,-0.79242543129));
#9071=VECTOR('',#11254,0.5);
#9072=CARTESIAN_POINT('',(-0.4484747968295,0.275,-0.89242543129));
#9073=VECTOR('',#11255,0.5);
#9074=CARTESIAN_POINT('',(-0.3285537033843,0.275,-1.100134858036));
#9075=CARTESIAN_POINT('',(-0.3285537033843,0.275,-1.100134858036));
#9076=VECTOR('',#11256,0.5);
#9077=CARTESIAN_POINT('',(-0.3285537033843,0.275,-1.100134858036));
#9078=VECTOR('',#11257,0.2398421868905);
#9079=AXIS2_PLACEMENT_3D('',#11258,#11259,#11260);
#9080=AXIS2_PLACEMENT_3D('',#11261,#11262,#11263);
#9081=AXIS2_PLACEMENT_3D('',#11264,#11265,#11266);
#9082=CARTESIAN_POINT('',(0.5015252031705,-0.275,-1.2));
#9083=VECTOR('',#11267,0.401);
#9084=CARTESIAN_POINT('',(0.6214462966157,-0.275,-0.9922905732536));
#9085=CARTESIAN_POINT('',(0.6214462966157,-0.275,-0.9922905732536));
#9086=VECTOR('',#11268,0.401);
#9087=CARTESIAN_POINT('',(0.6214462966157,-0.275,-0.9922905732536));
#9088=VECTOR('',#11269,0.2398421868905);
#9089=CARTESIAN_POINT('',(0.275,-0.6214462966157,-0.9922905732536));
#9090=AXIS2_PLACEMENT_3D('',#11270,#11271,#11272);
#9091=CARTESIAN_POINT('',(0.275,-0.6214462966157,-0.9922905732536));
#9092=VECTOR('',#11273,0.2398421868905);
#9093=CARTESIAN_POINT('',(-0.252,-0.6214462966157,-0.9922905732536));
#9094=VECTOR('',#11274,0.527);
#9095=AXIS2_PLACEMENT_3D('',#11275,#11276,#11277);
#9096=AXIS2_PLACEMENT_3D('',#11278,#11279,#11280);
#9097=CARTESIAN_POINT('',(-0.275,-0.525,-6.7));
#9098=CARTESIAN_POINT('',(-0.275,-0.525,-6.7));
#9099=VECTOR('',#11281,1.7);
#9100=AXIS2_PLACEMENT_3D('',#11282,#11283,#11284);
#9101=CARTESIAN_POINT('',(-0.1151947654187,-0.5115492431596,-8.100000000036));
#9102=VECTOR('',#11285,1.409155291641);
#9103=CARTESIAN_POINT('',(0.0,-0.525,-6.7));
#9104=CARTESIAN_POINT('',(-0.275,-0.525,-6.7));
#9105=VECTOR('',#11286,0.275);
#9106=CARTESIAN_POINT('',(-1.45966505155E-12,-0.525,-8.1));
#9107=VECTOR('',#11287,1.4);
#9108=CARTESIAN_POINT('',(0.0,-0.525,-6.7));
#9109=VECTOR('',#11288,0.275);
#9110=CARTESIAN_POINT('',(1.186986611404,1.975,-12.5));
#9111=CARTESIAN_POINT('',(1.186986611404,1.975,-11.9));
#9112=CARTESIAN_POINT('',(1.186986611404,1.975,-12.5));
#9113=VECTOR('',#11289,0.6);
#9114=CARTESIAN_POINT('',(0.7851084057105,-0.07863850846287,-13.24746328902));
#9115=CARTESIAN_POINT('',(1.186986611404,1.975,-12.5));
#9116=VECTOR('',#11290,2.222079787967);
#9117=CARTESIAN_POINT('',(0.7851084057105,-0.07863850846287,-13.24746328902));
#9118=VECTOR('',#11291,1.347463289023);
#9119=CARTESIAN_POINT('',(1.186986611404,1.975,-11.9));
#9120=VECTOR('',#11292,2.037935148494);
#9121=CARTESIAN_POINT('',(1.383263712832,1.936590372884,-11.9));
#9122=CARTESIAN_POINT('',(1.383263712832,1.936590372884,-11.9));
#9123=VECTOR('',#11293,1.998796956493);
#9124=CARTESIAN_POINT('',(1.383263712832,1.936590372884,-11.9));
#9125=VECTOR('',#11294,0.2);
#9126=CARTESIAN_POINT('',(1.383263712832,1.936590372884,-12.51397996098));
#9127=CARTESIAN_POINT('',(1.383263712832,1.936590372884,-12.51397996098));
#9128=VECTOR('',#11295,0.6139799609794);
#9129=CARTESIAN_POINT('',(1.383263712832,1.936590372884,-12.51397996098));
#9130=VECTOR('',#11296,0.2004880029054);
#9131=CARTESIAN_POINT('',(0.7820742184277,-0.09340402866514,-13.25283749887));
#9132=CARTESIAN_POINT('',(0.7820742184277,-0.09340402866513,-13.25283749887));
#9133=CARTESIAN_POINT('',(0.7831322172576,-0.08849064497423,-13.25104917346));
#9134=CARTESIAN_POINT('',(0.7841435926742,-0.08356880121522,-13.24925776883));
#9135=CARTESIAN_POINT('',(0.7851084057105,-0.07863850846284,-13.24746328902));
#9136=CARTESIAN_POINT('',(0.9860124418311,-0.09340402866513,-13.25283749887));
#9137=CARTESIAN_POINT('',(1.383263712832,1.936590372884,-12.51397996098));
#9138=VECTOR('',#11297,2.196496370116);
#9139=CARTESIAN_POINT('',(0.7820742184277,-0.09340402866514,-13.25283749887));
#9140=VECTOR('',#11298,0.2039382234034);
#9141=CARTESIAN_POINT('',(0.9813855071379,-0.1170481355798,-13.26321718563));
#9142=CARTESIAN_POINT('',(0.9860124418311,-0.09340402866512,-13.25283749887));
#9143=CARTESIAN_POINT('',(0.9844277247868,-0.1015020939523,-13.25578495359));
#9144=CARTESIAN_POINT('',(0.9828853385355,-0.1093838445813,-13.25924394664));
#9145=CARTESIAN_POINT('',(0.9813855071381,-0.1170481355786,-13.26321718563));
#9146=CARTESIAN_POINT('',(0.9539392014169,-0.225,-13.44077602303));
#9147=CARTESIAN_POINT('',(0.9539392014169,-0.225,-13.44077602303));
#9148=CARTESIAN_POINT('',(0.9539392014169,-0.225,-13.43532046721));
#9149=CARTESIAN_POINT('',(0.9540790350056,-0.2245559076749,-13.42441370389));
#9150=CARTESIAN_POINT('',(0.9547151485264,-0.2225257670368,-13.40798132684));
#9151=CARTESIAN_POINT('',(0.9557687479871,-0.2191292207319,-13.39173252503));
#9152=CARTESIAN_POINT('',(0.9572098587218,-0.2144127674526,-13.3758544397));
#9153=CARTESIAN_POINT('',(0.9590267114965,-0.2083445465127,-13.36028663036));
#9154=CARTESIAN_POINT('',(0.9611854358708,-0.2009453750878,-13.34518395485));
#9155=CARTESIAN_POINT('',(0.963634949819,-0.1922795764089,-13.33072114568));
#9156=CARTESIAN_POINT('',(0.9663182094498,-0.1824261335342,-13.31703155878));
#9157=CARTESIAN_POINT('',(0.969210369559,-0.1713323947158,-13.30408510877));
#9158=CARTESIAN_POINT('',(0.9722353559622,-0.1591263026306,-13.29209068015));
#9159=CARTESIAN_POINT('',(0.9753105472258,-0.1459847198476,-13.28121466703));
#9160=CARTESIAN_POINT('',(0.9783902910738,-0.1319415465286,-13.27148231647));
#9161=CARTESIAN_POINT('',(0.9803969220204,-0.1220999060851,-13.26583606996));
#9162=CARTESIAN_POINT('',(0.9813855071379,-0.1170481355798,-13.26321718563));
#9163=CARTESIAN_POINT('',(0.7416198487096,-0.225,-13.44077602303));
#9164=CARTESIAN_POINT('',(0.7416198487096,-0.225,-13.44077602303));
#9165=VECTOR('',#11299,0.2123193527074);
#9166=CARTESIAN_POINT('',(0.7820742184277,-0.09340402866514,-13.25283749887));
#9167=CARTESIAN_POINT('',(0.7809628892014,-0.09856508058878,-13.25471596815));
#9168=CARTESIAN_POINT('',(0.7786674298034,-0.1087307185322,-13.25889464394));
#9169=CARTESIAN_POINT('',(0.7750080560676,-0.1235899640573,-13.26649638276));
#9170=CARTESIAN_POINT('',(0.7712276313944,-0.1377814754015,-13.2753286355));
#9171=CARTESIAN_POINT('',(0.7674167319477,-0.1511242087883,-13.28526052527));
#9172=CARTESIAN_POINT('',(0.7636128202402,-0.1636390146604,-13.29630417998));
#9173=CARTESIAN_POINT('',(0.7599066448288,-0.1751729695292,-13.30833658711));
#9174=CARTESIAN_POINT('',(0.7563911736623,-0.185592117173,-13.32119292646));
#9175=CARTESIAN_POINT('',(0.7531485912029,-0.1948058742632,-13.33468827028));
#9176=CARTESIAN_POINT('',(0.7502034124757,-0.2028775660824,-13.34886377275));
#9177=CARTESIAN_POINT('',(0.7476272788427,-0.2097246153773,-13.3635526051));
#9178=CARTESIAN_POINT('',(0.7454729129467,-0.2153092634274,-13.37858933338));
#9179=CARTESIAN_POINT('',(0.7437677644929,-0.2196434392705,-13.39389235847));
#9180=CARTESIAN_POINT('',(0.7425277935235,-0.2227494895056,-13.40948387196));
#9181=CARTESIAN_POINT('',(0.741782750307,-0.2245977783138,-13.42519008516));
#9182=CARTESIAN_POINT('',(0.7416198487096,-0.225,-13.43558490393));
#9183=CARTESIAN_POINT('',(0.7416198487096,-0.225,-13.44077602303));
#9184=CARTESIAN_POINT('',(-0.7167542573831,-0.2803355853119,-13.7));
#9185=CARTESIAN_POINT('',(-0.7851084057105,-0.07863850846289,-13.7));
#9186=AXIS2_PLACEMENT_3D('',#11300,#11301,#11302);
#9187=CARTESIAN_POINT('',(-0.7851084057105,-0.07863850846288,-12.35253671098));
#9188=CARTESIAN_POINT('',(-0.7851084057105,-0.07863850846289,-13.7));
#9189=VECTOR('',#11303,1.347463289023);
#9190=CARTESIAN_POINT('',(-0.7820742184277,-0.09340402866514,-12.34716250113));
#9191=CARTESIAN_POINT('',(-0.7851084057105,-0.07863850846287,-12.35253671098));
#9192=CARTESIAN_POINT('',(-0.7841435926742,-0.08356880121523,-12.35074223117));
#9193=CARTESIAN_POINT('',(-0.7831322172575,-0.08849064497424,-12.34895082654));
#9194=CARTESIAN_POINT('',(-0.7820742184277,-0.09340402866513,-12.34716250113));
#9195=CARTESIAN_POINT('',(-0.7416198487096,-0.225,-12.15922397697));
#9196=CARTESIAN_POINT('',(-0.7820742184277,-0.09340402866514,-12.34716250113));
#9197=CARTESIAN_POINT('',(-0.7809627900283,-0.09856554115207,-12.34528386422));
#9198=CARTESIAN_POINT('',(-0.7786671790713,-0.1087318597485,-12.3411049272));
#9199=CARTESIAN_POINT('',(-0.7750070933158,-0.1235937113823,-12.33350148599));
#9200=CARTESIAN_POINT('',(-0.7712273575614,-0.1377824297905,-12.32467065281));
#9201=CARTESIAN_POINT('',(-0.7674160655034,-0.1511265254376,-12.31473771766));
#9202=CARTESIAN_POINT('',(-0.7636115387311,-0.1636431279281,-12.3036919335));
#9203=CARTESIAN_POINT('',(-0.7599055035591,-0.1751764023744,-12.29165941014));
#9204=CARTESIAN_POINT('',(-0.7563908131671,-0.1855931413661,-12.27880557949));
#9205=CARTESIAN_POINT('',(-0.7531482130844,-0.1948069473977,-12.26531015974));
#9206=CARTESIAN_POINT('',(-0.7502024202191,-0.2028802536256,-12.25113118991));
#9207=CARTESIAN_POINT('',(-0.7476263592754,-0.2097270224907,-12.23644157922));
#9208=CARTESIAN_POINT('',(-0.7454722323114,-0.2153110101072,-12.22140533926));
#9209=CARTESIAN_POINT('',(-0.74376698803,-0.2196454009503,-12.20610002697));
#9210=CARTESIAN_POINT('',(-0.7425270376917,-0.2227513713955,-12.19050426949));
#9211=CARTESIAN_POINT('',(-0.7417825799446,-0.2245981978875,-12.17480236268));
#9212=CARTESIAN_POINT('',(-0.7416198487096,-0.225,-12.16441207737));
#9213=CARTESIAN_POINT('',(-0.7416198487096,-0.225,-12.15922397697));
#9214=CARTESIAN_POINT('',(-0.7416198487096,-0.225,-12.15922397697));
#9215=VECTOR('',#11304,0.2592213151762);
#9216=CARTESIAN_POINT('',(0.7416198487096,-0.225,-13.7));
#9217=CARTESIAN_POINT('',(0.7416198487096,-0.225,-13.7));
#9218=VECTOR('',#11305,0.2592239769724);
#9219=CARTESIAN_POINT('',(0.7167542551812,-0.2803355895172,-13.7));
#9220=AXIS2_PLACEMENT_3D('',#11306,#11307,#11308);
#9221=CARTESIAN_POINT('',(0.48,-0.565,-13.7));
#9222=AXIS2_PLACEMENT_3D('',#11309,#11310,#11311);
#9223=CARTESIAN_POINT('',(0.0,-0.725,-13.7));
#9224=AXIS2_PLACEMENT_3D('',#11312,#11313,#11314);
#9225=CARTESIAN_POINT('',(-0.48,-0.565,-13.7));
#9226=AXIS2_PLACEMENT_3D('',#11315,#11316,#11317);
#9227=AXIS2_PLACEMENT_3D('',#11318,#11319,#11320);
#9228=CARTESIAN_POINT('',(-0.5278236289255,-0.6287646963265,-14.01882364166));
#9229=CARTESIAN_POINT('',(-0.5278236289255,-0.6287646963265,-14.01882364166));
#9230=CARTESIAN_POINT('',(-0.5265729482734,-0.6270971099252,-14.01048572323));
#9231=CARTESIAN_POINT('',(-0.5247191036598,-0.6234997182387,-13.99374942369));
#9232=CARTESIAN_POINT('',(-0.5238598283682,-0.6172146150919,-13.96862600568));
#9233=CARTESIAN_POINT('',(-0.5248777813352,-0.6099748877102,-13.9438002527));
#9234=CARTESIAN_POINT('',(-0.5276591434993,-0.6017469639859,-13.91959698358));
#9235=CARTESIAN_POINT('',(-0.5320972682132,-0.5924132454726,-13.89605011543));
#9236=CARTESIAN_POINT('',(-0.5380842639061,-0.5818831043174,-13.87330401623));
#9237=CARTESIAN_POINT('',(-0.5454470621757,-0.5701548208515,-13.85164268819));
#9238=CARTESIAN_POINT('',(-0.5539788789435,-0.5572590643857,-13.83127509692));
#9239=CARTESIAN_POINT('',(-0.5636483452747,-0.5429828952033,-13.81202259563));
#9240=CARTESIAN_POINT('',(-0.5743754576939,-0.5272081717444,-13.79394743684));
#9241=CARTESIAN_POINT('',(-0.5859644634655,-0.5099936606473,-13.77727740009));
#9242=CARTESIAN_POINT('',(-0.5981886581307,-0.49146944013,-13.7621991505));
#9243=CARTESIAN_POINT('',(-0.6109356152614,-0.4716345378023,-13.74870480399));
#9244=CARTESIAN_POINT('',(-0.6244012806692,-0.4500120235882,-13.73656586912));
#9245=CARTESIAN_POINT('',(-0.6384329464625,-0.4266704668274,-13.72597808326));
#9246=CARTESIAN_POINT('',(-0.6528815287927,-0.401725276787,-13.71706681652));
#9247=CARTESIAN_POINT('',(-0.6678839316947,-0.3748232189908,-13.70981050941));
#9248=CARTESIAN_POINT('',(-0.6835071039684,-0.3457253089862,-13.70433639891));
#9249=CARTESIAN_POINT('',(-0.6997069345451,-0.3144489475392,-13.70084971166));
#9250=CARTESIAN_POINT('',(-0.7109962936955,-0.2919498342916,-13.70000000082));
#9251=CARTESIAN_POINT('',(-0.7167542573831,-0.2803355853119,-13.7));
#9252=CARTESIAN_POINT('',(0.0,-0.725,-14.5));
#9253=CARTESIAN_POINT('',(0.0,-0.725,-14.5));
#9254=VECTOR('',#11321,0.8);
#9255=CARTESIAN_POINT('',(-0.8783713738124,-0.7250000235779,-14.5));
#9256=CARTESIAN_POINT('',(-0.8783713738124,-0.7250000235779,-14.5));
#9257=VECTOR('',#11322,0.2783713738124);
#9258=CARTESIAN_POINT('',(-0.5596705654975,-0.6712274194499,-14.23113709802));
#9259=CARTESIAN_POINT('',(-0.8783713738124,-0.7250000235779,-14.5));
#9260=CARTESIAN_POINT('',(-0.8703926550071,-0.7250000225476,-14.4999999975));
#9261=CARTESIAN_POINT('',(-0.8544458200711,-0.7247534736222,-14.49940071655));
#9262=CARTESIAN_POINT('',(-0.8306420870619,-0.7237650065505,-14.4967396837));
#9263=CARTESIAN_POINT('',(-0.8071780318291,-0.7222722667489,-14.49237032926));
#9264=CARTESIAN_POINT('',(-0.7842210142073,-0.7203797304355,-14.48635897497));
#9265=CARTESIAN_POINT('',(-0.7619501467533,-0.7181841577419,-14.47880363736));
#9266=CARTESIAN_POINT('',(-0.7401085748738,-0.7157185790832,-14.46961864463));
#9267=CARTESIAN_POINT('',(-0.718895202631,-0.7130436836228,-14.45883800322));
#9268=CARTESIAN_POINT('',(-0.6984781784424,-0.7102116015581,-14.44651768989));
#9269=CARTESIAN_POINT('',(-0.6790307582009,-0.7072664083965,-14.43274283264));
#9270=CARTESIAN_POINT('',(-0.6605963726176,-0.7042219247616,-14.41751942588));
#9271=CARTESIAN_POINT('',(-0.6432660065789,-0.7010849617761,-14.40087034025));
#9272=CARTESIAN_POINT('',(-0.6271846186058,-0.6978600313747,-14.38287435357));
#9273=CARTESIAN_POINT('',(-0.6125374835317,-0.6945528100204,-14.36370200879));
#9274=CARTESIAN_POINT('',(-0.5994139484357,-0.6911432104877,-14.34345844588));
#9275=CARTESIAN_POINT('',(-0.5878762789896,-0.6875928174844,-14.32220981382));
#9276=CARTESIAN_POINT('',(-0.5780434828056,-0.6838717828931,-14.30014604937));
#9277=CARTESIAN_POINT('',(-0.5700132068919,-0.6799553430502,-14.27754232777));
#9278=CARTESIAN_POINT('',(-0.563780482956,-0.6757784834109,-14.25448008264));
#9279=CARTESIAN_POINT('',(-0.5608395983627,-0.6727861263306,-14.2389306347));
#9280=CARTESIAN_POINT('',(-0.5596705654975,-0.6712274194499,-14.23113709802));
#9281=CARTESIAN_POINT('',(-0.5596705654975,-0.6712274194499,-14.23113709802));
#9282=VECTOR('',#11323,0.2188476958387);
#9283=CARTESIAN_POINT('',(-0.6000000118859,-0.8452940850824,-14.18117635335));
#9284=CARTESIAN_POINT('',(-0.5596705654975,-0.6712274194499,-14.23113709802));
#9285=CARTESIAN_POINT('',(-0.5631142302775,-0.6896909705558,-14.22600658278));
#9286=CARTESIAN_POINT('',(-0.570613950635,-0.7272176403068,-14.21542509326));
#9287=CARTESIAN_POINT('',(-0.583949699294,-0.7852852747429,-14.19868198487));
#9288=CARTESIAN_POINT('',(-0.5943715315011,-0.8251043935078,-14.18706624571));
#9289=CARTESIAN_POINT('',(-0.6000000118859,-0.8452940850824,-14.18117635335));
#9290=CARTESIAN_POINT('',(-0.6000000414635,-0.7922157067214,-13.96886290647));
#9291=CARTESIAN_POINT('',(-0.6000000118859,-0.8452940850824,-14.18117635335));
#9292=VECTOR('',#11324,0.2188476958443);
#9293=CARTESIAN_POINT('',(-0.6000000414635,-0.7922157067214,-13.96886290647));
#9294=CARTESIAN_POINT('',(-0.5866573219884,-0.76522460915,-13.97708634197));
#9295=CARTESIAN_POINT('',(-0.5612831246795,-0.7110308548133,-13.99376283106));
#9296=CARTESIAN_POINT('',(-0.5385519492031,-0.6562917522371,-14.01052294547));
#9297=CARTESIAN_POINT('',(-0.5278236289255,-0.6287646963265,-14.01882364166));
#9298=CARTESIAN_POINT('',(-0.8057182051293,-0.5172990796093,-13.7));
#9299=CARTESIAN_POINT('',(-0.8057182051293,-0.5172990796093,-13.7));
#9300=CARTESIAN_POINT('',(-0.795596447452,-0.4926667288987,-13.7));
#9301=CARTESIAN_POINT('',(-0.775487018161,-0.4422954338595,-13.7));
#9302=CARTESIAN_POINT('',(-0.7462535305532,-0.3646087230794,-13.7));
#9303=CARTESIAN_POINT('',(-0.7265538948059,-0.3089455012202,-13.7));
#9304=CARTESIAN_POINT('',(-0.7167542573831,-0.2803355853119,-13.7));
#9305=CARTESIAN_POINT('',(-0.8057182051293,-0.5172990796093,-13.7));
#9306=CARTESIAN_POINT('',(-0.7999013120968,-0.5252118527001,-13.70000000523));
#9307=CARTESIAN_POINT('',(-0.7884541428133,-0.5407329188102,-13.70070365674));
#9308=CARTESIAN_POINT('',(-0.771877342692,-0.5629430505188,-13.70367151287));
#9309=CARTESIAN_POINT('',(-0.7559009854765,-0.5840236570481,-13.70838093315));
#9310=CARTESIAN_POINT('',(-0.7405748468801,-0.6039031373819,-13.71465940275));
#9311=CARTESIAN_POINT('',(-0.7257505451281,-0.6227924943493,-13.72245493601));
#9312=CARTESIAN_POINT('',(-0.7114126639503,-0.6407416929605,-13.73172925452));
#9313=CARTESIAN_POINT('',(-0.6976186597887,-0.6577270250934,-13.74241206623));
#9314=CARTESIAN_POINT('',(-0.6843468587112,-0.6738361045483,-13.75452113781));
#9315=CARTESIAN_POINT('',(-0.6716983154104,-0.6890203918983,-13.76798954969));
#9316=CARTESIAN_POINT('',(-0.6596801255468,-0.7033597385703,-13.78286582295));
#9317=CARTESIAN_POINT('',(-0.6484185124228,-0.7168062957984,-13.79908399278));
#9318=CARTESIAN_POINT('',(-0.6379722014144,-0.729410702769,-13.81668716878));
#9319=CARTESIAN_POINT('',(-0.6285256592491,-0.7410892877207,-13.835525367));
#9320=CARTESIAN_POINT('',(-0.6201950879936,-0.7518515449625,-13.85552445849));
#9321=CARTESIAN_POINT('',(-0.6130839637603,-0.7617405775696,-13.87667672942));
#9322=CARTESIAN_POINT('',(-0.607361428488,-0.7707229158216,-13.8987904176));
#9323=CARTESIAN_POINT('',(-0.6031686200453,-0.7787799161127,-13.92159951064));
#9324=CARTESIAN_POINT('',(-0.6005875828615,-0.785975101115,-13.94500859341));
#9325=CARTESIAN_POINT('',(-0.6000000320055,-0.7902210349187,-13.96088420142));
#9326=CARTESIAN_POINT('',(-0.6000000414635,-0.7922157067214,-13.96886290647));
#9327=CARTESIAN_POINT('',(0.0,-0.925,-14.5));
#9328=CARTESIAN_POINT('',(0.0,-0.925,-13.7));
#9329=CARTESIAN_POINT('',(0.0,-0.925,-14.5));
#9330=VECTOR('',#11325,0.8);
#9331=CARTESIAN_POINT('',(-0.6,-0.725,-13.7));
#9332=AXIS2_PLACEMENT_3D('',#11326,#11327,#11328);
#9333=AXIS2_PLACEMENT_3D('',#11329,#11330,#11331);
#9334=CARTESIAN_POINT('',(-0.9333599317198,-0.9250000373306,-14.5));
#9335=CARTESIAN_POINT('',(-0.6000000118859,-0.8452940850824,-14.18117635335));
#9336=CARTESIAN_POINT('',(-0.6000000214848,-0.8473462403299,-14.18938498478));
#9337=CARTESIAN_POINT('',(-0.6006569758247,-0.8512886792463,-14.20586890196));
#9338=CARTESIAN_POINT('',(-0.603658440778,-0.8567947142515,-14.23063326669));
#9339=CARTESIAN_POINT('',(-0.6086845587618,-0.8619484917204,-14.25516464745));
#9340=CARTESIAN_POINT('',(-0.6156800490794,-0.8668033509253,-14.27917430554));
#9341=CARTESIAN_POINT('',(-0.6246347554455,-0.8714559250707,-14.30262524073));
#9342=CARTESIAN_POINT('',(-0.6355543005949,-0.8759837120648,-14.32543898614));
#9343=CARTESIAN_POINT('',(-0.648344447496,-0.8804191659627,-14.34735639604));
#9344=CARTESIAN_POINT('',(-0.6628772201838,-0.8847924709364,-14.36818560593));
#9345=CARTESIAN_POINT('',(-0.6792808130885,-0.8891907488179,-14.38806612799));
#9346=CARTESIAN_POINT('',(-0.6975023693963,-0.8936236373957,-14.40682002308));
#9347=CARTESIAN_POINT('',(-0.7173721847159,-0.8980635395622,-14.42420723184));
#9348=CARTESIAN_POINT('',(-0.738633045131,-0.9024542980274,-14.4400027686));
#9349=CARTESIAN_POINT('',(-0.7612223763198,-0.9067624849314,-14.45416800919));
#9350=CARTESIAN_POINT('',(-0.7848844393939,-0.9108947334161,-14.4665483717));
#9351=CARTESIAN_POINT('',(-0.8093757943586,-0.9147442042198,-14.47705065716));
#9352=CARTESIAN_POINT('',(-0.8343496781931,-0.918176108205,-14.48558666316));
#9353=CARTESIAN_POINT('',(-0.8595790261676,-0.9210661081379,-14.49215626987));
#9354=CARTESIAN_POINT('',(-0.8847621580443,-0.9232768664657,-14.49676179691));
#9355=CARTESIAN_POINT('',(-0.9095561570442,-0.9246762136923,-14.49943868891));
#9356=CARTESIAN_POINT('',(-0.9255206571877,-0.9250000372995,-14.49999999995));
#9357=CARTESIAN_POINT('',(-0.9333599317198,-0.9250000373306,-14.5));
#9358=CARTESIAN_POINT('',(-0.9333599317198,-0.9250000373306,-14.5));
#9359=VECTOR('',#11332,0.3333599317198);
#9360=CARTESIAN_POINT('',(0.9333599317874,-0.9250000374365,-14.5));
#9361=CARTESIAN_POINT('',(0.0,-0.925,-14.5));
#9362=VECTOR('',#11333,0.6);
#9363=CARTESIAN_POINT('',(-1.525,-0.925,-14.5));
#9364=CARTESIAN_POINT('',(-1.525,-0.925,-14.5));
#9365=VECTOR('',#11334,0.5916400682802);
#9366=CARTESIAN_POINT('',(-1.525,-0.925,-17.7));
#9367=CARTESIAN_POINT('',(-1.525,-0.925,-14.5));
#9368=VECTOR('',#11335,3.2);
#9369=CARTESIAN_POINT('',(1.525,-0.925,-17.7));
#9370=CARTESIAN_POINT('',(-1.525,-0.925,-17.7));
#9371=VECTOR('',#11336,3.05);
#9372=CARTESIAN_POINT('',(1.525,-0.925,-14.5));
#9373=CARTESIAN_POINT('',(1.525,-0.925,-14.5));
#9374=VECTOR('',#11337,3.2);
#9375=CARTESIAN_POINT('',(0.9333599317874,-0.9250000374365,-14.5));
#9376=VECTOR('',#11338,0.5916400682126);
#9377=CARTESIAN_POINT('',(0.6000000404888,-0.7922157071623,-13.96886290636));
#9378=CARTESIAN_POINT('',(0.8057182052286,-0.5172990793824,-13.7));
#9379=CARTESIAN_POINT('',(0.6000000404888,-0.7922157071623,-13.96886290636));
#9380=CARTESIAN_POINT('',(0.6000000310848,-0.790220690728,-13.96088282288));
#9381=CARTESIAN_POINT('',(0.600587837201,-0.7859742150193,-13.94500556078));
#9382=CARTESIAN_POINT('',(0.6031686004844,-0.7787800725104,-13.9216001143));
#9383=CARTESIAN_POINT('',(0.6073611330907,-0.7707234206713,-13.89879175378));
#9384=CARTESIAN_POINT('',(0.613083286344,-0.7617416176202,-13.87667924411));
#9385=CARTESIAN_POINT('',(0.6201930116629,-0.7518543457847,-13.85553017151));
#9386=CARTESIAN_POINT('',(0.6285227121072,-0.7410929979585,-13.83553178812));
#9387=CARTESIAN_POINT('',(0.6379690260852,-0.7294145752152,-13.8166930122));
#9388=CARTESIAN_POINT('',(0.6484141718433,-0.7168115008178,-13.79909083414));
#9389=CARTESIAN_POINT('',(0.6596748897478,-0.7033659795928,-13.78287277883));
#9390=CARTESIAN_POINT('',(0.6716938529691,-0.6890257287039,-13.76799462738));
#9391=CARTESIAN_POINT('',(0.6843422192958,-0.6738416998181,-13.7545257258));
#9392=CARTESIAN_POINT('',(0.6976135994994,-0.6577332048,-13.74241633999));
#9393=CARTESIAN_POINT('',(0.7114071121294,-0.6407485844543,-13.73173318192));
#9394=CARTESIAN_POINT('',(0.7257450215303,-0.6227994620032,-13.72245820119));
#9395=CARTESIAN_POINT('',(0.7405679123652,-0.6039120520834,-13.71466264097));
#9396=CARTESIAN_POINT('',(0.7558958528098,-0.5840303953743,-13.70838262598));
#9397=CARTESIAN_POINT('',(0.7718749965047,-0.562946189583,-13.70367196861));
#9398=CARTESIAN_POINT('',(0.7884538167821,-0.5407333654785,-13.70070364436));
#9399=CARTESIAN_POINT('',(0.7999013401785,-0.5252118144184,-13.70000000523));
#9400=CARTESIAN_POINT('',(0.8057182052286,-0.5172990793824,-13.7));
#9401=AXIS2_PLACEMENT_3D('',#11339,#11340,#11341);
#9402=CARTESIAN_POINT('',(0.6000000018306,-0.8452940876748,-14.18117635271));
#9403=CARTESIAN_POINT('',(0.9333599317874,-0.9250000374365,-14.5));
#9404=CARTESIAN_POINT('',(0.9254896790274,-0.9250000374042,-14.49999999994));
#9405=CARTESIAN_POINT('',(0.9094780089905,-0.9246738674002,-14.49943461131));
#9406=CARTESIAN_POINT('',(0.8846392500216,-0.9232679392211,-14.49674407388));
#9407=CARTESIAN_POINT('',(0.85949501487,-0.9210568822133,-14.49213585028));
#9408=CARTESIAN_POINT('',(0.8343668324706,-0.9181772293438,-14.48558809971));
#9409=CARTESIAN_POINT('',(0.8095602164224,-0.9147702468658,-14.47711622145));
#9410=CARTESIAN_POINT('',(0.7852353138701,-0.9109521456397,-14.46670991877));
#9411=CARTESIAN_POINT('',(0.7616835509054,-0.9068462394302,-14.45442876902));
#9412=CARTESIAN_POINT('',(0.7391440532564,-0.9025553952173,-14.44034888532));
#9413=CARTESIAN_POINT('',(0.7178998247116,-0.8981765506878,-14.42463044845));
#9414=CARTESIAN_POINT('',(0.6980070684551,-0.8937409919842,-14.40729772643));
#9415=CARTESIAN_POINT('',(0.6797300335825,-0.8893053172352,-14.38856839465));
#9416=CARTESIAN_POINT('',(0.6632359327208,-0.8848944611847,-14.36866083406));
#9417=CARTESIAN_POINT('',(0.6486191075358,-0.8805079327515,-14.34778872187));
#9418=CARTESIAN_POINT('',(0.6357629878473,-0.8760629485795,-14.3258358581));
#9419=CARTESIAN_POINT('',(0.6247807096801,-0.8715241061254,-14.30296995362));
#9420=CARTESIAN_POINT('',(0.6157729741078,-0.8668598529696,-14.27945688301));
#9421=CARTESIAN_POINT('',(0.6087365257539,-0.8619934623981,-14.25538263139));
#9422=CARTESIAN_POINT('',(0.6036803249387,-0.8568267543025,-14.23078055452));
#9423=CARTESIAN_POINT('',(0.6006608507661,-0.8513060730236,-14.20594269021));
#9424=CARTESIAN_POINT('',(0.6000000062705,-0.8473523652427,-14.1894094678));
#9425=CARTESIAN_POINT('',(0.6000000018306,-0.8452940876748,-14.18117635271));
#9426=CARTESIAN_POINT('',(0.6000000018306,-0.8452940876748,-14.18117635271));
#9427=VECTOR('',#11342,0.2188476958403);
#9428=CARTESIAN_POINT('',(0.5596705659932,-0.6712274193423,-14.23113709796));
#9429=CARTESIAN_POINT('',(0.6000000018306,-0.8452940876748,-14.18117635271));
#9430=CARTESIAN_POINT('',(0.594723818095,-0.8263680978097,-14.18669797327));
#9431=CARTESIAN_POINT('',(0.5846975700071,-0.7882587828114,-14.19781518421));
#9432=CARTESIAN_POINT('',(0.5712880595967,-0.7304042407285,-14.21451676767));
#9433=CARTESIAN_POINT('',(0.5633714357891,-0.6910700363186,-14.22562326684));
#9434=CARTESIAN_POINT('',(0.5596705659932,-0.6712274193423,-14.23113709796));
#9435=CARTESIAN_POINT('',(0.5278236286981,-0.6287646964187,-14.01882364168));
#9436=CARTESIAN_POINT('',(0.5596705659932,-0.6712274193423,-14.23113709796));
#9437=VECTOR('',#11343,0.2188476958384);
#9438=CARTESIAN_POINT('',(0.5278236286981,-0.6287646964187,-14.01882364168));
#9439=CARTESIAN_POINT('',(0.5349821072831,-0.6471321312847,-14.01328500673));
#9440=CARTESIAN_POINT('',(0.5498610696081,-0.683714480985,-14.00213900157));
#9441=CARTESIAN_POINT('',(0.573869939315,-0.7380814254075,-13.98543149899));
#9442=CARTESIAN_POINT('',(0.5910923671994,-0.7741963023696,-13.9743529247));
#9443=CARTESIAN_POINT('',(0.6000000404888,-0.7922157071623,-13.96886290637));
#9444=CARTESIAN_POINT('',(0.7167542551812,-0.2803355895172,-13.7));
#9445=CARTESIAN_POINT('',(0.7265167368018,-0.3088370578938,-13.7));
#9446=CARTESIAN_POINT('',(0.7461624454884,-0.3643595257889,-13.7));
#9447=CARTESIAN_POINT('',(0.7754585276491,-0.4422251763749,-13.7));
#9448=CARTESIAN_POINT('',(0.7955844496452,-0.4926375494079,-13.7));
#9449=CARTESIAN_POINT('',(0.8057182052286,-0.5172990793824,-13.7));
#9450=CARTESIAN_POINT('',(0.7167542551812,-0.2803355895172,-13.7));
#9451=CARTESIAN_POINT('',(0.7109974854923,-0.2919474294764,-13.70000000062));
#9452=CARTESIAN_POINT('',(0.6997108302402,-0.3144412283208,-13.70084930269));
#9453=CARTESIAN_POINT('',(0.6835152067048,-0.345709763348,-13.70433444457));
#9454=CARTESIAN_POINT('',(0.6678988906014,-0.3747958591438,-13.70980430995));
#9455=CARTESIAN_POINT('',(0.6528939954993,-0.4017032497375,-13.71706015743));
#9456=CARTESIAN_POINT('',(0.6384572597118,-0.4266290111858,-13.72596199072));
#9457=CARTESIAN_POINT('',(0.6244297786911,-0.4499654989647,-13.73654227222));
#9458=CARTESIAN_POINT('',(0.6109568361892,-0.4716012027956,-13.74868342939));
#9459=CARTESIAN_POINT('',(0.5981993176893,-0.4914531162556,-13.76218691268));
#9460=CARTESIAN_POINT('',(0.5859783591551,-0.5099728464684,-13.77725878909));
#9461=CARTESIAN_POINT('',(0.5743789557771,-0.5272031033343,-13.79394118423));
#9462=CARTESIAN_POINT('',(0.5636414861834,-0.5429929188662,-13.81203352724));
#9463=CARTESIAN_POINT('',(0.5539581851931,-0.5572898091186,-13.83131934616));
#9464=CARTESIAN_POINT('',(0.5454339556289,-0.5701751921916,-13.8516784372));
#9465=CARTESIAN_POINT('',(0.5380762748545,-0.5818964937704,-13.87333113602));
#9466=CARTESIAN_POINT('',(0.5320929561721,-0.5924215907038,-13.89606999533));
#9467=CARTESIAN_POINT('',(0.5276570137423,-0.601752273631,-13.91961166526));
#9468=CARTESIAN_POINT('',(0.5248769898305,-0.6099783579016,-13.94381146385));
#9469=CARTESIAN_POINT('',(0.5238598917222,-0.6172165812258,-13.96863348007));
#9470=CARTESIAN_POINT('',(0.5247194715968,-0.6235005637873,-13.99375325575));
#9471=CARTESIAN_POINT('',(0.5265731385787,-0.627097365211,-14.01048699793));
#9472=CARTESIAN_POINT('',(0.5278236286981,-0.6287646964187,-14.01882364168));
#9473=CARTESIAN_POINT('',(0.8783713777234,-0.7250000235092,-14.5));
#9474=CARTESIAN_POINT('',(0.5596705659932,-0.6712274193423,-14.23113709796));
#9475=CARTESIAN_POINT('',(0.560841561762,-0.6727887420811,-14.23894371479));
#9476=CARTESIAN_POINT('',(0.5637883465656,-0.6757858443282,-14.25451885862));
#9477=CARTESIAN_POINT('',(0.5700357376232,-0.6799687611928,-14.27761777416));
#9478=CARTESIAN_POINT('',(0.5780859384829,-0.6838903464707,-14.30025470265));
#9479=CARTESIAN_POINT('',(0.5879421225869,-0.6876154310755,-14.32234487221));
#9480=CARTESIAN_POINT('',(0.5995040626588,-0.6911687580151,-14.34361123924));
#9481=CARTESIAN_POINT('',(0.6126547425739,-0.694581241024,-14.36386938056));
#9482=CARTESIAN_POINT('',(0.6273292135761,-0.697890799669,-14.38304993406));
#9483=CARTESIAN_POINT('',(0.6434338882102,-0.7011168489477,-14.40104410383));
#9484=CARTESIAN_POINT('',(0.6607709655835,-0.7042520774248,-14.41767498931));
#9485=CARTESIAN_POINT('',(0.67923160945,-0.7072981969484,-14.43289682639));
#9486=CARTESIAN_POINT('',(0.6986891090864,-0.7102421426571,-14.44665532827));
#9487=CARTESIAN_POINT('',(0.7191068120326,-0.7130716679226,-14.45895498616));
#9488=CARTESIAN_POINT('',(0.7403108446863,-0.7157426310668,-14.46971137762));
#9489=CARTESIAN_POINT('',(0.7621191833851,-0.7182019541414,-14.47886701351));
#9490=CARTESIAN_POINT('',(0.7843836832816,-0.7203944379866,-14.48640743733));
#9491=CARTESIAN_POINT('',(0.8073165500943,-0.7222822328363,-14.49240041647));
#9492=CARTESIAN_POINT('',(0.8307423120959,-0.7237699730188,-14.49675338751));
#9493=CARTESIAN_POINT('',(0.8544922565508,-0.7247543764112,-14.49940288571));
#9494=CARTESIAN_POINT('',(0.8704080544014,-0.7250000224001,-14.49999999731));
#9495=CARTESIAN_POINT('',(0.8783713777234,-0.7250000235092,-14.5));
#9496=CARTESIAN_POINT('',(0.6,-0.725,-14.5));
#9497=CARTESIAN_POINT('',(0.6,-0.725,-14.5));
#9498=VECTOR('',#11344,0.2783713777234);
#9499=CARTESIAN_POINT('',(0.0,-0.725,-14.5));
#9500=VECTOR('',#11345,0.6);
#9501=CARTESIAN_POINT('',(1.525,-0.725,-14.5));
#9502=CARTESIAN_POINT('',(0.8783713777234,-0.7250000235092,-14.5));
#9503=VECTOR('',#11346,0.6466286222766);
#9504=CARTESIAN_POINT('',(1.525,-0.725,-17.7));
#9505=CARTESIAN_POINT('',(1.525,-0.725,-17.7));
#9506=VECTOR('',#11347,3.2);
#9507=CARTESIAN_POINT('',(-1.525,-0.725,-17.7));
#9508=CARTESIAN_POINT('',(-1.525,-0.725,-17.7));
#9509=VECTOR('',#11348,3.05);
#9510=CARTESIAN_POINT('',(-1.525,-0.725,-14.5));
#9511=CARTESIAN_POINT('',(-1.525,-0.725,-17.7));
#9512=VECTOR('',#11349,3.2);
#9513=CARTESIAN_POINT('',(-1.525,-0.725,-14.5));
#9514=VECTOR('',#11350,0.6466286261876);
#9515=CARTESIAN_POINT('',(1.525,-0.725,-14.5));
#9516=VECTOR('',#11351,0.2);
#9517=CARTESIAN_POINT('',(0.9333599317874,-0.9250000374365,-14.5));
#9518=CARTESIAN_POINT('',(0.9264152719779,-0.9020155167839,-14.5));
#9519=CARTESIAN_POINT('',(0.9131083604808,-0.8565571537911,-14.5));
#9520=CARTESIAN_POINT('',(0.8949996016169,-0.7905985374186,-14.5));
#9521=CARTESIAN_POINT('',(0.8837570206743,-0.7467666804833,-14.5));
#9522=CARTESIAN_POINT('',(0.8783713777234,-0.7250000235092,-14.5));
#9523=CARTESIAN_POINT('',(-1.525,-0.725,-14.5));
#9524=VECTOR('',#11352,0.2);
#9525=CARTESIAN_POINT('',(-0.8783713738124,-0.7250000235779,-14.5));
#9526=CARTESIAN_POINT('',(-0.8835695306816,-0.7460090865385,-14.5));
#9527=CARTESIAN_POINT('',(-0.8945361147265,-0.7888452521604,-14.5));
#9528=CARTESIAN_POINT('',(-0.9127885072809,-0.855450373225,-14.5));
#9529=CARTESIAN_POINT('',(-0.9262734252738,-0.9015460465582,-14.5));
#9530=CARTESIAN_POINT('',(-0.9333599317198,-0.9250000373306,-14.5));
#9531=CARTESIAN_POINT('',(1.525,-0.925,-17.7));
#9532=VECTOR('',#11353,0.2);
#9533=CARTESIAN_POINT('',(-1.525,-0.925,-17.7));
#9534=VECTOR('',#11354,0.2);
#9535=CARTESIAN_POINT('',(-0.9813855071381,-0.1170481355786,-13.7));
#9536=AXIS2_PLACEMENT_3D('',#11355,#11356,#11357);
#9537=CARTESIAN_POINT('',(-1.383263712832,1.936590372884,-13.7));
#9538=CARTESIAN_POINT('',(-1.383263712832,1.936590372884,-13.7));
#9539=VECTOR('',#11358,2.092591029239);
#9540=CARTESIAN_POINT('',(-1.186986611404,1.975,-13.7));
#9541=CARTESIAN_POINT('',(-1.186986611404,1.975,-13.7));
#9542=VECTOR('',#11359,0.2);
#9543=CARTESIAN_POINT('',(-0.7851084057105,-0.07863850846289,-13.7));
#9544=VECTOR('',#11360,2.092591029239);
#9545=CARTESIAN_POINT('',(0.9539392014169,-0.225,-13.7));
#9546=CARTESIAN_POINT('',(0.9539392014169,-0.225,-13.7));
#9547=VECTOR('',#11361,0.2123193527074);
#9548=AXIS2_PLACEMENT_3D('',#11362,#11363,#11364);
#9549=CARTESIAN_POINT('',(-1.186986611404,1.975,-13.1));
#9550=CARTESIAN_POINT('',(-1.186986611404,1.975,-13.7));
#9551=VECTOR('',#11365,0.6);
#9552=CARTESIAN_POINT('',(-1.186986611404,1.975,-13.1));
#9553=VECTOR('',#11366,2.222079787967);
#9554=CARTESIAN_POINT('',(-1.383263712832,1.936590372884,-13.08602003902));
#9555=CARTESIAN_POINT('',(-1.186986611404,1.975,-13.1));
#9556=VECTOR('',#11367,0.2004880029054);
#9557=CARTESIAN_POINT('',(-0.9860124418311,-0.09340402866513,-12.34716250113));
#9558=CARTESIAN_POINT('',(-1.383263712832,1.936590372884,-13.08602003902));
#9559=VECTOR('',#11368,2.196496370116);
#9560=CARTESIAN_POINT('',(-0.7820742184277,-0.09340402866514,-12.34716250113));
#9561=VECTOR('',#11369,0.2039382234034);
#9562=CARTESIAN_POINT('',(-0.9813855071381,-0.1170481355789,-12.33678281437));
#9563=CARTESIAN_POINT('',(-0.9813855071381,-0.1170481355786,-12.33678281437));
#9564=CARTESIAN_POINT('',(-0.9828853385355,-0.1093838445813,-12.34075605336));
#9565=CARTESIAN_POINT('',(-0.9844277247868,-0.1015020939523,-12.34421504641));
#9566=CARTESIAN_POINT('',(-0.9860124418311,-0.09340402866513,-12.34716250113));
#9567=CARTESIAN_POINT('',(-0.9539392014169,-0.225,-12.15922397697));
#9568=CARTESIAN_POINT('',(-0.9539392014169,-0.225,-12.15922397697));
#9569=CARTESIAN_POINT('',(-0.9539392014169,-0.225,-12.16467757697));
#9570=CARTESIAN_POINT('',(-0.9540789506829,-0.2245561744354,-12.17558153125));
#9571=CARTESIAN_POINT('',(-0.9547147391831,-0.2225270789756,-12.19201094388));
#9572=CARTESIAN_POINT('',(-0.9557684558841,-0.2191301735996,-12.20826420787));
#9573=CARTESIAN_POINT('',(-0.9572096817788,-0.2144133505529,-12.22414376606));
#9574=CARTESIAN_POINT('',(-0.9590262676204,-0.2083460403626,-12.2397098755));
#9575=CARTESIAN_POINT('',(-0.961185041495,-0.2009467664765,-12.25481371121));
#9576=CARTESIAN_POINT('',(-0.9636351798466,-0.1922787618009,-12.26928019097));
#9577=CARTESIAN_POINT('',(-0.9663182189681,-0.1824260692962,-12.28296836399));
#9578=CARTESIAN_POINT('',(-0.9692098283499,-0.1713344923216,-12.29591255858));
#9579=CARTESIAN_POINT('',(-0.9722349308279,-0.1591281372403,-12.30790785122));
#9580=CARTESIAN_POINT('',(-0.9753111193804,-0.1459822216285,-12.31878728105));
#9581=CARTESIAN_POINT('',(-0.9783903507324,-0.1319412112415,-12.32851779957));
#9582=CARTESIAN_POINT('',(-0.980396961795,-0.1220997028326,-12.33416403541));
#9583=CARTESIAN_POINT('',(-0.9813855071381,-0.1170481355789,-12.33678281437));
#9584=CARTESIAN_POINT('',(-0.7416198487096,-0.225,-12.15922397697));
#9585=VECTOR('',#11370,0.2123193527074);
#9586=CARTESIAN_POINT('',(-0.9539392014169,-0.225,-12.15922397697));
#9587=VECTOR('',#11371,0.2592170205216);
#9588=CARTESIAN_POINT('',(0.9539392014169,-0.225,-13.7));
#9589=VECTOR('',#11372,0.2592239769724);
#9590=CARTESIAN_POINT('',(0.9813855071379,-0.1170481355798,-13.26321718563));
#9591=VECTOR('',#11373,1.363217185635);
#9592=CARTESIAN_POINT('',(-0.9813855071381,-0.1170481355786,-13.7));
#9593=VECTOR('',#11374,1.363217185634);
#9594=CARTESIAN_POINT('',(-1.383263712832,1.936590372884,-13.7));
#9595=VECTOR('',#11375,0.6139799609794);
#9596=CARTESIAN_POINT('',(0.496465234029,0.8254859780624,-0.2720386001156));
#9597=CARTESIAN_POINT('',(0.3838010252066,0.54,-0.1));
#9598=CARTESIAN_POINT('',(0.496465234029,0.8254859780624,-0.2720386001156));
#9599=VECTOR('',#11376,0.3518419354619);
#9600=CARTESIAN_POINT('',(0.3838010252066,0.4,-0.1790891004978));
#9601=CARTESIAN_POINT('',(0.3838010252066,0.4,-0.1790891004978));
#9602=VECTOR('',#11377,0.1607951672705);
#9603=CARTESIAN_POINT('',(0.496465234029,0.7532259980057,-0.3919489636469));
#9604=CARTESIAN_POINT('',(0.496465234029,0.7532259980057,-0.3919489636469));
#9605=CARTESIAN_POINT('',(0.4743202418418,0.6971115955719,-0.3581334911443));
#9606=CARTESIAN_POINT('',(0.4367655055677,0.5810715711333,-0.2882058418171));
#9607=CARTESIAN_POINT('',(0.4025783933437,0.4605479818648,-0.2155763217286));
#9608=CARTESIAN_POINT('',(0.3838010252066,0.4,-0.1790891004978));
#9609=CARTESIAN_POINT('',(0.496465234029,0.7532259980057,-0.3919489636469));
#9610=VECTOR('',#11378,0.14);
#9611=CARTESIAN_POINT('',(0.55,0.9,-0.40394));
#9612=CARTESIAN_POINT('',(0.55,0.9,-0.40394));
#9613=CARTESIAN_POINT('',(0.5486273136931,0.9,-0.3998789210873));
#9614=CARTESIAN_POINT('',(0.5458819410792,0.899678552621,-0.3917567663256));
#9615=CARTESIAN_POINT('',(0.5417638821583,0.8982350556047,-0.3796497431294));
#9616=CARTESIAN_POINT('',(0.5376458232375,0.8958392623399,-0.3676946666761));
#9617=CARTESIAN_POINT('',(0.5335277643166,0.8925061595518,-0.3559663203141));
#9618=CARTESIAN_POINT('',(0.5294097053958,0.8882565972429,-0.3445380701567));
#9619=CARTESIAN_POINT('',(0.5252916464749,0.8831171582668,-0.3334814048013));
#9620=CARTESIAN_POINT('',(0.5211735875541,0.8771199920426,-0.3228654884982));
#9621=CARTESIAN_POINT('',(0.5170555286333,0.8703026134405,-0.3127567283978));
#9622=CARTESIAN_POINT('',(0.5129374697124,0.862707668132,-0.3032183591852));
#9623=CARTESIAN_POINT('',(0.5088194107916,0.8543826657399,-0.2943100474622));
#9624=CARTESIAN_POINT('',(0.5047013518707,0.845379682954,-0.2860875186949));
#9625=CARTESIAN_POINT('',(0.5005832929499,0.8357550366174,-0.2786022079328));
#9626=CARTESIAN_POINT('',(0.497837920336,0.8289643026964,-0.2741346964102));
#9627=CARTESIAN_POINT('',(0.496465234029,0.8254859780624,-0.2720386001156));
#9628=CARTESIAN_POINT('',(0.55,0.76,-0.40394));
#9629=CARTESIAN_POINT('',(0.55,0.76,-0.40394));
#9630=CARTESIAN_POINT('',(0.5480936438333,0.76,-0.4036855577338));
#9631=CARTESIAN_POINT('',(0.544485323701,0.7599860271974,-0.4031886585144));
#9632=CARTESIAN_POINT('',(0.5397168548379,0.7599305636754,-0.4024940829908));
#9633=CARTESIAN_POINT('',(0.5354954050297,0.7598473565902,-0.4018462624122));
#9634=CARTESIAN_POINT('',(0.5317649526675,0.7597423526192,-0.4012449881414));
#9635=CARTESIAN_POINT('',(0.5284740664916,0.7596211672944,-0.4006896733184));
#9636=CARTESIAN_POINT('',(0.525549267166,0.7594872913622,-0.4001742779687));
#9637=CARTESIAN_POINT('',(0.5230347665329,0.7593488667476,-0.3997125148664));
#9638=CARTESIAN_POINT('',(0.5205571215104,0.7591935408995,-0.3992427183508));
#9639=CARTESIAN_POINT('',(0.517181144075,0.7589340203954,-0.3985667767861));
#9640=CARTESIAN_POINT('',(0.5146044371473,0.7586899872553,-0.398017930977));
#9641=CARTESIAN_POINT('',(0.5122937424734,0.758435926618,-0.397501655225));
#9642=CARTESIAN_POINT('',(0.5103228630076,0.7581836821001,-0.3970376407118));
#9643=CARTESIAN_POINT('',(0.5086135465578,0.7579342798976,-0.3966154664146));
#9644=CARTESIAN_POINT('',(0.5071290517588,0.7576887132127,-0.3962306157513));
#9645=CARTESIAN_POINT('',(0.5058544347793,0.7574536175571,-0.395885249188));
#9646=CARTESIAN_POINT('',(0.5046776820752,0.7572083989664,-0.3955494632218));
#9647=CARTESIAN_POINT('',(0.5038811495302,0.7570316195783,-0.3953157322997));
#9648=CARTESIAN_POINT('',(0.5022913413095,0.7566288496612,-0.3948200434365));
#9649=CARTESIAN_POINT('',(0.5009936835446,0.7562271289094,-0.3943736434574));
#9650=CARTESIAN_POINT('',(0.4999140259353,0.7558312127028,-0.3939677534762));
#9651=CARTESIAN_POINT('',(0.4990412914685,0.7554497282197,-0.3936057243071));
#9652=CARTESIAN_POINT('',(0.4983200402097,0.7550664669215,-0.3932695429183));
#9653=CARTESIAN_POINT('',(0.4978223375194,0.7547582222412,-0.3930139181291));
#9654=CARTESIAN_POINT('',(0.4971674062756,0.7542522416982,-0.3926237636391));
#9655=CARTESIAN_POINT('',(0.4966995279365,0.7537109550415,-0.3922494152326));
#9656=CARTESIAN_POINT('',(0.4965271338279,0.7533828492791,-0.3920434848338));
#9657=CARTESIAN_POINT('',(0.496465234029,0.7532259980057,-0.3919489636469));
#9658=CARTESIAN_POINT('',(0.55,0.76,-0.40394));
#9659=VECTOR('',#11379,0.14);
#9660=CARTESIAN_POINT('',(-0.9,-0.56,-0.40394));
#9661=CARTESIAN_POINT('',(-0.9,-0.55,-0.40394));
#9662=CARTESIAN_POINT('',(-0.9,-0.56,-0.40394));
#9663=VECTOR('',#11380,0.01000000000001);
#9664=CARTESIAN_POINT('',(-0.56,-0.9,-0.40394));
#9665=AXIS2_PLACEMENT_3D('',#11381,#11382,#11383);
#9666=CARTESIAN_POINT('',(-0.55,-0.9,-0.40394));
#9667=CARTESIAN_POINT('',(-0.55,-0.9,-0.40394));
#9668=VECTOR('',#11384,0.00999999999999);
#9669=CARTESIAN_POINT('',(-0.55,-0.76,-0.40394));
#9670=CARTESIAN_POINT('',(-0.55,-0.76,-0.40394));
#9671=VECTOR('',#11385,0.14);
#9672=CARTESIAN_POINT('',(-0.56,-0.76,-0.40394));
#9673=CARTESIAN_POINT('',(-0.56,-0.76,-0.40394));
#9674=VECTOR('',#11386,0.00999999999999);
#9675=CARTESIAN_POINT('',(-0.76,-0.56,-0.40394));
#9676=AXIS2_PLACEMENT_3D('',#11387,#11388,#11389);
#9677=CARTESIAN_POINT('',(-0.76,-0.55,-0.40394));
#9678=CARTESIAN_POINT('',(-0.76,-0.55,-0.40394));
#9679=VECTOR('',#11390,0.01000000000001);
#9680=CARTESIAN_POINT('',(-0.9,-0.55,-0.40394));
#9681=VECTOR('',#11391,0.14);
#9682=CARTESIAN_POINT('',(-0.56,0.9,-0.40394));
#9683=CARTESIAN_POINT('',(-0.55,0.9,-0.40394));
#9684=CARTESIAN_POINT('',(-0.56,0.9,-0.40394));
#9685=VECTOR('',#11392,0.01000000000001);
#9686=CARTESIAN_POINT('',(-0.9,0.56,-0.40394));
#9687=AXIS2_PLACEMENT_3D('',#11393,#11394,#11395);
#9688=CARTESIAN_POINT('',(-0.9,0.55,-0.40394));
#9689=CARTESIAN_POINT('',(-0.9,0.55,-0.40394));
#9690=VECTOR('',#11396,0.00999999999999);
#9691=CARTESIAN_POINT('',(-0.76,0.55,-0.40394));
#9692=CARTESIAN_POINT('',(-0.76,0.55,-0.40394));
#9693=VECTOR('',#11397,0.14);
#9694=CARTESIAN_POINT('',(-0.76,0.56,-0.40394));
#9695=CARTESIAN_POINT('',(-0.76,0.56,-0.40394));
#9696=VECTOR('',#11398,0.00999999999999);
#9697=CARTESIAN_POINT('',(-0.56,0.76,-0.40394));
#9698=AXIS2_PLACEMENT_3D('',#11399,#11400,#11401);
#9699=CARTESIAN_POINT('',(-0.55,0.76,-0.40394));
#9700=CARTESIAN_POINT('',(-0.55,0.76,-0.40394));
#9701=VECTOR('',#11402,0.01000000000001);
#9702=CARTESIAN_POINT('',(-0.55,0.9,-0.40394));
#9703=VECTOR('',#11403,0.14);
#9704=CARTESIAN_POINT('',(0.76,-0.56,-0.40394));
#9705=CARTESIAN_POINT('',(0.76,-0.55,-0.40394));
#9706=CARTESIAN_POINT('',(0.76,-0.56,-0.40394));
#9707=VECTOR('',#11404,0.009999999999991);
#9708=CARTESIAN_POINT('',(0.56,-0.76,-0.40394));
#9709=AXIS2_PLACEMENT_3D('',#11405,#11406,#11407);
#9710=CARTESIAN_POINT('',(0.55,-0.76,-0.40394));
#9711=CARTESIAN_POINT('',(0.55,-0.76,-0.40394));
#9712=VECTOR('',#11408,0.01000000000001);
#9713=CARTESIAN_POINT('',(0.55,-0.9,-0.40394));
#9714=CARTESIAN_POINT('',(0.55,-0.9,-0.40394));
#9715=VECTOR('',#11409,0.14);
#9716=CARTESIAN_POINT('',(0.56,-0.9,-0.40394));
#9717=CARTESIAN_POINT('',(0.56,-0.9,-0.40394));
#9718=VECTOR('',#11410,0.01000000000001);
#9719=CARTESIAN_POINT('',(0.9,-0.56,-0.40394));
#9720=AXIS2_PLACEMENT_3D('',#11411,#11412,#11413);
#9721=CARTESIAN_POINT('',(0.9,-0.55,-0.40394));
#9722=CARTESIAN_POINT('',(0.9,-0.55,-0.40394));
#9723=VECTOR('',#11414,0.00999999999999);
#9724=CARTESIAN_POINT('',(0.76,-0.55,-0.40394));
#9725=VECTOR('',#11415,0.14);
#9726=CARTESIAN_POINT('',(0.9,1.4,-0.40394));
#9727=CARTESIAN_POINT('',(0.9,0.55,-0.40394));
#9728=CARTESIAN_POINT('',(0.9,1.4,-0.40394));
#9729=VECTOR('',#11416,0.85);
#9730=CARTESIAN_POINT('',(0.76,1.4,-0.40394));
#9731=CARTESIAN_POINT('',(0.76,1.4,-0.40394));
#9732=VECTOR('',#11417,0.14);
#9733=CARTESIAN_POINT('',(0.76,0.9,-0.40394));
#9734=CARTESIAN_POINT('',(0.76,0.9,-0.40394));
#9735=VECTOR('',#11418,0.5);
#9736=CARTESIAN_POINT('',(0.55,0.9,-0.40394));
#9737=VECTOR('',#11419,0.21);
#9738=CARTESIAN_POINT('',(0.76,0.76,-0.40394));
#9739=CARTESIAN_POINT('',(0.76,0.76,-0.40394));
#9740=VECTOR('',#11420,0.21);
#9741=CARTESIAN_POINT('',(0.76,0.55,-0.40394));
#9742=CARTESIAN_POINT('',(0.76,0.55,-0.40394));
#9743=VECTOR('',#11421,0.21);
#9744=CARTESIAN_POINT('',(0.9,0.55,-0.40394));
#9745=VECTOR('',#11422,0.14);
#9746=CARTESIAN_POINT('',(-0.7532259980057,-0.496465234029,-0.3919489636469));
#9747=CARTESIAN_POINT('',(-0.76,-0.55,-0.40394));
#9748=CARTESIAN_POINT('',(-0.76,-0.5480936223155,-0.4036855548618));
#9749=CARTESIAN_POINT('',(-0.7599860268804,-0.5444852638938,-0.4031886501856));
#9750=CARTESIAN_POINT('',(-0.7599305622022,-0.539716752827,-0.4024940678479));
#9751=CARTESIAN_POINT('',(-0.759847353548,-0.535495272903,-0.4018462417259));
#9752=CARTESIAN_POINT('',(-0.7597423477068,-0.5317647992961,-0.4012449628947));
#9753=CARTESIAN_POINT('',(-0.7596211607256,-0.5284739039519,-0.4006896453927));
#9754=CARTESIAN_POINT('',(-0.7594872821895,-0.5255490869046,-0.4001742454606));
#9755=CARTESIAN_POINT('',(-0.7593488589546,-0.5230346298663,-0.3997124895518));
#9756=CARTESIAN_POINT('',(-0.7591935205151,-0.5205568228549,-0.3992426604602));
#9757=CARTESIAN_POINT('',(-0.7589339999163,-0.5171809084231,-0.398566727879));
#9758=CARTESIAN_POINT('',(-0.7586899640707,-0.5146042082381,-0.3980178811826));
#9759=CARTESIAN_POINT('',(-0.75843590223,-0.5122935377337,-0.3975016082144));
#9760=CARTESIAN_POINT('',(-0.7581836568984,-0.5103226787255,-0.3970375962758));
#9761=CARTESIAN_POINT('',(-0.7579342545924,-0.5086133838564,-0.3966154252365));
#9762=CARTESIAN_POINT('',(-0.7576886881224,-0.5071289088659,-0.3962305778087));
#9763=CARTESIAN_POINT('',(-0.7574535938615,-0.5058543130734,-0.3958852154525));
#9764=CARTESIAN_POINT('',(-0.7572083742782,-0.5046775705215,-0.3955494305353));
#9765=CARTESIAN_POINT('',(-0.7570316043019,-0.5038810816034,-0.3953157122423));
#9766=CARTESIAN_POINT('',(-0.7566288059107,-0.5022911834327,-0.3948199920457));
#9767=CARTESIAN_POINT('',(-0.7562270959103,-0.5009935877622,-0.3943736086214));
#9768=CARTESIAN_POINT('',(-0.7558311808165,-0.4999139463352,-0.3939677220589));
#9769=CARTESIAN_POINT('',(-0.7554497012477,-0.4990412357828,-0.3936056997679));
#9770=CARTESIAN_POINT('',(-0.7550664433141,-0.4983200004,-0.393269523038));
#9771=CARTESIAN_POINT('',(-0.7547582079265,-0.4978223161413,-0.3930139065695));
#9772=CARTESIAN_POINT('',(-0.7542522175366,-0.4971673807004,-0.3926237460571));
#9773=CARTESIAN_POINT('',(-0.7537109456764,-0.4966995233619,-0.3922494094161));
#9774=CARTESIAN_POINT('',(-0.7533828457511,-0.4965271324356,-0.3920434827078));
#9775=CARTESIAN_POINT('',(-0.7532259980057,-0.496465234029,-0.3919489636469));
#9776=CARTESIAN_POINT('',(-0.8254859780624,-0.496465234029,-0.2720386001156));
#9777=CARTESIAN_POINT('',(-0.8254859780624,-0.496465234029,-0.2720386001156));
#9778=VECTOR('',#11423,0.14);
#9779=CARTESIAN_POINT('',(-0.9,-0.55,-0.40394));
#9780=CARTESIAN_POINT('',(-0.9,-0.548627313693,-0.3998789210873));
#9781=CARTESIAN_POINT('',(-0.899678552621,-0.5458819410791,-0.3917567663256));
#9782=CARTESIAN_POINT('',(-0.8982350556047,-0.5417638821583,-0.3796497431294));
#9783=CARTESIAN_POINT('',(-0.8958392623399,-0.5376458232374,-0.3676946666761));
#9784=CARTESIAN_POINT('',(-0.8925061595518,-0.5335277643166,-0.3559663203141));
#9785=CARTESIAN_POINT('',(-0.8882565972428,-0.5294097053958,-0.3445380701567));
#9786=CARTESIAN_POINT('',(-0.8831171582667,-0.5252916464749,-0.3334814048013));
#9787=CARTESIAN_POINT('',(-0.8771199920426,-0.5211735875541,-0.3228654884982));
#9788=CARTESIAN_POINT('',(-0.8703026134405,-0.5170555286332,-0.3127567283978));
#9789=CARTESIAN_POINT('',(-0.8627076681319,-0.5129374697124,-0.3032183591852));
#9790=CARTESIAN_POINT('',(-0.8543826657399,-0.5088194107915,-0.2943100474622));
#9791=CARTESIAN_POINT('',(-0.845379682954,-0.5047013518707,-0.2860875186949));
#9792=CARTESIAN_POINT('',(-0.8357550366174,-0.5005832929498,-0.2786022079328));
#9793=CARTESIAN_POINT('',(-0.8289643026964,-0.4978379203359,-0.2741346964102));
#9794=CARTESIAN_POINT('',(-0.8254859780624,-0.496465234029,-0.2720386001156));
#9795=CARTESIAN_POINT('',(-0.8254859780624,0.496465234029,-0.2720386001156));
#9796=CARTESIAN_POINT('',(-0.8254859780624,0.496465234029,-0.2720386001156));
#9797=VECTOR('',#11424,0.992930468058);
#9798=CARTESIAN_POINT('',(-0.9,0.55,-0.40394));
#9799=CARTESIAN_POINT('',(-0.9,0.5486273136931,-0.3998789210873));
#9800=CARTESIAN_POINT('',(-0.899678552621,0.5458819410792,-0.3917567663256));
#9801=CARTESIAN_POINT('',(-0.8982350556047,0.5417638821583,-0.3796497431294));
#9802=CARTESIAN_POINT('',(-0.8958392623399,0.5376458232375,-0.3676946666761));
#9803=CARTESIAN_POINT('',(-0.8925061595518,0.5335277643166,-0.3559663203141));
#9804=CARTESIAN_POINT('',(-0.8882565972428,0.5294097053958,-0.3445380701567));
#9805=CARTESIAN_POINT('',(-0.8831171582667,0.5252916464749,-0.3334814048013));
#9806=CARTESIAN_POINT('',(-0.8771199920426,0.5211735875541,-0.3228654884982));
#9807=CARTESIAN_POINT('',(-0.8703026134405,0.5170555286333,-0.3127567283978));
#9808=CARTESIAN_POINT('',(-0.8627076681319,0.5129374697124,-0.3032183591852));
#9809=CARTESIAN_POINT('',(-0.8543826657399,0.5088194107916,-0.2943100474622));
#9810=CARTESIAN_POINT('',(-0.845379682954,0.5047013518707,-0.2860875186949));
#9811=CARTESIAN_POINT('',(-0.8357550366174,0.5005832929499,-0.2786022079328));
#9812=CARTESIAN_POINT('',(-0.8289643026964,0.497837920336,-0.2741346964102));
#9813=CARTESIAN_POINT('',(-0.8254859780624,0.496465234029,-0.2720386001156));
#9814=CARTESIAN_POINT('',(-0.9,-0.55,-0.40394));
#9815=VECTOR('',#11425,1.1);
#9816=CARTESIAN_POINT('',(-0.9,0.56,-4.602948554225));
#9817=CARTESIAN_POINT('',(-0.9,0.4367307849221,-4.339073057877));
#9818=AXIS2_PLACEMENT_3D('',#11426,#11427,#11428);
#9819=CARTESIAN_POINT('',(-0.9,0.56,-6.00394));
#9820=CARTESIAN_POINT('',(-0.9,0.56,-6.00394));
#9821=VECTOR('',#11429,1.400991445775);
#9822=CARTESIAN_POINT('',(-0.9,0.0275,-6.00394));
#9823=CARTESIAN_POINT('',(-0.9,0.0275,-6.00394));
#9824=VECTOR('',#11430,0.5325);
#9825=CARTESIAN_POINT('',(-0.9,0.0275000000001,-6.60394));
#9826=CARTESIAN_POINT('',(-0.9,0.0275,-6.00394));
#9827=VECTOR('',#11431,0.6);
#9828=CARTESIAN_POINT('',(-0.9,-0.56,-6.60394));
#9829=CARTESIAN_POINT('',(-0.9,-0.56,-6.60394));
#9830=VECTOR('',#11432,0.5875000000001);
#9831=CARTESIAN_POINT('',(-0.9,-0.56,-0.40394));
#9832=VECTOR('',#11433,6.2);
#9833=CARTESIAN_POINT('',(-0.9,0.56,-2.57624115332));
#9834=CARTESIAN_POINT('',(-0.9,0.56,-2.57624115332));
#9835=VECTOR('',#11434,2.17230115332);
#9836=CARTESIAN_POINT('',(-0.9,0.56,-2.57624115332));
#9837=VECTOR('',#11435,1.767136560402);
#9838=CARTESIAN_POINT('',(-0.76,0.56,-2.57624115332));
#9839=CARTESIAN_POINT('',(-0.76,0.4367307849221,-4.339073057877));
#9840=CARTESIAN_POINT('',(-0.76,0.56,-2.57624115332));
#9841=VECTOR('',#11436,1.767136560402);
#9842=CARTESIAN_POINT('',(-0.9,0.4367307849221,-4.339073057877));
#9843=VECTOR('',#11437,0.14);
#9844=CARTESIAN_POINT('',(-0.8984090273702,0.5928531611013,-2.106419060933));
#9845=CARTESIAN_POINT('',(-0.9,0.56,-2.57624115332));
#9846=CARTESIAN_POINT('',(-0.9,0.57095117896,-2.419631997896));
#9847=CARTESIAN_POINT('',(-0.8994721568021,0.5819022332464,-2.263024625387));
#9848=CARTESIAN_POINT('',(-0.8984090273702,0.5928531611013,-2.106419060933));
#9849=CARTESIAN_POINT('',(-0.7572832223116,0.5928531611013,-2.106419060933));
#9850=CARTESIAN_POINT('',(-0.8984090273702,0.5928531611013,-2.106419060933));
#9851=VECTOR('',#11438,0.1411258050586);
#9852=CARTESIAN_POINT('',(-0.76,0.56,-2.57624115332));
#9853=CARTESIAN_POINT('',(-0.76,0.5709514205975,-2.419628542318));
#9854=CARTESIAN_POINT('',(-0.7591068163727,0.5819024793254,-2.263021106294));
#9855=CARTESIAN_POINT('',(-0.7572832223116,0.5928531611013,-2.106419060933));
#9856=CARTESIAN_POINT('',(-0.725,0.6730265455546,-4.653316116221));
#9857=CARTESIAN_POINT('',(-0.76,0.56,-4.602948554225));
#9858=CARTESIAN_POINT('',(-0.725,0.6730265455546,-4.653316116221));
#9859=CARTESIAN_POINT('',(-0.7273565321851,0.6695863996257,-4.652577534667));
#9860=CARTESIAN_POINT('',(-0.7318252677994,0.6626002772821,-4.650950641428));
#9861=CARTESIAN_POINT('',(-0.7377792173531,0.6518915987491,-4.648041999931));
#9862=CARTESIAN_POINT('',(-0.7430273665448,0.6409313381161,-4.644618023071));
#9863=CARTESIAN_POINT('',(-0.7475677274665,0.6297586002491,-4.640643703285));
#9864=CARTESIAN_POINT('',(-0.7513907645081,0.6184533823878,-4.636104708306));
#9865=CARTESIAN_POINT('',(-0.7545268289862,0.606973159591,-4.630936754336));
#9866=CARTESIAN_POINT('',(-0.7569727103746,0.5953380117139,-4.625089744811));
#9867=CARTESIAN_POINT('',(-0.7587190069774,0.5836090974161,-4.618532276174));
#9868=CARTESIAN_POINT('',(-0.7597660872751,0.5718381245754,-4.611231261687));
#9869=CARTESIAN_POINT('',(-0.76,0.5639427221877,-4.605804793099));
#9870=CARTESIAN_POINT('',(-0.76,0.56,-4.602948554225));
#9871=CARTESIAN_POINT('',(-0.76,0.56,-6.00394));
#9872=CARTESIAN_POINT('',(-0.76,0.56,-6.00394));
#9873=VECTOR('',#11439,1.400991445775);
#9874=CARTESIAN_POINT('',(-0.56,0.76,-6.00394));
#9875=AXIS2_PLACEMENT_3D('',#11440,#11441,#11442);
#9876=CARTESIAN_POINT('',(-0.56,0.76,-4.66));
#9877=CARTESIAN_POINT('',(-0.56,0.76,-6.00394));
#9878=VECTOR('',#11443,1.34394);
#9879=CARTESIAN_POINT('',(-0.725,0.6730265455546,-4.66));
#9880=AXIS2_PLACEMENT_3D('',#11444,#11445,#11446);
#9881=CARTESIAN_POINT('',(-0.725,0.6730265455546,-4.653316116221));
#9882=VECTOR('',#11447,0.006683883778597);
#9883=CARTESIAN_POINT('',(-0.56,0.76,-1.853669807342));
#9884=CARTESIAN_POINT('',(-0.56,0.76,-1.853669807342));
#9885=VECTOR('',#11448,1.449729807342);
#9886=CARTESIAN_POINT('',(-0.76,0.56,-2.57624115332));
#9887=VECTOR('',#11449,2.17230115332);
#9888=CARTESIAN_POINT('',(-0.725,0.6730265455546,-1.919849924406));
#9889=CARTESIAN_POINT('',(-0.7572832223116,0.5928531611013,-2.106419060933));
#9890=CARTESIAN_POINT('',(-0.75720765532,0.5933069408624,-2.099929708015));
#9891=CARTESIAN_POINT('',(-0.7569862314619,0.5946215379645,-2.087010176435));
#9892=CARTESIAN_POINT('',(-0.7564012145066,0.597835475317,-2.067694091205));
#9893=CARTESIAN_POINT('',(-0.7555119266662,0.6022322735399,-2.048786666738));
#9894=CARTESIAN_POINT('',(-0.7542594599752,0.6077055717748,-2.030514794171));
#9895=CARTESIAN_POINT('',(-0.7525752312759,0.6141452642246,-2.013004084318));
#9896=CARTESIAN_POINT('',(-0.7503996724386,0.6213930690965,-1.996429332963));
#9897=CARTESIAN_POINT('',(-0.7476866485171,0.6292735700046,-1.980912040472));
#9898=CARTESIAN_POINT('',(-0.7443933538864,0.6376383084996,-1.966480599774));
#9899=CARTESIAN_POINT('',(-0.7404976659719,0.6463275078603,-1.953165253737));
#9900=CARTESIAN_POINT('',(-0.7359630755307,0.6552454168866,-1.940898669417));
#9901=CARTESIAN_POINT('',(-0.7308090371998,0.6642146417221,-1.929731023359));
#9902=CARTESIAN_POINT('',(-0.7269973351639,0.6701107676687,-1.923030957459));
#9903=CARTESIAN_POINT('',(-0.725,0.6730265455546,-1.919849924406));
#9904=CARTESIAN_POINT('',(-0.725,0.6730265455546,-1.853669807342));
#9905=CARTESIAN_POINT('',(-0.725,0.6730265455546,-1.853669807342));
#9906=VECTOR('',#11450,0.06618011706453);
#9907=AXIS2_PLACEMENT_3D('',#11451,#11452,#11453);
#9908=CARTESIAN_POINT('',(-0.725,0.76,-1.853669807342));
#9909=AXIS2_PLACEMENT_3D('',#11454,#11455,#11456);
#9910=CARTESIAN_POINT('',(-0.725,0.76,-1.853669807342));
#9911=VECTOR('',#11457,0.08697345444544);
#9912=CARTESIAN_POINT('',(-0.725,0.736,-4.66));
#9913=CARTESIAN_POINT('',(-0.725,0.736,-4.66));
#9914=VECTOR('',#11458,0.06297345444544);
#9915=AXIS2_PLACEMENT_3D('',#11459,#11460,#11461);
#9916=CARTESIAN_POINT('',(-0.6,0.76,-1.853669807342));
#9917=CARTESIAN_POINT('',(-0.6,0.76,-1.853669807342));
#9918=VECTOR('',#11462,0.125);
#9919=CARTESIAN_POINT('',(-0.56,0.76,-1.853669807342));
#9920=VECTOR('',#11463,0.04000000000001);
#9921=CARTESIAN_POINT('',(0.76,0.76,-6.00394));
#9922=CARTESIAN_POINT('',(0.76,0.76,-6.00394));
#9923=VECTOR('',#11464,1.32);
#9924=CARTESIAN_POINT('',(0.76,0.76,-4.66));
#9925=CARTESIAN_POINT('',(0.76,0.76,-6.00394));
#9926=VECTOR('',#11465,1.34394);
#9927=CARTESIAN_POINT('',(0.76,0.76,-4.66));
#9928=VECTOR('',#11466,1.32);
#9929=CARTESIAN_POINT('',(0.76,0.76,-1.853669807342));
#9930=CARTESIAN_POINT('',(0.76,0.76,-1.853669807342));
#9931=VECTOR('',#11467,1.449729807342);
#9932=CARTESIAN_POINT('',(-0.55,0.76,-0.40394));
#9933=VECTOR('',#11468,1.1);
#9934=CARTESIAN_POINT('',(-0.6,0.76,-1.98394));
#9935=CARTESIAN_POINT('',(-0.6,0.76,-1.853669807342));
#9936=VECTOR('',#11469,0.1302701926583);
#9937=CARTESIAN_POINT('',(0.6,0.76,-1.98394));
#9938=CARTESIAN_POINT('',(-0.6,0.76,-1.98394));
#9939=VECTOR('',#11470,1.2);
#9940=CARTESIAN_POINT('',(0.6,0.76,-1.853669807342));
#9941=CARTESIAN_POINT('',(0.6,0.76,-1.853669807342));
#9942=VECTOR('',#11471,0.1302701926583);
#9943=CARTESIAN_POINT('',(0.76,0.76,-1.853669807342));
#9944=VECTOR('',#11472,0.16);
#9945=CARTESIAN_POINT('',(0.76,0.9,-4.66));
#9946=CARTESIAN_POINT('',(0.76,0.9,-4.66));
#9947=VECTOR('',#11473,0.14);
#9948=CARTESIAN_POINT('',(-0.56,0.9,-4.66));
#9949=CARTESIAN_POINT('',(-0.56,0.9,-4.66));
#9950=VECTOR('',#11474,1.32);
#9951=CARTESIAN_POINT('',(-0.8509020453692,0.736,-4.66));
#9952=AXIS2_PLACEMENT_3D('',#11475,#11476,#11477);
#9953=CARTESIAN_POINT('',(-0.8509020453692,0.736,-4.66));
#9954=VECTOR('',#11478,0.1259020453692);
#9955=CARTESIAN_POINT('',(-0.9,0.56,-4.602948554225));
#9956=CARTESIAN_POINT('',(-0.9,0.5646611144616,-4.606325220317));
#9957=CARTESIAN_POINT('',(-0.8998079067091,0.57406873797,-4.6127311358));
#9958=CARTESIAN_POINT('',(-0.8989176469881,0.5883609696226,-4.621330664015));
#9959=CARTESIAN_POINT('',(-0.8973965184184,0.6028375558195,-4.628989405586));
#9960=CARTESIAN_POINT('',(-0.8952281835106,0.617405862222,-4.635716995835));
#9961=CARTESIAN_POINT('',(-0.8923833675752,0.6320896994468,-4.641575373374));
#9962=CARTESIAN_POINT('',(-0.8888467780911,0.6468152982028,-4.646574845817));
#9963=CARTESIAN_POINT('',(-0.8846074400437,0.6615380985658,-4.650745680763));
#9964=CARTESIAN_POINT('',(-0.8795849867482,0.67640099923,-4.654151258443));
#9965=CARTESIAN_POINT('',(-0.8737633168819,0.6912990813393,-4.656778443993));
#9966=CARTESIAN_POINT('',(-0.8671081897274,0.7062036150427,-4.658642059795));
#9967=CARTESIAN_POINT('',(-0.8595536663852,0.7211309439059,-4.659755342397));
#9968=CARTESIAN_POINT('',(-0.8538934109749,0.731055713789,-4.66));
#9969=CARTESIAN_POINT('',(-0.8509020453692,0.736,-4.66));
#9970=AXIS2_PLACEMENT_3D('',#11479,#11480,#11481);
#9971=CARTESIAN_POINT('',(-0.76,-0.55,-0.40394));
#9972=VECTOR('',#11482,1.1);
#9973=CARTESIAN_POINT('',(-0.76,-0.56,-6.60394));
#9974=CARTESIAN_POINT('',(-0.76,-0.56,-0.40394));
#9975=VECTOR('',#11483,6.2);
#9976=CARTESIAN_POINT('',(-0.76,0.02750000000008,-6.60394));
#9977=CARTESIAN_POINT('',(-0.76,0.02750000000008,-6.60394));
#9978=VECTOR('',#11484,0.5875000000001);
#9979=CARTESIAN_POINT('',(-0.76,0.0275,-6.00394));
#9980=CARTESIAN_POINT('',(-0.76,0.0275,-6.00394));
#9981=VECTOR('',#11485,0.6);
#9982=CARTESIAN_POINT('',(-0.76,0.2596637353249,-6.00394));
#9983=CARTESIAN_POINT('',(-0.76,0.0275,-6.00394));
#9984=VECTOR('',#11486,0.2321637353249);
#9985=CARTESIAN_POINT('',(-0.76,0.56,-6.00394));
#9986=VECTOR('',#11487,0.3003362646751);
#9987=CARTESIAN_POINT('',(0.76,0.2596637353249,-6.00394));
#9988=CARTESIAN_POINT('',(0.76,0.2596637353249,-6.00394));
#9989=VECTOR('',#11488,0.5003362646751);
#9990=AXIS2_PLACEMENT_3D('',#11489,#11490,#11491);
#9991=CARTESIAN_POINT('',(-0.56,0.9,-6.00394));
#9992=AXIS2_PLACEMENT_3D('',#11492,#11493,#11494);
#9993=CARTESIAN_POINT('',(0.76,0.9,-6.00394));
#9994=CARTESIAN_POINT('',(-0.56,0.9,-6.00394));
#9995=VECTOR('',#11495,1.32);
#9996=CARTESIAN_POINT('',(0.76,1.4,-6.00394));
#9997=CARTESIAN_POINT('',(0.76,0.9,-6.00394));
#9998=VECTOR('',#11496,0.5);
#9999=CARTESIAN_POINT('',(0.9,1.4,-6.00394));
#10000=CARTESIAN_POINT('',(0.76,1.4,-6.00394));
#10001=VECTOR('',#11497,0.14);
#10002=CARTESIAN_POINT('',(0.9,0.0275,-6.00394));
#10003=CARTESIAN_POINT('',(0.9,1.4,-6.00394));
#10004=VECTOR('',#11498,1.3725);
#10005=AXIS2_PLACEMENT_3D('',#11499,#11500,#11501);
#10006=CARTESIAN_POINT('',(0.9,0.02749999999976,-6.60394));
#10007=CARTESIAN_POINT('',(0.9,0.0275,-6.00394));
#10008=VECTOR('',#11502,0.6);
#10009=CARTESIAN_POINT('',(0.375,0.0275,-6.60394));
#10010=AXIS2_PLACEMENT_3D('',#11503,#11504,#11505);
#10011=CARTESIAN_POINT('',(0.375,0.0275,-6.00394));
#10012=CARTESIAN_POINT('',(0.375,0.0275,-6.00394));
#10013=VECTOR('',#11506,0.6);
#10014=AXIS2_PLACEMENT_3D('',#11507,#11508,#11509);
#10015=CARTESIAN_POINT('',(0.375,-0.11,-6.00394));
#10016=CARTESIAN_POINT('',(0.375,-0.11,-6.00394));
#10017=VECTOR('',#11510,0.1375);
#10018=CARTESIAN_POINT('',(0.515,-0.11,-6.00394));
#10019=CARTESIAN_POINT('',(0.515,-0.11,-6.00394));
#10020=VECTOR('',#11511,0.14);
#10021=CARTESIAN_POINT('',(0.515,0.0275,-6.00394));
#10022=CARTESIAN_POINT('',(0.515,0.0275,-6.00394));
#10023=VECTOR('',#11512,0.1375);
#10024=CARTESIAN_POINT('',(0.76,0.0275,-6.00394));
#10025=AXIS2_PLACEMENT_3D('',#11513,#11514,#11515);
#10026=CARTESIAN_POINT('',(0.76,0.0275,-6.00394));
#10027=VECTOR('',#11516,0.2321637353249);
#10028=CARTESIAN_POINT('',(-0.515,0.0275,-6.00394));
#10029=AXIS2_PLACEMENT_3D('',#11517,#11518,#11519);
#10030=CARTESIAN_POINT('',(-0.515,-0.11,-6.00394));
#10031=CARTESIAN_POINT('',(-0.515,-0.11,-6.00394));
#10032=VECTOR('',#11520,0.1375);
#10033=CARTESIAN_POINT('',(-0.375,-0.11,-6.00394));
#10034=CARTESIAN_POINT('',(-0.375,-0.11,-6.00394));
#10035=VECTOR('',#11521,0.14);
#10036=CARTESIAN_POINT('',(-0.375,0.0275,-6.00394));
#10037=CARTESIAN_POINT('',(-0.375,0.0275,-6.00394));
#10038=VECTOR('',#11522,0.1375);
#10039=AXIS2_PLACEMENT_3D('',#11523,#11524,#11525);
#10040=CARTESIAN_POINT('',(0.76,0.02749999999993,-6.60394));
#10041=CARTESIAN_POINT('',(0.76,0.0275,-6.00394));
#10042=VECTOR('',#11526,0.6);
#10043=CARTESIAN_POINT('',(0.76,-0.56,-6.60394));
#10044=CARTESIAN_POINT('',(0.76,-0.56,-6.60394));
#10045=VECTOR('',#11527,0.5874999999999);
#10046=CARTESIAN_POINT('',(0.76,-0.56,-0.40394));
#10047=VECTOR('',#11528,6.2);
#10048=CARTESIAN_POINT('',(0.76,0.55,-0.40394));
#10049=VECTOR('',#11529,1.1);
#10050=CARTESIAN_POINT('',(0.76,0.9,-1.82));
#10051=AXIS2_PLACEMENT_3D('',#11530,#11531,#11532);
#10052=CARTESIAN_POINT('',(0.76,0.9,-1.82));
#10053=VECTOR('',#11533,1.41606);
#10054=CARTESIAN_POINT('',(0.76,1.4,-6.00394));
#10055=VECTOR('',#11534,5.6);
#10056=CARTESIAN_POINT('',(0.76,0.9,-6.00394));
#10057=VECTOR('',#11535,1.34394);
#10058=CARTESIAN_POINT('',(-0.56,0.9,-6.00394));
#10059=VECTOR('',#11536,1.34394);
#10060=CARTESIAN_POINT('',(-0.55,0.9,-0.40394));
#10061=VECTOR('',#11537,1.1);
#10062=CARTESIAN_POINT('',(0.6,0.9,-1.82));
#10063=CARTESIAN_POINT('',(0.76,0.9,-1.82));
#10064=VECTOR('',#11538,0.16);
#10065=CARTESIAN_POINT('',(0.6,0.9,-1.98394));
#10066=CARTESIAN_POINT('',(0.6,0.9,-1.98394));
#10067=VECTOR('',#11539,0.16394);
#10068=CARTESIAN_POINT('',(-0.6,0.9,-1.98394));
#10069=CARTESIAN_POINT('',(-0.6,0.9,-1.98394));
#10070=VECTOR('',#11540,1.2);
#10071=CARTESIAN_POINT('',(-0.6,0.9,-1.82));
#10072=CARTESIAN_POINT('',(-0.6,0.9,-1.98394));
#10073=VECTOR('',#11541,0.16394);
#10074=CARTESIAN_POINT('',(-0.56,0.9,-1.82));
#10075=CARTESIAN_POINT('',(-0.6,0.9,-1.82));
#10076=VECTOR('',#11542,0.04000000000001);
#10077=CARTESIAN_POINT('',(-0.56,0.9,-1.82));
#10078=VECTOR('',#11543,1.41606);
#10079=CARTESIAN_POINT('',(-0.6,0.8976388603227,-1.820009053458));
#10080=CARTESIAN_POINT('',(-0.6,0.8976388603227,-1.820009053458));
#10081=CARTESIAN_POINT('',(-0.5955764362388,0.8981629189286,-1.820005034541));
#10082=CARTESIAN_POINT('',(-0.5867085421156,0.8990371594582,-1.820000933625));
#10083=CARTESIAN_POINT('',(-0.5733657747457,0.8998248164117,-1.819999925315));
#10084=CARTESIAN_POINT('',(-0.5644554049832,0.9,-1.82));
#10085=CARTESIAN_POINT('',(-0.56,0.9,-1.82));
#10086=CARTESIAN_POINT('',(-0.6,0.8976388603227,-1.820009053458));
#10087=CARTESIAN_POINT('',(-0.6071790398873,0.8967883610786,-1.820015575793));
#10088=CARTESIAN_POINT('',(-0.6214359006532,0.8946363475359,-1.82003861433));
#10089=CARTESIAN_POINT('',(-0.6425760799205,0.8900556237026,-1.8201458801));
#10090=CARTESIAN_POINT('',(-0.6633001031587,0.8841649266155,-1.820384456127));
#10091=CARTESIAN_POINT('',(-0.6834788928611,0.8770240473325,-1.820825903525));
#10092=CARTESIAN_POINT('',(-0.7029607552192,0.8687225380443,-1.821549879847));
#10093=CARTESIAN_POINT('',(-0.7216035325048,0.8593769120074,-1.822638102152));
#10094=CARTESIAN_POINT('',(-0.7392838876312,0.8491249826162,-1.824168264052));
#10095=CARTESIAN_POINT('',(-0.7559089596082,0.8381161172754,-1.82620918322));
#10096=CARTESIAN_POINT('',(-0.771422482003,0.8264993883481,-1.828818416125));
#10097=CARTESIAN_POINT('',(-0.7858039859315,0.8144137629766,-1.832042375035));
#10098=CARTESIAN_POINT('',(-0.7990630355205,0.8019819736391,-1.835918288897));
#10099=CARTESIAN_POINT('',(-0.8112314284853,0.7893080179695,-1.840477162596));
#10100=CARTESIAN_POINT('',(-0.8223550882138,0.7764778686474,-1.845746830759));
#10101=CARTESIAN_POINT('',(-0.8324871770084,0.7635621741291,-1.851754586089));
#10102=CARTESIAN_POINT('',(-0.8416829484701,0.7506199532688,-1.858529143006));
#10103=CARTESIAN_POINT('',(-0.8499963182342,0.7377026114683,-1.866101878098));
#10104=CARTESIAN_POINT('',(-0.8574777578492,0.7248581466268,-1.874507195405));
#10105=CARTESIAN_POINT('',(-0.8641733201696,0.7121353229862,-1.883781937627));
#10106=CARTESIAN_POINT('',(-0.8701246436698,0.6995875623847,-1.893963835754));
#10107=CARTESIAN_POINT('',(-0.8753697349603,0.6872764076199,-1.905088934308));
#10108=CARTESIAN_POINT('',(-0.879944372769,0.6752742993059,-1.91718801876));
#10109=CARTESIAN_POINT('',(-0.8838838687254,0.6636666088268,-1.930281837406));
#10110=CARTESIAN_POINT('',(-0.8872251444328,0.6525520875597,-1.944375725598));
#10111=CARTESIAN_POINT('',(-0.8900087653038,0.6420412287429,-1.959454433783));
#10112=CARTESIAN_POINT('',(-0.8922804619672,0.6322523121903,-1.975478230714));
#10113=CARTESIAN_POINT('',(-0.8940916593152,0.6233053356927,-1.9923815482));
#10114=CARTESIAN_POINT('',(-0.8954986407072,0.615314807441,-2.010074929274));
#10115=CARTESIAN_POINT('',(-0.8965603240712,0.6083826976457,-2.028450571752));
#10116=CARTESIAN_POINT('',(-0.8973349299348,0.6025933865745,-2.047390256265));
#10117=CARTESIAN_POINT('',(-0.8978762019806,0.598011563563,-2.066772318224));
#10118=CARTESIAN_POINT('',(-0.8982298770479,0.5946827879236,-2.086481262395));
#10119=CARTESIAN_POINT('',(-0.8983638085245,0.5933189447609,-2.099758044269));
#10120=CARTESIAN_POINT('',(-0.8984090273702,0.5928531611013,-2.106419060933));
#10121=AXIS2_PLACEMENT_3D('',#11544,#11545,#11546);
#10122=AXIS2_PLACEMENT_3D('',#11547,#11548,#11549);
#10123=AXIS2_PLACEMENT_3D('',#11550,#11551,#11552);
#10124=CARTESIAN_POINT('',(-0.6,0.9020427254972,-1.998085664434));
#10125=AXIS2_PLACEMENT_3D('',#11553,#11554,#11555);
#10126=CARTESIAN_POINT('',(-0.6,1.6,-4.364332139586));
#10127=CARTESIAN_POINT('',(-0.6,1.6,-4.364332139586));
#10128=VECTOR('',#11556,2.467036022883);
#10129=CARTESIAN_POINT('',(-0.6,1.465719631392,-4.40394));
#10130=CARTESIAN_POINT('',(-0.6,1.465719631392,-4.40394));
#10131=VECTOR('',#11557,0.14);
#10132=CARTESIAN_POINT('',(-0.6,0.7677623568895,-2.037693524847));
#10133=CARTESIAN_POINT('',(-0.6,0.7677623568895,-2.037693524847));
#10134=VECTOR('',#11558,2.467036022883);
#10135=AXIS2_PLACEMENT_3D('',#11559,#11560,#11561);
#10136=CARTESIAN_POINT('',(0.6,0.7677623568895,-2.037693524847));
#10137=CARTESIAN_POINT('',(-0.6,0.7677623568895,-2.037693524847));
#10138=VECTOR('',#11562,1.2);
#10139=AXIS2_PLACEMENT_3D('',#11563,#11564,#11565);
#10140=CARTESIAN_POINT('',(0.6,1.465719631392,-4.40394));
#10141=CARTESIAN_POINT('',(0.6,0.7677623568895,-2.037693524847));
#10142=VECTOR('',#11566,2.467036022883);
#10143=CARTESIAN_POINT('',(0.6,1.6,-4.364332139586));
#10144=CARTESIAN_POINT('',(0.6,1.465719631392,-4.40394));
#10145=VECTOR('',#11567,0.14);
#10146=CARTESIAN_POINT('',(0.6,0.9020427254972,-1.998085664434));
#10147=CARTESIAN_POINT('',(0.6,1.6,-4.364332139586));
#10148=VECTOR('',#11568,2.467036022883);
#10149=AXIS2_PLACEMENT_3D('',#11569,#11570,#11571);
#10150=CARTESIAN_POINT('',(-0.6,0.9020427254972,-1.998085664434));
#10151=VECTOR('',#11572,1.2);
#10152=CARTESIAN_POINT('',(-0.6,1.6,-4.364332139586));
#10153=VECTOR('',#11573,1.2);
#10154=CARTESIAN_POINT('',(-0.6,1.465719631392,-4.40394));
#10155=VECTOR('',#11574,1.2);
#10156=CARTESIAN_POINT('',(-0.496465234029,0.8254859780624,-0.2720386001156));
#10157=CARTESIAN_POINT('',(-0.55,0.9,-0.40394));
#10158=CARTESIAN_POINT('',(-0.548627313693,0.9,-0.3998789210873));
#10159=CARTESIAN_POINT('',(-0.5458819410791,0.899678552621,-0.3917567663256));
#10160=CARTESIAN_POINT('',(-0.5417638821583,0.8982350556047,-0.3796497431294));
#10161=CARTESIAN_POINT('',(-0.5376458232374,0.8958392623399,-0.3676946666761));
#10162=CARTESIAN_POINT('',(-0.5335277643166,0.8925061595518,-0.3559663203141));
#10163=CARTESIAN_POINT('',(-0.5294097053958,0.8882565972429,-0.3445380701567));
#10164=CARTESIAN_POINT('',(-0.5252916464749,0.8831171582668,-0.3334814048013));
#10165=CARTESIAN_POINT('',(-0.5211735875541,0.8771199920426,-0.3228654884982));
#10166=CARTESIAN_POINT('',(-0.5170555286332,0.8703026134405,-0.3127567283978));
#10167=CARTESIAN_POINT('',(-0.5129374697124,0.862707668132,-0.3032183591852));
#10168=CARTESIAN_POINT('',(-0.5088194107915,0.8543826657399,-0.2943100474622));
#10169=CARTESIAN_POINT('',(-0.5047013518707,0.845379682954,-0.2860875186949));
#10170=CARTESIAN_POINT('',(-0.5005832929498,0.8357550366174,-0.2786022079328));
#10171=CARTESIAN_POINT('',(-0.4978379203359,0.8289643026964,-0.2741346964102));
#10172=CARTESIAN_POINT('',(-0.496465234029,0.8254859780624,-0.2720386001156));
#10173=CARTESIAN_POINT('',(0.496465234029,0.8254859780624,-0.2720386001156));
#10174=VECTOR('',#11575,0.992930468058);
#10175=CARTESIAN_POINT('',(-0.3838010252066,0.54,-0.1));
#10176=CARTESIAN_POINT('',(-0.496465234029,0.8254859780624,-0.2720386001156));
#10177=VECTOR('',#11576,0.3518419354619);
#10178=CARTESIAN_POINT('',(0.3838010252066,0.54,-0.1));
#10179=VECTOR('',#11577,0.7676020504132);
#10180=CARTESIAN_POINT('',(-0.35,0.54,0.0));
#10181=CARTESIAN_POINT('',(-0.3838010252066,0.54,-0.1));
#10182=VECTOR('',#11578,0.1055580849818);
#10183=CARTESIAN_POINT('',(0.35,0.54,0.0));
#10184=CARTESIAN_POINT('',(0.35,0.54,0.0));
#10185=VECTOR('',#11579,0.7);
#10186=CARTESIAN_POINT('',(0.3838010252066,0.54,-0.1));
#10187=VECTOR('',#11580,0.1055580849818);
#10188=CARTESIAN_POINT('',(0.35,0.4,0.0));
#10189=CARTESIAN_POINT('',(0.35,0.4,0.0));
#10190=VECTOR('',#11581,0.14);
#10191=CARTESIAN_POINT('',(0.3838010252066,0.4,-0.1790891004978));
#10192=CARTESIAN_POINT('',(0.3781675210055,0.4,-0.1472829753266));
#10193=CARTESIAN_POINT('',(0.3669005126033,0.4,-0.08590814022957));
#10194=CARTESIAN_POINT('',(0.3556335042011,0.4,-0.02814345652469));
#10195=CARTESIAN_POINT('',(0.35,0.4,0.0));
#10196=CARTESIAN_POINT('',(-0.35,0.4,0.0));
#10197=CARTESIAN_POINT('',(-0.35,0.4,0.0));
#10198=VECTOR('',#11582,0.7);
#10199=CARTESIAN_POINT('',(-0.3838010252066,0.4,-0.1790891004978));
#10200=CARTESIAN_POINT('',(-0.3838010252066,0.4,-0.1790891004978));
#10201=CARTESIAN_POINT('',(-0.3781675210055,0.4,-0.1472829753266));
#10202=CARTESIAN_POINT('',(-0.3669005126033,0.4,-0.08590814022957));
#10203=CARTESIAN_POINT('',(-0.3556335042011,0.4,-0.02814345652469));
#10204=CARTESIAN_POINT('',(-0.35,0.4,0.0));
#10205=CARTESIAN_POINT('',(-0.3838010252066,0.4,-0.1790891004978));
#10206=VECTOR('',#11583,0.7676020504132);
#10207=CARTESIAN_POINT('',(-0.496465234029,0.7532259980057,-0.3919489636469));
#10208=CARTESIAN_POINT('',(-0.496465234029,0.7532259980057,-0.3919489636469));
#10209=CARTESIAN_POINT('',(-0.4743202418418,0.6971115955719,-0.3581334911443));
#10210=CARTESIAN_POINT('',(-0.4367655055677,0.5810715711333,-0.2882058418171));
#10211=CARTESIAN_POINT('',(-0.4025783933436,0.4605479818648,-0.2155763217286));
#10212=CARTESIAN_POINT('',(-0.3838010252066,0.4,-0.1790891004978));
#10213=CARTESIAN_POINT('',(-0.496465234029,0.7532259980057,-0.3919489636469));
#10214=VECTOR('',#11584,0.992930468058);
#10215=CARTESIAN_POINT('',(-0.55,0.76,-0.40394));
#10216=CARTESIAN_POINT('',(-0.5480936438332,0.76,-0.4036855577338));
#10217=CARTESIAN_POINT('',(-0.544485323701,0.7599860271974,-0.4031886585144));
#10218=CARTESIAN_POINT('',(-0.5397168548378,0.7599305636754,-0.4024940829908));
#10219=CARTESIAN_POINT('',(-0.5354954050297,0.7598473565902,-0.4018462624122));
#10220=CARTESIAN_POINT('',(-0.5317649526675,0.7597423526192,-0.4012449881414));
#10221=CARTESIAN_POINT('',(-0.5284740664916,0.7596211672944,-0.4006896733184));
#10222=CARTESIAN_POINT('',(-0.525549267166,0.7594872913622,-0.4001742779687));
#10223=CARTESIAN_POINT('',(-0.5230347665329,0.7593488667476,-0.3997125148664));
#10224=CARTESIAN_POINT('',(-0.5205571215104,0.7591935408995,-0.3992427183508));
#10225=CARTESIAN_POINT('',(-0.5171811440749,0.7589340203954,-0.3985667767861));
#10226=CARTESIAN_POINT('',(-0.5146044371472,0.7586899872553,-0.398017930977));
#10227=CARTESIAN_POINT('',(-0.5122937424734,0.758435926618,-0.397501655225));
#10228=CARTESIAN_POINT('',(-0.5103228630076,0.7581836821001,-0.3970376407118));
#10229=CARTESIAN_POINT('',(-0.5086135465577,0.7579342798976,-0.3966154664146));
#10230=CARTESIAN_POINT('',(-0.5071290517587,0.7576887132127,-0.3962306157513));
#10231=CARTESIAN_POINT('',(-0.5058544347792,0.7574536175571,-0.395885249188));
#10232=CARTESIAN_POINT('',(-0.5046776820752,0.7572083989664,-0.3955494632218));
#10233=CARTESIAN_POINT('',(-0.5038811495302,0.7570316195783,-0.3953157322997));
#10234=CARTESIAN_POINT('',(-0.5022913413095,0.7566288496612,-0.3948200434365));
#10235=CARTESIAN_POINT('',(-0.5009936835445,0.7562271289094,-0.3943736434574));
#10236=CARTESIAN_POINT('',(-0.4999140259352,0.7558312127028,-0.3939677534762));
#10237=CARTESIAN_POINT('',(-0.4990412914685,0.7554497282197,-0.3936057243071));
#10238=CARTESIAN_POINT('',(-0.4983200402097,0.7550664669215,-0.3932695429183));
#10239=CARTESIAN_POINT('',(-0.4978223375194,0.7547582222412,-0.3930139181291));
#10240=CARTESIAN_POINT('',(-0.4971674062756,0.7542522416982,-0.3926237636391));
#10241=CARTESIAN_POINT('',(-0.4966995279365,0.7537109550415,-0.3922494152326));
#10242=CARTESIAN_POINT('',(-0.4965271338279,0.7533828492791,-0.3920434848338));
#10243=CARTESIAN_POINT('',(-0.496465234029,0.7532259980057,-0.3919489636469));
#10244=CARTESIAN_POINT('',(-0.496465234029,0.8254859780624,-0.2720386001156));
#10245=VECTOR('',#11585,0.14);
#10246=CARTESIAN_POINT('',(-0.3838010252066,0.54,-0.1));
#10247=VECTOR('',#11586,0.1607951672705);
#10248=CARTESIAN_POINT('',(-0.35,0.54,0.0));
#10249=VECTOR('',#11587,0.14);
#10250=CARTESIAN_POINT('',(0.9,1.4,-6.00394));
#10251=VECTOR('',#11588,5.6);
#10252=CARTESIAN_POINT('',(0.9,-0.56,-6.60394));
#10253=CARTESIAN_POINT('',(0.9,-0.56,-0.40394));
#10254=VECTOR('',#11589,6.2);
#10255=CARTESIAN_POINT('',(0.9,0.02749999999992,-6.60394));
#10256=VECTOR('',#11590,0.5874999999999);
#10257=CARTESIAN_POINT('',(0.9,0.55,-0.40394));
#10258=VECTOR('',#11591,1.1);
#10259=CARTESIAN_POINT('',(0.8254859780624,0.496465234029,-0.2720386001156));
#10260=CARTESIAN_POINT('',(0.9,0.55,-0.40394));
#10261=CARTESIAN_POINT('',(0.9,0.548627313693,-0.3998789210873));
#10262=CARTESIAN_POINT('',(0.899678552621,0.5458819410792,-0.3917567663256));
#10263=CARTESIAN_POINT('',(0.8982350556047,0.5417638821583,-0.3796497431294));
#10264=CARTESIAN_POINT('',(0.8958392623399,0.5376458232375,-0.3676946666761));
#10265=CARTESIAN_POINT('',(0.8925061595518,0.5335277643166,-0.3559663203141));
#10266=CARTESIAN_POINT('',(0.8882565972429,0.5294097053958,-0.3445380701567));
#10267=CARTESIAN_POINT('',(0.8831171582668,0.5252916464749,-0.3334814048013));
#10268=CARTESIAN_POINT('',(0.8771199920426,0.5211735875541,-0.3228654884982));
#10269=CARTESIAN_POINT('',(0.8703026134405,0.5170555286332,-0.3127567283978));
#10270=CARTESIAN_POINT('',(0.862707668132,0.5129374697124,-0.3032183591852));
#10271=CARTESIAN_POINT('',(0.8543826657399,0.5088194107915,-0.2943100474622));
#10272=CARTESIAN_POINT('',(0.845379682954,0.5047013518707,-0.2860875186949));
#10273=CARTESIAN_POINT('',(0.8357550366174,0.5005832929499,-0.2786022079328));
#10274=CARTESIAN_POINT('',(0.8289643026964,0.497837920336,-0.2741346964102));
#10275=CARTESIAN_POINT('',(0.8254859780624,0.496465234029,-0.2720386001156));
#10276=CARTESIAN_POINT('',(0.8254859780624,-0.496465234029,-0.2720386001156));
#10277=CARTESIAN_POINT('',(0.8254859780624,-0.496465234029,-0.2720386001156));
#10278=VECTOR('',#11592,0.992930468058);
#10279=CARTESIAN_POINT('',(0.9,-0.55,-0.40394));
#10280=CARTESIAN_POINT('',(0.9,-0.5486273136931,-0.3998789210873));
#10281=CARTESIAN_POINT('',(0.899678552621,-0.5458819410792,-0.3917567663256));
#10282=CARTESIAN_POINT('',(0.8982350556047,-0.5417638821583,-0.3796497431294));
#10283=CARTESIAN_POINT('',(0.8958392623399,-0.5376458232375,-0.3676946666761));
#10284=CARTESIAN_POINT('',(0.8925061595518,-0.5335277643166,-0.3559663203141));
#10285=CARTESIAN_POINT('',(0.8882565972429,-0.5294097053958,-0.3445380701567));
#10286=CARTESIAN_POINT('',(0.8831171582668,-0.5252916464749,-0.3334814048013));
#10287=CARTESIAN_POINT('',(0.8771199920426,-0.5211735875541,-0.3228654884982));
#10288=CARTESIAN_POINT('',(0.8703026134405,-0.5170555286332,-0.3127567283978));
#10289=CARTESIAN_POINT('',(0.862707668132,-0.5129374697124,-0.3032183591852));
#10290=CARTESIAN_POINT('',(0.8543826657399,-0.5088194107916,-0.2943100474622));
#10291=CARTESIAN_POINT('',(0.845379682954,-0.5047013518707,-0.2860875186949));
#10292=CARTESIAN_POINT('',(0.8357550366174,-0.5005832929499,-0.2786022079328));
#10293=CARTESIAN_POINT('',(0.8289643026964,-0.497837920336,-0.2741346964102));
#10294=CARTESIAN_POINT('',(0.8254859780624,-0.496465234029,-0.2720386001156));
#10295=CARTESIAN_POINT('',(0.7532259980057,-0.496465234029,-0.3919489636469));
#10296=CARTESIAN_POINT('',(0.7532259980057,-0.496465234029,-0.3919489636469));
#10297=VECTOR('',#11593,0.14);
#10298=CARTESIAN_POINT('',(0.76,-0.55,-0.40394));
#10299=CARTESIAN_POINT('',(0.76,-0.5480936438352,-0.4036855577341));
#10300=CARTESIAN_POINT('',(0.7599860271974,-0.5444853237065,-0.4031886585152));
#10301=CARTESIAN_POINT('',(0.7599305636755,-0.5397168548472,-0.4024940829922));
#10302=CARTESIAN_POINT('',(0.7598473565905,-0.5354954050418,-0.4018462624141));
#10303=CARTESIAN_POINT('',(0.7597423526197,-0.5317649526816,-0.4012449881438));
#10304=CARTESIAN_POINT('',(0.759621167295,-0.5284740665065,-0.400689673321));
#10305=CARTESIAN_POINT('',(0.759487291363,-0.5255492671825,-0.4001742779717));
#10306=CARTESIAN_POINT('',(0.7593488667483,-0.5230347665454,-0.3997125148688));
#10307=CARTESIAN_POINT('',(0.7591935409014,-0.5205571215377,-0.3992427183561));
#10308=CARTESIAN_POINT('',(0.7589340203973,-0.5171811440966,-0.3985667767906));
#10309=CARTESIAN_POINT('',(0.7586899872574,-0.5146044371682,-0.3980179309816));
#10310=CARTESIAN_POINT('',(0.7584359266202,-0.5122937424922,-0.3975016552293));
#10311=CARTESIAN_POINT('',(0.7581836821025,-0.5103228630245,-0.3970376407159));
#10312=CARTESIAN_POINT('',(0.7579342799,-0.5086135465727,-0.3966154664183));
#10313=CARTESIAN_POINT('',(0.757688713215,-0.5071290517719,-0.3962306157548));
#10314=CARTESIAN_POINT('',(0.7574536175593,-0.5058544347904,-0.3958852491911));
#10315=CARTESIAN_POINT('',(0.7572083989687,-0.5046776820854,-0.3955494632248));
#10316=CARTESIAN_POINT('',(0.7570316195797,-0.5038811495364,-0.3953157323016));
#10317=CARTESIAN_POINT('',(0.7566288496652,-0.5022913413239,-0.3948200434412));
#10318=CARTESIAN_POINT('',(0.7562271289124,-0.5009936835533,-0.3943736434606));
#10319=CARTESIAN_POINT('',(0.7558312127057,-0.4999140259425,-0.3939677534791));
#10320=CARTESIAN_POINT('',(0.7554497282222,-0.4990412914736,-0.3936057243094));
#10321=CARTESIAN_POINT('',(0.7550664669237,-0.4983200402134,-0.3932695429201));
#10322=CARTESIAN_POINT('',(0.7547582222426,-0.4978223375214,-0.3930139181302));
#10323=CARTESIAN_POINT('',(0.7542522417004,-0.497167406278,-0.3926237636407));
#10324=CARTESIAN_POINT('',(0.7537109550424,-0.4966995279369,-0.3922494152331));
#10325=CARTESIAN_POINT('',(0.7533828492794,-0.496527133828,-0.392043484834));
#10326=CARTESIAN_POINT('',(0.7532259980057,-0.496465234029,-0.3919489636469));
#10327=CARTESIAN_POINT('',(0.7532259980057,0.496465234029,-0.3919489636469));
#10328=CARTESIAN_POINT('',(0.7532259980057,0.496465234029,-0.3919489636469));
#10329=VECTOR('',#11594,0.992930468058);
#10330=CARTESIAN_POINT('',(0.76,0.55,-0.40394));
#10331=CARTESIAN_POINT('',(0.76,0.5480936438352,-0.4036855577341));
#10332=CARTESIAN_POINT('',(0.7599860271974,0.5444853237064,-0.4031886585152));
#10333=CARTESIAN_POINT('',(0.7599305636755,0.5397168548472,-0.4024940829922));
#10334=CARTESIAN_POINT('',(0.7598473565905,0.5354954050418,-0.4018462624141));
#10335=CARTESIAN_POINT('',(0.7597423526197,0.5317649526815,-0.4012449881438));
#10336=CARTESIAN_POINT('',(0.759621167295,0.5284740665065,-0.400689673321));
#10337=CARTESIAN_POINT('',(0.759487291363,0.5255492671825,-0.4001742779717));
#10338=CARTESIAN_POINT('',(0.7593488667483,0.5230347665454,-0.3997125148688));
#10339=CARTESIAN_POINT('',(0.7591935409014,0.5205571215377,-0.3992427183561));
#10340=CARTESIAN_POINT('',(0.7589340203973,0.5171811440966,-0.3985667767906));
#10341=CARTESIAN_POINT('',(0.7586899872574,0.5146044371682,-0.3980179309816));
#10342=CARTESIAN_POINT('',(0.7584359266202,0.5122937424922,-0.3975016552293));
#10343=CARTESIAN_POINT('',(0.7581836821025,0.5103228630245,-0.3970376407159));
#10344=CARTESIAN_POINT('',(0.7579342799,0.5086135465727,-0.3966154664183));
#10345=CARTESIAN_POINT('',(0.757688713215,0.5071290517718,-0.3962306157548));
#10346=CARTESIAN_POINT('',(0.7574536175593,0.5058544347904,-0.3958852491911));
#10347=CARTESIAN_POINT('',(0.7572083989687,0.5046776820854,-0.3955494632248));
#10348=CARTESIAN_POINT('',(0.7570316195797,0.5038811495364,-0.3953157323016));
#10349=CARTESIAN_POINT('',(0.7566288496652,0.5022913413239,-0.3948200434412));
#10350=CARTESIAN_POINT('',(0.7562271289124,0.5009936835533,-0.3943736434606));
#10351=CARTESIAN_POINT('',(0.7558312127057,0.4999140259425,-0.3939677534791));
#10352=CARTESIAN_POINT('',(0.7554497282222,0.4990412914736,-0.3936057243094));
#10353=CARTESIAN_POINT('',(0.7550664669237,0.4983200402134,-0.3932695429201));
#10354=CARTESIAN_POINT('',(0.7547582222426,0.4978223375214,-0.3930139181302));
#10355=CARTESIAN_POINT('',(0.7542522417004,0.497167406278,-0.3926237636407));
#10356=CARTESIAN_POINT('',(0.7537109550424,0.4966995279369,-0.3922494152331));
#10357=CARTESIAN_POINT('',(0.7533828492794,0.496527133828,-0.392043484834));
#10358=CARTESIAN_POINT('',(0.7532259980057,0.496465234029,-0.3919489636469));
#10359=CARTESIAN_POINT('',(0.8254859780624,0.496465234029,-0.2720386001156));
#10360=VECTOR('',#11595,0.14);
#10361=CARTESIAN_POINT('',(0.4,0.3838010252066,-0.1790891004978));
#10362=CARTESIAN_POINT('',(0.7532259980057,0.496465234029,-0.3919489636469));
#10363=CARTESIAN_POINT('',(0.6971115955719,0.4743202418418,-0.3581334911443));
#10364=CARTESIAN_POINT('',(0.5810715711333,0.4367655055677,-0.2882058418171));
#10365=CARTESIAN_POINT('',(0.4605479818648,0.4025783933437,-0.2155763217286));
#10366=CARTESIAN_POINT('',(0.4,0.3838010252066,-0.1790891004978));
#10367=CARTESIAN_POINT('',(0.54,0.3838010252066,-0.1));
#10368=CARTESIAN_POINT('',(0.54,0.3838010252066,-0.1));
#10369=VECTOR('',#11596,0.1607951672705);
#10370=CARTESIAN_POINT('',(0.8254859780624,0.496465234029,-0.2720386001156));
#10371=VECTOR('',#11597,0.3518419354619);
#10372=CARTESIAN_POINT('',(0.54,-0.3838010252066,-0.1));
#10373=CARTESIAN_POINT('',(0.54,-0.3838010252066,-0.1));
#10374=VECTOR('',#11598,0.7676020504132);
#10375=CARTESIAN_POINT('',(0.8254859780624,-0.496465234029,-0.2720386001156));
#10376=VECTOR('',#11599,0.3518419354619);
#10377=CARTESIAN_POINT('',(0.4,-0.3838010252066,-0.1790891004978));
#10378=CARTESIAN_POINT('',(0.4,-0.3838010252066,-0.1790891004978));
#10379=VECTOR('',#11600,0.1607951672705);
#10380=CARTESIAN_POINT('',(0.7532259980057,-0.496465234029,-0.3919489636469));
#10381=CARTESIAN_POINT('',(0.6971115955719,-0.4743202418418,-0.3581334911443));
#10382=CARTESIAN_POINT('',(0.5810715711334,-0.4367655055677,-0.2882058418171));
#10383=CARTESIAN_POINT('',(0.4605479818648,-0.4025783933437,-0.2155763217286));
#10384=CARTESIAN_POINT('',(0.4,-0.3838010252066,-0.1790891004978));
#10385=CARTESIAN_POINT('',(0.4,0.3838010252066,-0.1790891004978));
#10386=VECTOR('',#11601,0.7676020504132);
#10387=CARTESIAN_POINT('',(0.4,-0.35,0.0));
#10388=CARTESIAN_POINT('',(0.4,-0.3838010252066,-0.1790891004978));
#10389=CARTESIAN_POINT('',(0.4,-0.3781675210055,-0.1472829753266));
#10390=CARTESIAN_POINT('',(0.4,-0.3669005126033,-0.08590814022957));
#10391=CARTESIAN_POINT('',(0.4,-0.3556335042011,-0.02814345652469));
#10392=CARTESIAN_POINT('',(0.4,-0.35,0.0));
#10393=CARTESIAN_POINT('',(0.4,0.35,0.0));
#10394=CARTESIAN_POINT('',(0.4,0.35,0.0));
#10395=VECTOR('',#11602,0.7);
#10396=CARTESIAN_POINT('',(0.4,0.3838010252066,-0.1790891004978));
#10397=CARTESIAN_POINT('',(0.4,0.3781675210055,-0.1472829753266));
#10398=CARTESIAN_POINT('',(0.4,0.3669005126033,-0.08590814022957));
#10399=CARTESIAN_POINT('',(0.4,0.3556335042011,-0.02814345652469));
#10400=CARTESIAN_POINT('',(0.4,0.35,0.0));
#10401=CARTESIAN_POINT('',(0.54,0.35,0.0));
#10402=CARTESIAN_POINT('',(0.54,0.35,0.0));
#10403=VECTOR('',#11603,0.14);
#10404=CARTESIAN_POINT('',(0.54,0.3838010252066,-0.1));
#10405=VECTOR('',#11604,0.1055580849818);
#10406=CARTESIAN_POINT('',(0.54,-0.35,0.0));
#10407=CARTESIAN_POINT('',(0.54,-0.35,0.0));
#10408=VECTOR('',#11605,0.7);
#10409=CARTESIAN_POINT('',(0.54,-0.3838010252066,-0.1));
#10410=VECTOR('',#11606,0.1055580849818);
#10411=CARTESIAN_POINT('',(0.4,-0.35,0.0));
#10412=VECTOR('',#11607,0.14);
#10413=CARTESIAN_POINT('',(-0.56,-0.76,-6.60394));
#10414=AXIS2_PLACEMENT_3D('',#11608,#11609,#11610);
#10415=CARTESIAN_POINT('',(0.56,-0.76,-6.60394));
#10416=CARTESIAN_POINT('',(-0.56,-0.76,-6.60394));
#10417=VECTOR('',#11611,1.12);
#10418=AXIS2_PLACEMENT_3D('',#11612,#11613,#11614);
#10419=CARTESIAN_POINT('',(0.515,0.02749999999999,-6.60394));
#10420=AXIS2_PLACEMENT_3D('',#11615,#11616,#11617);
#10421=CARTESIAN_POINT('',(0.515,-0.11,-6.60394));
#10422=CARTESIAN_POINT('',(0.515,0.0275,-6.60394));
#10423=VECTOR('',#11618,0.1375);
#10424=CARTESIAN_POINT('',(0.375,-0.11,-6.60394));
#10425=CARTESIAN_POINT('',(0.515,-0.11,-6.60394));
#10426=VECTOR('',#11619,0.14);
#10427=CARTESIAN_POINT('',(0.375,-0.11,-6.60394));
#10428=VECTOR('',#11620,0.1375);
#10429=CARTESIAN_POINT('',(0.56,-0.9,-6.60394));
#10430=AXIS2_PLACEMENT_3D('',#11621,#11622,#11623);
#10431=CARTESIAN_POINT('',(-0.56,-0.9,-6.60394));
#10432=CARTESIAN_POINT('',(0.56,-0.9,-6.60394));
#10433=VECTOR('',#11624,1.12);
#10434=AXIS2_PLACEMENT_3D('',#11625,#11626,#11627);
#10435=CARTESIAN_POINT('',(-0.375,0.0275,-6.60394));
#10436=AXIS2_PLACEMENT_3D('',#11628,#11629,#11630);
#10437=CARTESIAN_POINT('',(-0.375,-0.11,-6.60394));
#10438=CARTESIAN_POINT('',(-0.375,0.0275,-6.60394));
#10439=VECTOR('',#11631,0.1375);
#10440=CARTESIAN_POINT('',(-0.515,-0.11,-6.60394));
#10441=CARTESIAN_POINT('',(-0.375,-0.11,-6.60394));
#10442=VECTOR('',#11632,0.14);
#10443=CARTESIAN_POINT('',(-0.515,0.0275,-6.60394));
#10444=CARTESIAN_POINT('',(-0.515,-0.11,-6.60394));
#10445=VECTOR('',#11633,0.1375);
#10446=AXIS2_PLACEMENT_3D('',#11634,#11635,#11636);
#10447=CARTESIAN_POINT('',(-0.515,0.0275,-6.00394));
#10448=VECTOR('',#11637,0.6);
#10449=CARTESIAN_POINT('',(-0.515,-0.11,-6.00394));
#10450=VECTOR('',#11638,0.6);
#10451=CARTESIAN_POINT('',(-0.375,-0.11,-6.00394));
#10452=VECTOR('',#11639,0.6);
#10453=CARTESIAN_POINT('',(-0.375,0.0275,-6.00394));
#10454=VECTOR('',#11640,0.6);
#10455=CARTESIAN_POINT('',(-0.56,-0.9,-0.40394));
#10456=VECTOR('',#11641,6.2);
#10457=CARTESIAN_POINT('',(0.56,-0.9,-0.40394));
#10458=VECTOR('',#11642,6.2);
#10459=CARTESIAN_POINT('',(0.55,-0.9,-0.40394));
#10460=VECTOR('',#11643,1.1);
#10461=CARTESIAN_POINT('',(0.496465234029,-0.8254859780624,-0.2720386001156));
#10462=CARTESIAN_POINT('',(0.55,-0.9,-0.40394));
#10463=CARTESIAN_POINT('',(0.5486273136931,-0.9,-0.3998789210873));
#10464=CARTESIAN_POINT('',(0.5458819410792,-0.899678552621,-0.3917567663256));
#10465=CARTESIAN_POINT('',(0.5417638821583,-0.8982350556047,-0.3796497431294));
#10466=CARTESIAN_POINT('',(0.5376458232375,-0.8958392623399,-0.3676946666761));
#10467=CARTESIAN_POINT('',(0.5335277643166,-0.8925061595518,-0.3559663203141));
#10468=CARTESIAN_POINT('',(0.5294097053958,-0.8882565972428,-0.3445380701567));
#10469=CARTESIAN_POINT('',(0.5252916464749,-0.8831171582668,-0.3334814048013));
#10470=CARTESIAN_POINT('',(0.5211735875541,-0.8771199920426,-0.3228654884982));
#10471=CARTESIAN_POINT('',(0.5170555286332,-0.8703026134405,-0.3127567283978));
#10472=CARTESIAN_POINT('',(0.5129374697124,-0.8627076681319,-0.3032183591852));
#10473=CARTESIAN_POINT('',(0.5088194107915,-0.8543826657399,-0.2943100474622));
#10474=CARTESIAN_POINT('',(0.5047013518707,-0.845379682954,-0.2860875186949));
#10475=CARTESIAN_POINT('',(0.5005832929499,-0.8357550366174,-0.2786022079328));
#10476=CARTESIAN_POINT('',(0.497837920336,-0.8289643026964,-0.2741346964102));
#10477=CARTESIAN_POINT('',(0.496465234029,-0.8254859780624,-0.2720386001156));
#10478=CARTESIAN_POINT('',(-0.496465234029,-0.8254859780624,-0.2720386001156));
#10479=CARTESIAN_POINT('',(-0.496465234029,-0.8254859780624,-0.2720386001156));
#10480=VECTOR('',#11644,0.992930468058);
#10481=CARTESIAN_POINT('',(-0.55,-0.9,-0.40394));
#10482=CARTESIAN_POINT('',(-0.5486273136931,-0.9,-0.3998789210873));
#10483=CARTESIAN_POINT('',(-0.5458819410792,-0.899678552621,-0.3917567663256));
#10484=CARTESIAN_POINT('',(-0.5417638821583,-0.8982350556047,-0.3796497431294));
#10485=CARTESIAN_POINT('',(-0.5376458232375,-0.8958392623399,-0.3676946666761));
#10486=CARTESIAN_POINT('',(-0.5335277643166,-0.8925061595518,-0.3559663203141));
#10487=CARTESIAN_POINT('',(-0.5294097053958,-0.8882565972428,-0.3445380701567));
#10488=CARTESIAN_POINT('',(-0.5252916464749,-0.8831171582668,-0.3334814048013));
#10489=CARTESIAN_POINT('',(-0.5211735875541,-0.8771199920426,-0.3228654884982));
#10490=CARTESIAN_POINT('',(-0.5170555286332,-0.8703026134405,-0.3127567283978));
#10491=CARTESIAN_POINT('',(-0.5129374697124,-0.8627076681319,-0.3032183591852));
#10492=CARTESIAN_POINT('',(-0.5088194107915,-0.8543826657399,-0.2943100474622));
#10493=CARTESIAN_POINT('',(-0.5047013518707,-0.845379682954,-0.2860875186949));
#10494=CARTESIAN_POINT('',(-0.5005832929499,-0.8357550366174,-0.2786022079328));
#10495=CARTESIAN_POINT('',(-0.497837920336,-0.8289643026964,-0.2741346964102));
#10496=CARTESIAN_POINT('',(-0.496465234029,-0.8254859780624,-0.2720386001156));
#10497=CARTESIAN_POINT('',(-0.496465234029,-0.7532259980057,-0.3919489636469));
#10498=CARTESIAN_POINT('',(-0.496465234029,-0.7532259980057,-0.3919489636469));
#10499=VECTOR('',#11645,0.14);
#10500=CARTESIAN_POINT('',(-0.55,-0.76,-0.40394));
#10501=CARTESIAN_POINT('',(-0.5480935815376,-0.76,-0.4036855494192));
#10502=CARTESIAN_POINT('',(-0.5444851505539,-0.7599860262797,-0.4031886344018));
#10503=CARTESIAN_POINT('',(-0.5397165595078,-0.7599305594105,-0.4024940391508));
#10504=CARTESIAN_POINT('',(-0.5354950225122,-0.7598473477828,-0.4018462025237));
#10505=CARTESIAN_POINT('',(-0.5317645086453,-0.7597423383974,-0.4012449150499));
#10506=CARTESIAN_POINT('',(-0.5284735959272,-0.759621148277,-0.4006895924712));
#10507=CARTESIAN_POINT('',(-0.5255487452968,-0.7594872648064,-0.4001741838552));
#10508=CARTESIAN_POINT('',(-0.5230343708735,-0.7593488441863,-0.3997124415786));
#10509=CARTESIAN_POINT('',(-0.5205562568857,-0.7591934818846,-0.3992425507535));
#10510=CARTESIAN_POINT('',(-0.5171804618504,-0.7589339611064,-0.3985666351969));
#10511=CARTESIAN_POINT('',(-0.514603774444,-0.7586899201338,-0.3980177868192));
#10512=CARTESIAN_POINT('',(-0.5122931497429,-0.7584358560129,-0.3975015191266));
#10513=CARTESIAN_POINT('',(-0.5103223295036,-0.7581836091391,-0.397037512067));
#10514=CARTESIAN_POINT('',(-0.5086130755315,-0.7579342066371,-0.396615347202));
#10515=CARTESIAN_POINT('',(-0.5071286380793,-0.7576886405749,-0.3962305059058));
#10516=CARTESIAN_POINT('',(-0.5058540824372,-0.7574535489569,-0.3958851515223));
#10517=CARTESIAN_POINT('',(-0.5046773591245,-0.7572083274927,-0.3955493685931));
#10518=CARTESIAN_POINT('',(-0.5038809528794,-0.7570315753523,-0.3953156742326));
#10519=CARTESIAN_POINT('',(-0.5022908842544,-0.7566287230009,-0.3948198946584));
#10520=CARTESIAN_POINT('',(-0.5009934062533,-0.7562270333752,-0.394373542606));
#10521=CARTESIAN_POINT('',(-0.4999137954922,-0.7558311203904,-0.393967662522));
#10522=CARTESIAN_POINT('',(-0.4990411302579,-0.7554496501346,-0.3936056532653));
#10523=CARTESIAN_POINT('',(-0.4983199249603,-0.7550663985769,-0.3932694853643));
#10524=CARTESIAN_POINT('',(-0.4978222756294,-0.7547581807995,-0.3930138846638));
#10525=CARTESIAN_POINT('',(-0.4971673322355,-0.7542521717495,-0.3926237127387));
#10526=CARTESIAN_POINT('',(-0.496699514693,-0.7537109279293,-0.3922493983936));
#10527=CARTESIAN_POINT('',(-0.4965271297971,-0.7533828390654,-0.3920434786789));
#10528=CARTESIAN_POINT('',(-0.496465234029,-0.7532259980057,-0.3919489636469));
#10529=CARTESIAN_POINT('',(0.496465234029,-0.7532259980057,-0.3919489636469));
#10530=CARTESIAN_POINT('',(0.496465234029,-0.7532259980057,-0.3919489636469));
#10531=VECTOR('',#11646,0.992930468058);
#10532=CARTESIAN_POINT('',(0.55,-0.76,-0.40394));
#10533=CARTESIAN_POINT('',(0.5480935815376,-0.76,-0.4036855494192));
#10534=CARTESIAN_POINT('',(0.5444851505539,-0.7599860262797,-0.4031886344018));
#10535=CARTESIAN_POINT('',(0.5397165595078,-0.7599305594105,-0.4024940391508));
#10536=CARTESIAN_POINT('',(0.5354950225122,-0.7598473477828,-0.4018462025237));
#10537=CARTESIAN_POINT('',(0.5317645086453,-0.7597423383974,-0.4012449150499));
#10538=CARTESIAN_POINT('',(0.5284735959272,-0.759621148277,-0.4006895924712));
#10539=CARTESIAN_POINT('',(0.5255487452968,-0.7594872648064,-0.4001741838552));
#10540=CARTESIAN_POINT('',(0.5230343708735,-0.7593488441864,-0.3997124415786));
#10541=CARTESIAN_POINT('',(0.5205562568857,-0.7591934818846,-0.3992425507535));
#10542=CARTESIAN_POINT('',(0.5171804618504,-0.7589339611064,-0.3985666351969));
#10543=CARTESIAN_POINT('',(0.514603774444,-0.7586899201338,-0.3980177868192));
#10544=CARTESIAN_POINT('',(0.5122931497429,-0.7584358560129,-0.3975015191266));
#10545=CARTESIAN_POINT('',(0.5103223295036,-0.7581836091391,-0.397037512067));
#10546=CARTESIAN_POINT('',(0.5086130755315,-0.7579342066371,-0.396615347202));
#10547=CARTESIAN_POINT('',(0.5071286380793,-0.7576886405749,-0.3962305059058));
#10548=CARTESIAN_POINT('',(0.5058540824372,-0.7574535489569,-0.3958851515223));
#10549=CARTESIAN_POINT('',(0.5046773591245,-0.7572083274927,-0.3955493685931));
#10550=CARTESIAN_POINT('',(0.5038809528794,-0.7570315753523,-0.3953156742326));
#10551=CARTESIAN_POINT('',(0.5022908842544,-0.7566287230009,-0.3948198946584));
#10552=CARTESIAN_POINT('',(0.5009934062533,-0.7562270333752,-0.394373542606));
#10553=CARTESIAN_POINT('',(0.4999137954922,-0.7558311203904,-0.393967662522));
#10554=CARTESIAN_POINT('',(0.4990411302579,-0.7554496501346,-0.3936056532653));
#10555=CARTESIAN_POINT('',(0.4983199249603,-0.7550663985769,-0.3932694853643));
#10556=CARTESIAN_POINT('',(0.4978222756294,-0.7547581807995,-0.3930138846638));
#10557=CARTESIAN_POINT('',(0.4971673322355,-0.7542521717495,-0.3926237127387));
#10558=CARTESIAN_POINT('',(0.496699514693,-0.7537109279293,-0.3922493983936));
#10559=CARTESIAN_POINT('',(0.4965271297971,-0.7533828390654,-0.3920434786789));
#10560=CARTESIAN_POINT('',(0.496465234029,-0.7532259980057,-0.3919489636469));
#10561=CARTESIAN_POINT('',(0.55,-0.76,-0.40394));
#10562=VECTOR('',#11647,1.1);
#10563=CARTESIAN_POINT('',(0.56,-0.76,-0.40394));
#10564=VECTOR('',#11648,6.2);
#10565=CARTESIAN_POINT('',(-0.56,-0.76,-0.40394));
#10566=VECTOR('',#11649,6.2);
#10567=CARTESIAN_POINT('',(0.496465234029,-0.8254859780624,-0.2720386001156));
#10568=VECTOR('',#11650,0.14);
#10569=CARTESIAN_POINT('',(0.3838010252066,-0.4,-0.1790891004978));
#10570=CARTESIAN_POINT('',(0.496465234029,-0.7532259980057,-0.3919489636469));
#10571=CARTESIAN_POINT('',(0.4743202418418,-0.6971115955719,-0.3581334911443));
#10572=CARTESIAN_POINT('',(0.4367655055677,-0.5810715711333,-0.2882058418171));
#10573=CARTESIAN_POINT('',(0.4025783933437,-0.4605479818648,-0.2155763217286));
#10574=CARTESIAN_POINT('',(0.3838010252066,-0.4,-0.1790891004978));
#10575=CARTESIAN_POINT('',(0.3838010252066,-0.54,-0.1));
#10576=CARTESIAN_POINT('',(0.3838010252066,-0.54,-0.1));
#10577=VECTOR('',#11651,0.1607951672705);
#10578=CARTESIAN_POINT('',(0.496465234029,-0.8254859780624,-0.2720386001156));
#10579=VECTOR('',#11652,0.3518419354619);
#10580=CARTESIAN_POINT('',(-0.3838010252066,-0.54,-0.1));
#10581=CARTESIAN_POINT('',(-0.3838010252066,-0.54,-0.1));
#10582=VECTOR('',#11653,0.7676020504132);
#10583=CARTESIAN_POINT('',(-0.496465234029,-0.8254859780624,-0.2720386001156));
#10584=VECTOR('',#11654,0.3518419354619);
#10585=CARTESIAN_POINT('',(-0.3838010252066,-0.4,-0.1790891004978));
#10586=CARTESIAN_POINT('',(-0.3838010252066,-0.4,-0.1790891004978));
#10587=VECTOR('',#11655,0.1607951672705);
#10588=CARTESIAN_POINT('',(-0.496465234029,-0.7532259980057,-0.3919489636469));
#10589=CARTESIAN_POINT('',(-0.4743202418418,-0.6971115955719,-0.3581334911443));
#10590=CARTESIAN_POINT('',(-0.4367655055677,-0.5810715711333,-0.2882058418171));
#10591=CARTESIAN_POINT('',(-0.4025783933437,-0.4605479818648,-0.2155763217286));
#10592=CARTESIAN_POINT('',(-0.3838010252066,-0.4,-0.1790891004978));
#10593=CARTESIAN_POINT('',(0.3838010252066,-0.4,-0.1790891004978));
#10594=VECTOR('',#11656,0.7676020504132);
#10595=CARTESIAN_POINT('',(-0.35,-0.4,0.0));
#10596=CARTESIAN_POINT('',(-0.3838010252066,-0.4,-0.1790891004978));
#10597=CARTESIAN_POINT('',(-0.3781675210055,-0.4,-0.1472829753266));
#10598=CARTESIAN_POINT('',(-0.3669005126033,-0.4,-0.08590814022957));
#10599=CARTESIAN_POINT('',(-0.3556335042011,-0.4,-0.02814345652469));
#10600=CARTESIAN_POINT('',(-0.35,-0.4,0.0));
#10601=CARTESIAN_POINT('',(0.35,-0.4,0.0));
#10602=CARTESIAN_POINT('',(0.35,-0.4,0.0));
#10603=VECTOR('',#11657,0.7);
#10604=CARTESIAN_POINT('',(0.3838010252066,-0.4,-0.1790891004978));
#10605=CARTESIAN_POINT('',(0.3781675210055,-0.4,-0.1472829753266));
#10606=CARTESIAN_POINT('',(0.3669005126033,-0.4,-0.08590814022957));
#10607=CARTESIAN_POINT('',(0.3556335042011,-0.4,-0.02814345652469));
#10608=CARTESIAN_POINT('',(0.35,-0.4,0.0));
#10609=CARTESIAN_POINT('',(0.35,-0.54,0.0));
#10610=CARTESIAN_POINT('',(0.35,-0.54,0.0));
#10611=VECTOR('',#11658,0.14);
#10612=CARTESIAN_POINT('',(0.3838010252066,-0.54,-0.1));
#10613=VECTOR('',#11659,0.1055580849818);
#10614=CARTESIAN_POINT('',(-0.35,-0.54,0.0));
#10615=CARTESIAN_POINT('',(-0.35,-0.54,0.0));
#10616=VECTOR('',#11660,0.7);
#10617=CARTESIAN_POINT('',(-0.3838010252066,-0.54,-0.1));
#10618=VECTOR('',#11661,0.1055580849818);
#10619=CARTESIAN_POINT('',(-0.35,-0.4,0.0));
#10620=VECTOR('',#11662,0.14);
#10621=CARTESIAN_POINT('',(0.375,-0.11,-6.00394));
#10622=VECTOR('',#11663,0.6);
#10623=CARTESIAN_POINT('',(0.515,-0.11,-6.00394));
#10624=VECTOR('',#11664,0.6);
#10625=CARTESIAN_POINT('',(0.515,0.0275,-6.00394));
#10626=VECTOR('',#11665,0.6);
#10627=CARTESIAN_POINT('',(-0.7532259980057,0.496465234029,-0.3919489636469));
#10628=CARTESIAN_POINT('',(-0.76,0.55,-0.40394));
#10629=CARTESIAN_POINT('',(-0.76,0.5480936223156,-0.4036855548618));
#10630=CARTESIAN_POINT('',(-0.7599860268804,0.5444852638938,-0.4031886501856));
#10631=CARTESIAN_POINT('',(-0.7599305622022,0.5397167528271,-0.4024940678479));
#10632=CARTESIAN_POINT('',(-0.759847353548,0.535495272903,-0.4018462417259));
#10633=CARTESIAN_POINT('',(-0.7597423477068,0.5317647992961,-0.4012449628947));
#10634=CARTESIAN_POINT('',(-0.7596211607256,0.528473903952,-0.4006896453927));
#10635=CARTESIAN_POINT('',(-0.7594872821895,0.5255490869047,-0.4001742454606));
#10636=CARTESIAN_POINT('',(-0.7593488589546,0.5230346298663,-0.3997124895518));
#10637=CARTESIAN_POINT('',(-0.7591935205151,0.5205568228549,-0.3992426604602));
#10638=CARTESIAN_POINT('',(-0.7589339999163,0.5171809084232,-0.398566727879));
#10639=CARTESIAN_POINT('',(-0.7586899640707,0.5146042082381,-0.3980178811826));
#10640=CARTESIAN_POINT('',(-0.75843590223,0.5122935377337,-0.3975016082144));
#10641=CARTESIAN_POINT('',(-0.7581836568984,0.5103226787256,-0.3970375962758));
#10642=CARTESIAN_POINT('',(-0.7579342545924,0.5086133838565,-0.3966154252365));
#10643=CARTESIAN_POINT('',(-0.7576886881224,0.507128908866,-0.3962305778087));
#10644=CARTESIAN_POINT('',(-0.7574535938615,0.5058543130735,-0.3958852154525));
#10645=CARTESIAN_POINT('',(-0.7572083742782,0.5046775705216,-0.3955494305353));
#10646=CARTESIAN_POINT('',(-0.7570316043019,0.5038810816034,-0.3953157122423));
#10647=CARTESIAN_POINT('',(-0.7566288059107,0.5022911834327,-0.3948199920457));
#10648=CARTESIAN_POINT('',(-0.7562270959103,0.5009935877622,-0.3943736086214));
#10649=CARTESIAN_POINT('',(-0.7558311808165,0.4999139463352,-0.3939677220589));
#10650=CARTESIAN_POINT('',(-0.7554497012477,0.4990412357829,-0.3936056997679));
#10651=CARTESIAN_POINT('',(-0.7550664433141,0.4983200004,-0.393269523038));
#10652=CARTESIAN_POINT('',(-0.7547582079265,0.4978223161413,-0.3930139065695));
#10653=CARTESIAN_POINT('',(-0.7542522175366,0.4971673807004,-0.3926237460571));
#10654=CARTESIAN_POINT('',(-0.7537109456764,0.4966995233619,-0.3922494094161));
#10655=CARTESIAN_POINT('',(-0.7533828457511,0.4965271324356,-0.3920434827078));
#10656=CARTESIAN_POINT('',(-0.7532259980057,0.496465234029,-0.3919489636469));
#10657=CARTESIAN_POINT('',(-0.7532259980057,-0.496465234029,-0.3919489636469));
#10658=VECTOR('',#11666,0.992930468058);
#10659=CARTESIAN_POINT('',(-0.4,0.3838010252066,-0.1790891004978));
#10660=CARTESIAN_POINT('',(-0.7532259980057,0.496465234029,-0.3919489636469));
#10661=CARTESIAN_POINT('',(-0.6971115955719,0.4743202418418,-0.3581334911443));
#10662=CARTESIAN_POINT('',(-0.5810715711333,0.4367655055677,-0.2882058418171));
#10663=CARTESIAN_POINT('',(-0.4605479818648,0.4025783933437,-0.2155763217286));
#10664=CARTESIAN_POINT('',(-0.4,0.3838010252066,-0.1790891004978));
#10665=CARTESIAN_POINT('',(-0.4,-0.3838010252066,-0.1790891004978));
#10666=CARTESIAN_POINT('',(-0.4,-0.3838010252066,-0.1790891004978));
#10667=VECTOR('',#11667,0.7676020504132);
#10668=CARTESIAN_POINT('',(-0.7532259980057,-0.496465234029,-0.3919489636469));
#10669=CARTESIAN_POINT('',(-0.6971115955719,-0.4743202418418,-0.3581334911443));
#10670=CARTESIAN_POINT('',(-0.5810715711333,-0.4367655055677,-0.2882058418171));
#10671=CARTESIAN_POINT('',(-0.4605479818648,-0.4025783933436,-0.2155763217286));
#10672=CARTESIAN_POINT('',(-0.4,-0.3838010252066,-0.1790891004978));
#10673=CARTESIAN_POINT('',(-0.54,-0.3838010252066,-0.1));
#10674=CARTESIAN_POINT('',(-0.54,-0.3838010252066,-0.1));
#10675=VECTOR('',#11668,0.1607951672705);
#10676=CARTESIAN_POINT('',(-0.8254859780624,-0.496465234029,-0.2720386001156));
#10677=VECTOR('',#11669,0.3518419354619);
#10678=CARTESIAN_POINT('',(-0.54,0.3838010252066,-0.1));
#10679=CARTESIAN_POINT('',(-0.54,0.3838010252066,-0.1));
#10680=VECTOR('',#11670,0.7676020504132);
#10681=CARTESIAN_POINT('',(-0.8254859780624,0.496465234029,-0.2720386001156));
#10682=VECTOR('',#11671,0.3518419354619);
#10683=CARTESIAN_POINT('',(-0.4,0.3838010252066,-0.1790891004978));
#10684=VECTOR('',#11672,0.1607951672705);
#10685=CARTESIAN_POINT('',(-0.7532259980057,0.496465234029,-0.3919489636469));
#10686=VECTOR('',#11673,0.14);
#10687=CARTESIAN_POINT('',(-0.54,0.35,0.0));
#10688=CARTESIAN_POINT('',(-0.54,0.3838010252066,-0.1));
#10689=VECTOR('',#11674,0.1055580849818);
#10690=CARTESIAN_POINT('',(-0.4,0.35,0.0));
#10691=CARTESIAN_POINT('',(-0.4,0.35,0.0));
#10692=VECTOR('',#11675,0.14);
#10693=CARTESIAN_POINT('',(-0.4,0.3838010252066,-0.1790891004978));
#10694=CARTESIAN_POINT('',(-0.4,0.3781675210055,-0.1472829753266));
#10695=CARTESIAN_POINT('',(-0.4,0.3669005126033,-0.08590814022957));
#10696=CARTESIAN_POINT('',(-0.4,0.3556335042011,-0.02814345652469));
#10697=CARTESIAN_POINT('',(-0.4,0.35,0.0));
#10698=CARTESIAN_POINT('',(-0.4,-0.35,0.0));
#10699=CARTESIAN_POINT('',(-0.4,-0.35,0.0));
#10700=VECTOR('',#11676,0.7);
#10701=CARTESIAN_POINT('',(-0.4,-0.3838010252066,-0.1790891004978));
#10702=CARTESIAN_POINT('',(-0.4,-0.3781675210055,-0.1472829753266));
#10703=CARTESIAN_POINT('',(-0.4,-0.3669005126033,-0.08590814022957));
#10704=CARTESIAN_POINT('',(-0.4,-0.3556335042011,-0.02814345652469));
#10705=CARTESIAN_POINT('',(-0.4,-0.35,0.0));
#10706=CARTESIAN_POINT('',(-0.54,-0.35,0.0));
#10707=CARTESIAN_POINT('',(-0.54,-0.35,0.0));
#10708=VECTOR('',#11677,0.14);
#10709=CARTESIAN_POINT('',(-0.54,-0.3838010252066,-0.1));
#10710=VECTOR('',#11678,0.1055580849818);
#10711=CARTESIAN_POINT('',(-0.54,0.35,0.0));
#10712=VECTOR('',#11679,0.7);
#10713=DIRECTION('',(-0.0809597672108719,-0.0134054033556303,0.996627217797123));
#10714=DIRECTION('',(-0.031229985269361,-0.063218859576632,0.997510934182631));
#10715=DIRECTION('',(0.230389640891803,-0.973098460264811,-7.38362022762708E-14));
#10716=DIRECTION('',(0.0,-1.0,-1.09164574927E-14));
#10717=DIRECTION('',(1.0,0.0,-1.33226762955E-14));
#10718=DIRECTION('',(-1.0,0.0,0.0));
#10719=DIRECTION('',(1.0,0.0,0.0));
#10720=DIRECTION('',(-1.0,0.0,0.0));
#10721=DIRECTION('',(-1.0,0.0,0.0));
#10722=DIRECTION('',(-1.0,0.0,0.0));
#10723=DIRECTION('',(-1.0,-1.472448710925E-14,-1.765559110055E-14));
#10724=DIRECTION('',(-1.0,-1.413826631099E-14,0.0));
#10725=DIRECTION('',(0.999999999999928,3.79286577737311E-07,0.0));
#10726=DIRECTION('',(0.999999999999875,5.00673100245987E-07,0.0));
#10727=DIRECTION('',(0.230389640891803,-0.973098460264811,0.0));
#10728=DIRECTION('',(-0.973098460264811,-0.230389640891803,0.0));
#10729=DIRECTION('',(0.230389640891803,-0.973098460264811,0.0));
#10730=DIRECTION('',(-0.230389640891803,-0.973098460264811,0.0));
#10731=DIRECTION('',(-0.973098460264811,0.230389640891803,0.0));
#10732=DIRECTION('',(-0.230389640891803,-0.973098460264811,0.0));
#10733=DIRECTION('',(-0.230389640891803,0.973098460264811,0.0));
#10734=DIRECTION('',(0.0,0.0,-1.0));
#10735=DIRECTION('',(0.0,0.0,-1.0));
#10736=DIRECTION('',(0.230389640891803,-0.973098460264811,0.0));
#10737=DIRECTION('',(-0.973098460264811,-0.230389640891803,0.0));
#10738=DIRECTION('',(0.230389640891803,-0.973098460264811,0.0));
#10739=DIRECTION('',(-0.999999999999989,1.48459154772298E-07,0.0));
#10740=DIRECTION('',(-1.0,0.0,0.0));
#10741=DIRECTION('',(-0.286908279073809,0.066155954047682,-0.955670983729728));
#10742=DIRECTION('',(0.28690827907381,0.0661559540476222,-0.955670983729732));
#10743=CARTESIAN_POINT('',(0.0,-0.025,-10.90000266726));
#10744=DIRECTION('',(0.0,0.0,-1.0));
#10745=DIRECTION('',(0.973098460264811,-0.230389640891803,0.0));
#10746=CARTESIAN_POINT('',(0.0,0.075,-11.90000625624));
#10747=DIRECTION('',(0.0,0.0,1.0));
#10748=DIRECTION('',(-0.953939201416942,-0.300000000000013,0.0));
#10749=DIRECTION('',(0.286908279073808,0.0661559540476919,-0.955670983729728));
#10750=DIRECTION('',(1.0,0.0,0.0));
#10751=DIRECTION('',(0.999999999999994,-1.12498207414599E-07,0.0));
#10752=DIRECTION('',(-0.230389640891803,-0.973098460264811,0.0));
#10753=DIRECTION('',(-0.973098460264811,0.230389640891803,0.0));
#10754=DIRECTION('',(-0.230389640891803,-0.973098460264811,0.0));
#10755=DIRECTION('',(0.0,0.0,-1.0));
#10756=DIRECTION('',(0.230389640891803,0.973098460264811,-2.56828011390303E-14));
#10757=DIRECTION('',(0.0,0.0,-1.0));
#10758=DIRECTION('',(-0.230389640891803,-0.973098460264811,-2.14366090391802E-14));
#10759=DIRECTION('',(0.192048135578608,0.981385507138138,0.0));
#10760=DIRECTION('',(0.999999999999991,1.33910395211599E-07,0.0));
#10761=DIRECTION('',(1.0,0.0,0.0));
#10762=DIRECTION('',(0.285584671147812,0.0588812555519925,-0.95654293858144));
#10763=CARTESIAN_POINT('',(0.0,0.075,-11.90000600701));
#10764=DIRECTION('',(0.0,0.0,-1.0));
#10765=DIRECTION('',(0.981385507138138,-0.192048135578608,0.0));
#10766=DIRECTION('',(-0.285584671147894,0.0588812555525787,-0.95654293858138));
#10767=CARTESIAN_POINT('',(0.0,-0.025,-10.90000117015));
#10768=DIRECTION('',(0.0,0.0,1.0));
#10769=DIRECTION('',(-0.973098460264811,-0.230389640891803,0.0));
#10770=DIRECTION('',(0.285584671147895,0.0588812555525289,-0.956542938581383));
#10771=DIRECTION('',(0.230389640891803,0.973098460264811,-3.00112488892503E-14));
#10772=DIRECTION('',(-0.192048135578608,-0.981385507138138,0.0));
#10773=DIRECTION('',(0.0,0.0,-1.0));
#10774=DIRECTION('',(-0.230389640891803,-0.973098460264811,-4.22566871726505E-13));
#10775=DIRECTION('',(0.0,0.0,-1.0));
#10776=DIRECTION('',(0.027328181545,-0.09581031622376,0.995024398594601));
#10777=DIRECTION('',(0.0,1.0,1.197518999323E-14));
#10778=DIRECTION('',(0.0,0.0,-1.0));
#10779=DIRECTION('',(0.0,-1.0,0.0));
#10780=DIRECTION('',(0.0,0.0,1.0));
#10781=DIRECTION('',(0.0,-1.0,0.0));
#10782=DIRECTION('',(0.0,0.0,-1.0));
#10783=DIRECTION('',(-1.0,0.0,0.0));
#10784=DIRECTION('',(0.0,0.0,-1.0));
#10785=DIRECTION('',(0.0,1.0,0.0));
#10786=DIRECTION('',(0.0,0.0,-1.0));
#10787=DIRECTION('',(0.0,-1.0,-4.529709940471E-14));
#10788=DIRECTION('',(0.0,0.0,1.0));
#10789=DIRECTION('',(0.0,1.0,0.0));
#10790=DIRECTION('',(0.031229985269361,-0.063218859576632,0.997510934182631));
#10791=DIRECTION('',(0.0809597672291995,-0.0134054033512399,0.996627217795693));
#10792=CARTESIAN_POINT('',(0.0,-0.025,-8.099999954622));
#10793=DIRECTION('',(0.0,0.0,1.0));
#10794=DIRECTION('',(1.762127614983E-11,-1.0,0.0));
#10795=DIRECTION('',(-2.936838612223E-12,0.0,1.0));
#10796=DIRECTION('',(1.0,0.0,0.0));
#10797=DIRECTION('',(1.0,0.0,0.0));
#10798=DIRECTION('',(0.0,0.0,-1.0));
#10799=DIRECTION('',(1.0,0.0,0.0));
#10800=DIRECTION('',(0.0,0.0,-1.0));
#10801=CARTESIAN_POINT('',(-0.275,-0.275,-4.3));
#10802=DIRECTION('',(0.0,0.0,1.0));
#10803=DIRECTION('',(-1.0,0.0,0.0));
#10804=DIRECTION('',(0.0,0.0,-1.0));
#10805=DIRECTION('',(0.0,-1.0,0.0));
#10806=DIRECTION('',(0.0,0.0,-1.0));
#10807=DIRECTION('',(0.0,-1.0,0.0));
#10808=DIRECTION('',(0.0,0.0,-1.0));
#10809=DIRECTION('',(1.0,0.0,0.0));
#10810=DIRECTION('',(0.0,0.0,-1.0));
#10811=DIRECTION('',(0.0,1.0,0.0));
#10812=DIRECTION('',(0.0,0.0,1.0));
#10813=DIRECTION('',(0.0,1.0,0.0));
#10814=DIRECTION('',(0.0,0.0,1.0));
#10815=DIRECTION('',(0.0,-1.0,0.0));
#10816=DIRECTION('',(-0.027328181545,-0.09581031622376,0.995024398594601));
#10817=DIRECTION('',(-0.230389640891803,0.973098460264811,-1.09524172787401E-14));
#10818=DIRECTION('',(0.0,0.0,-1.0));
#10819=DIRECTION('',(0.0,0.0,-1.0));
#10820=DIRECTION('',(0.230389640891803,-0.973098460264811,-3.00112549587203E-14));
#10821=CARTESIAN_POINT('',(0.0,-0.025,-8.099991978366));
#10822=DIRECTION('',(0.0,0.0,1.0));
#10823=DIRECTION('',(-0.230389597276197,-0.973098470591189,0.0));
#10824=CARTESIAN_POINT('',(0.0,-0.025,-8.100000000034));
#10825=DIRECTION('',(-0.0,0.0,-1.0));
#10826=DIRECTION('',(-8.757622915263E-12,-1.0,0.0));
#10827=CARTESIAN_POINT('',(0.0,-0.025,-8.100000000033));
#10828=DIRECTION('',(0.0,0.0,-1.0));
#10829=DIRECTION('',(0.0278882089465314,-0.999611048259149,0.0));
#10830=CARTESIAN_POINT('',(0.0,-0.025,-8.10000067055));
#10831=DIRECTION('',(0.0,0.0,1.0));
#10832=DIRECTION('',(0.0278882089465314,-0.999611048259149,0.0));
#10833=DIRECTION('',(0.113405247311303,-0.00954519906924729,0.99350296378873));
#10834=CARTESIAN_POINT('',(0.275,-0.275,-6.7));
#10835=DIRECTION('',(0.0,0.0,1.0));
#10836=DIRECTION('',(0.0,-1.0,0.0));
#10837=DIRECTION('',(0.0,0.0,1.0));
#10838=CARTESIAN_POINT('',(0.275,-0.275,-5.0));
#10839=DIRECTION('',(0.0,0.0,-1.0));
#10840=DIRECTION('',(1.0,0.0,0.0));
#10841=DIRECTION('',(-1.0,0.0,0.0));
#10842=CARTESIAN_POINT('',(-0.275,-0.275,-5.0));
#10843=DIRECTION('',(0.0,0.0,-1.0));
#10844=DIRECTION('',(0.0,-1.0,0.0));
#10845=CARTESIAN_POINT('',(-0.275,0.275,-5.0));
#10846=DIRECTION('',(0.0,0.0,-1.0));
#10847=DIRECTION('',(-1.0,0.0,0.0));
#10848=DIRECTION('',(1.0,0.0,0.0));
#10849=DIRECTION('',(0.0,0.0,1.0));
#10850=DIRECTION('',(1.0,0.0,0.0));
#10851=CARTESIAN_POINT('',(-0.275,0.275,-6.0));
#10852=DIRECTION('',(0.0,-0.0,1.0));
#10853=DIRECTION('',(0.0,1.0,0.0));
#10854=DIRECTION('',(-1.0,0.0,0.0));
#10855=CARTESIAN_POINT('',(-0.275,0.275,-6.0));
#10856=DIRECTION('',(0.0,0.0,-1.0));
#10857=DIRECTION('',(-1.0,0.0,0.0));
#10858=DIRECTION('',(0.0,0.0,-1.0));
#10859=DIRECTION('',(-1.0,0.0,0.0));
#10860=DIRECTION('',(0.0,0.0519166838059001,-0.998651419636801));
#10861=DIRECTION('',(-1.0,0.0,0.0));
#10862=DIRECTION('',(0.0518468583162493,0.0518468583162493,-0.997308280606087));
#10863=DIRECTION('',(0.0,1.0,0.0));
#10864=DIRECTION('',(0.0519166838059001,0.0,-0.998651419636801));
#10865=CARTESIAN_POINT('',(0.275,-0.275,-1.895543122105));
#10866=DIRECTION('',(0.0,0.0,1.0));
#10867=DIRECTION('',(0.0,-1.0,0.0));
#10868=DIRECTION('',(0.0,-0.0519166838059001,-0.998651419636801));
#10869=CARTESIAN_POINT('',(0.275,-0.275,-4.3));
#10870=DIRECTION('',(0.0,0.0,1.0));
#10871=DIRECTION('',(0.0,-1.0,0.0));
#10872=DIRECTION('',(1.0,0.0,0.0));
#10873=DIRECTION('',(0.0,-0.0519166838059001,-0.998651419636801));
#10874=CARTESIAN_POINT('',(-0.275,-0.275,-1.895543122105));
#10875=DIRECTION('',(0.0,0.0,1.0));
#10876=DIRECTION('',(-1.0,0.0,0.0));
#10877=DIRECTION('',(-0.0519166838059001,0.0,-0.998651419636801));
#10878=DIRECTION('',(0.0,-1.0,0.0));
#10879=DIRECTION('',(-0.0519166838059001,0.0,-0.998651419636801));
#10880=CARTESIAN_POINT('',(-0.275,0.275,-1.895543122105));
#10881=DIRECTION('',(0.0,-0.0,1.0));
#10882=DIRECTION('',(0.0,1.0,0.0));
#10883=CARTESIAN_POINT('',(-0.275,0.275,-4.3));
#10884=DIRECTION('',(0.0,-0.0,1.0));
#10885=DIRECTION('',(0.0,1.0,0.0));
#10886=CARTESIAN_POINT('',(0.5981123512253,0.275,-1.957829139908));
#10887=DIRECTION('',(0.0,-1.0,0.0));
#10888=DIRECTION('',(-0.965925826289076,0.0,0.258819045102493));
#10889=CARTESIAN_POINT('',(-0.275,0.275,-1.647316093441));
#10890=DIRECTION('',(0.0,-0.0,1.0));
#10891=DIRECTION('',(0.0,1.0,0.0));
#10892=CARTESIAN_POINT('',(-0.275,-0.5981123512253,-1.957829139908));
#10893=DIRECTION('',(-1.0,0.0,0.0));
#10894=DIRECTION('',(0.0,0.965925826289076,0.258819045102493));
#10895=DIRECTION('',(-1.0,0.0,0.0));
#10896=DIRECTION('',(0.0,1.0,0.0));
#10897=CARTESIAN_POINT('',(-0.5981123512253,-0.275,-1.957829139908));
#10898=DIRECTION('',(-0.0,1.0,0.0));
#10899=DIRECTION('',(0.965925826289076,0.0,0.258819045102493));
#10900=CARTESIAN_POINT('',(0.275,-0.275,-1.647316093441));
#10901=DIRECTION('',(0.0,0.0,1.0));
#10902=DIRECTION('',(0.0,-1.0,0.0));
#10903=CARTESIAN_POINT('',(0.275,0.5981123512253,-1.957829139908));
#10904=DIRECTION('',(1.0,0.0,0.0));
#10905=DIRECTION('',(0.0,-0.965925826289076,0.258819045102493));
#10906=DIRECTION('',(1.0,0.0,0.0));
#10907=CARTESIAN_POINT('',(-0.275,0.5981123512253,-1.957829139908));
#10908=DIRECTION('',(1.0,0.0,0.0));
#10909=DIRECTION('',(0.0,-0.965925826289076,0.258819045102493));
#10910=CARTESIAN_POINT('',(-0.275,-0.275,-1.647316093441));
#10911=DIRECTION('',(0.0,0.0,1.0));
#10912=DIRECTION('',(-1.0,0.0,0.0));
#10913=CARTESIAN_POINT('',(0.5981123512253,-0.275,-1.957829139908));
#10914=DIRECTION('',(0.0,-1.0,0.0));
#10915=DIRECTION('',(-0.965925826289076,0.0,0.258819045102493));
#10916=DIRECTION('',(0.0,-1.0,0.0));
#10917=DIRECTION('',(-0.258819045102493,2.25129732111894E-14,-0.965925826289076));
#10918=DIRECTION('',(-0.258819045102493,0.0,-0.965925826289076));
#10919=DIRECTION('',(0.0,-1.0,0.0));
#10920=DIRECTION('',(0.0,-1.0,0.0));
#10921=DIRECTION('',(-0.258819045102493,0.0,-0.965925826289076));
#10922=DIRECTION('',(0.0,-1.0,0.0));
#10923=DIRECTION('',(-0.258819045102493,0.0,-0.965925826289076));
#10924=DIRECTION('',(0.0,0.0,-1.0));
#10925=DIRECTION('',(0.0,-1.0,0.0));
#10926=DIRECTION('',(0.0,-5.535331867936E-13,-1.0));
#10927=CARTESIAN_POINT('',(-0.275,0.275,-1.5));
#10928=DIRECTION('',(0.0,-0.0,1.0));
#10929=DIRECTION('',(0.0,1.0,0.0));
#10930=DIRECTION('',(0.0,0.0,-1.0));
#10931=CARTESIAN_POINT('',(-0.275,0.275,-1.513939633983));
#10932=DIRECTION('',(0.0,-0.0,1.0));
#10933=DIRECTION('',(0.0,1.0,0.0));
#10934=CARTESIAN_POINT('',(-0.275,0.275,-1.351763809021));
#10935=DIRECTION('',(0.0,-0.0,1.0));
#10936=DIRECTION('',(0.0,1.0,0.0));
#10937=DIRECTION('',(0.0,0.258819045102493,-0.965925826289076));
#10938=CARTESIAN_POINT('',(-0.275,0.275,-1.5));
#10939=DIRECTION('',(0.0,-0.0,1.0));
#10940=DIRECTION('',(1.284850498711E-14,1.0,0.0));
#10941=DIRECTION('',(0.0,0.258819045102493,-0.965925826289076));
#10942=DIRECTION('',(1.0,0.0,0.0));
#10943=CARTESIAN_POINT('',(0.275,-0.275,-1.5));
#10944=DIRECTION('',(0.0,0.0,1.0));
#10945=DIRECTION('',(0.0,-1.0,0.0));
#10946=DIRECTION('',(0.0,1.0,0.0));
#10947=DIRECTION('',(-1.0,0.0,0.0));
#10948=CARTESIAN_POINT('',(-0.275,-0.275,-1.5));
#10949=DIRECTION('',(0.0,0.0,1.0));
#10950=DIRECTION('',(-1.0,0.0,0.0));
#10951=CARTESIAN_POINT('',(0.275,-0.275,-1.5));
#10952=DIRECTION('',(0.0,0.0,1.0));
#10953=DIRECTION('',(0.0,-1.0,0.0));
#10954=DIRECTION('',(0.0,1.0,0.0));
#10955=DIRECTION('',(-1.0,0.0,0.0));
#10956=DIRECTION('',(0.0,1.0,0.0));
#10957=CARTESIAN_POINT('',(0.275,-0.275,-1.5));
#10958=DIRECTION('',(0.0,0.0,1.0));
#10959=DIRECTION('',(0.0,-1.0,0.0));
#10960=DIRECTION('',(1.0,0.0,0.0));
#10961=DIRECTION('',(0.0,1.0,0.0));
#10962=DIRECTION('',(1.0,0.0,0.0));
#10963=CARTESIAN_POINT('',(-0.275,0.275,-1.5));
#10964=DIRECTION('',(0.0,0.0,1.0));
#10965=DIRECTION('',(-2.952056756295E-14,1.0,0.0));
#10966=DIRECTION('',(0.0,-1.0,0.0));
#10967=DIRECTION('',(1.0,0.0,0.0));
#10968=DIRECTION('',(1.0,0.0,0.0));
#10969=DIRECTION('',(0.0,-1.0,0.0));
#10970=DIRECTION('',(-0.694746590606885,-0.719254596676385,0.0));
#10971=DIRECTION('',(-1.0,0.0,0.0));
#10972=DIRECTION('',(-1.871658976928E-13,0.0,-1.0));
#10973=CARTESIAN_POINT('',(-0.275,-0.275,-1.513939633983));
#10974=DIRECTION('',(0.0,0.0,1.0));
#10975=DIRECTION('',(-1.0,0.0,0.0));
#10976=DIRECTION('',(2.25129732111894E-14,-0.258819045102493,-0.965925826289076));
#10977=DIRECTION('',(0.0,-0.258819045102493,-0.965925826289076));
#10978=DIRECTION('',(1.0,0.0,0.0));
#10979=DIRECTION('',(0.0,-0.258819045102493,-0.965925826289076));
#10980=DIRECTION('',(1.0,0.0,0.0));
#10981=DIRECTION('',(0.0,-0.258819045102493,-0.965925826289076));
#10982=DIRECTION('',(0.0,-1.59290125696E-14,-1.0));
#10983=DIRECTION('',(-4.77870377088E-14,-1.578166920333E-11,-1.0));
#10984=CARTESIAN_POINT('',(0.275,-0.275,-1.513939633983));
#10985=DIRECTION('',(0.0,0.0,1.0));
#10986=DIRECTION('',(0.0,-1.0,0.0));
#10987=DIRECTION('',(0.258819045102493,2.52117239549294E-13,-0.965925826289076));
#10988=CARTESIAN_POINT('',(0.275,-0.275,-1.351763809021));
#10989=DIRECTION('',(0.0,0.0,1.0));
#10990=DIRECTION('',(0.0,-1.0,0.0));
#10991=DIRECTION('',(0.258819045102493,3.9397703119579E-14,-0.965925826289076));
#10992=CARTESIAN_POINT('',(0.6747302839274,-0.275,-1.3));
#10993=DIRECTION('',(0.0,-1.0,0.0));
#10994=DIRECTION('',(-0.866025403784429,0.0,0.500000000000017));
#10995=CARTESIAN_POINT('',(0.275,-0.275,-1.2));
#10996=DIRECTION('',(0.0,0.0,1.0));
#10997=DIRECTION('',(0.0,-1.0,0.0));
#10998=CARTESIAN_POINT('',(0.275,-0.6747302839274,-1.3));
#10999=DIRECTION('',(-1.0,0.0,0.0));
#11000=DIRECTION('',(0.0,0.866025403784429,0.500000000000017));
#11001=DIRECTION('',(1.0,0.0,0.0));
#11002=CARTESIAN_POINT('',(-0.252,-0.6747302839274,-1.3));
#11003=DIRECTION('',(1.0,0.0,0.0));
#11004=DIRECTION('',(0.0,0.965925826289076,-0.258819045102493));
#11005=DIRECTION('',(0.0,1.0,0.0));
#11006=DIRECTION('',(0.0,0.0,1.0));
#11007=CARTESIAN_POINT('',(-0.252,-0.2752697160726,-0.79242543129));
#11008=DIRECTION('',(1.0,0.0,0.0));
#11009=DIRECTION('',(0.0,-1.0,0.0));
#11010=DIRECTION('',(0.0,-0.500000000000017,0.866025403784429));
#11011=CARTESIAN_POINT('',(-0.252,-0.6747302839274,-1.3));
#11012=DIRECTION('',(1.0,0.0,0.0));
#11013=DIRECTION('',(0.0,0.965925826289076,-0.258819045102493));
#11014=DIRECTION('',(0.0,0.258819045102493,0.965925826289076));
#11015=DIRECTION('',(0.0,0.500000000000017,-0.866025403784429));
#11016=CARTESIAN_POINT('',(-0.252,-0.2752697160726,-0.79242543129));
#11017=DIRECTION('',(1.0,0.0,0.0));
#11018=DIRECTION('',(0.0,-1.0,0.0));
#11019=DIRECTION('',(0.0,0.0,-1.0));
#11020=DIRECTION('',(0.0,0.707106781186548,0.707106781186548));
#11021=DIRECTION('',(0.0,0.707106781186548,0.707106781186548));
#11022=DIRECTION('',(-1.0,0.0,0.0));
#11023=DIRECTION('',(-1.0,0.0,0.0));
#11024=DIRECTION('',(1.0,0.0,0.0));
#11025=DIRECTION('',(7.064908648197E-13,0.0,-1.0));
#11026=CARTESIAN_POINT('',(0.275,-0.275,-0.79242543129));
#11027=DIRECTION('',(0.0,0.0,1.0));
#11028=DIRECTION('',(0.0,-1.0,0.0));
#11029=DIRECTION('',(0.0,-6.257160823985E-13,-1.0));
#11030=CARTESIAN_POINT('',(0.275,-0.275,-0.6));
#11031=DIRECTION('',(0.0,0.0,-1.0));
#11032=DIRECTION('',(1.0,0.0,0.0));
#11033=DIRECTION('',(-0.707106781186548,8.9220503964716E-13,0.707106781186548));
#11034=CARTESIAN_POINT('',(0.275,-0.275,-0.5));
#11035=DIRECTION('',(0.0,0.0,-1.0));
#11036=DIRECTION('',(1.0,-1.665334536938E-14,0.0));
#11037=DIRECTION('',(-1.0,0.0,0.0));
#11038=DIRECTION('',(0.0,1.0,0.0));
#11039=CARTESIAN_POINT('',(0.275,-0.275,-0.5));
#11040=DIRECTION('',(0.0,0.0,1.0));
#11041=DIRECTION('',(0.0,-1.0,0.0));
#11042=DIRECTION('',(1.0,0.0,0.0));
#11043=DIRECTION('',(0.0,-1.0,0.0));
#11044=CARTESIAN_POINT('',(-0.275,0.275,-0.5));
#11045=DIRECTION('',(0.0,-0.0,1.0));
#11046=DIRECTION('',(1.242109719759E-14,1.0,0.0));
#11047=DIRECTION('',(-1.0,-1.99925218996E-14,-1.956714909323E-14));
#11048=DIRECTION('',(2.478901591281E-12,1.0,0.0));
#11049=DIRECTION('',(-1.0,0.0,0.0));
#11050=CARTESIAN_POINT('',(-0.275,0.275,-0.5));
#11051=DIRECTION('',(0.0,-0.0,1.0));
#11052=DIRECTION('',(1.040834085586E-14,1.0,0.0));
#11053=DIRECTION('',(0.0,-1.0,0.0));
#11054=DIRECTION('',(1.0,0.0,0.0));
#11055=DIRECTION('',(-1.088018564138E-14,-1.0,1.11022302463E-14));
#11056=DIRECTION('',(0.707106781186548,0.0,-0.707106781186548));
#11057=DIRECTION('',(0.0,-1.0,0.0));
#11058=DIRECTION('',(0.0,1.0,0.0));
#11059=DIRECTION('',(0.0,0.0,-1.0));
#11060=CARTESIAN_POINT('',(0.2752697160726,0.126,-0.79242543129));
#11061=DIRECTION('',(-0.0,1.0,0.0));
#11062=DIRECTION('',(1.0,0.0,0.0));
#11063=DIRECTION('',(-0.500000000000017,0.0,-0.866025403784429));
#11064=CARTESIAN_POINT('',(0.6747302839274,0.126,-1.3));
#11065=DIRECTION('',(0.0,1.0,0.0));
#11066=DIRECTION('',(-0.965925826289076,0.0,-0.258819045102493));
#11067=DIRECTION('',(0.258819045102493,0.0,-0.965925826289076));
#11068=DIRECTION('',(-0.258819045102493,0.0,0.965925826289076));
#11069=CARTESIAN_POINT('',(0.6747302839274,0.126,-1.3));
#11070=DIRECTION('',(0.0,1.0,0.0));
#11071=DIRECTION('',(-0.965925826289076,0.0,-0.258819045102493));
#11072=DIRECTION('',(-0.500000000000017,0.0,-0.866025403784429));
#11073=CARTESIAN_POINT('',(0.2752697160726,0.126,-0.79242543129));
#11074=DIRECTION('',(0.0,1.0,0.0));
#11075=DIRECTION('',(1.0,0.0,-3.386180225107E-14));
#11076=DIRECTION('',(0.0,0.0,1.0));
#11077=DIRECTION('',(0.0,1.0,0.0));
#11078=DIRECTION('',(0.0,0.0,1.0));
#11079=CARTESIAN_POINT('',(0.275,-0.275,-0.79242543129));
#11080=DIRECTION('',(0.0,0.0,1.0));
#11081=DIRECTION('',(0.0,-1.0,0.0));
#11082=DIRECTION('',(0.0,0.0,1.0));
#11083=DIRECTION('',(1.0,0.0,0.0));
#11084=CARTESIAN_POINT('',(0.275,-0.2752697160726,-0.79242543129));
#11085=DIRECTION('',(-1.0,-0.0,0.0));
#11086=DIRECTION('',(0.0,-0.866025403784429,-0.500000000000017));
#11087=DIRECTION('',(1.0,0.0,0.0));
#11088=DIRECTION('',(0.0,-0.500000000000017,0.866025403784429));
#11089=DIRECTION('',(1.0,0.0,0.0));
#11090=CARTESIAN_POINT('',(0.275,-0.6747302839274,-1.3));
#11091=DIRECTION('',(1.0,0.0,0.0));
#11092=DIRECTION('',(0.0,0.965925826289076,-0.258819045102493));
#11093=DIRECTION('',(1.0,0.0,0.0));
#11094=DIRECTION('',(0.0,0.258819045102493,0.965925826289076));
#11095=CARTESIAN_POINT('',(0.275,-0.275,-1.403457810385));
#11096=DIRECTION('',(0.0,0.0,1.0));
#11097=DIRECTION('',(0.0,-1.0,0.0));
#11098=DIRECTION('',(-0.258819045102493,-2.53818379918294E-13,0.965925826289076));
#11099=DIRECTION('',(0.0,1.0,0.0));
#11100=CARTESIAN_POINT('',(0.6747302839274,-0.275,-1.3));
#11101=DIRECTION('',(0.0,1.0,0.0));
#11102=DIRECTION('',(-0.965925826289076,0.0,-0.258819045102493));
#11103=CARTESIAN_POINT('',(0.6747302839274,-0.275,-1.3));
#11104=DIRECTION('',(0.0,1.0,0.0));
#11105=DIRECTION('',(-1.0,0.0,0.0));
#11106=DIRECTION('',(0.0,1.0,0.0));
#11107=DIRECTION('',(0.500000000000017,0.0,0.866025403784429));
#11108=DIRECTION('',(0.0,1.0,0.0));
#11109=CARTESIAN_POINT('',(0.2752697160726,-0.275,-0.79242543129));
#11110=DIRECTION('',(0.0,-1.0,0.0));
#11111=DIRECTION('',(0.866025403784429,0.0,-0.500000000000017));
#11112=CARTESIAN_POINT('',(0.275,-0.275,-0.89242543129));
#11113=DIRECTION('',(0.0,0.0,1.0));
#11114=DIRECTION('',(0.0,-1.0,0.0));
#11115=CARTESIAN_POINT('',(0.275,-0.275,-1.100134858036));
#11116=DIRECTION('',(0.0,0.0,1.0));
#11117=DIRECTION('',(0.0,-1.0,0.0));
#11118=DIRECTION('',(0.250562807085711,0.250562807085711,-0.93511312653104));
#11119=DIRECTION('',(0.0,1.0,0.0));
#11120=DIRECTION('',(0.0,1.0,0.0));
#11121=DIRECTION('',(1.59290125696E-14,0.0,-1.0));
#11122=DIRECTION('',(1.0,0.0,0.0));
#11123=DIRECTION('',(-1.0,0.0,0.0));
#11124=DIRECTION('',(0.0,0.258819045102493,-0.965925826289076));
#11125=CARTESIAN_POINT('',(0.136,0.2752697160726,-0.79242543129));
#11126=DIRECTION('',(1.0,0.0,0.0));
#11127=DIRECTION('',(0.0,0.866025403784429,-0.500000000000017));
#11128=DIRECTION('',(0.0,0.500000000000017,0.866025403784429));
#11129=CARTESIAN_POINT('',(0.136,0.6747302839274,-1.3));
#11130=DIRECTION('',(-1.0,-0.0,0.0));
#11131=DIRECTION('',(0.0,-0.965925826289076,-0.258819045102493));
#11132=DIRECTION('',(0.0,-0.258819045102493,0.965925826289076));
#11133=CARTESIAN_POINT('',(0.136,0.6747302839274,-1.3));
#11134=DIRECTION('',(-1.0,-0.0,0.0));
#11135=DIRECTION('',(0.0,-0.965925826289076,-0.258819045102493));
#11136=DIRECTION('',(0.0,-0.500000000000017,-0.866025403784429));
#11137=CARTESIAN_POINT('',(0.136,0.2752697160726,-0.79242543129));
#11138=DIRECTION('',(-1.0,0.0,0.0));
#11139=DIRECTION('',(0.0,1.0,0.0));
#11140=DIRECTION('',(0.0,0.0,1.0));
#11141=DIRECTION('',(-1.334667504735E-14,-1.0,-2.836909929508E-12));
#11142=DIRECTION('',(0.0,0.0,1.0));
#11143=DIRECTION('',(0.707106781186548,0.707106781186548,5.66646368339038E-12));
#11144=DIRECTION('',(0.707106781186548,0.707106781186548,-6.67289294940645E-13));
#11145=DIRECTION('',(0.0,0.0,1.0));
#11146=DIRECTION('',(-1.0,0.0,-1.666872241958E-12));
#11147=CARTESIAN_POINT('',(-0.01399999999999,0.4752697160726,-0.65));
#11148=DIRECTION('',(0.0,-1.0,0.0));
#11149=DIRECTION('',(1.0,0.0,0.0));
#11150=DIRECTION('',(-1.0,-1.063432015932E-14,-1.020894735295E-14));
#11151=DIRECTION('',(6.287398076998E-12,-1.579978393593E-14,1.0));
#11152=CARTESIAN_POINT('',(-0.275,0.275,-0.55));
#11153=DIRECTION('',(0.0,-0.0,1.0));
#11154=DIRECTION('',(0.0,1.0,0.0));
#11155=DIRECTION('',(1.373894255299E-14,-5.981248640442E-12,1.0));
#11156=CARTESIAN_POINT('',(-0.275,0.275,-0.79242543129));
#11157=DIRECTION('',(0.0,-0.0,1.0));
#11158=DIRECTION('',(0.0,1.0,0.0));
#11159=CARTESIAN_POINT('',(-0.2752697160726,0.275,-0.79242543129));
#11160=DIRECTION('',(0.0,1.0,0.0));
#11161=DIRECTION('',(-0.866025403784429,0.0,-0.500000000000017));
#11162=CARTESIAN_POINT('',(-0.275,0.275,-0.89242543129));
#11163=DIRECTION('',(0.0,-0.0,1.0));
#11164=DIRECTION('',(0.0,1.0,0.0));
#11165=CARTESIAN_POINT('',(-0.275,0.2752697160726,-0.79242543129));
#11166=DIRECTION('',(1.0,0.0,0.0));
#11167=DIRECTION('',(0.0,0.866025403784429,-0.500000000000017));
#11168=DIRECTION('',(-1.0,7.962236594888E-13,1.371017796061E-12));
#11169=CARTESIAN_POINT('',(0.08600000000001,0.2752697160726,-0.79242543129));
#11170=DIRECTION('',(1.0,0.0,0.0));
#11171=DIRECTION('',(0.0,0.866025403784429,-0.500000000000017));
#11172=DIRECTION('',(0.707106781186534,0.612372435693129,-0.353553390597917));
#11173=DIRECTION('',(0.707106781186597,0.612372435695897,-0.353553390592998));
#11174=DIRECTION('',(0.0,0.500000000000017,0.866025403784429));
#11175=DIRECTION('',(0.0,0.500000000000017,0.866025403784429));
#11176=DIRECTION('',(-1.0,-1.802190283741E-13,-3.100013320837E-13));
#11177=CARTESIAN_POINT('',(-0.275,0.6747302839274,-1.3));
#11178=DIRECTION('',(-1.0,-0.0,0.0));
#11179=DIRECTION('',(0.0,-0.999999999993844,-3.50890293629515E-06));
#11180=CARTESIAN_POINT('',(-0.275,0.6747302839274,-1.3));
#11181=DIRECTION('',(-1.0,-0.0,0.0));
#11182=DIRECTION('',(0.0,-0.965925826289076,-0.258819045102493));
#11183=DIRECTION('',(-1.0,-1.001045968187E-13,3.721246149021E-13));
#11184=CARTESIAN_POINT('',(0.08600000000001,0.6747302839274,-1.3));
#11185=DIRECTION('',(-1.0,-0.0,0.0));
#11186=DIRECTION('',(0.0,-0.965925826289076,-0.258819045102493));
#11187=DIRECTION('',(0.707106781186521,0.68301270189292,0.183012701889705));
#11188=DIRECTION('',(0.0,-0.258819045102493,0.965925826289076));
#11189=DIRECTION('',(0.0,-0.258819045102493,0.965925826289076));
#11190=CARTESIAN_POINT('',(-0.275,0.275,-1.403457810385));
#11191=DIRECTION('',(0.0,-0.0,1.0));
#11192=DIRECTION('',(0.0,1.0,0.0));
#11193=DIRECTION('',(0.258819045102493,0.0,0.965925826289076));
#11194=DIRECTION('',(0.0,-1.0,0.0));
#11195=DIRECTION('',(0.258819045102493,0.0,0.965925826289076));
#11196=DIRECTION('',(0.0,0.0,-1.0));
#11197=CARTESIAN_POINT('',(-0.2752697160726,-0.225,-0.79242543129));
#11198=DIRECTION('',(0.0,-1.0,0.0));
#11199=DIRECTION('',(-1.0,0.0,0.0));
#11200=DIRECTION('',(0.500000000000017,0.0,-0.866025403784429));
#11201=CARTESIAN_POINT('',(-0.6747302839274,-0.225,-1.3));
#11202=DIRECTION('',(0.0,-1.0,0.0));
#11203=DIRECTION('',(0.965925826289076,0.0,-0.258819045102493));
#11204=CARTESIAN_POINT('',(-0.6747302839274,-0.225,-1.3));
#11205=DIRECTION('',(0.0,-1.0,0.0));
#11206=DIRECTION('',(0.965925826289076,0.0,-0.258819045102493));
#11207=DIRECTION('',(0.500000000000017,0.0,-0.866025403784429));
#11208=CARTESIAN_POINT('',(-0.2752697160726,-0.225,-0.79242543129));
#11209=DIRECTION('',(0.0,-1.0,0.0));
#11210=DIRECTION('',(-1.0,0.0,0.0));
#11211=DIRECTION('',(0.0,0.0,1.0));
#11212=DIRECTION('',(-0.707106781186548,0.0,0.707106781186548));
#11213=DIRECTION('',(0.0,-1.0,0.0));
#11214=DIRECTION('',(-0.707106781186548,-1.36417483272709E-11,0.707106781186548));
#11215=DIRECTION('',(1.4374196459251E-11,0.707106781186548,0.707106781186548));
#11216=DIRECTION('',(-5.76910847787639E-13,0.707106781186548,0.707106781186548));
#11217=CARTESIAN_POINT('',(-0.01399999999999,0.5252697160726,-0.65));
#11218=DIRECTION('',(0.0,-1.0,0.0));
#11219=DIRECTION('',(1.0,0.0,0.0));
#11220=CARTESIAN_POINT('',(-0.01399999999999,0.675,-0.65));
#11221=DIRECTION('',(0.0,1.0,0.0));
#11222=DIRECTION('',(0.0,0.0,1.0));
#11223=DIRECTION('',(-1.0,0.0,0.0));
#11224=DIRECTION('',(0.0,0.0,-1.0));
#11225=CARTESIAN_POINT('',(-0.275,0.275,-0.79242543129));
#11226=DIRECTION('',(0.0,-0.0,1.0));
#11227=DIRECTION('',(0.0,1.0,0.0));
#11228=DIRECTION('',(0.0,0.0,-1.0));
#11229=DIRECTION('',(0.0,-1.0,0.0));
#11230=CARTESIAN_POINT('',(-0.2752697160726,0.275,-0.79242543129));
#11231=DIRECTION('',(0.0,-1.0,0.0));
#11232=DIRECTION('',(-1.0,0.0,0.0));
#11233=DIRECTION('',(0.0,-1.0,0.0));
#11234=DIRECTION('',(0.500000000000017,0.0,-0.866025403784429));
#11235=DIRECTION('',(0.0,-1.0,0.0));
#11236=CARTESIAN_POINT('',(-0.6747302839274,0.275,-1.3));
#11237=DIRECTION('',(-0.0,1.0,0.0));
#11238=DIRECTION('',(0.866025403784429,0.0,0.500000000000017));
#11239=CARTESIAN_POINT('',(-0.275,0.275,-1.2));
#11240=DIRECTION('',(0.0,-0.0,1.0));
#11241=DIRECTION('',(0.0,1.0,0.0));
#11242=CARTESIAN_POINT('',(-0.275,0.6747302839274,-1.3));
#11243=DIRECTION('',(1.0,0.0,0.0));
#11244=DIRECTION('',(0.0,-0.866025403784429,0.500000000000017));
#11245=DIRECTION('',(-1.0,0.0,0.0));
#11246=DIRECTION('',(0.0,-0.500000000000017,-0.866025403784429));
#11247=DIRECTION('',(-1.0,0.0,0.0));
#11248=CARTESIAN_POINT('',(-0.275,0.2752697160726,-0.79242543129));
#11249=DIRECTION('',(-1.0,0.0,0.0));
#11250=DIRECTION('',(0.0,1.0,0.0));
#11251=CARTESIAN_POINT('',(-0.275,0.275,-0.9922905732536));
#11252=DIRECTION('',(0.0,-0.0,1.0));
#11253=DIRECTION('',(0.0,1.0,0.0));
#11254=DIRECTION('',(0.0,-1.0,0.0));
#11255=DIRECTION('',(0.0,-1.0,0.0));
#11256=DIRECTION('',(0.0,-1.0,0.0));
#11257=DIRECTION('',(-0.500000000000017,0.0,0.866025403784429));
#11258=CARTESIAN_POINT('',(-0.275,0.275,-1.100134858036));
#11259=DIRECTION('',(0.0,-0.0,1.0));
#11260=DIRECTION('',(0.0,1.0,0.0));
#11261=CARTESIAN_POINT('',(-0.6747302839274,0.275,-1.3));
#11262=DIRECTION('',(0.0,-1.0,0.0));
#11263=DIRECTION('',(1.0,0.0,0.0));
#11264=CARTESIAN_POINT('',(-0.6747302839274,0.275,-1.3));
#11265=DIRECTION('',(0.0,-1.0,0.0));
#11266=DIRECTION('',(0.965925826289076,0.0,-0.258819045102493));
#11267=DIRECTION('',(0.0,1.0,0.0));
#11268=DIRECTION('',(0.0,1.0,0.0));
#11269=DIRECTION('',(-0.500000000000017,0.0,-0.866025403784429));
#11270=CARTESIAN_POINT('',(0.275,-0.275,-0.9922905732536));
#11271=DIRECTION('',(0.0,0.0,1.0));
#11272=DIRECTION('',(0.0,-1.0,0.0));
#11273=DIRECTION('',(0.0,0.500000000000017,-0.866025403784429));
#11274=DIRECTION('',(1.0,0.0,0.0));
#11275=CARTESIAN_POINT('',(0.275,-0.2752697160726,-0.79242543129));
#11276=DIRECTION('',(1.0,0.0,0.0));
#11277=DIRECTION('',(0.0,-1.0,0.0));
#11278=CARTESIAN_POINT('',(0.2752697160726,-0.275,-0.79242543129));
#11279=DIRECTION('',(-0.0,1.0,0.0));
#11280=DIRECTION('',(1.0,0.0,0.0));
#11281=DIRECTION('',(0.0,0.0,1.0));
#11282=CARTESIAN_POINT('',(-0.275,-0.275,-6.7));
#11283=DIRECTION('',(0.0,0.0,1.0));
#11284=DIRECTION('',(-1.0,0.0,0.0));
#11285=DIRECTION('',(-0.1134049849078,-0.00954526227182303,0.993502993134003));
#11286=DIRECTION('',(1.0,0.0,0.0));
#11287=DIRECTION('',(1.042631110905E-12,0.0,1.0));
#11288=DIRECTION('',(1.0,0.0,0.0));
#11289=DIRECTION('',(0.0,0.0,1.0));
#11290=DIRECTION('',(-0.1808567846529,-0.924196565570602,-0.336380040478801));
#11291=DIRECTION('',(0.0,-1.145270536719E-14,1.0));
#11292=DIRECTION('',(-0.192048135578608,-0.981385507138138,0.0));
#11293=DIRECTION('',(-0.192048135578608,-0.981385507138138,0.0));
#11294=DIRECTION('',(-0.981385507138138,0.192048135578608,0.0));
#11295=DIRECTION('',(0.0,0.0,1.0));
#11296=DIRECTION('',(-0.978996740868669,0.191580675946194,0.0697296635050178));
#11297=DIRECTION('',(-0.1808567846529,-0.924196565570601,-0.3363800404788));
#11298=DIRECTION('',(1.0,3.504522399849E-14,0.0));
#11299=DIRECTION('',(1.0,0.0,0.0));
#11300=CARTESIAN_POINT('',(0.0,0.075,-13.7));
#11301=DIRECTION('',(-0.0,0.0,-1.0));
#11302=DIRECTION('',(-0.895945108462719,-0.444164792190609,0.0));
#11303=DIRECTION('',(0.0,0.0,1.0));
#11304=DIRECTION('',(0.0,0.0,1.0));
#11305=DIRECTION('',(0.0,0.0,1.0));
#11306=CARTESIAN_POINT('',(0.0,0.075,-13.7));
#11307=DIRECTION('',(0.0,0.0,-1.0));
#11308=DIRECTION('',(0.927024810886964,-0.374999999999985,0.0));
#11309=CARTESIAN_POINT('',(0.0,0.075,-13.7));
#11310=DIRECTION('',(0.0,0.0,1.0));
#11311=DIRECTION('',(0.6,-0.8,0.0));
#11312=CARTESIAN_POINT('',(0.0,0.075,-13.7));
#11313=DIRECTION('',(0.0,0.0,1.0));
#11314=DIRECTION('',(0.0,-1.0,0.0));
#11315=CARTESIAN_POINT('',(0.0,0.075,-13.7));
#11316=DIRECTION('',(0.0,0.0,1.0));
#11317=DIRECTION('',(-0.6,-0.8,0.0));
#11318=CARTESIAN_POINT('',(0.0,0.075,-13.7));
#11319=DIRECTION('',(0.0,0.0,1.0));
#11320=DIRECTION('',(-0.895942045535004,-0.444170970508602,0.0));
#11321=DIRECTION('',(0.0,0.0,1.0));
#11322=DIRECTION('',(0.999999999999996,8.46993951039197E-08,-1.276249648139E-14));
#11323=DIRECTION('',(0.145521004687297,0.194028650658796,0.970142525569479));
#11324=DIRECTION('',(-1.351517765209E-07,0.242535696600401,0.970142482254303));
#11325=DIRECTION('',(0.0,0.0,1.0));
#11326=CARTESIAN_POINT('',(0.0,0.075,-13.7));
#11327=DIRECTION('',(0.0,0.0,1.0));
#11328=DIRECTION('',(-0.6,-0.8,0.0));
#11329=CARTESIAN_POINT('',(0.0,0.075,-13.7));
#11330=DIRECTION('',(0.0,0.0,1.0));
#11331=DIRECTION('',(-0.805717643274116,-0.592299822148212,0.0));
#11332=DIRECTION('',(0.999999999999994,1.11982877797999E-07,0.0));
#11333=DIRECTION('',(1.0,0.0,0.0));
#11334=DIRECTION('',(0.999999999999998,-6.30968159492999E-08,0.0));
#11335=DIRECTION('',(0.0,0.0,-1.0));
#11336=DIRECTION('',(1.0,0.0,0.0));
#11337=DIRECTION('',(0.0,0.0,-1.0));
#11338=DIRECTION('',(0.999999999999998,6.32758310480999E-08,0.0));
#11339=CARTESIAN_POINT('',(0.0,0.075,-13.7));
#11340=DIRECTION('',(0.0,0.0,1.0));
#11341=DIRECTION('',(0.0,-1.0,0.0));
#11342=DIRECTION('',(1.76644643160508E-07,0.242535706435811,0.970142479795443));
#11343=DIRECTION('',(-0.145521007991806,0.194028649746608,0.970142525256241));
#11344=DIRECTION('',(0.999999999999996,-8.44527758224997E-08,1.276249630208E-14));
#11345=DIRECTION('',(1.0,0.0,0.0));
#11346=DIRECTION('',(0.999999999999999,3.635662672104E-08,0.0));
#11347=DIRECTION('',(0.0,0.0,1.0));
#11348=DIRECTION('',(1.0,0.0,0.0));
#11349=DIRECTION('',(0.0,0.0,1.0));
#11350=DIRECTION('',(0.999999999999999,-3.646279490465E-08,0.0));
#11351=DIRECTION('',(0.0,-1.0,0.0));
#11352=DIRECTION('',(0.0,-1.0,0.0));
#11353=DIRECTION('',(0.0,1.0,0.0));
#11354=DIRECTION('',(0.0,1.0,0.0));
#11355=CARTESIAN_POINT('',(0.0,0.075,-13.7));
#11356=DIRECTION('',(0.0,0.0,1.0));
#11357=DIRECTION('',(-0.981385507138138,-0.192048135578608,0.0));
#11358=DIRECTION('',(0.192048135578608,-0.981385507138138,0.0));
#11359=DIRECTION('',(-0.981385507138138,-0.192048135578608,0.0));
#11360=DIRECTION('',(-0.192048135578608,0.981385507138138,0.0));
#11361=DIRECTION('',(-1.0,0.0,0.0));
#11362=CARTESIAN_POINT('',(0.0,0.075,-13.7));
#11363=DIRECTION('',(0.0,0.0,1.0));
#11364=DIRECTION('',(0.805719995627017,-0.592296622180812,0.0));
#11365=DIRECTION('',(0.0,0.0,1.0));
#11366=DIRECTION('',(0.1808567846529,-0.924196565570602,0.336380040478801));
#11367=DIRECTION('',(-0.978996740868669,-0.191580675946194,0.0697296635050178));
#11368=DIRECTION('',(0.1808567846529,-0.924196565570601,0.3363800404788));
#11369=DIRECTION('',(-1.0,1.367784470621E-14,-1.742053853129E-14));
#11370=DIRECTION('',(-1.0,0.0,0.0));
#11371=DIRECTION('',(0.0,0.0,1.0));
#11372=DIRECTION('',(0.0,0.0,1.0));
#11373=DIRECTION('',(1.684207945087E-13,8.466952309043E-13,1.0));
#11374=DIRECTION('',(4.169799167721E-14,-2.090498679423E-13,1.0));
#11375=DIRECTION('',(0.0,0.0,1.0));
#11376=DIRECTION('',(-0.320212565550309,-0.811404068953924,0.488965591579514));
#11377=DIRECTION('',(0.0,0.870672933624065,0.49186242248668));
#11378=DIRECTION('',(0.0,0.516142714691107,0.856502596651811));
#11379=DIRECTION('',(0.0,1.0,0.0));
#11380=DIRECTION('',(-3.330669073873E-14,1.0,0.0));
#11381=CARTESIAN_POINT('',(-0.56,-0.56,-0.40394));
#11382=DIRECTION('',(0.0,0.0,-1.0));
#11383=DIRECTION('',(0.0,-1.0,0.0));
#11384=DIRECTION('',(-1.0,0.0,0.0));
#11385=DIRECTION('',(0.0,-1.0,0.0));
#11386=DIRECTION('',(1.0,-1.221245327089E-13,0.0));
#11387=CARTESIAN_POINT('',(-0.56,-0.56,-0.40394));
#11388=DIRECTION('',(0.0,0.0,1.0));
#11389=DIRECTION('',(-1.0,0.0,0.0));
#11390=DIRECTION('',(1.554312234474E-13,-1.0,0.0));
#11391=DIRECTION('',(1.0,0.0,0.0));
#11392=DIRECTION('',(1.0,0.0,0.0));
#11393=CARTESIAN_POINT('',(-0.56,0.56,-0.40394));
#11394=DIRECTION('',(0.0,0.0,-1.0));
#11395=DIRECTION('',(-1.0,0.0,0.0));
#11396=DIRECTION('',(3.330669073879E-14,1.0,0.0));
#11397=DIRECTION('',(-1.0,0.0,0.0));
#11398=DIRECTION('',(-1.554312234477E-13,-1.0,0.0));
#11399=CARTESIAN_POINT('',(-0.56,0.56,-0.40394));
#11400=DIRECTION('',(0.0,-0.0,1.0));
#11401=DIRECTION('',(0.0,1.0,0.0));
#11402=DIRECTION('',(-1.0,-1.332267629549E-13,0.0));
#11403=DIRECTION('',(0.0,-1.0,0.0));
#11404=DIRECTION('',(1.665334536939E-13,1.0,0.0));
#11405=CARTESIAN_POINT('',(0.56,-0.56,-0.40394));
#11406=DIRECTION('',(0.0,0.0,1.0));
#11407=DIRECTION('',(1.443289932013E-14,-1.0,0.0));
#11408=DIRECTION('',(1.0,1.221245327087E-13,0.0));
#11409=DIRECTION('',(0.0,1.0,0.0));
#11410=DIRECTION('',(-1.0,0.0,0.0));
#11411=CARTESIAN_POINT('',(0.56,-0.56,-0.40394));
#11412=DIRECTION('',(0.0,0.0,-1.0));
#11413=DIRECTION('',(1.0,0.0,0.0));
#11414=DIRECTION('',(-3.330669073879E-14,-1.0,0.0));
#11415=DIRECTION('',(1.0,0.0,0.0));
#11416=DIRECTION('',(0.0,-1.0,0.0));
#11417=DIRECTION('',(1.0,0.0,0.0));
#11418=DIRECTION('',(0.0,1.0,0.0));
#11419=DIRECTION('',(1.0,0.0,0.0));
#11420=DIRECTION('',(-1.0,0.0,0.0));
#11421=DIRECTION('',(0.0,1.0,0.0));
#11422=DIRECTION('',(-1.0,0.0,0.0));
#11423=DIRECTION('',(0.516142714691107,0.0,-0.856502596651811));
#11424=DIRECTION('',(0.0,-1.0,0.0));
#11425=DIRECTION('',(0.0,1.0,0.0));
#11426=CARTESIAN_POINT('',(-0.9,0.736,-4.36));
#11427=DIRECTION('',(-1.0,-0.0,0.0));
#11428=DIRECTION('',(0.0,-0.586666666666694,-0.809828514083192));
#11429=DIRECTION('',(0.0,0.0,1.0));
#11430=DIRECTION('',(0.0,1.0,0.0));
#11431=DIRECTION('',(0.0,1.60739477284E-13,-1.0));
#11432=DIRECTION('',(0.0,1.0,0.0));
#11433=DIRECTION('',(0.0,0.0,-1.0));
#11434=DIRECTION('',(0.0,0.0,1.0));
#11435=DIRECTION('',(0.0,-0.0697564737441217,-0.997564050259825));
#11436=DIRECTION('',(0.0,-0.0697564737441217,-0.997564050259825));
#11437=DIRECTION('',(1.0,0.0,-1.268826313857E-14));
#11438=DIRECTION('',(1.0,0.0,0.0));
#11439=DIRECTION('',(0.0,0.0,1.0));
#11440=CARTESIAN_POINT('',(-0.56,0.56,-6.00394));
#11441=DIRECTION('',(0.0,-0.0,1.0));
#11442=DIRECTION('',(0.0,1.0,0.0));
#11443=DIRECTION('',(0.0,0.0,1.0));
#11444=CARTESIAN_POINT('',(-0.56,0.56,-4.66));
#11445=DIRECTION('',(0.0,0.0,-1.0));
#11446=DIRECTION('',(-0.825000000000063,0.565132727772774,0.0));
#11447=DIRECTION('',(0.0,0.0,-1.0));
#11448=DIRECTION('',(0.0,0.0,1.0));
#11449=DIRECTION('',(0.0,0.0,1.0));
#11450=DIRECTION('',(0.0,0.0,-1.0));
#11451=CARTESIAN_POINT('',(-0.56,0.56,-1.853669807342));
#11452=DIRECTION('',(0.0,0.0,-1.0));
#11453=DIRECTION('',(-0.825000000000063,0.565132727772774,0.0));
#11454=CARTESIAN_POINT('',(-0.725,0.9,-2.127896860175));
#11455=DIRECTION('',(-1.0,0.0,0.0));
#11456=DIRECTION('',(0.0,-0.737173657166389,0.67570333666479));
#11457=DIRECTION('',(0.0,-1.0,0.0));
#11458=DIRECTION('',(0.0,-1.0,0.0));
#11459=CARTESIAN_POINT('',(-0.725,0.736,-4.36));
#11460=DIRECTION('',(-1.0,0.0,0.0));
#11461=DIRECTION('',(0.0,0.0,-1.0));
#11462=DIRECTION('',(-1.0,0.0,0.0));
#11463=DIRECTION('',(-1.0,0.0,0.0));
#11464=DIRECTION('',(-1.0,0.0,0.0));
#11465=DIRECTION('',(0.0,0.0,1.0));
#11466=DIRECTION('',(-1.0,0.0,0.0));
#11467=DIRECTION('',(0.0,0.0,1.0));
#11468=DIRECTION('',(1.0,0.0,0.0));
#11469=DIRECTION('',(0.0,0.0,-1.0));
#11470=DIRECTION('',(1.0,0.0,0.0));
#11471=DIRECTION('',(0.0,0.0,-1.0));
#11472=DIRECTION('',(-1.0,0.0,0.0));
#11473=DIRECTION('',(0.0,-1.0,0.0));
#11474=DIRECTION('',(1.0,0.0,0.0));
#11475=CARTESIAN_POINT('',(-0.56,0.56,-4.66));
#11476=DIRECTION('',(0.0,0.0,-1.0));
#11477=DIRECTION('',(-0.855594251085986,0.517647058823491,0.0));
#11478=DIRECTION('',(1.0,-4.67361909273E-14,0.0));
#11479=CARTESIAN_POINT('',(-0.76,0.736,-4.36));
#11480=DIRECTION('',(-1.0,-0.0,0.0));
#11481=DIRECTION('',(0.0,-0.586666666666694,-0.809828514083192));
#11482=DIRECTION('',(0.0,1.0,0.0));
#11483=DIRECTION('',(0.0,0.0,-1.0));
#11484=DIRECTION('',(0.0,-1.0,0.0));
#11485=DIRECTION('',(0.0,1.277797312405E-13,-1.0));
#11486=DIRECTION('',(2.773600077469E-14,1.0,0.0));
#11487=DIRECTION('',(0.0,-1.0,0.0));
#11488=DIRECTION('',(0.0,1.0,0.0));
#11489=CARTESIAN_POINT('',(-0.6375,0.0275,-6.00394));
#11490=DIRECTION('',(0.0,0.0,-1.0));
#11491=DIRECTION('',(-1.0,0.0,0.0));
#11492=CARTESIAN_POINT('',(-0.56,0.56,-6.00394));
#11493=DIRECTION('',(0.0,0.0,-1.0));
#11494=DIRECTION('',(-1.0,0.0,0.0));
#11495=DIRECTION('',(1.0,0.0,0.0));
#11496=DIRECTION('',(0.0,1.0,0.0));
#11497=DIRECTION('',(1.0,0.0,0.0));
#11498=DIRECTION('',(0.0,-1.0,0.0));
#11499=CARTESIAN_POINT('',(0.6375,0.0275,-6.00394));
#11500=DIRECTION('',(0.0,0.0,-1.0));
#11501=DIRECTION('',(0.466666666666696,0.884433277428092,0.0));
#11502=DIRECTION('',(0.0,-1.360485798093E-13,-1.0));
#11503=CARTESIAN_POINT('',(0.6375,0.0275,-6.60394));
#11504=DIRECTION('',(0.0,0.0,-1.0));
#11505=DIRECTION('',(-1.0,0.0,0.0));
#11506=DIRECTION('',(0.0,0.0,-1.0));
#11507=CARTESIAN_POINT('',(0.6375,0.0275,-6.00394));
#11508=DIRECTION('',(0.0,0.0,-1.0));
#11509=DIRECTION('',(-1.0,0.0,0.0));
#11510=DIRECTION('',(0.0,1.0,0.0));
#11511=DIRECTION('',(-1.0,0.0,0.0));
#11512=DIRECTION('',(0.0,-1.0,0.0));
#11513=CARTESIAN_POINT('',(0.6375,0.0275,-6.00394));
#11514=DIRECTION('',(0.0,0.0,1.0));
#11515=DIRECTION('',(1.0,0.0,0.0));
#11516=DIRECTION('',(2.486675931524E-14,1.0,0.0));
#11517=CARTESIAN_POINT('',(-0.6375,0.0275,-6.00394));
#11518=DIRECTION('',(0.0,0.0,1.0));
#11519=DIRECTION('',(1.0,-6.389446794782E-14,0.0));
#11520=DIRECTION('',(0.0,1.0,0.0));
#11521=DIRECTION('',(-1.0,0.0,0.0));
#11522=DIRECTION('',(0.0,-1.0,0.0));
#11523=CARTESIAN_POINT('',(-0.6375,0.0275,-6.00394));
#11524=DIRECTION('',(0.0,0.0,-1.0));
#11525=DIRECTION('',(-0.466666666666617,0.884433277428133,0.0));
#11526=DIRECTION('',(0.0,-1.147056986432E-13,-1.0));
#11527=DIRECTION('',(0.0,1.0,0.0));
#11528=DIRECTION('',(0.0,0.0,-1.0));
#11529=DIRECTION('',(0.0,-1.0,0.0));
#11530=CARTESIAN_POINT('',(0.76,0.9,-2.127896860175));
#11531=DIRECTION('',(-1.0,0.0,0.0));
#11532=DIRECTION('',(0.0,-0.454697718970909,0.890645824311018));
#11533=DIRECTION('',(0.0,0.0,1.0));
#11534=DIRECTION('',(0.0,0.0,1.0));
#11535=DIRECTION('',(0.0,0.0,1.0));
#11536=DIRECTION('',(0.0,0.0,1.0));
#11537=DIRECTION('',(1.0,0.0,0.0));
#11538=DIRECTION('',(-1.0,0.0,0.0));
#11539=DIRECTION('',(0.0,0.0,1.0));
#11540=DIRECTION('',(1.0,0.0,0.0));
#11541=DIRECTION('',(0.0,0.0,1.0));
#11542=DIRECTION('',(1.0,0.0,0.0));
#11543=DIRECTION('',(0.0,0.0,1.0));
#11544=CARTESIAN_POINT('',(-0.6,0.9,-2.127896860175));
#11545=DIRECTION('',(-1.0,0.0,0.0));
#11546=DIRECTION('',(0.0,-0.454697718970909,0.890645824311018));
#11547=CARTESIAN_POINT('',(0.6,0.9,-2.127896860175));
#11548=DIRECTION('',(-1.0,0.0,0.0));
#11549=DIRECTION('',(0.0,-0.454697718970909,0.890645824311018));
#11550=CARTESIAN_POINT('',(-0.6,0.9,-2.127896860175));
#11551=DIRECTION('',(1.0,0.0,-0.0));
#11552=DIRECTION('',(0.0,0.0,1.0));
#11553=CARTESIAN_POINT('',(-0.6,0.95,-1.98394));
#11554=DIRECTION('',(-1.0,-0.0,0.0));
#11555=DIRECTION('',(0.0,-0.959145490055414,-0.282913288670504));
#11556=DIRECTION('',(0.0,-0.282913288670596,0.959145490055387));
#11557=DIRECTION('',(0.0,0.959145490055387,0.282913288670596));
#11558=DIRECTION('',(0.0,0.282913288670596,-0.959145490055387));
#11559=CARTESIAN_POINT('',(-0.6,0.95,-1.98394));
#11560=DIRECTION('',(1.0,0.0,0.0));
#11561=DIRECTION('',(0.0,-1.0,0.0));
#11562=DIRECTION('',(1.0,0.0,0.0));
#11563=CARTESIAN_POINT('',(0.6,0.95,-1.98394));
#11564=DIRECTION('',(1.0,0.0,0.0));
#11565=DIRECTION('',(0.0,-1.0,0.0));
#11566=DIRECTION('',(0.0,0.282913288670596,-0.959145490055387));
#11567=DIRECTION('',(0.0,0.959145490055387,0.282913288670596));
#11568=DIRECTION('',(0.0,-0.282913288670596,0.959145490055387));
#11569=CARTESIAN_POINT('',(0.6,0.95,-1.98394));
#11570=DIRECTION('',(-1.0,-0.0,0.0));
#11571=DIRECTION('',(0.0,-0.959145490055414,-0.282913288670504));
#11572=DIRECTION('',(1.0,0.0,0.0));
#11573=DIRECTION('',(1.0,0.0,0.0));
#11574=DIRECTION('',(1.0,0.0,0.0));
#11575=DIRECTION('',(-1.0,0.0,0.0));
#11576=DIRECTION('',(0.320212565550309,-0.811404068953924,0.488965591579514));
#11577=DIRECTION('',(-1.0,0.0,0.0));
#11578=DIRECTION('',(0.320212565550293,0.0,0.94734571982128));
#11579=DIRECTION('',(-1.0,0.0,0.0));
#11580=DIRECTION('',(-0.320212565550293,0.0,0.94734571982128));
#11581=DIRECTION('',(0.0,1.0,0.0));
#11582=DIRECTION('',(1.0,0.0,0.0));
#11583=DIRECTION('',(1.0,0.0,0.0));
#11584=DIRECTION('',(1.0,0.0,0.0));
#11585=DIRECTION('',(0.0,-0.516142714691107,-0.856502596651811));
#11586=DIRECTION('',(0.0,-0.870672933624065,-0.49186242248668));
#11587=DIRECTION('',(0.0,-1.0,0.0));
#11588=DIRECTION('',(0.0,0.0,1.0));
#11589=DIRECTION('',(0.0,0.0,-1.0));
#11590=DIRECTION('',(0.0,-1.0,0.0));
#11591=DIRECTION('',(0.0,-1.0,0.0));
#11592=DIRECTION('',(0.0,1.0,0.0));
#11593=DIRECTION('',(0.516142714691107,0.0,0.856502596651811));
#11594=DIRECTION('',(0.0,-1.0,0.0));
#11595=DIRECTION('',(-0.516142714691107,0.0,-0.856502596651811));
#11596=DIRECTION('',(-0.870672933624065,0.0,-0.49186242248668));
#11597=DIRECTION('',(-0.811404068953924,-0.320212565550309,0.488965591579514));
#11598=DIRECTION('',(0.0,1.0,0.0));
#11599=DIRECTION('',(-0.811404068953924,0.320212565550309,0.488965591579514));
#11600=DIRECTION('',(0.870672933624065,0.0,0.49186242248668));
#11601=DIRECTION('',(0.0,-1.0,0.0));
#11602=DIRECTION('',(0.0,-1.0,0.0));
#11603=DIRECTION('',(-1.0,0.0,0.0));
#11604=DIRECTION('',(0.0,-0.320212565550293,0.94734571982128));
#11605=DIRECTION('',(0.0,1.0,0.0));
#11606=DIRECTION('',(0.0,0.320212565550293,0.94734571982128));
#11607=DIRECTION('',(1.0,0.0,0.0));
#11608=CARTESIAN_POINT('',(-0.56,-0.56,-6.60394));
#11609=DIRECTION('',(0.0,0.0,1.0));
#11610=DIRECTION('',(-1.0,0.0,0.0));
#11611=DIRECTION('',(1.0,0.0,0.0));
#11612=CARTESIAN_POINT('',(0.56,-0.56,-6.60394));
#11613=DIRECTION('',(0.0,0.0,1.0));
#11614=DIRECTION('',(3.053113317719E-14,-1.0,0.0));
#11615=CARTESIAN_POINT('',(0.6375,0.0275,-6.60394));
#11616=DIRECTION('',(0.0,0.0,1.0));
#11617=DIRECTION('',(1.0,-1.685358202203E-12,0.0));
#11618=DIRECTION('',(0.0,-1.0,0.0));
#11619=DIRECTION('',(-1.0,0.0,0.0));
#11620=DIRECTION('',(0.0,1.0,0.0));
#11621=CARTESIAN_POINT('',(0.56,-0.56,-6.60394));
#11622=DIRECTION('',(0.0,0.0,-1.0));
#11623=DIRECTION('',(1.0,0.0,0.0));
#11624=DIRECTION('',(-1.0,0.0,0.0));
#11625=CARTESIAN_POINT('',(-0.56,-0.56,-6.60394));
#11626=DIRECTION('',(0.0,0.0,-1.0));
#11627=DIRECTION('',(0.0,-1.0,0.0));
#11628=CARTESIAN_POINT('',(-0.6375,0.0275,-6.60394));
#11629=DIRECTION('',(0.0,0.0,-1.0));
#11630=DIRECTION('',(-1.0,1.102147473815E-12,0.0));
#11631=DIRECTION('',(0.0,-1.0,0.0));
#11632=DIRECTION('',(-1.0,0.0,0.0));
#11633=DIRECTION('',(0.0,1.0,0.0));
#11634=CARTESIAN_POINT('',(-0.6375,0.0275,-6.60394));
#11635=DIRECTION('',(0.0,0.0,1.0));
#11636=DIRECTION('',(1.0,-6.389446794782E-14,0.0));
#11637=DIRECTION('',(0.0,0.0,-1.0));
#11638=DIRECTION('',(0.0,0.0,-1.0));
#11639=DIRECTION('',(0.0,0.0,-1.0));
#11640=DIRECTION('',(0.0,0.0,-1.0));
#11641=DIRECTION('',(0.0,0.0,-1.0));
#11642=DIRECTION('',(0.0,0.0,-1.0));
#11643=DIRECTION('',(-1.0,0.0,0.0));
#11644=DIRECTION('',(1.0,0.0,0.0));
#11645=DIRECTION('',(0.0,-0.516142714691107,0.856502596651811));
#11646=DIRECTION('',(-1.0,0.0,0.0));
#11647=DIRECTION('',(-1.0,0.0,0.0));
#11648=DIRECTION('',(0.0,0.0,-1.0));
#11649=DIRECTION('',(0.0,0.0,-1.0));
#11650=DIRECTION('',(0.0,0.516142714691107,-0.856502596651811));
#11651=DIRECTION('',(0.0,0.870672933624065,-0.49186242248668));
#11652=DIRECTION('',(-0.320212565550309,0.811404068953924,0.488965591579514));
#11653=DIRECTION('',(1.0,0.0,0.0));
#11654=DIRECTION('',(0.320212565550309,0.811404068953924,0.488965591579514));
#11655=DIRECTION('',(0.0,-0.870672933624065,0.49186242248668));
#11656=DIRECTION('',(-1.0,0.0,0.0));
#11657=DIRECTION('',(-1.0,0.0,0.0));
#11658=DIRECTION('',(0.0,1.0,0.0));
#11659=DIRECTION('',(-0.320212565550293,0.0,0.94734571982128));
#11660=DIRECTION('',(1.0,0.0,0.0));
#11661=DIRECTION('',(0.320212565550293,0.0,0.94734571982128));
#11662=DIRECTION('',(0.0,-1.0,0.0));
#11663=DIRECTION('',(0.0,0.0,-1.0));
#11664=DIRECTION('',(0.0,0.0,-1.0));
#11665=DIRECTION('',(0.0,0.0,-1.0));
#11666=DIRECTION('',(0.0,1.0,0.0));
#11667=DIRECTION('',(0.0,1.0,0.0));
#11668=DIRECTION('',(0.870672933624065,0.0,-0.49186242248668));
#11669=DIRECTION('',(0.811404068953924,0.320212565550309,0.488965591579514));
#11670=DIRECTION('',(0.0,-1.0,0.0));
#11671=DIRECTION('',(0.811404068953924,-0.320212565550309,0.488965591579514));
#11672=DIRECTION('',(-0.870672933624065,0.0,0.49186242248668));
#11673=DIRECTION('',(-0.516142714691107,0.0,0.856502596651811));
#11674=DIRECTION('',(0.0,-0.320212565550293,0.94734571982128));
#11675=DIRECTION('',(-1.0,0.0,0.0));
#11676=DIRECTION('',(0.0,1.0,0.0));
#11677=DIRECTION('',(1.0,0.0,0.0));
#11678=DIRECTION('',(0.0,0.320212565550293,0.94734571982128));
#11679=DIRECTION('',(0.0,-1.0,0.0));
ENDSEC;
END-ISO-10303-21;
