ISO-10303-21;
HEADER;
FILE_DESCRIPTION(('FreeCAD Model'),'2;1');
FILE_NAME('Open CASCADE Shape Model','2022-02-03T15:29:34',(
    'Frederic Herrmann'),('KEB Automation KG'),
  'Open CASCADE STEP processor 7.5','FreeCAD','Unknown');
FILE_SCHEMA(('CONFIG_CONTROL_DESIGN','SHAPE_APPEARANCE_LAYER_MIM'));
ENDSEC;
DATA;
#1 = APPLICATION_PROTOCOL_DEFINITION('international standard',
  'config_control_design',1994,#2);
#2 = APPLICATION_CONTEXT(
'configuration controlled 3D designs of mechanical parts and assemblies'
  );
#3 = SHAPE_DEFINITION_REPRESENTATION(#4,#10);
#4 = PRODUCT_DEFINITION_SHAPE('','',#5);
#5 = PRODUCT_DEFINITION('design','',#6,#9);
#6 = PRODUCT_DEFINITION_FORMATION_WITH_SPECIFIED_SOURCE('','',#7,
  .NOT_KNOWN.);
#7 = PRODUCT('44R12 M12','44R12 M12','',(#8));
#8 = MECHANICAL_CONTEXT('',#2,'mechanical');
#9 = DESIGN_CONTEXT('',#2,'design');
#10 = ADVANCED_BREP_SHAPE_REPRESENTATION('',(#11,#15),#11718);
#11 = AXIS2_PLACEMENT_3D('',#12,#13,#14);
#12 = CARTESIAN_POINT('',(0.,0.,0.));
#13 = DIRECTION('',(0.,0.,1.));
#14 = DIRECTION('',(1.,0.,-0.));
#15 = MANIFOLD_SOLID_BREP('',#16);
#16 = CLOSED_SHELL('',(#17,#212,#711,#996,#1046,#1120,#1345,#5146,#5234,
    #5345,#5412,#5439,#5786,#6065,#6092,#6168,#6217,#6266,#6315,#6364,
    #6413,#6462,#6511,#6560,#6609,#6658,#6707,#6756,#6805,#6854,#6903,
    #6952,#7001,#7050,#7099,#7148,#7175,#7251,#7300,#7349,#7398,#7447,
    #7496,#7545,#7594,#7621,#7697,#7746,#7795,#7822,#7898,#7947,#7996,
    #8045,#8094,#8143,#8192,#8241,#8290,#8339,#8388,#8437,#8486,#8535,
    #8584,#8633,#8682,#8731,#8780,#8829,#8878,#8905,#8981,#9030,#9079,
    #9128,#9177,#9226,#9275,#9324,#9373,#9422,#9471,#9520,#9569,#9618,
    #9667,#9716,#9765,#9814,#9863,#9912,#9961,#9988,#10038,#10114,#10163
    ,#10212,#10261,#10310,#10359,#10408,#10457,#10506,#10555,#10604,
    #10653,#10702,#10751,#10800,#10849,#10898,#10947,#10996,#11045,
    #11094,#11121,#11147,#11201,#11208,#11284,#11337,#11386,#11417,
    #11442,#11454,#11461,#11486,#11511,#11536,#11543,#11604,#11659,
    #11714));
#17 = ADVANCED_FACE('',(#18),#33,.T.);
#18 = FACE_BOUND('',#19,.T.);
#19 = EDGE_LOOP('',(#20,#55,#110));
#20 = ORIENTED_EDGE('',*,*,#21,.F.);
#21 = EDGE_CURVE('',#22,#24,#26,.T.);
#22 = VERTEX_POINT('',#23);
#23 = CARTESIAN_POINT('',(38.850278184206,-4.139430897927,2.108111842105
    ));
#24 = VERTEX_POINT('',#25);
#25 = CARTESIAN_POINT('',(38.907854986492,-4.067478257783,2.108111842105
    ));
#26 = SURFACE_CURVE('',#27,(#32,#43),.PCURVE_S1.);
#27 = CIRCLE('',#28,13.583132303607);
#28 = AXIS2_PLACEMENT_3D('',#29,#30,#31);
#29 = CARTESIAN_POINT('',(28.27353957284,4.383132303607,2.108111842105)
  );
#30 = DIRECTION('',(0.,-0.,1.));
#31 = DIRECTION('',(1.,7.11885390893E-09,0.));
#32 = PCURVE('',#33,#38);
#33 = TOROIDAL_SURFACE('',#34,13.583132303607,0.3);
#34 = AXIS2_PLACEMENT_3D('',#35,#36,#37);
#35 = CARTESIAN_POINT('',(28.27353957284,4.383132303607,1.808111842105)
  );
#36 = DIRECTION('',(0.,0.,1.));
#37 = DIRECTION('',(1.,7.11885390893E-09,0.));
#38 = DEFINITIONAL_REPRESENTATION('',(#39),#42);
#39 = B_SPLINE_CURVE_WITH_KNOTS('',1,(#40,#41),.UNSPECIFIED.,.F.,.F.,(2,
    2),(4.712389302706,5.767167552681),.PIECEWISE_BEZIER_KNOTS.);
#40 = CARTESIAN_POINT('',(4.712389302706,7.853981963414));
#41 = CARTESIAN_POINT('',(5.767167552681,7.853981963414));
#42 = ( GEOMETRIC_REPRESENTATION_CONTEXT(2) 
PARAMETRIC_REPRESENTATION_CONTEXT() REPRESENTATION_CONTEXT('2D SPACE',''
  ) );
#43 = PCURVE('',#44,#49);
#44 = PLANE('',#45);
#45 = AXIS2_PLACEMENT_3D('',#46,#47,#48);
#46 = CARTESIAN_POINT('',(17.599357774054,-2.308152390103E-08,
    2.108111842105));
#47 = DIRECTION('',(0.,0.,1.));
#48 = DIRECTION('',(1.,0.,0.));
#49 = DEFINITIONAL_REPRESENTATION('',(#50),#54);
#50 = CIRCLE('',#51,13.583132303607);
#51 = AXIS2_PLACEMENT_2D('',#52,#53);
#52 = CARTESIAN_POINT('',(10.674181798786,4.383132326689));
#53 = DIRECTION('',(1.,7.11885390893E-09));
#54 = ( GEOMETRIC_REPRESENTATION_CONTEXT(2) 
PARAMETRIC_REPRESENTATION_CONTEXT() REPRESENTATION_CONTEXT('2D SPACE',''
  ) );
#55 = ORIENTED_EDGE('',*,*,#56,.F.);
#56 = EDGE_CURVE('',#57,#22,#59,.T.);
#57 = VERTEX_POINT('',#58);
#58 = CARTESIAN_POINT('',(39.287680590212,-3.767115121257,2.083667390737
    ));
#59 = SURFACE_CURVE('',#60,(#73,#89),.PCURVE_S1.);
#60 = B_SPLINE_CURVE_WITH_KNOTS('',6,(#61,#62,#63,#64,#65,#66,#67,#68,
    #69,#70,#71,#72),.UNSPECIFIED.,.F.,.F.,(7,5,7),(0.,
    2.700104750251E-02,1.),.UNSPECIFIED.);
#61 = CARTESIAN_POINT('',(39.287680590216,-3.767115121262,2.083667390735
    ));
#62 = CARTESIAN_POINT('',(39.285803903647,-3.768752958595,2.083897396012
    ));
#63 = CARTESIAN_POINT('',(39.283925963169,-3.77039146521,2.084125966781)
  );
#64 = CARTESIAN_POINT('',(39.282046703982,-3.772030696731,2.084353115266
    ));
#65 = CARTESIAN_POINT('',(39.280166105651,-3.773670670074,2.084578848155
    ));
#66 = CARTESIAN_POINT('',(39.278284192103,-3.775311363445,2.084803166605
    ));
#67 = CARTESIAN_POINT('',(39.208540213671,-3.83609985311,2.093058388221)
  );
#68 = CARTESIAN_POINT('',(39.139025889544,-3.896133362037,2.099252607294
    ));
#69 = CARTESIAN_POINT('',(39.068208528095,-3.956705526756,2.103756675462
    ));
#70 = CARTESIAN_POINT('',(38.996347323615,-4.017566836786,2.106680461354
    ));
#71 = CARTESIAN_POINT('',(38.92364905912,-4.078524664021,2.108111846468)
  );
#72 = CARTESIAN_POINT('',(38.850277800873,-4.139431216137,2.108111842105
    ));
#73 = PCURVE('',#33,#74);
#74 = DEFINITIONAL_REPRESENTATION('',(#75),#88);
#75 = B_SPLINE_CURVE_WITH_KNOTS('',6,(#76,#77,#78,#79,#80,#81,#82,#83,
    #84,#85,#86,#87),.UNSPECIFIED.,.F.,.F.,(7,5,7),(0.,
    2.700104750251E-02,1.),.UNSPECIFIED.);
#76 = CARTESIAN_POINT('',(5.646127696568,7.447502097148));
#77 = CARTESIAN_POINT('',(5.645950136031,7.449441213446));
#78 = CARTESIAN_POINT('',(5.645772465852,7.451378876703));
#79 = CARTESIAN_POINT('',(5.645594679052,7.453314969454));
#80 = CARTESIAN_POINT('',(5.645416773375,7.455249450708));
#81 = CARTESIAN_POINT('',(5.645238751291,7.457182355949));
#82 = CARTESIAN_POINT('',(5.638641551888,7.5287144396));
#83 = CARTESIAN_POINT('',(5.632076931962,7.596336068519));
#84 = CARTESIAN_POINT('',(5.625400733101,7.662381265272));
#85 = CARTESIAN_POINT('',(5.618637936547,7.727151871319));
#86 = CARTESIAN_POINT('',(5.611808357612,7.790926147181));
#87 = CARTESIAN_POINT('',(5.604927633088,7.853981963414));
#88 = ( GEOMETRIC_REPRESENTATION_CONTEXT(2) 
PARAMETRIC_REPRESENTATION_CONTEXT() REPRESENTATION_CONTEXT('2D SPACE',''
  ) );
#89 = PCURVE('',#90,#95);
#90 = CYLINDRICAL_SURFACE('',#91,23.25);
#91 = AXIS2_PLACEMENT_3D('',#92,#93,#94);
#92 = CARTESIAN_POINT('',(24.,13.75,0.));
#93 = DIRECTION('',(-0.,-0.,-1.));
#94 = DIRECTION('',(1.,0.,0.));
#95 = DEFINITIONAL_REPRESENTATION('',(#96),#109);
#96 = B_SPLINE_CURVE_WITH_KNOTS('',6,(#97,#98,#99,#100,#101,#102,#103,
    #104,#105,#106,#107,#108),.UNSPECIFIED.,.F.,.F.,(7,5,7),(0.,
    2.700104750251E-02,1.),.UNSPECIFIED.);
#97 = CARTESIAN_POINT('',(-5.429930855108,-2.083667390735));
#98 = CARTESIAN_POINT('',(-5.429823720654,-2.083897396012));
#99 = CARTESIAN_POINT('',(-5.429716526638,-2.084125966781));
#100 = CARTESIAN_POINT('',(-5.429609269385,-2.084353115266));
#101 = CARTESIAN_POINT('',(-5.429501947753,-2.084578848155));
#102 = CARTESIAN_POINT('',(-5.429394563131,-2.084803166605));
#103 = CARTESIAN_POINT('',(-5.425415321585,-2.093058388221));
#104 = CARTESIAN_POINT('',(-5.421464862151,-2.099252607287));
#105 = CARTESIAN_POINT('',(-5.417456826612,-2.103756675482));
#106 = CARTESIAN_POINT('',(-5.413406544576,-2.106680461332));
#107 = CARTESIAN_POINT('',(-5.409326033503,-2.108111846479));
#108 = CARTESIAN_POINT('',(-5.405224658923,-2.108111842105));
#109 = ( GEOMETRIC_REPRESENTATION_CONTEXT(2) 
PARAMETRIC_REPRESENTATION_CONTEXT() REPRESENTATION_CONTEXT('2D SPACE',''
  ) );
#110 = ORIENTED_EDGE('',*,*,#111,.F.);
#111 = EDGE_CURVE('',#24,#57,#112,.T.);
#112 = SURFACE_CURVE('',#113,(#144,#178),.PCURVE_S1.);
#113 = B_SPLINE_CURVE_WITH_KNOTS('',5,(#114,#115,#116,#117,#118,#119,
    #120,#121,#122,#123,#124,#125,#126,#127,#128,#129,#130,#131,#132,
    #133,#134,#135,#136,#137,#138,#139,#140,#141,#142,#143),
  .UNSPECIFIED.,.F.,.F.,(6,4,4,4,4,4,4,6),(0.,0.229981410436,
    0.479615661515,0.739593297188,0.971405688934,0.98663694244,
    0.993744749386,1.),.UNSPECIFIED.);
#114 = CARTESIAN_POINT('',(38.907854694207,-4.067478466738,
    2.108111842105));
#115 = CARTESIAN_POINT('',(38.983071313265,-4.013705839394,
    2.108111847956));
#116 = CARTESIAN_POINT('',(39.0587899897,-3.956947026698,2.105416524921)
  );
#117 = CARTESIAN_POINT('',(39.134367194526,-3.897418339457,
    2.100339053812));
#118 = CARTESIAN_POINT('',(39.209362996207,-3.835315495372,
    2.093175334679));
#119 = CARTESIAN_POINT('',(39.363908524963,-3.700742626708,
    2.074418073733));
#120 = CARTESIAN_POINT('',(39.443292311814,-3.627846615783,
    2.062499306556));
#121 = CARTESIAN_POINT('',(39.521223060899,-3.552292709257,
    2.048753855172));
#122 = CARTESIAN_POINT('',(39.597432250295,-3.474256832514,
    2.033465998708));
#123 = CARTESIAN_POINT('',(39.749094861894,-3.310178291787,
    1.999615247959));
#124 = CARTESIAN_POINT('',(39.824382626547,-3.223941681541,
    1.980943718487));
#125 = CARTESIAN_POINT('',(39.897365589478,-3.135338786738,
    1.961150970402));
#126 = CARTESIAN_POINT('',(39.967885403396,-3.044524271914,
    1.940482704039));
#127 = CARTESIAN_POINT('',(40.096391525215,-2.868815989438,
    1.900157860951));
#128 = CARTESIAN_POINT('',(40.154906986383,-2.78434808474,1.880634580362
    ));
#129 = CARTESIAN_POINT('',(40.211276545453,-2.698335923435,
    1.860756616136));
#130 = CARTESIAN_POINT('',(40.265429011766,-2.610879493293,
    1.840674555043));
#131 = CARTESIAN_POINT('',(40.320712374323,-2.516245265927,
    1.819214133681));
#132 = CARTESIAN_POINT('',(40.324110986727,-2.510404880832,
    1.817890772655));
#133 = CARTESIAN_POINT('',(40.327499748288,-2.504558727741,
    1.816567215854));
#134 = CARTESIAN_POINT('',(40.330878641877,-2.498706835756,1.81524350556
    ));
#135 = CARTESIAN_POINT('',(40.335819829957,-2.490115729428,
    1.813301910334));
#136 = CARTESIAN_POINT('',(40.33738985235,-2.487380988988,1.812684114129
    ));
#137 = CARTESIAN_POINT('',(40.338957716661,-2.48464501461,1.812066299464
    ));
#138 = CARTESIAN_POINT('',(40.340523421835,-2.481907808161,
    1.811448470382));
#139 = CARTESIAN_POINT('',(40.3434629701,-2.476759400651,1.81028689913)
  );
#140 = CARTESIAN_POINT('',(40.344837315167,-2.47434845085,1.809743173486
    ));
#141 = CARTESIAN_POINT('',(40.346209951676,-2.471936610861,
    1.809199407256));
#142 = CARTESIAN_POINT('',(40.347580911126,-2.469523825149,
    1.808655632942));
#143 = CARTESIAN_POINT('',(40.348950306853,-2.467109893889,
    1.808111962282));
#144 = PCURVE('',#33,#145);
#145 = DEFINITIONAL_REPRESENTATION('',(#146),#177);
#146 = B_SPLINE_CURVE_WITH_KNOTS('',5,(#147,#148,#149,#150,#151,#152,
    #153,#154,#155,#156,#157,#158,#159,#160,#161,#162,#163,#164,#165,
    #166,#167,#168,#169,#170,#171,#172,#173,#174,#175,#176),
  .UNSPECIFIED.,.F.,.F.,(6,4,4,4,4,4,4,6),(0.,0.229981410436,
    0.479615661515,0.739593297188,0.971405688934,0.98663694244,
    0.993744749386,1.),.UNSPECIFIED.);
#147 = CARTESIAN_POINT('',(5.611712064981,7.853981963414));
#148 = CARTESIAN_POINT('',(5.618256518861,7.769203850458));
#149 = CARTESIAN_POINT('',(5.624965448072,7.686883948345));
#150 = CARTESIAN_POINT('',(5.631797750442,7.60671937415));
#151 = CARTESIAN_POINT('',(5.638725281329,7.528458634853));
#152 = CARTESIAN_POINT('',(5.653332192892,7.368704112207));
#153 = CARTESIAN_POINT('',(5.661024534627,7.287513229101));
#154 = CARTESIAN_POINT('',(5.668782312403,7.207973011624));
#155 = CARTESIAN_POINT('',(5.67658952214,7.129835987853));
#156 = CARTESIAN_POINT('',(5.692606699913,6.972711733409));
#157 = CARTESIAN_POINT('',(5.700819581749,6.893827167091));
#158 = CARTESIAN_POINT('',(5.709062008642,6.81595506973));
#159 = CARTESIAN_POINT('',(5.717325705436,6.738878111456));
#160 = CARTESIAN_POINT('',(5.732986864603,6.594182878839));
#161 = CARTESIAN_POINT('',(5.740381058221,6.526445736099));
#162 = CARTESIAN_POINT('',(5.747783044094,6.459028729044));
#163 = CARTESIAN_POINT('',(5.755189376072,6.391797183141));
#164 = CARTESIAN_POINT('',(5.763083644784,6.320201008909));
#165 = CARTESIAN_POINT('',(5.763570363944,6.315787026664));
#166 = CARTESIAN_POINT('',(5.76405708732,6.31137322156));
#167 = CARTESIAN_POINT('',(5.764543814001,6.306959555341));
#168 = CARTESIAN_POINT('',(5.765257679754,6.300486358099));
#169 = CARTESIAN_POINT('',(5.765484816321,6.298426754076));
#170 = CARTESIAN_POINT('',(5.765711952777,6.296367172975));
#171 = CARTESIAN_POINT('',(5.765939089124,6.294307610072));
#172 = CARTESIAN_POINT('',(5.766366117406,6.290435546886));
#173 = CARTESIAN_POINT('',(5.766566011534,6.288623090856));
#174 = CARTESIAN_POINT('',(5.766765900499,6.286810524351));
#175 = CARTESIAN_POINT('',(5.766965789003,6.284997943302));
#176 = CARTESIAN_POINT('',(5.767165693701,6.283185707767));
#177 = ( GEOMETRIC_REPRESENTATION_CONTEXT(2) 
PARAMETRIC_REPRESENTATION_CONTEXT() REPRESENTATION_CONTEXT('2D SPACE',''
  ) );
#178 = PCURVE('',#179,#184);
#179 = CYLINDRICAL_SURFACE('',#180,5.);
#180 = AXIS2_PLACEMENT_3D('',#181,#182,#183);
#181 = CARTESIAN_POINT('',(36.,-1.015026362182E-32,7.108111842105));
#182 = DIRECTION('',(1.288472811861E-31,1.4279831054E-33,-1.));
#183 = DIRECTION('',(1.,-1.839917407105E-64,1.288472811861E-31));
#184 = DEFINITIONAL_REPRESENTATION('',(#185),#211);
#185 = B_SPLINE_CURVE_WITH_KNOTS('',3,(#186,#187,#188,#189,#190,#191,
    #192,#193,#194,#195,#196,#197,#198,#199,#200,#201,#202,#203,#204,
    #205,#206,#207,#208,#209,#210),.UNSPECIFIED.,.F.,.F.,(4,1,1,1,1,1,1,
    1,1,1,1,1,1,1,1,1,1,1,1,1,1,1,4),(1.787373435905E-07,
    1.057271240332E-02,2.114524606929E-02,3.171777973527E-02,
    4.229031340124E-02,5.286284706721E-02,6.343538073319E-02,
    7.400791439916E-02,8.458044806513E-02,9.515298173111E-02,
    0.105725515397,0.116298049063,0.126870582729,0.137443116395,
    0.148015650061,0.158588183727,0.169160717393,0.179733251059,
    0.190305784725,0.200878318391,0.211450852057,0.222023385723,
    0.232595919389),.QUASI_UNIFORM_KNOTS.);
#186 = CARTESIAN_POINT('',(-5.333047509655,5.));
#187 = CARTESIAN_POINT('',(-5.334464360719,5.000000001022));
#188 = CARTESIAN_POINT('',(-5.337304100787,5.000037974524));
#189 = CARTESIAN_POINT('',(-5.341581177636,5.00020703916));
#190 = CARTESIAN_POINT('',(-5.345875066135,5.000486394156));
#191 = CARTESIAN_POINT('',(-5.350185139265,5.000874239599));
#192 = CARTESIAN_POINT('',(-5.354510788025,5.001368785539));
#193 = CARTESIAN_POINT('',(-5.358851423744,5.001968253822));
#194 = CARTESIAN_POINT('',(-5.363206477081,5.002670878313));
#195 = CARTESIAN_POINT('',(-5.367575397918,5.003474905556));
#196 = CARTESIAN_POINT('',(-5.371957655016,5.004378595315));
#197 = CARTESIAN_POINT('',(-5.376352735742,5.005380221147));
#198 = CARTESIAN_POINT('',(-5.380760145776,5.006478070968));
#199 = CARTESIAN_POINT('',(-5.38517940883,5.007670447616));
#200 = CARTESIAN_POINT('',(-5.389610066374,5.008955669419));
#201 = CARTESIAN_POINT('',(-5.394051677353,5.010332070764));
#202 = CARTESIAN_POINT('',(-5.398503817923,5.011798002657));
#203 = CARTESIAN_POINT('',(-5.402966081178,5.013351833298));
#204 = CARTESIAN_POINT('',(-5.407438076887,5.014991948633));
#205 = CARTESIAN_POINT('',(-5.411919431244,5.016716752958));
#206 = CARTESIAN_POINT('',(-5.41640978657,5.018524669347));
#207 = CARTESIAN_POINT('',(-5.42090880123,5.020414140747));
#208 = CARTESIAN_POINT('',(-5.425416148742,5.022383628552));
#209 = CARTESIAN_POINT('',(-5.428426396211,5.023748956595));
#210 = CARTESIAN_POINT('',(-5.429932804874,5.024444451375));
#211 = ( GEOMETRIC_REPRESENTATION_CONTEXT(2) 
PARAMETRIC_REPRESENTATION_CONTEXT() REPRESENTATION_CONTEXT('2D SPACE',''
  ) );
#212 = ADVANCED_FACE('',(#213),#90,.T.);
#213 = FACE_BOUND('',#214,.F.);
#214 = EDGE_LOOP('',(#215,#473,#501,#568,#590,#591,#614,#684));
#215 = ORIENTED_EDGE('',*,*,#216,.F.);
#216 = EDGE_CURVE('',#217,#219,#221,.T.);
#217 = VERTEX_POINT('',#218);
#218 = CARTESIAN_POINT('',(24.,-9.5,0.300003241242));
#219 = VERTEX_POINT('',#220);
#220 = CARTESIAN_POINT('',(27.722902093797,-9.2,2.775557561563E-17));
#221 = SURFACE_CURVE('',#222,(#302,#385),.PCURVE_S1.);
#222 = B_SPLINE_CURVE_WITH_KNOTS('',8,(#223,#224,#225,#226,#227,#228,
    #229,#230,#231,#232,#233,#234,#235,#236,#237,#238,#239,#240,#241,
    #242,#243,#244,#245,#246,#247,#248,#249,#250,#251,#252,#253,#254,
    #255,#256,#257,#258,#259,#260,#261,#262,#263,#264,#265,#266,#267,
    #268,#269,#270,#271,#272,#273,#274,#275,#276,#277,#278,#279,#280,
    #281,#282,#283,#284,#285,#286,#287,#288,#289,#290,#291,#292,#293,
    #294,#295,#296,#297,#298,#299,#300,#301),.UNSPECIFIED.,.F.,.F.,(9,7,
    7,7,7,7,7,7,7,7,7,9),(0.,6.191796398771E-04,1.238359151432E-03,
    1.857538427073E-03,2.476717340042E-03,3.074544802133E-03,
    3.672371706245E-03,4.291548869634E-03,4.868023413132E-03,
    5.444497136517E-03,0.877021065065,1.),.UNSPECIFIED.);
#223 = CARTESIAN_POINT('',(24.,-9.5,0.3));
#224 = CARTESIAN_POINT('',(24.000293719658,-9.5,0.299966635694));
#225 = CARTESIAN_POINT('',(24.000587439313,-9.499999995759,
    0.299933271383));
#226 = CARTESIAN_POINT('',(24.000881158966,-9.499999987278,
    0.299899907071));
#227 = CARTESIAN_POINT('',(24.001174878619,-9.499999974556,0.29986654276
    ));
#228 = CARTESIAN_POINT('',(24.001468598273,-9.499999957593,
    0.299833178451));
#229 = CARTESIAN_POINT('',(24.001762317927,-9.49999993639,0.299799814145
    ));
#230 = CARTESIAN_POINT('',(24.002056037581,-9.499999910946,
    0.299766449842));
#231 = CARTESIAN_POINT('',(24.002643476828,-9.499999851576,
    0.299699721249));
#232 = CARTESIAN_POINT('',(24.002937196419,-9.499999817651,
    0.299666356957));
#233 = CARTESIAN_POINT('',(24.003230916009,-9.499999779485,
    0.299632992668));
#234 = CARTESIAN_POINT('',(24.003524635599,-9.499999737078,
    0.299599628384));
#235 = CARTESIAN_POINT('',(24.003818355189,-9.499999690431,
    0.299566264104));
#236 = CARTESIAN_POINT('',(24.004112074778,-9.499999639543,
    0.299532899829));
#237 = CARTESIAN_POINT('',(24.004405794366,-9.499999584414,0.29949953556
    ));
#238 = CARTESIAN_POINT('',(24.004993233429,-9.499999465675,
    0.299432807045));
#239 = CARTESIAN_POINT('',(24.005286952903,-9.499999402065,
    0.299399442799));
#240 = CARTESIAN_POINT('',(24.005580672377,-9.499999334214,0.29936607856
    ));
#241 = CARTESIAN_POINT('',(24.005874391849,-9.499999262123,
    0.299332714327));
#242 = CARTESIAN_POINT('',(24.00616811132,-9.499999185791,0.299299350101
    ));
#243 = CARTESIAN_POINT('',(24.00646183079,-9.499999105218,0.299265985883
    ));
#244 = CARTESIAN_POINT('',(24.006755550258,-9.499999020405,
    0.299232621673));
#245 = CARTESIAN_POINT('',(24.00734298902,-9.499998842296,0.29916589329)
  );
#246 = CARTESIAN_POINT('',(24.007636708314,-9.499998749002,
    0.299132529116));
#247 = CARTESIAN_POINT('',(24.007930427606,-9.499998651466,
    0.299099164952));
#248 = CARTESIAN_POINT('',(24.008224146896,-9.49999854969,0.299065800797
    ));
#249 = CARTESIAN_POINT('',(24.008517866185,-9.499998443674,
    0.299032436652));
#250 = CARTESIAN_POINT('',(24.008811585472,-9.499998333416,
    0.298999072518));
#251 = CARTESIAN_POINT('',(24.009105304757,-9.499998218918,
    0.298965708394));
#252 = CARTESIAN_POINT('',(24.009682614858,-9.499997985535,
    0.298900130681));
#253 = CARTESIAN_POINT('',(24.009966205673,-9.499997866938,0.29886791709
    ));
#254 = CARTESIAN_POINT('',(24.010249796486,-9.499997744387,
    0.298835703511));
#255 = CARTESIAN_POINT('',(24.010533387297,-9.499997617883,
    0.298803489943));
#256 = CARTESIAN_POINT('',(24.010816978107,-9.499997487426,
    0.298771276387));
#257 = CARTESIAN_POINT('',(24.011100568914,-9.499997353016,
    0.298739062843));
#258 = CARTESIAN_POINT('',(24.011384159719,-9.499997214652,
    0.298706849312));
#259 = CARTESIAN_POINT('',(24.01195134106,-9.499996930019,0.298642422307
    ));
#260 = CARTESIAN_POINT('',(24.012234931597,-9.499996783749,
    0.298610208832));
#261 = CARTESIAN_POINT('',(24.01251852213,-9.499996633525,0.298577995371
    ));
#262 = CARTESIAN_POINT('',(24.012802112662,-9.499996479349,
    0.298545781924));
#263 = CARTESIAN_POINT('',(24.013085703191,-9.499996321219,
    0.298513568492));
#264 = CARTESIAN_POINT('',(24.013369293717,-9.499996159136,
    0.298481355074));
#265 = CARTESIAN_POINT('',(24.013652884241,-9.4999959931,0.298449141672)
  );
#266 = CARTESIAN_POINT('',(24.014230193184,-9.499995647051,
    0.298383564459));
#267 = CARTESIAN_POINT('',(24.014523911603,-9.49999546675,0.298350200649
    ));
#268 = CARTESIAN_POINT('',(24.014817630019,-9.499995282208,
    0.298316836856));
#269 = CARTESIAN_POINT('',(24.015111348432,-9.499995093426,
    0.298283473082));
#270 = CARTESIAN_POINT('',(24.015405066841,-9.499994900403,
    0.298250109325));
#271 = CARTESIAN_POINT('',(24.015698785248,-9.49999470314,0.298216745588
    ));
#272 = CARTESIAN_POINT('',(24.015992503651,-9.499994501636,
    0.298183381869));
#273 = CARTESIAN_POINT('',(24.016559683656,-9.499994104336,
    0.298118955457));
#274 = CARTESIAN_POINT('',(24.016833145258,-9.499993909105,0.29808789276
    ));
#275 = CARTESIAN_POINT('',(24.017106606857,-9.499993710198,
    0.298056830081));
#276 = CARTESIAN_POINT('',(24.017380068452,-9.499993507615,0.29802576742
    ));
#277 = CARTESIAN_POINT('',(24.017653530045,-9.499993301357,
    0.297994704777));
#278 = CARTESIAN_POINT('',(24.017926991635,-9.499993091422,
    0.297963642153));
#279 = CARTESIAN_POINT('',(24.018200453221,-9.499992877811,
    0.297932579548));
#280 = CARTESIAN_POINT('',(24.018747375999,-9.499992443239,0.29787045442
    ));
#281 = CARTESIAN_POINT('',(24.01902083719,-9.499992222277,0.297839391898
    ));
#282 = CARTESIAN_POINT('',(24.019294298378,-9.499991997639,
    0.297808329395));
#283 = CARTESIAN_POINT('',(24.019567759562,-9.499991769326,
    0.297777266913));
#284 = CARTESIAN_POINT('',(24.019841220743,-9.499991537336,
    0.297746204451));
#285 = CARTESIAN_POINT('',(24.02011468192,-9.499991301671,0.29771514201)
  );
#286 = CARTESIAN_POINT('',(24.020388143094,-9.49999106233,0.297684079591
    ));
#287 = CARTESIAN_POINT('',(24.434110367927,-9.499623399179,
    0.250689457576));
#288 = CARTESIAN_POINT('',(24.840213927408,-9.490860004556,
    0.204609344041));
#289 = CARTESIAN_POINT('',(25.245775846556,-9.474215772839,
    0.159931720854));
#290 = CARTESIAN_POINT('',(25.653422309547,-9.449409748652,
    0.117483085016));
#291 = CARTESIAN_POINT('',(26.063468635119,-9.41614973641,
    7.870191908897E-02));
#292 = CARTESIAN_POINT('',(26.474277867634,-9.374263757454,
    4.556955881142E-02));
#293 = CARTESIAN_POINT('',(26.881756233726,-9.324191083515,
    2.083200490999E-02));
#294 = CARTESIAN_POINT('',(27.334078253774,-9.259772138788,
    5.901122300214E-03));
#295 = CARTESIAN_POINT('',(27.389912745573,-9.25166181321,
    4.282782900995E-03));
#296 = CARTESIAN_POINT('',(27.445660038072,-9.243406169654,
    2.902231105295E-03));
#297 = CARTESIAN_POINT('',(27.50132194128,-9.235005536746,
    1.770667306483E-03));
#298 = CARTESIAN_POINT('',(27.556893145152,-9.226461286518,
    9.005275132846E-04));
#299 = CARTESIAN_POINT('',(27.612361192649,-9.217776015199,
    3.054097076414E-04));
#300 = CARTESIAN_POINT('',(27.667706452806,-9.208953724019,
    2.025663856831E-10));
#301 = CARTESIAN_POINT('',(27.722902093797,-9.2,5.551115123126E-17));
#302 = PCURVE('',#90,#303);
#303 = DEFINITIONAL_REPRESENTATION('',(#304),#384);
#304 = B_SPLINE_CURVE_WITH_KNOTS('',8,(#305,#306,#307,#308,#309,#310,
    #311,#312,#313,#314,#315,#316,#317,#318,#319,#320,#321,#322,#323,
    #324,#325,#326,#327,#328,#329,#330,#331,#332,#333,#334,#335,#336,
    #337,#338,#339,#340,#341,#342,#343,#344,#345,#346,#347,#348,#349,
    #350,#351,#352,#353,#354,#355,#356,#357,#358,#359,#360,#361,#362,
    #363,#364,#365,#366,#367,#368,#369,#370,#371,#372,#373,#374,#375,
    #376,#377,#378,#379,#380,#381,#382,#383),.UNSPECIFIED.,.F.,.F.,(9,7,
    7,7,7,7,7,7,7,7,7,9),(0.,6.191796398771E-04,1.238359151432E-03,
    1.857538427073E-03,2.476717340042E-03,3.074544802133E-03,
    3.672371706245E-03,4.291548869634E-03,4.868023413132E-03,
    5.444497136517E-03,0.877021065065,1.),.UNSPECIFIED.);
#305 = CARTESIAN_POINT('',(-4.712388980385,-0.3));
#306 = CARTESIAN_POINT('',(-4.712401613488,-0.299966635694));
#307 = CARTESIAN_POINT('',(-4.712414246592,-0.299933271383));
#308 = CARTESIAN_POINT('',(-4.712426879695,-0.299899907071));
#309 = CARTESIAN_POINT('',(-4.712439512798,-0.29986654276));
#310 = CARTESIAN_POINT('',(-4.712452145902,-0.299833178451));
#311 = CARTESIAN_POINT('',(-4.712464779005,-0.299799814145));
#312 = CARTESIAN_POINT('',(-4.712477412109,-0.299766449842));
#313 = CARTESIAN_POINT('',(-4.712502678313,-0.299699721249));
#314 = CARTESIAN_POINT('',(-4.712515311414,-0.299666356957));
#315 = CARTESIAN_POINT('',(-4.712527944515,-0.299632992668));
#316 = CARTESIAN_POINT('',(-4.712540577615,-0.299599628384));
#317 = CARTESIAN_POINT('',(-4.712553210716,-0.299566264104));
#318 = CARTESIAN_POINT('',(-4.712565843817,-0.299532899829));
#319 = CARTESIAN_POINT('',(-4.712578476918,-0.29949953556));
#320 = CARTESIAN_POINT('',(-4.712603743114,-0.299432807045));
#321 = CARTESIAN_POINT('',(-4.71261637621,-0.299399442799));
#322 = CARTESIAN_POINT('',(-4.712629009306,-0.29936607856));
#323 = CARTESIAN_POINT('',(-4.712641642402,-0.299332714327));
#324 = CARTESIAN_POINT('',(-4.712654275498,-0.299299350101));
#325 = CARTESIAN_POINT('',(-4.712666908594,-0.299265985883));
#326 = CARTESIAN_POINT('',(-4.71267954169,-0.299232621673));
#327 = CARTESIAN_POINT('',(-4.712704807875,-0.29916589329));
#328 = CARTESIAN_POINT('',(-4.712717440963,-0.299132529116));
#329 = CARTESIAN_POINT('',(-4.712730074052,-0.299099164952));
#330 = CARTESIAN_POINT('',(-4.71274270714,-0.299065800797));
#331 = CARTESIAN_POINT('',(-4.712755340229,-0.299032436652));
#332 = CARTESIAN_POINT('',(-4.712767973317,-0.298999072518));
#333 = CARTESIAN_POINT('',(-4.712780606406,-0.298965708394));
#334 = CARTESIAN_POINT('',(-4.71280543695,-0.298900130681));
#335 = CARTESIAN_POINT('',(-4.712817634405,-0.29886791709));
#336 = CARTESIAN_POINT('',(-4.712829831861,-0.298835703511));
#337 = CARTESIAN_POINT('',(-4.712842029316,-0.298803489943));
#338 = CARTESIAN_POINT('',(-4.712854226772,-0.298771276387));
#339 = CARTESIAN_POINT('',(-4.712866424227,-0.298739062843));
#340 = CARTESIAN_POINT('',(-4.712878621682,-0.298706849312));
#341 = CARTESIAN_POINT('',(-4.712903016582,-0.298642422307));
#342 = CARTESIAN_POINT('',(-4.712915214026,-0.298610208832));
#343 = CARTESIAN_POINT('',(-4.71292741147,-0.298577995371));
#344 = CARTESIAN_POINT('',(-4.712939608914,-0.298545781924));
#345 = CARTESIAN_POINT('',(-4.712951806358,-0.298513568492));
#346 = CARTESIAN_POINT('',(-4.712964003802,-0.298481355074));
#347 = CARTESIAN_POINT('',(-4.712976201246,-0.298449141672));
#348 = CARTESIAN_POINT('',(-4.713001031743,-0.298383564459));
#349 = CARTESIAN_POINT('',(-4.713013664795,-0.298350200649));
#350 = CARTESIAN_POINT('',(-4.713026297848,-0.298316836856));
#351 = CARTESIAN_POINT('',(-4.713038930901,-0.298283473082));
#352 = CARTESIAN_POINT('',(-4.713051563953,-0.298250109325));
#353 = CARTESIAN_POINT('',(-4.713064197006,-0.298216745588));
#354 = CARTESIAN_POINT('',(-4.713076830058,-0.298183381869));
#355 = CARTESIAN_POINT('',(-4.713101224903,-0.298118955457));
#356 = CARTESIAN_POINT('',(-4.713112986696,-0.29808789276));
#357 = CARTESIAN_POINT('',(-4.713124748488,-0.298056830081));
#358 = CARTESIAN_POINT('',(-4.71313651028,-0.29802576742));
#359 = CARTESIAN_POINT('',(-4.713148272072,-0.297994704777));
#360 = CARTESIAN_POINT('',(-4.713160033865,-0.297963642153));
#361 = CARTESIAN_POINT('',(-4.713171795657,-0.297932579548));
#362 = CARTESIAN_POINT('',(-4.713195319225,-0.29787045442));
#363 = CARTESIAN_POINT('',(-4.713207081,-0.297839391898));
#364 = CARTESIAN_POINT('',(-4.713218842776,-0.297808329395));
#365 = CARTESIAN_POINT('',(-4.713230604551,-0.297777266913));
#366 = CARTESIAN_POINT('',(-4.713242366327,-0.297746204451));
#367 = CARTESIAN_POINT('',(-4.713254128102,-0.29771514201));
#368 = CARTESIAN_POINT('',(-4.713265889877,-0.297684079591));
#369 = CARTESIAN_POINT('',(-4.731060401198,-0.250689457576));
#370 = CARTESIAN_POINT('',(-4.748527551981,-0.204609344041));
#371 = CARTESIAN_POINT('',(-4.76598025577,-0.159931720854));
#372 = CARTESIAN_POINT('',(-4.783538864375,-0.117483085015));
#373 = CARTESIAN_POINT('',(-4.80122583026,-7.870191908925E-02));
#374 = CARTESIAN_POINT('',(-4.818980308005,-4.556955881133E-02));
#375 = CARTESIAN_POINT('',(-4.836634838859,-2.083200490999E-02));
#376 = CARTESIAN_POINT('',(-4.856285858709,-5.901122300214E-03));
#377 = CARTESIAN_POINT('',(-4.85871253564,-4.282782903743E-03));
#378 = CARTESIAN_POINT('',(-4.861136402575,-2.90223110669E-03));
#379 = CARTESIAN_POINT('',(-4.863557556295,-1.770667303957E-03));
#380 = CARTESIAN_POINT('',(-4.865975783876,-9.005275091831E-04));
#381 = CARTESIAN_POINT('',(-4.868390560308,-3.054097075992E-04));
#382 = CARTESIAN_POINT('',(-4.870801046106,-2.088806419498E-10));
#383 = CARTESIAN_POINT('',(-4.873206084929,-5.551115123126E-17));
#384 = ( GEOMETRIC_REPRESENTATION_CONTEXT(2) 
PARAMETRIC_REPRESENTATION_CONTEXT() REPRESENTATION_CONTEXT('2D SPACE',''
  ) );
#385 = PCURVE('',#386,#391);
#386 = CYLINDRICAL_SURFACE('',#387,0.3);
#387 = AXIS2_PLACEMENT_3D('',#388,#389,#390);
#388 = CARTESIAN_POINT('',(0.,-9.2,0.3));
#389 = DIRECTION('',(1.,0.,0.));
#390 = DIRECTION('',(0.,1.,0.));
#391 = DEFINITIONAL_REPRESENTATION('',(#392),#472);
#392 = B_SPLINE_CURVE_WITH_KNOTS('',8,(#393,#394,#395,#396,#397,#398,
    #399,#400,#401,#402,#403,#404,#405,#406,#407,#408,#409,#410,#411,
    #412,#413,#414,#415,#416,#417,#418,#419,#420,#421,#422,#423,#424,
    #425,#426,#427,#428,#429,#430,#431,#432,#433,#434,#435,#436,#437,
    #438,#439,#440,#441,#442,#443,#444,#445,#446,#447,#448,#449,#450,
    #451,#452,#453,#454,#455,#456,#457,#458,#459,#460,#461,#462,#463,
    #464,#465,#466,#467,#468,#469,#470,#471),.UNSPECIFIED.,.F.,.F.,(9,7,
    7,7,7,7,7,7,7,7,7,9),(0.,6.191796398771E-04,1.238359151432E-03,
    1.857538427073E-03,2.476717340042E-03,3.074544802133E-03,
    3.672371706245E-03,4.291548869634E-03,4.868023413132E-03,
    5.444497136517E-03,0.877021065065,1.),.UNSPECIFIED.);
#393 = CARTESIAN_POINT('',(3.14159265359,24.));
#394 = CARTESIAN_POINT('',(3.141703867944,24.000293719658));
#395 = CARTESIAN_POINT('',(3.141815082313,24.000587439313));
#396 = CARTESIAN_POINT('',(3.141926296688,24.000881158966));
#397 = CARTESIAN_POINT('',(3.142037511065,24.001174878619));
#398 = CARTESIAN_POINT('',(3.142148725441,24.001468598273));
#399 = CARTESIAN_POINT('',(3.142259939815,24.001762317927));
#400 = CARTESIAN_POINT('',(3.142371154188,24.002056037581));
#401 = CARTESIAN_POINT('',(3.142593582921,24.002643476828));
#402 = CARTESIAN_POINT('',(3.142704797284,24.002937196419));
#403 = CARTESIAN_POINT('',(3.142816011651,24.003230916009));
#404 = CARTESIAN_POINT('',(3.142927226022,24.003524635599));
#405 = CARTESIAN_POINT('',(3.143038440395,24.003818355189));
#406 = CARTESIAN_POINT('',(3.143149654772,24.004112074778));
#407 = CARTESIAN_POINT('',(3.143260869153,24.004405794366));
#408 = CARTESIAN_POINT('',(3.14348329789,24.004993233429));
#409 = CARTESIAN_POINT('',(3.143594512243,24.005286952903));
#410 = CARTESIAN_POINT('',(3.143705726603,24.005580672377));
#411 = CARTESIAN_POINT('',(3.14381694097,24.005874391849));
#412 = CARTESIAN_POINT('',(3.143928155344,24.00616811132));
#413 = CARTESIAN_POINT('',(3.144039369727,24.00646183079));
#414 = CARTESIAN_POINT('',(3.144150584118,24.006755550258));
#415 = CARTESIAN_POINT('',(3.144373012855,24.00734298902));
#416 = CARTESIAN_POINT('',(3.144484227201,24.007636708314));
#417 = CARTESIAN_POINT('',(3.144595441557,24.007930427606));
#418 = CARTESIAN_POINT('',(3.144706655922,24.008224146896));
#419 = CARTESIAN_POINT('',(3.144817870298,24.008517866185));
#420 = CARTESIAN_POINT('',(3.144929084685,24.008811585472));
#421 = CARTESIAN_POINT('',(3.145040299084,24.009105304757));
#422 = CARTESIAN_POINT('',(3.145258892846,24.009682614858));
#423 = CARTESIAN_POINT('',(3.145366272208,24.009966205673));
#424 = CARTESIAN_POINT('',(3.145473651582,24.010249796486));
#425 = CARTESIAN_POINT('',(3.145581030968,24.010533387297));
#426 = CARTESIAN_POINT('',(3.145688410367,24.010816978107));
#427 = CARTESIAN_POINT('',(3.145795789779,24.011100568914));
#428 = CARTESIAN_POINT('',(3.145903169205,24.011384159719));
#429 = CARTESIAN_POINT('',(3.146117927986,24.01195134106));
#430 = CARTESIAN_POINT('',(3.146225307341,24.012234931597));
#431 = CARTESIAN_POINT('',(3.14633268671,24.01251852213));
#432 = CARTESIAN_POINT('',(3.146440066095,24.012802112662));
#433 = CARTESIAN_POINT('',(3.146547445496,24.013085703191));
#434 = CARTESIAN_POINT('',(3.146654824912,24.013369293717));
#435 = CARTESIAN_POINT('',(3.146762204345,24.013652884241));
#436 = CARTESIAN_POINT('',(3.1469807981,24.014230193184));
#437 = CARTESIAN_POINT('',(3.147092012422,24.014523911603));
#438 = CARTESIAN_POINT('',(3.147203226763,24.014817630019));
#439 = CARTESIAN_POINT('',(3.147314441124,24.015111348432));
#440 = CARTESIAN_POINT('',(3.147425655505,24.015405066841));
#441 = CARTESIAN_POINT('',(3.147536869906,24.015698785248));
#442 = CARTESIAN_POINT('',(3.147648084328,24.015992503651));
#443 = CARTESIAN_POINT('',(3.147862843119,24.016559683656));
#444 = CARTESIAN_POINT('',(3.147966387485,24.016833145258));
#445 = CARTESIAN_POINT('',(3.14806993187,24.017106606857));
#446 = CARTESIAN_POINT('',(3.148173476274,24.017380068452));
#447 = CARTESIAN_POINT('',(3.148277020699,24.017653530045));
#448 = CARTESIAN_POINT('',(3.148380565143,24.017926991635));
#449 = CARTESIAN_POINT('',(3.148484109609,24.018200453221));
#450 = CARTESIAN_POINT('',(3.148691198434,24.018747375999));
#451 = CARTESIAN_POINT('',(3.148794742793,24.01902083719));
#452 = CARTESIAN_POINT('',(3.148898287174,24.019294298378));
#453 = CARTESIAN_POINT('',(3.149001831578,24.019567759562));
#454 = CARTESIAN_POINT('',(3.149105376003,24.019841220743));
#455 = CARTESIAN_POINT('',(3.149208920452,24.02011468192));
#456 = CARTESIAN_POINT('',(3.149312464923,24.020388143094));
#457 = CARTESIAN_POINT('',(3.305965998929,24.434110367927));
#458 = CARTESIAN_POINT('',(3.459792819839,24.840213927408));
#459 = CARTESIAN_POINT('',(3.614978166434,25.245775846556));
#460 = CARTESIAN_POINT('',(3.77385297578,25.653422309547));
#461 = CARTESIAN_POINT('',(3.938323815153,26.063468635119));
#462 = CARTESIAN_POINT('',(4.110247614696,26.474277867634));
#463 = CARTESIAN_POINT('',(4.291466307995,26.881756233726));
#464 = CARTESIAN_POINT('',(4.511888420601,27.334078253774));
#465 = CARTESIAN_POINT('',(4.539442711051,27.389912745573));
#466 = CARTESIAN_POINT('',(4.567320781576,27.445660038072));
#467 = CARTESIAN_POINT('',(4.595546816663,27.50132194128));
#468 = CARTESIAN_POINT('',(4.624144183094,27.556893145152));
#469 = CARTESIAN_POINT('',(4.65313558746,27.612361192649));
#470 = CARTESIAN_POINT('',(4.682543233656,27.667706452806));
#471 = CARTESIAN_POINT('',(4.712388980385,27.722902093797));
#472 = ( GEOMETRIC_REPRESENTATION_CONTEXT(2) 
PARAMETRIC_REPRESENTATION_CONTEXT() REPRESENTATION_CONTEXT('2D SPACE',''
  ) );
#473 = ORIENTED_EDGE('',*,*,#474,.T.);
#474 = EDGE_CURVE('',#217,#475,#477,.T.);
#475 = VERTEX_POINT('',#476);
#476 = CARTESIAN_POINT('',(24.,-9.499999999991,1.808108601155));
#477 = SURFACE_CURVE('',#478,(#482,#489),.PCURVE_S1.);
#478 = LINE('',#479,#480);
#479 = CARTESIAN_POINT('',(24.,-9.5,0.));
#480 = VECTOR('',#481,1.);
#481 = DIRECTION('',(0.,0.,1.));
#482 = PCURVE('',#90,#483);
#483 = DEFINITIONAL_REPRESENTATION('',(#484),#488);
#484 = LINE('',#485,#486);
#485 = CARTESIAN_POINT('',(-4.712388980385,0.));
#486 = VECTOR('',#487,1.);
#487 = DIRECTION('',(-0.,-1.));
#488 = ( GEOMETRIC_REPRESENTATION_CONTEXT(2) 
PARAMETRIC_REPRESENTATION_CONTEXT() REPRESENTATION_CONTEXT('2D SPACE',''
  ) );
#489 = PCURVE('',#490,#495);
#490 = PLANE('',#491);
#491 = AXIS2_PLACEMENT_3D('',#492,#493,#494);
#492 = CARTESIAN_POINT('',(2.545517323506,-9.5,0.));
#493 = DIRECTION('',(0.,1.,0.));
#494 = DIRECTION('',(1.,0.,0.));
#495 = DEFINITIONAL_REPRESENTATION('',(#496),#500);
#496 = LINE('',#497,#498);
#497 = CARTESIAN_POINT('',(21.454482676494,0.));
#498 = VECTOR('',#499,1.);
#499 = DIRECTION('',(0.,-1.));
#500 = ( GEOMETRIC_REPRESENTATION_CONTEXT(2) 
PARAMETRIC_REPRESENTATION_CONTEXT() REPRESENTATION_CONTEXT('2D SPACE',''
  ) );
#501 = ORIENTED_EDGE('',*,*,#502,.F.);
#502 = EDGE_CURVE('',#503,#475,#505,.T.);
#503 = VERTEX_POINT('',#504);
#504 = CARTESIAN_POINT('',(27.722902093797,-9.2,2.108111842105));
#505 = SURFACE_CURVE('',#506,(#523,#543),.PCURVE_S1.);
#506 = B_SPLINE_CURVE_WITH_KNOTS('',8,(#507,#508,#509,#510,#511,#512,
    #513,#514,#515,#516,#517,#518,#519,#520,#521,#522),.UNSPECIFIED.,.F.
  ,.F.,(9,7,9),(0.,0.56152790651,1.),.UNSPECIFIED.);
#507 = CARTESIAN_POINT('',(27.722902093797,-9.2,2.108111842105));
#508 = CARTESIAN_POINT('',(27.471059696937,-9.240853358657,
    2.108111841181));
#509 = CARTESIAN_POINT('',(27.213305840543,-9.279424364441,
    2.101753662391));
#510 = CARTESIAN_POINT('',(26.953241662673,-9.314884267399,
    2.090281161675));
#511 = CARTESIAN_POINT('',(26.692986560216,-9.346902501547,
    2.074806027395));
#512 = CARTESIAN_POINT('',(26.433441149841,-9.375440071091,2.05619919972
    ));
#513 = CARTESIAN_POINT('',(26.174388102994,-9.400608612904,
    2.035063959013));
#514 = CARTESIAN_POINT('',(25.914446768679,-9.422552810689,
    2.011747350168));
#515 = CARTESIAN_POINT('',(25.445103628563,-9.455963484232,
    1.966512304801));
#516 = CARTESIAN_POINT('',(25.238916340946,-9.468543517277,
    1.945581473679));
#517 = CARTESIAN_POINT('',(25.032534573861,-9.479031050566,
    1.923777229208));
#518 = CARTESIAN_POINT('',(24.826078441227,-9.487419072708,
    1.901300757041));
#519 = CARTESIAN_POINT('',(24.619620041985,-9.493707414025,1.87833343454
    ));
#520 = CARTESIAN_POINT('',(24.413170321516,-9.497900455994,
    1.855045087204));
#521 = CARTESIAN_POINT('',(24.206670346353,-9.499999999808,
    1.831587897917));
#522 = CARTESIAN_POINT('',(24.,-9.5,1.80811187465));
#523 = PCURVE('',#90,#524);
#524 = DEFINITIONAL_REPRESENTATION('',(#525),#542);
#525 = B_SPLINE_CURVE_WITH_KNOTS('',8,(#526,#527,#528,#529,#530,#531,
    #532,#533,#534,#535,#536,#537,#538,#539,#540,#541),.UNSPECIFIED.,.F.
  ,.F.,(9,7,9),(0.,0.56152790651,1.),.UNSPECIFIED.);
#526 = CARTESIAN_POINT('',(-4.873206084929,-2.108111842105));
#527 = CARTESIAN_POINT('',(-4.862232560013,-2.108111841152));
#528 = CARTESIAN_POINT('',(-4.851023779001,-2.10175366245));
#529 = CARTESIAN_POINT('',(-4.839736321071,-2.090281161637));
#530 = CARTESIAN_POINT('',(-4.828460075383,-2.074806027377));
#531 = CARTESIAN_POINT('',(-4.817231377316,-2.05619919976));
#532 = CARTESIAN_POINT('',(-4.806038336036,-2.035063958996));
#533 = CARTESIAN_POINT('',(-4.794819265126,-2.011747350168));
#534 = CARTESIAN_POINT('',(-4.774581380225,-1.966512304801));
#535 = CARTESIAN_POINT('',(-4.765697074642,-1.945581473679));
#536 = CARTESIAN_POINT('',(-4.756809751209,-1.923777229208));
#537 = CARTESIAN_POINT('',(-4.747923509408,-1.901300757041));
#538 = CARTESIAN_POINT('',(-4.739040375146,-1.87833343454));
#539 = CARTESIAN_POINT('',(-4.73015974687,-1.855045087204));
#540 = CARTESIAN_POINT('',(-4.721278027545,-1.831587897917));
#541 = CARTESIAN_POINT('',(-4.712388980385,-1.80811187465));
#542 = ( GEOMETRIC_REPRESENTATION_CONTEXT(2) 
PARAMETRIC_REPRESENTATION_CONTEXT() REPRESENTATION_CONTEXT('2D SPACE',''
  ) );
#543 = PCURVE('',#544,#549);
#544 = CYLINDRICAL_SURFACE('',#545,0.3);
#545 = AXIS2_PLACEMENT_3D('',#546,#547,#548);
#546 = CARTESIAN_POINT('',(0.,-9.2,1.808111842105));
#547 = DIRECTION('',(1.,0.,0.));
#548 = DIRECTION('',(0.,1.,0.));
#549 = DEFINITIONAL_REPRESENTATION('',(#550),#567);
#550 = B_SPLINE_CURVE_WITH_KNOTS('',8,(#551,#552,#553,#554,#555,#556,
    #557,#558,#559,#560,#561,#562,#563,#564,#565,#566),.UNSPECIFIED.,.F.
  ,.F.,(9,7,9),(0.,0.56152790651,1.),.UNSPECIFIED.);
#551 = CARTESIAN_POINT('',(1.570796326795,27.722902093797));
#552 = CARTESIAN_POINT('',(1.706974188984,27.471059696937));
#553 = CARTESIAN_POINT('',(1.835544008056,27.213305840543));
#554 = CARTESIAN_POINT('',(1.957592425159,26.953241662673));
#555 = CARTESIAN_POINT('',(2.07405837812,26.692986560216));
#556 = CARTESIAN_POINT('',(2.185902774813,26.433441149841));
#557 = CARTESIAN_POINT('',(2.294189791105,26.174388102994));
#558 = CARTESIAN_POINT('',(2.400166378825,25.914446768679));
#559 = CARTESIAN_POINT('',(2.587619556268,25.445103628563));
#560 = CARTESIAN_POINT('',(2.668653958079,25.238916340946));
#561 = CARTESIAN_POINT('',(2.748732544294,25.032534573861));
#562 = CARTESIAN_POINT('',(2.828047265462,24.826078441227));
#563 = CARTESIAN_POINT('',(2.906790410119,24.619620041985));
#564 = CARTESIAN_POINT('',(2.98514852173,24.413170321516));
#565 = CARTESIAN_POINT('',(3.063339131084,24.206670346353));
#566 = CARTESIAN_POINT('',(3.141592545108,24.));
#567 = ( GEOMETRIC_REPRESENTATION_CONTEXT(2) 
PARAMETRIC_REPRESENTATION_CONTEXT() REPRESENTATION_CONTEXT('2D SPACE',''
  ) );
#568 = ORIENTED_EDGE('',*,*,#569,.T.);
#569 = EDGE_CURVE('',#503,#22,#570,.T.);
#570 = SURFACE_CURVE('',#571,(#576,#583),.PCURVE_S1.);
#571 = CIRCLE('',#572,23.25);
#572 = AXIS2_PLACEMENT_3D('',#573,#574,#575);
#573 = CARTESIAN_POINT('',(24.,13.75,2.108111842105));
#574 = DIRECTION('',(0.,0.,1.));
#575 = DIRECTION('',(1.,0.,0.));
#576 = PCURVE('',#90,#577);
#577 = DEFINITIONAL_REPRESENTATION('',(#578),#582);
#578 = LINE('',#579,#580);
#579 = CARTESIAN_POINT('',(-0.,-2.108111842105));
#580 = VECTOR('',#581,1.);
#581 = DIRECTION('',(-1.,0.));
#582 = ( GEOMETRIC_REPRESENTATION_CONTEXT(2) 
PARAMETRIC_REPRESENTATION_CONTEXT() REPRESENTATION_CONTEXT('2D SPACE',''
  ) );
#583 = PCURVE('',#44,#584);
#584 = DEFINITIONAL_REPRESENTATION('',(#585),#589);
#585 = CIRCLE('',#586,23.25);
#586 = AXIS2_PLACEMENT_2D('',#587,#588);
#587 = CARTESIAN_POINT('',(6.400642225946,13.750000023082));
#588 = DIRECTION('',(1.,0.));
#589 = ( GEOMETRIC_REPRESENTATION_CONTEXT(2) 
PARAMETRIC_REPRESENTATION_CONTEXT() REPRESENTATION_CONTEXT('2D SPACE',''
  ) );
#590 = ORIENTED_EDGE('',*,*,#56,.F.);
#591 = ORIENTED_EDGE('',*,*,#592,.F.);
#592 = EDGE_CURVE('',#593,#57,#595,.T.);
#593 = VERTEX_POINT('',#594);
#594 = CARTESIAN_POINT('',(39.287680590212,-3.767115121257,
    1.232884878751));
#595 = SURFACE_CURVE('',#596,(#600,#607),.PCURVE_S1.);
#596 = LINE('',#597,#598);
#597 = CARTESIAN_POINT('',(39.287680590212,-3.767115121257,0.));
#598 = VECTOR('',#599,1.);
#599 = DIRECTION('',(0.,0.,1.));
#600 = PCURVE('',#90,#601);
#601 = DEFINITIONAL_REPRESENTATION('',(#602),#606);
#602 = LINE('',#603,#604);
#603 = CARTESIAN_POINT('',(-5.429930855108,0.));
#604 = VECTOR('',#605,1.);
#605 = DIRECTION('',(-0.,-1.));
#606 = ( GEOMETRIC_REPRESENTATION_CONTEXT(2) 
PARAMETRIC_REPRESENTATION_CONTEXT() REPRESENTATION_CONTEXT('2D SPACE',''
  ) );
#607 = PCURVE('',#179,#608);
#608 = DEFINITIONAL_REPRESENTATION('',(#609),#613);
#609 = LINE('',#610,#611);
#610 = CARTESIAN_POINT('',(-5.429932804875,7.108111842105));
#611 = VECTOR('',#612,1.);
#612 = DIRECTION('',(-0.,-1.));
#613 = ( GEOMETRIC_REPRESENTATION_CONTEXT(2) 
PARAMETRIC_REPRESENTATION_CONTEXT() REPRESENTATION_CONTEXT('2D SPACE',''
  ) );
#614 = ORIENTED_EDGE('',*,*,#615,.F.);
#615 = EDGE_CURVE('',#616,#593,#618,.T.);
#616 = VERTEX_POINT('',#617);
#617 = CARTESIAN_POINT('',(36.,-6.163877071028,3.421639122607E-15));
#618 = SURFACE_CURVE('',#619,(#637,#658),.PCURVE_S1.);
#619 = B_SPLINE_CURVE_WITH_KNOTS('',6,(#620,#621,#622,#623,#624,#625,
    #626,#627,#628,#629,#630,#631,#632,#633,#634,#635,#636),
  .UNSPECIFIED.,.F.,.F.,(7,5,5,7),(0.,0.311099849135,0.861603743192,1.),
  .UNSPECIFIED.);
#620 = CARTESIAN_POINT('',(36.,-6.163877071028,7.105427357601E-15));
#621 = CARTESIAN_POINT('',(36.202239525272,-6.042008571918,
    2.006746975536E-09));
#622 = CARTESIAN_POINT('',(36.402059487146,-5.918238475495,
    9.816258183782E-03));
#623 = CARTESIAN_POINT('',(36.598927652392,-5.792945622365,
    2.900809414267E-02));
#624 = CARTESIAN_POINT('',(36.792362206271,-5.6665369576,
    5.711671421552E-02));
#625 = CARTESIAN_POINT('',(36.981927003513,-5.539443223239,
    9.366384818455E-02));
#626 = CARTESIAN_POINT('',(37.495122414316,-5.186801539385,
    0.216871165576));
#627 = CARTESIAN_POINT('',(37.809649499507,-4.960762326516,0.32044890769
    ));
#628 = CARTESIAN_POINT('',(38.109871597187,-4.735632204158,0.44641277554
    ));
#629 = CARTESIAN_POINT('',(38.395199458745,-4.513016558898,
    0.592778030335));
#630 = CARTESIAN_POINT('',(38.665172510953,-4.294528834914,
    0.757965790187));
#631 = CARTESIAN_POINT('',(38.983213208192,-4.0284353037,0.986693055623)
  );
#632 = CARTESIAN_POINT('',(39.046114295695,-3.975341144885,
    1.033760992165));
#633 = CARTESIAN_POINT('',(39.108018112318,-3.922635219189,
    1.081929409714));
#634 = CARTESIAN_POINT('',(39.168918391942,-3.870343966282,
    1.131182328926));
#635 = CARTESIAN_POINT('',(39.228808331348,-3.818494602584,
    1.181505195216));
#636 = CARTESIAN_POINT('',(39.287680590216,-3.767115121262,
    1.232884878754));
#637 = PCURVE('',#90,#638);
#638 = DEFINITIONAL_REPRESENTATION('',(#639),#657);
#639 = B_SPLINE_CURVE_WITH_KNOTS('',6,(#640,#641,#642,#643,#644,#645,
    #646,#647,#648,#649,#650,#651,#652,#653,#654,#655,#656),
  .UNSPECIFIED.,.F.,.F.,(7,5,5,7),(0.,0.311099849135,0.861603743192,1.),
  .UNSPECIFIED.);
#640 = CARTESIAN_POINT('',(-5.25471428316,-7.105427357601E-15));
#641 = CARTESIAN_POINT('',(-5.264869991398,-2.028188246979E-09));
#642 = CARTESIAN_POINT('',(-5.274978777639,-9.816258166499E-03));
#643 = CARTESIAN_POINT('',(-5.285014515184,-2.900809413302E-02));
#644 = CARTESIAN_POINT('',(-5.294952209587,-5.711671422851E-02));
#645 = CARTESIAN_POINT('',(-5.304767790517,-9.366384818455E-02));
#646 = CARTESIAN_POINT('',(-5.331549563832,-0.216871165576));
#647 = CARTESIAN_POINT('',(-5.348205015952,-0.32044890769));
#648 = CARTESIAN_POINT('',(-5.364340261872,-0.44641277554));
#649 = CARTESIAN_POINT('',(-5.379901886063,-0.592778030335));
#650 = CARTESIAN_POINT('',(-5.394837842531,-0.757965790187));
#651 = CARTESIAN_POINT('',(-5.412673341795,-0.986693055623));
#652 = CARTESIAN_POINT('',(-5.416213680221,-1.033760992165));
#653 = CARTESIAN_POINT('',(-5.419710488681,-1.081929409714));
#654 = CARTESIAN_POINT('',(-5.423162903718,-1.131182328926));
#655 = CARTESIAN_POINT('',(-5.426570012957,-1.181505195216));
#656 = CARTESIAN_POINT('',(-5.429930855108,-1.232884878754));
#657 = ( GEOMETRIC_REPRESENTATION_CONTEXT(2) 
PARAMETRIC_REPRESENTATION_CONTEXT() REPRESENTATION_CONTEXT('2D SPACE',''
  ) );
#658 = PCURVE('',#659,#664);
#659 = CYLINDRICAL_SURFACE('',#660,5.);
#660 = AXIS2_PLACEMENT_3D('',#661,#662,#663);
#661 = CARTESIAN_POINT('',(36.,10.,5.));
#662 = DIRECTION('',(0.,1.,-1.110223024625E-15));
#663 = DIRECTION('',(1.,0.,0.));
#664 = DEFINITIONAL_REPRESENTATION('',(#665),#683);
#665 = B_SPLINE_CURVE_WITH_KNOTS('',6,(#666,#667,#668,#669,#670,#671,
    #672,#673,#674,#675,#676,#677,#678,#679,#680,#681,#682),
  .UNSPECIFIED.,.F.,.F.,(7,5,5,7),(0.,0.311099849135,0.861603743192,1.),
  .UNSPECIFIED.);
#666 = CARTESIAN_POINT('',(-4.712388980385,-16.16387707102));
#667 = CARTESIAN_POINT('',(-4.752836885439,-16.04200857191));
#668 = CARTESIAN_POINT('',(-4.79280089689,-15.91823847549));
#669 = CARTESIAN_POINT('',(-4.832293590021,-15.79294562236));
#670 = CARTESIAN_POINT('',(-4.871323643416,-15.6665369576));
#671 = CARTESIAN_POINT('',(-4.90989540022,-15.53944322323));
#672 = CARTESIAN_POINT('',(-5.015450991778,-15.18680153938));
#673 = CARTESIAN_POINT('',(-5.081454324091,-14.96076232651));
#674 = CARTESIAN_POINT('',(-5.146272786231,-14.73563220415));
#675 = CARTESIAN_POINT('',(-5.210134623838,-14.51301655889));
#676 = CARTESIAN_POINT('',(-5.273259700619,-14.29452883491));
#677 = CARTESIAN_POINT('',(-5.351609186144,-14.0284353037));
#678 = CARTESIAN_POINT('',(-5.367318719223,-13.97534114488));
#679 = CARTESIAN_POINT('',(-5.383001830461,-13.92263521918));
#680 = CARTESIAN_POINT('',(-5.398662540117,-13.87034396628));
#681 = CARTESIAN_POINT('',(-5.414304862281,-13.81849460258));
#682 = CARTESIAN_POINT('',(-5.429932804877,-13.76711512126));
#683 = ( GEOMETRIC_REPRESENTATION_CONTEXT(2) 
PARAMETRIC_REPRESENTATION_CONTEXT() REPRESENTATION_CONTEXT('2D SPACE',''
  ) );
#684 = ORIENTED_EDGE('',*,*,#685,.F.);
#685 = EDGE_CURVE('',#219,#616,#686,.T.);
#686 = SURFACE_CURVE('',#687,(#692,#699),.PCURVE_S1.);
#687 = CIRCLE('',#688,23.25);
#688 = AXIS2_PLACEMENT_3D('',#689,#690,#691);
#689 = CARTESIAN_POINT('',(24.,13.75,0.));
#690 = DIRECTION('',(0.,0.,1.));
#691 = DIRECTION('',(1.,0.,0.));
#692 = PCURVE('',#90,#693);
#693 = DEFINITIONAL_REPRESENTATION('',(#694),#698);
#694 = LINE('',#695,#696);
#695 = CARTESIAN_POINT('',(-0.,0.));
#696 = VECTOR('',#697,1.);
#697 = DIRECTION('',(-1.,0.));
#698 = ( GEOMETRIC_REPRESENTATION_CONTEXT(2) 
PARAMETRIC_REPRESENTATION_CONTEXT() REPRESENTATION_CONTEXT('2D SPACE',''
  ) );
#699 = PCURVE('',#700,#705);
#700 = PLANE('',#701);
#701 = AXIS2_PLACEMENT_3D('',#702,#703,#704);
#702 = CARTESIAN_POINT('',(17.599357774054,-2.308152390103E-08,0.));
#703 = DIRECTION('',(0.,0.,1.));
#704 = DIRECTION('',(1.,0.,0.));
#705 = DEFINITIONAL_REPRESENTATION('',(#706),#710);
#706 = CIRCLE('',#707,23.25);
#707 = AXIS2_PLACEMENT_2D('',#708,#709);
#708 = CARTESIAN_POINT('',(6.400642225946,13.750000023082));
#709 = DIRECTION('',(1.,0.));
#710 = ( GEOMETRIC_REPRESENTATION_CONTEXT(2) 
PARAMETRIC_REPRESENTATION_CONTEXT() REPRESENTATION_CONTEXT('2D SPACE',''
  ) );
#711 = ADVANCED_FACE('',(#712),#659,.T.);
#712 = FACE_BOUND('',#713,.F.);
#713 = EDGE_LOOP('',(#714,#756,#777,#778,#827,#878,#929,#955));
#714 = ORIENTED_EDGE('',*,*,#715,.F.);
#715 = EDGE_CURVE('',#716,#718,#720,.T.);
#716 = VERTEX_POINT('',#717);
#717 = CARTESIAN_POINT('',(36.,6.163877071028,-3.421639122607E-15));
#718 = VERTEX_POINT('',#719);
#719 = CARTESIAN_POINT('',(38.243504427341,4.626209664355,0.531590004878
    ));
#720 = SURFACE_CURVE('',#721,(#729,#740),.PCURVE_S1.);
#721 = B_SPLINE_CURVE_WITH_KNOTS('',6,(#722,#723,#724,#725,#726,#727,
    #728),.UNSPECIFIED.,.F.,.F.,(7,7),(0.,1.),.PIECEWISE_BEZIER_KNOTS.);
#722 = CARTESIAN_POINT('',(36.,6.163877071028,-6.217248937901E-15));
#723 = CARTESIAN_POINT('',(36.411446704026,5.91594140061,
    4.082611606973E-09));
#724 = CARTESIAN_POINT('',(36.811756570587,5.66081117905,
    4.062863202383E-02));
#725 = CARTESIAN_POINT('',(37.197418462274,5.401234856708,0.11776606457)
  );
#726 = CARTESIAN_POINT('',(37.565832384002,5.140198611101,0.227623195002
    ));
#727 = CARTESIAN_POINT('',(37.91503332088,4.880809484183,0.366670852281)
  );
#728 = CARTESIAN_POINT('',(38.243504447412,4.626209648798,0.531590014956
    ));
#729 = PCURVE('',#659,#730);
#730 = DEFINITIONAL_REPRESENTATION('',(#731),#739);
#731 = B_SPLINE_CURVE_WITH_KNOTS('',6,(#732,#733,#734,#735,#736,#737,
    #738),.UNSPECIFIED.,.F.,.F.,(7,7),(0.,1.),.PIECEWISE_BEZIER_KNOTS.);
#732 = CARTESIAN_POINT('',(-4.712388980385,-3.836122928972));
#733 = CARTESIAN_POINT('',(-4.79467832119,-4.08405859939));
#734 = CARTESIAN_POINT('',(-4.874740397084,-4.33918882095));
#735 = CARTESIAN_POINT('',(-4.952875232174,-4.598765143292));
#736 = CARTESIAN_POINT('',(-5.029297321547,-4.859801388899));
#737 = CARTESIAN_POINT('',(-5.104190505755,-5.119190515817));
#738 = CARTESIAN_POINT('',(-5.177700127216,-5.373790351202));
#739 = ( GEOMETRIC_REPRESENTATION_CONTEXT(2) 
PARAMETRIC_REPRESENTATION_CONTEXT() REPRESENTATION_CONTEXT('2D SPACE',''
  ) );
#740 = PCURVE('',#741,#746);
#741 = CYLINDRICAL_SURFACE('',#742,23.25);
#742 = AXIS2_PLACEMENT_3D('',#743,#744,#745);
#743 = CARTESIAN_POINT('',(24.,-13.75,0.));
#744 = DIRECTION('',(-0.,-0.,-1.));
#745 = DIRECTION('',(1.,0.,0.));
#746 = DEFINITIONAL_REPRESENTATION('',(#747),#755);
#747 = B_SPLINE_CURVE_WITH_KNOTS('',6,(#748,#749,#750,#751,#752,#753,
    #754),.UNSPECIFIED.,.F.,.F.,(7,7),(0.,1.),.PIECEWISE_BEZIER_KNOTS.);
#748 = CARTESIAN_POINT('',(-1.02847102402,6.217248937901E-15));
#749 = CARTESIAN_POINT('',(-1.007809718195,-4.126232799884E-09));
#750 = CARTESIAN_POINT('',(-0.987398972814,-4.062863193283E-02));
#751 = CARTESIAN_POINT('',(-0.967413264983,-0.117766064651));
#752 = CARTESIAN_POINT('',(-0.948000739943,-0.227623194973));
#753 = CARTESIAN_POINT('',(-0.929295041546,-0.366670852281));
#754 = CARTESIAN_POINT('',(-0.911420238591,-0.531590014956));
#755 = ( GEOMETRIC_REPRESENTATION_CONTEXT(2) 
PARAMETRIC_REPRESENTATION_CONTEXT() REPRESENTATION_CONTEXT('2D SPACE',''
  ) );
#756 = ORIENTED_EDGE('',*,*,#757,.T.);
#757 = EDGE_CURVE('',#716,#616,#758,.T.);
#758 = SURFACE_CURVE('',#759,(#763,#770),.PCURVE_S1.);
#759 = LINE('',#760,#761);
#760 = CARTESIAN_POINT('',(36.,10.,-1.110223024625E-14));
#761 = VECTOR('',#762,1.);
#762 = DIRECTION('',(0.,-1.,1.110223024625E-15));
#763 = PCURVE('',#659,#764);
#764 = DEFINITIONAL_REPRESENTATION('',(#765),#769);
#765 = LINE('',#766,#767);
#766 = CARTESIAN_POINT('',(-4.712388980385,0.));
#767 = VECTOR('',#768,1.);
#768 = DIRECTION('',(-0.,-1.));
#769 = ( GEOMETRIC_REPRESENTATION_CONTEXT(2) 
PARAMETRIC_REPRESENTATION_CONTEXT() REPRESENTATION_CONTEXT('2D SPACE',''
  ) );
#770 = PCURVE('',#700,#771);
#771 = DEFINITIONAL_REPRESENTATION('',(#772),#776);
#772 = LINE('',#773,#774);
#773 = CARTESIAN_POINT('',(18.400642225946,10.000000023082));
#774 = VECTOR('',#775,1.);
#775 = DIRECTION('',(0.,-1.));
#776 = ( GEOMETRIC_REPRESENTATION_CONTEXT(2) 
PARAMETRIC_REPRESENTATION_CONTEXT() REPRESENTATION_CONTEXT('2D SPACE',''
  ) );
#777 = ORIENTED_EDGE('',*,*,#615,.T.);
#778 = ORIENTED_EDGE('',*,*,#779,.F.);
#779 = EDGE_CURVE('',#780,#593,#782,.T.);
#780 = VERTEX_POINT('',#781);
#781 = CARTESIAN_POINT('',(39.956753972596,-3.056811704712,
    1.943188262201));
#782 = SURFACE_CURVE('',#783,(#788,#798),.PCURVE_S1.);
#783 = ELLIPSE('',#784,7.071067811865,5.);
#784 = AXIS2_PLACEMENT_3D('',#785,#786,#787);
#785 = CARTESIAN_POINT('',(36.,1.20211457211E-21,5.));
#786 = DIRECTION('',(0.,0.707106781187,-0.707106781187));
#787 = DIRECTION('',(0.,-0.707106781187,-0.707106781187));
#788 = PCURVE('',#659,#789);
#789 = DEFINITIONAL_REPRESENTATION('',(#790),#797);
#790 = B_SPLINE_CURVE_WITH_KNOTS('',5,(#791,#792,#793,#794,#795,#796),
  .UNSPECIFIED.,.F.,.F.,(6,6),(5.335133163934,5.56564148269),
  .PIECEWISE_BEZIER_KNOTS.);
#791 = CARTESIAN_POINT('',(-5.66044112363,-12.91633200926));
#792 = CARTESIAN_POINT('',(-5.614339459879,-13.10356952011));
#793 = CARTESIAN_POINT('',(-5.568237796128,-13.28305921443));
#794 = CARTESIAN_POINT('',(-5.522136132377,-13.45397193586));
#795 = CARTESIAN_POINT('',(-5.476034468626,-13.61554757616));
#796 = CARTESIAN_POINT('',(-5.429932804875,-13.76711512125));
#797 = ( GEOMETRIC_REPRESENTATION_CONTEXT(2) 
PARAMETRIC_REPRESENTATION_CONTEXT() REPRESENTATION_CONTEXT('2D SPACE',''
  ) );
#798 = PCURVE('',#179,#799);
#799 = DEFINITIONAL_REPRESENTATION('',(#800),#826);
#800 = B_SPLINE_CURVE_WITH_KNOTS('',3,(#801,#802,#803,#804,#805,#806,
    #807,#808,#809,#810,#811,#812,#813,#814,#815,#816,#817,#818,#819,
    #820,#821,#822,#823,#824,#825),.UNSPECIFIED.,.F.,.F.,(4,1,1,1,1,1,1,
    1,1,1,1,1,1,1,1,1,1,1,1,1,1,1,4),(5.370169972603,5.379055041244,
    5.387940109884,5.396825178524,5.405710247165,5.414595315805,
    5.423480384445,5.432365453085,5.441250521726,5.450135590366,
    5.459020659006,5.467905727647,5.476790796287,5.485675864927,
    5.494560933567,5.503446002208,5.512331070848,5.521216139488,
    5.530101208129,5.538986276769,5.547871345409,5.556756414049,
    5.56564148269),.QUASI_UNIFORM_KNOTS.);
#801 = CARTESIAN_POINT('',(-5.625404314961,5.164923567163));
#802 = CARTESIAN_POINT('',(-5.622442625414,5.176642245681));
#803 = CARTESIAN_POINT('',(-5.61651924632,5.199999157178));
#804 = CARTESIAN_POINT('',(-5.60763417768,5.234790443183));
#805 = CARTESIAN_POINT('',(-5.59874910904,5.269334895705));
#806 = CARTESIAN_POINT('',(-5.5898640404,5.303629789192));
#807 = CARTESIAN_POINT('',(-5.580978971759,5.337672415862));
#808 = CARTESIAN_POINT('',(-5.572093903119,5.371460088366));
#809 = CARTESIAN_POINT('',(-5.563208834479,5.404990139344));
#810 = CARTESIAN_POINT('',(-5.554323765839,5.438259921809));
#811 = CARTESIAN_POINT('',(-5.545438697198,5.471266809312));
#812 = CARTESIAN_POINT('',(-5.536553628558,5.50400819616));
#813 = CARTESIAN_POINT('',(-5.527668559918,5.53648149762));
#814 = CARTESIAN_POINT('',(-5.518783491277,5.568684150122));
#815 = CARTESIAN_POINT('',(-5.509898422637,5.600613611461));
#816 = CARTESIAN_POINT('',(-5.501013353997,5.632267361002));
#817 = CARTESIAN_POINT('',(-5.492128285357,5.663642899871));
#818 = CARTESIAN_POINT('',(-5.483243216716,5.694737751164));
#819 = CARTESIAN_POINT('',(-5.474358148076,5.725549460122));
#820 = CARTESIAN_POINT('',(-5.465473079436,5.756075594382));
#821 = CARTESIAN_POINT('',(-5.456588010795,5.786313743959));
#822 = CARTESIAN_POINT('',(-5.447702942155,5.816261522228));
#823 = CARTESIAN_POINT('',(-5.438817873515,5.845916563159));
#824 = CARTESIAN_POINT('',(-5.432894494421,5.865489876059));
#825 = CARTESIAN_POINT('',(-5.429932804875,5.875226963358));
#826 = ( GEOMETRIC_REPRESENTATION_CONTEXT(2) 
PARAMETRIC_REPRESENTATION_CONTEXT() REPRESENTATION_CONTEXT('2D SPACE',''
  ) );
#827 = ORIENTED_EDGE('',*,*,#828,.F.);
#828 = EDGE_CURVE('',#829,#780,#831,.T.);
#829 = VERTEX_POINT('',#830);
#830 = CARTESIAN_POINT('',(41.,0.,5.));
#831 = SURFACE_CURVE('',#832,(#837,#849),.PCURVE_S1.);
#832 = ELLIPSE('',#833,7.071067811865,5.);
#833 = AXIS2_PLACEMENT_3D('',#834,#835,#836);
#834 = CARTESIAN_POINT('',(36.,0.,5.));
#835 = DIRECTION('',(0.,0.707106781187,-0.707106781187));
#836 = DIRECTION('',(0.,-0.707106781187,-0.707106781187));
#837 = PCURVE('',#659,#838);
#838 = DEFINITIONAL_REPRESENTATION('',(#839),#848);
#839 = B_SPLINE_CURVE_WITH_KNOTS('',7,(#840,#841,#842,#843,#844,#845,
    #846,#847),.UNSPECIFIED.,.F.,.F.,(8,8),(4.712388980385,
    5.621876227135),.PIECEWISE_BEZIER_KNOTS.);
#840 = CARTESIAN_POINT('',(-6.28318530718,-10.));
#841 = CARTESIAN_POINT('',(-6.153258557644,-10.64963374767));
#842 = CARTESIAN_POINT('',(-6.023331808109,-11.29926745946));
#843 = CARTESIAN_POINT('',(-5.893405058572,-11.93098956573));
#844 = CARTESIAN_POINT('',(-5.763478309039,-12.52688714814));
#845 = CARTESIAN_POINT('',(-5.633551559501,-13.07028564499));
#846 = CARTESIAN_POINT('',(-5.503624809965,-13.54697179488));
#847 = CARTESIAN_POINT('',(-5.37369806043,-13.94594467894));
#848 = ( GEOMETRIC_REPRESENTATION_CONTEXT(2) 
PARAMETRIC_REPRESENTATION_CONTEXT() REPRESENTATION_CONTEXT('2D SPACE',''
  ) );
#849 = PCURVE('',#179,#850);
#850 = DEFINITIONAL_REPRESENTATION('',(#851),#877);
#851 = B_SPLINE_CURVE_WITH_KNOTS('',3,(#852,#853,#854,#855,#856,#857,
    #858,#859,#860,#861,#862,#863,#864,#865,#866,#867,#868,#869,#870,
    #871,#872,#873,#874,#875,#876),.UNSPECIFIED.,.F.,.F.,(4,1,1,1,1,1,1,
    1,1,1,1,1,1,1,1,1,1,1,1,1,1,1,4),(4.712388980385,4.742288116395,
    4.772187252405,4.802086388415,4.831985524424,4.861884660434,
    4.891783796444,4.921682932454,4.951582068464,4.981481204474,
    5.011380340484,5.041279476494,5.071178612504,5.101077748514,
    5.130976884524,5.160876020534,5.190775156544,5.220674292554,
    5.250573428564,5.280472564574,5.310371700584,5.340270836594,
    5.370169972603),.QUASI_UNIFORM_KNOTS.);
#852 = CARTESIAN_POINT('',(-6.28318530718,2.108111842105));
#853 = CARTESIAN_POINT('',(-6.27321892851,2.157943747398));
#854 = CARTESIAN_POINT('',(-6.25328617117,2.257607515846));
#855 = CARTESIAN_POINT('',(-6.22338703516,2.406969569437));
#856 = CARTESIAN_POINT('',(-6.19348789915,2.5560644675));
#857 = CARTESIAN_POINT('',(-6.16358876314,2.704758946842));
#858 = CARTESIAN_POINT('',(-6.13368962713,2.852920087616));
#859 = CARTESIAN_POINT('',(-6.10379049112,3.000415450625));
#860 = CARTESIAN_POINT('',(-6.07389135511,3.147113190763));
#861 = CARTESIAN_POINT('',(-6.0439922191,3.292882176191));
#862 = CARTESIAN_POINT('',(-6.01409308309,3.437592105201));
#863 = CARTESIAN_POINT('',(-5.98419394708,3.581113622787));
#864 = CARTESIAN_POINT('',(-5.95429481107,3.723318436249));
#865 = CARTESIAN_POINT('',(-5.92439567506,3.86407942988));
#866 = CARTESIAN_POINT('',(-5.89449653905,4.003270778587));
#867 = CARTESIAN_POINT('',(-5.86459740304,4.140768060389));
#868 = CARTESIAN_POINT('',(-5.83469826703,4.276448367535));
#869 = CARTESIAN_POINT('',(-5.80479913102,4.410190416773));
#870 = CARTESIAN_POINT('',(-5.774899995011,4.541874656245));
#871 = CARTESIAN_POINT('',(-5.745000859001,4.671383378022));
#872 = CARTESIAN_POINT('',(-5.715101722991,4.798600802168));
#873 = CARTESIAN_POINT('',(-5.685202586981,4.923413259197));
#874 = CARTESIAN_POINT('',(-5.655303450971,5.04570899697));
#875 = CARTESIAN_POINT('',(-5.635370693631,5.125489252641));
#876 = CARTESIAN_POINT('',(-5.625404314961,5.164923567163));
#877 = ( GEOMETRIC_REPRESENTATION_CONTEXT(2) 
PARAMETRIC_REPRESENTATION_CONTEXT() REPRESENTATION_CONTEXT('2D SPACE',''
  ) );
#878 = ORIENTED_EDGE('',*,*,#879,.F.);
#879 = EDGE_CURVE('',#880,#829,#882,.T.);
#880 = VERTEX_POINT('',#881);
#881 = CARTESIAN_POINT('',(39.070753217994,3.945944078947,1.054055921053
    ));
#882 = SURFACE_CURVE('',#883,(#888,#900),.PCURVE_S1.);
#883 = ELLIPSE('',#884,7.071067811865,5.);
#884 = AXIS2_PLACEMENT_3D('',#885,#886,#887);
#885 = CARTESIAN_POINT('',(36.,0.,5.));
#886 = DIRECTION('',(0.,-0.707106781187,-0.707106781187));
#887 = DIRECTION('',(0.,0.707106781187,-0.707106781187));
#888 = PCURVE('',#659,#889);
#889 = DEFINITIONAL_REPRESENTATION('',(#890),#899);
#890 = B_SPLINE_CURVE_WITH_KNOTS('',7,(#891,#892,#893,#894,#895,#896,
    #897,#898),.UNSPECIFIED.,.F.,.F.,(8,8),(0.661309080045,
    1.570796326795),.PIECEWISE_BEZIER_KNOTS.);
#891 = CARTESIAN_POINT('',(-5.37369806043,-6.054055321053));
#892 = CARTESIAN_POINT('',(-5.503624809965,-6.453028205119));
#893 = CARTESIAN_POINT('',(-5.633551559502,-6.929714355007));
#894 = CARTESIAN_POINT('',(-5.763478309036,-7.473112851855));
#895 = CARTESIAN_POINT('',(-5.893405058577,-8.069010434257));
#896 = CARTESIAN_POINT('',(-6.023331808107,-8.700732540532));
#897 = CARTESIAN_POINT('',(-6.153258557644,-9.350366252321));
#898 = CARTESIAN_POINT('',(-6.28318530718,-10.));
#899 = ( GEOMETRIC_REPRESENTATION_CONTEXT(2) 
PARAMETRIC_REPRESENTATION_CONTEXT() REPRESENTATION_CONTEXT('2D SPACE',''
  ) );
#900 = PCURVE('',#179,#901);
#901 = DEFINITIONAL_REPRESENTATION('',(#902),#928);
#902 = B_SPLINE_CURVE_WITH_KNOTS('',3,(#903,#904,#905,#906,#907,#908,
    #909,#910,#911,#912,#913,#914,#915,#916,#917,#918,#919,#920,#921,
    #922,#923,#924,#925,#926,#927),.UNSPECIFIED.,.F.,.F.,(4,1,1,1,1,1,1,
    1,1,1,1,1,1,1,1,1,1,1,1,1,1,1,4),(0.661309275437,0.702649595953,
    0.743989916469,0.785330236986,0.826670557502,0.868010878018,
    0.909351198534,0.950691519051,0.992031839567,1.033372160083,
    1.0747124806,1.116052801116,1.157393121632,1.198733442148,
    1.240073762665,1.281414083181,1.322754403697,1.364094724213,
    1.40543504473,1.446775365246,1.488115685762,1.529456006279,
    1.570796326795),.QUASI_UNIFORM_KNOTS.);
#903 = CARTESIAN_POINT('',(-0.909487051358,6.054055921053));
#904 = CARTESIAN_POINT('',(-0.895706944519,6.011741535639));
#905 = CARTESIAN_POINT('',(-0.868146730842,5.924861351229));
#906 = CARTESIAN_POINT('',(-0.826806410326,5.788021659064));
#907 = CARTESIAN_POINT('',(-0.785466089809,5.644893128088));
#908 = CARTESIAN_POINT('',(-0.744125769293,5.495721204665));
#909 = CARTESIAN_POINT('',(-0.702785448777,5.340760557117));
#910 = CARTESIAN_POINT('',(-0.66144512826,5.180276041464));
#911 = CARTESIAN_POINT('',(-0.620104807744,5.014541873466));
#912 = CARTESIAN_POINT('',(-0.578764487228,4.843841260635));
#913 = CARTESIAN_POINT('',(-0.537424166712,4.668465891341));
#914 = CARTESIAN_POINT('',(-0.496083846195,4.488715443606));
#915 = CARTESIAN_POINT('',(-0.454743525679,4.304897071083));
#916 = CARTESIAN_POINT('',(-0.413403205163,4.117324878718));
#917 = CARTESIAN_POINT('',(-0.372062884647,3.926319385873));
#918 = CARTESIAN_POINT('',(-0.33072256413,3.732206978679));
#919 = CARTESIAN_POINT('',(-0.289382243614,3.535319352261));
#920 = CARTESIAN_POINT('',(-0.248041923098,3.335992944088));
#921 = CARTESIAN_POINT('',(-0.206701602581,3.134568358584));
#922 = CARTESIAN_POINT('',(-0.165361282065,2.931389786911));
#923 = CARTESIAN_POINT('',(-0.124020961549,2.726804412116));
#924 = CARTESIAN_POINT('',(-8.268064103256E-02,2.521161840907));
#925 = CARTESIAN_POINT('',(-4.134032051628E-02,2.314813412811));
#926 = CARTESIAN_POINT('',(-1.378010683876E-02,2.177012436635));
#927 = CARTESIAN_POINT('',(0.,2.108111842105));
#928 = ( GEOMETRIC_REPRESENTATION_CONTEXT(2) 
PARAMETRIC_REPRESENTATION_CONTEXT() REPRESENTATION_CONTEXT('2D SPACE',''
  ) );
#929 = ORIENTED_EDGE('',*,*,#930,.F.);
#930 = EDGE_CURVE('',#931,#880,#933,.T.);
#931 = VERTEX_POINT('',#932);
#932 = CARTESIAN_POINT('',(39.070753217994,3.426639857852,1.054055921053
    ));
#933 = SURFACE_CURVE('',#934,(#938,#944),.PCURVE_S1.);
#934 = LINE('',#935,#936);
#935 = CARTESIAN_POINT('',(39.070753217994,10.,1.054055921053));
#936 = VECTOR('',#937,1.);
#937 = DIRECTION('',(0.,1.,-1.110223024625E-15));
#938 = PCURVE('',#659,#939);
#939 = DEFINITIONAL_REPRESENTATION('',(#940),#943);
#940 = B_SPLINE_CURVE_WITH_KNOTS('',1,(#941,#942),.UNSPECIFIED.,.F.,.F.,
  (2,2),(-8.659723020457,-5.36297493846),.PIECEWISE_BEZIER_KNOTS.);
#941 = CARTESIAN_POINT('',(-5.373698255821,-8.659723020457));
#942 = CARTESIAN_POINT('',(-5.373698255821,-5.36297493846));
#943 = ( GEOMETRIC_REPRESENTATION_CONTEXT(2) 
PARAMETRIC_REPRESENTATION_CONTEXT() REPRESENTATION_CONTEXT('2D SPACE',''
  ) );
#944 = PCURVE('',#945,#950);
#945 = PLANE('',#946);
#946 = AXIS2_PLACEMENT_3D('',#947,#948,#949);
#947 = CARTESIAN_POINT('',(36.,6.938022664999E-17,1.054055921053));
#948 = DIRECTION('',(-1.288472811861E-31,-1.4279831054E-33,1.));
#949 = DIRECTION('',(1.,0.,1.288472811861E-31));
#950 = DEFINITIONAL_REPRESENTATION('',(#951),#954);
#951 = B_SPLINE_CURVE_WITH_KNOTS('',1,(#952,#953),.UNSPECIFIED.,.F.,.F.,
  (2,2),(-8.659723020457,-5.36297493846),.PIECEWISE_BEZIER_KNOTS.);
#952 = CARTESIAN_POINT('',(3.070753217994,1.340276979543));
#953 = CARTESIAN_POINT('',(3.070753217994,4.63702506154));
#954 = ( GEOMETRIC_REPRESENTATION_CONTEXT(2) 
PARAMETRIC_REPRESENTATION_CONTEXT() REPRESENTATION_CONTEXT('2D SPACE',''
  ) );
#955 = ORIENTED_EDGE('',*,*,#956,.F.);
#956 = EDGE_CURVE('',#718,#931,#957,.T.);
#957 = SURFACE_CURVE('',#958,(#967,#979),.PCURVE_S1.);
#958 = B_SPLINE_CURVE_WITH_KNOTS('',7,(#959,#960,#961,#962,#963,#964,
    #965,#966),.UNSPECIFIED.,.F.,.F.,(8,8),(0.,1.),
  .PIECEWISE_BEZIER_KNOTS.);
#959 = CARTESIAN_POINT('',(38.243504366144,4.626209763791,0.531589982289
    ));
#960 = CARTESIAN_POINT('',(38.537700934652,4.248254903779,0.679300527318
    ));
#961 = CARTESIAN_POINT('',(38.808200130348,3.866257423447,0.843407802516
    ));
#962 = CARTESIAN_POINT('',(39.056082613832,3.481774960335,1.020176748735
    ));
#963 = CARTESIAN_POINT('',(39.282701912171,3.09579048385,1.206819337062)
  );
#964 = CARTESIAN_POINT('',(39.489452452339,2.708704945721,1.401252764129
    ));
#965 = CARTESIAN_POINT('',(39.677693732931,2.320323638178,1.602021705464
    ));
#966 = CARTESIAN_POINT('',(39.848616622386,1.929631497417,1.808111842105
    ));
#967 = PCURVE('',#659,#968);
#968 = DEFINITIONAL_REPRESENTATION('',(#969),#978);
#969 = B_SPLINE_CURVE_WITH_KNOTS('',7,(#970,#971,#972,#973,#974,#975,
    #976,#977),.UNSPECIFIED.,.F.,.F.,(8,8),(0.,1.),
  .PIECEWISE_BEZIER_KNOTS.);
#970 = CARTESIAN_POINT('',(-5.177700112655,-5.373790236209));
#971 = CARTESIAN_POINT('',(-5.243539318615,-5.751745096221));
#972 = CARTESIAN_POINT('',(-5.306614412847,-6.133742576553));
#973 = CARTESIAN_POINT('',(-5.367249322579,-6.518225039665));
#974 = CARTESIAN_POINT('',(-5.425726508737,-6.90420951615));
#975 = CARTESIAN_POINT('',(-5.482306376503,-7.29129505428));
#976 = CARTESIAN_POINT('',(-5.537247470908,-7.679676361822));
#977 = CARTESIAN_POINT('',(-5.590796617889,-8.070368502583));
#978 = ( GEOMETRIC_REPRESENTATION_CONTEXT(2) 
PARAMETRIC_REPRESENTATION_CONTEXT() REPRESENTATION_CONTEXT('2D SPACE',''
  ) );
#979 = PCURVE('',#980,#985);
#980 = CYLINDRICAL_SURFACE('',#981,12.634319188114);
#981 = AXIS2_PLACEMENT_3D('',#982,#983,#984);
#982 = CARTESIAN_POINT('',(28.273538866861,-3.134319188114,
    1.808111842105));
#983 = DIRECTION('',(0.,0.,1.));
#984 = DIRECTION('',(1.,-2.1633533687E-08,0.));
#985 = DEFINITIONAL_REPRESENTATION('',(#986),#995);
#986 = B_SPLINE_CURVE_WITH_KNOTS('',7,(#987,#988,#989,#990,#991,#992,
    #993,#994),.UNSPECIFIED.,.F.,.F.,(8,8),(0.,1.),
  .PIECEWISE_BEZIER_KNOTS.);
#987 = CARTESIAN_POINT('',(0.661425008518,-1.276521859817));
#988 = CARTESIAN_POINT('',(0.623515663633,-1.128811314787));
#989 = CARTESIAN_POINT('',(0.586505923326,-0.964704039589));
#990 = CARTESIAN_POINT('',(0.550351507841,-0.78793509337));
#991 = CARTESIAN_POINT('',(0.514978192731,-0.601292505044));
#992 = CARTESIAN_POINT('',(0.480287481797,-0.406859077976));
#993 = CARTESIAN_POINT('',(0.446152762764,-0.206090136641));
#994 = CARTESIAN_POINT('',(0.412399888756,0.));
#995 = ( GEOMETRIC_REPRESENTATION_CONTEXT(2) 
PARAMETRIC_REPRESENTATION_CONTEXT() REPRESENTATION_CONTEXT('2D SPACE',''
  ) );
#996 = ADVANCED_FACE('',(#997),#945,.F.);
#997 = FACE_BOUND('',#998,.F.);
#998 = EDGE_LOOP('',(#999,#1000,#1024));
#999 = ORIENTED_EDGE('',*,*,#930,.T.);
#1000 = ORIENTED_EDGE('',*,*,#1001,.T.);
#1001 = EDGE_CURVE('',#880,#1002,#1004,.T.);
#1002 = VERTEX_POINT('',#1003);
#1003 = CARTESIAN_POINT('',(38.443434699575,4.362296054707,
    1.054055921053));
#1004 = SURFACE_CURVE('',#1005,(#1010,#1017),.PCURVE_S1.);
#1005 = CIRCLE('',#1006,5.);
#1006 = AXIS2_PLACEMENT_3D('',#1007,#1008,#1009);
#1007 = CARTESIAN_POINT('',(36.,0.,1.054055921053));
#1008 = DIRECTION('',(0.,0.,1.));
#1009 = DIRECTION('',(1.,0.,0.));
#1010 = PCURVE('',#945,#1011);
#1011 = DEFINITIONAL_REPRESENTATION('',(#1012),#1016);
#1012 = CIRCLE('',#1013,5.);
#1013 = AXIS2_PLACEMENT_2D('',#1014,#1015);
#1014 = CARTESIAN_POINT('',(7.105427357601E-15,-6.938022664999E-17));
#1015 = DIRECTION('',(1.,-1.839917407105E-64));
#1016 = ( GEOMETRIC_REPRESENTATION_CONTEXT(2) 
PARAMETRIC_REPRESENTATION_CONTEXT() REPRESENTATION_CONTEXT('2D SPACE',''
  ) );
#1017 = PCURVE('',#179,#1018);
#1018 = DEFINITIONAL_REPRESENTATION('',(#1019),#1023);
#1019 = LINE('',#1020,#1021);
#1020 = CARTESIAN_POINT('',(-0.,6.054055921053));
#1021 = VECTOR('',#1022,1.);
#1022 = DIRECTION('',(-1.,0.));
#1023 = ( GEOMETRIC_REPRESENTATION_CONTEXT(2) 
PARAMETRIC_REPRESENTATION_CONTEXT() REPRESENTATION_CONTEXT('2D SPACE',''
  ) );
#1024 = ORIENTED_EDGE('',*,*,#1025,.F.);
#1025 = EDGE_CURVE('',#931,#1002,#1026,.T.);
#1026 = SURFACE_CURVE('',#1027,(#1032,#1039),.PCURVE_S1.);
#1027 = CIRCLE('',#1028,12.634319188114);
#1028 = AXIS2_PLACEMENT_3D('',#1029,#1030,#1031);
#1029 = CARTESIAN_POINT('',(28.273538866861,-3.134319188114,
    1.054055921053));
#1030 = DIRECTION('',(-0.,0.,1.));
#1031 = DIRECTION('',(1.,-2.1633533687E-08,0.));
#1032 = PCURVE('',#945,#1033);
#1033 = DEFINITIONAL_REPRESENTATION('',(#1034),#1038);
#1034 = CIRCLE('',#1035,12.634319188114);
#1035 = AXIS2_PLACEMENT_2D('',#1036,#1037);
#1036 = CARTESIAN_POINT('',(-7.726461133139,-3.134319188114));
#1037 = DIRECTION('',(1.,-2.1633533687E-08));
#1038 = ( GEOMETRIC_REPRESENTATION_CONTEXT(2) 
PARAMETRIC_REPRESENTATION_CONTEXT() REPRESENTATION_CONTEXT('2D SPACE',''
  ) );
#1039 = PCURVE('',#980,#1040);
#1040 = DEFINITIONAL_REPRESENTATION('',(#1041),#1045);
#1041 = LINE('',#1042,#1043);
#1042 = CARTESIAN_POINT('',(0.,-0.754055921053));
#1043 = VECTOR('',#1044,1.);
#1044 = DIRECTION('',(1.,0.));
#1045 = ( GEOMETRIC_REPRESENTATION_CONTEXT(2) 
PARAMETRIC_REPRESENTATION_CONTEXT() REPRESENTATION_CONTEXT('2D SPACE',''
  ) );
#1046 = ADVANCED_FACE('',(#1047),#980,.T.);
#1047 = FACE_BOUND('',#1048,.T.);
#1048 = EDGE_LOOP('',(#1049,#1079,#1099,#1100,#1101));
#1049 = ORIENTED_EDGE('',*,*,#1050,.F.);
#1050 = EDGE_CURVE('',#1051,#1053,#1055,.T.);
#1051 = VERTEX_POINT('',#1052);
#1052 = CARTESIAN_POINT('',(38.443434699575,4.362296054707,
    1.808111716096));
#1053 = VERTEX_POINT('',#1054);
#1054 = CARTESIAN_POINT('',(38.243504427341,4.626209664355,
    1.808111716096));
#1055 = SURFACE_CURVE('',#1056,(#1061,#1067),.PCURVE_S1.);
#1056 = CIRCLE('',#1057,12.634319188114);
#1057 = AXIS2_PLACEMENT_3D('',#1058,#1059,#1060);
#1058 = CARTESIAN_POINT('',(28.273538866861,-3.134319188114,
    1.808111716096));
#1059 = DIRECTION('',(-0.,0.,1.));
#1060 = DIRECTION('',(1.,-3.160712437147E-08,0.));
#1061 = PCURVE('',#980,#1062);
#1062 = DEFINITIONAL_REPRESENTATION('',(#1063),#1066);
#1063 = B_SPLINE_CURVE_WITH_KNOTS('',1,(#1064,#1065),.UNSPECIFIED.,.F.,
  .F.,(2,2),(0.385375060862,1.57079593837),.PIECEWISE_BEZIER_KNOTS.);
#1064 = CARTESIAN_POINT('',(0.385375060862,0.));
#1065 = CARTESIAN_POINT('',(1.57079593837,0.));
#1066 = ( GEOMETRIC_REPRESENTATION_CONTEXT(2) 
PARAMETRIC_REPRESENTATION_CONTEXT() REPRESENTATION_CONTEXT('2D SPACE',''
  ) );
#1067 = PCURVE('',#1068,#1073);
#1068 = TOROIDAL_SURFACE('',#1069,12.334319188114,0.3);
#1069 = AXIS2_PLACEMENT_3D('',#1070,#1071,#1072);
#1070 = CARTESIAN_POINT('',(28.273538866861,-3.134319188114,
    1.808111842105));
#1071 = DIRECTION('',(0.,0.,1.));
#1072 = DIRECTION('',(1.,-3.160712437147E-08,0.));
#1073 = DEFINITIONAL_REPRESENTATION('',(#1074),#1078);
#1074 = LINE('',#1075,#1076);
#1075 = CARTESIAN_POINT('',(0.,6.283184887148));
#1076 = VECTOR('',#1077,1.);
#1077 = DIRECTION('',(1.,0.));
#1078 = ( GEOMETRIC_REPRESENTATION_CONTEXT(2) 
PARAMETRIC_REPRESENTATION_CONTEXT() REPRESENTATION_CONTEXT('2D SPACE',''
  ) );
#1079 = ORIENTED_EDGE('',*,*,#1080,.F.);
#1080 = EDGE_CURVE('',#1002,#1051,#1081,.T.);
#1081 = SURFACE_CURVE('',#1082,(#1086,#1092),.PCURVE_S1.);
#1082 = LINE('',#1083,#1084);
#1083 = CARTESIAN_POINT('',(38.443434699575,4.362296054707,
    1.808111842105));
#1084 = VECTOR('',#1085,1.);
#1085 = DIRECTION('',(0.,0.,1.));
#1086 = PCURVE('',#980,#1087);
#1087 = DEFINITIONAL_REPRESENTATION('',(#1088),#1091);
#1088 = B_SPLINE_CURVE_WITH_KNOTS('',1,(#1089,#1090),.UNSPECIFIED.,.F.,
  .F.,(2,2),(-0.754056521053,0.),.PIECEWISE_BEZIER_KNOTS.);
#1089 = CARTESIAN_POINT('',(0.635218412512,-0.754056521053));
#1090 = CARTESIAN_POINT('',(0.635218412512,0.));
#1091 = ( GEOMETRIC_REPRESENTATION_CONTEXT(2) 
PARAMETRIC_REPRESENTATION_CONTEXT() REPRESENTATION_CONTEXT('2D SPACE',''
  ) );
#1092 = PCURVE('',#179,#1093);
#1093 = DEFINITIONAL_REPRESENTATION('',(#1094),#1098);
#1094 = LINE('',#1095,#1096);
#1095 = CARTESIAN_POINT('',(-1.060212219608,5.3));
#1096 = VECTOR('',#1097,1.);
#1097 = DIRECTION('',(-0.,-1.));
#1098 = ( GEOMETRIC_REPRESENTATION_CONTEXT(2) 
PARAMETRIC_REPRESENTATION_CONTEXT() REPRESENTATION_CONTEXT('2D SPACE',''
  ) );
#1099 = ORIENTED_EDGE('',*,*,#1025,.F.);
#1100 = ORIENTED_EDGE('',*,*,#956,.F.);
#1101 = ORIENTED_EDGE('',*,*,#1102,.F.);
#1102 = EDGE_CURVE('',#1053,#718,#1103,.T.);
#1103 = SURFACE_CURVE('',#1104,(#1108,#1114),.PCURVE_S1.);
#1104 = LINE('',#1105,#1106);
#1105 = CARTESIAN_POINT('',(38.243504427341,4.626209664355,0.));
#1106 = VECTOR('',#1107,1.);
#1107 = DIRECTION('',(-0.,-0.,-1.));
#1108 = PCURVE('',#980,#1109);
#1109 = DEFINITIONAL_REPRESENTATION('',(#1110),#1113);
#1110 = B_SPLINE_CURVE_WITH_KNOTS('',1,(#1111,#1112),.UNSPECIFIED.,.F.,
  .F.,(2,2),(-1.808111842105,-0.300000189303),.PIECEWISE_BEZIER_KNOTS.);
#1111 = CARTESIAN_POINT('',(0.661424998545,0.));
#1112 = CARTESIAN_POINT('',(0.661424998545,-1.508111652802));
#1113 = ( GEOMETRIC_REPRESENTATION_CONTEXT(2) 
PARAMETRIC_REPRESENTATION_CONTEXT() REPRESENTATION_CONTEXT('2D SPACE',''
  ) );
#1114 = PCURVE('',#741,#1115);
#1115 = DEFINITIONAL_REPRESENTATION('',(#1116),#1119);
#1116 = B_SPLINE_CURVE_WITH_KNOTS('',1,(#1117,#1118),.UNSPECIFIED.,.F.,
  .F.,(2,2),(-1.808111842105,-0.300000189303),.PIECEWISE_BEZIER_KNOTS.);
#1117 = CARTESIAN_POINT('',(-0.911420239683,-1.808111842105));
#1118 = CARTESIAN_POINT('',(-0.911420239683,-0.300000189303));
#1119 = ( GEOMETRIC_REPRESENTATION_CONTEXT(2) 
PARAMETRIC_REPRESENTATION_CONTEXT() REPRESENTATION_CONTEXT('2D SPACE',''
  ) );
#1120 = ADVANCED_FACE('',(#1121),#1068,.T.);
#1121 = FACE_BOUND('',#1122,.T.);
#1122 = EDGE_LOOP('',(#1123,#1148,#1251,#1252));
#1123 = ORIENTED_EDGE('',*,*,#1124,.F.);
#1124 = EDGE_CURVE('',#1125,#1127,#1129,.T.);
#1125 = VERTEX_POINT('',#1126);
#1126 = CARTESIAN_POINT('',(37.842790045094,4.648023757438,
    2.108111842105));
#1127 = VERTEX_POINT('',#1128);
#1128 = CARTESIAN_POINT('',(37.166600002834,5.412545351945,
    2.108111842105));
#1129 = SURFACE_CURVE('',#1130,(#1135,#1141),.PCURVE_S1.);
#1130 = CIRCLE('',#1131,12.334319188114);
#1131 = AXIS2_PLACEMENT_3D('',#1132,#1133,#1134);
#1132 = CARTESIAN_POINT('',(28.273538866861,-3.134319188114,
    2.108111842105));
#1133 = DIRECTION('',(-0.,0.,1.));
#1134 = DIRECTION('',(1.,-3.160712437147E-08,0.));
#1135 = PCURVE('',#1068,#1136);
#1136 = DEFINITIONAL_REPRESENTATION('',(#1137),#1140);
#1137 = B_SPLINE_CURVE_WITH_KNOTS('',1,(#1138,#1139),.UNSPECIFIED.,.F.,
  .F.,(2,2),(0.385375060862,1.57079593837),.PIECEWISE_BEZIER_KNOTS.);
#1138 = CARTESIAN_POINT('',(0.385375060862,7.853981213943));
#1139 = CARTESIAN_POINT('',(1.57079593837,7.853981213943));
#1140 = ( GEOMETRIC_REPRESENTATION_CONTEXT(2) 
PARAMETRIC_REPRESENTATION_CONTEXT() REPRESENTATION_CONTEXT('2D SPACE',''
  ) );
#1141 = PCURVE('',#44,#1142);
#1142 = DEFINITIONAL_REPRESENTATION('',(#1143),#1147);
#1143 = CIRCLE('',#1144,12.334319188114);
#1144 = AXIS2_PLACEMENT_2D('',#1145,#1146);
#1145 = CARTESIAN_POINT('',(10.674181092808,-3.134319165032));
#1146 = DIRECTION('',(1.,-3.160712437147E-08));
#1147 = ( GEOMETRIC_REPRESENTATION_CONTEXT(2) 
PARAMETRIC_REPRESENTATION_CONTEXT() REPRESENTATION_CONTEXT('2D SPACE',''
  ) );
#1148 = ORIENTED_EDGE('',*,*,#1149,.F.);
#1149 = EDGE_CURVE('',#1051,#1125,#1150,.T.);
#1150 = SURFACE_CURVE('',#1151,(#1174,#1200),.PCURVE_S1.);
#1151 = B_SPLINE_CURVE_WITH_KNOTS('',6,(#1152,#1153,#1154,#1155,#1156,
    #1157,#1158,#1159,#1160,#1161,#1162,#1163,#1164,#1165,#1166,#1167,
    #1168,#1169,#1170,#1171,#1172,#1173),.UNSPECIFIED.,.F.,.F.,(7,5,5,5,
    7),(0.,0.3535762202,0.59198436489,0.835306385332,1.),.UNSPECIFIED.);
#1152 = CARTESIAN_POINT('',(38.443434699575,4.362296054707,
    1.808111716096));
#1153 = CARTESIAN_POINT('',(38.443434719427,4.362296043587,
    1.837427566815));
#1154 = CARTESIAN_POINT('',(38.43616111121,4.366369671446,1.8667541183)
  );
#1155 = CARTESIAN_POINT('',(38.421600607739,4.374527915796,
    1.895385962006));
#1156 = CARTESIAN_POINT('',(38.400373651529,4.386291155912,
    1.922716965944));
#1157 = CARTESIAN_POINT('',(38.373370651323,4.40095584086,1.948317562819
    ));
#1158 = CARTESIAN_POINT('',(38.320020816107,4.429231842173,
    1.987776448746));
#1159 = CARTESIAN_POINT('',(38.296315813224,4.44163528648,2.00275025331)
  );
#1160 = CARTESIAN_POINT('',(38.270656670284,4.454852929577,
    2.016722873904));
#1161 = CARTESIAN_POINT('',(38.243303715051,4.468692152675,
    2.029633172418));
#1162 = CARTESIAN_POINT('',(38.214501327195,4.482978778132,
    2.041435707052));
#1163 = CARTESIAN_POINT('',(38.153813833632,4.512454681646,
    2.062971449284));
#1164 = CARTESIAN_POINT('',(38.121880686885,4.527654798166,
    2.072655915327));
#1165 = CARTESIAN_POINT('',(38.088901718128,4.543008982636,2.08110835923
    ));
#1166 = CARTESIAN_POINT('',(38.055097079027,4.558380840412,
    2.088295427043));
#1167 = CARTESIAN_POINT('',(38.020676087104,4.573653786638,
    2.094188132616));
#1168 = CARTESIAN_POINT('',(37.962261534772,4.598933544853,
    2.101855830135));
#1169 = CARTESIAN_POINT('',(37.938493551071,4.609046858417,
    2.104346097696));
#1170 = CARTESIAN_POINT('',(37.914599286728,4.61903875909,2.106223425818
    ));
#1171 = CARTESIAN_POINT('',(37.890641820249,4.628881535598,
    2.107480693561));
#1172 = CARTESIAN_POINT('',(37.866684368119,4.638550434942,
    2.108111835576));
#1173 = CARTESIAN_POINT('',(37.842790284805,4.6480236624,2.108111842105)
  );
#1174 = PCURVE('',#1068,#1175);
#1175 = DEFINITIONAL_REPRESENTATION('',(#1176),#1199);
#1176 = B_SPLINE_CURVE_WITH_KNOTS('',6,(#1177,#1178,#1179,#1180,#1181,
    #1182,#1183,#1184,#1185,#1186,#1187,#1188,#1189,#1190,#1191,#1192,
    #1193,#1194,#1195,#1196,#1197,#1198),.UNSPECIFIED.,.F.,.F.,(7,5,5,5,
    7),(0.,0.3535762202,0.59198436489,0.835306385332,1.),.UNSPECIFIED.);
#1177 = CARTESIAN_POINT('',(0.635218422485,6.283184887148));
#1178 = CARTESIAN_POINT('',(0.635218420844,6.380904389546));
#1179 = CARTESIAN_POINT('',(0.63581955839,6.478659002183));
#1180 = CARTESIAN_POINT('',(0.637023097064,6.575780829474));
#1181 = CARTESIAN_POINT('',(0.63877201105,6.671921826931));
#1182 = CARTESIAN_POINT('',(0.640983975877,6.766898427299));
#1183 = CARTESIAN_POINT('',(0.645324836151,6.923884452067));
#1184 = CARTESIAN_POINT('',(0.647246866067,6.986582425495));
#1185 = CARTESIAN_POINT('',(0.649318631008,7.0487806018));
#1186 = CARTESIAN_POINT('',(0.65151676848,7.110526179108));
#1187 = CARTESIAN_POINT('',(0.653819684782,7.171885433547));
#1188 = CARTESIAN_POINT('',(0.658646699979,7.295253690224));
#1189 = CARTESIAN_POINT('',(0.661174114798,7.357244051737));
#1190 = CARTESIAN_POINT('',(0.66377057133,7.418997710669));
#1191 = CARTESIAN_POINT('',(0.666417577777,7.480596410158));
#1192 = CARTESIAN_POINT('',(0.669098113427,7.542119843669));
#1193 = CARTESIAN_POINT('',(0.673622655209,7.645293836326));
#1194 = CARTESIAN_POINT('',(0.67545700745,7.68694055285));
#1195 = CARTESIAN_POINT('',(0.677294461424,7.728611797187));
#1196 = CARTESIAN_POINT('',(0.679130179198,7.770329308418));
#1197 = CARTESIAN_POINT('',(0.680959425152,7.812113050837));
#1198 = CARTESIAN_POINT('',(0.682777565983,7.853981213943));
#1199 = ( GEOMETRIC_REPRESENTATION_CONTEXT(2) 
PARAMETRIC_REPRESENTATION_CONTEXT() REPRESENTATION_CONTEXT('2D SPACE',''
  ) );
#1200 = PCURVE('',#179,#1201);
#1201 = DEFINITIONAL_REPRESENTATION('',(#1202),#1250);
#1202 = B_SPLINE_CURVE_WITH_KNOTS('',3,(#1203,#1204,#1205,#1206,#1207,
    #1208,#1209,#1210,#1211,#1212,#1213,#1214,#1215,#1216,#1217,#1218,
    #1219,#1220,#1221,#1222,#1223,#1224,#1225,#1226,#1227,#1228,#1229,
    #1230,#1231,#1232,#1233,#1234,#1235,#1236,#1237,#1238,#1239,#1240,
    #1241,#1242,#1243,#1244,#1245,#1246,#1247,#1248,#1249),
  .UNSPECIFIED.,.F.,.F.,(4,1,1,1,1,1,1,1,1,1,1,1,1,1,1,1,1,1,1,1,1,1,1,1
    ,1,1,1,1,1,1,1,1,1,1,1,1,1,1,1,1,1,1,1,1,4),(0.,2.272727272727E-02,
    4.545454545455E-02,6.818181818182E-02,9.090909090909E-02,
    0.113636363636,0.136363636364,0.159090909091,0.181818181818,
    0.204545454545,0.227272727273,0.25,0.272727272727,0.295454545455,
    0.318181818182,0.340909090909,0.363636363636,0.386363636364,
    0.409090909091,0.431818181818,0.454545454545,0.477272727273,0.5,
    0.522727272727,0.545454545455,0.568181818182,0.590909090909,
    0.613636363636,0.636363636364,0.659090909091,0.681818181818,
    0.704545454545,0.727272727273,0.75,0.772727272727,0.795454545455,
    0.818181818182,0.840909090909,0.863636363636,0.886363636364,
    0.909090909091,0.931818181818,0.954545454545,0.977272727273,1.),
  .QUASI_UNIFORM_KNOTS.);
#1203 = CARTESIAN_POINT('',(-1.060212219608,5.30000012601));
#1204 = CARTESIAN_POINT('',(-1.06021214484,5.296231324347));
#1205 = CARTESIAN_POINT('',(-1.060281168156,5.28869349197));
#1206 = CARTESIAN_POINT('',(-1.060590872665,5.277407481059));
#1207 = CARTESIAN_POINT('',(-1.061105730918,5.26616391056));
#1208 = CARTESIAN_POINT('',(-1.061823560848,5.254983510417));
#1209 = CARTESIAN_POINT('',(-1.062741502685,5.243886314166));
#1210 = CARTESIAN_POINT('',(-1.063855973526,5.232891534283));
#1211 = CARTESIAN_POINT('',(-1.065162763654,5.222017553168));
#1212 = CARTESIAN_POINT('',(-1.066657093504,5.211281891309));
#1213 = CARTESIAN_POINT('',(-1.068333679816,5.200701189667));
#1214 = CARTESIAN_POINT('',(-1.070186797816,5.190291196666));
#1215 = CARTESIAN_POINT('',(-1.072210343344,5.180066761119));
#1216 = CARTESIAN_POINT('',(-1.074397892326,5.170041835445));
#1217 = CARTESIAN_POINT('',(-1.0767427639,5.160229470421));
#1218 = CARTESIAN_POINT('',(-1.079238064422,5.150641872092));
#1219 = CARTESIAN_POINT('',(-1.081876796899,5.141290257169));
#1220 = CARTESIAN_POINT('',(-1.084651720288,5.132185490909));
#1221 = CARTESIAN_POINT('',(-1.087556503467,5.123334652579));
#1222 = CARTESIAN_POINT('',(-1.090584385593,5.114745859633));
#1223 = CARTESIAN_POINT('',(-1.093728691401,5.106426583112));
#1224 = CARTESIAN_POINT('',(-1.096982841688,5.098383724101));
#1225 = CARTESIAN_POINT('',(-1.100340370395,5.090623643573));
#1226 = CARTESIAN_POINT('',(-1.103794940084,5.083152204345));
#1227 = CARTESIAN_POINT('',(-1.107340356818,5.075974811202));
#1228 = CARTESIAN_POINT('',(-1.110970588571,5.06909644622));
#1229 = CARTESIAN_POINT('',(-1.114679769587,5.062521725145));
#1230 = CARTESIAN_POINT('',(-1.118462256833,5.056254874342));
#1231 = CARTESIAN_POINT('',(-1.122312491465,5.050300004398));
#1232 = CARTESIAN_POINT('',(-1.126224986091,5.04466104158));
#1233 = CARTESIAN_POINT('',(-1.130194544849,5.039341514154));
#1234 = CARTESIAN_POINT('',(-1.134216044314,5.034344879975));
#1235 = CARTESIAN_POINT('',(-1.1382844866,5.029674446078));
#1236 = CARTESIAN_POINT('',(-1.142394979784,5.025333397102));
#1237 = CARTESIAN_POINT('',(-1.146542738009,5.021324794498));
#1238 = CARTESIAN_POINT('',(-1.150723075393,5.017651583762));
#1239 = CARTESIAN_POINT('',(-1.154931404931,5.014316598785));
#1240 = CARTESIAN_POINT('',(-1.159163223486,5.011322569718));
#1241 = CARTESIAN_POINT('',(-1.163414147303,5.008672119649));
#1242 = CARTESIAN_POINT('',(-1.167679740099,5.00636780463));
#1243 = CARTESIAN_POINT('',(-1.171955669985,5.004412109763));
#1244 = CARTESIAN_POINT('',(-1.176237657341,5.002807370089));
#1245 = CARTESIAN_POINT('',(-1.180521443252,5.00155578704));
#1246 = CARTESIAN_POINT('',(-1.184802797764,5.000659419684));
#1247 = CARTESIAN_POINT('',(-1.189077513817,5.000120203288));
#1248 = CARTESIAN_POINT('',(-1.191920117003,4.999999990318));
#1249 = CARTESIAN_POINT('',(-1.193338919618,5.));
#1250 = ( GEOMETRIC_REPRESENTATION_CONTEXT(2) 
PARAMETRIC_REPRESENTATION_CONTEXT() REPRESENTATION_CONTEXT('2D SPACE',''
  ) );
#1251 = ORIENTED_EDGE('',*,*,#1050,.T.);
#1252 = ORIENTED_EDGE('',*,*,#1253,.T.);
#1253 = EDGE_CURVE('',#1053,#1127,#1254,.T.);
#1254 = SURFACE_CURVE('',#1255,(#1283,#1314),.PCURVE_S1.);
#1255 = B_SPLINE_CURVE_WITH_KNOTS('',6,(#1256,#1257,#1258,#1259,#1260,
    #1261,#1262,#1263,#1264,#1265,#1266,#1267,#1268,#1269,#1270,#1271,
    #1272,#1273,#1274,#1275,#1276,#1277,#1278,#1279,#1280,#1281,#1282),
  .UNSPECIFIED.,.F.,.F.,(7,5,5,5,5,7),(0.,0.193826798341,0.325809665905,
    0.559723556347,0.829032301294,1.),.UNSPECIFIED.);
#1256 = CARTESIAN_POINT('',(38.243504427341,4.626209664355,
    1.808111716096));
#1257 = CARTESIAN_POINT('',(38.243504447412,4.626209648798,
    1.827742720568));
#1258 = CARTESIAN_POINT('',(38.238579822986,4.630026707695,
    1.847382104912));
#1259 = CARTESIAN_POINT('',(38.228722420654,4.63766746332,1.866683175905
    ));
#1260 = CARTESIAN_POINT('',(38.214277084465,4.648847644395,
    1.885360970489));
#1261 = CARTESIAN_POINT('',(38.195743380659,4.66315143318,1.903220400911
    ));
#1262 = CARTESIAN_POINT('',(38.158629265396,4.691693985457,
    1.931659668384));
#1263 = CARTESIAN_POINT('',(38.141943134702,4.704503025624,1.9427496107)
  );
#1264 = CARTESIAN_POINT('',(38.123764008753,4.718427172991,
    1.953377777579));
#1265 = CARTESIAN_POINT('',(38.104247227847,4.733337513517,
    1.963528962112));
#1266 = CARTESIAN_POINT('',(38.083534818223,4.749116077339,
    1.973199837369));
#1267 = CARTESIAN_POINT('',(38.023127752017,4.794992302809,
    1.998691198155));
#1268 = CARTESIAN_POINT('',(37.981143843244,4.826724782769,
    2.013485864171));
#1269 = CARTESIAN_POINT('',(37.936441857893,4.860319805368,
    2.026815321751));
#1270 = CARTESIAN_POINT('',(37.88953526068,4.895350978981,2.038748539216
    ));
#1271 = CARTESIAN_POINT('',(37.840805349835,4.931501835876,
    2.049369319163));
#1272 = CARTESIAN_POINT('',(37.732590975003,5.011226490081,2.06956872309
    ));
#1273 = CARTESIAN_POINT('',(37.672623130387,5.055074821004,
    2.078741369502));
#1274 = CARTESIAN_POINT('',(37.6110133116,5.09976039452,2.086398948319)
  );
#1275 = CARTESIAN_POINT('',(37.548065427105,5.145032842478,
    2.092645309421));
#1276 = CARTESIAN_POINT('',(37.484010163108,5.19070498744,2.097572232409
    ));
#1277 = CARTESIAN_POINT('',(37.377745050026,5.265808968156,
    2.103593444085));
#1278 = CARTESIAN_POINT('',(37.33610340246,5.295078260008,2.10543008085)
  );
#1279 = CARTESIAN_POINT('',(37.29413038778,5.324415966096,2.106784500955
    ));
#1280 = CARTESIAN_POINT('',(37.251865909135,5.353790640091,
    2.107673557033));
#1281 = CARTESIAN_POINT('',(37.209345324286,5.383175006023,
    2.108111836676));
#1282 = CARTESIAN_POINT('',(37.166600517398,5.412544998388,
    2.108111842105));
#1283 = PCURVE('',#1068,#1284);
#1284 = DEFINITIONAL_REPRESENTATION('',(#1285),#1313);
#1285 = B_SPLINE_CURVE_WITH_KNOTS('',6,(#1286,#1287,#1288,#1289,#1290,
    #1291,#1292,#1293,#1294,#1295,#1296,#1297,#1298,#1299,#1300,#1301,
    #1302,#1303,#1304,#1305,#1306,#1307,#1308,#1309,#1310,#1311,#1312),
  .UNSPECIFIED.,.F.,.F.,(7,5,5,5,5,7),(0.,0.193826798341,0.325809665905,
    0.559723556347,0.829032301294,1.),.UNSPECIFIED.);
#1286 = CARTESIAN_POINT('',(0.661425008518,6.283184887148));
#1287 = CARTESIAN_POINT('',(0.661425006571,6.348621568723));
#1288 = CARTESIAN_POINT('',(0.661902836163,6.414086066802));
#1289 = CARTESIAN_POINT('',(0.662859288757,6.478927853106));
#1290 = CARTESIAN_POINT('',(0.664260781249,6.54270110759));
#1291 = CARTESIAN_POINT('',(0.666058633331,6.605089389317));
#1292 = CARTESIAN_POINT('',(0.669658130703,6.707279301311));
#1293 = CARTESIAN_POINT('',(0.671276257507,6.74795615959));
#1294 = CARTESIAN_POINT('',(0.673038940185,6.787875529223));
#1295 = CARTESIAN_POINT('',(0.674931043571,6.82702575939));
#1296 = CARTESIAN_POINT('',(0.676938728443,6.865416312494));
#1297 = CARTESIAN_POINT('',(0.682793034232,6.96981072096));
#1298 = CARTESIAN_POINT('',(0.686860752242,7.034214435416));
#1299 = CARTESIAN_POINT('',(0.691190399326,7.096464985961));
#1300 = CARTESIAN_POINT('',(0.695731932499,7.156745231762));
#1301 = CARTESIAN_POINT('',(0.700448180673,7.215251909202));
#1302 = CARTESIAN_POINT('',(0.710917311612,7.337782448779));
#1303 = CARTESIAN_POINT('',(0.716716337738,7.401269585594));
#1304 = CARTESIAN_POINT('',(0.722671347726,7.462982929447));
#1305 = CARTESIAN_POINT('',(0.72875268906,7.523160059398));
#1306 = CARTESIAN_POINT('',(0.734937848851,7.582019365977));
#1307 = CARTESIAN_POINT('',(0.745193364199,7.676436592717));
#1308 = CARTESIAN_POINT('',(0.749210832484,7.712651338491));
#1309 = CARTESIAN_POINT('',(0.753258911024,7.74846783674));
#1310 = CARTESIAN_POINT('',(0.757333701947,7.783932496196));
#1311 = CARTESIAN_POINT('',(0.761431751526,7.819089172476));
#1312 = CARTESIAN_POINT('',(0.765549945406,7.853981213943));
#1313 = ( GEOMETRIC_REPRESENTATION_CONTEXT(2) 
PARAMETRIC_REPRESENTATION_CONTEXT() REPRESENTATION_CONTEXT('2D SPACE',''
  ) );
#1314 = PCURVE('',#741,#1315);
#1315 = DEFINITIONAL_REPRESENTATION('',(#1316),#1344);
#1316 = B_SPLINE_CURVE_WITH_KNOTS('',6,(#1317,#1318,#1319,#1320,#1321,
    #1322,#1323,#1324,#1325,#1326,#1327,#1328,#1329,#1330,#1331,#1332,
    #1333,#1334,#1335,#1336,#1337,#1338,#1339,#1340,#1341,#1342,#1343),
  .UNSPECIFIED.,.F.,.F.,(7,5,5,5,5,7),(0.,0.193826798341,0.325809665905,
    0.559723556347,0.829032301294,1.),.UNSPECIFIED.);
#1317 = CARTESIAN_POINT('',(-0.911420239683,-1.808111716096));
#1318 = CARTESIAN_POINT('',(-0.911420238591,-1.827742720568));
#1319 = CARTESIAN_POINT('',(-0.911688226499,-1.847382104912));
#1320 = CARTESIAN_POINT('',(-0.912224654555,-1.866683175905));
#1321 = CARTESIAN_POINT('',(-0.913010308984,-1.885360970489));
#1322 = CARTESIAN_POINT('',(-0.914017252085,-1.903220400911));
#1323 = CARTESIAN_POINT('',(-0.916031025834,-1.931659668384));
#1324 = CARTESIAN_POINT('',(-0.916935784524,-1.9427496107));
#1325 = CARTESIAN_POINT('',(-0.917920685223,-1.953377777579));
#1326 = CARTESIAN_POINT('',(-0.918977053678,-1.963528962112));
#1327 = CARTESIAN_POINT('',(-0.920096957778,-1.973199837369));
#1328 = CARTESIAN_POINT('',(-0.923359442224,-1.998691198155));
#1329 = CARTESIAN_POINT('',(-0.925622962174,-2.013485864171));
#1330 = CARTESIAN_POINT('',(-0.928028050221,-2.026815321751));
#1331 = CARTESIAN_POINT('',(-0.930546057636,-2.038748539216));
#1332 = CARTESIAN_POINT('',(-0.933155732379,-2.049369319163));
#1333 = CARTESIAN_POINT('',(-0.938936859376,-2.06956872309));
#1334 = CARTESIAN_POINT('',(-0.942132053828,-2.078741369502));
#1335 = CARTESIAN_POINT('',(-0.945405518949,-2.086398948319));
#1336 = CARTESIAN_POINT('',(-0.948740414674,-2.092645309421));
#1337 = CARTESIAN_POINT('',(-0.952124055789,-2.097572232409));
#1338 = CARTESIAN_POINT('',(-0.957720890561,-2.103593444085));
#1339 = CARTESIAN_POINT('',(-0.95991009177,-2.105430080849));
#1340 = CARTESIAN_POINT('',(-0.96211264869,-2.106784500956));
#1341 = CARTESIAN_POINT('',(-0.964326398932,-2.107673557035));
#1342 = CARTESIAN_POINT('',(-0.966549444057,-2.108111836674));
#1343 = CARTESIAN_POINT('',(-0.968780087585,-2.108111842105));
#1344 = ( GEOMETRIC_REPRESENTATION_CONTEXT(2) 
PARAMETRIC_REPRESENTATION_CONTEXT() REPRESENTATION_CONTEXT('2D SPACE',''
  ) );
#1345 = ADVANCED_FACE('',(#1346,#1477,#2363,#2642,#2748,#3655,#4541,
    #4572),#44,.T.);
#1346 = FACE_BOUND('',#1347,.T.);
#1347 = EDGE_LOOP('',(#1348,#1349,#1373,#1400,#1429,#1449,#1450,#1451));
#1348 = ORIENTED_EDGE('',*,*,#1124,.T.);
#1349 = ORIENTED_EDGE('',*,*,#1350,.T.);
#1350 = EDGE_CURVE('',#1127,#1351,#1353,.T.);
#1351 = VERTEX_POINT('',#1352);
#1352 = CARTESIAN_POINT('',(27.722902093797,9.2,2.108111842105));
#1353 = SURFACE_CURVE('',#1354,(#1359,#1366),.PCURVE_S1.);
#1354 = CIRCLE('',#1355,23.25);
#1355 = AXIS2_PLACEMENT_3D('',#1356,#1357,#1358);
#1356 = CARTESIAN_POINT('',(24.,-13.75,2.108111842105));
#1357 = DIRECTION('',(0.,0.,1.));
#1358 = DIRECTION('',(1.,0.,0.));
#1359 = PCURVE('',#44,#1360);
#1360 = DEFINITIONAL_REPRESENTATION('',(#1361),#1365);
#1361 = CIRCLE('',#1362,23.25);
#1362 = AXIS2_PLACEMENT_2D('',#1363,#1364);
#1363 = CARTESIAN_POINT('',(6.400642225946,-13.74999997691));
#1364 = DIRECTION('',(1.,0.));
#1365 = ( GEOMETRIC_REPRESENTATION_CONTEXT(2) 
PARAMETRIC_REPRESENTATION_CONTEXT() REPRESENTATION_CONTEXT('2D SPACE',''
  ) );
#1366 = PCURVE('',#741,#1367);
#1367 = DEFINITIONAL_REPRESENTATION('',(#1368),#1372);
#1368 = LINE('',#1369,#1370);
#1369 = CARTESIAN_POINT('',(-0.,-2.108111842105));
#1370 = VECTOR('',#1371,1.);
#1371 = DIRECTION('',(-1.,0.));
#1372 = ( GEOMETRIC_REPRESENTATION_CONTEXT(2) 
PARAMETRIC_REPRESENTATION_CONTEXT() REPRESENTATION_CONTEXT('2D SPACE',''
  ) );
#1373 = ORIENTED_EDGE('',*,*,#1374,.T.);
#1374 = EDGE_CURVE('',#1351,#1375,#1377,.T.);
#1375 = VERTEX_POINT('',#1376);
#1376 = CARTESIAN_POINT('',(2.375921073558,9.2,2.108111842105));
#1377 = SURFACE_CURVE('',#1378,(#1382,#1389),.PCURVE_S1.);
#1378 = LINE('',#1379,#1380);
#1379 = CARTESIAN_POINT('',(28.273544047667,9.2,2.108111842105));
#1380 = VECTOR('',#1381,1.);
#1381 = DIRECTION('',(-1.,0.,0.));
#1382 = PCURVE('',#44,#1383);
#1383 = DEFINITIONAL_REPRESENTATION('',(#1384),#1388);
#1384 = LINE('',#1385,#1386);
#1385 = CARTESIAN_POINT('',(10.674186273613,9.200000023082));
#1386 = VECTOR('',#1387,1.);
#1387 = DIRECTION('',(-1.,0.));
#1388 = ( GEOMETRIC_REPRESENTATION_CONTEXT(2) 
PARAMETRIC_REPRESENTATION_CONTEXT() REPRESENTATION_CONTEXT('2D SPACE',''
  ) );
#1389 = PCURVE('',#1390,#1395);
#1390 = CYLINDRICAL_SURFACE('',#1391,0.3);
#1391 = AXIS2_PLACEMENT_3D('',#1392,#1393,#1394);
#1392 = CARTESIAN_POINT('',(28.273544047667,9.2,1.808111842105));
#1393 = DIRECTION('',(-1.,0.,0.));
#1394 = DIRECTION('',(0.,1.,0.));
#1395 = DEFINITIONAL_REPRESENTATION('',(#1396),#1399);
#1396 = B_SPLINE_CURVE_WITH_KNOTS('',1,(#1397,#1398),.UNSPECIFIED.,.F.,
  .F.,(2,2),(0.,28.273544047667),.PIECEWISE_BEZIER_KNOTS.);
#1397 = CARTESIAN_POINT('',(4.712388980385,0.));
#1398 = CARTESIAN_POINT('',(4.712388980385,28.273544047667));
#1399 = ( GEOMETRIC_REPRESENTATION_CONTEXT(2) 
PARAMETRIC_REPRESENTATION_CONTEXT() REPRESENTATION_CONTEXT('2D SPACE',''
  ) );
#1400 = ORIENTED_EDGE('',*,*,#1401,.T.);
#1401 = EDGE_CURVE('',#1375,#1402,#1404,.T.);
#1402 = VERTEX_POINT('',#1403);
#1403 = CARTESIAN_POINT('',(2.375921073558,-9.2,2.108111842105));
#1404 = SURFACE_CURVE('',#1405,(#1410,#1417),.PCURVE_S1.);
#1405 = CIRCLE('',#1406,19.);
#1406 = AXIS2_PLACEMENT_3D('',#1407,#1408,#1409);
#1407 = CARTESIAN_POINT('',(18.99999999541,-3.174635872221E-27,
    2.108111842105));
#1408 = DIRECTION('',(0.,0.,1.));
#1409 = DIRECTION('',(1.,0.,0.));
#1410 = PCURVE('',#44,#1411);
#1411 = DEFINITIONAL_REPRESENTATION('',(#1412),#1416);
#1412 = CIRCLE('',#1413,19.);
#1413 = AXIS2_PLACEMENT_2D('',#1414,#1415);
#1414 = CARTESIAN_POINT('',(1.400642221357,2.308152390103E-08));
#1415 = DIRECTION('',(1.,0.));
#1416 = ( GEOMETRIC_REPRESENTATION_CONTEXT(2) 
PARAMETRIC_REPRESENTATION_CONTEXT() REPRESENTATION_CONTEXT('2D SPACE',''
  ) );
#1417 = PCURVE('',#1418,#1423);
#1418 = CYLINDRICAL_SURFACE('',#1419,19.);
#1419 = AXIS2_PLACEMENT_3D('',#1420,#1421,#1422);
#1420 = CARTESIAN_POINT('',(18.99999999541,-3.174635872221E-27,0.));
#1421 = DIRECTION('',(-0.,-0.,-1.));
#1422 = DIRECTION('',(1.,0.,0.));
#1423 = DEFINITIONAL_REPRESENTATION('',(#1424),#1428);
#1424 = LINE('',#1425,#1426);
#1425 = CARTESIAN_POINT('',(-0.,-2.108111842105));
#1426 = VECTOR('',#1427,1.);
#1427 = DIRECTION('',(-1.,0.));
#1428 = ( GEOMETRIC_REPRESENTATION_CONTEXT(2) 
PARAMETRIC_REPRESENTATION_CONTEXT() REPRESENTATION_CONTEXT('2D SPACE',''
  ) );
#1429 = ORIENTED_EDGE('',*,*,#1430,.T.);
#1430 = EDGE_CURVE('',#1402,#503,#1431,.T.);
#1431 = SURFACE_CURVE('',#1432,(#1436,#1443),.PCURVE_S1.);
#1432 = LINE('',#1433,#1434);
#1433 = CARTESIAN_POINT('',(0.,-9.2,2.108111842105));
#1434 = VECTOR('',#1435,1.);
#1435 = DIRECTION('',(1.,0.,0.));
#1436 = PCURVE('',#44,#1437);
#1437 = DEFINITIONAL_REPRESENTATION('',(#1438),#1442);
#1438 = LINE('',#1439,#1440);
#1439 = CARTESIAN_POINT('',(-17.59935777405,-9.199999976918));
#1440 = VECTOR('',#1441,1.);
#1441 = DIRECTION('',(1.,0.));
#1442 = ( GEOMETRIC_REPRESENTATION_CONTEXT(2) 
PARAMETRIC_REPRESENTATION_CONTEXT() REPRESENTATION_CONTEXT('2D SPACE',''
  ) );
#1443 = PCURVE('',#544,#1444);
#1444 = DEFINITIONAL_REPRESENTATION('',(#1445),#1448);
#1445 = B_SPLINE_CURVE_WITH_KNOTS('',1,(#1446,#1447),.UNSPECIFIED.,.F.,
  .F.,(2,2),(0.,28.273544047667),.PIECEWISE_BEZIER_KNOTS.);
#1446 = CARTESIAN_POINT('',(1.570796326795,0.));
#1447 = CARTESIAN_POINT('',(1.570796326795,28.273544047667));
#1448 = ( GEOMETRIC_REPRESENTATION_CONTEXT(2) 
PARAMETRIC_REPRESENTATION_CONTEXT() REPRESENTATION_CONTEXT('2D SPACE',''
  ) );
#1449 = ORIENTED_EDGE('',*,*,#569,.T.);
#1450 = ORIENTED_EDGE('',*,*,#21,.T.);
#1451 = ORIENTED_EDGE('',*,*,#1452,.T.);
#1452 = EDGE_CURVE('',#24,#1125,#1453,.T.);
#1453 = SURFACE_CURVE('',#1454,(#1459,#1470),.PCURVE_S1.);
#1454 = CIRCLE('',#1455,5.);
#1455 = AXIS2_PLACEMENT_3D('',#1456,#1457,#1458);
#1456 = CARTESIAN_POINT('',(36.,0.,2.108111842105));
#1457 = DIRECTION('',(0.,0.,-1.));
#1458 = DIRECTION('',(1.,0.,0.));
#1459 = PCURVE('',#44,#1460);
#1460 = DEFINITIONAL_REPRESENTATION('',(#1461),#1469);
#1461 = ( BOUNDED_CURVE() B_SPLINE_CURVE(2,(#1462,#1463,#1464,#1465,
#1466,#1467,#1468),.UNSPECIFIED.,.T.,.F.) B_SPLINE_CURVE_WITH_KNOTS((1,2
    ,2,2,2,1),(-2.094395102393,0.,2.094395102393,4.188790204786,
6.28318530718,8.377580409573),.UNSPECIFIED.) CURVE() 
GEOMETRIC_REPRESENTATION_ITEM() RATIONAL_B_SPLINE_CURVE((1.,0.5,1.,0.5,
1.,0.5,1.)) REPRESENTATION_ITEM('') );
#1462 = CARTESIAN_POINT('',(23.400642225946,2.308152390103E-08));
#1463 = CARTESIAN_POINT('',(23.400642225946,-8.660254014763));
#1464 = CARTESIAN_POINT('',(15.900642225946,-4.330126995841));
#1465 = CARTESIAN_POINT('',(8.400642225946,2.308152267639E-08));
#1466 = CARTESIAN_POINT('',(15.900642225946,4.330127042004));
#1467 = CARTESIAN_POINT('',(23.400642225946,8.660254060926));
#1468 = CARTESIAN_POINT('',(23.400642225946,2.308152390103E-08));
#1469 = ( GEOMETRIC_REPRESENTATION_CONTEXT(2) 
PARAMETRIC_REPRESENTATION_CONTEXT() REPRESENTATION_CONTEXT('2D SPACE',''
  ) );
#1470 = PCURVE('',#179,#1471);
#1471 = DEFINITIONAL_REPRESENTATION('',(#1472),#1476);
#1472 = LINE('',#1473,#1474);
#1473 = CARTESIAN_POINT('',(-6.28318530718,5.));
#1474 = VECTOR('',#1475,1.);
#1475 = DIRECTION('',(1.,-0.));
#1476 = ( GEOMETRIC_REPRESENTATION_CONTEXT(2) 
PARAMETRIC_REPRESENTATION_CONTEXT() REPRESENTATION_CONTEXT('2D SPACE',''
  ) );
#1477 = FACE_BOUND('',#1478,.T.);
#1478 = EDGE_LOOP('',(#1479,#1507,#1533,#1578,#1614,#1653,#1695,#1734,
    #1779,#1824,#1869,#1908,#1934,#1985,#2036,#2087,#2138,#2183,#2219,
    #2261,#2303,#2339));
#1479 = ORIENTED_EDGE('',*,*,#1480,.F.);
#1480 = EDGE_CURVE('',#1481,#1483,#1485,.T.);
#1481 = VERTEX_POINT('',#1482);
#1482 = CARTESIAN_POINT('',(3.25,-2.43949044586,2.108111842105));
#1483 = VERTEX_POINT('',#1484);
#1484 = CARTESIAN_POINT('',(3.413057324841,-2.43949044586,2.108111842105
    ));
#1485 = SURFACE_CURVE('',#1486,(#1490,#1496),.PCURVE_S1.);
#1486 = LINE('',#1487,#1488);
#1487 = CARTESIAN_POINT('',(10.506207549447,-2.43949044586,
    2.108111842105));
#1488 = VECTOR('',#1489,1.);
#1489 = DIRECTION('',(1.,2.22044604925E-16,0.));
#1490 = PCURVE('',#44,#1491);
#1491 = DEFINITIONAL_REPRESENTATION('',(#1492),#1495);
#1492 = B_SPLINE_CURVE_WITH_KNOTS('',1,(#1493,#1494),.UNSPECIFIED.,.F.,
  .F.,(2,2),(-7.256207549447,-7.093150224606),.PIECEWISE_BEZIER_KNOTS.);
#1493 = CARTESIAN_POINT('',(-14.34935777405,-2.439490422778));
#1494 = CARTESIAN_POINT('',(-14.18630044921,-2.439490422778));
#1495 = ( GEOMETRIC_REPRESENTATION_CONTEXT(2) 
PARAMETRIC_REPRESENTATION_CONTEXT() REPRESENTATION_CONTEXT('2D SPACE',''
  ) );
#1496 = PCURVE('',#1497,#1502);
#1497 = PLANE('',#1498);
#1498 = AXIS2_PLACEMENT_3D('',#1499,#1500,#1501);
#1499 = CARTESIAN_POINT('',(3.413057324841,-2.43949044586,2.008111842105
    ));
#1500 = DIRECTION('',(2.22044604925E-16,-1.,0.));
#1501 = DIRECTION('',(-1.,-2.22044604925E-16,0.));
#1502 = DEFINITIONAL_REPRESENTATION('',(#1503),#1506);
#1503 = B_SPLINE_CURVE_WITH_KNOTS('',1,(#1504,#1505),.UNSPECIFIED.,.F.,
  .F.,(2,2),(-7.256207549447,-7.093150224606),.PIECEWISE_BEZIER_KNOTS.);
#1504 = CARTESIAN_POINT('',(0.163057324841,-0.1));
#1505 = CARTESIAN_POINT('',(0.,-0.1));
#1506 = ( GEOMETRIC_REPRESENTATION_CONTEXT(2) 
PARAMETRIC_REPRESENTATION_CONTEXT() REPRESENTATION_CONTEXT('2D SPACE',''
  ) );
#1507 = ORIENTED_EDGE('',*,*,#1508,.F.);
#1508 = EDGE_CURVE('',#1509,#1481,#1511,.T.);
#1509 = VERTEX_POINT('',#1510);
#1510 = CARTESIAN_POINT('',(3.25,-1.513375796178,2.108111842105));
#1511 = SURFACE_CURVE('',#1512,(#1516,#1522),.PCURVE_S1.);
#1512 = LINE('',#1513,#1514);
#1513 = CARTESIAN_POINT('',(3.25,-1.219745234471,2.108111842105));
#1514 = VECTOR('',#1515,1.);
#1515 = DIRECTION('',(2.22044604925E-16,-1.,0.));
#1516 = PCURVE('',#44,#1517);
#1517 = DEFINITIONAL_REPRESENTATION('',(#1518),#1521);
#1518 = B_SPLINE_CURVE_WITH_KNOTS('',1,(#1519,#1520),.UNSPECIFIED.,.F.,
  .F.,(2,2),(0.293630561708,1.219745211389),.PIECEWISE_BEZIER_KNOTS.);
#1519 = CARTESIAN_POINT('',(-14.34935777405,-1.513375773097));
#1520 = CARTESIAN_POINT('',(-14.34935777405,-2.439490422778));
#1521 = ( GEOMETRIC_REPRESENTATION_CONTEXT(2) 
PARAMETRIC_REPRESENTATION_CONTEXT() REPRESENTATION_CONTEXT('2D SPACE',''
  ) );
#1522 = PCURVE('',#1523,#1528);
#1523 = PLANE('',#1524);
#1524 = AXIS2_PLACEMENT_3D('',#1525,#1526,#1527);
#1525 = CARTESIAN_POINT('',(3.25,-2.43949044586,2.008111842105));
#1526 = DIRECTION('',(-1.,-2.22044604925E-16,0.));
#1527 = DIRECTION('',(-2.22044604925E-16,1.,0.));
#1528 = DEFINITIONAL_REPRESENTATION('',(#1529),#1532);
#1529 = B_SPLINE_CURVE_WITH_KNOTS('',1,(#1530,#1531),.UNSPECIFIED.,.F.,
  .F.,(2,2),(0.293630561708,1.219745211389),.PIECEWISE_BEZIER_KNOTS.);
#1530 = CARTESIAN_POINT('',(0.926114649682,-0.1));
#1531 = CARTESIAN_POINT('',(0.,-0.1));
#1532 = ( GEOMETRIC_REPRESENTATION_CONTEXT(2) 
PARAMETRIC_REPRESENTATION_CONTEXT() REPRESENTATION_CONTEXT('2D SPACE',''
  ) );
#1533 = ORIENTED_EDGE('',*,*,#1534,.F.);
#1534 = EDGE_CURVE('',#1535,#1509,#1537,.T.);
#1535 = VERTEX_POINT('',#1536);
#1536 = CARTESIAN_POINT('',(3.370382165605,-1.533757961783,
    2.108111842105));
#1537 = SURFACE_CURVE('',#1538,(#1547,#1559),.PCURVE_S1.);
#1538 = B_SPLINE_CURVE_WITH_KNOTS('',4,(#1539,#1540,#1541,#1542,#1543,
    #1544,#1545,#1546),.UNSPECIFIED.,.F.,.F.,(5,3,5),(0.,0.461993129153,
    1.),.UNSPECIFIED.);
#1539 = CARTESIAN_POINT('',(3.370382165605,-1.533757961783,
    2.108111842105));
#1540 = CARTESIAN_POINT('',(3.356995282719,-1.528609161272,
    2.108111842105));
#1541 = CARTESIAN_POINT('',(3.343447561183,-1.52432021338,2.108111842105
    ));
#1542 = CARTESIAN_POINT('',(3.329740013008,-1.520892218459,
    2.108111842105));
#1543 = CARTESIAN_POINT('',(3.299726154419,-1.515336243448,
    2.108111842105));
#1544 = CARTESIAN_POINT('',(3.283363342231,-1.513514961643,
    2.108111842105));
#1545 = CARTESIAN_POINT('',(3.266787240689,-1.512861901702,
    2.108111842105));
#1546 = CARTESIAN_POINT('',(3.25,-1.513375796178,2.108111842105));
#1547 = PCURVE('',#44,#1548);
#1548 = DEFINITIONAL_REPRESENTATION('',(#1549),#1558);
#1549 = B_SPLINE_CURVE_WITH_KNOTS('',4,(#1550,#1551,#1552,#1553,#1554,
    #1555,#1556,#1557),.UNSPECIFIED.,.F.,.F.,(5,3,5),(0.,0.461993129153,
    1.),.UNSPECIFIED.);
#1550 = CARTESIAN_POINT('',(-14.22897560844,-1.533757938702));
#1551 = CARTESIAN_POINT('',(-14.24236249133,-1.52860913819));
#1552 = CARTESIAN_POINT('',(-14.25591021287,-1.524320190299));
#1553 = CARTESIAN_POINT('',(-14.26961776104,-1.520892195378));
#1554 = CARTESIAN_POINT('',(-14.29963161963,-1.515336220366));
#1555 = CARTESIAN_POINT('',(-14.31599443182,-1.513514938562));
#1556 = CARTESIAN_POINT('',(-14.33257053336,-1.512861878621));
#1557 = CARTESIAN_POINT('',(-14.34935777405,-1.513375773097));
#1558 = ( GEOMETRIC_REPRESENTATION_CONTEXT(2) 
PARAMETRIC_REPRESENTATION_CONTEXT() REPRESENTATION_CONTEXT('2D SPACE',''
  ) );
#1559 = PCURVE('',#1560,#1567);
#1560 = SURFACE_OF_LINEAR_EXTRUSION('',#1561,#1565);
#1561 = B_SPLINE_CURVE_WITH_KNOTS('',2,(#1562,#1563,#1564),
  .UNSPECIFIED.,.F.,.F.,(3,3),(0.,1.),.PIECEWISE_BEZIER_KNOTS.);
#1562 = CARTESIAN_POINT('',(3.25,-1.513375796178,2.008111842105));
#1563 = CARTESIAN_POINT('',(3.312420382166,-1.511464968153,
    2.008111842105));
#1564 = CARTESIAN_POINT('',(3.370382165605,-1.533757961783,
    2.008111842105));
#1565 = VECTOR('',#1566,1.);
#1566 = DIRECTION('',(-0.,-0.,-1.));
#1567 = DEFINITIONAL_REPRESENTATION('',(#1568),#1577);
#1568 = B_SPLINE_CURVE_WITH_KNOTS('',4,(#1569,#1570,#1571,#1572,#1573,
    #1574,#1575,#1576),.UNSPECIFIED.,.F.,.F.,(5,3,5),(0.,0.461993129153,
    1.),.UNSPECIFIED.);
#1569 = CARTESIAN_POINT('',(1.,-0.1));
#1570 = CARTESIAN_POINT('',(0.88451974742,-0.1));
#1571 = CARTESIAN_POINT('',(0.769019800866,-0.1));
#1572 = CARTESIAN_POINT('',(0.653509945578,-0.1));
#1573 = CARTESIAN_POINT('',(0.403484699987,-0.1));
#1574 = CARTESIAN_POINT('',(0.268969271667,-0.1));
#1575 = CARTESIAN_POINT('',(0.134469224848,-1.E-01));
#1576 = CARTESIAN_POINT('',(0.,-1.E-01));
#1577 = ( GEOMETRIC_REPRESENTATION_CONTEXT(2) 
PARAMETRIC_REPRESENTATION_CONTEXT() REPRESENTATION_CONTEXT('2D SPACE',''
  ) );
#1578 = ORIENTED_EDGE('',*,*,#1579,.F.);
#1579 = EDGE_CURVE('',#1580,#1535,#1582,.T.);
#1580 = VERTEX_POINT('',#1581);
#1581 = CARTESIAN_POINT('',(3.558280254777,-1.646496815287,
    2.108111842105));
#1582 = SURFACE_CURVE('',#1583,(#1589,#1598),.PCURVE_S1.);
#1583 = B_SPLINE_CURVE_WITH_KNOTS('',4,(#1584,#1585,#1586,#1587,#1588),
  .UNSPECIFIED.,.F.,.F.,(5,5),(0.,1.),.PIECEWISE_BEZIER_KNOTS.);
#1584 = CARTESIAN_POINT('',(3.558280254777,-1.646496815287,
    2.108111842105));
#1585 = CARTESIAN_POINT('',(3.512313001667,-1.607820921824,
    2.108111842105));
#1586 = CARTESIAN_POINT('',(3.465645485938,-1.576045742721,
    2.108111842105));
#1587 = CARTESIAN_POINT('',(3.418317674827,-1.551334317365,
    2.108111842105));
#1588 = CARTESIAN_POINT('',(3.370382165605,-1.533757961783,
    2.108111842105));
#1589 = PCURVE('',#44,#1590);
#1590 = DEFINITIONAL_REPRESENTATION('',(#1591),#1597);
#1591 = B_SPLINE_CURVE_WITH_KNOTS('',4,(#1592,#1593,#1594,#1595,#1596),
  .UNSPECIFIED.,.F.,.F.,(5,5),(0.,1.),.PIECEWISE_BEZIER_KNOTS.);
#1592 = CARTESIAN_POINT('',(-14.04107751927,-1.646496792205));
#1593 = CARTESIAN_POINT('',(-14.08704477238,-1.607820898742));
#1594 = CARTESIAN_POINT('',(-14.13371228811,-1.576045719639));
#1595 = CARTESIAN_POINT('',(-14.18104009922,-1.551334294283));
#1596 = CARTESIAN_POINT('',(-14.22897560844,-1.533757938702));
#1597 = ( GEOMETRIC_REPRESENTATION_CONTEXT(2) 
PARAMETRIC_REPRESENTATION_CONTEXT() REPRESENTATION_CONTEXT('2D SPACE',''
  ) );
#1598 = PCURVE('',#1599,#1606);
#1599 = SURFACE_OF_LINEAR_EXTRUSION('',#1600,#1604);
#1600 = B_SPLINE_CURVE_WITH_KNOTS('',2,(#1601,#1602,#1603),
  .UNSPECIFIED.,.F.,.F.,(3,3),(0.,1.),.PIECEWISE_BEZIER_KNOTS.);
#1601 = CARTESIAN_POINT('',(3.370382165605,-1.533757961783,
    2.008111842105));
#1602 = CARTESIAN_POINT('',(3.465923566879,-1.568789808917,
    2.008111842105));
#1603 = CARTESIAN_POINT('',(3.558280254777,-1.646496815287,
    2.008111842105));
#1604 = VECTOR('',#1605,1.);
#1605 = DIRECTION('',(-0.,-0.,-1.));
#1606 = DEFINITIONAL_REPRESENTATION('',(#1607),#1613);
#1607 = B_SPLINE_CURVE_WITH_KNOTS('',4,(#1608,#1609,#1610,#1611,#1612),
  .UNSPECIFIED.,.F.,.F.,(5,5),(0.,1.),.PIECEWISE_BEZIER_KNOTS.);
#1608 = CARTESIAN_POINT('',(1.,-0.1));
#1609 = CARTESIAN_POINT('',(0.751142802986,-0.1));
#1610 = CARTESIAN_POINT('',(0.501341779476,-0.1));
#1611 = CARTESIAN_POINT('',(0.250862499099,-1.E-01));
#1612 = CARTESIAN_POINT('',(0.,-1.E-01));
#1613 = ( GEOMETRIC_REPRESENTATION_CONTEXT(2) 
PARAMETRIC_REPRESENTATION_CONTEXT() REPRESENTATION_CONTEXT('2D SPACE',''
  ) );
#1614 = ORIENTED_EDGE('',*,*,#1615,.F.);
#1615 = EDGE_CURVE('',#1616,#1580,#1618,.T.);
#1616 = VERTEX_POINT('',#1617);
#1617 = CARTESIAN_POINT('',(3.772929936306,-1.871974522293,
    2.108111842105));
#1618 = SURFACE_CURVE('',#1619,(#1626,#1636),.PCURVE_S1.);
#1619 = B_SPLINE_CURVE_WITH_KNOTS('',5,(#1620,#1621,#1622,#1623,#1624,
    #1625),.UNSPECIFIED.,.F.,.F.,(6,6),(0.,1.),
  .PIECEWISE_BEZIER_KNOTS.);
#1620 = CARTESIAN_POINT('',(3.772929936306,-1.871974522293,
    2.108111842105));
#1621 = CARTESIAN_POINT('',(3.725279841634,-1.814345351539,
    2.108111842105));
#1622 = CARTESIAN_POINT('',(3.679823457484,-1.762641311166,
    2.108111842105));
#1623 = CARTESIAN_POINT('',(3.63672885359,-1.717217786996,2.108111842105
    ));
#1624 = CARTESIAN_POINT('',(3.596164635459,-1.678413110419,
    2.108111842105));
#1625 = CARTESIAN_POINT('',(3.558280254777,-1.646496815287,
    2.108111842105));
#1626 = PCURVE('',#44,#1627);
#1627 = DEFINITIONAL_REPRESENTATION('',(#1628),#1635);
#1628 = B_SPLINE_CURVE_WITH_KNOTS('',5,(#1629,#1630,#1631,#1632,#1633,
    #1634),.UNSPECIFIED.,.F.,.F.,(6,6),(0.,1.),
  .PIECEWISE_BEZIER_KNOTS.);
#1629 = CARTESIAN_POINT('',(-13.82642783774,-1.871974499211));
#1630 = CARTESIAN_POINT('',(-13.87407793242,-1.814345328458));
#1631 = CARTESIAN_POINT('',(-13.91953431657,-1.762641288084));
#1632 = CARTESIAN_POINT('',(-13.96262892046,-1.717217763914));
#1633 = CARTESIAN_POINT('',(-14.00319313859,-1.678413087338));
#1634 = CARTESIAN_POINT('',(-14.04107751927,-1.646496792205));
#1635 = ( GEOMETRIC_REPRESENTATION_CONTEXT(2) 
PARAMETRIC_REPRESENTATION_CONTEXT() REPRESENTATION_CONTEXT('2D SPACE',''
  ) );
#1636 = PCURVE('',#1637,#1644);
#1637 = SURFACE_OF_LINEAR_EXTRUSION('',#1638,#1642);
#1638 = B_SPLINE_CURVE_WITH_KNOTS('',2,(#1639,#1640,#1641),
  .UNSPECIFIED.,.F.,.F.,(3,3),(0.,1.),.PIECEWISE_BEZIER_KNOTS.);
#1639 = CARTESIAN_POINT('',(3.558280254777,-1.646496815287,
    2.008111842105));
#1640 = CARTESIAN_POINT('',(3.65127388535,-1.724840764331,2.008111842105
    ));
#1641 = CARTESIAN_POINT('',(3.772929936306,-1.871974522293,
    2.008111842105));
#1642 = VECTOR('',#1643,1.);
#1643 = DIRECTION('',(-0.,-0.,-1.));
#1644 = DEFINITIONAL_REPRESENTATION('',(#1645),#1652);
#1645 = B_SPLINE_CURVE_WITH_KNOTS('',5,(#1646,#1647,#1648,#1649,#1650,
    #1651),.UNSPECIFIED.,.F.,.F.,(6,6),(0.,1.),
  .PIECEWISE_BEZIER_KNOTS.);
#1646 = CARTESIAN_POINT('',(1.,-0.1));
#1647 = CARTESIAN_POINT('',(0.804160601052,-0.1));
#1648 = CARTESIAN_POINT('',(0.606042060838,-1.E-01));
#1649 = CARTESIAN_POINT('',(0.405810014829,-0.1));
#1650 = CARTESIAN_POINT('',(0.2036934104,-1.E-01));
#1651 = CARTESIAN_POINT('',(0.,-1.E-01));
#1652 = ( GEOMETRIC_REPRESENTATION_CONTEXT(2) 
PARAMETRIC_REPRESENTATION_CONTEXT() REPRESENTATION_CONTEXT('2D SPACE',''
  ) );
#1653 = ORIENTED_EDGE('',*,*,#1654,.F.);
#1654 = EDGE_CURVE('',#1655,#1616,#1657,.T.);
#1655 = VERTEX_POINT('',#1656);
#1656 = CARTESIAN_POINT('',(4.075477707006,-2.18025477707,2.108111842105
    ));
#1657 = SURFACE_CURVE('',#1658,(#1666,#1677),.PCURVE_S1.);
#1658 = B_SPLINE_CURVE_WITH_KNOTS('',6,(#1659,#1660,#1661,#1662,#1663,
    #1664,#1665),.UNSPECIFIED.,.F.,.F.,(7,7),(0.,1.),
  .PIECEWISE_BEZIER_KNOTS.);
#1659 = CARTESIAN_POINT('',(4.075477707006,-2.18025477707,2.108111842105
    ));
#1660 = CARTESIAN_POINT('',(4.036316873092,-2.152058973474,
    2.108111842105));
#1661 = CARTESIAN_POINT('',(3.991899671254,-2.113380178493,
    2.108111842105));
#1662 = CARTESIAN_POINT('',(3.942762324644,-2.06501560176,2.108111842105
    ));
#1663 = CARTESIAN_POINT('',(3.889524189429,-2.008007400916,
    2.108111842105));
#1664 = CARTESIAN_POINT('',(3.832755069963,-1.943365846806,
    2.108111842105));
#1665 = CARTESIAN_POINT('',(3.772929936306,-1.871974522293,
    2.108111842105));
#1666 = PCURVE('',#44,#1667);
#1667 = DEFINITIONAL_REPRESENTATION('',(#1668),#1676);
#1668 = B_SPLINE_CURVE_WITH_KNOTS('',6,(#1669,#1670,#1671,#1672,#1673,
    #1674,#1675),.UNSPECIFIED.,.F.,.F.,(7,7),(0.,1.),
  .PIECEWISE_BEZIER_KNOTS.);
#1669 = CARTESIAN_POINT('',(-13.52388006704,-2.180254753989));
#1670 = CARTESIAN_POINT('',(-13.56304090096,-2.152058950393));
#1671 = CARTESIAN_POINT('',(-13.60745810279,-2.113380155412));
#1672 = CARTESIAN_POINT('',(-13.65659544941,-2.065015578678));
#1673 = CARTESIAN_POINT('',(-13.70983358462,-2.008007377834));
#1674 = CARTESIAN_POINT('',(-13.76660270409,-1.943365823724));
#1675 = CARTESIAN_POINT('',(-13.82642783774,-1.871974499211));
#1676 = ( GEOMETRIC_REPRESENTATION_CONTEXT(2) 
PARAMETRIC_REPRESENTATION_CONTEXT() REPRESENTATION_CONTEXT('2D SPACE',''
  ) );
#1677 = PCURVE('',#1678,#1685);
#1678 = SURFACE_OF_LINEAR_EXTRUSION('',#1679,#1683);
#1679 = B_SPLINE_CURVE_WITH_KNOTS('',2,(#1680,#1681,#1682),
  .UNSPECIFIED.,.F.,.F.,(3,3),(0.,1.),.PIECEWISE_BEZIER_KNOTS.);
#1680 = CARTESIAN_POINT('',(3.772929936306,-1.871974522293,
    2.008111842105));
#1681 = CARTESIAN_POINT('',(3.964012738854,-2.1,2.008111842105));
#1682 = CARTESIAN_POINT('',(4.075477707006,-2.18025477707,2.008111842105
    ));
#1683 = VECTOR('',#1684,1.);
#1684 = DIRECTION('',(-0.,-0.,-1.));
#1685 = DEFINITIONAL_REPRESENTATION('',(#1686),#1694);
#1686 = B_SPLINE_CURVE_WITH_KNOTS('',6,(#1687,#1688,#1689,#1690,#1691,
    #1692,#1693),.UNSPECIFIED.,.F.,.F.,(7,7),(0.,1.),
  .PIECEWISE_BEZIER_KNOTS.);
#1687 = CARTESIAN_POINT('',(1.,-0.1));
#1688 = CARTESIAN_POINT('',(0.824335700419,-0.1));
#1689 = CARTESIAN_POINT('',(0.651542781255,-0.1));
#1690 = CARTESIAN_POINT('',(0.482403164648,-1.E-01));
#1691 = CARTESIAN_POINT('',(0.317340811429,-0.1));
#1692 = CARTESIAN_POINT('',(0.156542439593,-1.E-01));
#1693 = CARTESIAN_POINT('',(0.,-1.E-01));
#1694 = ( GEOMETRIC_REPRESENTATION_CONTEXT(2) 
PARAMETRIC_REPRESENTATION_CONTEXT() REPRESENTATION_CONTEXT('2D SPACE',''
  ) );
#1695 = ORIENTED_EDGE('',*,*,#1696,.F.);
#1696 = EDGE_CURVE('',#1697,#1655,#1699,.T.);
#1697 = VERTEX_POINT('',#1698);
#1698 = CARTESIAN_POINT('',(4.286305732484,-2.26050955414,2.108111842105
    ));
#1699 = SURFACE_CURVE('',#1700,(#1707,#1717),.PCURVE_S1.);
#1700 = B_SPLINE_CURVE_WITH_KNOTS('',5,(#1701,#1702,#1703,#1704,#1705,
    #1706),.UNSPECIFIED.,.F.,.F.,(6,6),(0.,1.),
  .PIECEWISE_BEZIER_KNOTS.);
#1701 = CARTESIAN_POINT('',(4.286305732484,-2.26050955414,2.108111842105
    ));
#1702 = CARTESIAN_POINT('',(4.246302165447,-2.260509550909,
    2.108111842105));
#1703 = CARTESIAN_POINT('',(4.205118342857,-2.252379416098,
    2.108111842105));
#1704 = CARTESIAN_POINT('',(4.162847846081,-2.236156249139,
    2.108111842105));
#1705 = CARTESIAN_POINT('',(4.119596619302,-2.212020391091,
    2.108111842105));
#1706 = CARTESIAN_POINT('',(4.075477707006,-2.18025477707,2.108111842105
    ));
#1707 = PCURVE('',#44,#1708);
#1708 = DEFINITIONAL_REPRESENTATION('',(#1709),#1716);
#1709 = B_SPLINE_CURVE_WITH_KNOTS('',5,(#1710,#1711,#1712,#1713,#1714,
    #1715),.UNSPECIFIED.,.F.,.F.,(6,6),(0.,1.),
  .PIECEWISE_BEZIER_KNOTS.);
#1710 = CARTESIAN_POINT('',(-13.31305204157,-2.260509531059));
#1711 = CARTESIAN_POINT('',(-13.3530556086,-2.260509527828));
#1712 = CARTESIAN_POINT('',(-13.39423943119,-2.252379393017));
#1713 = CARTESIAN_POINT('',(-13.43650992797,-2.236156226057));
#1714 = CARTESIAN_POINT('',(-13.47976115475,-2.212020368009));
#1715 = CARTESIAN_POINT('',(-13.52388006704,-2.180254753989));
#1716 = ( GEOMETRIC_REPRESENTATION_CONTEXT(2) 
PARAMETRIC_REPRESENTATION_CONTEXT() REPRESENTATION_CONTEXT('2D SPACE',''
  ) );
#1717 = PCURVE('',#1718,#1725);
#1718 = SURFACE_OF_LINEAR_EXTRUSION('',#1719,#1723);
#1719 = B_SPLINE_CURVE_WITH_KNOTS('',2,(#1720,#1721,#1722),
  .UNSPECIFIED.,.F.,.F.,(3,3),(0.,1.),.PIECEWISE_BEZIER_KNOTS.);
#1720 = CARTESIAN_POINT('',(4.075477707006,-2.18025477707,2.008111842105
    ));
#1721 = CARTESIAN_POINT('',(4.186942675159,-2.26050955414,2.008111842105
    ));
#1722 = CARTESIAN_POINT('',(4.286305732484,-2.26050955414,2.008111842105
    ));
#1723 = VECTOR('',#1724,1.);
#1724 = DIRECTION('',(-0.,-0.,-1.));
#1725 = DEFINITIONAL_REPRESENTATION('',(#1726),#1733);
#1726 = B_SPLINE_CURVE_WITH_KNOTS('',5,(#1727,#1728,#1729,#1730,#1731,
    #1732),.UNSPECIFIED.,.F.,.F.,(6,6),(0.,1.),
  .PIECEWISE_BEZIER_KNOTS.);
#1727 = CARTESIAN_POINT('',(1.,-0.1));
#1728 = CARTESIAN_POINT('',(0.798700001655,-0.1));
#1729 = CARTESIAN_POINT('',(0.597630051936,-1.E-01));
#1730 = CARTESIAN_POINT('',(0.397232905984,-0.1));
#1731 = CARTESIAN_POINT('',(0.197904837302,-1.E-01));
#1732 = CARTESIAN_POINT('',(0.,-1.E-01));
#1733 = ( GEOMETRIC_REPRESENTATION_CONTEXT(2) 
PARAMETRIC_REPRESENTATION_CONTEXT() REPRESENTATION_CONTEXT('2D SPACE',''
  ) );
#1734 = ORIENTED_EDGE('',*,*,#1735,.F.);
#1735 = EDGE_CURVE('',#1736,#1697,#1738,.T.);
#1736 = VERTEX_POINT('',#1737);
#1737 = CARTESIAN_POINT('',(4.462101910828,-2.187261146497,
    2.108111842105));
#1738 = SURFACE_CURVE('',#1739,(#1748,#1760),.PCURVE_S1.);
#1739 = B_SPLINE_CURVE_WITH_KNOTS('',4,(#1740,#1741,#1742,#1743,#1744,
    #1745,#1746,#1747),.UNSPECIFIED.,.F.,.F.,(5,3,5),(0.,0.46392774582,
    1.),.UNSPECIFIED.);
#1740 = CARTESIAN_POINT('',(4.462101910828,-2.187261146497,
    2.108111842105));
#1741 = CARTESIAN_POINT('',(4.445581157062,-2.204224417969,
    2.108111842105));
#1742 = CARTESIAN_POINT('',(4.427846758127,-2.218598970464,
    2.108111842105));
#1743 = CARTESIAN_POINT('',(4.408903602837,-2.230348816401,
    2.108111842105));
#1744 = CARTESIAN_POINT('',(4.365505058547,-2.250000073087,
    2.108111842105));
#1745 = CARTESIAN_POINT('',(4.340650458818,-2.25701889952,2.108111842105
    ));
#1746 = CARTESIAN_POINT('',(4.314234241842,-2.260509552182,
    2.108111842105));
#1747 = CARTESIAN_POINT('',(4.286305732484,-2.26050955414,2.108111842105
    ));
#1748 = PCURVE('',#44,#1749);
#1749 = DEFINITIONAL_REPRESENTATION('',(#1750),#1759);
#1750 = B_SPLINE_CURVE_WITH_KNOTS('',4,(#1751,#1752,#1753,#1754,#1755,
    #1756,#1757,#1758),.UNSPECIFIED.,.F.,.F.,(5,3,5),(0.,0.46392774582,
    1.),.UNSPECIFIED.);
#1751 = CARTESIAN_POINT('',(-13.13725586322,-2.187261123415));
#1752 = CARTESIAN_POINT('',(-13.15377661699,-2.204224394888));
#1753 = CARTESIAN_POINT('',(-13.17151101592,-2.218598947382));
#1754 = CARTESIAN_POINT('',(-13.19045417121,-2.23034879332));
#1755 = CARTESIAN_POINT('',(-13.2338527155,-2.250000050005));
#1756 = CARTESIAN_POINT('',(-13.25870731523,-2.257018876438));
#1757 = CARTESIAN_POINT('',(-13.28512353221,-2.2605095291));
#1758 = CARTESIAN_POINT('',(-13.31305204157,-2.260509531059));
#1759 = ( GEOMETRIC_REPRESENTATION_CONTEXT(2) 
PARAMETRIC_REPRESENTATION_CONTEXT() REPRESENTATION_CONTEXT('2D SPACE',''
  ) );
#1760 = PCURVE('',#1761,#1768);
#1761 = SURFACE_OF_LINEAR_EXTRUSION('',#1762,#1766);
#1762 = B_SPLINE_CURVE_WITH_KNOTS('',2,(#1763,#1764,#1765),
  .UNSPECIFIED.,.F.,.F.,(3,3),(0.,1.),.PIECEWISE_BEZIER_KNOTS.);
#1763 = CARTESIAN_POINT('',(4.286305732484,-2.26050955414,2.008111842105
    ));
#1764 = CARTESIAN_POINT('',(4.39076433121,-2.26050955414,2.008111842105)
  );
#1765 = CARTESIAN_POINT('',(4.462101910828,-2.187261146497,
    2.008111842105));
#1766 = VECTOR('',#1767,1.);
#1767 = DIRECTION('',(-0.,-0.,-1.));
#1768 = DEFINITIONAL_REPRESENTATION('',(#1769),#1778);
#1769 = B_SPLINE_CURVE_WITH_KNOTS('',4,(#1770,#1771,#1772,#1773,#1774,
    #1775,#1776,#1777),.UNSPECIFIED.,.F.,.F.,(5,3,5),(0.,0.46392774582,
    1.),.UNSPECIFIED.);
#1770 = CARTESIAN_POINT('',(1.,-0.1));
#1771 = CARTESIAN_POINT('',(0.884207222283,-0.1));
#1772 = CARTESIAN_POINT('',(0.768208171558,-0.1));
#1773 = CARTESIAN_POINT('',(0.652104138951,-0.1));
#1774 = CARTESIAN_POINT('',(0.401840730485,-0.1));
#1775 = CARTESIAN_POINT('',(0.267680736555,-0.1));
#1776 = CARTESIAN_POINT('',(0.13368219842,-1.E-01));
#1777 = CARTESIAN_POINT('',(0.,-1.E-01));
#1778 = ( GEOMETRIC_REPRESENTATION_CONTEXT(2) 
PARAMETRIC_REPRESENTATION_CONTEXT() REPRESENTATION_CONTEXT('2D SPACE',''
  ) );
#1779 = ORIENTED_EDGE('',*,*,#1780,.F.);
#1780 = EDGE_CURVE('',#1781,#1736,#1783,.T.);
#1781 = VERTEX_POINT('',#1782);
#1782 = CARTESIAN_POINT('',(4.534076433121,-1.996815286624,
    2.108111842105));
#1783 = SURFACE_CURVE('',#1784,(#1793,#1805),.PCURVE_S1.);
#1784 = B_SPLINE_CURVE_WITH_KNOTS('',4,(#1785,#1786,#1787,#1788,#1789,
    #1790,#1791,#1792),.UNSPECIFIED.,.F.,.F.,(5,3,5),(0.,0.738422832005,
    1.),.UNSPECIFIED.);
#1785 = CARTESIAN_POINT('',(4.534076433121,-1.996815286624,
    2.108111842105));
#1786 = CARTESIAN_POINT('',(4.534076430478,-2.040079502081,
    2.108111842105));
#1787 = CARTESIAN_POINT('',(4.527608435954,-2.079494168007,
    2.108111842105));
#1788 = CARTESIAN_POINT('',(4.514525397648,-2.114864515273,
    2.108111842105));
#1789 = CARTESIAN_POINT('',(4.487915364216,-2.157176236179,
    2.108111842105));
#1790 = CARTESIAN_POINT('',(4.480130830764,-2.167726293913,
    2.108111842105));
#1791 = CARTESIAN_POINT('',(4.471524567833,-2.177755101604,
    2.108111842105));
#1792 = CARTESIAN_POINT('',(4.462101910828,-2.187261146497,
    2.108111842105));
#1793 = PCURVE('',#44,#1794);
#1794 = DEFINITIONAL_REPRESENTATION('',(#1795),#1804);
#1795 = B_SPLINE_CURVE_WITH_KNOTS('',4,(#1796,#1797,#1798,#1799,#1800,
    #1801,#1802,#1803),.UNSPECIFIED.,.F.,.F.,(5,3,5),(0.,0.738422832005,
    1.),.UNSPECIFIED.);
#1796 = CARTESIAN_POINT('',(-13.06528134093,-1.996815263543));
#1797 = CARTESIAN_POINT('',(-13.06528134357,-2.040079479));
#1798 = CARTESIAN_POINT('',(-13.0717493381,-2.079494144925));
#1799 = CARTESIAN_POINT('',(-13.0848323764,-2.114864492191));
#1800 = CARTESIAN_POINT('',(-13.11144240983,-2.157176213097));
#1801 = CARTESIAN_POINT('',(-13.11922694329,-2.167726270832));
#1802 = CARTESIAN_POINT('',(-13.12783320622,-2.177755078523));
#1803 = CARTESIAN_POINT('',(-13.13725586322,-2.187261123415));
#1804 = ( GEOMETRIC_REPRESENTATION_CONTEXT(2) 
PARAMETRIC_REPRESENTATION_CONTEXT() REPRESENTATION_CONTEXT('2D SPACE',''
  ) );
#1805 = PCURVE('',#1806,#1813);
#1806 = SURFACE_OF_LINEAR_EXTRUSION('',#1807,#1811);
#1807 = B_SPLINE_CURVE_WITH_KNOTS('',2,(#1808,#1809,#1810),
  .UNSPECIFIED.,.F.,.F.,(3,3),(0.,1.),.PIECEWISE_BEZIER_KNOTS.);
#1808 = CARTESIAN_POINT('',(4.462101910828,-2.187261146497,
    2.008111842105));
#1809 = CARTESIAN_POINT('',(4.534076433121,-2.114649681529,
    2.008111842105));
#1810 = CARTESIAN_POINT('',(4.534076433121,-1.996815286624,
    2.008111842105));
#1811 = VECTOR('',#1812,1.);
#1812 = DIRECTION('',(-0.,-0.,-1.));
#1813 = DEFINITIONAL_REPRESENTATION('',(#1814),#1823);
#1814 = B_SPLINE_CURVE_WITH_KNOTS('',4,(#1815,#1816,#1817,#1818,#1819,
    #1820,#1821,#1822),.UNSPECIFIED.,.F.,.F.,(5,3,5),(0.,0.738422832005,
    1.),.UNSPECIFIED.);
#1815 = CARTESIAN_POINT('',(1.,-0.1));
#1816 = CARTESIAN_POINT('',(0.816419403042,-0.1));
#1817 = CARTESIAN_POINT('',(0.63192901243,-0.1));
#1818 = CARTESIAN_POINT('',(0.44696322462,-0.1));
#1819 = CARTESIAN_POINT('',(0.196479062155,-0.1));
#1820 = CARTESIAN_POINT('',(0.130958189479,-0.1));
#1821 = CARTESIAN_POINT('',(6.545828750795E-02,-1.E-01));
#1822 = CARTESIAN_POINT('',(0.,-1.E-01));
#1823 = ( GEOMETRIC_REPRESENTATION_CONTEXT(2) 
PARAMETRIC_REPRESENTATION_CONTEXT() REPRESENTATION_CONTEXT('2D SPACE',''
  ) );
#1824 = ORIENTED_EDGE('',*,*,#1825,.F.);
#1825 = EDGE_CURVE('',#1826,#1781,#1828,.T.);
#1826 = VERTEX_POINT('',#1827);
#1827 = CARTESIAN_POINT('',(4.452547770701,-1.798089171975,
    2.108111842105));
#1828 = SURFACE_CURVE('',#1829,(#1838,#1850),.PCURVE_S1.);
#1829 = B_SPLINE_CURVE_WITH_KNOTS('',4,(#1830,#1831,#1832,#1833,#1834,
    #1835,#1836,#1837),.UNSPECIFIED.,.F.,.F.,(5,3,5),(0.,0.323550591068,
    1.),.UNSPECIFIED.);
#1830 = CARTESIAN_POINT('',(4.452547770701,-1.798089171975,
    2.108111842105));
#1831 = CARTESIAN_POINT('',(4.465739404406,-1.810147151668,
    2.108111842105));
#1832 = CARTESIAN_POINT('',(4.477524067708,-1.823086863143,
    2.108111842105));
#1833 = CARTESIAN_POINT('',(4.487886026484,-1.836905815348,
    2.108111842105));
#1834 = CARTESIAN_POINT('',(4.51549767315,-1.882305734386,2.108111842105
    ));
#1835 = CARTESIAN_POINT('',(4.527932646461,-1.916820930714,
    2.108111842105));
#1836 = CARTESIAN_POINT('',(4.53407643038,-1.955055276,2.108111842105));
#1837 = CARTESIAN_POINT('',(4.534076433121,-1.996815286624,
    2.108111842105));
#1838 = PCURVE('',#44,#1839);
#1839 = DEFINITIONAL_REPRESENTATION('',(#1840),#1849);
#1840 = B_SPLINE_CURVE_WITH_KNOTS('',4,(#1841,#1842,#1843,#1844,#1845,
    #1846,#1847,#1848),.UNSPECIFIED.,.F.,.F.,(5,3,5),(0.,0.323550591068,
    1.),.UNSPECIFIED.);
#1841 = CARTESIAN_POINT('',(-13.14681000335,-1.798089148893));
#1842 = CARTESIAN_POINT('',(-13.13361836964,-1.810147128586));
#1843 = CARTESIAN_POINT('',(-13.12183370634,-1.823086840061));
#1844 = CARTESIAN_POINT('',(-13.11147174757,-1.836905792267));
#1845 = CARTESIAN_POINT('',(-13.0838601009,-1.882305711305));
#1846 = CARTESIAN_POINT('',(-13.07142512759,-1.916820907632));
#1847 = CARTESIAN_POINT('',(-13.06528134367,-1.955055252918));
#1848 = CARTESIAN_POINT('',(-13.06528134093,-1.996815263543));
#1849 = ( GEOMETRIC_REPRESENTATION_CONTEXT(2) 
PARAMETRIC_REPRESENTATION_CONTEXT() REPRESENTATION_CONTEXT('2D SPACE',''
  ) );
#1850 = PCURVE('',#1851,#1858);
#1851 = SURFACE_OF_LINEAR_EXTRUSION('',#1852,#1856);
#1852 = B_SPLINE_CURVE_WITH_KNOTS('',2,(#1853,#1854,#1855),
  .UNSPECIFIED.,.F.,.F.,(3,3),(0.,1.),.PIECEWISE_BEZIER_KNOTS.);
#1853 = CARTESIAN_POINT('',(4.534076433121,-1.996815286624,
    2.008111842105));
#1854 = CARTESIAN_POINT('',(4.534076433121,-1.872611464968,
    2.008111842105));
#1855 = CARTESIAN_POINT('',(4.452547770701,-1.798089171975,
    2.008111842105));
#1856 = VECTOR('',#1857,1.);
#1857 = DIRECTION('',(-0.,-0.,-1.));
#1858 = DEFINITIONAL_REPRESENTATION('',(#1859),#1868);
#1859 = B_SPLINE_CURVE_WITH_KNOTS('',4,(#1860,#1861,#1862,#1863,#1864,
    #1865,#1866,#1867),.UNSPECIFIED.,.F.,.F.,(5,3,5),(0.,0.323550591068,
    1.),.UNSPECIFIED.);
#1860 = CARTESIAN_POINT('',(1.,-0.1));
#1861 = CARTESIAN_POINT('',(0.919098175827,-0.1));
#1862 = CARTESIAN_POINT('',(0.838098290293,-0.1));
#1863 = CARTESIAN_POINT('',(0.75704896924,-0.1));
#1864 = CARTESIAN_POINT('',(0.506550371872,-0.1));
#1865 = CARTESIAN_POINT('',(0.337100037623,-0.1));
#1866 = CARTESIAN_POINT('',(0.168110818725,-1.E-01));
#1867 = CARTESIAN_POINT('',(0.,-1.E-01));
#1868 = ( GEOMETRIC_REPRESENTATION_CONTEXT(2) 
PARAMETRIC_REPRESENTATION_CONTEXT() REPRESENTATION_CONTEXT('2D SPACE',''
  ) );
#1869 = ORIENTED_EDGE('',*,*,#1870,.F.);
#1870 = EDGE_CURVE('',#1871,#1826,#1873,.T.);
#1871 = VERTEX_POINT('',#1872);
#1872 = CARTESIAN_POINT('',(4.228343949045,-1.722929936306,
    2.108111842105));
#1873 = SURFACE_CURVE('',#1874,(#1881,#1891),.PCURVE_S1.);
#1874 = B_SPLINE_CURVE_WITH_KNOTS('',5,(#1875,#1876,#1877,#1878,#1879,
    #1880),.UNSPECIFIED.,.F.,.F.,(6,6),(0.,1.),
  .PIECEWISE_BEZIER_KNOTS.);
#1875 = CARTESIAN_POINT('',(4.228343949045,-1.722929936306,
    2.108111842105));
#1876 = CARTESIAN_POINT('',(4.285051740043,-1.723181973867,
    2.108111842105));
#1877 = CARTESIAN_POINT('',(4.336115404643,-1.730666369168,
    2.108111842105));
#1878 = CARTESIAN_POINT('',(4.381187152748,-1.745619404872,
    2.108111842105));
#1879 = CARTESIAN_POINT('',(4.420027863612,-1.768129892773,
    2.108111842105));
#1880 = CARTESIAN_POINT('',(4.452547770701,-1.798089171975,
    2.108111842105));
#1881 = PCURVE('',#44,#1882);
#1882 = DEFINITIONAL_REPRESENTATION('',(#1883),#1890);
#1883 = B_SPLINE_CURVE_WITH_KNOTS('',5,(#1884,#1885,#1886,#1887,#1888,
    #1889),.UNSPECIFIED.,.F.,.F.,(6,6),(0.,1.),
  .PIECEWISE_BEZIER_KNOTS.);
#1884 = CARTESIAN_POINT('',(-13.371013825,-1.722929913224));
#1885 = CARTESIAN_POINT('',(-13.31430603401,-1.723181950785));
#1886 = CARTESIAN_POINT('',(-13.26324236941,-1.730666346087));
#1887 = CARTESIAN_POINT('',(-13.2181706213,-1.745619381791));
#1888 = CARTESIAN_POINT('',(-13.17932991044,-1.768129869692));
#1889 = CARTESIAN_POINT('',(-13.14681000335,-1.798089148893));
#1890 = ( GEOMETRIC_REPRESENTATION_CONTEXT(2) 
PARAMETRIC_REPRESENTATION_CONTEXT() REPRESENTATION_CONTEXT('2D SPACE',''
  ) );
#1891 = PCURVE('',#1892,#1899);
#1892 = SURFACE_OF_LINEAR_EXTRUSION('',#1893,#1897);
#1893 = B_SPLINE_CURVE_WITH_KNOTS('',2,(#1894,#1895,#1896),
  .UNSPECIFIED.,.F.,.F.,(3,3),(0.,1.),.PIECEWISE_BEZIER_KNOTS.);
#1894 = CARTESIAN_POINT('',(4.452547770701,-1.798089171975,
    2.008111842105));
#1895 = CARTESIAN_POINT('',(4.371656050955,-1.723566878981,
    2.008111842105));
#1896 = CARTESIAN_POINT('',(4.228343949045,-1.722929936306,
    2.008111842105));
#1897 = VECTOR('',#1898,1.);
#1898 = DIRECTION('',(-0.,-0.,-1.));
#1899 = DEFINITIONAL_REPRESENTATION('',(#1900),#1907);
#1900 = B_SPLINE_CURVE_WITH_KNOTS('',5,(#1901,#1902,#1903,#1904,#1905,
    #1906),.UNSPECIFIED.,.F.,.F.,(6,6),(0.,1.),
  .PIECEWISE_BEZIER_KNOTS.);
#1901 = CARTESIAN_POINT('',(1.,-0.1));
#1902 = CARTESIAN_POINT('',(0.802152809456,-0.1));
#1903 = CARTESIAN_POINT('',(0.602685986452,-1.E-01));
#1904 = CARTESIAN_POINT('',(0.402114552789,-0.1));
#1905 = CARTESIAN_POINT('',(0.201008859014,-1.E-01));
#1906 = CARTESIAN_POINT('',(0.,-1.E-01));
#1907 = ( GEOMETRIC_REPRESENTATION_CONTEXT(2) 
PARAMETRIC_REPRESENTATION_CONTEXT() REPRESENTATION_CONTEXT('2D SPACE',''
  ) );
#1908 = ORIENTED_EDGE('',*,*,#1909,.F.);
#1909 = EDGE_CURVE('',#1910,#1871,#1912,.T.);
#1910 = VERTEX_POINT('',#1911);
#1911 = CARTESIAN_POINT('',(4.247452229299,-1.545859872611,
    2.108111842105));
#1912 = SURFACE_CURVE('',#1913,(#1917,#1923),.PCURVE_S1.);
#1913 = LINE('',#1914,#1915);
#1914 = CARTESIAN_POINT('',(4.397196578219,-0.158228905953,
    2.108111842105));
#1915 = VECTOR('',#1916,1.);
#1916 = DIRECTION('',(-0.107290757576,-0.99422768687,0.));
#1917 = PCURVE('',#44,#1918);
#1918 = DEFINITIONAL_REPRESENTATION('',(#1919),#1922);
#1919 = B_SPLINE_CURVE_WITH_KNOTS('',1,(#1920,#1921),.UNSPECIFIED.,.F.,
  .F.,(2,2),(1.395687310848,1.573785412553),.PIECEWISE_BEZIER_KNOTS.);
#1920 = CARTESIAN_POINT('',(-13.35190554475,-1.54585984953));
#1921 = CARTESIAN_POINT('',(-13.371013825,-1.722929913224));
#1922 = ( GEOMETRIC_REPRESENTATION_CONTEXT(2) 
PARAMETRIC_REPRESENTATION_CONTEXT() REPRESENTATION_CONTEXT('2D SPACE',''
  ) );
#1923 = PCURVE('',#1924,#1929);
#1924 = PLANE('',#1925);
#1925 = AXIS2_PLACEMENT_3D('',#1926,#1927,#1928);
#1926 = CARTESIAN_POINT('',(4.228343949045,-1.722929936306,
    2.008111842105));
#1927 = DIRECTION('',(-0.99422768687,0.107290757576,0.));
#1928 = DIRECTION('',(0.107290757576,0.99422768687,0.));
#1929 = DEFINITIONAL_REPRESENTATION('',(#1930),#1933);
#1930 = B_SPLINE_CURVE_WITH_KNOTS('',1,(#1931,#1932),.UNSPECIFIED.,.F.,
  .F.,(2,2),(1.395687310848,1.573785412553),.PIECEWISE_BEZIER_KNOTS.);
#1931 = CARTESIAN_POINT('',(0.178098101705,-0.1));
#1932 = CARTESIAN_POINT('',(0.,-0.1));
#1933 = ( GEOMETRIC_REPRESENTATION_CONTEXT(2) 
PARAMETRIC_REPRESENTATION_CONTEXT() REPRESENTATION_CONTEXT('2D SPACE',''
  ) );
#1934 = ORIENTED_EDGE('',*,*,#1935,.F.);
#1935 = EDGE_CURVE('',#1936,#1910,#1938,.T.);
#1936 = VERTEX_POINT('',#1937);
#1937 = CARTESIAN_POINT('',(4.566560509554,-1.682802547771,
    2.108111842105));
#1938 = SURFACE_CURVE('',#1939,(#1950,#1964),.PCURVE_S1.);
#1939 = B_SPLINE_CURVE_WITH_KNOTS('',5,(#1940,#1941,#1942,#1943,#1944,
    #1945,#1946,#1947,#1948,#1949),.UNSPECIFIED.,.F.,.F.,(6,4,6),(0.,
    4.453749796914E-02,1.),.UNSPECIFIED.);
#1940 = CARTESIAN_POINT('',(4.566560509554,-1.682802547771,
    2.108111842105));
#1941 = CARTESIAN_POINT('',(4.564588629965,-1.680670166729,
    2.108111842105));
#1942 = CARTESIAN_POINT('',(4.562596431054,-1.678557955861,
    2.108111842105));
#1943 = CARTESIAN_POINT('',(4.560583933476,-1.67646594466,2.108111842105
    ));
#1944 = CARTESIAN_POINT('',(4.558551160286,-1.67439416025,2.108111842105
    ));
#1945 = CARTESIAN_POINT('',(4.512454647537,-1.628331113264,
    2.108111842105));
#1946 = CARTESIAN_POINT('',(4.459085636571,-1.593634328369,
    2.108111842105));
#1947 = CARTESIAN_POINT('',(4.396653351337,-1.568523489834,
    2.108111842105));
#1948 = CARTESIAN_POINT('',(4.325822469734,-1.552767891795,
    2.108111842105));
#1949 = CARTESIAN_POINT('',(4.247452229299,-1.545859872611,
    2.108111842105));
#1950 = PCURVE('',#44,#1951);
#1951 = DEFINITIONAL_REPRESENTATION('',(#1952),#1963);
#1952 = B_SPLINE_CURVE_WITH_KNOTS('',5,(#1953,#1954,#1955,#1956,#1957,
    #1958,#1959,#1960,#1961,#1962),.UNSPECIFIED.,.F.,.F.,(6,4,6),(0.,
    4.453749796914E-02,1.),.UNSPECIFIED.);
#1953 = CARTESIAN_POINT('',(-13.0327972645,-1.682802524689));
#1954 = CARTESIAN_POINT('',(-13.03476914408,-1.680670143647));
#1955 = CARTESIAN_POINT('',(-13.03676134299,-1.67855793278));
#1956 = CARTESIAN_POINT('',(-13.03877384057,-1.676465921579));
#1957 = CARTESIAN_POINT('',(-13.04080661376,-1.674394137169));
#1958 = CARTESIAN_POINT('',(-13.08690312651,-1.628331090182));
#1959 = CARTESIAN_POINT('',(-13.14027213748,-1.593634305287));
#1960 = CARTESIAN_POINT('',(-13.20270442271,-1.568523466753));
#1961 = CARTESIAN_POINT('',(-13.27353530431,-1.552767868714));
#1962 = CARTESIAN_POINT('',(-13.35190554475,-1.54585984953));
#1963 = ( GEOMETRIC_REPRESENTATION_CONTEXT(2) 
PARAMETRIC_REPRESENTATION_CONTEXT() REPRESENTATION_CONTEXT('2D SPACE',''
  ) );
#1964 = PCURVE('',#1965,#1972);
#1965 = SURFACE_OF_LINEAR_EXTRUSION('',#1966,#1970);
#1966 = B_SPLINE_CURVE_WITH_KNOTS('',2,(#1967,#1968,#1969),
  .UNSPECIFIED.,.F.,.F.,(3,3),(0.,1.),.PIECEWISE_BEZIER_KNOTS.);
#1967 = CARTESIAN_POINT('',(4.247452229299,-1.545859872611,
    2.008111842105));
#1968 = CARTESIAN_POINT('',(4.457006369427,-1.564331210191,
    2.008111842105));
#1969 = CARTESIAN_POINT('',(4.566560509554,-1.682802547771,
    2.008111842105));
#1970 = VECTOR('',#1971,1.);
#1971 = DIRECTION('',(-0.,-0.,-1.));
#1972 = DEFINITIONAL_REPRESENTATION('',(#1973),#1984);
#1973 = B_SPLINE_CURVE_WITH_KNOTS('',5,(#1974,#1975,#1976,#1977,#1978,
    #1979,#1980,#1981,#1982,#1983),.UNSPECIFIED.,.F.,.F.,(6,4,6),(0.,
    4.453749796914E-02,1.),.UNSPECIFIED.);
#1974 = CARTESIAN_POINT('',(1.,-0.1));
#1975 = CARTESIAN_POINT('',(0.991000434091,-0.1));
#1976 = CARTESIAN_POINT('',(0.982000541142,-0.1));
#1977 = CARTESIAN_POINT('',(0.973000431108,-0.1));
#1978 = CARTESIAN_POINT('',(0.964000214024,-0.1));
#1979 = CARTESIAN_POINT('',(0.761918497846,-0.1));
#1980 = CARTESIAN_POINT('',(0.568813330943,-1.E-01));
#1981 = CARTESIAN_POINT('',(0.376854246702,-0.1));
#1982 = CARTESIAN_POINT('',(0.186992831846,-1.E-01));
#1983 = CARTESIAN_POINT('',(0.,-1.E-01));
#1984 = ( GEOMETRIC_REPRESENTATION_CONTEXT(2) 
PARAMETRIC_REPRESENTATION_CONTEXT() REPRESENTATION_CONTEXT('2D SPACE',''
  ) );
#1985 = ORIENTED_EDGE('',*,*,#1986,.F.);
#1986 = EDGE_CURVE('',#1987,#1936,#1989,.T.);
#1987 = VERTEX_POINT('',#1988);
#1988 = CARTESIAN_POINT('',(4.676751592357,-2.000636942675,
    2.108111842105));
#1989 = SURFACE_CURVE('',#1990,(#2001,#2015),.PCURVE_S1.);
#1990 = B_SPLINE_CURVE_WITH_KNOTS('',5,(#1991,#1992,#1993,#1994,#1995,
    #1996,#1997,#1998,#1999,#2000),.UNSPECIFIED.,.F.,.F.,(6,4,6),(0.,
    0.864946040615,1.),.UNSPECIFIED.);
#1991 = CARTESIAN_POINT('',(4.676751592357,-2.000636942675,
    2.108111842105));
#1992 = CARTESIAN_POINT('',(4.67675158861,-1.932853364305,2.108111842105
    ));
#1993 = CARTESIAN_POINT('',(4.668790270219,-1.870105931156,
    2.108111842105));
#1994 = CARTESIAN_POINT('',(4.65248781278,-1.81290294803,2.108111842105)
  );
#1995 = CARTESIAN_POINT('',(4.627671100056,-1.76164104894,2.108111842105
    ));
#1996 = CARTESIAN_POINT('',(4.589314128997,-1.709478113935,
    2.108111842105));
#1997 = CARTESIAN_POINT('',(4.583929982993,-1.702582998648,
    2.108111842105));
#1998 = CARTESIAN_POINT('',(4.578342494952,-1.695838315432,
    2.108111842105));
#1999 = CARTESIAN_POINT('',(4.572552376865,-1.689244672091,
    2.108111842105));
#2000 = CARTESIAN_POINT('',(4.566560509554,-1.682802547771,
    2.108111842105));
#2001 = PCURVE('',#44,#2002);
#2002 = DEFINITIONAL_REPRESENTATION('',(#2003),#2014);
#2003 = B_SPLINE_CURVE_WITH_KNOTS('',5,(#2004,#2005,#2006,#2007,#2008,
    #2009,#2010,#2011,#2012,#2013),.UNSPECIFIED.,.F.,.F.,(6,4,6),(0.,
    0.864946040615,1.),.UNSPECIFIED.);
#2004 = CARTESIAN_POINT('',(-12.92260618169,-2.000636919594));
#2005 = CARTESIAN_POINT('',(-12.92260618544,-1.932853341224));
#2006 = CARTESIAN_POINT('',(-12.93056750383,-1.870105908074));
#2007 = CARTESIAN_POINT('',(-12.94686996127,-1.812902924948));
#2008 = CARTESIAN_POINT('',(-12.97168667399,-1.761641025859));
#2009 = CARTESIAN_POINT('',(-13.01004364505,-1.709478090854));
#2010 = CARTESIAN_POINT('',(-13.01542779106,-1.702582975566));
#2011 = CARTESIAN_POINT('',(-13.0210152791,-1.695838292351));
#2012 = CARTESIAN_POINT('',(-13.02680539718,-1.689244649009));
#2013 = CARTESIAN_POINT('',(-13.0327972645,-1.682802524689));
#2014 = ( GEOMETRIC_REPRESENTATION_CONTEXT(2) 
PARAMETRIC_REPRESENTATION_CONTEXT() REPRESENTATION_CONTEXT('2D SPACE',''
  ) );
#2015 = PCURVE('',#2016,#2023);
#2016 = SURFACE_OF_LINEAR_EXTRUSION('',#2017,#2021);
#2017 = B_SPLINE_CURVE_WITH_KNOTS('',2,(#2018,#2019,#2020),
  .UNSPECIFIED.,.F.,.F.,(3,3),(0.,1.),.PIECEWISE_BEZIER_KNOTS.);
#2018 = CARTESIAN_POINT('',(4.566560509554,-1.682802547771,
    2.008111842105));
#2019 = CARTESIAN_POINT('',(4.676751592357,-1.80127388535,2.008111842105
    ));
#2020 = CARTESIAN_POINT('',(4.676751592357,-2.000636942675,
    2.008111842105));
#2021 = VECTOR('',#2022,1.);
#2022 = DIRECTION('',(-0.,-0.,-1.));
#2023 = DEFINITIONAL_REPRESENTATION('',(#2024),#2035);
#2024 = B_SPLINE_CURVE_WITH_KNOTS('',5,(#2025,#2026,#2027,#2028,#2029,
    #2030,#2031,#2032,#2033,#2034),.UNSPECIFIED.,.F.,.F.,(6,4,6),(0.,
    0.864946040615,1.),.UNSPECIFIED.);
#2025 = CARTESIAN_POINT('',(1.,-0.1));
#2026 = CARTESIAN_POINT('',(0.829999644794,-0.1));
#2027 = CARTESIAN_POINT('',(0.65797211343,-0.1));
#2028 = CARTESIAN_POINT('',(0.484492924197,-0.1));
#2029 = CARTESIAN_POINT('',(0.310238101747,-0.1));
#2030 = CARTESIAN_POINT('',(0.108794204018,-0.1));
#2031 = CARTESIAN_POINT('',(8.158846489942E-02,-0.1));
#2032 = CARTESIAN_POINT('',(5.438562968047E-02,-0.1));
#2033 = CARTESIAN_POINT('',(2.718853357976E-02,-1.E-01));
#2034 = CARTESIAN_POINT('',(0.,-1.E-01));
#2035 = ( GEOMETRIC_REPRESENTATION_CONTEXT(2) 
PARAMETRIC_REPRESENTATION_CONTEXT() REPRESENTATION_CONTEXT('2D SPACE',''
  ) );
#2036 = ORIENTED_EDGE('',*,*,#2037,.F.);
#2037 = EDGE_CURVE('',#2038,#1987,#2040,.T.);
#2038 = VERTEX_POINT('',#2039);
#2039 = CARTESIAN_POINT('',(4.563375796178,-2.31974522293,2.108111842105
    ));
#2040 = SURFACE_CURVE('',#2041,(#2052,#2066),.PCURVE_S1.);
#2041 = B_SPLINE_CURVE_WITH_KNOTS('',5,(#2042,#2043,#2044,#2045,#2046,
    #2047,#2048,#2049,#2050,#2051),.UNSPECIFIED.,.F.,.F.,(6,4,6),(0.,
    0.145944307499,1.),.UNSPECIFIED.);
#2042 = CARTESIAN_POINT('',(4.563375796178,-2.31974522293,2.108111842105
    ));
#2043 = CARTESIAN_POINT('',(4.570038846575,-2.312857574142,
    2.108111842105));
#2044 = CARTESIAN_POINT('',(4.576459747612,-2.305784381725,
    2.108111842105));
#2045 = CARTESIAN_POINT('',(4.582637251704,-2.298526253091,
    2.108111842105));
#2046 = CARTESIAN_POINT('',(4.588570364059,-2.291083992415,
    2.108111842105));
#2047 = CARTESIAN_POINT('',(4.627543988405,-2.238835351075,
    2.108111842105));
#2048 = CARTESIAN_POINT('',(4.652437985665,-2.187936803102,
    2.108111842105));
#2049 = CARTESIAN_POINT('',(4.668779276136,-2.130973363156,
    2.108111842105));
#2050 = CARTESIAN_POINT('',(4.676751588554,-2.068362407138,
    2.108111842105));
#2051 = CARTESIAN_POINT('',(4.676751592357,-2.000636942675,
    2.108111842105));
#2052 = PCURVE('',#44,#2053);
#2053 = DEFINITIONAL_REPRESENTATION('',(#2054),#2065);
#2054 = B_SPLINE_CURVE_WITH_KNOTS('',5,(#2055,#2056,#2057,#2058,#2059,
    #2060,#2061,#2062,#2063,#2064),.UNSPECIFIED.,.F.,.F.,(6,4,6),(0.,
    0.145944307499,1.),.UNSPECIFIED.);
#2055 = CARTESIAN_POINT('',(-13.03598197787,-2.319745199848));
#2056 = CARTESIAN_POINT('',(-13.02931892747,-2.312857551061));
#2057 = CARTESIAN_POINT('',(-13.02289802644,-2.305784358643));
#2058 = CARTESIAN_POINT('',(-13.01672052235,-2.298526230009));
#2059 = CARTESIAN_POINT('',(-13.01078740999,-2.291083969334));
#2060 = CARTESIAN_POINT('',(-12.97181378564,-2.238835327993));
#2061 = CARTESIAN_POINT('',(-12.94691978838,-2.187936780021));
#2062 = CARTESIAN_POINT('',(-12.93057849791,-2.130973340075));
#2063 = CARTESIAN_POINT('',(-12.9226061855,-2.068362384057));
#2064 = CARTESIAN_POINT('',(-12.92260618169,-2.000636919594));
#2065 = ( GEOMETRIC_REPRESENTATION_CONTEXT(2) 
PARAMETRIC_REPRESENTATION_CONTEXT() REPRESENTATION_CONTEXT('2D SPACE',''
  ) );
#2066 = PCURVE('',#2067,#2074);
#2067 = SURFACE_OF_LINEAR_EXTRUSION('',#2068,#2072);
#2068 = B_SPLINE_CURVE_WITH_KNOTS('',2,(#2069,#2070,#2071),
  .UNSPECIFIED.,.F.,.F.,(3,3),(0.,1.),.PIECEWISE_BEZIER_KNOTS.);
#2069 = CARTESIAN_POINT('',(4.676751592357,-2.000636942675,
    2.008111842105));
#2070 = CARTESIAN_POINT('',(4.676751592357,-2.202547770701,
    2.008111842105));
#2071 = CARTESIAN_POINT('',(4.563375796178,-2.31974522293,2.008111842105
    ));
#2072 = VECTOR('',#2073,1.);
#2073 = DIRECTION('',(-0.,-0.,-1.));
#2074 = DEFINITIONAL_REPRESENTATION('',(#2075),#2086);
#2075 = B_SPLINE_CURVE_WITH_KNOTS('',5,(#2076,#2077,#2078,#2079,#2080,
    #2081,#2082,#2083,#2084,#2085),.UNSPECIFIED.,.F.,.F.,(6,4,6),(0.,
    0.145944307499,1.),.UNSPECIFIED.);
#2076 = CARTESIAN_POINT('',(1.,-0.1));
#2077 = CARTESIAN_POINT('',(0.970615196155,-0.1));
#2078 = CARTESIAN_POINT('',(0.94121897191,-0.1));
#2079 = CARTESIAN_POINT('',(0.911815139833,-0.1));
#2080 = CARTESIAN_POINT('',(0.882407531999,-0.1));
#2081 = CARTESIAN_POINT('',(0.680909217315,-0.1));
#2082 = CARTESIAN_POINT('',(0.50880572084,-1.E-01));
#2083 = CARTESIAN_POINT('',(0.337508554724,-0.1));
#2084 = CARTESIAN_POINT('',(0.167711330707,-1.E-01));
#2085 = CARTESIAN_POINT('',(0.,-1.E-01));
#2086 = ( GEOMETRIC_REPRESENTATION_CONTEXT(2) 
PARAMETRIC_REPRESENTATION_CONTEXT() REPRESENTATION_CONTEXT('2D SPACE',''
  ) );
#2087 = ORIENTED_EDGE('',*,*,#2088,.F.);
#2088 = EDGE_CURVE('',#2089,#2038,#2091,.T.);
#2089 = VERTEX_POINT('',#2090);
#2090 = CARTESIAN_POINT('',(4.281847133758,-2.437579617834,
    2.108111842105));
#2091 = SURFACE_CURVE('',#2092,(#2103,#2117),.PCURVE_S1.);
#2092 = B_SPLINE_CURVE_WITH_KNOTS('',5,(#2093,#2094,#2095,#2096,#2097,
    #2098,#2099,#2100,#2101,#2102),.UNSPECIFIED.,.F.,.F.,(6,4,6),(0.,
    0.54622895973,1.),.UNSPECIFIED.);
#2093 = CARTESIAN_POINT('',(4.281847133758,-2.437579617834,
    2.108111842105));
#2094 = CARTESIAN_POINT('',(4.318349666314,-2.437579615276,
    2.108111842105));
#2095 = CARTESIAN_POINT('',(4.353403318557,-2.434109146355,
    2.108111842105));
#2096 = CARTESIAN_POINT('',(4.386927207666,-2.427105631384,
    2.108111842105));
#2097 = CARTESIAN_POINT('',(4.418855416613,-2.416545493073,
    2.108111842105));
#2098 = CARTESIAN_POINT('',(4.474298698267,-2.390742771597,
    2.108111842105));
#2099 = CARTESIAN_POINT('',(4.498323412447,-2.376595014486,
    2.108111842105));
#2100 = CARTESIAN_POINT('',(4.52118722696,-2.36002115117,2.108111842105)
  );
#2101 = CARTESIAN_POINT('',(4.542873457995,-2.34105382968,2.108111842105
    ));
#2102 = CARTESIAN_POINT('',(4.563375796178,-2.31974522293,2.108111842105
    ));
#2103 = PCURVE('',#44,#2104);
#2104 = DEFINITIONAL_REPRESENTATION('',(#2105),#2116);
#2105 = B_SPLINE_CURVE_WITH_KNOTS('',5,(#2106,#2107,#2108,#2109,#2110,
    #2111,#2112,#2113,#2114,#2115),.UNSPECIFIED.,.F.,.F.,(6,4,6),(0.,
    0.54622895973,1.),.UNSPECIFIED.);
#2106 = CARTESIAN_POINT('',(-13.31751064029,-2.437579594753));
#2107 = CARTESIAN_POINT('',(-13.28100810774,-2.437579592195));
#2108 = CARTESIAN_POINT('',(-13.24595445549,-2.434109123274));
#2109 = CARTESIAN_POINT('',(-13.21243056638,-2.427105608302));
#2110 = CARTESIAN_POINT('',(-13.18050235744,-2.416545469991));
#2111 = CARTESIAN_POINT('',(-13.12505907578,-2.390742748516));
#2112 = CARTESIAN_POINT('',(-13.1010343616,-2.376594991404));
#2113 = CARTESIAN_POINT('',(-13.07817054709,-2.360021128089));
#2114 = CARTESIAN_POINT('',(-13.05648431605,-2.341053806598));
#2115 = CARTESIAN_POINT('',(-13.03598197787,-2.319745199848));
#2116 = ( GEOMETRIC_REPRESENTATION_CONTEXT(2) 
PARAMETRIC_REPRESENTATION_CONTEXT() REPRESENTATION_CONTEXT('2D SPACE',''
  ) );
#2117 = PCURVE('',#2118,#2125);
#2118 = SURFACE_OF_LINEAR_EXTRUSION('',#2119,#2123);
#2119 = B_SPLINE_CURVE_WITH_KNOTS('',2,(#2120,#2121,#2122),
  .UNSPECIFIED.,.F.,.F.,(3,3),(0.,1.),.PIECEWISE_BEZIER_KNOTS.);
#2120 = CARTESIAN_POINT('',(4.563375796178,-2.31974522293,2.008111842105
    ));
#2121 = CARTESIAN_POINT('',(4.45,-2.437579617834,2.008111842105));
#2122 = CARTESIAN_POINT('',(4.281847133758,-2.437579617834,
    2.008111842105));
#2123 = VECTOR('',#2124,1.);
#2124 = DIRECTION('',(-0.,-0.,-1.));
#2125 = DEFINITIONAL_REPRESENTATION('',(#2126),#2137);
#2126 = B_SPLINE_CURVE_WITH_KNOTS('',5,(#2127,#2128,#2129,#2130,#2131,
    #2132,#2133,#2134,#2135,#2136),.UNSPECIFIED.,.F.,.F.,(6,4,6),(0.,
    0.54622895973,1.),.UNSPECIFIED.);
#2127 = CARTESIAN_POINT('',(1.,-0.1));
#2128 = CARTESIAN_POINT('',(0.891460268979,-0.1));
#2129 = CARTESIAN_POINT('',(0.782431644821,-0.1));
#2130 = CARTESIAN_POINT('',(0.673068129432,-0.1));
#2131 = CARTESIAN_POINT('',(0.563533135947,-0.1));
#2132 = CARTESIAN_POINT('',(0.363007085477,-0.1));
#2133 = CARTESIAN_POINT('',(0.272013961001,-0.1));
#2134 = CARTESIAN_POINT('',(0.181119223591,-0.1));
#2135 = CARTESIAN_POINT('',(9.041761065501E-02,-1.E-01));
#2136 = CARTESIAN_POINT('',(0.,-1.E-01));
#2137 = ( GEOMETRIC_REPRESENTATION_CONTEXT(2) 
PARAMETRIC_REPRESENTATION_CONTEXT() REPRESENTATION_CONTEXT('2D SPACE',''
  ) );
#2138 = ORIENTED_EDGE('',*,*,#2139,.F.);
#2139 = EDGE_CURVE('',#2140,#2089,#2142,.T.);
#2140 = VERTEX_POINT('',#2141);
#2141 = CARTESIAN_POINT('',(4.113694267516,-2.403184713376,
    2.108111842105));
#2142 = SURFACE_CURVE('',#2143,(#2152,#2164),.PCURVE_S1.);
#2143 = B_SPLINE_CURVE_WITH_KNOTS('',4,(#2144,#2145,#2146,#2147,#2148,
    #2149,#2150,#2151),.UNSPECIFIED.,.F.,.F.,(5,3,5),(0.,0.81707303821,
    1.),.UNSPECIFIED.);
#2144 = CARTESIAN_POINT('',(4.113694267516,-2.403184713376,
    2.108111842105));
#2145 = CARTESIAN_POINT('',(4.147484379286,-2.41722060451,2.108111842105
    ));
#2146 = CARTESIAN_POINT('',(4.181591990118,-2.427452386245,
    2.108111842105));
#2147 = CARTESIAN_POINT('',(4.216001255659,-2.433855235842,
    2.108111842105));
#2148 = CARTESIAN_POINT('',(4.25846133231,-2.437003707174,2.108111842105
    ));
#2149 = CARTESIAN_POINT('',(4.266242646649,-2.437387662724,
    2.108111842105));
#2150 = CARTESIAN_POINT('',(4.27403798208,-2.43757961752,2.108111842105)
  );
#2151 = CARTESIAN_POINT('',(4.281847133758,-2.437579617834,
    2.108111842105));
#2152 = PCURVE('',#44,#2153);
#2153 = DEFINITIONAL_REPRESENTATION('',(#2154),#2163);
#2154 = B_SPLINE_CURVE_WITH_KNOTS('',4,(#2155,#2156,#2157,#2158,#2159,
    #2160,#2161,#2162),.UNSPECIFIED.,.F.,.F.,(5,3,5),(0.,0.81707303821,
    1.),.UNSPECIFIED.);
#2155 = CARTESIAN_POINT('',(-13.48566350653,-2.403184690294));
#2156 = CARTESIAN_POINT('',(-13.45187339476,-2.417220581429));
#2157 = CARTESIAN_POINT('',(-13.41776578393,-2.427452363163));
#2158 = CARTESIAN_POINT('',(-13.38335651839,-2.433855212761));
#2159 = CARTESIAN_POINT('',(-13.34089644174,-2.437003684092));
#2160 = CARTESIAN_POINT('',(-13.3331151274,-2.437387639642));
#2161 = CARTESIAN_POINT('',(-13.32531979197,-2.437579594438));
#2162 = CARTESIAN_POINT('',(-13.31751064029,-2.437579594753));
#2163 = ( GEOMETRIC_REPRESENTATION_CONTEXT(2) 
PARAMETRIC_REPRESENTATION_CONTEXT() REPRESENTATION_CONTEXT('2D SPACE',''
  ) );
#2164 = PCURVE('',#2165,#2172);
#2165 = SURFACE_OF_LINEAR_EXTRUSION('',#2166,#2170);
#2166 = B_SPLINE_CURVE_WITH_KNOTS('',2,(#2167,#2168,#2169),
  .UNSPECIFIED.,.F.,.F.,(3,3),(0.,1.),.PIECEWISE_BEZIER_KNOTS.);
#2167 = CARTESIAN_POINT('',(4.281847133758,-2.437579617834,
    2.008111842105));
#2168 = CARTESIAN_POINT('',(4.196496815287,-2.437579617834,
    2.008111842105));
#2169 = CARTESIAN_POINT('',(4.113694267516,-2.403184713376,
    2.008111842105));
#2170 = VECTOR('',#2171,1.);
#2171 = DIRECTION('',(-0.,-0.,-1.));
#2172 = DEFINITIONAL_REPRESENTATION('',(#2173),#2182);
#2173 = B_SPLINE_CURVE_WITH_KNOTS('',4,(#2174,#2175,#2176,#2177,#2178,
    #2179,#2180,#2181),.UNSPECIFIED.,.F.,.F.,(5,3,5),(0.,0.81707303821,
    1.),.UNSPECIFIED.);
#2174 = CARTESIAN_POINT('',(1.,-0.1));
#2175 = CARTESIAN_POINT('',(0.795959710323,-0.1));
#2176 = CARTESIAN_POINT('',(0.591710205374,-0.1));
#2177 = CARTESIAN_POINT('',(0.387355076295,-0.1));
#2178 = CARTESIAN_POINT('',(0.137248822951,-0.1));
#2179 = CARTESIAN_POINT('',(9.14976433962E-02,-0.1));
#2180 = CARTESIAN_POINT('',(4.574764242628E-02,-1.E-01));
#2181 = CARTESIAN_POINT('',(0.,-1.E-01));
#2182 = ( GEOMETRIC_REPRESENTATION_CONTEXT(2) 
PARAMETRIC_REPRESENTATION_CONTEXT() REPRESENTATION_CONTEXT('2D SPACE',''
  ) );
#2183 = ORIENTED_EDGE('',*,*,#2184,.F.);
#2184 = EDGE_CURVE('',#2185,#2140,#2187,.T.);
#2185 = VERTEX_POINT('',#2186);
#2186 = CARTESIAN_POINT('',(3.940445859873,-2.288535031847,
    2.108111842105));
#2187 = SURFACE_CURVE('',#2188,(#2194,#2203),.PCURVE_S1.);
#2188 = B_SPLINE_CURVE_WITH_KNOTS('',4,(#2189,#2190,#2191,#2192,#2193),
  .UNSPECIFIED.,.F.,.F.,(5,5),(0.,1.),.PIECEWISE_BEZIER_KNOTS.);
#2189 = CARTESIAN_POINT('',(3.940445859873,-2.288535031847,
    2.108111842105));
#2190 = CARTESIAN_POINT('',(3.985661899477,-2.328375736185,
    2.108111842105));
#2191 = CARTESIAN_POINT('',(4.029667102372,-2.360906356511,
    2.108111842105));
#2192 = CARTESIAN_POINT('',(4.072370574551,-2.385886421179,
    2.108111842105));
#2193 = CARTESIAN_POINT('',(4.113694267516,-2.403184713376,
    2.108111842105));
#2194 = PCURVE('',#44,#2195);
#2195 = DEFINITIONAL_REPRESENTATION('',(#2196),#2202);
#2196 = B_SPLINE_CURVE_WITH_KNOTS('',4,(#2197,#2198,#2199,#2200,#2201),
  .UNSPECIFIED.,.F.,.F.,(5,5),(0.,1.),.PIECEWISE_BEZIER_KNOTS.);
#2197 = CARTESIAN_POINT('',(-13.65891191418,-2.288535008766));
#2198 = CARTESIAN_POINT('',(-13.61369587457,-2.328375713104));
#2199 = CARTESIAN_POINT('',(-13.56969067168,-2.360906333429));
#2200 = CARTESIAN_POINT('',(-13.5269871995,-2.385886398097));
#2201 = CARTESIAN_POINT('',(-13.48566350653,-2.403184690294));
#2202 = ( GEOMETRIC_REPRESENTATION_CONTEXT(2) 
PARAMETRIC_REPRESENTATION_CONTEXT() REPRESENTATION_CONTEXT('2D SPACE',''
  ) );
#2203 = PCURVE('',#2204,#2211);
#2204 = SURFACE_OF_LINEAR_EXTRUSION('',#2205,#2209);
#2205 = B_SPLINE_CURVE_WITH_KNOTS('',2,(#2206,#2207,#2208),
  .UNSPECIFIED.,.F.,.F.,(3,3),(0.,1.),.PIECEWISE_BEZIER_KNOTS.);
#2206 = CARTESIAN_POINT('',(4.113694267516,-2.403184713376,
    2.008111842105));
#2207 = CARTESIAN_POINT('',(4.03152866242,-2.368789808917,2.008111842105
    ));
#2208 = CARTESIAN_POINT('',(3.940445859873,-2.288535031847,
    2.008111842105));
#2209 = VECTOR('',#2210,1.);
#2210 = DIRECTION('',(-0.,-0.,-1.));
#2211 = DEFINITIONAL_REPRESENTATION('',(#2212),#2218);
#2212 = B_SPLINE_CURVE_WITH_KNOTS('',4,(#2213,#2214,#2215,#2216,#2217),
  .UNSPECIFIED.,.F.,.F.,(5,5),(0.,1.),.PIECEWISE_BEZIER_KNOTS.);
#2213 = CARTESIAN_POINT('',(1.,-0.1));
#2214 = CARTESIAN_POINT('',(0.751786073868,-0.1));
#2215 = CARTESIAN_POINT('',(0.502177242381,-0.1));
#2216 = CARTESIAN_POINT('',(0.251465880819,-1.E-01));
#2217 = CARTESIAN_POINT('',(0.,-1.E-01));
#2218 = ( GEOMETRIC_REPRESENTATION_CONTEXT(2) 
PARAMETRIC_REPRESENTATION_CONTEXT() REPRESENTATION_CONTEXT('2D SPACE',''
  ) );
#2219 = ORIENTED_EDGE('',*,*,#2220,.F.);
#2220 = EDGE_CURVE('',#2221,#2185,#2223,.T.);
#2221 = VERTEX_POINT('',#2222);
#2222 = CARTESIAN_POINT('',(3.690127388535,-2.023566878981,
    2.108111842105));
#2223 = SURFACE_CURVE('',#2224,(#2232,#2243),.PCURVE_S1.);
#2224 = B_SPLINE_CURVE_WITH_KNOTS('',6,(#2225,#2226,#2227,#2228,#2229,
    #2230,#2231),.UNSPECIFIED.,.F.,.F.,(7,7),(0.,1.),
  .PIECEWISE_BEZIER_KNOTS.);
#2225 = CARTESIAN_POINT('',(3.690127388535,-2.023566878981,
    2.108111842105));
#2226 = CARTESIAN_POINT('',(3.740988858086,-2.082769628695,
    2.108111842105));
#2227 = CARTESIAN_POINT('',(3.78863838157,-2.136617485524,2.108111842105
    ));
#2228 = CARTESIAN_POINT('',(3.832750248658,-2.184616889956,
    2.108111842105));
#2229 = CARTESIAN_POINT('',(3.872976419811,-2.226251306508,
    2.108111842105));
#2230 = CARTESIAN_POINT('',(3.908972073329,-2.261022979078,
    2.108111842105));
#2231 = CARTESIAN_POINT('',(3.940445859873,-2.288535031847,
    2.108111842105));
#2232 = PCURVE('',#44,#2233);
#2233 = DEFINITIONAL_REPRESENTATION('',(#2234),#2242);
#2234 = B_SPLINE_CURVE_WITH_KNOTS('',6,(#2235,#2236,#2237,#2238,#2239,
    #2240,#2241),.UNSPECIFIED.,.F.,.F.,(7,7),(0.,1.),
  .PIECEWISE_BEZIER_KNOTS.);
#2235 = CARTESIAN_POINT('',(-13.90923038551,-2.023566855899));
#2236 = CARTESIAN_POINT('',(-13.85836891596,-2.082769605613));
#2237 = CARTESIAN_POINT('',(-13.81071939248,-2.136617462442));
#2238 = CARTESIAN_POINT('',(-13.76660752539,-2.184616866874));
#2239 = CARTESIAN_POINT('',(-13.72638135424,-2.226251283427));
#2240 = CARTESIAN_POINT('',(-13.69038570072,-2.261022955996));
#2241 = CARTESIAN_POINT('',(-13.65891191418,-2.288535008766));
#2242 = ( GEOMETRIC_REPRESENTATION_CONTEXT(2) 
PARAMETRIC_REPRESENTATION_CONTEXT() REPRESENTATION_CONTEXT('2D SPACE',''
  ) );
#2243 = PCURVE('',#2244,#2251);
#2244 = SURFACE_OF_LINEAR_EXTRUSION('',#2245,#2249);
#2245 = B_SPLINE_CURVE_WITH_KNOTS('',2,(#2246,#2247,#2248),
  .UNSPECIFIED.,.F.,.F.,(3,3),(0.,1.),.PIECEWISE_BEZIER_KNOTS.);
#2246 = CARTESIAN_POINT('',(3.940445859873,-2.288535031847,
    2.008111842105));
#2247 = CARTESIAN_POINT('',(3.849363057325,-2.208917197452,
    2.008111842105));
#2248 = CARTESIAN_POINT('',(3.690127388535,-2.023566878981,
    2.008111842105));
#2249 = VECTOR('',#2250,1.);
#2250 = DIRECTION('',(-0.,-0.,-1.));
#2251 = DEFINITIONAL_REPRESENTATION('',(#2252),#2260);
#2252 = B_SPLINE_CURVE_WITH_KNOTS('',6,(#2253,#2254,#2255,#2256,#2257,
    #2258,#2259),.UNSPECIFIED.,.F.,.F.,(7,7),(0.,1.),
  .PIECEWISE_BEZIER_KNOTS.);
#2253 = CARTESIAN_POINT('',(1.,-0.1));
#2254 = CARTESIAN_POINT('',(0.840294978775,-0.1));
#2255 = CARTESIAN_POINT('',(0.677575817246,-0.1));
#2256 = CARTESIAN_POINT('',(0.511937737068,-1.E-01));
#2257 = CARTESIAN_POINT('',(0.343570512843,-0.1));
#2258 = CARTESIAN_POINT('',(0.172775668446,-1.E-01));
#2259 = CARTESIAN_POINT('',(0.,-1.E-01));
#2260 = ( GEOMETRIC_REPRESENTATION_CONTEXT(2) 
PARAMETRIC_REPRESENTATION_CONTEXT() REPRESENTATION_CONTEXT('2D SPACE',''
  ) );
#2261 = ORIENTED_EDGE('',*,*,#2262,.F.);
#2262 = EDGE_CURVE('',#2263,#2221,#2265,.T.);
#2263 = VERTEX_POINT('',#2264);
#2264 = CARTESIAN_POINT('',(3.508598726115,-1.824840764331,
    2.108111842105));
#2265 = SURFACE_CURVE('',#2266,(#2274,#2285),.PCURVE_S1.);
#2266 = B_SPLINE_CURVE_WITH_KNOTS('',6,(#2267,#2268,#2269,#2270,#2271,
    #2272,#2273),.UNSPECIFIED.,.F.,.F.,(7,7),(0.,1.),
  .PIECEWISE_BEZIER_KNOTS.);
#2267 = CARTESIAN_POINT('',(3.508598726115,-1.824840764331,
    2.108111842105));
#2268 = CARTESIAN_POINT('',(3.524998289254,-1.839928363509,
    2.108111842105));
#2269 = CARTESIAN_POINT('',(3.547359622763,-1.862743749023,
    2.108111842105));
#2270 = CARTESIAN_POINT('',(3.575452021925,-1.893013896492,
    2.108111842105));
#2271 = CARTESIAN_POINT('',(3.60890094174,-1.930273980333,2.108111842105
    ));
#2272 = CARTESIAN_POINT('',(3.647273106877,-1.973978353425,
    2.108111842105));
#2273 = CARTESIAN_POINT('',(3.690127388535,-2.023566878981,
    2.108111842105));
#2274 = PCURVE('',#44,#2275);
#2275 = DEFINITIONAL_REPRESENTATION('',(#2276),#2284);
#2276 = B_SPLINE_CURVE_WITH_KNOTS('',6,(#2277,#2278,#2279,#2280,#2281,
    #2282,#2283),.UNSPECIFIED.,.F.,.F.,(7,7),(0.,1.),
  .PIECEWISE_BEZIER_KNOTS.);
#2277 = CARTESIAN_POINT('',(-14.09075904793,-1.82484074125));
#2278 = CARTESIAN_POINT('',(-14.07435948479,-1.839928340427));
#2279 = CARTESIAN_POINT('',(-14.05199815129,-1.862743725942));
#2280 = CARTESIAN_POINT('',(-14.02390575212,-1.89301387341));
#2281 = CARTESIAN_POINT('',(-13.99045683231,-1.930273957251));
#2282 = CARTESIAN_POINT('',(-13.95208466717,-1.973978330343));
#2283 = CARTESIAN_POINT('',(-13.90923038551,-2.023566855899));
#2284 = ( GEOMETRIC_REPRESENTATION_CONTEXT(2) 
PARAMETRIC_REPRESENTATION_CONTEXT() REPRESENTATION_CONTEXT('2D SPACE',''
  ) );
#2285 = PCURVE('',#2286,#2293);
#2286 = SURFACE_OF_LINEAR_EXTRUSION('',#2287,#2291);
#2287 = B_SPLINE_CURVE_WITH_KNOTS('',2,(#2288,#2289,#2290),
  .UNSPECIFIED.,.F.,.F.,(3,3),(0.,1.),.PIECEWISE_BEZIER_KNOTS.);
#2288 = CARTESIAN_POINT('',(3.690127388535,-2.023566878981,
    2.008111842105));
#2289 = CARTESIAN_POINT('',(3.556369426752,-1.868789808917,
    2.008111842105));
#2290 = CARTESIAN_POINT('',(3.508598726115,-1.824840764331,
    2.008111842105));
#2291 = VECTOR('',#2292,1.);
#2292 = DIRECTION('',(-0.,-0.,-1.));
#2293 = DEFINITIONAL_REPRESENTATION('',(#2294),#2302);
#2294 = B_SPLINE_CURVE_WITH_KNOTS('',6,(#2295,#2296,#2297,#2298,#2299,
    #2300,#2301),.UNSPECIFIED.,.F.,.F.,(7,7),(0.,1.),
  .PIECEWISE_BEZIER_KNOTS.);
#2295 = CARTESIAN_POINT('',(1.,-0.1));
#2296 = CARTESIAN_POINT('',(0.828351270034,-0.1));
#2297 = CARTESIAN_POINT('',(0.657943220773,-0.1));
#2298 = CARTESIAN_POINT('',(0.489466132787,-1.E-01));
#2299 = CARTESIAN_POINT('',(0.32342849627,-0.1));
#2300 = CARTESIAN_POINT('',(0.160193396498,-1.E-01));
#2301 = CARTESIAN_POINT('',(0.,-1.E-01));
#2302 = ( GEOMETRIC_REPRESENTATION_CONTEXT(2) 
PARAMETRIC_REPRESENTATION_CONTEXT() REPRESENTATION_CONTEXT('2D SPACE',''
  ) );
#2303 = ORIENTED_EDGE('',*,*,#2304,.F.);
#2304 = EDGE_CURVE('',#2305,#2263,#2307,.T.);
#2305 = VERTEX_POINT('',#2306);
#2306 = CARTESIAN_POINT('',(3.413057324841,-1.752229299363,
    2.108111842105));
#2307 = SURFACE_CURVE('',#2308,(#2314,#2323),.PCURVE_S1.);
#2308 = B_SPLINE_CURVE_WITH_KNOTS('',4,(#2309,#2310,#2311,#2312,#2313),
  .UNSPECIFIED.,.F.,.F.,(5,5),(0.,1.),.PIECEWISE_BEZIER_KNOTS.);
#2309 = CARTESIAN_POINT('',(3.413057324841,-1.752229299363,
    2.108111842105));
#2310 = CARTESIAN_POINT('',(3.437282878979,-1.766573378274,
    2.108111842105));
#2311 = CARTESIAN_POINT('',(3.46128371898,-1.783462689048,2.108111842105
    ));
#2312 = CARTESIAN_POINT('',(3.485056592202,-1.802889315965,
    2.108111842105));
#2313 = CARTESIAN_POINT('',(3.508598726115,-1.824840764331,
    2.108111842105));
#2314 = PCURVE('',#44,#2315);
#2315 = DEFINITIONAL_REPRESENTATION('',(#2316),#2322);
#2316 = B_SPLINE_CURVE_WITH_KNOTS('',4,(#2317,#2318,#2319,#2320,#2321),
  .UNSPECIFIED.,.F.,.F.,(5,5),(0.,1.),.PIECEWISE_BEZIER_KNOTS.);
#2317 = CARTESIAN_POINT('',(-14.18630044921,-1.752229276282));
#2318 = CARTESIAN_POINT('',(-14.16207489507,-1.766573355193));
#2319 = CARTESIAN_POINT('',(-14.13807405507,-1.783462665966));
#2320 = CARTESIAN_POINT('',(-14.11430118185,-1.802889292884));
#2321 = CARTESIAN_POINT('',(-14.09075904793,-1.82484074125));
#2322 = ( GEOMETRIC_REPRESENTATION_CONTEXT(2) 
PARAMETRIC_REPRESENTATION_CONTEXT() REPRESENTATION_CONTEXT('2D SPACE',''
  ) );
#2323 = PCURVE('',#2324,#2331);
#2324 = SURFACE_OF_LINEAR_EXTRUSION('',#2325,#2329);
#2325 = B_SPLINE_CURVE_WITH_KNOTS('',2,(#2326,#2327,#2328),
  .UNSPECIFIED.,.F.,.F.,(3,3),(0.,1.),.PIECEWISE_BEZIER_KNOTS.);
#2326 = CARTESIAN_POINT('',(3.508598726115,-1.824840764331,
    2.008111842105));
#2327 = CARTESIAN_POINT('',(3.461464968153,-1.780891719745,
    2.008111842105));
#2328 = CARTESIAN_POINT('',(3.413057324841,-1.752229299363,
    2.008111842105));
#2329 = VECTOR('',#2330,1.);
#2330 = DIRECTION('',(-0.,-0.,-1.));
#2331 = DEFINITIONAL_REPRESENTATION('',(#2332),#2338);
#2332 = B_SPLINE_CURVE_WITH_KNOTS('',4,(#2333,#2334,#2335,#2336,#2337),
  .UNSPECIFIED.,.F.,.F.,(5,5),(0.,1.),.PIECEWISE_BEZIER_KNOTS.);
#2333 = CARTESIAN_POINT('',(1.,-0.1));
#2334 = CARTESIAN_POINT('',(0.749775525673,-0.1));
#2335 = CARTESIAN_POINT('',(0.499675189451,-0.1));
#2336 = CARTESIAN_POINT('',(0.249737500967,-1.E-01));
#2337 = CARTESIAN_POINT('',(0.,-1.E-01));
#2338 = ( GEOMETRIC_REPRESENTATION_CONTEXT(2) 
PARAMETRIC_REPRESENTATION_CONTEXT() REPRESENTATION_CONTEXT('2D SPACE',''
  ) );
#2339 = ORIENTED_EDGE('',*,*,#2340,.F.);
#2340 = EDGE_CURVE('',#1483,#2305,#2341,.T.);
#2341 = SURFACE_CURVE('',#2342,(#2346,#2352),.PCURVE_S1.);
#2342 = LINE('',#2343,#2344);
#2343 = CARTESIAN_POINT('',(3.413057324841,-0.876114661222,
    2.108111842105));
#2344 = VECTOR('',#2345,1.);
#2345 = DIRECTION('',(-2.22044604925E-16,1.,0.));
#2346 = PCURVE('',#44,#2347);
#2347 = DEFINITIONAL_REPRESENTATION('',(#2348),#2351);
#2348 = B_SPLINE_CURVE_WITH_KNOTS('',1,(#2349,#2350),.UNSPECIFIED.,.F.,
  .F.,(2,2),(-1.563375784638,-0.876114638141),.PIECEWISE_BEZIER_KNOTS.);
#2349 = CARTESIAN_POINT('',(-14.18630044921,-2.439490422778));
#2350 = CARTESIAN_POINT('',(-14.18630044921,-1.752229276282));
#2351 = ( GEOMETRIC_REPRESENTATION_CONTEXT(2) 
PARAMETRIC_REPRESENTATION_CONTEXT() REPRESENTATION_CONTEXT('2D SPACE',''
  ) );
#2352 = PCURVE('',#2353,#2358);
#2353 = PLANE('',#2354);
#2354 = AXIS2_PLACEMENT_3D('',#2355,#2356,#2357);
#2355 = CARTESIAN_POINT('',(3.413057324841,-1.752229299363,
    2.008111842105));
#2356 = DIRECTION('',(1.,2.22044604925E-16,0.));
#2357 = DIRECTION('',(2.22044604925E-16,-1.,0.));
#2358 = DEFINITIONAL_REPRESENTATION('',(#2359),#2362);
#2359 = B_SPLINE_CURVE_WITH_KNOTS('',1,(#2360,#2361),.UNSPECIFIED.,.F.,
  .F.,(2,2),(-1.563375784638,-0.876114638141),.PIECEWISE_BEZIER_KNOTS.);
#2360 = CARTESIAN_POINT('',(0.687261146497,-0.1));
#2361 = CARTESIAN_POINT('',(0.,-0.1));
#2362 = ( GEOMETRIC_REPRESENTATION_CONTEXT(2) 
PARAMETRIC_REPRESENTATION_CONTEXT() REPRESENTATION_CONTEXT('2D SPACE',''
  ) );
#2363 = FACE_BOUND('',#2364,.T.);
#2364 = EDGE_LOOP('',(#2365,#2393,#2419,#2455,#2491,#2517,#2553,#2592,
    #2618));
#2365 = ORIENTED_EDGE('',*,*,#2366,.F.);
#2366 = EDGE_CURVE('',#2367,#2369,#2371,.T.);
#2367 = VERTEX_POINT('',#2368);
#2368 = CARTESIAN_POINT('',(3.25,-0.910828025478,2.108111842105));
#2369 = VERTEX_POINT('',#2370);
#2370 = CARTESIAN_POINT('',(3.25,-1.082802547771,2.108111842105));
#2371 = SURFACE_CURVE('',#2372,(#2376,#2382),.PCURVE_S1.);
#2372 = LINE('',#2373,#2374);
#2373 = CARTESIAN_POINT('',(3.25,-0.541401285426,2.108111842105));
#2374 = VECTOR('',#2375,1.);
#2375 = DIRECTION('',(2.22044604925E-16,-1.,0.));
#2376 = PCURVE('',#44,#2377);
#2377 = DEFINITIONAL_REPRESENTATION('',(#2378),#2381);
#2378 = B_SPLINE_CURVE_WITH_KNOTS('',1,(#2379,#2380),.UNSPECIFIED.,.F.,
  .F.,(2,2),(0.369426740052,0.541401262345),.PIECEWISE_BEZIER_KNOTS.);
#2379 = CARTESIAN_POINT('',(-14.34935777405,-0.910828002396));
#2380 = CARTESIAN_POINT('',(-14.34935777405,-1.082802524689));
#2381 = ( GEOMETRIC_REPRESENTATION_CONTEXT(2) 
PARAMETRIC_REPRESENTATION_CONTEXT() REPRESENTATION_CONTEXT('2D SPACE',''
  ) );
#2382 = PCURVE('',#2383,#2388);
#2383 = PLANE('',#2384);
#2384 = AXIS2_PLACEMENT_3D('',#2385,#2386,#2387);
#2385 = CARTESIAN_POINT('',(3.25,-1.082802547771,2.008111842105));
#2386 = DIRECTION('',(-1.,-2.22044604925E-16,0.));
#2387 = DIRECTION('',(-2.22044604925E-16,1.,0.));
#2388 = DEFINITIONAL_REPRESENTATION('',(#2389),#2392);
#2389 = B_SPLINE_CURVE_WITH_KNOTS('',1,(#2390,#2391),.UNSPECIFIED.,.F.,
  .F.,(2,2),(0.369426740052,0.541401262345),.PIECEWISE_BEZIER_KNOTS.);
#2390 = CARTESIAN_POINT('',(0.171974522293,-0.1));
#2391 = CARTESIAN_POINT('',(0.,-0.1));
#2392 = ( GEOMETRIC_REPRESENTATION_CONTEXT(2) 
PARAMETRIC_REPRESENTATION_CONTEXT() REPRESENTATION_CONTEXT('2D SPACE',''
  ) );
#2393 = ORIENTED_EDGE('',*,*,#2394,.F.);
#2394 = EDGE_CURVE('',#2395,#2367,#2397,.T.);
#2395 = VERTEX_POINT('',#2396);
#2396 = CARTESIAN_POINT('',(4.361464968153,-0.910828025478,
    2.108111842105));
#2397 = SURFACE_CURVE('',#2398,(#2402,#2408),.PCURVE_S1.);
#2398 = LINE('',#2399,#2400);
#2399 = CARTESIAN_POINT('',(10.424678887027,-0.910828025478,
    2.108111842105));
#2400 = VECTOR('',#2401,1.);
#2401 = DIRECTION('',(-1.,-2.22044604925E-16,0.));
#2402 = PCURVE('',#44,#2403);
#2403 = DEFINITIONAL_REPRESENTATION('',(#2404),#2407);
#2404 = B_SPLINE_CURVE_WITH_KNOTS('',1,(#2405,#2406),.UNSPECIFIED.,.F.,
  .F.,(2,2),(6.063213918874,7.174678887027),.PIECEWISE_BEZIER_KNOTS.);
#2405 = CARTESIAN_POINT('',(-13.2378928059,-0.910828002396));
#2406 = CARTESIAN_POINT('',(-14.34935777405,-0.910828002396));
#2407 = ( GEOMETRIC_REPRESENTATION_CONTEXT(2) 
PARAMETRIC_REPRESENTATION_CONTEXT() REPRESENTATION_CONTEXT('2D SPACE',''
  ) );
#2408 = PCURVE('',#2409,#2414);
#2409 = PLANE('',#2410);
#2410 = AXIS2_PLACEMENT_3D('',#2411,#2412,#2413);
#2411 = CARTESIAN_POINT('',(3.25,-0.910828025478,2.008111842105));
#2412 = DIRECTION('',(-2.22044604925E-16,1.,0.));
#2413 = DIRECTION('',(1.,2.22044604925E-16,0.));
#2414 = DEFINITIONAL_REPRESENTATION('',(#2415),#2418);
#2415 = B_SPLINE_CURVE_WITH_KNOTS('',1,(#2416,#2417),.UNSPECIFIED.,.F.,
  .F.,(2,2),(6.063213918874,7.174678887027),.PIECEWISE_BEZIER_KNOTS.);
#2416 = CARTESIAN_POINT('',(1.111464968153,-0.1));
#2417 = CARTESIAN_POINT('',(0.,-0.1));
#2418 = ( GEOMETRIC_REPRESENTATION_CONTEXT(2) 
PARAMETRIC_REPRESENTATION_CONTEXT() REPRESENTATION_CONTEXT('2D SPACE',''
  ) );
#2419 = ORIENTED_EDGE('',*,*,#2420,.F.);
#2420 = EDGE_CURVE('',#2421,#2395,#2423,.T.);
#2421 = VERTEX_POINT('',#2422);
#2422 = CARTESIAN_POINT('',(4.238535031847,-0.747770700637,
    2.108111842105));
#2423 = SURFACE_CURVE('',#2424,(#2430,#2439),.PCURVE_S1.);
#2424 = B_SPLINE_CURVE_WITH_KNOTS('',4,(#2425,#2426,#2427,#2428,#2429),
  .UNSPECIFIED.,.F.,.F.,(5,5),(0.,1.),.PIECEWISE_BEZIER_KNOTS.);
#2425 = CARTESIAN_POINT('',(4.238535031847,-0.747770700637,
    2.108111842105));
#2426 = CARTESIAN_POINT('',(4.269227039852,-0.797763866468,
    2.108111842105));
#2427 = CARTESIAN_POINT('',(4.299963930438,-0.841713743792,
    2.108111842105));
#2428 = CARTESIAN_POINT('',(4.330719651677,-0.879442179686,
    2.108111842105));
#2429 = CARTESIAN_POINT('',(4.361464968153,-0.910828025478,
    2.108111842105));
#2430 = PCURVE('',#44,#2431);
#2431 = DEFINITIONAL_REPRESENTATION('',(#2432),#2438);
#2432 = B_SPLINE_CURVE_WITH_KNOTS('',4,(#2433,#2434,#2435,#2436,#2437),
  .UNSPECIFIED.,.F.,.F.,(5,5),(0.,1.),.PIECEWISE_BEZIER_KNOTS.);
#2433 = CARTESIAN_POINT('',(-13.3608227422,-0.747770677555));
#2434 = CARTESIAN_POINT('',(-13.3301307342,-0.797763843387));
#2435 = CARTESIAN_POINT('',(-13.29939384361,-0.84171372071));
#2436 = CARTESIAN_POINT('',(-13.26863812237,-0.879442156605));
#2437 = CARTESIAN_POINT('',(-13.2378928059,-0.910828002396));
#2438 = ( GEOMETRIC_REPRESENTATION_CONTEXT(2) 
PARAMETRIC_REPRESENTATION_CONTEXT() REPRESENTATION_CONTEXT('2D SPACE',''
  ) );
#2439 = PCURVE('',#2440,#2447);
#2440 = SURFACE_OF_LINEAR_EXTRUSION('',#2441,#2445);
#2441 = B_SPLINE_CURVE_WITH_KNOTS('',2,(#2442,#2443,#2444),
  .UNSPECIFIED.,.F.,.F.,(3,3),(0.,1.),.PIECEWISE_BEZIER_KNOTS.);
#2442 = CARTESIAN_POINT('',(4.361464968153,-0.910828025478,
    2.008111842105));
#2443 = CARTESIAN_POINT('',(4.300318471338,-0.848407643312,
    2.008111842105));
#2444 = CARTESIAN_POINT('',(4.238535031847,-0.747770700637,
    2.008111842105));
#2445 = VECTOR('',#2446,1.);
#2446 = DIRECTION('',(-0.,-0.,-1.));
#2447 = DEFINITIONAL_REPRESENTATION('',(#2448),#2454);
#2448 = B_SPLINE_CURVE_WITH_KNOTS('',4,(#2449,#2450,#2451,#2452,#2453),
  .UNSPECIFIED.,.F.,.F.,(5,5),(0.,1.),.PIECEWISE_BEZIER_KNOTS.);
#2449 = CARTESIAN_POINT('',(1.,-0.1));
#2450 = CARTESIAN_POINT('',(0.751616223621,-0.1));
#2451 = CARTESIAN_POINT('',(0.502021223107,-0.1));
#2452 = CARTESIAN_POINT('',(0.251407014672,-1.E-01));
#2453 = CARTESIAN_POINT('',(0.,-1.E-01));
#2454 = ( GEOMETRIC_REPRESENTATION_CONTEXT(2) 
PARAMETRIC_REPRESENTATION_CONTEXT() REPRESENTATION_CONTEXT('2D SPACE',''
  ) );
#2455 = ORIENTED_EDGE('',*,*,#2456,.F.);
#2456 = EDGE_CURVE('',#2457,#2421,#2459,.T.);
#2457 = VERTEX_POINT('',#2458);
#2458 = CARTESIAN_POINT('',(4.146815286624,-0.566878980892,
    2.108111842105));
#2459 = SURFACE_CURVE('',#2460,(#2466,#2475),.PCURVE_S1.);
#2460 = B_SPLINE_CURVE_WITH_KNOTS('',4,(#2461,#2462,#2463,#2464,#2465),
  .UNSPECIFIED.,.F.,.F.,(5,5),(0.,1.),.PIECEWISE_BEZIER_KNOTS.);
#2461 = CARTESIAN_POINT('',(4.146815286624,-0.566878980892,
    2.108111842105));
#2462 = CARTESIAN_POINT('',(4.162191250378,-0.607240882735,
    2.108111842105));
#2463 = CARTESIAN_POINT('',(4.182671192974,-0.65090463037,2.108111842105
    ));
#2464 = CARTESIAN_POINT('',(4.208163717112,-0.697784576982,
    2.108111842105));
#2465 = CARTESIAN_POINT('',(4.238535031847,-0.747770700637,
    2.108111842105));
#2466 = PCURVE('',#44,#2467);
#2467 = DEFINITIONAL_REPRESENTATION('',(#2468),#2474);
#2468 = B_SPLINE_CURVE_WITH_KNOTS('',4,(#2469,#2470,#2471,#2472,#2473),
  .UNSPECIFIED.,.F.,.F.,(5,5),(0.,1.),.PIECEWISE_BEZIER_KNOTS.);
#2469 = CARTESIAN_POINT('',(-13.45254248742,-0.56687895781));
#2470 = CARTESIAN_POINT('',(-13.43716652367,-0.607240859654));
#2471 = CARTESIAN_POINT('',(-13.41668658108,-0.650904607289));
#2472 = CARTESIAN_POINT('',(-13.39119405694,-0.697784553901));
#2473 = CARTESIAN_POINT('',(-13.3608227422,-0.747770677555));
#2474 = ( GEOMETRIC_REPRESENTATION_CONTEXT(2) 
PARAMETRIC_REPRESENTATION_CONTEXT() REPRESENTATION_CONTEXT('2D SPACE',''
  ) );
#2475 = PCURVE('',#2476,#2483);
#2476 = SURFACE_OF_LINEAR_EXTRUSION('',#2477,#2481);
#2477 = B_SPLINE_CURVE_WITH_KNOTS('',2,(#2478,#2479,#2480),
  .UNSPECIFIED.,.F.,.F.,(3,3),(0.,1.),.PIECEWISE_BEZIER_KNOTS.);
#2478 = CARTESIAN_POINT('',(4.238535031847,-0.747770700637,
    2.008111842105));
#2479 = CARTESIAN_POINT('',(4.177388535032,-0.647133757962,
    2.008111842105));
#2480 = CARTESIAN_POINT('',(4.146815286624,-0.566878980892,
    2.008111842105));
#2481 = VECTOR('',#2482,1.);
#2482 = DIRECTION('',(-0.,-0.,-1.));
#2483 = DEFINITIONAL_REPRESENTATION('',(#2484),#2490);
#2484 = B_SPLINE_CURVE_WITH_KNOTS('',4,(#2485,#2486,#2487,#2488,#2489),
  .UNSPECIFIED.,.F.,.F.,(5,5),(0.,1.),.PIECEWISE_BEZIER_KNOTS.);
#2485 = CARTESIAN_POINT('',(1.,-0.1));
#2486 = CARTESIAN_POINT('',(0.748538951251,-0.1));
#2487 = CARTESIAN_POINT('',(0.497919746266,-0.1));
#2488 = CARTESIAN_POINT('',(0.248348783946,-1.E-01));
#2489 = CARTESIAN_POINT('',(0.,-1.E-01));
#2490 = ( GEOMETRIC_REPRESENTATION_CONTEXT(2) 
PARAMETRIC_REPRESENTATION_CONTEXT() REPRESENTATION_CONTEXT('2D SPACE',''
  ) );
#2491 = ORIENTED_EDGE('',*,*,#2492,.F.);
#2492 = EDGE_CURVE('',#2493,#2457,#2495,.T.);
#2493 = VERTEX_POINT('',#2494);
#2494 = CARTESIAN_POINT('',(4.309872611465,-0.566878980892,
    2.108111842105));
#2495 = SURFACE_CURVE('',#2496,(#2500,#2506),.PCURVE_S1.);
#2496 = LINE('',#2497,#2498);
#2497 = CARTESIAN_POINT('',(10.873086530339,-0.566878980892,
    2.108111842105));
#2498 = VECTOR('',#2499,1.);
#2499 = DIRECTION('',(-1.,-2.22044604925E-16,0.));
#2500 = PCURVE('',#44,#2501);
#2501 = DEFINITIONAL_REPRESENTATION('',(#2502),#2505);
#2502 = B_SPLINE_CURVE_WITH_KNOTS('',1,(#2503,#2504),.UNSPECIFIED.,.F.,
  .F.,(2,2),(6.563213918874,6.726271243715),.PIECEWISE_BEZIER_KNOTS.);
#2503 = CARTESIAN_POINT('',(-13.28948516258,-0.56687895781));
#2504 = CARTESIAN_POINT('',(-13.45254248742,-0.56687895781));
#2505 = ( GEOMETRIC_REPRESENTATION_CONTEXT(2) 
PARAMETRIC_REPRESENTATION_CONTEXT() REPRESENTATION_CONTEXT('2D SPACE',''
  ) );
#2506 = PCURVE('',#2507,#2512);
#2507 = PLANE('',#2508);
#2508 = AXIS2_PLACEMENT_3D('',#2509,#2510,#2511);
#2509 = CARTESIAN_POINT('',(4.146815286624,-0.566878980892,
    2.008111842105));
#2510 = DIRECTION('',(-2.22044604925E-16,1.,0.));
#2511 = DIRECTION('',(1.,2.22044604925E-16,0.));
#2512 = DEFINITIONAL_REPRESENTATION('',(#2513),#2516);
#2513 = B_SPLINE_CURVE_WITH_KNOTS('',1,(#2514,#2515),.UNSPECIFIED.,.F.,
  .F.,(2,2),(6.563213918874,6.726271243715),.PIECEWISE_BEZIER_KNOTS.);
#2514 = CARTESIAN_POINT('',(0.163057324841,-0.1));
#2515 = CARTESIAN_POINT('',(0.,-0.1));
#2516 = ( GEOMETRIC_REPRESENTATION_CONTEXT(2) 
PARAMETRIC_REPRESENTATION_CONTEXT() REPRESENTATION_CONTEXT('2D SPACE',''
  ) );
#2517 = ORIENTED_EDGE('',*,*,#2518,.F.);
#2518 = EDGE_CURVE('',#2519,#2493,#2521,.T.);
#2519 = VERTEX_POINT('',#2520);
#2520 = CARTESIAN_POINT('',(4.481210191083,-0.81847133758,2.108111842105
    ));
#2521 = SURFACE_CURVE('',#2522,(#2528,#2537),.PCURVE_S1.);
#2522 = B_SPLINE_CURVE_WITH_KNOTS('',4,(#2523,#2524,#2525,#2526,#2527),
  .UNSPECIFIED.,.F.,.F.,(5,5),(0.,1.),.PIECEWISE_BEZIER_KNOTS.);
#2523 = CARTESIAN_POINT('',(4.481210191083,-0.81847133758,2.108111842105
    ));
#2524 = CARTESIAN_POINT('',(4.430740837402,-0.764488291292,
    2.108111842105));
#2525 = CARTESIAN_POINT('',(4.385346458938,-0.704477048962,
    2.108111842105));
#2526 = CARTESIAN_POINT('',(4.345070470148,-0.638543084719,
    2.108111842105));
#2527 = CARTESIAN_POINT('',(4.309872611465,-0.566878980892,
    2.108111842105));
#2528 = PCURVE('',#44,#2529);
#2529 = DEFINITIONAL_REPRESENTATION('',(#2530),#2536);
#2530 = B_SPLINE_CURVE_WITH_KNOTS('',4,(#2531,#2532,#2533,#2534,#2535),
  .UNSPECIFIED.,.F.,.F.,(5,5),(0.,1.),.PIECEWISE_BEZIER_KNOTS.);
#2531 = CARTESIAN_POINT('',(-13.11814758297,-0.818471314498));
#2532 = CARTESIAN_POINT('',(-13.16861693665,-0.764488268211));
#2533 = CARTESIAN_POINT('',(-13.21401131511,-0.704477025881));
#2534 = CARTESIAN_POINT('',(-13.2542873039,-0.638543061638));
#2535 = CARTESIAN_POINT('',(-13.28948516258,-0.56687895781));
#2536 = ( GEOMETRIC_REPRESENTATION_CONTEXT(2) 
PARAMETRIC_REPRESENTATION_CONTEXT() REPRESENTATION_CONTEXT('2D SPACE',''
  ) );
#2537 = PCURVE('',#2538,#2545);
#2538 = SURFACE_OF_LINEAR_EXTRUSION('',#2539,#2543);
#2539 = B_SPLINE_CURVE_WITH_KNOTS('',2,(#2540,#2541,#2542),
  .UNSPECIFIED.,.F.,.F.,(3,3),(0.,1.),.PIECEWISE_BEZIER_KNOTS.);
#2540 = CARTESIAN_POINT('',(4.309872611465,-0.566878980892,
    2.008111842105));
#2541 = CARTESIAN_POINT('',(4.380573248408,-0.710828025478,
    2.008111842105));
#2542 = CARTESIAN_POINT('',(4.481210191083,-0.81847133758,2.008111842105
    ));
#2543 = VECTOR('',#2544,1.);
#2544 = DIRECTION('',(-0.,-0.,-1.));
#2545 = DEFINITIONAL_REPRESENTATION('',(#2546),#2552);
#2546 = B_SPLINE_CURVE_WITH_KNOTS('',4,(#2547,#2548,#2549,#2550,#2551),
  .UNSPECIFIED.,.F.,.F.,(5,5),(0.,1.),.PIECEWISE_BEZIER_KNOTS.);
#2547 = CARTESIAN_POINT('',(1.,-0.1));
#2548 = CARTESIAN_POINT('',(0.749250355584,-0.1));
#2549 = CARTESIAN_POINT('',(0.498776212557,-0.1));
#2550 = CARTESIAN_POINT('',(0.248921782847,-1.E-01));
#2551 = CARTESIAN_POINT('',(0.,-1.E-01));
#2552 = ( GEOMETRIC_REPRESENTATION_CONTEXT(2) 
PARAMETRIC_REPRESENTATION_CONTEXT() REPRESENTATION_CONTEXT('2D SPACE',''
  ) );
#2553 = ORIENTED_EDGE('',*,*,#2554,.F.);
#2554 = EDGE_CURVE('',#2555,#2519,#2557,.T.);
#2555 = VERTEX_POINT('',#2556);
#2556 = CARTESIAN_POINT('',(4.676751592357,-0.971974522293,
    2.108111842105));
#2557 = SURFACE_CURVE('',#2558,(#2565,#2575),.PCURVE_S1.);
#2558 = B_SPLINE_CURVE_WITH_KNOTS('',5,(#2559,#2560,#2561,#2562,#2563,
    #2564),.UNSPECIFIED.,.F.,.F.,(6,6),(0.,1.),
  .PIECEWISE_BEZIER_KNOTS.);
#2559 = CARTESIAN_POINT('',(4.676751592357,-0.971974522293,
    2.108111842105));
#2560 = CARTESIAN_POINT('',(4.638448002461,-0.953722473666,
    2.108111842105));
#2561 = CARTESIAN_POINT('',(4.599686232144,-0.929110400995,
    2.108111842105));
#2562 = CARTESIAN_POINT('',(4.560522424273,-0.898245537658,
    2.108111842105));
#2563 = CARTESIAN_POINT('',(4.521012374977,-0.8612964699,2.108111842105)
  );
#2564 = CARTESIAN_POINT('',(4.481210191083,-0.81847133758,2.108111842105
    ));
#2565 = PCURVE('',#44,#2566);
#2566 = DEFINITIONAL_REPRESENTATION('',(#2567),#2574);
#2567 = B_SPLINE_CURVE_WITH_KNOTS('',5,(#2568,#2569,#2570,#2571,#2572,
    #2573),.UNSPECIFIED.,.F.,.F.,(6,6),(0.,1.),
  .PIECEWISE_BEZIER_KNOTS.);
#2568 = CARTESIAN_POINT('',(-12.92260618169,-0.971974499211));
#2569 = CARTESIAN_POINT('',(-12.96090977159,-0.953722450585));
#2570 = CARTESIAN_POINT('',(-12.99967154191,-0.929110377913));
#2571 = CARTESIAN_POINT('',(-13.03883534978,-0.898245514576));
#2572 = CARTESIAN_POINT('',(-13.07834539907,-0.861296446818));
#2573 = CARTESIAN_POINT('',(-13.11814758297,-0.818471314498));
#2574 = ( GEOMETRIC_REPRESENTATION_CONTEXT(2) 
PARAMETRIC_REPRESENTATION_CONTEXT() REPRESENTATION_CONTEXT('2D SPACE',''
  ) );
#2575 = PCURVE('',#2576,#2583);
#2576 = SURFACE_OF_LINEAR_EXTRUSION('',#2577,#2581);
#2577 = B_SPLINE_CURVE_WITH_KNOTS('',2,(#2578,#2579,#2580),
  .UNSPECIFIED.,.F.,.F.,(3,3),(0.,1.),.PIECEWISE_BEZIER_KNOTS.);
#2578 = CARTESIAN_POINT('',(4.481210191083,-0.81847133758,2.008111842105
    ));
#2579 = CARTESIAN_POINT('',(4.581847133758,-0.926751592357,
    2.008111842105));
#2580 = CARTESIAN_POINT('',(4.676751592357,-0.971974522293,
    2.008111842105));
#2581 = VECTOR('',#2582,1.);
#2582 = DIRECTION('',(-0.,-0.,-1.));
#2583 = DEFINITIONAL_REPRESENTATION('',(#2584),#2591);
#2584 = B_SPLINE_CURVE_WITH_KNOTS('',5,(#2585,#2586,#2587,#2588,#2589,
    #2590),.UNSPECIFIED.,.F.,.F.,(6,6),(0.,1.),
  .PIECEWISE_BEZIER_KNOTS.);
#2585 = CARTESIAN_POINT('',(1.,-0.1));
#2586 = CARTESIAN_POINT('',(0.798199208815,-0.1));
#2587 = CARTESIAN_POINT('',(0.597059279197,-1.E-01));
#2588 = CARTESIAN_POINT('',(0.396835705698,-0.1));
#2589 = CARTESIAN_POINT('',(0.197751357818,-1.E-01));
#2590 = CARTESIAN_POINT('',(0.,-1.E-01));
#2591 = ( GEOMETRIC_REPRESENTATION_CONTEXT(2) 
PARAMETRIC_REPRESENTATION_CONTEXT() REPRESENTATION_CONTEXT('2D SPACE',''
  ) );
#2592 = ORIENTED_EDGE('',*,*,#2593,.F.);
#2593 = EDGE_CURVE('',#2594,#2555,#2596,.T.);
#2594 = VERTEX_POINT('',#2595);
#2595 = CARTESIAN_POINT('',(4.676751592357,-1.082802547771,
    2.108111842105));
#2596 = SURFACE_CURVE('',#2597,(#2601,#2607),.PCURVE_S1.);
#2597 = LINE('',#2598,#2599);
#2598 = CARTESIAN_POINT('',(4.676751592357,-0.485987272687,
    2.108111842105));
#2599 = VECTOR('',#2600,1.);
#2600 = DIRECTION('',(-2.22044604925E-16,1.,0.));
#2601 = PCURVE('',#44,#2602);
#2602 = DEFINITIONAL_REPRESENTATION('',(#2603),#2606);
#2603 = B_SPLINE_CURVE_WITH_KNOTS('',1,(#2604,#2605),.UNSPECIFIED.,.F.,
  .F.,(2,2),(-0.596815275083,-0.485987249606),.PIECEWISE_BEZIER_KNOTS.);
#2604 = CARTESIAN_POINT('',(-12.92260618169,-1.082802524689));
#2605 = CARTESIAN_POINT('',(-12.92260618169,-0.971974499211));
#2606 = ( GEOMETRIC_REPRESENTATION_CONTEXT(2) 
PARAMETRIC_REPRESENTATION_CONTEXT() REPRESENTATION_CONTEXT('2D SPACE',''
  ) );
#2607 = PCURVE('',#2608,#2613);
#2608 = PLANE('',#2609);
#2609 = AXIS2_PLACEMENT_3D('',#2610,#2611,#2612);
#2610 = CARTESIAN_POINT('',(4.676751592357,-0.971974522293,
    2.008111842105));
#2611 = DIRECTION('',(1.,2.22044604925E-16,0.));
#2612 = DIRECTION('',(2.22044604925E-16,-1.,0.));
#2613 = DEFINITIONAL_REPRESENTATION('',(#2614),#2617);
#2614 = B_SPLINE_CURVE_WITH_KNOTS('',1,(#2615,#2616),.UNSPECIFIED.,.F.,
  .F.,(2,2),(-0.596815275083,-0.485987249606),.PIECEWISE_BEZIER_KNOTS.);
#2615 = CARTESIAN_POINT('',(0.110828025478,-0.1));
#2616 = CARTESIAN_POINT('',(0.,-0.1));
#2617 = ( GEOMETRIC_REPRESENTATION_CONTEXT(2) 
PARAMETRIC_REPRESENTATION_CONTEXT() REPRESENTATION_CONTEXT('2D SPACE',''
  ) );
#2618 = ORIENTED_EDGE('',*,*,#2619,.F.);
#2619 = EDGE_CURVE('',#2369,#2594,#2620,.T.);
#2620 = SURFACE_CURVE('',#2621,(#2625,#2631),.PCURVE_S1.);
#2621 = LINE('',#2622,#2623);
#2622 = CARTESIAN_POINT('',(11.138054683205,-1.082802547771,
    2.108111842105));
#2623 = VECTOR('',#2624,1.);
#2624 = DIRECTION('',(1.,2.22044604925E-16,0.));
#2625 = PCURVE('',#44,#2626);
#2626 = DEFINITIONAL_REPRESENTATION('',(#2627),#2630);
#2627 = B_SPLINE_CURVE_WITH_KNOTS('',1,(#2628,#2629),.UNSPECIFIED.,.F.,
  .F.,(2,2),(-7.888054683205,-6.461303090849),.PIECEWISE_BEZIER_KNOTS.);
#2628 = CARTESIAN_POINT('',(-14.34935777405,-1.082802524689));
#2629 = CARTESIAN_POINT('',(-12.92260618169,-1.082802524689));
#2630 = ( GEOMETRIC_REPRESENTATION_CONTEXT(2) 
PARAMETRIC_REPRESENTATION_CONTEXT() REPRESENTATION_CONTEXT('2D SPACE',''
  ) );
#2631 = PCURVE('',#2632,#2637);
#2632 = PLANE('',#2633);
#2633 = AXIS2_PLACEMENT_3D('',#2634,#2635,#2636);
#2634 = CARTESIAN_POINT('',(4.676751592357,-1.082802547771,
    2.008111842105));
#2635 = DIRECTION('',(2.22044604925E-16,-1.,0.));
#2636 = DIRECTION('',(-1.,-2.22044604925E-16,0.));
#2637 = DEFINITIONAL_REPRESENTATION('',(#2638),#2641);
#2638 = B_SPLINE_CURVE_WITH_KNOTS('',1,(#2639,#2640),.UNSPECIFIED.,.F.,
  .F.,(2,2),(-7.888054683205,-6.461303090849),.PIECEWISE_BEZIER_KNOTS.);
#2639 = CARTESIAN_POINT('',(1.426751592357,-0.1));
#2640 = CARTESIAN_POINT('',(0.,-0.1));
#2641 = ( GEOMETRIC_REPRESENTATION_CONTEXT(2) 
PARAMETRIC_REPRESENTATION_CONTEXT() REPRESENTATION_CONTEXT('2D SPACE',''
  ) );
#2642 = FACE_BOUND('',#2643,.T.);
#2643 = EDGE_LOOP('',(#2644,#2672,#2698,#2724));
#2644 = ORIENTED_EDGE('',*,*,#2645,.F.);
#2645 = EDGE_CURVE('',#2646,#2648,#2650,.T.);
#2646 = VERTEX_POINT('',#2647);
#2647 = CARTESIAN_POINT('',(3.861464968153,0.236305732484,2.108111842105
    ));
#2648 = VERTEX_POINT('',#2649);
#2649 = CARTESIAN_POINT('',(3.698407643312,0.236305732484,2.108111842105
    ));
#2650 = SURFACE_CURVE('',#2651,(#2655,#2661),.PCURVE_S1.);
#2651 = LINE('',#2652,#2653);
#2652 = CARTESIAN_POINT('',(10.648882708683,0.236305732484,
    2.108111842105));
#2653 = VECTOR('',#2654,1.);
#2654 = DIRECTION('',(-1.,-2.22044604925E-16,0.));
#2655 = PCURVE('',#44,#2656);
#2656 = DEFINITIONAL_REPRESENTATION('',(#2657),#2660);
#2657 = B_SPLINE_CURVE_WITH_KNOTS('',1,(#2658,#2659),.UNSPECIFIED.,.F.,
  .F.,(2,2),(6.78741774053,6.950475065371),.PIECEWISE_BEZIER_KNOTS.);
#2658 = CARTESIAN_POINT('',(-13.7378928059,0.236305755566));
#2659 = CARTESIAN_POINT('',(-13.90095013074,0.236305755566));
#2660 = ( GEOMETRIC_REPRESENTATION_CONTEXT(2) 
PARAMETRIC_REPRESENTATION_CONTEXT() REPRESENTATION_CONTEXT('2D SPACE',''
  ) );
#2661 = PCURVE('',#2662,#2667);
#2662 = PLANE('',#2663);
#2663 = AXIS2_PLACEMENT_3D('',#2664,#2665,#2666);
#2664 = CARTESIAN_POINT('',(3.698407643312,0.236305732484,2.008111842105
    ));
#2665 = DIRECTION('',(-2.22044604925E-16,1.,0.));
#2666 = DIRECTION('',(1.,2.22044604925E-16,0.));
#2667 = DEFINITIONAL_REPRESENTATION('',(#2668),#2671);
#2668 = B_SPLINE_CURVE_WITH_KNOTS('',1,(#2669,#2670),.UNSPECIFIED.,.F.,
  .F.,(2,2),(6.78741774053,6.950475065371),.PIECEWISE_BEZIER_KNOTS.);
#2669 = CARTESIAN_POINT('',(0.163057324841,-0.1));
#2670 = CARTESIAN_POINT('',(0.,-0.1));
#2671 = ( GEOMETRIC_REPRESENTATION_CONTEXT(2) 
PARAMETRIC_REPRESENTATION_CONTEXT() REPRESENTATION_CONTEXT('2D SPACE',''
  ) );
#2672 = ORIENTED_EDGE('',*,*,#2673,.F.);
#2673 = EDGE_CURVE('',#2674,#2646,#2676,.T.);
#2674 = VERTEX_POINT('',#2675);
#2675 = CARTESIAN_POINT('',(3.861464968153,-0.291719745223,
    2.108111842105));
#2676 = SURFACE_CURVE('',#2677,(#2681,#2687),.PCURVE_S1.);
#2677 = LINE('',#2678,#2679);
#2678 = CARTESIAN_POINT('',(3.861464968153,0.118152854701,2.108111842105
    ));
#2679 = VECTOR('',#2680,1.);
#2680 = DIRECTION('',(-2.22044604925E-16,1.,0.));
#2681 = PCURVE('',#44,#2682);
#2682 = DEFINITIONAL_REPRESENTATION('',(#2683),#2686);
#2683 = B_SPLINE_CURVE_WITH_KNOTS('',1,(#2684,#2685),.UNSPECIFIED.,.F.,
  .F.,(2,2),(-0.409872599924,0.118152877783),.PIECEWISE_BEZIER_KNOTS.);
#2684 = CARTESIAN_POINT('',(-13.7378928059,-0.291719722141));
#2685 = CARTESIAN_POINT('',(-13.7378928059,0.236305755566));
#2686 = ( GEOMETRIC_REPRESENTATION_CONTEXT(2) 
PARAMETRIC_REPRESENTATION_CONTEXT() REPRESENTATION_CONTEXT('2D SPACE',''
  ) );
#2687 = PCURVE('',#2688,#2693);
#2688 = PLANE('',#2689);
#2689 = AXIS2_PLACEMENT_3D('',#2690,#2691,#2692);
#2690 = CARTESIAN_POINT('',(3.861464968153,0.236305732484,2.008111842105
    ));
#2691 = DIRECTION('',(1.,2.22044604925E-16,0.));
#2692 = DIRECTION('',(2.22044604925E-16,-1.,0.));
#2693 = DEFINITIONAL_REPRESENTATION('',(#2694),#2697);
#2694 = B_SPLINE_CURVE_WITH_KNOTS('',1,(#2695,#2696),.UNSPECIFIED.,.F.,
  .F.,(2,2),(-0.409872599924,0.118152877783),.PIECEWISE_BEZIER_KNOTS.);
#2695 = CARTESIAN_POINT('',(0.528025477707,-0.1));
#2696 = CARTESIAN_POINT('',(0.,-0.1));
#2697 = ( GEOMETRIC_REPRESENTATION_CONTEXT(2) 
PARAMETRIC_REPRESENTATION_CONTEXT() REPRESENTATION_CONTEXT('2D SPACE',''
  ) );
#2698 = ORIENTED_EDGE('',*,*,#2699,.F.);
#2699 = EDGE_CURVE('',#2700,#2674,#2702,.T.);
#2700 = VERTEX_POINT('',#2701);
#2701 = CARTESIAN_POINT('',(3.698407643312,-0.291719745223,
    2.108111842105));
#2702 = SURFACE_CURVE('',#2703,(#2707,#2713),.PCURVE_S1.);
#2703 = LINE('',#2704,#2705);
#2704 = CARTESIAN_POINT('',(10.730411371103,-0.291719745223,
    2.108111842105));
#2705 = VECTOR('',#2706,1.);
#2706 = DIRECTION('',(1.,2.22044604925E-16,0.));
#2707 = PCURVE('',#44,#2708);
#2708 = DEFINITIONAL_REPRESENTATION('',(#2709),#2712);
#2709 = B_SPLINE_CURVE_WITH_KNOTS('',1,(#2710,#2711),.UNSPECIFIED.,.F.,
  .F.,(2,2),(-7.032003727791,-6.86894640295),.PIECEWISE_BEZIER_KNOTS.);
#2710 = CARTESIAN_POINT('',(-13.90095013074,-0.291719722141));
#2711 = CARTESIAN_POINT('',(-13.7378928059,-0.291719722141));
#2712 = ( GEOMETRIC_REPRESENTATION_CONTEXT(2) 
PARAMETRIC_REPRESENTATION_CONTEXT() REPRESENTATION_CONTEXT('2D SPACE',''
  ) );
#2713 = PCURVE('',#2714,#2719);
#2714 = PLANE('',#2715);
#2715 = AXIS2_PLACEMENT_3D('',#2716,#2717,#2718);
#2716 = CARTESIAN_POINT('',(3.861464968153,-0.291719745223,
    2.008111842105));
#2717 = DIRECTION('',(2.22044604925E-16,-1.,0.));
#2718 = DIRECTION('',(-1.,-2.22044604925E-16,0.));
#2719 = DEFINITIONAL_REPRESENTATION('',(#2720),#2723);
#2720 = B_SPLINE_CURVE_WITH_KNOTS('',1,(#2721,#2722),.UNSPECIFIED.,.F.,
  .F.,(2,2),(-7.032003727791,-6.86894640295),.PIECEWISE_BEZIER_KNOTS.);
#2721 = CARTESIAN_POINT('',(0.163057324841,-0.1));
#2722 = CARTESIAN_POINT('',(0.,-0.1));
#2723 = ( GEOMETRIC_REPRESENTATION_CONTEXT(2) 
PARAMETRIC_REPRESENTATION_CONTEXT() REPRESENTATION_CONTEXT('2D SPACE',''
  ) );
#2724 = ORIENTED_EDGE('',*,*,#2725,.F.);
#2725 = EDGE_CURVE('',#2648,#2700,#2726,.T.);
#2726 = SURFACE_CURVE('',#2727,(#2731,#2737),.PCURVE_S1.);
#2727 = LINE('',#2728,#2729);
#2728 = CARTESIAN_POINT('',(3.698407643312,-0.145859884152,
    2.108111842105));
#2729 = VECTOR('',#2730,1.);
#2730 = DIRECTION('',(2.22044604925E-16,-1.,0.));
#2731 = PCURVE('',#44,#2732);
#2732 = DEFINITIONAL_REPRESENTATION('',(#2733),#2736);
#2733 = B_SPLINE_CURVE_WITH_KNOTS('',1,(#2734,#2735),.UNSPECIFIED.,.F.,
  .F.,(2,2),(-0.382165616636,0.145859861071),.PIECEWISE_BEZIER_KNOTS.);
#2734 = CARTESIAN_POINT('',(-13.90095013074,0.236305755566));
#2735 = CARTESIAN_POINT('',(-13.90095013074,-0.291719722141));
#2736 = ( GEOMETRIC_REPRESENTATION_CONTEXT(2) 
PARAMETRIC_REPRESENTATION_CONTEXT() REPRESENTATION_CONTEXT('2D SPACE',''
  ) );
#2737 = PCURVE('',#2738,#2743);
#2738 = PLANE('',#2739);
#2739 = AXIS2_PLACEMENT_3D('',#2740,#2741,#2742);
#2740 = CARTESIAN_POINT('',(3.698407643312,-0.291719745223,
    2.008111842105));
#2741 = DIRECTION('',(-1.,-2.22044604925E-16,0.));
#2742 = DIRECTION('',(-2.22044604925E-16,1.,0.));
#2743 = DEFINITIONAL_REPRESENTATION('',(#2744),#2747);
#2744 = B_SPLINE_CURVE_WITH_KNOTS('',1,(#2745,#2746),.UNSPECIFIED.,.F.,
  .F.,(2,2),(-0.382165616636,0.145859861071),.PIECEWISE_BEZIER_KNOTS.);
#2745 = CARTESIAN_POINT('',(0.528025477707,-0.1));
#2746 = CARTESIAN_POINT('',(0.,-0.1));
#2747 = ( GEOMETRIC_REPRESENTATION_CONTEXT(2) 
PARAMETRIC_REPRESENTATION_CONTEXT() REPRESENTATION_CONTEXT('2D SPACE',''
  ) );
#2748 = FACE_BOUND('',#2749,.T.);
#2749 = EDGE_LOOP('',(#2750,#2778,#2817,#2862,#2907,#2958,#3009,#3054,
    #3099,#3144,#3170,#3196,#3222,#3248,#3274,#3300,#3351,#3402,#3453,
    #3504,#3555,#3606));
#2750 = ORIENTED_EDGE('',*,*,#2751,.F.);
#2751 = EDGE_CURVE('',#2752,#2754,#2756,.T.);
#2752 = VERTEX_POINT('',#2753);
#2753 = CARTESIAN_POINT('',(3.672929936306,1.137579617834,2.108111842105
    ));
#2754 = VERTEX_POINT('',#2755);
#2755 = CARTESIAN_POINT('',(3.657643312102,1.317834394904,2.108111842105
    ));
#2756 = SURFACE_CURVE('',#2757,(#2761,#2767),.PCURVE_S1.);
#2757 = LINE('',#2758,#2759);
#2758 = CARTESIAN_POINT('',(3.76290060397,7.667549496238E-02,
    2.108111842105));
#2759 = VECTOR('',#2760,1.);
#2760 = DIRECTION('',(-8.450232778878E-02,0.996423281843,0.));
#2761 = PCURVE('',#44,#2762);
#2762 = DEFINITIONAL_REPRESENTATION('',(#2763),#2766);
#2763 = B_SPLINE_CURVE_WITH_KNOTS('',1,(#2764,#2765),.UNSPECIFIED.,.F.,
  .F.,(2,2),(1.064712298683,1.245614110548),.PIECEWISE_BEZIER_KNOTS.);
#2764 = CARTESIAN_POINT('',(-13.92642783774,1.137579640916));
#2765 = CARTESIAN_POINT('',(-13.94171446195,1.317834417986));
#2766 = ( GEOMETRIC_REPRESENTATION_CONTEXT(2) 
PARAMETRIC_REPRESENTATION_CONTEXT() REPRESENTATION_CONTEXT('2D SPACE',''
  ) );
#2767 = PCURVE('',#2768,#2773);
#2768 = PLANE('',#2769);
#2769 = AXIS2_PLACEMENT_3D('',#2770,#2771,#2772);
#2770 = CARTESIAN_POINT('',(3.657643312102,1.317834394904,2.008111842105
    ));
#2771 = DIRECTION('',(0.996423281843,8.450232778878E-02,0.));
#2772 = DIRECTION('',(8.450232778878E-02,-0.996423281843,0.));
#2773 = DEFINITIONAL_REPRESENTATION('',(#2774),#2777);
#2774 = B_SPLINE_CURVE_WITH_KNOTS('',1,(#2775,#2776),.UNSPECIFIED.,.F.,
  .F.,(2,2),(1.064712298683,1.245614110548),.PIECEWISE_BEZIER_KNOTS.);
#2775 = CARTESIAN_POINT('',(0.180901811865,-0.1));
#2776 = CARTESIAN_POINT('',(0.,-0.1));
#2777 = ( GEOMETRIC_REPRESENTATION_CONTEXT(2) 
PARAMETRIC_REPRESENTATION_CONTEXT() REPRESENTATION_CONTEXT('2D SPACE',''
  ) );
#2778 = ORIENTED_EDGE('',*,*,#2779,.F.);
#2779 = EDGE_CURVE('',#2780,#2752,#2782,.T.);
#2780 = VERTEX_POINT('',#2781);
#2781 = CARTESIAN_POINT('',(3.463375796178,1.044585987261,2.108111842105
    ));
#2782 = SURFACE_CURVE('',#2783,(#2790,#2800),.PCURVE_S1.);
#2783 = B_SPLINE_CURVE_WITH_KNOTS('',5,(#2784,#2785,#2786,#2787,#2788,
    #2789),.UNSPECIFIED.,.F.,.F.,(6,6),(0.,1.),
  .PIECEWISE_BEZIER_KNOTS.);
#2784 = CARTESIAN_POINT('',(3.463375796178,1.044585987261,2.108111842105
    ));
#2785 = CARTESIAN_POINT('',(3.491844142158,1.073823743075,2.108111842105
    ));
#2786 = CARTESIAN_POINT('',(3.527191215223,1.097740633391,2.108111842105
    ));
#2787 = CARTESIAN_POINT('',(3.56932010778,1.116284856427,2.108111842105)
  );
#2788 = CARTESIAN_POINT('',(3.618004872172,1.129517220638,2.108111842105
    ));
#2789 = CARTESIAN_POINT('',(3.672929936306,1.137579617834,2.108111842105
    ));
#2790 = PCURVE('',#44,#2791);
#2791 = DEFINITIONAL_REPRESENTATION('',(#2792),#2799);
#2792 = B_SPLINE_CURVE_WITH_KNOTS('',5,(#2793,#2794,#2795,#2796,#2797,
    #2798),.UNSPECIFIED.,.F.,.F.,(6,6),(0.,1.),
  .PIECEWISE_BEZIER_KNOTS.);
#2793 = CARTESIAN_POINT('',(-14.13598197787,1.044586010343));
#2794 = CARTESIAN_POINT('',(-14.10751363189,1.073823766157));
#2795 = CARTESIAN_POINT('',(-14.07216655883,1.097740656472));
#2796 = CARTESIAN_POINT('',(-14.03003766627,1.116284879508));
#2797 = CARTESIAN_POINT('',(-13.98135290188,1.129517243719));
#2798 = CARTESIAN_POINT('',(-13.92642783774,1.137579640916));
#2799 = ( GEOMETRIC_REPRESENTATION_CONTEXT(2) 
PARAMETRIC_REPRESENTATION_CONTEXT() REPRESENTATION_CONTEXT('2D SPACE',''
  ) );
#2800 = PCURVE('',#2801,#2808);
#2801 = SURFACE_OF_LINEAR_EXTRUSION('',#2802,#2806);
#2802 = B_SPLINE_CURVE_WITH_KNOTS('',2,(#2803,#2804,#2805),
  .UNSPECIFIED.,.F.,.F.,(3,3),(0.,1.),.PIECEWISE_BEZIER_KNOTS.);
#2803 = CARTESIAN_POINT('',(3.672929936306,1.137579617834,2.008111842105
    ));
#2804 = CARTESIAN_POINT('',(3.534076433121,1.117197452229,2.008111842105
    ));
#2805 = CARTESIAN_POINT('',(3.463375796178,1.044585987261,2.008111842105
    ));
#2806 = VECTOR('',#2807,1.);
#2807 = DIRECTION('',(-0.,-0.,-1.));
#2808 = DEFINITIONAL_REPRESENTATION('',(#2809),#2816);
#2809 = B_SPLINE_CURVE_WITH_KNOTS('',5,(#2810,#2811,#2812,#2813,#2814,
    #2815),.UNSPECIFIED.,.F.,.F.,(6,6),(0.,1.),
  .PIECEWISE_BEZIER_KNOTS.);
#2810 = CARTESIAN_POINT('',(1.,-0.1));
#2811 = CARTESIAN_POINT('',(0.798669824868,-0.1));
#2812 = CARTESIAN_POINT('',(0.597534130256,-1.E-01));
#2813 = CARTESIAN_POINT('',(0.397090053831,-0.1));
#2814 = CARTESIAN_POINT('',(0.197780630554,-1.E-01));
#2815 = CARTESIAN_POINT('',(0.,-1.E-01));
#2816 = ( GEOMETRIC_REPRESENTATION_CONTEXT(2) 
PARAMETRIC_REPRESENTATION_CONTEXT() REPRESENTATION_CONTEXT('2D SPACE',''
  ) );
#2817 = ORIENTED_EDGE('',*,*,#2818,.F.);
#2818 = EDGE_CURVE('',#2819,#2780,#2821,.T.);
#2819 = VERTEX_POINT('',#2820);
#2820 = CARTESIAN_POINT('',(3.392675159236,0.868152866242,2.108111842105
    ));
#2821 = SURFACE_CURVE('',#2822,(#2831,#2843),.PCURVE_S1.);
#2822 = B_SPLINE_CURVE_WITH_KNOTS('',4,(#2823,#2824,#2825,#2826,#2827,
    #2828,#2829,#2830),.UNSPECIFIED.,.F.,.F.,(5,3,5),(0.,0.524045318313,
    1.),.UNSPECIFIED.);
#2823 = CARTESIAN_POINT('',(3.392675159236,0.868152866242,2.108111842105
    ));
#2824 = CARTESIAN_POINT('',(3.392675161084,0.895131218567,2.108111842105
    ));
#2825 = CARTESIAN_POINT('',(3.395897167603,0.920801085347,2.108111842105
    ));
#2826 = CARTESIAN_POINT('',(3.402371411314,0.945122308353,2.108111842105
    ));
#2827 = CARTESIAN_POINT('',(3.420912643668,0.988913075339,2.108111842105
    ));
#2828 = CARTESIAN_POINT('',(3.432411892903,1.008623101321,2.108111842105
    ));
#2829 = CARTESIAN_POINT('',(3.446577850785,1.027182708051,2.108111842105
    ));
#2830 = CARTESIAN_POINT('',(3.463375796178,1.044585987261,2.108111842105
    ));
#2831 = PCURVE('',#44,#2832);
#2832 = DEFINITIONAL_REPRESENTATION('',(#2833),#2842);
#2833 = B_SPLINE_CURVE_WITH_KNOTS('',4,(#2834,#2835,#2836,#2837,#2838,
    #2839,#2840,#2841),.UNSPECIFIED.,.F.,.F.,(5,3,5),(0.,0.524045318313,
    1.),.UNSPECIFIED.);
#2834 = CARTESIAN_POINT('',(-14.20668261481,0.868152889324));
#2835 = CARTESIAN_POINT('',(-14.20668261297,0.895131241648));
#2836 = CARTESIAN_POINT('',(-14.20346060645,0.920801108429));
#2837 = CARTESIAN_POINT('',(-14.19698636274,0.945122331434));
#2838 = CARTESIAN_POINT('',(-14.17844513038,0.98891309842));
#2839 = CARTESIAN_POINT('',(-14.16694588115,1.008623124402));
#2840 = CARTESIAN_POINT('',(-14.15277992326,1.027182731132));
#2841 = CARTESIAN_POINT('',(-14.13598197787,1.044586010343));
#2842 = ( GEOMETRIC_REPRESENTATION_CONTEXT(2) 
PARAMETRIC_REPRESENTATION_CONTEXT() REPRESENTATION_CONTEXT('2D SPACE',''
  ) );
#2843 = PCURVE('',#2844,#2851);
#2844 = SURFACE_OF_LINEAR_EXTRUSION('',#2845,#2849);
#2845 = B_SPLINE_CURVE_WITH_KNOTS('',2,(#2846,#2847,#2848),
  .UNSPECIFIED.,.F.,.F.,(3,3),(0.,1.),.PIECEWISE_BEZIER_KNOTS.);
#2846 = CARTESIAN_POINT('',(3.463375796178,1.044585987261,2.008111842105
    ));
#2847 = CARTESIAN_POINT('',(3.392675159236,0.971337579618,2.008111842105
    ));
#2848 = CARTESIAN_POINT('',(3.392675159236,0.868152866242,2.008111842105
    ));
#2849 = VECTOR('',#2850,1.);
#2850 = DIRECTION('',(-0.,-0.,-1.));
#2851 = DEFINITIONAL_REPRESENTATION('',(#2852),#2861);
#2852 = B_SPLINE_CURVE_WITH_KNOTS('',4,(#2853,#2854,#2855,#2856,#2857,
    #2858,#2859,#2860),.UNSPECIFIED.,.F.,.F.,(5,3,5),(0.,0.524045318313,
    1.),.UNSPECIFIED.);
#2853 = CARTESIAN_POINT('',(1.,-0.1));
#2854 = CARTESIAN_POINT('',(0.869271560559,-0.1));
#2855 = CARTESIAN_POINT('',(0.738272796662,-0.1));
#2856 = CARTESIAN_POINT('',(0.607136271898,-0.1));
#2857 = CARTESIAN_POINT('',(0.356897852976,-0.1));
#2858 = CARTESIAN_POINT('',(0.237795533186,-0.1));
#2859 = CARTESIAN_POINT('',(0.118796292364,-1.E-01));
#2860 = CARTESIAN_POINT('',(0.,-1.E-01));
#2861 = ( GEOMETRIC_REPRESENTATION_CONTEXT(2) 
PARAMETRIC_REPRESENTATION_CONTEXT() REPRESENTATION_CONTEXT('2D SPACE',''
  ) );
#2862 = ORIENTED_EDGE('',*,*,#2863,.F.);
#2863 = EDGE_CURVE('',#2864,#2819,#2866,.T.);
#2864 = VERTEX_POINT('',#2865);
#2865 = CARTESIAN_POINT('',(3.49076433121,0.657961783439,2.108111842105)
  );
#2866 = SURFACE_CURVE('',#2867,(#2876,#2888),.PCURVE_S1.);
#2867 = B_SPLINE_CURVE_WITH_KNOTS('',4,(#2868,#2869,#2870,#2871,#2872,
    #2873,#2874,#2875),.UNSPECIFIED.,.F.,.F.,(5,3,5),(0.,0.573242229098,
    1.),.UNSPECIFIED.);
#2868 = CARTESIAN_POINT('',(3.49076433121,0.657961783439,2.108111842105)
  );
#2869 = CARTESIAN_POINT('',(3.462789393088,0.682485271699,2.108111842105
    ));
#2870 = CARTESIAN_POINT('',(3.440006591888,0.709191840756,2.108111842105
    ));
#2871 = CARTESIAN_POINT('',(3.422586810802,0.738071155021,2.108111842105
    ));
#2872 = CARTESIAN_POINT('',(3.401605888046,0.792113989299,2.108111842105
    ));
#2873 = CARTESIAN_POINT('',(3.39564064775,0.816341420625,2.108111842105)
  );
#2874 = CARTESIAN_POINT('',(3.392675161325,0.841703070164,2.108111842105
    ));
#2875 = CARTESIAN_POINT('',(3.392675159236,0.868152866242,2.108111842105
    ));
#2876 = PCURVE('',#44,#2877);
#2877 = DEFINITIONAL_REPRESENTATION('',(#2878),#2887);
#2878 = B_SPLINE_CURVE_WITH_KNOTS('',4,(#2879,#2880,#2881,#2882,#2883,
    #2884,#2885,#2886),.UNSPECIFIED.,.F.,.F.,(5,3,5),(0.,0.573242229098,
    1.),.UNSPECIFIED.);
#2879 = CARTESIAN_POINT('',(-14.10859344284,0.657961806521));
#2880 = CARTESIAN_POINT('',(-14.13656838096,0.68248529478));
#2881 = CARTESIAN_POINT('',(-14.15935118216,0.709191863838));
#2882 = CARTESIAN_POINT('',(-14.17677096325,0.738071178102));
#2883 = CARTESIAN_POINT('',(-14.197751886,0.79211401238));
#2884 = CARTESIAN_POINT('',(-14.2037171263,0.816341443706));
#2885 = CARTESIAN_POINT('',(-14.20668261272,0.841703093245));
#2886 = CARTESIAN_POINT('',(-14.20668261481,0.868152889324));
#2887 = ( GEOMETRIC_REPRESENTATION_CONTEXT(2) 
PARAMETRIC_REPRESENTATION_CONTEXT() REPRESENTATION_CONTEXT('2D SPACE',''
  ) );
#2888 = PCURVE('',#2889,#2896);
#2889 = SURFACE_OF_LINEAR_EXTRUSION('',#2890,#2894);
#2890 = B_SPLINE_CURVE_WITH_KNOTS('',2,(#2891,#2892,#2893),
  .UNSPECIFIED.,.F.,.F.,(3,3),(0.,1.),.PIECEWISE_BEZIER_KNOTS.);
#2891 = CARTESIAN_POINT('',(3.392675159236,0.868152866242,2.008111842105
    ));
#2892 = CARTESIAN_POINT('',(3.392675159236,0.743949044586,2.008111842105
    ));
#2893 = CARTESIAN_POINT('',(3.49076433121,0.657961783439,2.008111842105)
  );
#2894 = VECTOR('',#2895,1.);
#2895 = DIRECTION('',(-0.,-0.,-1.));
#2896 = DEFINITIONAL_REPRESENTATION('',(#2897),#2906);
#2897 = B_SPLINE_CURVE_WITH_KNOTS('',4,(#2898,#2899,#2900,#2901,#2902,
    #2903,#2904,#2905),.UNSPECIFIED.,.F.,.F.,(5,3,5),(0.,0.573242229098,
    1.),.UNSPECIFIED.);
#2898 = CARTESIAN_POINT('',(1.,-0.1));
#2899 = CARTESIAN_POINT('',(0.857400463496,-0.1));
#2900 = CARTESIAN_POINT('',(0.714156138824,-0.1));
#2901 = CARTESIAN_POINT('',(0.570576651959,-0.1));
#2902 = CARTESIAN_POINT('',(0.320112459562,-0.1));
#2903 = CARTESIAN_POINT('',(0.213225446877,-0.1));
#2904 = CARTESIAN_POINT('',(0.106477387489,-1.E-01));
#2905 = CARTESIAN_POINT('',(0.,-1.E-01));
#2906 = ( GEOMETRIC_REPRESENTATION_CONTEXT(2) 
PARAMETRIC_REPRESENTATION_CONTEXT() REPRESENTATION_CONTEXT('2D SPACE',''
  ) );
#2907 = ORIENTED_EDGE('',*,*,#2908,.F.);
#2908 = EDGE_CURVE('',#2909,#2864,#2911,.T.);
#2909 = VERTEX_POINT('',#2910);
#2910 = CARTESIAN_POINT('',(3.751910828025,0.571974522293,2.108111842105
    ));
#2911 = SURFACE_CURVE('',#2912,(#2923,#2937),.PCURVE_S1.);
#2912 = B_SPLINE_CURVE_WITH_KNOTS('',5,(#2913,#2914,#2915,#2916,#2917,
    #2918,#2919,#2920,#2921,#2922),.UNSPECIFIED.,.F.,.F.,(6,4,6),(0.,
    0.903499383057,1.),.UNSPECIFIED.);
#2913 = CARTESIAN_POINT('',(3.751910828025,0.571974522293,2.108111842105
    ));
#2914 = CARTESIAN_POINT('',(3.693910928025,0.571974525364,2.108111842105
    ));
#2915 = CARTESIAN_POINT('',(3.640500095113,0.578827607806,2.108111842105
    ));
#2916 = CARTESIAN_POINT('',(3.591994338871,0.592764212212,2.108111842105
    ));
#2917 = CARTESIAN_POINT('',(3.548627662561,0.613880798533,2.108111842105
    ));
#2918 = CARTESIAN_POINT('',(3.506445933984,0.645102192718,2.108111842105
    ));
#2919 = CARTESIAN_POINT('',(3.50243530693,0.648195993902,2.108111842105)
  );
#2920 = CARTESIAN_POINT('',(3.498484753152,0.651370611817,2.108111842105
    ));
#2921 = CARTESIAN_POINT('',(3.494594393307,0.654625923453,2.108111842105
    ));
#2922 = CARTESIAN_POINT('',(3.49076433121,0.657961783439,2.108111842105)
  );
#2923 = PCURVE('',#44,#2924);
#2924 = DEFINITIONAL_REPRESENTATION('',(#2925),#2936);
#2925 = B_SPLINE_CURVE_WITH_KNOTS('',5,(#2926,#2927,#2928,#2929,#2930,
    #2931,#2932,#2933,#2934,#2935),.UNSPECIFIED.,.F.,.F.,(6,4,6),(0.,
    0.903499383057,1.),.UNSPECIFIED.);
#2926 = CARTESIAN_POINT('',(-13.84744694602,0.571974545375));
#2927 = CARTESIAN_POINT('',(-13.90544684602,0.571974548445));
#2928 = CARTESIAN_POINT('',(-13.95885767894,0.578827630888));
#2929 = CARTESIAN_POINT('',(-14.00736343518,0.592764235294));
#2930 = CARTESIAN_POINT('',(-14.05073011149,0.613880821615));
#2931 = CARTESIAN_POINT('',(-14.09291184007,0.645102215799));
#2932 = CARTESIAN_POINT('',(-14.09692246712,0.648196016983));
#2933 = CARTESIAN_POINT('',(-14.1008730209,0.651370634898));
#2934 = CARTESIAN_POINT('',(-14.10476338074,0.654625946534));
#2935 = CARTESIAN_POINT('',(-14.10859344284,0.657961806521));
#2936 = ( GEOMETRIC_REPRESENTATION_CONTEXT(2) 
PARAMETRIC_REPRESENTATION_CONTEXT() REPRESENTATION_CONTEXT('2D SPACE',''
  ) );
#2937 = PCURVE('',#2938,#2945);
#2938 = SURFACE_OF_LINEAR_EXTRUSION('',#2939,#2943);
#2939 = B_SPLINE_CURVE_WITH_KNOTS('',2,(#2940,#2941,#2942),
  .UNSPECIFIED.,.F.,.F.,(3,3),(0.,1.),.PIECEWISE_BEZIER_KNOTS.);
#2940 = CARTESIAN_POINT('',(3.49076433121,0.657961783439,2.008111842105)
  );
#2941 = CARTESIAN_POINT('',(3.58949044586,0.571974522293,2.008111842105)
  );
#2942 = CARTESIAN_POINT('',(3.751910828025,0.571974522293,2.008111842105
    ));
#2943 = VECTOR('',#2944,1.);
#2944 = DIRECTION('',(-0.,-0.,-1.));
#2945 = DEFINITIONAL_REPRESENTATION('',(#2946),#2957);
#2946 = B_SPLINE_CURVE_WITH_KNOTS('',5,(#2947,#2948,#2949,#2950,#2951,
    #2952,#2953,#2954,#2955,#2956),.UNSPECIFIED.,.F.,.F.,(6,4,6),(0.,
    0.903499383057,1.),.UNSPECIFIED.);
#2947 = CARTESIAN_POINT('',(1.,-0.1));
#2948 = CARTESIAN_POINT('',(0.821451281231,-0.1));
#2949 = CARTESIAN_POINT('',(0.641402479791,-0.1));
#2950 = CARTESIAN_POINT('',(0.460300926744,-0.1));
#2951 = CARTESIAN_POINT('',(0.278647025565,-0.1));
#2952 = CARTESIAN_POINT('',(7.759871388772E-02,-0.1));
#2953 = CARTESIAN_POINT('',(5.819741846398E-02,-0.1));
#2954 = CARTESIAN_POINT('',(3.879676652612E-02,-0.1));
#2955 = CARTESIAN_POINT('',(1.939741001202E-02,-1.E-01));
#2956 = CARTESIAN_POINT('',(0.,-1.E-01));
#2957 = ( GEOMETRIC_REPRESENTATION_CONTEXT(2) 
PARAMETRIC_REPRESENTATION_CONTEXT() REPRESENTATION_CONTEXT('2D SPACE',''
  ) );
#2958 = ORIENTED_EDGE('',*,*,#2959,.F.);
#2959 = EDGE_CURVE('',#2960,#2909,#2962,.T.);
#2960 = VERTEX_POINT('',#2961);
#2961 = CARTESIAN_POINT('',(3.995859872611,0.654777070064,2.108111842105
    ));
#2962 = SURFACE_CURVE('',#2963,(#2974,#2988),.PCURVE_S1.);
#2963 = B_SPLINE_CURVE_WITH_KNOTS('',5,(#2964,#2965,#2966,#2967,#2968,
    #2969,#2970,#2971,#2972,#2973),.UNSPECIFIED.,.F.,.F.,(6,4,6),(0.,
    8.953399836889E-02,1.),.UNSPECIFIED.);
#2964 = CARTESIAN_POINT('',(3.995859872611,0.654777070064,2.108111842105
    ));
#2965 = CARTESIAN_POINT('',(3.992650047537,0.651796518726,2.108111842105
    ));
#2966 = CARTESIAN_POINT('',(3.989386820586,0.648882766734,2.108111842105
    ));
#2967 = CARTESIAN_POINT('',(3.986070264134,0.64603592253,2.108111842105)
  );
#2968 = CARTESIAN_POINT('',(3.982700463295,0.643256078727,2.108111842105
    ));
#2969 = CARTESIAN_POINT('',(3.944469763963,0.612957346691,2.108111842105
    ));
#2970 = CARTESIAN_POINT('',(3.904164799318,0.592306490067,2.108111842105
    ));
#2971 = CARTESIAN_POINT('',(3.858468539458,0.578676879471,2.108111842105
    ));
#2972 = CARTESIAN_POINT('',(3.807611348687,0.571974525273,2.108111842105
    ));
#2973 = CARTESIAN_POINT('',(3.751910828025,0.571974522293,2.108111842105
    ));
#2974 = PCURVE('',#44,#2975);
#2975 = DEFINITIONAL_REPRESENTATION('',(#2976),#2987);
#2976 = B_SPLINE_CURVE_WITH_KNOTS('',5,(#2977,#2978,#2979,#2980,#2981,
    #2982,#2983,#2984,#2985,#2986),.UNSPECIFIED.,.F.,.F.,(6,4,6),(0.,
    8.953399836889E-02,1.),.UNSPECIFIED.);
#2977 = CARTESIAN_POINT('',(-13.60349790144,0.654777093145));
#2978 = CARTESIAN_POINT('',(-13.60670772651,0.651796541807));
#2979 = CARTESIAN_POINT('',(-13.60997095346,0.648882789815));
#2980 = CARTESIAN_POINT('',(-13.61328750992,0.646035945612));
#2981 = CARTESIAN_POINT('',(-13.61665731075,0.643256101808));
#2982 = CARTESIAN_POINT('',(-13.65488801009,0.612957369772));
#2983 = CARTESIAN_POINT('',(-13.69519297473,0.592306513148));
#2984 = CARTESIAN_POINT('',(-13.74088923459,0.578676902552));
#2985 = CARTESIAN_POINT('',(-13.79174642536,0.571974548354));
#2986 = CARTESIAN_POINT('',(-13.84744694602,0.571974545375));
#2987 = ( GEOMETRIC_REPRESENTATION_CONTEXT(2) 
PARAMETRIC_REPRESENTATION_CONTEXT() REPRESENTATION_CONTEXT('2D SPACE',''
  ) );
#2988 = PCURVE('',#2989,#2996);
#2989 = SURFACE_OF_LINEAR_EXTRUSION('',#2990,#2994);
#2990 = B_SPLINE_CURVE_WITH_KNOTS('',2,(#2991,#2992,#2993),
  .UNSPECIFIED.,.F.,.F.,(3,3),(0.,1.),.PIECEWISE_BEZIER_KNOTS.);
#2991 = CARTESIAN_POINT('',(3.751910828025,0.571974522293,2.008111842105
    ));
#2992 = CARTESIAN_POINT('',(3.906687898089,0.571974522293,2.008111842105
    ));
#2993 = CARTESIAN_POINT('',(3.995859872611,0.654777070064,2.008111842105
    ));
#2994 = VECTOR('',#2995,1.);
#2995 = DIRECTION('',(-0.,-0.,-1.));
#2996 = DEFINITIONAL_REPRESENTATION('',(#2997),#3008);
#2997 = B_SPLINE_CURVE_WITH_KNOTS('',5,(#2998,#2999,#3000,#3001,#3002,
    #3003,#3004,#3005,#3006,#3007),.UNSPECIFIED.,.F.,.F.,(6,4,6),(0.,
    8.953399836889E-02,1.),.UNSPECIFIED.);
#2998 = CARTESIAN_POINT('',(1.,-0.1));
#2999 = CARTESIAN_POINT('',(0.982002053583,-0.1));
#3000 = CARTESIAN_POINT('',(0.964002568694,-0.1));
#3001 = CARTESIAN_POINT('',(0.946002056697,-0.1));
#3002 = CARTESIAN_POINT('',(0.928001029589,-0.1));
#3003 = CARTESIAN_POINT('',(0.726948581168,-0.1));
#3004 = CARTESIAN_POINT('',(0.543889174572,-1.E-01));
#3005 = CARTESIAN_POINT('',(0.361384410931,-0.1));
#3006 = CARTESIAN_POINT('',(0.179937903591,-1.E-01));
#3007 = CARTESIAN_POINT('',(0.,-1.E-01));
#3008 = ( GEOMETRIC_REPRESENTATION_CONTEXT(2) 
PARAMETRIC_REPRESENTATION_CONTEXT() REPRESENTATION_CONTEXT('2D SPACE',''
  ) );
#3009 = ORIENTED_EDGE('',*,*,#3010,.F.);
#3010 = EDGE_CURVE('',#3011,#2960,#3013,.T.);
#3011 = VERTEX_POINT('',#3012);
#3012 = CARTESIAN_POINT('',(4.085668789809,0.870700636943,2.108111842105
    ));
#3013 = SURFACE_CURVE('',#3014,(#3023,#3035),.PCURVE_S1.);
#3014 = B_SPLINE_CURVE_WITH_KNOTS('',4,(#3015,#3016,#3017,#3018,#3019,
    #3020,#3021,#3022),.UNSPECIFIED.,.F.,.F.,(5,3,5),(0.,0.642446205399,
    1.),.UNSPECIFIED.);
#3015 = CARTESIAN_POINT('',(4.085668789809,0.870700636943,2.108111842105
    ));
#3016 = CARTESIAN_POINT('',(4.085668786942,0.828002173931,2.108111842105
    ));
#3017 = CARTESIAN_POINT('',(4.079568149136,0.788573590719,2.108111842105
    ));
#3018 = CARTESIAN_POINT('',(4.067212702409,0.752614586788,2.108111842105
    ));
#3019 = CARTESIAN_POINT('',(4.038323256115,0.702190659615,2.108111842105
    ));
#3020 = CARTESIAN_POINT('',(4.02607195372,0.685265204534,2.108111842105)
  );
#3021 = CARTESIAN_POINT('',(4.011907964837,0.669459369596,2.108111842105
    ));
#3022 = CARTESIAN_POINT('',(3.995859872611,0.654777070064,2.108111842105
    ));
#3023 = PCURVE('',#44,#3024);
#3024 = DEFINITIONAL_REPRESENTATION('',(#3025),#3034);
#3025 = B_SPLINE_CURVE_WITH_KNOTS('',4,(#3026,#3027,#3028,#3029,#3030,
    #3031,#3032,#3033),.UNSPECIFIED.,.F.,.F.,(5,3,5),(0.,0.642446205399,
    1.),.UNSPECIFIED.);
#3026 = CARTESIAN_POINT('',(-13.51368898424,0.870700660024));
#3027 = CARTESIAN_POINT('',(-13.51368898711,0.828002197012));
#3028 = CARTESIAN_POINT('',(-13.51978962491,0.788573613801));
#3029 = CARTESIAN_POINT('',(-13.53214507164,0.75261460987));
#3030 = CARTESIAN_POINT('',(-13.56103451793,0.702190682697));
#3031 = CARTESIAN_POINT('',(-13.57328582033,0.685265227616));
#3032 = CARTESIAN_POINT('',(-13.58744980921,0.669459392677));
#3033 = CARTESIAN_POINT('',(-13.60349790144,0.654777093145));
#3034 = ( GEOMETRIC_REPRESENTATION_CONTEXT(2) 
PARAMETRIC_REPRESENTATION_CONTEXT() REPRESENTATION_CONTEXT('2D SPACE',''
  ) );
#3035 = PCURVE('',#3036,#3043);
#3036 = SURFACE_OF_LINEAR_EXTRUSION('',#3037,#3041);
#3037 = B_SPLINE_CURVE_WITH_KNOTS('',2,(#3038,#3039,#3040),
  .UNSPECIFIED.,.F.,.F.,(3,3),(0.,1.),.PIECEWISE_BEZIER_KNOTS.);
#3038 = CARTESIAN_POINT('',(3.995859872611,0.654777070064,2.008111842105
    ));
#3039 = CARTESIAN_POINT('',(4.085668789809,0.736942675159,2.008111842105
    ));
#3040 = CARTESIAN_POINT('',(4.085668789809,0.870700636943,2.008111842105
    ));
#3041 = VECTOR('',#3042,1.);
#3042 = DIRECTION('',(-0.,-0.,-1.));
#3043 = DEFINITIONAL_REPRESENTATION('',(#3044),#3053);
#3044 = B_SPLINE_CURVE_WITH_KNOTS('',4,(#3045,#3046,#3047,#3048,#3049,
    #3050,#3051,#3052),.UNSPECIFIED.,.F.,.F.,(5,3,5),(0.,0.642446205399,
    1.),.UNSPECIFIED.);
#3045 = CARTESIAN_POINT('',(1.,-0.1));
#3046 = CARTESIAN_POINT('',(0.840389072585,-0.1));
#3047 = CARTESIAN_POINT('',(0.679900663681,-0.1));
#3048 = CARTESIAN_POINT('',(0.518950193223,-0.1));
#3049 = CARTESIAN_POINT('',(0.268423080026,-0.1));
#3050 = CARTESIAN_POINT('',(0.178845469138,-0.1));
#3051 = CARTESIAN_POINT('',(8.934577061321E-02,-1.E-01));
#3052 = CARTESIAN_POINT('',(0.,-1.E-01));
#3053 = ( GEOMETRIC_REPRESENTATION_CONTEXT(2) 
PARAMETRIC_REPRESENTATION_CONTEXT() REPRESENTATION_CONTEXT('2D SPACE',''
  ) );
#3054 = ORIENTED_EDGE('',*,*,#3055,.F.);
#3055 = EDGE_CURVE('',#3056,#3011,#3058,.T.);
#3056 = VERTEX_POINT('',#3057);
#3057 = CARTESIAN_POINT('',(4.045541401274,1.02101910828,2.108111842105)
  );
#3058 = SURFACE_CURVE('',#3059,(#3068,#3080),.PCURVE_S1.);
#3059 = B_SPLINE_CURVE_WITH_KNOTS('',4,(#3060,#3061,#3062,#3063,#3064,
    #3065,#3066,#3067),.UNSPECIFIED.,.F.,.F.,(5,3,5),(0.,0.264889069063,
    1.),.UNSPECIFIED.);
#3060 = CARTESIAN_POINT('',(4.045541401274,1.02101910828,2.108111842105)
  );
#3061 = CARTESIAN_POINT('',(4.050857354736,1.012159184739,2.108111842105
    ));
#3062 = CARTESIAN_POINT('',(4.055704737126,1.003103966266,2.108111842105
    ));
#3063 = CARTESIAN_POINT('',(4.060082721939,0.993854062139,2.108111842105
    ));
#3064 = CARTESIAN_POINT('',(4.07483700913,0.958202249294,2.108111842105)
  );
#3065 = CARTESIAN_POINT('',(4.082065350256,0.930501072535,2.108111842105
    ));
#3066 = CARTESIAN_POINT('',(4.085668788336,0.901324261548,2.108111842105
    ));
#3067 = CARTESIAN_POINT('',(4.085668789809,0.870700636943,2.108111842105
    ));
#3068 = PCURVE('',#44,#3069);
#3069 = DEFINITIONAL_REPRESENTATION('',(#3070),#3079);
#3070 = B_SPLINE_CURVE_WITH_KNOTS('',4,(#3071,#3072,#3073,#3074,#3075,
    #3076,#3077,#3078),.UNSPECIFIED.,.F.,.F.,(5,3,5),(0.,0.264889069063,
    1.),.UNSPECIFIED.);
#3071 = CARTESIAN_POINT('',(-13.55381637278,1.021019131362));
#3072 = CARTESIAN_POINT('',(-13.54850041931,1.01215920782));
#3073 = CARTESIAN_POINT('',(-13.54365303692,1.003103989348));
#3074 = CARTESIAN_POINT('',(-13.53927505211,0.993854085221));
#3075 = CARTESIAN_POINT('',(-13.52452076492,0.958202272376));
#3076 = CARTESIAN_POINT('',(-13.51729242379,0.930501095616));
#3077 = CARTESIAN_POINT('',(-13.51368898571,0.90132428463));
#3078 = CARTESIAN_POINT('',(-13.51368898424,0.870700660024));
#3079 = ( GEOMETRIC_REPRESENTATION_CONTEXT(2) 
PARAMETRIC_REPRESENTATION_CONTEXT() REPRESENTATION_CONTEXT('2D SPACE',''
  ) );
#3080 = PCURVE('',#3081,#3088);
#3081 = SURFACE_OF_LINEAR_EXTRUSION('',#3082,#3086);
#3082 = B_SPLINE_CURVE_WITH_KNOTS('',2,(#3083,#3084,#3085),
  .UNSPECIFIED.,.F.,.F.,(3,3),(0.,1.),.PIECEWISE_BEZIER_KNOTS.);
#3083 = CARTESIAN_POINT('',(4.085668789809,0.870700636943,2.008111842105
    ));
#3084 = CARTESIAN_POINT('',(4.085668789809,0.954140127389,2.008111842105
    ));
#3085 = CARTESIAN_POINT('',(4.045541401274,1.02101910828,2.008111842105)
  );
#3086 = VECTOR('',#3087,1.);
#3087 = DIRECTION('',(-0.,-0.,-1.));
#3088 = DEFINITIONAL_REPRESENTATION('',(#3089),#3098);
#3089 = B_SPLINE_CURVE_WITH_KNOTS('',4,(#3090,#3091,#3092,#3093,#3094,
    #3095,#3096,#3097),.UNSPECIFIED.,.F.,.F.,(5,3,5),(0.,0.264889069063,
    1.),.UNSPECIFIED.);
#3090 = CARTESIAN_POINT('',(1.,-0.1));
#3091 = CARTESIAN_POINT('',(0.933761525638,-0.1));
#3092 = CARTESIAN_POINT('',(0.867511567545,-0.1));
#3093 = CARTESIAN_POINT('',(0.801255820709,-0.1));
#3094 = CARTESIAN_POINT('',(0.551129150916,-0.1));
#3095 = CARTESIAN_POINT('',(0.367257572215,-0.1));
#3096 = CARTESIAN_POINT('',(0.183507983148,-1.E-01));
#3097 = CARTESIAN_POINT('',(0.,-1.E-01));
#3098 = ( GEOMETRIC_REPRESENTATION_CONTEXT(2) 
PARAMETRIC_REPRESENTATION_CONTEXT() REPRESENTATION_CONTEXT('2D SPACE',''
  ) );
#3099 = ORIENTED_EDGE('',*,*,#3100,.F.);
#3100 = EDGE_CURVE('',#3101,#3056,#3103,.T.);
#3101 = VERTEX_POINT('',#3102);
#3102 = CARTESIAN_POINT('',(3.942993630573,1.126114649682,2.108111842105
    ));
#3103 = SURFACE_CURVE('',#3104,(#3113,#3125),.PCURVE_S1.);
#3104 = B_SPLINE_CURVE_WITH_KNOTS('',4,(#3105,#3106,#3107,#3108,#3109,
    #3110,#3111,#3112),.UNSPECIFIED.,.F.,.F.,(5,3,5),(0.,0.284920628226,
    1.),.UNSPECIFIED.);
#3105 = CARTESIAN_POINT('',(3.942993630573,1.126114649682,2.108111842105
    ));
#3106 = CARTESIAN_POINT('',(3.951977996187,1.120669579001,2.108111842105
    ));
#3107 = CARTESIAN_POINT('',(3.960644723982,1.114835813388,2.108111842105
    ));
#3108 = CARTESIAN_POINT('',(3.968992948792,1.108613493612,2.108111842105
    ));
#3109 = CARTESIAN_POINT('',(3.997173208133,1.085412686575,2.108111842105
    ));
#3110 = CARTESIAN_POINT('',(4.015314450926,1.066377870387,2.108111842105
    ));
#3111 = CARTESIAN_POINT('',(4.031436546766,1.044906359432,2.108111842105
    ));
#3112 = CARTESIAN_POINT('',(4.045541401274,1.02101910828,2.108111842105)
  );
#3113 = PCURVE('',#44,#3114);
#3114 = DEFINITIONAL_REPRESENTATION('',(#3115),#3124);
#3115 = B_SPLINE_CURVE_WITH_KNOTS('',4,(#3116,#3117,#3118,#3119,#3120,
    #3121,#3122,#3123),.UNSPECIFIED.,.F.,.F.,(5,3,5),(0.,0.284920628226,
    1.),.UNSPECIFIED.);
#3116 = CARTESIAN_POINT('',(-13.65636414348,1.126114672763));
#3117 = CARTESIAN_POINT('',(-13.64737977786,1.120669602082));
#3118 = CARTESIAN_POINT('',(-13.63871305007,1.114835836469));
#3119 = CARTESIAN_POINT('',(-13.63036482526,1.108613516693));
#3120 = CARTESIAN_POINT('',(-13.60218456592,1.085412709656));
#3121 = CARTESIAN_POINT('',(-13.58404332312,1.066377893469));
#3122 = CARTESIAN_POINT('',(-13.56792122728,1.044906382514));
#3123 = CARTESIAN_POINT('',(-13.55381637278,1.021019131362));
#3124 = ( GEOMETRIC_REPRESENTATION_CONTEXT(2) 
PARAMETRIC_REPRESENTATION_CONTEXT() REPRESENTATION_CONTEXT('2D SPACE',''
  ) );
#3125 = PCURVE('',#3126,#3133);
#3126 = SURFACE_OF_LINEAR_EXTRUSION('',#3127,#3131);
#3127 = B_SPLINE_CURVE_WITH_KNOTS('',2,(#3128,#3129,#3130),
  .UNSPECIFIED.,.F.,.F.,(3,3),(0.,1.),.PIECEWISE_BEZIER_KNOTS.);
#3128 = CARTESIAN_POINT('',(4.045541401274,1.02101910828,2.008111842105)
  );
#3129 = CARTESIAN_POINT('',(4.006050955414,1.087898089172,2.008111842105
    ));
#3130 = CARTESIAN_POINT('',(3.942993630573,1.126114649682,2.008111842105
    ));
#3131 = VECTOR('',#3132,1.);
#3132 = DIRECTION('',(-0.,-0.,-1.));
#3133 = DEFINITIONAL_REPRESENTATION('',(#3134),#3143);
#3134 = B_SPLINE_CURVE_WITH_KNOTS('',4,(#3135,#3136,#3137,#3138,#3139,
    #3140,#3141,#3142),.UNSPECIFIED.,.F.,.F.,(5,3,5),(0.,0.284920628226,
    1.),.UNSPECIFIED.);
#3135 = CARTESIAN_POINT('',(1.,-0.1));
#3136 = CARTESIAN_POINT('',(0.928760330601,-0.1));
#3137 = CARTESIAN_POINT('',(0.857510310887,-0.1));
#3138 = CARTESIAN_POINT('',(0.786255131965,-0.1));
#3139 = CARTESIAN_POINT('',(0.536167476296,-0.1));
#3140 = CARTESIAN_POINT('',(0.357335171003,-0.1));
#3141 = CARTESIAN_POINT('',(0.17858564722,-1.E-01));
#3142 = CARTESIAN_POINT('',(0.,-1.E-01));
#3143 = ( GEOMETRIC_REPRESENTATION_CONTEXT(2) 
PARAMETRIC_REPRESENTATION_CONTEXT() REPRESENTATION_CONTEXT('2D SPACE',''
  ) );
#3144 = ORIENTED_EDGE('',*,*,#3145,.F.);
#3145 = EDGE_CURVE('',#3146,#3101,#3148,.T.);
#3146 = VERTEX_POINT('',#3147);
#3147 = CARTESIAN_POINT('',(3.964012738854,1.287261146497,2.108111842105
    ));
#3148 = SURFACE_CURVE('',#3149,(#3153,#3159),.PCURVE_S1.);
#3149 = LINE('',#3150,#3151);
#3150 = CARTESIAN_POINT('',(3.985006051457,1.448209876455,2.108111842105
    ));
#3151 = VECTOR('',#3152,1.);
#3152 = DIRECTION('',(-0.129339184068,-0.991600411186,0.));
#3153 = PCURVE('',#44,#3154);
#3154 = DEFINITIONAL_REPRESENTATION('',(#3155),#3158);
#3155 = B_SPLINE_CURVE_WITH_KNOTS('',1,(#3156,#3157),.UNSPECIFIED.,.F.,
  .F.,(2,2),(0.16231208473,0.324823611548),.PIECEWISE_BEZIER_KNOTS.);
#3156 = CARTESIAN_POINT('',(-13.6353450352,1.287261169578));
#3157 = CARTESIAN_POINT('',(-13.65636414348,1.126114672763));
#3158 = ( GEOMETRIC_REPRESENTATION_CONTEXT(2) 
PARAMETRIC_REPRESENTATION_CONTEXT() REPRESENTATION_CONTEXT('2D SPACE',''
  ) );
#3159 = PCURVE('',#3160,#3165);
#3160 = PLANE('',#3161);
#3161 = AXIS2_PLACEMENT_3D('',#3162,#3163,#3164);
#3162 = CARTESIAN_POINT('',(3.942993630573,1.126114649682,2.008111842105
    ));
#3163 = DIRECTION('',(-0.991600411186,0.129339184068,0.));
#3164 = DIRECTION('',(0.129339184068,0.991600411186,0.));
#3165 = DEFINITIONAL_REPRESENTATION('',(#3166),#3169);
#3166 = B_SPLINE_CURVE_WITH_KNOTS('',1,(#3167,#3168),.UNSPECIFIED.,.F.,
  .F.,(2,2),(0.16231208473,0.324823611548),.PIECEWISE_BEZIER_KNOTS.);
#3167 = CARTESIAN_POINT('',(0.162511526818,-0.1));
#3168 = CARTESIAN_POINT('',(0.,-0.1));
#3169 = ( GEOMETRIC_REPRESENTATION_CONTEXT(2) 
PARAMETRIC_REPRESENTATION_CONTEXT() REPRESENTATION_CONTEXT('2D SPACE',''
  ) );
#3170 = ORIENTED_EDGE('',*,*,#3171,.F.);
#3171 = EDGE_CURVE('',#3172,#3146,#3174,.T.);
#3172 = VERTEX_POINT('',#3173);
#3173 = CARTESIAN_POINT('',(4.676751592357,1.151592356688,2.108111842105
    ));
#3174 = SURFACE_CURVE('',#3175,(#3179,#3185),.PCURVE_S1.);
#3175 = LINE('',#3176,#3177);
#3176 = CARTESIAN_POINT('',(10.661531144057,1.239839376375E-02,
    2.108111842105));
#3177 = VECTOR('',#3178,1.);
#3178 = DIRECTION('',(-0.982361610847,0.186991084102,0.));
#3179 = PCURVE('',#44,#3180);
#3180 = DEFINITIONAL_REPRESENTATION('',(#3181),#3184);
#3181 = B_SPLINE_CURVE_WITH_KNOTS('',1,(#3182,#3183),.UNSPECIFIED.,.F.,
  .F.,(2,2),(6.092236795103,6.817772937429),.PIECEWISE_BEZIER_KNOTS.);
#3182 = CARTESIAN_POINT('',(-12.92260618169,1.151592379769));
#3183 = CARTESIAN_POINT('',(-13.6353450352,1.287261169578));
#3184 = ( GEOMETRIC_REPRESENTATION_CONTEXT(2) 
PARAMETRIC_REPRESENTATION_CONTEXT() REPRESENTATION_CONTEXT('2D SPACE',''
  ) );
#3185 = PCURVE('',#3186,#3191);
#3186 = PLANE('',#3187);
#3187 = AXIS2_PLACEMENT_3D('',#3188,#3189,#3190);
#3188 = CARTESIAN_POINT('',(3.964012738854,1.287261146497,2.008111842105
    ));
#3189 = DIRECTION('',(0.186991084102,0.982361610847,0.));
#3190 = DIRECTION('',(0.982361610847,-0.186991084102,0.));
#3191 = DEFINITIONAL_REPRESENTATION('',(#3192),#3195);
#3192 = B_SPLINE_CURVE_WITH_KNOTS('',1,(#3193,#3194),.UNSPECIFIED.,.F.,
  .F.,(2,2),(6.092236795103,6.817772937429),.PIECEWISE_BEZIER_KNOTS.);
#3193 = CARTESIAN_POINT('',(0.725536142326,-0.1));
#3194 = CARTESIAN_POINT('',(0.,-0.1));
#3195 = ( GEOMETRIC_REPRESENTATION_CONTEXT(2) 
PARAMETRIC_REPRESENTATION_CONTEXT() REPRESENTATION_CONTEXT('2D SPACE',''
  ) );
#3196 = ORIENTED_EDGE('',*,*,#3197,.F.);
#3197 = EDGE_CURVE('',#3198,#3172,#3200,.T.);
#3198 = VERTEX_POINT('',#3199);
#3199 = CARTESIAN_POINT('',(4.676751592357,0.455414012739,2.108111842105
    ));
#3200 = SURFACE_CURVE('',#3201,(#3205,#3211),.PCURVE_S1.);
#3201 = LINE('',#3202,#3203);
#3202 = CARTESIAN_POINT('',(4.676751592357,0.575796166803,2.108111842105
    ));
#3203 = VECTOR('',#3204,1.);
#3204 = DIRECTION('',(-2.22044604925E-16,1.,0.));
#3205 = PCURVE('',#44,#3206);
#3206 = DEFINITIONAL_REPRESENTATION('',(#3207),#3210);
#3207 = B_SPLINE_CURVE_WITH_KNOTS('',1,(#3208,#3209),.UNSPECIFIED.,.F.,
  .F.,(2,2),(-0.120382154064,0.575796189885),.PIECEWISE_BEZIER_KNOTS.);
#3208 = CARTESIAN_POINT('',(-12.92260618169,0.45541403582));
#3209 = CARTESIAN_POINT('',(-12.92260618169,1.151592379769));
#3210 = ( GEOMETRIC_REPRESENTATION_CONTEXT(2) 
PARAMETRIC_REPRESENTATION_CONTEXT() REPRESENTATION_CONTEXT('2D SPACE',''
  ) );
#3211 = PCURVE('',#3212,#3217);
#3212 = PLANE('',#3213);
#3213 = AXIS2_PLACEMENT_3D('',#3214,#3215,#3216);
#3214 = CARTESIAN_POINT('',(4.676751592357,1.151592356688,2.008111842105
    ));
#3215 = DIRECTION('',(1.,2.22044604925E-16,0.));
#3216 = DIRECTION('',(2.22044604925E-16,-1.,0.));
#3217 = DEFINITIONAL_REPRESENTATION('',(#3218),#3221);
#3218 = B_SPLINE_CURVE_WITH_KNOTS('',1,(#3219,#3220),.UNSPECIFIED.,.F.,
  .F.,(2,2),(-0.120382154064,0.575796189885),.PIECEWISE_BEZIER_KNOTS.);
#3219 = CARTESIAN_POINT('',(0.696178343949,-0.1));
#3220 = CARTESIAN_POINT('',(0.,-0.1));
#3221 = ( GEOMETRIC_REPRESENTATION_CONTEXT(2) 
PARAMETRIC_REPRESENTATION_CONTEXT() REPRESENTATION_CONTEXT('2D SPACE',''
  ) );
#3222 = ORIENTED_EDGE('',*,*,#3223,.F.);
#3223 = EDGE_CURVE('',#3224,#3198,#3226,.T.);
#3224 = VERTEX_POINT('',#3225);
#3225 = CARTESIAN_POINT('',(4.513694267516,0.455414012739,2.108111842105
    ));
#3226 = SURFACE_CURVE('',#3227,(#3231,#3237),.PCURVE_S1.);
#3227 = LINE('',#3228,#3229);
#3228 = CARTESIAN_POINT('',(11.138054683205,0.455414012739,
    2.108111842105));
#3229 = VECTOR('',#3230,1.);
#3230 = DIRECTION('',(1.,2.22044604925E-16,0.));
#3231 = PCURVE('',#44,#3232);
#3232 = DEFINITIONAL_REPRESENTATION('',(#3233),#3236);
#3233 = B_SPLINE_CURVE_WITH_KNOTS('',1,(#3234,#3235),.UNSPECIFIED.,.F.,
  .F.,(2,2),(-6.624360415689,-6.461303090849),.PIECEWISE_BEZIER_KNOTS.);
#3234 = CARTESIAN_POINT('',(-13.08566350653,0.45541403582));
#3235 = CARTESIAN_POINT('',(-12.92260618169,0.45541403582));
#3236 = ( GEOMETRIC_REPRESENTATION_CONTEXT(2) 
PARAMETRIC_REPRESENTATION_CONTEXT() REPRESENTATION_CONTEXT('2D SPACE',''
  ) );
#3237 = PCURVE('',#3238,#3243);
#3238 = PLANE('',#3239);
#3239 = AXIS2_PLACEMENT_3D('',#3240,#3241,#3242);
#3240 = CARTESIAN_POINT('',(4.676751592357,0.455414012739,2.008111842105
    ));
#3241 = DIRECTION('',(2.22044604925E-16,-1.,0.));
#3242 = DIRECTION('',(-1.,-2.22044604925E-16,0.));
#3243 = DEFINITIONAL_REPRESENTATION('',(#3244),#3247);
#3244 = B_SPLINE_CURVE_WITH_KNOTS('',1,(#3245,#3246),.UNSPECIFIED.,.F.,
  .F.,(2,2),(-6.624360415689,-6.461303090849),.PIECEWISE_BEZIER_KNOTS.);
#3245 = CARTESIAN_POINT('',(0.163057324841,-0.1));
#3246 = CARTESIAN_POINT('',(0.,-0.1));
#3247 = ( GEOMETRIC_REPRESENTATION_CONTEXT(2) 
PARAMETRIC_REPRESENTATION_CONTEXT() REPRESENTATION_CONTEXT('2D SPACE',''
  ) );
#3248 = ORIENTED_EDGE('',*,*,#3249,.F.);
#3249 = EDGE_CURVE('',#3250,#3224,#3252,.T.);
#3250 = VERTEX_POINT('',#3251);
#3251 = CARTESIAN_POINT('',(4.513694267516,1.014012738854,2.108111842105
    ));
#3252 = SURFACE_CURVE('',#3253,(#3257,#3263),.PCURVE_S1.);
#3253 = LINE('',#3254,#3255);
#3254 = CARTESIAN_POINT('',(4.513694267516,0.227706994829,2.108111842105
    ));
#3255 = VECTOR('',#3256,1.);
#3256 = DIRECTION('',(2.22044604925E-16,-1.,0.));
#3257 = PCURVE('',#44,#3258);
#3258 = DEFINITIONAL_REPRESENTATION('',(#3259),#3262);
#3259 = B_SPLINE_CURVE_WITH_KNOTS('',1,(#3260,#3261),.UNSPECIFIED.,.F.,
  .F.,(2,2),(-0.786305744025,-0.22770701791),.PIECEWISE_BEZIER_KNOTS.);
#3260 = CARTESIAN_POINT('',(-13.08566350653,1.014012761935));
#3261 = CARTESIAN_POINT('',(-13.08566350653,0.45541403582));
#3262 = ( GEOMETRIC_REPRESENTATION_CONTEXT(2) 
PARAMETRIC_REPRESENTATION_CONTEXT() REPRESENTATION_CONTEXT('2D SPACE',''
  ) );
#3263 = PCURVE('',#3264,#3269);
#3264 = PLANE('',#3265);
#3265 = AXIS2_PLACEMENT_3D('',#3266,#3267,#3268);
#3266 = CARTESIAN_POINT('',(4.513694267516,0.455414012739,2.008111842105
    ));
#3267 = DIRECTION('',(-1.,-2.22044604925E-16,0.));
#3268 = DIRECTION('',(-2.22044604925E-16,1.,0.));
#3269 = DEFINITIONAL_REPRESENTATION('',(#3270),#3273);
#3270 = B_SPLINE_CURVE_WITH_KNOTS('',1,(#3271,#3272),.UNSPECIFIED.,.F.,
  .F.,(2,2),(-0.786305744025,-0.22770701791),.PIECEWISE_BEZIER_KNOTS.);
#3271 = CARTESIAN_POINT('',(0.558598726115,-0.1));
#3272 = CARTESIAN_POINT('',(0.,-0.1));
#3273 = ( GEOMETRIC_REPRESENTATION_CONTEXT(2) 
PARAMETRIC_REPRESENTATION_CONTEXT() REPRESENTATION_CONTEXT('2D SPACE',''
  ) );
#3274 = ORIENTED_EDGE('',*,*,#3275,.F.);
#3275 = EDGE_CURVE('',#3276,#3250,#3278,.T.);
#3276 = VERTEX_POINT('',#3277);
#3277 = CARTESIAN_POINT('',(4.142356687898,1.089808917197,2.108111842105
    ));
#3278 = SURFACE_CURVE('',#3279,(#3283,#3289),.PCURVE_S1.);
#3279 = LINE('',#3280,#3281);
#3280 = CARTESIAN_POINT('',(10.894180423367,-0.288350644588,
    2.108111842105));
#3281 = VECTOR('',#3282,1.);
#3282 = DIRECTION('',(0.979797338463,-0.199992938726,0.));
#3283 = PCURVE('',#44,#3284);
#3284 = DEFINITIONAL_REPRESENTATION('',(#3285),#3288);
#3285 = B_SPLINE_CURVE_WITH_KNOTS('',1,(#3286,#3287),.UNSPECIFIED.,.F.,
  .F.,(2,2),(-6.891041106581,-6.512046833949),.PIECEWISE_BEZIER_KNOTS.);
#3286 = CARTESIAN_POINT('',(-13.45700108615,1.089808940279));
#3287 = CARTESIAN_POINT('',(-13.08566350653,1.014012761935));
#3288 = ( GEOMETRIC_REPRESENTATION_CONTEXT(2) 
PARAMETRIC_REPRESENTATION_CONTEXT() REPRESENTATION_CONTEXT('2D SPACE',''
  ) );
#3289 = PCURVE('',#3290,#3295);
#3290 = PLANE('',#3291);
#3291 = AXIS2_PLACEMENT_3D('',#3292,#3293,#3294);
#3292 = CARTESIAN_POINT('',(4.513694267516,1.014012738854,2.008111842105
    ));
#3293 = DIRECTION('',(-0.199992938726,-0.979797338463,0.));
#3294 = DIRECTION('',(-0.979797338463,0.199992938726,0.));
#3295 = DEFINITIONAL_REPRESENTATION('',(#3296),#3299);
#3296 = B_SPLINE_CURVE_WITH_KNOTS('',1,(#3297,#3298),.UNSPECIFIED.,.F.,
  .F.,(2,2),(-6.891041106581,-6.512046833949),.PIECEWISE_BEZIER_KNOTS.);
#3297 = CARTESIAN_POINT('',(0.378994272632,-0.1));
#3298 = CARTESIAN_POINT('',(0.,-0.1));
#3299 = ( GEOMETRIC_REPRESENTATION_CONTEXT(2) 
PARAMETRIC_REPRESENTATION_CONTEXT() REPRESENTATION_CONTEXT('2D SPACE',''
  ) );
#3300 = ORIENTED_EDGE('',*,*,#3301,.F.);
#3301 = EDGE_CURVE('',#3302,#3276,#3304,.T.);
#3302 = VERTEX_POINT('',#3303);
#3303 = CARTESIAN_POINT('',(4.228343949045,0.824840764331,2.108111842105
    ));
#3304 = SURFACE_CURVE('',#3305,(#3316,#3330),.PCURVE_S1.);
#3305 = B_SPLINE_CURVE_WITH_KNOTS('',5,(#3306,#3307,#3308,#3309,#3310,
    #3311,#3312,#3313,#3314,#3315),.UNSPECIFIED.,.F.,.F.,(6,4,6),(0.,
    0.233556121132,1.),.UNSPECIFIED.);
#3306 = CARTESIAN_POINT('',(4.228343949045,0.824840764331,2.108111842105
    ));
#3307 = CARTESIAN_POINT('',(4.22834394824,0.83783078945,2.108111842105)
  );
#3308 = CARTESIAN_POINT('',(4.227873600268,0.850756123848,2.108111842105
    ));
#3309 = CARTESIAN_POINT('',(4.226932178702,0.863615005088,2.108111842105
    ));
#3310 = CARTESIAN_POINT('',(4.225519441413,0.876405734094,2.108111842105
    ));
#3311 = CARTESIAN_POINT('',(4.217453667627,0.930872048243,2.108111842105
    ));
#3312 = CARTESIAN_POINT('',(4.206198619467,0.971866299712,2.108111842105
    ));
#3313 = CARTESIAN_POINT('',(4.189878970429,1.012050459794,2.108111842105
    ));
#3314 = CARTESIAN_POINT('',(4.168560206348,1.051377085906,2.108111842105
    ));
#3315 = CARTESIAN_POINT('',(4.142356687898,1.089808917197,2.108111842105
    ));
#3316 = PCURVE('',#44,#3317);
#3317 = DEFINITIONAL_REPRESENTATION('',(#3318),#3329);
#3318 = B_SPLINE_CURVE_WITH_KNOTS('',5,(#3319,#3320,#3321,#3322,#3323,
    #3324,#3325,#3326,#3327,#3328),.UNSPECIFIED.,.F.,.F.,(6,4,6),(0.,
    0.233556121132,1.),.UNSPECIFIED.);
#3319 = CARTESIAN_POINT('',(-13.371013825,0.824840787413));
#3320 = CARTESIAN_POINT('',(-13.37101382581,0.837830812531));
#3321 = CARTESIAN_POINT('',(-13.37148417378,0.85075614693));
#3322 = CARTESIAN_POINT('',(-13.37242559535,0.863615028169));
#3323 = CARTESIAN_POINT('',(-13.37383833264,0.876405757176));
#3324 = CARTESIAN_POINT('',(-13.38190410642,0.930872071324));
#3325 = CARTESIAN_POINT('',(-13.39315915458,0.971866322793));
#3326 = CARTESIAN_POINT('',(-13.40947880362,1.012050482875));
#3327 = CARTESIAN_POINT('',(-13.4307975677,1.051377108988));
#3328 = CARTESIAN_POINT('',(-13.45700108615,1.089808940279));
#3329 = ( GEOMETRIC_REPRESENTATION_CONTEXT(2) 
PARAMETRIC_REPRESENTATION_CONTEXT() REPRESENTATION_CONTEXT('2D SPACE',''
  ) );
#3330 = PCURVE('',#3331,#3338);
#3331 = SURFACE_OF_LINEAR_EXTRUSION('',#3332,#3336);
#3332 = B_SPLINE_CURVE_WITH_KNOTS('',2,(#3333,#3334,#3335),
  .UNSPECIFIED.,.F.,.F.,(3,3),(0.,1.),.PIECEWISE_BEZIER_KNOTS.);
#3333 = CARTESIAN_POINT('',(4.142356687898,1.089808917197,2.008111842105
    ));
#3334 = CARTESIAN_POINT('',(4.228343949045,0.963694267516,2.008111842105
    ));
#3335 = CARTESIAN_POINT('',(4.228343949045,0.824840764331,2.008111842105
    ));
#3336 = VECTOR('',#3337,1.);
#3337 = DIRECTION('',(-0.,-0.,-1.));
#3338 = DEFINITIONAL_REPRESENTATION('',(#3339),#3350);
#3339 = B_SPLINE_CURVE_WITH_KNOTS('',5,(#3340,#3341,#3342,#3343,#3344,
    #3345,#3346,#3347,#3348,#3349),.UNSPECIFIED.,.F.,.F.,(6,4,6),(0.,
    0.233556121132,1.),.UNSPECIFIED.);
#3340 = CARTESIAN_POINT('',(1.,-0.1));
#3341 = CARTESIAN_POINT('',(0.95322399169,-0.1));
#3342 = CARTESIAN_POINT('',(0.906430013572,-0.1));
#3343 = CARTESIAN_POINT('',(0.859624024514,-0.1));
#3344 = CARTESIAN_POINT('',(0.812812013575,-0.1));
#3345 = CARTESIAN_POINT('',(0.612380471262,-0.1));
#3346 = CARTESIAN_POINT('',(0.458759334479,-1.E-01));
#3347 = CARTESIAN_POINT('',(0.305353461064,-0.1));
#3348 = CARTESIAN_POINT('',(0.15236862252,-1.E-01));
#3349 = CARTESIAN_POINT('',(0.,-1.E-01));
#3350 = ( GEOMETRIC_REPRESENTATION_CONTEXT(2) 
PARAMETRIC_REPRESENTATION_CONTEXT() REPRESENTATION_CONTEXT('2D SPACE',''
  ) );
#3351 = ORIENTED_EDGE('',*,*,#3352,.F.);
#3352 = EDGE_CURVE('',#3353,#3302,#3355,.T.);
#3353 = VERTEX_POINT('',#3354);
#3354 = CARTESIAN_POINT('',(4.097770700637,0.515286624204,2.108111842105
    ));
#3355 = SURFACE_CURVE('',#3356,(#3367,#3381),.PCURVE_S1.);
#3356 = B_SPLINE_CURVE_WITH_KNOTS('',5,(#3357,#3358,#3359,#3360,#3361,
    #3362,#3363,#3364,#3365,#3366),.UNSPECIFIED.,.F.,.F.,(6,4,6),(0.,
    0.482896703383,1.),.UNSPECIFIED.);
#3357 = CARTESIAN_POINT('',(4.097770700637,0.515286624204,2.108111842105
    ));
#3358 = CARTESIAN_POINT('',(4.122855963026,0.539515320182,2.108111842105
    ));
#3359 = CARTESIAN_POINT('',(4.145034277381,0.565167516496,2.108111842105
    ));
#3360 = CARTESIAN_POINT('',(4.164221053269,0.592233787225,2.108111842105
    ));
#3361 = CARTESIAN_POINT('',(4.180364005885,0.620687862913,2.108111842105
    ));
#3362 = CARTESIAN_POINT('',(4.207448784212,0.68239623129,2.108111842105)
  );
#3363 = CARTESIAN_POINT('',(4.217941828819,0.715848442836,2.108111842105
    ));
#3364 = CARTESIAN_POINT('',(4.224898531669,0.750789710979,2.108111842105
    ));
#3365 = CARTESIAN_POINT('',(4.228343946362,0.787148935362,2.108111842105
    ));
#3366 = CARTESIAN_POINT('',(4.228343949045,0.824840764331,2.108111842105
    ));
#3367 = PCURVE('',#44,#3368);
#3368 = DEFINITIONAL_REPRESENTATION('',(#3369),#3380);
#3369 = B_SPLINE_CURVE_WITH_KNOTS('',5,(#3370,#3371,#3372,#3373,#3374,
    #3375,#3376,#3377,#3378,#3379),.UNSPECIFIED.,.F.,.F.,(6,4,6),(0.,
    0.482896703383,1.),.UNSPECIFIED.);
#3370 = CARTESIAN_POINT('',(-13.50158707341,0.515286647285));
#3371 = CARTESIAN_POINT('',(-13.47650181102,0.539515343263));
#3372 = CARTESIAN_POINT('',(-13.45432349667,0.565167539578));
#3373 = CARTESIAN_POINT('',(-13.43513672078,0.592233810306));
#3374 = CARTESIAN_POINT('',(-13.41899376816,0.620687885994));
#3375 = CARTESIAN_POINT('',(-13.39190898984,0.682396254372));
#3376 = CARTESIAN_POINT('',(-13.38141594523,0.715848465918));
#3377 = CARTESIAN_POINT('',(-13.37445924238,0.75078973406));
#3378 = CARTESIAN_POINT('',(-13.37101382769,0.787148958443));
#3379 = CARTESIAN_POINT('',(-13.371013825,0.824840787413));
#3380 = ( GEOMETRIC_REPRESENTATION_CONTEXT(2) 
PARAMETRIC_REPRESENTATION_CONTEXT() REPRESENTATION_CONTEXT('2D SPACE',''
  ) );
#3381 = PCURVE('',#3382,#3389);
#3382 = SURFACE_OF_LINEAR_EXTRUSION('',#3383,#3387);
#3383 = B_SPLINE_CURVE_WITH_KNOTS('',2,(#3384,#3385,#3386),
  .UNSPECIFIED.,.F.,.F.,(3,3),(0.,1.),.PIECEWISE_BEZIER_KNOTS.);
#3384 = CARTESIAN_POINT('',(4.228343949045,0.824840764331,2.008111842105
    ));
#3385 = CARTESIAN_POINT('',(4.228343949045,0.641401273885,2.008111842105
    ));
#3386 = CARTESIAN_POINT('',(4.097770700637,0.515286624204,2.008111842105
    ));
#3387 = VECTOR('',#3388,1.);
#3388 = DIRECTION('',(-0.,-0.,-1.));
#3389 = DEFINITIONAL_REPRESENTATION('',(#3390),#3401);
#3390 = B_SPLINE_CURVE_WITH_KNOTS('',5,(#3391,#3392,#3393,#3394,#3395,
    #3396,#3397,#3398,#3399,#3400),.UNSPECIFIED.,.F.,.F.,(6,4,6),(0.,
    0.482896703383,1.),.UNSPECIFIED.);
#3391 = CARTESIAN_POINT('',(1.,-0.1));
#3392 = CARTESIAN_POINT('',(0.903941790515,-0.1));
#3393 = CARTESIAN_POINT('',(0.8074821428,-0.1));
#3394 = CARTESIAN_POINT('',(0.710747973872,-0.1));
#3395 = CARTESIAN_POINT('',(0.613873452659,-0.1));
#3396 = CARTESIAN_POINT('',(0.413264394903,-0.1));
#3397 = CARTESIAN_POINT('',(0.309527424298,-1.E-01));
#3398 = CARTESIAN_POINT('',(0.205963490826,-0.1));
#3399 = CARTESIAN_POINT('',(0.102736412034,-1.E-01));
#3400 = CARTESIAN_POINT('',(0.,-1.E-01));
#3401 = ( GEOMETRIC_REPRESENTATION_CONTEXT(2) 
PARAMETRIC_REPRESENTATION_CONTEXT() REPRESENTATION_CONTEXT('2D SPACE',''
  ) );
#3402 = ORIENTED_EDGE('',*,*,#3403,.F.);
#3403 = EDGE_CURVE('',#3404,#3353,#3406,.T.);
#3404 = VERTEX_POINT('',#3405);
#3405 = CARTESIAN_POINT('',(3.762101910828,0.389171974522,2.108111842105
    ));
#3406 = SURFACE_CURVE('',#3407,(#3418,#3432),.PCURVE_S1.);
#3407 = B_SPLINE_CURVE_WITH_KNOTS('',5,(#3408,#3409,#3410,#3411,#3412,
    #3413,#3414,#3415,#3416,#3417),.UNSPECIFIED.,.F.,.F.,(6,4,6),(0.,
    0.712098078673,1.),.UNSPECIFIED.);
#3408 = CARTESIAN_POINT('',(3.762101910828,0.389171974522,2.108111842105
    ));
#3409 = CARTESIAN_POINT('',(3.819700726739,0.389171978064,2.108111842105
    ));
#3410 = CARTESIAN_POINT('',(3.874158430998,0.395388657835,2.108111842105
    ));
#3411 = CARTESIAN_POINT('',(3.92518250982,0.408051981495,2.108111842105)
  );
#3412 = CARTESIAN_POINT('',(3.972537447432,0.427260493746,2.108111842105
    ));
#3413 = CARTESIAN_POINT('',(4.033677535429,0.463301996127,2.108111842105
    ));
#3414 = CARTESIAN_POINT('',(4.050656306336,0.47473404371,2.108111842105)
  );
#3415 = CARTESIAN_POINT('',(4.067002055804,0.487216138288,2.108111842105
    ));
#3416 = CARTESIAN_POINT('',(4.082708137167,0.500738394454,2.108111842105
    ));
#3417 = CARTESIAN_POINT('',(4.097770700637,0.515286624204,2.108111842105
    ));
#3418 = PCURVE('',#44,#3419);
#3419 = DEFINITIONAL_REPRESENTATION('',(#3420),#3431);
#3420 = B_SPLINE_CURVE_WITH_KNOTS('',5,(#3421,#3422,#3423,#3424,#3425,
    #3426,#3427,#3428,#3429,#3430),.UNSPECIFIED.,.F.,.F.,(6,4,6),(0.,
    0.712098078673,1.),.UNSPECIFIED.);
#3421 = CARTESIAN_POINT('',(-13.83725586322,0.389171997604));
#3422 = CARTESIAN_POINT('',(-13.77965704731,0.389172001146));
#3423 = CARTESIAN_POINT('',(-13.72519934305,0.395388680917));
#3424 = CARTESIAN_POINT('',(-13.67417526423,0.408052004577));
#3425 = CARTESIAN_POINT('',(-13.62682032662,0.427260516828));
#3426 = CARTESIAN_POINT('',(-13.56568023862,0.463302019208));
#3427 = CARTESIAN_POINT('',(-13.54870146771,0.474734066792));
#3428 = CARTESIAN_POINT('',(-13.53235571825,0.487216161369));
#3429 = CARTESIAN_POINT('',(-13.51664963688,0.500738417536));
#3430 = CARTESIAN_POINT('',(-13.50158707341,0.515286647285));
#3431 = ( GEOMETRIC_REPRESENTATION_CONTEXT(2) 
PARAMETRIC_REPRESENTATION_CONTEXT() REPRESENTATION_CONTEXT('2D SPACE',''
  ) );
#3432 = PCURVE('',#3433,#3440);
#3433 = SURFACE_OF_LINEAR_EXTRUSION('',#3434,#3438);
#3434 = B_SPLINE_CURVE_WITH_KNOTS('',2,(#3435,#3436,#3437),
  .UNSPECIFIED.,.F.,.F.,(3,3),(0.,1.),.PIECEWISE_BEZIER_KNOTS.);
#3435 = CARTESIAN_POINT('',(4.097770700637,0.515286624204,2.008111842105
    ));
#3436 = CARTESIAN_POINT('',(3.967197452229,0.389171974522,2.008111842105
    ));
#3437 = CARTESIAN_POINT('',(3.762101910828,0.389171974522,2.008111842105
    ));
#3438 = VECTOR('',#3439,1.);
#3439 = DIRECTION('',(-0.,-0.,-1.));
#3440 = DEFINITIONAL_REPRESENTATION('',(#3441),#3452);
#3441 = B_SPLINE_CURVE_WITH_KNOTS('',5,(#3442,#3443,#3444,#3445,#3446,
    #3447,#3448,#3449,#3450,#3451),.UNSPECIFIED.,.F.,.F.,(6,4,6),(0.,
    0.712098078673,1.),.UNSPECIFIED.);
#3442 = CARTESIAN_POINT('',(1.,-0.1));
#3443 = CARTESIAN_POINT('',(0.859580521327,-0.1));
#3444 = CARTESIAN_POINT('',(0.717863162542,-0.1));
#3445 = CARTESIAN_POINT('',(0.575229754975,-0.1));
#3446 = CARTESIAN_POINT('',(0.432112499178,-0.1));
#3447 = CARTESIAN_POINT('',(0.231139482308,-0.1));
#3448 = CARTESIAN_POINT('',(0.173278468876,-0.1));
#3449 = CARTESIAN_POINT('',(0.115448024427,-0.1));
#3450 = CARTESIAN_POINT('',(5.767859341195E-02,-1.E-01));
#3451 = CARTESIAN_POINT('',(0.,-1.E-01));
#3452 = ( GEOMETRIC_REPRESENTATION_CONTEXT(2) 
PARAMETRIC_REPRESENTATION_CONTEXT() REPRESENTATION_CONTEXT('2D SPACE',''
  ) );
#3453 = ORIENTED_EDGE('',*,*,#3454,.F.);
#3454 = EDGE_CURVE('',#3455,#3404,#3457,.T.);
#3455 = VERTEX_POINT('',#3456);
#3456 = CARTESIAN_POINT('',(3.424522292994,0.5,2.108111842105));
#3457 = SURFACE_CURVE('',#3458,(#3469,#3483),.PCURVE_S1.);
#3458 = B_SPLINE_CURVE_WITH_KNOTS('',5,(#3459,#3460,#3461,#3462,#3463,
    #3464,#3465,#3466,#3467,#3468),.UNSPECIFIED.,.F.,.F.,(6,4,6),(0.,
    0.320316509076,1.),.UNSPECIFIED.);
#3459 = CARTESIAN_POINT('',(3.424522292994,0.5,2.108111842105));
#3460 = CARTESIAN_POINT('',(3.44280819382,0.485795775406,2.108111842105)
  );
#3461 = CARTESIAN_POINT('',(3.46165535107,0.472709870569,2.108111842105)
  );
#3462 = CARTESIAN_POINT('',(3.481058537439,0.460754931793,2.108111842105
    ));
#3463 = CARTESIAN_POINT('',(3.501010408852,0.449939545499,2.108111842105
    ));
#3464 = CARTESIAN_POINT('',(3.564981809096,0.419746573834,2.108111842105
    ));
#3465 = CARTESIAN_POINT('',(3.610891017727,0.404375582383,2.108111842105
    ));
#3466 = CARTESIAN_POINT('',(3.659136609002,0.394199756467,2.108111842105
    ));
#3467 = CARTESIAN_POINT('',(3.709591452253,0.389171977508,2.108111842105
    ));
#3468 = CARTESIAN_POINT('',(3.762101910828,0.389171974522,2.108111842105
    ));
#3469 = PCURVE('',#44,#3470);
#3470 = DEFINITIONAL_REPRESENTATION('',(#3471),#3482);
#3471 = B_SPLINE_CURVE_WITH_KNOTS('',5,(#3472,#3473,#3474,#3475,#3476,
    #3477,#3478,#3479,#3480,#3481),.UNSPECIFIED.,.F.,.F.,(6,4,6),(0.,
    0.320316509076,1.),.UNSPECIFIED.);
#3472 = CARTESIAN_POINT('',(-14.17483548106,0.500000023082));
#3473 = CARTESIAN_POINT('',(-14.15654958023,0.485795798487));
#3474 = CARTESIAN_POINT('',(-14.13770242298,0.47270989365));
#3475 = CARTESIAN_POINT('',(-14.11829923661,0.460754954875));
#3476 = CARTESIAN_POINT('',(-14.0983473652,0.449939568581));
#3477 = CARTESIAN_POINT('',(-14.03437596495,0.419746596915));
#3478 = CARTESIAN_POINT('',(-13.98846675632,0.404375605464));
#3479 = CARTESIAN_POINT('',(-13.94022116505,0.394199779548));
#3480 = CARTESIAN_POINT('',(-13.8897663218,0.38917200059));
#3481 = CARTESIAN_POINT('',(-13.83725586322,0.389171997604));
#3482 = ( GEOMETRIC_REPRESENTATION_CONTEXT(2) 
PARAMETRIC_REPRESENTATION_CONTEXT() REPRESENTATION_CONTEXT('2D SPACE',''
  ) );
#3483 = PCURVE('',#3484,#3491);
#3484 = SURFACE_OF_LINEAR_EXTRUSION('',#3485,#3489);
#3485 = B_SPLINE_CURVE_WITH_KNOTS('',2,(#3486,#3487,#3488),
  .UNSPECIFIED.,.F.,.F.,(3,3),(0.,1.),.PIECEWISE_BEZIER_KNOTS.);
#3486 = CARTESIAN_POINT('',(3.762101910828,0.389171974522,2.008111842105
    ));
#3487 = CARTESIAN_POINT('',(3.567197452229,0.389171974522,2.008111842105
    ));
#3488 = CARTESIAN_POINT('',(3.424522292994,0.5,2.008111842105));
#3489 = VECTOR('',#3490,1.);
#3490 = DIRECTION('',(-0.,-0.,-1.));
#3491 = DEFINITIONAL_REPRESENTATION('',(#3492),#3503);
#3492 = B_SPLINE_CURVE_WITH_KNOTS('',5,(#3493,#3494,#3495,#3496,#3497,
    #3498,#3499,#3500,#3501,#3502),.UNSPECIFIED.,.F.,.F.,(6,4,6),(0.,
    0.320316509076,1.),.UNSPECIFIED.);
#3493 = CARTESIAN_POINT('',(1.,-0.1));
#3494 = CARTESIAN_POINT('',(0.935917715969,-0.1));
#3495 = CARTESIAN_POINT('',(0.871747614114,-0.1));
#3496 = CARTESIAN_POINT('',(0.807518393259,-0.1));
#3497 = CARTESIAN_POINT('',(0.74325927426,-0.1));
#3498 = CARTESIAN_POINT('',(0.542647465504,-0.1));
#3499 = CARTESIAN_POINT('',(0.406290889615,-1.E-01));
#3500 = CARTESIAN_POINT('',(0.270221412744,-0.1));
#3501 = CARTESIAN_POINT('',(0.134708206163,-1.E-01));
#3502 = CARTESIAN_POINT('',(0.,-1.E-01));
#3503 = ( GEOMETRIC_REPRESENTATION_CONTEXT(2) 
PARAMETRIC_REPRESENTATION_CONTEXT() REPRESENTATION_CONTEXT('2D SPACE',''
  ) );
#3504 = ORIENTED_EDGE('',*,*,#3505,.F.);
#3505 = EDGE_CURVE('',#3506,#3455,#3508,.T.);
#3506 = VERTEX_POINT('',#3507);
#3507 = CARTESIAN_POINT('',(3.25,0.868152866242,2.108111842105));
#3508 = SURFACE_CURVE('',#3509,(#3520,#3534),.PCURVE_S1.);
#3509 = B_SPLINE_CURVE_WITH_KNOTS('',5,(#3510,#3511,#3512,#3513,#3514,
    #3515,#3516,#3517,#3518,#3519),.UNSPECIFIED.,.F.,.F.,(6,4,6),(0.,
    0.570780900399,1.),.UNSPECIFIED.);
#3510 = CARTESIAN_POINT('',(3.25,0.868152866242,2.108111842105));
#3511 = CARTESIAN_POINT('',(3.250000003922,0.815767992943,2.108111842105
    ));
#3512 = CARTESIAN_POINT('',(3.255507803641,0.765921966837,2.108111842105
    ));
#3513 = CARTESIAN_POINT('',(3.266757662069,0.71890716446,2.108111842105)
  );
#3514 = CARTESIAN_POINT('',(3.2838533399,0.674967340166,2.108111842105)
  );
#3515 = CARTESIAN_POINT('',(3.323884379968,0.603655802404,2.108111842105
    ));
#3516 = CARTESIAN_POINT('',(3.344321102001,0.574875515074,2.108111842105
    ));
#3517 = CARTESIAN_POINT('',(3.367974951184,0.547991077102,2.108111842105
    ));
#3518 = CARTESIAN_POINT('',(3.394753671349,0.52303266014,2.108111842105)
  );
#3519 = CARTESIAN_POINT('',(3.424522292994,0.5,2.108111842105));
#3520 = PCURVE('',#44,#3521);
#3521 = DEFINITIONAL_REPRESENTATION('',(#3522),#3533);
#3522 = B_SPLINE_CURVE_WITH_KNOTS('',5,(#3523,#3524,#3525,#3526,#3527,
    #3528,#3529,#3530,#3531,#3532),.UNSPECIFIED.,.F.,.F.,(6,4,6),(0.,
    0.570780900399,1.),.UNSPECIFIED.);
#3523 = CARTESIAN_POINT('',(-14.34935777405,0.868152889324));
#3524 = CARTESIAN_POINT('',(-14.34935777013,0.815768016025));
#3525 = CARTESIAN_POINT('',(-14.34384997041,0.765921989919));
#3526 = CARTESIAN_POINT('',(-14.33260011198,0.718907187541));
#3527 = CARTESIAN_POINT('',(-14.31550443415,0.674967363247));
#3528 = CARTESIAN_POINT('',(-14.27547339408,0.603655825485));
#3529 = CARTESIAN_POINT('',(-14.25503667205,0.574875538155));
#3530 = CARTESIAN_POINT('',(-14.23138282287,0.547991100184));
#3531 = CARTESIAN_POINT('',(-14.2046041027,0.523032683221));
#3532 = CARTESIAN_POINT('',(-14.17483548106,0.500000023082));
#3533 = ( GEOMETRIC_REPRESENTATION_CONTEXT(2) 
PARAMETRIC_REPRESENTATION_CONTEXT() REPRESENTATION_CONTEXT('2D SPACE',''
  ) );
#3534 = PCURVE('',#3535,#3542);
#3535 = SURFACE_OF_LINEAR_EXTRUSION('',#3536,#3540);
#3536 = B_SPLINE_CURVE_WITH_KNOTS('',2,(#3537,#3538,#3539),
  .UNSPECIFIED.,.F.,.F.,(3,3),(0.,1.),.PIECEWISE_BEZIER_KNOTS.);
#3537 = CARTESIAN_POINT('',(3.424522292994,0.5,2.008111842105));
#3538 = CARTESIAN_POINT('',(3.25,0.635031847134,2.008111842105));
#3539 = CARTESIAN_POINT('',(3.25,0.868152866242,2.008111842105));
#3540 = VECTOR('',#3541,1.);
#3541 = DIRECTION('',(-0.,-0.,-1.));
#3542 = DEFINITIONAL_REPRESENTATION('',(#3543),#3554);
#3543 = B_SPLINE_CURVE_WITH_KNOTS('',5,(#3544,#3545,#3546,#3547,#3548,
    #3549,#3550,#3551,#3552,#3553),.UNSPECIFIED.,.F.,.F.,(6,4,6),(0.,
    0.570780900399,1.),.UNSPECIFIED.);
#3544 = CARTESIAN_POINT('',(1.,-0.1));
#3545 = CARTESIAN_POINT('',(0.887644461011,-0.1));
#3546 = CARTESIAN_POINT('',(0.774094745571,-0.1));
#3547 = CARTESIAN_POINT('',(0.659695547008,-0.1));
#3548 = CARTESIAN_POINT('',(0.54484459072,-0.1));
#3549 = CARTESIAN_POINT('',(0.343638505093,-0.1));
#3550 = CARTESIAN_POINT('',(0.257274306133,-1.E-01));
#3551 = CARTESIAN_POINT('',(0.171098170449,-0.1));
#3552 = CARTESIAN_POINT('',(8.528602309567E-02,-1.E-01));
#3553 = CARTESIAN_POINT('',(0.,-1.E-01));
#3554 = ( GEOMETRIC_REPRESENTATION_CONTEXT(2) 
PARAMETRIC_REPRESENTATION_CONTEXT() REPRESENTATION_CONTEXT('2D SPACE',''
  ) );
#3555 = ORIENTED_EDGE('',*,*,#3556,.F.);
#3556 = EDGE_CURVE('',#3557,#3506,#3559,.T.);
#3557 = VERTEX_POINT('',#3558);
#3558 = CARTESIAN_POINT('',(3.361464968153,1.18025477707,2.108111842105)
  );
#3559 = SURFACE_CURVE('',#3560,(#3571,#3585),.PCURVE_S1.);
#3560 = B_SPLINE_CURVE_WITH_KNOTS('',5,(#3561,#3562,#3563,#3564,#3565,
    #3566,#3567,#3568,#3569,#3570),.UNSPECIFIED.,.F.,.F.,(6,4,6),(0.,
    0.227008884821,1.),.UNSPECIFIED.);
#3561 = CARTESIAN_POINT('',(3.361464968153,1.18025477707,2.108111842105)
  );
#3562 = CARTESIAN_POINT('',(3.351310364347,1.169229776911,2.108111842105
    ));
#3563 = CARTESIAN_POINT('',(3.341725705054,1.157832404458,2.108111842105
    ));
#3564 = CARTESIAN_POINT('',(3.33271559992,1.146064429949,2.108111842105)
  );
#3565 = CARTESIAN_POINT('',(3.324283427966,1.133928447002,2.108111842105
    ));
#3566 = CARTESIAN_POINT('',(3.289694075253,1.078861992662,2.108111842105
    ));
#3567 = CARTESIAN_POINT('',(3.269681391357,1.032066671533,2.108111842105
    ));
#3568 = CARTESIAN_POINT('',(3.25648294666,0.981181762434,2.108111842105)
  );
#3569 = CARTESIAN_POINT('',(3.2500000034,0.926443577812,2.108111842105)
  );
#3570 = CARTESIAN_POINT('',(3.25,0.868152866242,2.108111842105));
#3571 = PCURVE('',#44,#3572);
#3572 = DEFINITIONAL_REPRESENTATION('',(#3573),#3584);
#3573 = B_SPLINE_CURVE_WITH_KNOTS('',5,(#3574,#3575,#3576,#3577,#3578,
    #3579,#3580,#3581,#3582,#3583),.UNSPECIFIED.,.F.,.F.,(6,4,6),(0.,
    0.227008884821,1.),.UNSPECIFIED.);
#3574 = CARTESIAN_POINT('',(-14.2378928059,1.180254800152));
#3575 = CARTESIAN_POINT('',(-14.2480474097,1.169229799993));
#3576 = CARTESIAN_POINT('',(-14.257632069,1.157832427539));
#3577 = CARTESIAN_POINT('',(-14.26664217413,1.146064453031));
#3578 = CARTESIAN_POINT('',(-14.27507434608,1.133928470084));
#3579 = CARTESIAN_POINT('',(-14.3096636988,1.078862015743));
#3580 = CARTESIAN_POINT('',(-14.32967638269,1.032066694614));
#3581 = CARTESIAN_POINT('',(-14.34287482739,0.981181785516));
#3582 = CARTESIAN_POINT('',(-14.34935777065,0.926443600893));
#3583 = CARTESIAN_POINT('',(-14.34935777405,0.868152889324));
#3584 = ( GEOMETRIC_REPRESENTATION_CONTEXT(2) 
PARAMETRIC_REPRESENTATION_CONTEXT() REPRESENTATION_CONTEXT('2D SPACE',''
  ) );
#3585 = PCURVE('',#3586,#3593);
#3586 = SURFACE_OF_LINEAR_EXTRUSION('',#3587,#3591);
#3587 = B_SPLINE_CURVE_WITH_KNOTS('',2,(#3588,#3589,#3590),
  .UNSPECIFIED.,.F.,.F.,(3,3),(0.,1.),.PIECEWISE_BEZIER_KNOTS.);
#3588 = CARTESIAN_POINT('',(3.25,0.868152866242,2.008111842105));
#3589 = CARTESIAN_POINT('',(3.25,1.05923566879,2.008111842105));
#3590 = CARTESIAN_POINT('',(3.361464968153,1.18025477707,2.008111842105)
  );
#3591 = VECTOR('',#3592,1.);
#3592 = DIRECTION('',(-0.,-0.,-1.));
#3593 = DEFINITIONAL_REPRESENTATION('',(#3594),#3605);
#3594 = B_SPLINE_CURVE_WITH_KNOTS('',5,(#3595,#3596,#3597,#3598,#3599,
    #3600,#3601,#3602,#3603,#3604),.UNSPECIFIED.,.F.,.F.,(6,4,6),(0.,
    0.227008884821,1.),.UNSPECIFIED.);
#3595 = CARTESIAN_POINT('',(1.,-0.1));
#3596 = CARTESIAN_POINT('',(0.954449344087,-0.1));
#3597 = CARTESIAN_POINT('',(0.908861737025,-0.1));
#3598 = CARTESIAN_POINT('',(0.863249392713,-0.1));
#3599 = CARTESIAN_POINT('',(0.817624655462,-0.1));
#3600 = CARTESIAN_POINT('',(0.616642850287,-0.1));
#3601 = CARTESIAN_POINT('',(0.461278993248,-1.E-01));
#3602 = CARTESIAN_POINT('',(0.306421848734,-0.1));
#3603 = CARTESIAN_POINT('',(0.152527367533,-1.E-01));
#3604 = CARTESIAN_POINT('',(0.,-1.E-01));
#3605 = ( GEOMETRIC_REPRESENTATION_CONTEXT(2) 
PARAMETRIC_REPRESENTATION_CONTEXT() REPRESENTATION_CONTEXT('2D SPACE',''
  ) );
#3606 = ORIENTED_EDGE('',*,*,#3607,.F.);
#3607 = EDGE_CURVE('',#2754,#3557,#3608,.T.);
#3608 = SURFACE_CURVE('',#3609,(#3620,#3634),.PCURVE_S1.);
#3609 = B_SPLINE_CURVE_WITH_KNOTS('',5,(#3610,#3611,#3612,#3613,#3614,
    #3615,#3616,#3617,#3618,#3619),.UNSPECIFIED.,.F.,.F.,(6,4,6),(0.,
    0.726844968117,1.),.UNSPECIFIED.);
#3610 = CARTESIAN_POINT('',(3.657643312102,1.317834394904,2.108111842105
    ));
#3611 = CARTESIAN_POINT('',(3.604713015634,1.312889346745,2.108111842105
    ));
#3612 = CARTESIAN_POINT('',(3.555116116053,1.302576047305,2.108111842105
    ));
#3613 = CARTESIAN_POINT('',(3.509078337271,1.286749804122,2.108111842105
    ));
#3614 = CARTESIAN_POINT('',(3.466772752438,1.265359580908,2.108111842105
    ));
#3615 = CARTESIAN_POINT('',(3.413842100644,1.228374977854,2.108111842105
    ));
#3616 = CARTESIAN_POINT('',(3.399925017883,1.217496683645,2.108111842105
    ));
#3617 = CARTESIAN_POINT('',(3.3865543365,1.205846304584,2.108111842105)
  );
#3618 = CARTESIAN_POINT('',(3.373733656606,1.193429673491,2.108111842105
    ));
#3619 = CARTESIAN_POINT('',(3.361464968153,1.18025477707,2.108111842105)
  );
#3620 = PCURVE('',#44,#3621);
#3621 = DEFINITIONAL_REPRESENTATION('',(#3622),#3633);
#3622 = B_SPLINE_CURVE_WITH_KNOTS('',5,(#3623,#3624,#3625,#3626,#3627,
    #3628,#3629,#3630,#3631,#3632),.UNSPECIFIED.,.F.,.F.,(6,4,6),(0.,
    0.726844968117,1.),.UNSPECIFIED.);
#3623 = CARTESIAN_POINT('',(-13.94171446195,1.317834417986));
#3624 = CARTESIAN_POINT('',(-13.99464475841,1.312889369827));
#3625 = CARTESIAN_POINT('',(-14.044241658,1.302576070386));
#3626 = CARTESIAN_POINT('',(-14.09027943678,1.286749827204));
#3627 = CARTESIAN_POINT('',(-14.13258502161,1.265359603989));
#3628 = CARTESIAN_POINT('',(-14.18551567341,1.228375000936));
#3629 = CARTESIAN_POINT('',(-14.19943275617,1.217496706726));
#3630 = CARTESIAN_POINT('',(-14.21280343755,1.205846327665));
#3631 = CARTESIAN_POINT('',(-14.22562411744,1.193429696572));
#3632 = CARTESIAN_POINT('',(-14.2378928059,1.180254800152));
#3633 = ( GEOMETRIC_REPRESENTATION_CONTEXT(2) 
PARAMETRIC_REPRESENTATION_CONTEXT() REPRESENTATION_CONTEXT('2D SPACE',''
  ) );
#3634 = PCURVE('',#3635,#3642);
#3635 = SURFACE_OF_LINEAR_EXTRUSION('',#3636,#3640);
#3636 = B_SPLINE_CURVE_WITH_KNOTS('',2,(#3637,#3638,#3639),
  .UNSPECIFIED.,.F.,.F.,(3,3),(0.,1.),.PIECEWISE_BEZIER_KNOTS.);
#3637 = CARTESIAN_POINT('',(3.361464968153,1.18025477707,2.008111842105)
  );
#3638 = CARTESIAN_POINT('',(3.473566878981,1.300636942675,2.008111842105
    ));
#3639 = CARTESIAN_POINT('',(3.657643312102,1.317834394904,2.008111842105
    ));
#3640 = VECTOR('',#3641,1.);
#3641 = DIRECTION('',(-0.,-0.,-1.));
#3642 = DEFINITIONAL_REPRESENTATION('',(#3643),#3654);
#3643 = B_SPLINE_CURVE_WITH_KNOTS('',5,(#3644,#3645,#3646,#3647,#3648,
    #3649,#3650,#3651,#3652,#3653),.UNSPECIFIED.,.F.,.F.,(6,4,6),(0.,
    0.726844968117,1.),.UNSPECIFIED.);
#3644 = CARTESIAN_POINT('',(1.,-0.1));
#3645 = CARTESIAN_POINT('',(0.856227389787,-0.1));
#3646 = CARTESIAN_POINT('',(0.711406379806,-0.1));
#3647 = CARTESIAN_POINT('',(0.565855211161,-0.1));
#3648 = CARTESIAN_POINT('',(0.419924453105,-0.1));
#3649 = CARTESIAN_POINT('',(0.219160246836,-0.1));
#3650 = CARTESIAN_POINT('',(0.16432067711,-0.1));
#3651 = CARTESIAN_POINT('',(0.109501121356,-0.1));
#3652 = CARTESIAN_POINT('',(5.47211353263E-02,-1.E-01));
#3653 = CARTESIAN_POINT('',(0.,-1.E-01));
#3654 = ( GEOMETRIC_REPRESENTATION_CONTEXT(2) 
PARAMETRIC_REPRESENTATION_CONTEXT() REPRESENTATION_CONTEXT('2D SPACE',''
  ) );
#3655 = FACE_BOUND('',#3656,.T.);
#3656 = EDGE_LOOP('',(#3657,#3685,#3711,#3756,#3792,#3831,#3873,#3912,
    #3957,#4002,#4047,#4086,#4112,#4163,#4214,#4265,#4316,#4361,#4397,
    #4439,#4481,#4517));
#3657 = ORIENTED_EDGE('',*,*,#3658,.F.);
#3658 = EDGE_CURVE('',#3659,#3661,#3663,.T.);
#3659 = VERTEX_POINT('',#3660);
#3660 = CARTESIAN_POINT('',(3.25,1.514649681529,2.108111842105));
#3661 = VERTEX_POINT('',#3662);
#3662 = CARTESIAN_POINT('',(3.413057324841,1.514649681529,2.108111842105
    ));
#3663 = SURFACE_CURVE('',#3664,(#3668,#3674),.PCURVE_S1.);
#3664 = LINE('',#3665,#3666);
#3665 = CARTESIAN_POINT('',(10.506207549447,1.514649681529,
    2.108111842105));
#3666 = VECTOR('',#3667,1.);
#3667 = DIRECTION('',(1.,2.22044604925E-16,0.));
#3668 = PCURVE('',#44,#3669);
#3669 = DEFINITIONAL_REPRESENTATION('',(#3670),#3673);
#3670 = B_SPLINE_CURVE_WITH_KNOTS('',1,(#3671,#3672),.UNSPECIFIED.,.F.,
  .F.,(2,2),(-7.256207549447,-7.093150224606),.PIECEWISE_BEZIER_KNOTS.);
#3671 = CARTESIAN_POINT('',(-14.34935777405,1.51464970461));
#3672 = CARTESIAN_POINT('',(-14.18630044921,1.51464970461));
#3673 = ( GEOMETRIC_REPRESENTATION_CONTEXT(2) 
PARAMETRIC_REPRESENTATION_CONTEXT() REPRESENTATION_CONTEXT('2D SPACE',''
  ) );
#3674 = PCURVE('',#3675,#3680);
#3675 = PLANE('',#3676);
#3676 = AXIS2_PLACEMENT_3D('',#3677,#3678,#3679);
#3677 = CARTESIAN_POINT('',(3.413057324841,1.514649681529,2.008111842105
    ));
#3678 = DIRECTION('',(2.22044604925E-16,-1.,0.));
#3679 = DIRECTION('',(-1.,-2.22044604925E-16,0.));
#3680 = DEFINITIONAL_REPRESENTATION('',(#3681),#3684);
#3681 = B_SPLINE_CURVE_WITH_KNOTS('',1,(#3682,#3683),.UNSPECIFIED.,.F.,
  .F.,(2,2),(-7.256207549447,-7.093150224606),.PIECEWISE_BEZIER_KNOTS.);
#3682 = CARTESIAN_POINT('',(0.163057324841,-0.1));
#3683 = CARTESIAN_POINT('',(0.,-0.1));
#3684 = ( GEOMETRIC_REPRESENTATION_CONTEXT(2) 
PARAMETRIC_REPRESENTATION_CONTEXT() REPRESENTATION_CONTEXT('2D SPACE',''
  ) );
#3685 = ORIENTED_EDGE('',*,*,#3686,.F.);
#3686 = EDGE_CURVE('',#3687,#3659,#3689,.T.);
#3687 = VERTEX_POINT('',#3688);
#3688 = CARTESIAN_POINT('',(3.25,2.44076433121,2.108111842105));
#3689 = SURFACE_CURVE('',#3690,(#3694,#3700),.PCURVE_S1.);
#3690 = LINE('',#3691,#3692);
#3691 = CARTESIAN_POINT('',(3.25,0.757324829224,2.108111842105));
#3692 = VECTOR('',#3693,1.);
#3693 = DIRECTION('',(2.22044604925E-16,-1.,0.));
#3694 = PCURVE('',#44,#3695);
#3695 = DEFINITIONAL_REPRESENTATION('',(#3696),#3699);
#3696 = B_SPLINE_CURVE_WITH_KNOTS('',1,(#3697,#3698),.UNSPECIFIED.,.F.,
  .F.,(2,2),(-1.683439501987,-0.757324852305),.PIECEWISE_BEZIER_KNOTS.);
#3697 = CARTESIAN_POINT('',(-14.34935777405,2.440764354292));
#3698 = CARTESIAN_POINT('',(-14.34935777405,1.51464970461));
#3699 = ( GEOMETRIC_REPRESENTATION_CONTEXT(2) 
PARAMETRIC_REPRESENTATION_CONTEXT() REPRESENTATION_CONTEXT('2D SPACE',''
  ) );
#3700 = PCURVE('',#3701,#3706);
#3701 = PLANE('',#3702);
#3702 = AXIS2_PLACEMENT_3D('',#3703,#3704,#3705);
#3703 = CARTESIAN_POINT('',(3.25,1.514649681529,2.008111842105));
#3704 = DIRECTION('',(-1.,-2.22044604925E-16,0.));
#3705 = DIRECTION('',(-2.22044604925E-16,1.,0.));
#3706 = DEFINITIONAL_REPRESENTATION('',(#3707),#3710);
#3707 = B_SPLINE_CURVE_WITH_KNOTS('',1,(#3708,#3709),.UNSPECIFIED.,.F.,
  .F.,(2,2),(-1.683439501987,-0.757324852305),.PIECEWISE_BEZIER_KNOTS.);
#3708 = CARTESIAN_POINT('',(0.926114649682,-0.1));
#3709 = CARTESIAN_POINT('',(0.,-0.1));
#3710 = ( GEOMETRIC_REPRESENTATION_CONTEXT(2) 
PARAMETRIC_REPRESENTATION_CONTEXT() REPRESENTATION_CONTEXT('2D SPACE',''
  ) );
#3711 = ORIENTED_EDGE('',*,*,#3712,.F.);
#3712 = EDGE_CURVE('',#3713,#3687,#3715,.T.);
#3713 = VERTEX_POINT('',#3714);
#3714 = CARTESIAN_POINT('',(3.370382165605,2.420382165605,2.108111842105
    ));
#3715 = SURFACE_CURVE('',#3716,(#3725,#3737),.PCURVE_S1.);
#3716 = B_SPLINE_CURVE_WITH_KNOTS('',4,(#3717,#3718,#3719,#3720,#3721,
    #3722,#3723,#3724),.UNSPECIFIED.,.F.,.F.,(5,3,5),(0.,0.461993129153,
    1.),.UNSPECIFIED.);
#3717 = CARTESIAN_POINT('',(3.370382165605,2.420382165605,2.108111842105
    ));
#3718 = CARTESIAN_POINT('',(3.356995282719,2.425530966117,2.108111842105
    ));
#3719 = CARTESIAN_POINT('',(3.343447561183,2.429819914008,2.108111842105
    ));
#3720 = CARTESIAN_POINT('',(3.329740013008,2.433247908929,2.108111842105
    ));
#3721 = CARTESIAN_POINT('',(3.299726154419,2.438803883941,2.108111842105
    ));
#3722 = CARTESIAN_POINT('',(3.283363342231,2.440625165745,2.108111842105
    ));
#3723 = CARTESIAN_POINT('',(3.266787240689,2.441278225686,2.108111842105
    ));
#3724 = CARTESIAN_POINT('',(3.25,2.44076433121,2.108111842105));
#3725 = PCURVE('',#44,#3726);
#3726 = DEFINITIONAL_REPRESENTATION('',(#3727),#3736);
#3727 = B_SPLINE_CURVE_WITH_KNOTS('',4,(#3728,#3729,#3730,#3731,#3732,
    #3733,#3734,#3735),.UNSPECIFIED.,.F.,.F.,(5,3,5),(0.,0.461993129153,
    1.),.UNSPECIFIED.);
#3728 = CARTESIAN_POINT('',(-14.22897560844,2.420382188687));
#3729 = CARTESIAN_POINT('',(-14.24236249133,2.425530989198));
#3730 = CARTESIAN_POINT('',(-14.25591021287,2.42981993709));
#3731 = CARTESIAN_POINT('',(-14.26961776104,2.433247932011));
#3732 = CARTESIAN_POINT('',(-14.29963161963,2.438803907022));
#3733 = CARTESIAN_POINT('',(-14.31599443182,2.440625188827));
#3734 = CARTESIAN_POINT('',(-14.33257053336,2.441278248768));
#3735 = CARTESIAN_POINT('',(-14.34935777405,2.440764354292));
#3736 = ( GEOMETRIC_REPRESENTATION_CONTEXT(2) 
PARAMETRIC_REPRESENTATION_CONTEXT() REPRESENTATION_CONTEXT('2D SPACE',''
  ) );
#3737 = PCURVE('',#3738,#3745);
#3738 = SURFACE_OF_LINEAR_EXTRUSION('',#3739,#3743);
#3739 = B_SPLINE_CURVE_WITH_KNOTS('',2,(#3740,#3741,#3742),
  .UNSPECIFIED.,.F.,.F.,(3,3),(0.,1.),.PIECEWISE_BEZIER_KNOTS.);
#3740 = CARTESIAN_POINT('',(3.25,2.44076433121,2.008111842105));
#3741 = CARTESIAN_POINT('',(3.312420382166,2.442675159236,2.008111842105
    ));
#3742 = CARTESIAN_POINT('',(3.370382165605,2.420382165605,2.008111842105
    ));
#3743 = VECTOR('',#3744,1.);
#3744 = DIRECTION('',(-0.,-0.,-1.));
#3745 = DEFINITIONAL_REPRESENTATION('',(#3746),#3755);
#3746 = B_SPLINE_CURVE_WITH_KNOTS('',4,(#3747,#3748,#3749,#3750,#3751,
    #3752,#3753,#3754),.UNSPECIFIED.,.F.,.F.,(5,3,5),(0.,0.461993129153,
    1.),.UNSPECIFIED.);
#3747 = CARTESIAN_POINT('',(1.,-0.1));
#3748 = CARTESIAN_POINT('',(0.88451974742,-0.1));
#3749 = CARTESIAN_POINT('',(0.769019800866,-0.1));
#3750 = CARTESIAN_POINT('',(0.653509945578,-0.1));
#3751 = CARTESIAN_POINT('',(0.403484699987,-0.1));
#3752 = CARTESIAN_POINT('',(0.268969271667,-0.1));
#3753 = CARTESIAN_POINT('',(0.134469224848,-1.E-01));
#3754 = CARTESIAN_POINT('',(0.,-1.E-01));
#3755 = ( GEOMETRIC_REPRESENTATION_CONTEXT(2) 
PARAMETRIC_REPRESENTATION_CONTEXT() REPRESENTATION_CONTEXT('2D SPACE',''
  ) );
#3756 = ORIENTED_EDGE('',*,*,#3757,.F.);
#3757 = EDGE_CURVE('',#3758,#3713,#3760,.T.);
#3758 = VERTEX_POINT('',#3759);
#3759 = CARTESIAN_POINT('',(3.558280254777,2.307643312102,2.108111842105
    ));
#3760 = SURFACE_CURVE('',#3761,(#3767,#3776),.PCURVE_S1.);
#3761 = B_SPLINE_CURVE_WITH_KNOTS('',4,(#3762,#3763,#3764,#3765,#3766),
  .UNSPECIFIED.,.F.,.F.,(5,5),(0.,1.),.PIECEWISE_BEZIER_KNOTS.);
#3762 = CARTESIAN_POINT('',(3.558280254777,2.307643312102,2.108111842105
    ));
#3763 = CARTESIAN_POINT('',(3.512313001667,2.346319205565,2.108111842105
    ));
#3764 = CARTESIAN_POINT('',(3.465645485938,2.378094384668,2.108111842105
    ));
#3765 = CARTESIAN_POINT('',(3.418317674827,2.402805810024,2.108111842105
    ));
#3766 = CARTESIAN_POINT('',(3.370382165605,2.420382165605,2.108111842105
    ));
#3767 = PCURVE('',#44,#3768);
#3768 = DEFINITIONAL_REPRESENTATION('',(#3769),#3775);
#3769 = B_SPLINE_CURVE_WITH_KNOTS('',4,(#3770,#3771,#3772,#3773,#3774),
  .UNSPECIFIED.,.F.,.F.,(5,5),(0.,1.),.PIECEWISE_BEZIER_KNOTS.);
#3770 = CARTESIAN_POINT('',(-14.04107751927,2.307643335183));
#3771 = CARTESIAN_POINT('',(-14.08704477238,2.346319228646));
#3772 = CARTESIAN_POINT('',(-14.13371228811,2.378094407749));
#3773 = CARTESIAN_POINT('',(-14.18104009922,2.402805833105));
#3774 = CARTESIAN_POINT('',(-14.22897560844,2.420382188687));
#3775 = ( GEOMETRIC_REPRESENTATION_CONTEXT(2) 
PARAMETRIC_REPRESENTATION_CONTEXT() REPRESENTATION_CONTEXT('2D SPACE',''
  ) );
#3776 = PCURVE('',#3777,#3784);
#3777 = SURFACE_OF_LINEAR_EXTRUSION('',#3778,#3782);
#3778 = B_SPLINE_CURVE_WITH_KNOTS('',2,(#3779,#3780,#3781),
  .UNSPECIFIED.,.F.,.F.,(3,3),(0.,1.),.PIECEWISE_BEZIER_KNOTS.);
#3779 = CARTESIAN_POINT('',(3.370382165605,2.420382165605,2.008111842105
    ));
#3780 = CARTESIAN_POINT('',(3.465923566879,2.385350318471,2.008111842105
    ));
#3781 = CARTESIAN_POINT('',(3.558280254777,2.307643312102,2.008111842105
    ));
#3782 = VECTOR('',#3783,1.);
#3783 = DIRECTION('',(-0.,-0.,-1.));
#3784 = DEFINITIONAL_REPRESENTATION('',(#3785),#3791);
#3785 = B_SPLINE_CURVE_WITH_KNOTS('',4,(#3786,#3787,#3788,#3789,#3790),
  .UNSPECIFIED.,.F.,.F.,(5,5),(0.,1.),.PIECEWISE_BEZIER_KNOTS.);
#3786 = CARTESIAN_POINT('',(1.,-0.1));
#3787 = CARTESIAN_POINT('',(0.751142802986,-0.1));
#3788 = CARTESIAN_POINT('',(0.501341779476,-0.1));
#3789 = CARTESIAN_POINT('',(0.250862499099,-1.E-01));
#3790 = CARTESIAN_POINT('',(0.,-1.E-01));
#3791 = ( GEOMETRIC_REPRESENTATION_CONTEXT(2) 
PARAMETRIC_REPRESENTATION_CONTEXT() REPRESENTATION_CONTEXT('2D SPACE',''
  ) );
#3792 = ORIENTED_EDGE('',*,*,#3793,.F.);
#3793 = EDGE_CURVE('',#3794,#3758,#3796,.T.);
#3794 = VERTEX_POINT('',#3795);
#3795 = CARTESIAN_POINT('',(3.772929936306,2.082165605096,2.108111842105
    ));
#3796 = SURFACE_CURVE('',#3797,(#3804,#3814),.PCURVE_S1.);
#3797 = B_SPLINE_CURVE_WITH_KNOTS('',5,(#3798,#3799,#3800,#3801,#3802,
    #3803),.UNSPECIFIED.,.F.,.F.,(6,6),(0.,1.),
  .PIECEWISE_BEZIER_KNOTS.);
#3798 = CARTESIAN_POINT('',(3.772929936306,2.082165605096,2.108111842105
    ));
#3799 = CARTESIAN_POINT('',(3.725279841634,2.139794775849,2.108111842105
    ));
#3800 = CARTESIAN_POINT('',(3.679823457484,2.191498816223,2.108111842105
    ));
#3801 = CARTESIAN_POINT('',(3.63672885359,2.236922340393,2.108111842105)
  );
#3802 = CARTESIAN_POINT('',(3.596164635459,2.275727016969,2.108111842105
    ));
#3803 = CARTESIAN_POINT('',(3.558280254777,2.307643312102,2.108111842105
    ));
#3804 = PCURVE('',#44,#3805);
#3805 = DEFINITIONAL_REPRESENTATION('',(#3806),#3813);
#3806 = B_SPLINE_CURVE_WITH_KNOTS('',5,(#3807,#3808,#3809,#3810,#3811,
    #3812),.UNSPECIFIED.,.F.,.F.,(6,6),(0.,1.),
  .PIECEWISE_BEZIER_KNOTS.);
#3807 = CARTESIAN_POINT('',(-13.82642783774,2.082165628177));
#3808 = CARTESIAN_POINT('',(-13.87407793242,2.139794798931));
#3809 = CARTESIAN_POINT('',(-13.91953431657,2.191498839304));
#3810 = CARTESIAN_POINT('',(-13.96262892046,2.236922363474));
#3811 = CARTESIAN_POINT('',(-14.00319313859,2.275727040051));
#3812 = CARTESIAN_POINT('',(-14.04107751927,2.307643335183));
#3813 = ( GEOMETRIC_REPRESENTATION_CONTEXT(2) 
PARAMETRIC_REPRESENTATION_CONTEXT() REPRESENTATION_CONTEXT('2D SPACE',''
  ) );
#3814 = PCURVE('',#3815,#3822);
#3815 = SURFACE_OF_LINEAR_EXTRUSION('',#3816,#3820);
#3816 = B_SPLINE_CURVE_WITH_KNOTS('',2,(#3817,#3818,#3819),
  .UNSPECIFIED.,.F.,.F.,(3,3),(0.,1.),.PIECEWISE_BEZIER_KNOTS.);
#3817 = CARTESIAN_POINT('',(3.558280254777,2.307643312102,2.008111842105
    ));
#3818 = CARTESIAN_POINT('',(3.65127388535,2.229299363057,2.008111842105)
  );
#3819 = CARTESIAN_POINT('',(3.772929936306,2.082165605096,2.008111842105
    ));
#3820 = VECTOR('',#3821,1.);
#3821 = DIRECTION('',(-0.,-0.,-1.));
#3822 = DEFINITIONAL_REPRESENTATION('',(#3823),#3830);
#3823 = B_SPLINE_CURVE_WITH_KNOTS('',5,(#3824,#3825,#3826,#3827,#3828,
    #3829),.UNSPECIFIED.,.F.,.F.,(6,6),(0.,1.),
  .PIECEWISE_BEZIER_KNOTS.);
#3824 = CARTESIAN_POINT('',(1.,-0.1));
#3825 = CARTESIAN_POINT('',(0.804160601052,-0.1));
#3826 = CARTESIAN_POINT('',(0.606042060838,-1.E-01));
#3827 = CARTESIAN_POINT('',(0.405810014829,-0.1));
#3828 = CARTESIAN_POINT('',(0.2036934104,-1.E-01));
#3829 = CARTESIAN_POINT('',(0.,-1.E-01));
#3830 = ( GEOMETRIC_REPRESENTATION_CONTEXT(2) 
PARAMETRIC_REPRESENTATION_CONTEXT() REPRESENTATION_CONTEXT('2D SPACE',''
  ) );
#3831 = ORIENTED_EDGE('',*,*,#3832,.F.);
#3832 = EDGE_CURVE('',#3833,#3794,#3835,.T.);
#3833 = VERTEX_POINT('',#3834);
#3834 = CARTESIAN_POINT('',(4.075477707006,1.773885350318,2.108111842105
    ));
#3835 = SURFACE_CURVE('',#3836,(#3844,#3855),.PCURVE_S1.);
#3836 = B_SPLINE_CURVE_WITH_KNOTS('',6,(#3837,#3838,#3839,#3840,#3841,
    #3842,#3843),.UNSPECIFIED.,.F.,.F.,(7,7),(0.,1.),
  .PIECEWISE_BEZIER_KNOTS.);
#3837 = CARTESIAN_POINT('',(4.075477707006,1.773885350318,2.108111842105
    ));
#3838 = CARTESIAN_POINT('',(4.036316873092,1.802081153914,2.108111842105
    ));
#3839 = CARTESIAN_POINT('',(3.991899671254,1.840759948895,2.108111842105
    ));
#3840 = CARTESIAN_POINT('',(3.942762324644,1.889124525629,2.108111842105
    ));
#3841 = CARTESIAN_POINT('',(3.889524189429,1.946132726473,2.108111842105
    ));
#3842 = CARTESIAN_POINT('',(3.832755069963,2.010774280583,2.108111842105
    ));
#3843 = CARTESIAN_POINT('',(3.772929936306,2.082165605096,2.108111842105
    ));
#3844 = PCURVE('',#44,#3845);
#3845 = DEFINITIONAL_REPRESENTATION('',(#3846),#3854);
#3846 = B_SPLINE_CURVE_WITH_KNOTS('',6,(#3847,#3848,#3849,#3850,#3851,
    #3852,#3853),.UNSPECIFIED.,.F.,.F.,(7,7),(0.,1.),
  .PIECEWISE_BEZIER_KNOTS.);
#3847 = CARTESIAN_POINT('',(-13.52388006704,1.7738853734));
#3848 = CARTESIAN_POINT('',(-13.56304090096,1.802081176996));
#3849 = CARTESIAN_POINT('',(-13.60745810279,1.840759971977));
#3850 = CARTESIAN_POINT('',(-13.65659544941,1.88912454871));
#3851 = CARTESIAN_POINT('',(-13.70983358462,1.946132749555));
#3852 = CARTESIAN_POINT('',(-13.76660270409,2.010774303664));
#3853 = CARTESIAN_POINT('',(-13.82642783774,2.082165628177));
#3854 = ( GEOMETRIC_REPRESENTATION_CONTEXT(2) 
PARAMETRIC_REPRESENTATION_CONTEXT() REPRESENTATION_CONTEXT('2D SPACE',''
  ) );
#3855 = PCURVE('',#3856,#3863);
#3856 = SURFACE_OF_LINEAR_EXTRUSION('',#3857,#3861);
#3857 = B_SPLINE_CURVE_WITH_KNOTS('',2,(#3858,#3859,#3860),
  .UNSPECIFIED.,.F.,.F.,(3,3),(0.,1.),.PIECEWISE_BEZIER_KNOTS.);
#3858 = CARTESIAN_POINT('',(3.772929936306,2.082165605096,2.008111842105
    ));
#3859 = CARTESIAN_POINT('',(3.964012738854,1.854140127389,2.008111842105
    ));
#3860 = CARTESIAN_POINT('',(4.075477707006,1.773885350318,2.008111842105
    ));
#3861 = VECTOR('',#3862,1.);
#3862 = DIRECTION('',(-0.,-0.,-1.));
#3863 = DEFINITIONAL_REPRESENTATION('',(#3864),#3872);
#3864 = B_SPLINE_CURVE_WITH_KNOTS('',6,(#3865,#3866,#3867,#3868,#3869,
    #3870,#3871),.UNSPECIFIED.,.F.,.F.,(7,7),(0.,1.),
  .PIECEWISE_BEZIER_KNOTS.);
#3865 = CARTESIAN_POINT('',(1.,-0.1));
#3866 = CARTESIAN_POINT('',(0.824335700419,-0.1));
#3867 = CARTESIAN_POINT('',(0.651542781255,-0.1));
#3868 = CARTESIAN_POINT('',(0.482403164648,-1.E-01));
#3869 = CARTESIAN_POINT('',(0.317340811429,-0.1));
#3870 = CARTESIAN_POINT('',(0.156542439593,-1.E-01));
#3871 = CARTESIAN_POINT('',(0.,-1.E-01));
#3872 = ( GEOMETRIC_REPRESENTATION_CONTEXT(2) 
PARAMETRIC_REPRESENTATION_CONTEXT() REPRESENTATION_CONTEXT('2D SPACE',''
  ) );
#3873 = ORIENTED_EDGE('',*,*,#3874,.F.);
#3874 = EDGE_CURVE('',#3875,#3833,#3877,.T.);
#3875 = VERTEX_POINT('',#3876);
#3876 = CARTESIAN_POINT('',(4.286305732484,1.693630573248,2.108111842105
    ));
#3877 = SURFACE_CURVE('',#3878,(#3885,#3895),.PCURVE_S1.);
#3878 = B_SPLINE_CURVE_WITH_KNOTS('',5,(#3879,#3880,#3881,#3882,#3883,
    #3884),.UNSPECIFIED.,.F.,.F.,(6,6),(0.,1.),
  .PIECEWISE_BEZIER_KNOTS.);
#3879 = CARTESIAN_POINT('',(4.286305732484,1.693630573248,2.108111842105
    ));
#3880 = CARTESIAN_POINT('',(4.246302165447,1.693630576479,2.108111842105
    ));
#3881 = CARTESIAN_POINT('',(4.205118342857,1.70176071129,2.108111842105)
  );
#3882 = CARTESIAN_POINT('',(4.162847846081,1.71798387825,2.108111842105)
  );
#3883 = CARTESIAN_POINT('',(4.119596619302,1.742119736298,2.108111842105
    ));
#3884 = CARTESIAN_POINT('',(4.075477707006,1.773885350318,2.108111842105
    ));
#3885 = PCURVE('',#44,#3886);
#3886 = DEFINITIONAL_REPRESENTATION('',(#3887),#3894);
#3887 = B_SPLINE_CURVE_WITH_KNOTS('',5,(#3888,#3889,#3890,#3891,#3892,
    #3893),.UNSPECIFIED.,.F.,.F.,(6,6),(0.,1.),
  .PIECEWISE_BEZIER_KNOTS.);
#3888 = CARTESIAN_POINT('',(-13.31305204157,1.69363059633));
#3889 = CARTESIAN_POINT('',(-13.3530556086,1.693630599561));
#3890 = CARTESIAN_POINT('',(-13.39423943119,1.701760734372));
#3891 = CARTESIAN_POINT('',(-13.43650992797,1.717983901331));
#3892 = CARTESIAN_POINT('',(-13.47976115475,1.742119759379));
#3893 = CARTESIAN_POINT('',(-13.52388006704,1.7738853734));
#3894 = ( GEOMETRIC_REPRESENTATION_CONTEXT(2) 
PARAMETRIC_REPRESENTATION_CONTEXT() REPRESENTATION_CONTEXT('2D SPACE',''
  ) );
#3895 = PCURVE('',#3896,#3903);
#3896 = SURFACE_OF_LINEAR_EXTRUSION('',#3897,#3901);
#3897 = B_SPLINE_CURVE_WITH_KNOTS('',2,(#3898,#3899,#3900),
  .UNSPECIFIED.,.F.,.F.,(3,3),(0.,1.),.PIECEWISE_BEZIER_KNOTS.);
#3898 = CARTESIAN_POINT('',(4.075477707006,1.773885350318,2.008111842105
    ));
#3899 = CARTESIAN_POINT('',(4.186942675159,1.693630573248,2.008111842105
    ));
#3900 = CARTESIAN_POINT('',(4.286305732484,1.693630573248,2.008111842105
    ));
#3901 = VECTOR('',#3902,1.);
#3902 = DIRECTION('',(-0.,-0.,-1.));
#3903 = DEFINITIONAL_REPRESENTATION('',(#3904),#3911);
#3904 = B_SPLINE_CURVE_WITH_KNOTS('',5,(#3905,#3906,#3907,#3908,#3909,
    #3910),.UNSPECIFIED.,.F.,.F.,(6,6),(0.,1.),
  .PIECEWISE_BEZIER_KNOTS.);
#3905 = CARTESIAN_POINT('',(1.,-0.1));
#3906 = CARTESIAN_POINT('',(0.798700001655,-0.1));
#3907 = CARTESIAN_POINT('',(0.597630051936,-1.E-01));
#3908 = CARTESIAN_POINT('',(0.397232905984,-0.1));
#3909 = CARTESIAN_POINT('',(0.197904837302,-1.E-01));
#3910 = CARTESIAN_POINT('',(0.,-1.E-01));
#3911 = ( GEOMETRIC_REPRESENTATION_CONTEXT(2) 
PARAMETRIC_REPRESENTATION_CONTEXT() REPRESENTATION_CONTEXT('2D SPACE',''
  ) );
#3912 = ORIENTED_EDGE('',*,*,#3913,.F.);
#3913 = EDGE_CURVE('',#3914,#3875,#3916,.T.);
#3914 = VERTEX_POINT('',#3915);
#3915 = CARTESIAN_POINT('',(4.462101910828,1.766878980892,2.108111842105
    ));
#3916 = SURFACE_CURVE('',#3917,(#3926,#3938),.PCURVE_S1.);
#3917 = B_SPLINE_CURVE_WITH_KNOTS('',4,(#3918,#3919,#3920,#3921,#3922,
    #3923,#3924,#3925),.UNSPECIFIED.,.F.,.F.,(5,3,5),(0.,0.46392774582,
    1.),.UNSPECIFIED.);
#3918 = CARTESIAN_POINT('',(4.462101910828,1.766878980892,2.108111842105
    ));
#3919 = CARTESIAN_POINT('',(4.445581157062,1.749915709419,2.108111842105
    ));
#3920 = CARTESIAN_POINT('',(4.427846758127,1.735541156925,2.108111842105
    ));
#3921 = CARTESIAN_POINT('',(4.408903602837,1.723791310987,2.108111842105
    ));
#3922 = CARTESIAN_POINT('',(4.365505058547,1.704140054302,2.108111842105
    ));
#3923 = CARTESIAN_POINT('',(4.340650458818,1.697121227869,2.108111842105
    ));
#3924 = CARTESIAN_POINT('',(4.314234241842,1.693630575207,2.108111842105
    ));
#3925 = CARTESIAN_POINT('',(4.286305732484,1.693630573248,2.108111842105
    ));
#3926 = PCURVE('',#44,#3927);
#3927 = DEFINITIONAL_REPRESENTATION('',(#3928),#3937);
#3928 = B_SPLINE_CURVE_WITH_KNOTS('',4,(#3929,#3930,#3931,#3932,#3933,
    #3934,#3935,#3936),.UNSPECIFIED.,.F.,.F.,(5,3,5),(0.,0.46392774582,
    1.),.UNSPECIFIED.);
#3929 = CARTESIAN_POINT('',(-13.13725586322,1.766879003973));
#3930 = CARTESIAN_POINT('',(-13.15377661699,1.749915732501));
#3931 = CARTESIAN_POINT('',(-13.17151101592,1.735541180006));
#3932 = CARTESIAN_POINT('',(-13.19045417121,1.723791334069));
#3933 = CARTESIAN_POINT('',(-13.2338527155,1.704140077384));
#3934 = CARTESIAN_POINT('',(-13.25870731523,1.69712125095));
#3935 = CARTESIAN_POINT('',(-13.28512353221,1.693630598288));
#3936 = CARTESIAN_POINT('',(-13.31305204157,1.69363059633));
#3937 = ( GEOMETRIC_REPRESENTATION_CONTEXT(2) 
PARAMETRIC_REPRESENTATION_CONTEXT() REPRESENTATION_CONTEXT('2D SPACE',''
  ) );
#3938 = PCURVE('',#3939,#3946);
#3939 = SURFACE_OF_LINEAR_EXTRUSION('',#3940,#3944);
#3940 = B_SPLINE_CURVE_WITH_KNOTS('',2,(#3941,#3942,#3943),
  .UNSPECIFIED.,.F.,.F.,(3,3),(0.,1.),.PIECEWISE_BEZIER_KNOTS.);
#3941 = CARTESIAN_POINT('',(4.286305732484,1.693630573248,2.008111842105
    ));
#3942 = CARTESIAN_POINT('',(4.39076433121,1.693630573248,2.008111842105)
  );
#3943 = CARTESIAN_POINT('',(4.462101910828,1.766878980892,2.008111842105
    ));
#3944 = VECTOR('',#3945,1.);
#3945 = DIRECTION('',(-0.,-0.,-1.));
#3946 = DEFINITIONAL_REPRESENTATION('',(#3947),#3956);
#3947 = B_SPLINE_CURVE_WITH_KNOTS('',4,(#3948,#3949,#3950,#3951,#3952,
    #3953,#3954,#3955),.UNSPECIFIED.,.F.,.F.,(5,3,5),(0.,0.46392774582,
    1.),.UNSPECIFIED.);
#3948 = CARTESIAN_POINT('',(1.,-0.1));
#3949 = CARTESIAN_POINT('',(0.884207222283,-0.1));
#3950 = CARTESIAN_POINT('',(0.768208171558,-0.1));
#3951 = CARTESIAN_POINT('',(0.652104138951,-0.1));
#3952 = CARTESIAN_POINT('',(0.401840730485,-0.1));
#3953 = CARTESIAN_POINT('',(0.267680736555,-0.1));
#3954 = CARTESIAN_POINT('',(0.13368219842,-1.E-01));
#3955 = CARTESIAN_POINT('',(0.,-1.E-01));
#3956 = ( GEOMETRIC_REPRESENTATION_CONTEXT(2) 
PARAMETRIC_REPRESENTATION_CONTEXT() REPRESENTATION_CONTEXT('2D SPACE',''
  ) );
#3957 = ORIENTED_EDGE('',*,*,#3958,.F.);
#3958 = EDGE_CURVE('',#3959,#3914,#3961,.T.);
#3959 = VERTEX_POINT('',#3960);
#3960 = CARTESIAN_POINT('',(4.534076433121,1.957324840764,2.108111842105
    ));
#3961 = SURFACE_CURVE('',#3962,(#3971,#3983),.PCURVE_S1.);
#3962 = B_SPLINE_CURVE_WITH_KNOTS('',4,(#3963,#3964,#3965,#3966,#3967,
    #3968,#3969,#3970),.UNSPECIFIED.,.F.,.F.,(5,3,5),(0.,0.738422832005,
    1.),.UNSPECIFIED.);
#3963 = CARTESIAN_POINT('',(4.534076433121,1.957324840764,2.108111842105
    ));
#3964 = CARTESIAN_POINT('',(4.534076430478,1.914060625307,2.108111842105
    ));
#3965 = CARTESIAN_POINT('',(4.527608435954,1.874645959382,2.108111842105
    ));
#3966 = CARTESIAN_POINT('',(4.514525397648,1.839275612116,2.108111842105
    ));
#3967 = CARTESIAN_POINT('',(4.487915364216,1.79696389121,2.108111842105)
  );
#3968 = CARTESIAN_POINT('',(4.480130830764,1.786413833475,2.108111842105
    ));
#3969 = CARTESIAN_POINT('',(4.471524567833,1.776385025784,2.108111842105
    ));
#3970 = CARTESIAN_POINT('',(4.462101910828,1.766878980892,2.108111842105
    ));
#3971 = PCURVE('',#44,#3972);
#3972 = DEFINITIONAL_REPRESENTATION('',(#3973),#3982);
#3973 = B_SPLINE_CURVE_WITH_KNOTS('',4,(#3974,#3975,#3976,#3977,#3978,
    #3979,#3980,#3981),.UNSPECIFIED.,.F.,.F.,(5,3,5),(0.,0.738422832005,
    1.),.UNSPECIFIED.);
#3974 = CARTESIAN_POINT('',(-13.06528134093,1.957324863846));
#3975 = CARTESIAN_POINT('',(-13.06528134357,1.914060648389));
#3976 = CARTESIAN_POINT('',(-13.0717493381,1.874645982463));
#3977 = CARTESIAN_POINT('',(-13.0848323764,1.839275635197));
#3978 = CARTESIAN_POINT('',(-13.11144240983,1.796963914292));
#3979 = CARTESIAN_POINT('',(-13.11922694329,1.786413856557));
#3980 = CARTESIAN_POINT('',(-13.12783320622,1.776385048866));
#3981 = CARTESIAN_POINT('',(-13.13725586322,1.766879003973));
#3982 = ( GEOMETRIC_REPRESENTATION_CONTEXT(2) 
PARAMETRIC_REPRESENTATION_CONTEXT() REPRESENTATION_CONTEXT('2D SPACE',''
  ) );
#3983 = PCURVE('',#3984,#3991);
#3984 = SURFACE_OF_LINEAR_EXTRUSION('',#3985,#3989);
#3985 = B_SPLINE_CURVE_WITH_KNOTS('',2,(#3986,#3987,#3988),
  .UNSPECIFIED.,.F.,.F.,(3,3),(0.,1.),.PIECEWISE_BEZIER_KNOTS.);
#3986 = CARTESIAN_POINT('',(4.462101910828,1.766878980892,2.008111842105
    ));
#3987 = CARTESIAN_POINT('',(4.534076433121,1.83949044586,2.008111842105)
  );
#3988 = CARTESIAN_POINT('',(4.534076433121,1.957324840764,2.008111842105
    ));
#3989 = VECTOR('',#3990,1.);
#3990 = DIRECTION('',(-0.,-0.,-1.));
#3991 = DEFINITIONAL_REPRESENTATION('',(#3992),#4001);
#3992 = B_SPLINE_CURVE_WITH_KNOTS('',4,(#3993,#3994,#3995,#3996,#3997,
    #3998,#3999,#4000),.UNSPECIFIED.,.F.,.F.,(5,3,5),(0.,0.738422832005,
    1.),.UNSPECIFIED.);
#3993 = CARTESIAN_POINT('',(1.,-0.1));
#3994 = CARTESIAN_POINT('',(0.816419403042,-0.1));
#3995 = CARTESIAN_POINT('',(0.63192901243,-0.1));
#3996 = CARTESIAN_POINT('',(0.44696322462,-0.1));
#3997 = CARTESIAN_POINT('',(0.196479062155,-0.1));
#3998 = CARTESIAN_POINT('',(0.130958189479,-0.1));
#3999 = CARTESIAN_POINT('',(6.545828750795E-02,-1.E-01));
#4000 = CARTESIAN_POINT('',(0.,-1.E-01));
#4001 = ( GEOMETRIC_REPRESENTATION_CONTEXT(2) 
PARAMETRIC_REPRESENTATION_CONTEXT() REPRESENTATION_CONTEXT('2D SPACE',''
  ) );
#4002 = ORIENTED_EDGE('',*,*,#4003,.F.);
#4003 = EDGE_CURVE('',#4004,#3959,#4006,.T.);
#4004 = VERTEX_POINT('',#4005);
#4005 = CARTESIAN_POINT('',(4.452547770701,2.156050955414,2.108111842105
    ));
#4006 = SURFACE_CURVE('',#4007,(#4016,#4028),.PCURVE_S1.);
#4007 = B_SPLINE_CURVE_WITH_KNOTS('',4,(#4008,#4009,#4010,#4011,#4012,
    #4013,#4014,#4015),.UNSPECIFIED.,.F.,.F.,(5,3,5),(0.,0.323550591068,
    1.),.UNSPECIFIED.);
#4008 = CARTESIAN_POINT('',(4.452547770701,2.156050955414,2.108111842105
    ));
#4009 = CARTESIAN_POINT('',(4.465739404406,2.143992975721,2.108111842105
    ));
#4010 = CARTESIAN_POINT('',(4.477524067708,2.131053264246,2.108111842105
    ));
#4011 = CARTESIAN_POINT('',(4.487886026484,2.11723431204,2.108111842105)
  );
#4012 = CARTESIAN_POINT('',(4.51549767315,2.071834393002,2.108111842105)
  );
#4013 = CARTESIAN_POINT('',(4.527932646461,2.037319196675,2.108111842105
    ));
#4014 = CARTESIAN_POINT('',(4.53407643038,1.999084851389,2.108111842105)
  );
#4015 = CARTESIAN_POINT('',(4.534076433121,1.957324840764,2.108111842105
    ));
#4016 = PCURVE('',#44,#4017);
#4017 = DEFINITIONAL_REPRESENTATION('',(#4018),#4027);
#4018 = B_SPLINE_CURVE_WITH_KNOTS('',4,(#4019,#4020,#4021,#4022,#4023,
    #4024,#4025,#4026),.UNSPECIFIED.,.F.,.F.,(5,3,5),(0.,0.323550591068,
    1.),.UNSPECIFIED.);
#4019 = CARTESIAN_POINT('',(-13.14681000335,2.156050978496));
#4020 = CARTESIAN_POINT('',(-13.13361836964,2.143992998802));
#4021 = CARTESIAN_POINT('',(-13.12183370634,2.131053287328));
#4022 = CARTESIAN_POINT('',(-13.11147174757,2.117234335122));
#4023 = CARTESIAN_POINT('',(-13.0838601009,2.071834416084));
#4024 = CARTESIAN_POINT('',(-13.07142512759,2.037319219756));
#4025 = CARTESIAN_POINT('',(-13.06528134367,1.99908487447));
#4026 = CARTESIAN_POINT('',(-13.06528134093,1.957324863846));
#4027 = ( GEOMETRIC_REPRESENTATION_CONTEXT(2) 
PARAMETRIC_REPRESENTATION_CONTEXT() REPRESENTATION_CONTEXT('2D SPACE',''
  ) );
#4028 = PCURVE('',#4029,#4036);
#4029 = SURFACE_OF_LINEAR_EXTRUSION('',#4030,#4034);
#4030 = B_SPLINE_CURVE_WITH_KNOTS('',2,(#4031,#4032,#4033),
  .UNSPECIFIED.,.F.,.F.,(3,3),(0.,1.),.PIECEWISE_BEZIER_KNOTS.);
#4031 = CARTESIAN_POINT('',(4.534076433121,1.957324840764,2.008111842105
    ));
#4032 = CARTESIAN_POINT('',(4.534076433121,2.08152866242,2.008111842105)
  );
#4033 = CARTESIAN_POINT('',(4.452547770701,2.156050955414,2.008111842105
    ));
#4034 = VECTOR('',#4035,1.);
#4035 = DIRECTION('',(-0.,-0.,-1.));
#4036 = DEFINITIONAL_REPRESENTATION('',(#4037),#4046);
#4037 = B_SPLINE_CURVE_WITH_KNOTS('',4,(#4038,#4039,#4040,#4041,#4042,
    #4043,#4044,#4045),.UNSPECIFIED.,.F.,.F.,(5,3,5),(0.,0.323550591068,
    1.),.UNSPECIFIED.);
#4038 = CARTESIAN_POINT('',(1.,-0.1));
#4039 = CARTESIAN_POINT('',(0.919098175827,-0.1));
#4040 = CARTESIAN_POINT('',(0.838098290293,-0.1));
#4041 = CARTESIAN_POINT('',(0.75704896924,-0.1));
#4042 = CARTESIAN_POINT('',(0.506550371872,-0.1));
#4043 = CARTESIAN_POINT('',(0.337100037623,-0.1));
#4044 = CARTESIAN_POINT('',(0.168110818725,-1.E-01));
#4045 = CARTESIAN_POINT('',(0.,-1.E-01));
#4046 = ( GEOMETRIC_REPRESENTATION_CONTEXT(2) 
PARAMETRIC_REPRESENTATION_CONTEXT() REPRESENTATION_CONTEXT('2D SPACE',''
  ) );
#4047 = ORIENTED_EDGE('',*,*,#4048,.F.);
#4048 = EDGE_CURVE('',#4049,#4004,#4051,.T.);
#4049 = VERTEX_POINT('',#4050);
#4050 = CARTESIAN_POINT('',(4.228343949045,2.231210191083,2.108111842105
    ));
#4051 = SURFACE_CURVE('',#4052,(#4059,#4069),.PCURVE_S1.);
#4052 = B_SPLINE_CURVE_WITH_KNOTS('',5,(#4053,#4054,#4055,#4056,#4057,
    #4058),.UNSPECIFIED.,.F.,.F.,(6,6),(0.,1.),
  .PIECEWISE_BEZIER_KNOTS.);
#4053 = CARTESIAN_POINT('',(4.228343949045,2.231210191083,2.108111842105
    ));
#4054 = CARTESIAN_POINT('',(4.285051740043,2.230958153522,2.108111842105
    ));
#4055 = CARTESIAN_POINT('',(4.336115404643,2.22347375822,2.108111842105)
  );
#4056 = CARTESIAN_POINT('',(4.381187152748,2.208520722517,2.108111842105
    ));
#4057 = CARTESIAN_POINT('',(4.420027863612,2.186010234615,2.108111842105
    ));
#4058 = CARTESIAN_POINT('',(4.452547770701,2.156050955414,2.108111842105
    ));
#4059 = PCURVE('',#44,#4060);
#4060 = DEFINITIONAL_REPRESENTATION('',(#4061),#4068);
#4061 = B_SPLINE_CURVE_WITH_KNOTS('',5,(#4062,#4063,#4064,#4065,#4066,
    #4067),.UNSPECIFIED.,.F.,.F.,(6,6),(0.,1.),
  .PIECEWISE_BEZIER_KNOTS.);
#4062 = CARTESIAN_POINT('',(-13.371013825,2.231210214164));
#4063 = CARTESIAN_POINT('',(-13.31430603401,2.230958176603));
#4064 = CARTESIAN_POINT('',(-13.26324236941,2.223473781302));
#4065 = CARTESIAN_POINT('',(-13.2181706213,2.208520745598));
#4066 = CARTESIAN_POINT('',(-13.17932991044,2.186010257697));
#4067 = CARTESIAN_POINT('',(-13.14681000335,2.156050978496));
#4068 = ( GEOMETRIC_REPRESENTATION_CONTEXT(2) 
PARAMETRIC_REPRESENTATION_CONTEXT() REPRESENTATION_CONTEXT('2D SPACE',''
  ) );
#4069 = PCURVE('',#4070,#4077);
#4070 = SURFACE_OF_LINEAR_EXTRUSION('',#4071,#4075);
#4071 = B_SPLINE_CURVE_WITH_KNOTS('',2,(#4072,#4073,#4074),
  .UNSPECIFIED.,.F.,.F.,(3,3),(0.,1.),.PIECEWISE_BEZIER_KNOTS.);
#4072 = CARTESIAN_POINT('',(4.452547770701,2.156050955414,2.008111842105
    ));
#4073 = CARTESIAN_POINT('',(4.371656050955,2.230573248408,2.008111842105
    ));
#4074 = CARTESIAN_POINT('',(4.228343949045,2.231210191083,2.008111842105
    ));
#4075 = VECTOR('',#4076,1.);
#4076 = DIRECTION('',(-0.,-0.,-1.));
#4077 = DEFINITIONAL_REPRESENTATION('',(#4078),#4085);
#4078 = B_SPLINE_CURVE_WITH_KNOTS('',5,(#4079,#4080,#4081,#4082,#4083,
    #4084),.UNSPECIFIED.,.F.,.F.,(6,6),(0.,1.),
  .PIECEWISE_BEZIER_KNOTS.);
#4079 = CARTESIAN_POINT('',(1.,-0.1));
#4080 = CARTESIAN_POINT('',(0.802152809456,-0.1));
#4081 = CARTESIAN_POINT('',(0.602685986452,-1.E-01));
#4082 = CARTESIAN_POINT('',(0.402114552789,-0.1));
#4083 = CARTESIAN_POINT('',(0.201008859014,-1.E-01));
#4084 = CARTESIAN_POINT('',(0.,-1.E-01));
#4085 = ( GEOMETRIC_REPRESENTATION_CONTEXT(2) 
PARAMETRIC_REPRESENTATION_CONTEXT() REPRESENTATION_CONTEXT('2D SPACE',''
  ) );
#4086 = ORIENTED_EDGE('',*,*,#4087,.F.);
#4087 = EDGE_CURVE('',#4088,#4049,#4090,.T.);
#4088 = VERTEX_POINT('',#4089);
#4089 = CARTESIAN_POINT('',(4.247452229299,2.408280254777,2.108111842105
    ));
#4090 = SURFACE_CURVE('',#4091,(#4095,#4101),.PCURVE_S1.);
#4091 = LINE('',#4092,#4093);
#4092 = CARTESIAN_POINT('',(4.186299664129,1.841599817535,2.108111842105
    ));
#4093 = VECTOR('',#4094,1.);
#4094 = DIRECTION('',(-0.107290757576,-0.99422768687,0.));
#4095 = PCURVE('',#44,#4096);
#4096 = DEFINITIONAL_REPRESENTATION('',(#4097),#4100);
#4097 = B_SPLINE_CURVE_WITH_KNOTS('',1,(#4098,#4099),.UNSPECIFIED.,.F.,
  .F.,(2,2),(-0.569970485358,-0.391872383653),.PIECEWISE_BEZIER_KNOTS.);
#4098 = CARTESIAN_POINT('',(-13.35190554475,2.408280277859));
#4099 = CARTESIAN_POINT('',(-13.371013825,2.231210214164));
#4100 = ( GEOMETRIC_REPRESENTATION_CONTEXT(2) 
PARAMETRIC_REPRESENTATION_CONTEXT() REPRESENTATION_CONTEXT('2D SPACE',''
  ) );
#4101 = PCURVE('',#4102,#4107);
#4102 = PLANE('',#4103);
#4103 = AXIS2_PLACEMENT_3D('',#4104,#4105,#4106);
#4104 = CARTESIAN_POINT('',(4.228343949045,2.231210191083,2.008111842105
    ));
#4105 = DIRECTION('',(-0.99422768687,0.107290757576,0.));
#4106 = DIRECTION('',(0.107290757576,0.99422768687,0.));
#4107 = DEFINITIONAL_REPRESENTATION('',(#4108),#4111);
#4108 = B_SPLINE_CURVE_WITH_KNOTS('',1,(#4109,#4110),.UNSPECIFIED.,.F.,
  .F.,(2,2),(-0.569970485358,-0.391872383653),.PIECEWISE_BEZIER_KNOTS.);
#4109 = CARTESIAN_POINT('',(0.178098101705,-0.1));
#4110 = CARTESIAN_POINT('',(0.,-0.1));
#4111 = ( GEOMETRIC_REPRESENTATION_CONTEXT(2) 
PARAMETRIC_REPRESENTATION_CONTEXT() REPRESENTATION_CONTEXT('2D SPACE',''
  ) );
#4112 = ORIENTED_EDGE('',*,*,#4113,.F.);
#4113 = EDGE_CURVE('',#4114,#4088,#4116,.T.);
#4114 = VERTEX_POINT('',#4115);
#4115 = CARTESIAN_POINT('',(4.566560509554,2.271337579618,2.108111842105
    ));
#4116 = SURFACE_CURVE('',#4117,(#4128,#4142),.PCURVE_S1.);
#4117 = B_SPLINE_CURVE_WITH_KNOTS('',5,(#4118,#4119,#4120,#4121,#4122,
    #4123,#4124,#4125,#4126,#4127),.UNSPECIFIED.,.F.,.F.,(6,4,6),(0.,
    4.453749796914E-02,1.),.UNSPECIFIED.);
#4118 = CARTESIAN_POINT('',(4.566560509554,2.271337579618,2.108111842105
    ));
#4119 = CARTESIAN_POINT('',(4.564588629965,2.27346996066,2.108111842105)
  );
#4120 = CARTESIAN_POINT('',(4.562596431054,2.275582171527,2.108111842105
    ));
#4121 = CARTESIAN_POINT('',(4.560583933476,2.277674182728,2.108111842105
    ));
#4122 = CARTESIAN_POINT('',(4.558551160286,2.279745967138,2.108111842105
    ));
#4123 = CARTESIAN_POINT('',(4.512454647537,2.325809014125,2.108111842105
    ));
#4124 = CARTESIAN_POINT('',(4.459085636571,2.36050579902,2.108111842105)
  );
#4125 = CARTESIAN_POINT('',(4.396653351337,2.385616637554,2.108111842105
    ));
#4126 = CARTESIAN_POINT('',(4.325822469734,2.401372235593,2.108111842105
    ));
#4127 = CARTESIAN_POINT('',(4.247452229299,2.408280254777,2.108111842105
    ));
#4128 = PCURVE('',#44,#4129);
#4129 = DEFINITIONAL_REPRESENTATION('',(#4130),#4141);
#4130 = B_SPLINE_CURVE_WITH_KNOTS('',5,(#4131,#4132,#4133,#4134,#4135,
    #4136,#4137,#4138,#4139,#4140),.UNSPECIFIED.,.F.,.F.,(6,4,6),(0.,
    4.453749796914E-02,1.),.UNSPECIFIED.);
#4131 = CARTESIAN_POINT('',(-13.0327972645,2.271337602699));
#4132 = CARTESIAN_POINT('',(-13.03476914408,2.273469983741));
#4133 = CARTESIAN_POINT('',(-13.03676134299,2.275582194609));
#4134 = CARTESIAN_POINT('',(-13.03877384057,2.27767420581));
#4135 = CARTESIAN_POINT('',(-13.04080661376,2.27974599022));
#4136 = CARTESIAN_POINT('',(-13.08690312651,2.325809037206));
#4137 = CARTESIAN_POINT('',(-13.14027213748,2.360505822101));
#4138 = CARTESIAN_POINT('',(-13.20270442271,2.385616660636));
#4139 = CARTESIAN_POINT('',(-13.27353530431,2.401372258675));
#4140 = CARTESIAN_POINT('',(-13.35190554475,2.408280277859));
#4141 = ( GEOMETRIC_REPRESENTATION_CONTEXT(2) 
PARAMETRIC_REPRESENTATION_CONTEXT() REPRESENTATION_CONTEXT('2D SPACE',''
  ) );
#4142 = PCURVE('',#4143,#4150);
#4143 = SURFACE_OF_LINEAR_EXTRUSION('',#4144,#4148);
#4144 = B_SPLINE_CURVE_WITH_KNOTS('',2,(#4145,#4146,#4147),
  .UNSPECIFIED.,.F.,.F.,(3,3),(0.,1.),.PIECEWISE_BEZIER_KNOTS.);
#4145 = CARTESIAN_POINT('',(4.247452229299,2.408280254777,2.008111842105
    ));
#4146 = CARTESIAN_POINT('',(4.457006369427,2.389808917197,2.008111842105
    ));
#4147 = CARTESIAN_POINT('',(4.566560509554,2.271337579618,2.008111842105
    ));
#4148 = VECTOR('',#4149,1.);
#4149 = DIRECTION('',(-0.,-0.,-1.));
#4150 = DEFINITIONAL_REPRESENTATION('',(#4151),#4162);
#4151 = B_SPLINE_CURVE_WITH_KNOTS('',5,(#4152,#4153,#4154,#4155,#4156,
    #4157,#4158,#4159,#4160,#4161),.UNSPECIFIED.,.F.,.F.,(6,4,6),(0.,
    4.453749796914E-02,1.),.UNSPECIFIED.);
#4152 = CARTESIAN_POINT('',(1.,-0.1));
#4153 = CARTESIAN_POINT('',(0.991000434091,-0.1));
#4154 = CARTESIAN_POINT('',(0.982000541142,-0.1));
#4155 = CARTESIAN_POINT('',(0.973000431108,-0.1));
#4156 = CARTESIAN_POINT('',(0.964000214024,-0.1));
#4157 = CARTESIAN_POINT('',(0.761918497846,-0.1));
#4158 = CARTESIAN_POINT('',(0.568813330943,-1.E-01));
#4159 = CARTESIAN_POINT('',(0.376854246702,-0.1));
#4160 = CARTESIAN_POINT('',(0.186992831846,-1.E-01));
#4161 = CARTESIAN_POINT('',(0.,-1.E-01));
#4162 = ( GEOMETRIC_REPRESENTATION_CONTEXT(2) 
PARAMETRIC_REPRESENTATION_CONTEXT() REPRESENTATION_CONTEXT('2D SPACE',''
  ) );
#4163 = ORIENTED_EDGE('',*,*,#4164,.F.);
#4164 = EDGE_CURVE('',#4165,#4114,#4167,.T.);
#4165 = VERTEX_POINT('',#4166);
#4166 = CARTESIAN_POINT('',(4.676751592357,1.953503184713,2.108111842105
    ));
#4167 = SURFACE_CURVE('',#4168,(#4179,#4193),.PCURVE_S1.);
#4168 = B_SPLINE_CURVE_WITH_KNOTS('',5,(#4169,#4170,#4171,#4172,#4173,
    #4174,#4175,#4176,#4177,#4178),.UNSPECIFIED.,.F.,.F.,(6,4,6),(0.,
    0.864946040615,1.),.UNSPECIFIED.);
#4169 = CARTESIAN_POINT('',(4.676751592357,1.953503184713,2.108111842105
    ));
#4170 = CARTESIAN_POINT('',(4.67675158861,2.021286763083,2.108111842105)
  );
#4171 = CARTESIAN_POINT('',(4.668790270219,2.084034196233,2.108111842105
    ));
#4172 = CARTESIAN_POINT('',(4.65248781278,2.141237179359,2.108111842105)
  );
#4173 = CARTESIAN_POINT('',(4.627671100056,2.192499078448,2.108111842105
    ));
#4174 = CARTESIAN_POINT('',(4.589314128997,2.244662013453,2.108111842105
    ));
#4175 = CARTESIAN_POINT('',(4.583929982993,2.251557128741,2.108111842105
    ));
#4176 = CARTESIAN_POINT('',(4.578342494952,2.258301811956,2.108111842105
    ));
#4177 = CARTESIAN_POINT('',(4.572552376865,2.264895455298,2.108111842105
    ));
#4178 = CARTESIAN_POINT('',(4.566560509554,2.271337579618,2.108111842105
    ));
#4179 = PCURVE('',#44,#4180);
#4180 = DEFINITIONAL_REPRESENTATION('',(#4181),#4192);
#4181 = B_SPLINE_CURVE_WITH_KNOTS('',5,(#4182,#4183,#4184,#4185,#4186,
    #4187,#4188,#4189,#4190,#4191),.UNSPECIFIED.,.F.,.F.,(6,4,6),(0.,
    0.864946040615,1.),.UNSPECIFIED.);
#4182 = CARTESIAN_POINT('',(-12.92260618169,1.953503207795));
#4183 = CARTESIAN_POINT('',(-12.92260618544,2.021286786165));
#4184 = CARTESIAN_POINT('',(-12.93056750383,2.084034219314));
#4185 = CARTESIAN_POINT('',(-12.94686996127,2.14123720244));
#4186 = CARTESIAN_POINT('',(-12.97168667399,2.19249910153));
#4187 = CARTESIAN_POINT('',(-13.01004364505,2.244662036535));
#4188 = CARTESIAN_POINT('',(-13.01542779106,2.251557151823));
#4189 = CARTESIAN_POINT('',(-13.0210152791,2.258301835038));
#4190 = CARTESIAN_POINT('',(-13.02680539718,2.264895478379));
#4191 = CARTESIAN_POINT('',(-13.0327972645,2.271337602699));
#4192 = ( GEOMETRIC_REPRESENTATION_CONTEXT(2) 
PARAMETRIC_REPRESENTATION_CONTEXT() REPRESENTATION_CONTEXT('2D SPACE',''
  ) );
#4193 = PCURVE('',#4194,#4201);
#4194 = SURFACE_OF_LINEAR_EXTRUSION('',#4195,#4199);
#4195 = B_SPLINE_CURVE_WITH_KNOTS('',2,(#4196,#4197,#4198),
  .UNSPECIFIED.,.F.,.F.,(3,3),(0.,1.),.PIECEWISE_BEZIER_KNOTS.);
#4196 = CARTESIAN_POINT('',(4.566560509554,2.271337579618,2.008111842105
    ));
#4197 = CARTESIAN_POINT('',(4.676751592357,2.152866242038,2.008111842105
    ));
#4198 = CARTESIAN_POINT('',(4.676751592357,1.953503184713,2.008111842105
    ));
#4199 = VECTOR('',#4200,1.);
#4200 = DIRECTION('',(-0.,-0.,-1.));
#4201 = DEFINITIONAL_REPRESENTATION('',(#4202),#4213);
#4202 = B_SPLINE_CURVE_WITH_KNOTS('',5,(#4203,#4204,#4205,#4206,#4207,
    #4208,#4209,#4210,#4211,#4212),.UNSPECIFIED.,.F.,.F.,(6,4,6),(0.,
    0.864946040615,1.),.UNSPECIFIED.);
#4203 = CARTESIAN_POINT('',(1.,-0.1));
#4204 = CARTESIAN_POINT('',(0.829999644794,-0.1));
#4205 = CARTESIAN_POINT('',(0.65797211343,-0.1));
#4206 = CARTESIAN_POINT('',(0.484492924197,-0.1));
#4207 = CARTESIAN_POINT('',(0.310238101747,-0.1));
#4208 = CARTESIAN_POINT('',(0.108794204018,-0.1));
#4209 = CARTESIAN_POINT('',(8.158846489942E-02,-0.1));
#4210 = CARTESIAN_POINT('',(5.438562968047E-02,-0.1));
#4211 = CARTESIAN_POINT('',(2.718853357976E-02,-1.E-01));
#4212 = CARTESIAN_POINT('',(0.,-1.E-01));
#4213 = ( GEOMETRIC_REPRESENTATION_CONTEXT(2) 
PARAMETRIC_REPRESENTATION_CONTEXT() REPRESENTATION_CONTEXT('2D SPACE',''
  ) );
#4214 = ORIENTED_EDGE('',*,*,#4215,.F.);
#4215 = EDGE_CURVE('',#4216,#4165,#4218,.T.);
#4216 = VERTEX_POINT('',#4217);
#4217 = CARTESIAN_POINT('',(4.563375796178,1.634394904459,2.108111842105
    ));
#4218 = SURFACE_CURVE('',#4219,(#4230,#4244),.PCURVE_S1.);
#4219 = B_SPLINE_CURVE_WITH_KNOTS('',5,(#4220,#4221,#4222,#4223,#4224,
    #4225,#4226,#4227,#4228,#4229),.UNSPECIFIED.,.F.,.F.,(6,4,6),(0.,
    0.145944307499,1.),.UNSPECIFIED.);
#4220 = CARTESIAN_POINT('',(4.563375796178,1.634394904459,2.108111842105
    ));
#4221 = CARTESIAN_POINT('',(4.570038846575,1.641282553246,2.108111842105
    ));
#4222 = CARTESIAN_POINT('',(4.576459747612,1.648355745664,2.108111842105
    ));
#4223 = CARTESIAN_POINT('',(4.582637251704,1.655613874298,2.108111842105
    ));
#4224 = CARTESIAN_POINT('',(4.588570364059,1.663056134973,2.108111842105
    ));
#4225 = CARTESIAN_POINT('',(4.627543988405,1.715304776314,2.108111842105
    ));
#4226 = CARTESIAN_POINT('',(4.652437985665,1.766203324286,2.108111842105
    ));
#4227 = CARTESIAN_POINT('',(4.668779276136,1.823166764232,2.108111842105
    ));
#4228 = CARTESIAN_POINT('',(4.676751588554,1.88577772025,2.108111842105)
  );
#4229 = CARTESIAN_POINT('',(4.676751592357,1.953503184713,2.108111842105
    ));
#4230 = PCURVE('',#44,#4231);
#4231 = DEFINITIONAL_REPRESENTATION('',(#4232),#4243);
#4232 = B_SPLINE_CURVE_WITH_KNOTS('',5,(#4233,#4234,#4235,#4236,#4237,
    #4238,#4239,#4240,#4241,#4242),.UNSPECIFIED.,.F.,.F.,(6,4,6),(0.,
    0.145944307499,1.),.UNSPECIFIED.);
#4233 = CARTESIAN_POINT('',(-13.03598197787,1.63439492754));
#4234 = CARTESIAN_POINT('',(-13.02931892747,1.641282576328));
#4235 = CARTESIAN_POINT('',(-13.02289802644,1.648355768745));
#4236 = CARTESIAN_POINT('',(-13.01672052235,1.655613897379));
#4237 = CARTESIAN_POINT('',(-13.01078740999,1.663056158055));
#4238 = CARTESIAN_POINT('',(-12.97181378564,1.715304799395));
#4239 = CARTESIAN_POINT('',(-12.94691978838,1.766203347368));
#4240 = CARTESIAN_POINT('',(-12.93057849791,1.823166787314));
#4241 = CARTESIAN_POINT('',(-12.9226061855,1.885777743332));
#4242 = CARTESIAN_POINT('',(-12.92260618169,1.953503207795));
#4243 = ( GEOMETRIC_REPRESENTATION_CONTEXT(2) 
PARAMETRIC_REPRESENTATION_CONTEXT() REPRESENTATION_CONTEXT('2D SPACE',''
  ) );
#4244 = PCURVE('',#4245,#4252);
#4245 = SURFACE_OF_LINEAR_EXTRUSION('',#4246,#4250);
#4246 = B_SPLINE_CURVE_WITH_KNOTS('',2,(#4247,#4248,#4249),
  .UNSPECIFIED.,.F.,.F.,(3,3),(0.,1.),.PIECEWISE_BEZIER_KNOTS.);
#4247 = CARTESIAN_POINT('',(4.676751592357,1.953503184713,2.008111842105
    ));
#4248 = CARTESIAN_POINT('',(4.676751592357,1.751592356688,2.008111842105
    ));
#4249 = CARTESIAN_POINT('',(4.563375796178,1.634394904459,2.008111842105
    ));
#4250 = VECTOR('',#4251,1.);
#4251 = DIRECTION('',(-0.,-0.,-1.));
#4252 = DEFINITIONAL_REPRESENTATION('',(#4253),#4264);
#4253 = B_SPLINE_CURVE_WITH_KNOTS('',5,(#4254,#4255,#4256,#4257,#4258,
    #4259,#4260,#4261,#4262,#4263),.UNSPECIFIED.,.F.,.F.,(6,4,6),(0.,
    0.145944307499,1.),.UNSPECIFIED.);
#4254 = CARTESIAN_POINT('',(1.,-0.1));
#4255 = CARTESIAN_POINT('',(0.970615196155,-0.1));
#4256 = CARTESIAN_POINT('',(0.94121897191,-0.1));
#4257 = CARTESIAN_POINT('',(0.911815139833,-0.1));
#4258 = CARTESIAN_POINT('',(0.882407531999,-0.1));
#4259 = CARTESIAN_POINT('',(0.680909217315,-0.1));
#4260 = CARTESIAN_POINT('',(0.50880572084,-1.E-01));
#4261 = CARTESIAN_POINT('',(0.337508554724,-0.1));
#4262 = CARTESIAN_POINT('',(0.167711330707,-1.E-01));
#4263 = CARTESIAN_POINT('',(0.,-1.E-01));
#4264 = ( GEOMETRIC_REPRESENTATION_CONTEXT(2) 
PARAMETRIC_REPRESENTATION_CONTEXT() REPRESENTATION_CONTEXT('2D SPACE',''
  ) );
#4265 = ORIENTED_EDGE('',*,*,#4266,.F.);
#4266 = EDGE_CURVE('',#4267,#4216,#4269,.T.);
#4267 = VERTEX_POINT('',#4268);
#4268 = CARTESIAN_POINT('',(4.281847133758,1.516560509554,2.108111842105
    ));
#4269 = SURFACE_CURVE('',#4270,(#4281,#4295),.PCURVE_S1.);
#4270 = B_SPLINE_CURVE_WITH_KNOTS('',5,(#4271,#4272,#4273,#4274,#4275,
    #4276,#4277,#4278,#4279,#4280),.UNSPECIFIED.,.F.,.F.,(6,4,6),(0.,
    0.54622895973,1.),.UNSPECIFIED.);
#4271 = CARTESIAN_POINT('',(4.281847133758,1.516560509554,2.108111842105
    ));
#4272 = CARTESIAN_POINT('',(4.318349666314,1.516560512112,2.108111842105
    ));
#4273 = CARTESIAN_POINT('',(4.353403318557,1.520030981033,2.108111842105
    ));
#4274 = CARTESIAN_POINT('',(4.386927207666,1.527034496005,2.108111842105
    ));
#4275 = CARTESIAN_POINT('',(4.418855416613,1.537594634316,2.108111842105
    ));
#4276 = CARTESIAN_POINT('',(4.474298698267,1.563397355791,2.108111842105
    ));
#4277 = CARTESIAN_POINT('',(4.498323412447,1.577545112903,2.108111842105
    ));
#4278 = CARTESIAN_POINT('',(4.52118722696,1.594118976218,2.108111842105)
  );
#4279 = CARTESIAN_POINT('',(4.542873457995,1.613086297709,2.108111842105
    ));
#4280 = CARTESIAN_POINT('',(4.563375796178,1.634394904459,2.108111842105
    ));
#4281 = PCURVE('',#44,#4282);
#4282 = DEFINITIONAL_REPRESENTATION('',(#4283),#4294);
#4283 = B_SPLINE_CURVE_WITH_KNOTS('',5,(#4284,#4285,#4286,#4287,#4288,
    #4289,#4290,#4291,#4292,#4293),.UNSPECIFIED.,.F.,.F.,(6,4,6),(0.,
    0.54622895973,1.),.UNSPECIFIED.);
#4284 = CARTESIAN_POINT('',(-13.31751064029,1.516560532636));
#4285 = CARTESIAN_POINT('',(-13.28100810774,1.516560535194));
#4286 = CARTESIAN_POINT('',(-13.24595445549,1.520031004115));
#4287 = CARTESIAN_POINT('',(-13.21243056638,1.527034519087));
#4288 = CARTESIAN_POINT('',(-13.18050235744,1.537594657397));
#4289 = CARTESIAN_POINT('',(-13.12505907578,1.563397378873));
#4290 = CARTESIAN_POINT('',(-13.1010343616,1.577545135984));
#4291 = CARTESIAN_POINT('',(-13.07817054709,1.5941189993));
#4292 = CARTESIAN_POINT('',(-13.05648431605,1.613086320791));
#4293 = CARTESIAN_POINT('',(-13.03598197787,1.63439492754));
#4294 = ( GEOMETRIC_REPRESENTATION_CONTEXT(2) 
PARAMETRIC_REPRESENTATION_CONTEXT() REPRESENTATION_CONTEXT('2D SPACE',''
  ) );
#4295 = PCURVE('',#4296,#4303);
#4296 = SURFACE_OF_LINEAR_EXTRUSION('',#4297,#4301);
#4297 = B_SPLINE_CURVE_WITH_KNOTS('',2,(#4298,#4299,#4300),
  .UNSPECIFIED.,.F.,.F.,(3,3),(0.,1.),.PIECEWISE_BEZIER_KNOTS.);
#4298 = CARTESIAN_POINT('',(4.563375796178,1.634394904459,2.008111842105
    ));
#4299 = CARTESIAN_POINT('',(4.45,1.516560509554,2.008111842105));
#4300 = CARTESIAN_POINT('',(4.281847133758,1.516560509554,2.008111842105
    ));
#4301 = VECTOR('',#4302,1.);
#4302 = DIRECTION('',(-0.,-0.,-1.));
#4303 = DEFINITIONAL_REPRESENTATION('',(#4304),#4315);
#4304 = B_SPLINE_CURVE_WITH_KNOTS('',5,(#4305,#4306,#4307,#4308,#4309,
    #4310,#4311,#4312,#4313,#4314),.UNSPECIFIED.,.F.,.F.,(6,4,6),(0.,
    0.54622895973,1.),.UNSPECIFIED.);
#4305 = CARTESIAN_POINT('',(1.,-0.1));
#4306 = CARTESIAN_POINT('',(0.891460268979,-0.1));
#4307 = CARTESIAN_POINT('',(0.782431644821,-0.1));
#4308 = CARTESIAN_POINT('',(0.673068129432,-0.1));
#4309 = CARTESIAN_POINT('',(0.563533135947,-0.1));
#4310 = CARTESIAN_POINT('',(0.363007085477,-0.1));
#4311 = CARTESIAN_POINT('',(0.272013961001,-0.1));
#4312 = CARTESIAN_POINT('',(0.181119223591,-0.1));
#4313 = CARTESIAN_POINT('',(9.041761065502E-02,-1.E-01));
#4314 = CARTESIAN_POINT('',(0.,-1.E-01));
#4315 = ( GEOMETRIC_REPRESENTATION_CONTEXT(2) 
PARAMETRIC_REPRESENTATION_CONTEXT() REPRESENTATION_CONTEXT('2D SPACE',''
  ) );
#4316 = ORIENTED_EDGE('',*,*,#4317,.F.);
#4317 = EDGE_CURVE('',#4318,#4267,#4320,.T.);
#4318 = VERTEX_POINT('',#4319);
#4319 = CARTESIAN_POINT('',(4.113694267516,1.550955414013,2.108111842105
    ));
#4320 = SURFACE_CURVE('',#4321,(#4330,#4342),.PCURVE_S1.);
#4321 = B_SPLINE_CURVE_WITH_KNOTS('',4,(#4322,#4323,#4324,#4325,#4326,
    #4327,#4328,#4329),.UNSPECIFIED.,.F.,.F.,(5,3,5),(0.,0.81707303821,
    1.),.UNSPECIFIED.);
#4322 = CARTESIAN_POINT('',(4.113694267516,1.550955414013,2.108111842105
    ));
#4323 = CARTESIAN_POINT('',(4.147484379286,1.536919522878,2.108111842105
    ));
#4324 = CARTESIAN_POINT('',(4.181591990118,1.526687741144,2.108111842105
    ));
#4325 = CARTESIAN_POINT('',(4.216001255659,1.520284891546,2.108111842105
    ));
#4326 = CARTESIAN_POINT('',(4.25846133231,1.517136420215,2.108111842105)
  );
#4327 = CARTESIAN_POINT('',(4.266242646649,1.516752464665,2.108111842105
    ));
#4328 = CARTESIAN_POINT('',(4.27403798208,1.516560509869,2.108111842105)
  );
#4329 = CARTESIAN_POINT('',(4.281847133758,1.516560509554,2.108111842105
    ));
#4330 = PCURVE('',#44,#4331);
#4331 = DEFINITIONAL_REPRESENTATION('',(#4332),#4341);
#4332 = B_SPLINE_CURVE_WITH_KNOTS('',4,(#4333,#4334,#4335,#4336,#4337,
    #4338,#4339,#4340),.UNSPECIFIED.,.F.,.F.,(5,3,5),(0.,0.81707303821,
    1.),.UNSPECIFIED.);
#4333 = CARTESIAN_POINT('',(-13.48566350653,1.550955437094));
#4334 = CARTESIAN_POINT('',(-13.45187339476,1.53691954596));
#4335 = CARTESIAN_POINT('',(-13.41776578393,1.526687764225));
#4336 = CARTESIAN_POINT('',(-13.38335651839,1.520284914628));
#4337 = CARTESIAN_POINT('',(-13.34089644174,1.517136443296));
#4338 = CARTESIAN_POINT('',(-13.3331151274,1.516752487746));
#4339 = CARTESIAN_POINT('',(-13.32531979197,1.51656053295));
#4340 = CARTESIAN_POINT('',(-13.31751064029,1.516560532636));
#4341 = ( GEOMETRIC_REPRESENTATION_CONTEXT(2) 
PARAMETRIC_REPRESENTATION_CONTEXT() REPRESENTATION_CONTEXT('2D SPACE',''
  ) );
#4342 = PCURVE('',#4343,#4350);
#4343 = SURFACE_OF_LINEAR_EXTRUSION('',#4344,#4348);
#4344 = B_SPLINE_CURVE_WITH_KNOTS('',2,(#4345,#4346,#4347),
  .UNSPECIFIED.,.F.,.F.,(3,3),(0.,1.),.PIECEWISE_BEZIER_KNOTS.);
#4345 = CARTESIAN_POINT('',(4.281847133758,1.516560509554,2.008111842105
    ));
#4346 = CARTESIAN_POINT('',(4.196496815287,1.516560509554,2.008111842105
    ));
#4347 = CARTESIAN_POINT('',(4.113694267516,1.550955414013,2.008111842105
    ));
#4348 = VECTOR('',#4349,1.);
#4349 = DIRECTION('',(-0.,-0.,-1.));
#4350 = DEFINITIONAL_REPRESENTATION('',(#4351),#4360);
#4351 = B_SPLINE_CURVE_WITH_KNOTS('',4,(#4352,#4353,#4354,#4355,#4356,
    #4357,#4358,#4359),.UNSPECIFIED.,.F.,.F.,(5,3,5),(0.,0.81707303821,
    1.),.UNSPECIFIED.);
#4352 = CARTESIAN_POINT('',(1.,-0.1));
#4353 = CARTESIAN_POINT('',(0.795959710323,-0.1));
#4354 = CARTESIAN_POINT('',(0.591710205374,-0.1));
#4355 = CARTESIAN_POINT('',(0.387355076295,-0.1));
#4356 = CARTESIAN_POINT('',(0.137248822951,-0.1));
#4357 = CARTESIAN_POINT('',(9.14976433962E-02,-0.1));
#4358 = CARTESIAN_POINT('',(4.574764242628E-02,-1.E-01));
#4359 = CARTESIAN_POINT('',(0.,-1.E-01));
#4360 = ( GEOMETRIC_REPRESENTATION_CONTEXT(2) 
PARAMETRIC_REPRESENTATION_CONTEXT() REPRESENTATION_CONTEXT('2D SPACE',''
  ) );
#4361 = ORIENTED_EDGE('',*,*,#4362,.F.);
#4362 = EDGE_CURVE('',#4363,#4318,#4365,.T.);
#4363 = VERTEX_POINT('',#4364);
#4364 = CARTESIAN_POINT('',(3.940445859873,1.665605095541,2.108111842105
    ));
#4365 = SURFACE_CURVE('',#4366,(#4372,#4381),.PCURVE_S1.);
#4366 = B_SPLINE_CURVE_WITH_KNOTS('',4,(#4367,#4368,#4369,#4370,#4371),
  .UNSPECIFIED.,.F.,.F.,(5,5),(0.,1.),.PIECEWISE_BEZIER_KNOTS.);
#4367 = CARTESIAN_POINT('',(3.940445859873,1.665605095541,2.108111842105
    ));
#4368 = CARTESIAN_POINT('',(3.985661899477,1.625764391203,2.108111842105
    ));
#4369 = CARTESIAN_POINT('',(4.029667102372,1.593233770878,2.108111842105
    ));
#4370 = CARTESIAN_POINT('',(4.072370574551,1.56825370621,2.108111842105)
  );
#4371 = CARTESIAN_POINT('',(4.113694267516,1.550955414013,2.108111842105
    ));
#4372 = PCURVE('',#44,#4373);
#4373 = DEFINITIONAL_REPRESENTATION('',(#4374),#4380);
#4374 = B_SPLINE_CURVE_WITH_KNOTS('',4,(#4375,#4376,#4377,#4378,#4379),
  .UNSPECIFIED.,.F.,.F.,(5,5),(0.,1.),.PIECEWISE_BEZIER_KNOTS.);
#4375 = CARTESIAN_POINT('',(-13.65891191418,1.665605118623));
#4376 = CARTESIAN_POINT('',(-13.61369587457,1.625764414285));
#4377 = CARTESIAN_POINT('',(-13.56969067168,1.593233793959));
#4378 = CARTESIAN_POINT('',(-13.5269871995,1.568253729291));
#4379 = CARTESIAN_POINT('',(-13.48566350653,1.550955437094));
#4380 = ( GEOMETRIC_REPRESENTATION_CONTEXT(2) 
PARAMETRIC_REPRESENTATION_CONTEXT() REPRESENTATION_CONTEXT('2D SPACE',''
  ) );
#4381 = PCURVE('',#4382,#4389);
#4382 = SURFACE_OF_LINEAR_EXTRUSION('',#4383,#4387);
#4383 = B_SPLINE_CURVE_WITH_KNOTS('',2,(#4384,#4385,#4386),
  .UNSPECIFIED.,.F.,.F.,(3,3),(0.,1.),.PIECEWISE_BEZIER_KNOTS.);
#4384 = CARTESIAN_POINT('',(4.113694267516,1.550955414013,2.008111842105
    ));
#4385 = CARTESIAN_POINT('',(4.03152866242,1.585350318471,2.008111842105)
  );
#4386 = CARTESIAN_POINT('',(3.940445859873,1.665605095541,2.008111842105
    ));
#4387 = VECTOR('',#4388,1.);
#4388 = DIRECTION('',(-0.,-0.,-1.));
#4389 = DEFINITIONAL_REPRESENTATION('',(#4390),#4396);
#4390 = B_SPLINE_CURVE_WITH_KNOTS('',4,(#4391,#4392,#4393,#4394,#4395),
  .UNSPECIFIED.,.F.,.F.,(5,5),(0.,1.),.PIECEWISE_BEZIER_KNOTS.);
#4391 = CARTESIAN_POINT('',(1.,-0.1));
#4392 = CARTESIAN_POINT('',(0.751786073868,-0.1));
#4393 = CARTESIAN_POINT('',(0.502177242381,-0.1));
#4394 = CARTESIAN_POINT('',(0.251465880819,-1.E-01));
#4395 = CARTESIAN_POINT('',(0.,-1.E-01));
#4396 = ( GEOMETRIC_REPRESENTATION_CONTEXT(2) 
PARAMETRIC_REPRESENTATION_CONTEXT() REPRESENTATION_CONTEXT('2D SPACE',''
  ) );
#4397 = ORIENTED_EDGE('',*,*,#4398,.F.);
#4398 = EDGE_CURVE('',#4399,#4363,#4401,.T.);
#4399 = VERTEX_POINT('',#4400);
#4400 = CARTESIAN_POINT('',(3.690127388535,1.930573248408,2.108111842105
    ));
#4401 = SURFACE_CURVE('',#4402,(#4410,#4421),.PCURVE_S1.);
#4402 = B_SPLINE_CURVE_WITH_KNOTS('',6,(#4403,#4404,#4405,#4406,#4407,
    #4408,#4409),.UNSPECIFIED.,.F.,.F.,(7,7),(0.,1.),
  .PIECEWISE_BEZIER_KNOTS.);
#4403 = CARTESIAN_POINT('',(3.690127388535,1.930573248408,2.108111842105
    ));
#4404 = CARTESIAN_POINT('',(3.740988858086,1.871370498694,2.108111842105
    ));
#4405 = CARTESIAN_POINT('',(3.78863838157,1.817522641865,2.108111842105)
  );
#4406 = CARTESIAN_POINT('',(3.832750248658,1.769523237433,2.108111842105
    ));
#4407 = CARTESIAN_POINT('',(3.872976419811,1.72788882088,2.108111842105)
  );
#4408 = CARTESIAN_POINT('',(3.908972073329,1.693117148311,2.108111842105
    ));
#4409 = CARTESIAN_POINT('',(3.940445859873,1.665605095541,2.108111842105
    ));
#4410 = PCURVE('',#44,#4411);
#4411 = DEFINITIONAL_REPRESENTATION('',(#4412),#4420);
#4412 = B_SPLINE_CURVE_WITH_KNOTS('',6,(#4413,#4414,#4415,#4416,#4417,
    #4418,#4419),.UNSPECIFIED.,.F.,.F.,(7,7),(0.,1.),
  .PIECEWISE_BEZIER_KNOTS.);
#4413 = CARTESIAN_POINT('',(-13.90923038551,1.930573271489));
#4414 = CARTESIAN_POINT('',(-13.85836891596,1.871370521775));
#4415 = CARTESIAN_POINT('',(-13.81071939248,1.817522664946));
#4416 = CARTESIAN_POINT('',(-13.76660752539,1.769523260514));
#4417 = CARTESIAN_POINT('',(-13.72638135424,1.727888843962));
#4418 = CARTESIAN_POINT('',(-13.69038570072,1.693117171392));
#4419 = CARTESIAN_POINT('',(-13.65891191418,1.665605118623));
#4420 = ( GEOMETRIC_REPRESENTATION_CONTEXT(2) 
PARAMETRIC_REPRESENTATION_CONTEXT() REPRESENTATION_CONTEXT('2D SPACE',''
  ) );
#4421 = PCURVE('',#4422,#4429);
#4422 = SURFACE_OF_LINEAR_EXTRUSION('',#4423,#4427);
#4423 = B_SPLINE_CURVE_WITH_KNOTS('',2,(#4424,#4425,#4426),
  .UNSPECIFIED.,.F.,.F.,(3,3),(0.,1.),.PIECEWISE_BEZIER_KNOTS.);
#4424 = CARTESIAN_POINT('',(3.940445859873,1.665605095541,2.008111842105
    ));
#4425 = CARTESIAN_POINT('',(3.849363057325,1.745222929936,2.008111842105
    ));
#4426 = CARTESIAN_POINT('',(3.690127388535,1.930573248408,2.008111842105
    ));
#4427 = VECTOR('',#4428,1.);
#4428 = DIRECTION('',(-0.,-0.,-1.));
#4429 = DEFINITIONAL_REPRESENTATION('',(#4430),#4438);
#4430 = B_SPLINE_CURVE_WITH_KNOTS('',6,(#4431,#4432,#4433,#4434,#4435,
    #4436,#4437),.UNSPECIFIED.,.F.,.F.,(7,7),(0.,1.),
  .PIECEWISE_BEZIER_KNOTS.);
#4431 = CARTESIAN_POINT('',(1.,-0.1));
#4432 = CARTESIAN_POINT('',(0.840294978775,-0.1));
#4433 = CARTESIAN_POINT('',(0.677575817246,-0.1));
#4434 = CARTESIAN_POINT('',(0.511937737068,-1.E-01));
#4435 = CARTESIAN_POINT('',(0.343570512843,-0.1));
#4436 = CARTESIAN_POINT('',(0.172775668446,-1.E-01));
#4437 = CARTESIAN_POINT('',(0.,-1.E-01));
#4438 = ( GEOMETRIC_REPRESENTATION_CONTEXT(2) 
PARAMETRIC_REPRESENTATION_CONTEXT() REPRESENTATION_CONTEXT('2D SPACE',''
  ) );
#4439 = ORIENTED_EDGE('',*,*,#4440,.F.);
#4440 = EDGE_CURVE('',#4441,#4399,#4443,.T.);
#4441 = VERTEX_POINT('',#4442);
#4442 = CARTESIAN_POINT('',(3.508598726115,2.129299363057,2.108111842105
    ));
#4443 = SURFACE_CURVE('',#4444,(#4452,#4463),.PCURVE_S1.);
#4444 = B_SPLINE_CURVE_WITH_KNOTS('',6,(#4445,#4446,#4447,#4448,#4449,
    #4450,#4451),.UNSPECIFIED.,.F.,.F.,(7,7),(0.,1.),
  .PIECEWISE_BEZIER_KNOTS.);
#4445 = CARTESIAN_POINT('',(3.508598726115,2.129299363057,2.108111842105
    ));
#4446 = CARTESIAN_POINT('',(3.524998289254,2.11421176388,2.108111842105)
  );
#4447 = CARTESIAN_POINT('',(3.547359622763,2.091396378365,2.108111842105
    ));
#4448 = CARTESIAN_POINT('',(3.575452021925,2.061126230897,2.108111842105
    ));
#4449 = CARTESIAN_POINT('',(3.60890094174,2.023866147056,2.108111842105)
  );
#4450 = CARTESIAN_POINT('',(3.647273106877,1.980161773964,2.108111842105
    ));
#4451 = CARTESIAN_POINT('',(3.690127388535,1.930573248408,2.108111842105
    ));
#4452 = PCURVE('',#44,#4453);
#4453 = DEFINITIONAL_REPRESENTATION('',(#4454),#4462);
#4454 = B_SPLINE_CURVE_WITH_KNOTS('',6,(#4455,#4456,#4457,#4458,#4459,
    #4460,#4461),.UNSPECIFIED.,.F.,.F.,(7,7),(0.,1.),
  .PIECEWISE_BEZIER_KNOTS.);
#4455 = CARTESIAN_POINT('',(-14.09075904793,2.129299386139));
#4456 = CARTESIAN_POINT('',(-14.07435948479,2.114211786961));
#4457 = CARTESIAN_POINT('',(-14.05199815129,2.091396401447));
#4458 = CARTESIAN_POINT('',(-14.02390575212,2.061126253978));
#4459 = CARTESIAN_POINT('',(-13.99045683231,2.023866170137));
#4460 = CARTESIAN_POINT('',(-13.95208466717,1.980161797045));
#4461 = CARTESIAN_POINT('',(-13.90923038551,1.930573271489));
#4462 = ( GEOMETRIC_REPRESENTATION_CONTEXT(2) 
PARAMETRIC_REPRESENTATION_CONTEXT() REPRESENTATION_CONTEXT('2D SPACE',''
  ) );
#4463 = PCURVE('',#4464,#4471);
#4464 = SURFACE_OF_LINEAR_EXTRUSION('',#4465,#4469);
#4465 = B_SPLINE_CURVE_WITH_KNOTS('',2,(#4466,#4467,#4468),
  .UNSPECIFIED.,.F.,.F.,(3,3),(0.,1.),.PIECEWISE_BEZIER_KNOTS.);
#4466 = CARTESIAN_POINT('',(3.690127388535,1.930573248408,2.008111842105
    ));
#4467 = CARTESIAN_POINT('',(3.556369426752,2.085350318471,2.008111842105
    ));
#4468 = CARTESIAN_POINT('',(3.508598726115,2.129299363057,2.008111842105
    ));
#4469 = VECTOR('',#4470,1.);
#4470 = DIRECTION('',(-0.,-0.,-1.));
#4471 = DEFINITIONAL_REPRESENTATION('',(#4472),#4480);
#4472 = B_SPLINE_CURVE_WITH_KNOTS('',6,(#4473,#4474,#4475,#4476,#4477,
    #4478,#4479),.UNSPECIFIED.,.F.,.F.,(7,7),(0.,1.),
  .PIECEWISE_BEZIER_KNOTS.);
#4473 = CARTESIAN_POINT('',(1.,-0.1));
#4474 = CARTESIAN_POINT('',(0.828351270034,-0.1));
#4475 = CARTESIAN_POINT('',(0.657943220773,-0.1));
#4476 = CARTESIAN_POINT('',(0.489466132787,-1.E-01));
#4477 = CARTESIAN_POINT('',(0.32342849627,-0.1));
#4478 = CARTESIAN_POINT('',(0.160193396498,-1.E-01));
#4479 = CARTESIAN_POINT('',(0.,-1.E-01));
#4480 = ( GEOMETRIC_REPRESENTATION_CONTEXT(2) 
PARAMETRIC_REPRESENTATION_CONTEXT() REPRESENTATION_CONTEXT('2D SPACE',''
  ) );
#4481 = ORIENTED_EDGE('',*,*,#4482,.F.);
#4482 = EDGE_CURVE('',#4483,#4441,#4485,.T.);
#4483 = VERTEX_POINT('',#4484);
#4484 = CARTESIAN_POINT('',(3.413057324841,2.201910828025,2.108111842105
    ));
#4485 = SURFACE_CURVE('',#4486,(#4492,#4501),.PCURVE_S1.);
#4486 = B_SPLINE_CURVE_WITH_KNOTS('',4,(#4487,#4488,#4489,#4490,#4491),
  .UNSPECIFIED.,.F.,.F.,(5,5),(0.,1.),.PIECEWISE_BEZIER_KNOTS.);
#4487 = CARTESIAN_POINT('',(3.413057324841,2.201910828025,2.108111842105
    ));
#4488 = CARTESIAN_POINT('',(3.437282878979,2.187566749114,2.108111842105
    ));
#4489 = CARTESIAN_POINT('',(3.46128371898,2.170677438341,2.108111842105)
  );
#4490 = CARTESIAN_POINT('',(3.485056592202,2.151250811423,2.108111842105
    ));
#4491 = CARTESIAN_POINT('',(3.508598726115,2.129299363057,2.108111842105
    ));
#4492 = PCURVE('',#44,#4493);
#4493 = DEFINITIONAL_REPRESENTATION('',(#4494),#4500);
#4494 = B_SPLINE_CURVE_WITH_KNOTS('',4,(#4495,#4496,#4497,#4498,#4499),
  .UNSPECIFIED.,.F.,.F.,(5,5),(0.,1.),.PIECEWISE_BEZIER_KNOTS.);
#4495 = CARTESIAN_POINT('',(-14.18630044921,2.201910851107));
#4496 = CARTESIAN_POINT('',(-14.16207489507,2.187566772196));
#4497 = CARTESIAN_POINT('',(-14.13807405507,2.170677461422));
#4498 = CARTESIAN_POINT('',(-14.11430118185,2.151250834505));
#4499 = CARTESIAN_POINT('',(-14.09075904793,2.129299386139));
#4500 = ( GEOMETRIC_REPRESENTATION_CONTEXT(2) 
PARAMETRIC_REPRESENTATION_CONTEXT() REPRESENTATION_CONTEXT('2D SPACE',''
  ) );
#4501 = PCURVE('',#4502,#4509);
#4502 = SURFACE_OF_LINEAR_EXTRUSION('',#4503,#4507);
#4503 = B_SPLINE_CURVE_WITH_KNOTS('',2,(#4504,#4505,#4506),
  .UNSPECIFIED.,.F.,.F.,(3,3),(0.,1.),.PIECEWISE_BEZIER_KNOTS.);
#4504 = CARTESIAN_POINT('',(3.508598726115,2.129299363057,2.008111842105
    ));
#4505 = CARTESIAN_POINT('',(3.461464968153,2.173248407643,2.008111842105
    ));
#4506 = CARTESIAN_POINT('',(3.413057324841,2.201910828025,2.008111842105
    ));
#4507 = VECTOR('',#4508,1.);
#4508 = DIRECTION('',(-0.,-0.,-1.));
#4509 = DEFINITIONAL_REPRESENTATION('',(#4510),#4516);
#4510 = B_SPLINE_CURVE_WITH_KNOTS('',4,(#4511,#4512,#4513,#4514,#4515),
  .UNSPECIFIED.,.F.,.F.,(5,5),(0.,1.),.PIECEWISE_BEZIER_KNOTS.);
#4511 = CARTESIAN_POINT('',(1.,-0.1));
#4512 = CARTESIAN_POINT('',(0.749775525673,-0.1));
#4513 = CARTESIAN_POINT('',(0.499675189451,-0.1));
#4514 = CARTESIAN_POINT('',(0.249737500967,-1.E-01));
#4515 = CARTESIAN_POINT('',(0.,-1.E-01));
#4516 = ( GEOMETRIC_REPRESENTATION_CONTEXT(2) 
PARAMETRIC_REPRESENTATION_CONTEXT() REPRESENTATION_CONTEXT('2D SPACE',''
  ) );
#4517 = ORIENTED_EDGE('',*,*,#4518,.F.);
#4518 = EDGE_CURVE('',#3661,#4483,#4519,.T.);
#4519 = SURFACE_CURVE('',#4520,(#4524,#4530),.PCURVE_S1.);
#4520 = LINE('',#4521,#4522);
#4521 = CARTESIAN_POINT('',(3.413057324841,1.100955402472,2.108111842105
    ));
#4522 = VECTOR('',#4523,1.);
#4523 = DIRECTION('',(-2.22044604925E-16,1.,0.));
#4524 = PCURVE('',#44,#4525);
#4525 = DEFINITIONAL_REPRESENTATION('',(#4526),#4529);
#4526 = B_SPLINE_CURVE_WITH_KNOTS('',1,(#4527,#4528),.UNSPECIFIED.,.F.,
  .F.,(2,2),(0.413694279057,1.100955425554),.PIECEWISE_BEZIER_KNOTS.);
#4527 = CARTESIAN_POINT('',(-14.18630044921,1.51464970461));
#4528 = CARTESIAN_POINT('',(-14.18630044921,2.201910851107));
#4529 = ( GEOMETRIC_REPRESENTATION_CONTEXT(2) 
PARAMETRIC_REPRESENTATION_CONTEXT() REPRESENTATION_CONTEXT('2D SPACE',''
  ) );
#4530 = PCURVE('',#4531,#4536);
#4531 = PLANE('',#4532);
#4532 = AXIS2_PLACEMENT_3D('',#4533,#4534,#4535);
#4533 = CARTESIAN_POINT('',(3.413057324841,2.201910828025,2.008111842105
    ));
#4534 = DIRECTION('',(1.,2.22044604925E-16,0.));
#4535 = DIRECTION('',(2.22044604925E-16,-1.,0.));
#4536 = DEFINITIONAL_REPRESENTATION('',(#4537),#4540);
#4537 = B_SPLINE_CURVE_WITH_KNOTS('',1,(#4538,#4539),.UNSPECIFIED.,.F.,
  .F.,(2,2),(0.413694279057,1.100955425554),.PIECEWISE_BEZIER_KNOTS.);
#4538 = CARTESIAN_POINT('',(0.687261146497,-0.1));
#4539 = CARTESIAN_POINT('',(0.,-0.1));
#4540 = ( GEOMETRIC_REPRESENTATION_CONTEXT(2) 
PARAMETRIC_REPRESENTATION_CONTEXT() REPRESENTATION_CONTEXT('2D SPACE',''
  ) );
#4541 = FACE_BOUND('',#4542,.T.);
#4542 = EDGE_LOOP('',(#4543));
#4543 = ORIENTED_EDGE('',*,*,#4544,.F.);
#4544 = EDGE_CURVE('',#4545,#4545,#4547,.T.);
#4545 = VERTEX_POINT('',#4546);
#4546 = CARTESIAN_POINT('',(19.5,0.,2.108111842105));
#4547 = SURFACE_CURVE('',#4548,(#4553,#4560),.PCURVE_S1.);
#4548 = CIRCLE('',#4549,6.5);
#4549 = AXIS2_PLACEMENT_3D('',#4550,#4551,#4552);
#4550 = CARTESIAN_POINT('',(13.,0.,2.108111842105));
#4551 = DIRECTION('',(0.,0.,1.));
#4552 = DIRECTION('',(1.,0.,0.));
#4553 = PCURVE('',#44,#4554);
#4554 = DEFINITIONAL_REPRESENTATION('',(#4555),#4559);
#4555 = CIRCLE('',#4556,6.5);
#4556 = AXIS2_PLACEMENT_2D('',#4557,#4558);
#4557 = CARTESIAN_POINT('',(-4.599357774054,2.308152390103E-08));
#4558 = DIRECTION('',(1.,0.));
#4559 = ( GEOMETRIC_REPRESENTATION_CONTEXT(2) 
PARAMETRIC_REPRESENTATION_CONTEXT() REPRESENTATION_CONTEXT('2D SPACE',''
  ) );
#4560 = PCURVE('',#4561,#4566);
#4561 = CYLINDRICAL_SURFACE('',#4562,6.5);
#4562 = AXIS2_PLACEMENT_3D('',#4563,#4564,#4565);
#4563 = CARTESIAN_POINT('',(13.,0.,0.));
#4564 = DIRECTION('',(-0.,-0.,-1.));
#4565 = DIRECTION('',(1.,0.,0.));
#4566 = DEFINITIONAL_REPRESENTATION('',(#4567),#4571);
#4567 = LINE('',#4568,#4569);
#4568 = CARTESIAN_POINT('',(-0.,-2.108111842105));
#4569 = VECTOR('',#4570,1.);
#4570 = DIRECTION('',(-1.,0.));
#4571 = ( GEOMETRIC_REPRESENTATION_CONTEXT(2) 
PARAMETRIC_REPRESENTATION_CONTEXT() REPRESENTATION_CONTEXT('2D SPACE',''
  ) );
#4572 = FACE_BOUND('',#4573,.T.);
#4573 = EDGE_LOOP('',(#4574,#4602,#4628,#4654,#4680,#4706,#4732,#4758,
    #4784,#4810,#4836,#4862,#4888,#4914,#4940,#4966,#4992,#5018,#5044,
    #5070,#5096,#5122));
#4574 = ORIENTED_EDGE('',*,*,#4575,.F.);
#4575 = EDGE_CURVE('',#4576,#4578,#4580,.T.);
#4576 = VERTEX_POINT('',#4577);
#4577 = CARTESIAN_POINT('',(22.75,1.65,2.108111842105));
#4578 = VERTEX_POINT('',#4579);
#4579 = CARTESIAN_POINT('',(22.75,0.35,2.108111842105));
#4580 = SURFACE_CURVE('',#4581,(#4585,#4591),.PCURVE_S1.);
#4581 = LINE('',#4582,#4583);
#4582 = CARTESIAN_POINT('',(22.75,0.174999988459,2.108111842105));
#4583 = VECTOR('',#4584,1.);
#4584 = DIRECTION('',(2.22044604925E-16,-1.,0.));
#4585 = PCURVE('',#44,#4586);
#4586 = DEFINITIONAL_REPRESENTATION('',(#4587),#4590);
#4587 = B_SPLINE_CURVE_WITH_KNOTS('',1,(#4588,#4589),.UNSPECIFIED.,.F.,
  .F.,(2,2),(-1.475000011541,-0.175000011541),.PIECEWISE_BEZIER_KNOTS.);
#4588 = CARTESIAN_POINT('',(5.150642225946,1.650000023082));
#4589 = CARTESIAN_POINT('',(5.150642225946,0.350000023082));
#4590 = ( GEOMETRIC_REPRESENTATION_CONTEXT(2) 
PARAMETRIC_REPRESENTATION_CONTEXT() REPRESENTATION_CONTEXT('2D SPACE',''
  ) );
#4591 = PCURVE('',#4592,#4597);
#4592 = PLANE('',#4593);
#4593 = AXIS2_PLACEMENT_3D('',#4594,#4595,#4596);
#4594 = CARTESIAN_POINT('',(22.75,0.35,2.008111842105));
#4595 = DIRECTION('',(-1.,-2.22044604925E-16,0.));
#4596 = DIRECTION('',(-2.22044604925E-16,1.,0.));
#4597 = DEFINITIONAL_REPRESENTATION('',(#4598),#4601);
#4598 = B_SPLINE_CURVE_WITH_KNOTS('',1,(#4599,#4600),.UNSPECIFIED.,.F.,
  .F.,(2,2),(-1.475000011541,-0.175000011541),.PIECEWISE_BEZIER_KNOTS.);
#4599 = CARTESIAN_POINT('',(1.3,-0.1));
#4600 = CARTESIAN_POINT('',(0.,-0.1));
#4601 = ( GEOMETRIC_REPRESENTATION_CONTEXT(2) 
PARAMETRIC_REPRESENTATION_CONTEXT() REPRESENTATION_CONTEXT('2D SPACE',''
  ) );
#4602 = ORIENTED_EDGE('',*,*,#4603,.F.);
#4603 = EDGE_CURVE('',#4604,#4576,#4606,.T.);
#4604 = VERTEX_POINT('',#4605);
#4605 = CARTESIAN_POINT('',(25.75,1.65,2.108111842105));
#4606 = SURFACE_CURVE('',#4607,(#4611,#4617),.PCURVE_S1.);
#4607 = LINE('',#4608,#4609);
#4608 = CARTESIAN_POINT('',(20.174678887027,1.65,2.108111842105));
#4609 = VECTOR('',#4610,1.);
#4610 = DIRECTION('',(-1.,-2.22044604925E-16,0.));
#4611 = PCURVE('',#44,#4612);
#4612 = DEFINITIONAL_REPRESENTATION('',(#4613),#4616);
#4613 = B_SPLINE_CURVE_WITH_KNOTS('',1,(#4614,#4615),.UNSPECIFIED.,.F.,
  .F.,(2,2),(-5.575321112973,-2.575321112973),.PIECEWISE_BEZIER_KNOTS.);
#4614 = CARTESIAN_POINT('',(8.150642225946,1.650000023082));
#4615 = CARTESIAN_POINT('',(5.150642225946,1.650000023082));
#4616 = ( GEOMETRIC_REPRESENTATION_CONTEXT(2) 
PARAMETRIC_REPRESENTATION_CONTEXT() REPRESENTATION_CONTEXT('2D SPACE',''
  ) );
#4617 = PCURVE('',#4618,#4623);
#4618 = PLANE('',#4619);
#4619 = AXIS2_PLACEMENT_3D('',#4620,#4621,#4622);
#4620 = CARTESIAN_POINT('',(22.75,1.65,2.008111842105));
#4621 = DIRECTION('',(-2.22044604925E-16,1.,0.));
#4622 = DIRECTION('',(1.,2.22044604925E-16,0.));
#4623 = DEFINITIONAL_REPRESENTATION('',(#4624),#4627);
#4624 = B_SPLINE_CURVE_WITH_KNOTS('',1,(#4625,#4626),.UNSPECIFIED.,.F.,
  .F.,(2,2),(-5.575321112973,-2.575321112973),.PIECEWISE_BEZIER_KNOTS.);
#4625 = CARTESIAN_POINT('',(3.,-0.1));
#4626 = CARTESIAN_POINT('',(0.,-0.1));
#4627 = ( GEOMETRIC_REPRESENTATION_CONTEXT(2) 
PARAMETRIC_REPRESENTATION_CONTEXT() REPRESENTATION_CONTEXT('2D SPACE',''
  ) );
#4628 = ORIENTED_EDGE('',*,*,#4629,.F.);
#4629 = EDGE_CURVE('',#4630,#4604,#4632,.T.);
#4630 = VERTEX_POINT('',#4631);
#4631 = CARTESIAN_POINT('',(25.75,-0.65,2.108111842105));
#4632 = SURFACE_CURVE('',#4633,(#4637,#4643),.PCURVE_S1.);
#4633 = LINE('',#4634,#4635);
#4634 = CARTESIAN_POINT('',(25.75,0.824999988459,2.108111842105));
#4635 = VECTOR('',#4636,1.);
#4636 = DIRECTION('',(-2.22044604925E-16,1.,0.));
#4637 = PCURVE('',#44,#4638);
#4638 = DEFINITIONAL_REPRESENTATION('',(#4639),#4642);
#4639 = B_SPLINE_CURVE_WITH_KNOTS('',1,(#4640,#4641),.UNSPECIFIED.,.F.,
  .F.,(2,2),(-1.474999988459,0.825000011541),.PIECEWISE_BEZIER_KNOTS.);
#4640 = CARTESIAN_POINT('',(8.150642225946,-0.649999976918));
#4641 = CARTESIAN_POINT('',(8.150642225946,1.650000023082));
#4642 = ( GEOMETRIC_REPRESENTATION_CONTEXT(2) 
PARAMETRIC_REPRESENTATION_CONTEXT() REPRESENTATION_CONTEXT('2D SPACE',''
  ) );
#4643 = PCURVE('',#4644,#4649);
#4644 = PLANE('',#4645);
#4645 = AXIS2_PLACEMENT_3D('',#4646,#4647,#4648);
#4646 = CARTESIAN_POINT('',(25.75,1.65,2.008111842105));
#4647 = DIRECTION('',(1.,2.22044604925E-16,0.));
#4648 = DIRECTION('',(2.22044604925E-16,-1.,0.));
#4649 = DEFINITIONAL_REPRESENTATION('',(#4650),#4653);
#4650 = B_SPLINE_CURVE_WITH_KNOTS('',1,(#4651,#4652),.UNSPECIFIED.,.F.,
  .F.,(2,2),(-1.474999988459,0.825000011541),.PIECEWISE_BEZIER_KNOTS.);
#4651 = CARTESIAN_POINT('',(2.3,-0.1));
#4652 = CARTESIAN_POINT('',(0.,-0.1));
#4653 = ( GEOMETRIC_REPRESENTATION_CONTEXT(2) 
PARAMETRIC_REPRESENTATION_CONTEXT() REPRESENTATION_CONTEXT('2D SPACE',''
  ) );
#4654 = ORIENTED_EDGE('',*,*,#4655,.F.);
#4655 = EDGE_CURVE('',#4656,#4630,#4658,.T.);
#4656 = VERTEX_POINT('',#4657);
#4657 = CARTESIAN_POINT('',(24.45,-0.65,2.108111842105));
#4658 = SURFACE_CURVE('',#4659,(#4663,#4669),.PCURVE_S1.);
#4659 = LINE('',#4660,#4661);
#4660 = CARTESIAN_POINT('',(21.674678887027,-0.65,2.108111842105));
#4661 = VECTOR('',#4662,1.);
#4662 = DIRECTION('',(1.,2.22044604925E-16,0.));
#4663 = PCURVE('',#44,#4664);
#4664 = DEFINITIONAL_REPRESENTATION('',(#4665),#4668);
#4665 = B_SPLINE_CURVE_WITH_KNOTS('',1,(#4666,#4667),.UNSPECIFIED.,.F.,
  .F.,(2,2),(2.775321112973,4.075321112973),.PIECEWISE_BEZIER_KNOTS.);
#4666 = CARTESIAN_POINT('',(6.850642225946,-0.649999976918));
#4667 = CARTESIAN_POINT('',(8.150642225946,-0.649999976918));
#4668 = ( GEOMETRIC_REPRESENTATION_CONTEXT(2) 
PARAMETRIC_REPRESENTATION_CONTEXT() REPRESENTATION_CONTEXT('2D SPACE',''
  ) );
#4669 = PCURVE('',#4670,#4675);
#4670 = PLANE('',#4671);
#4671 = AXIS2_PLACEMENT_3D('',#4672,#4673,#4674);
#4672 = CARTESIAN_POINT('',(25.75,-0.65,2.008111842105));
#4673 = DIRECTION('',(2.22044604925E-16,-1.,0.));
#4674 = DIRECTION('',(-1.,-2.22044604925E-16,0.));
#4675 = DEFINITIONAL_REPRESENTATION('',(#4676),#4679);
#4676 = B_SPLINE_CURVE_WITH_KNOTS('',1,(#4677,#4678),.UNSPECIFIED.,.F.,
  .F.,(2,2),(2.775321112973,4.075321112973),.PIECEWISE_BEZIER_KNOTS.);
#4677 = CARTESIAN_POINT('',(1.3,-0.1));
#4678 = CARTESIAN_POINT('',(0.,-0.1));
#4679 = ( GEOMETRIC_REPRESENTATION_CONTEXT(2) 
PARAMETRIC_REPRESENTATION_CONTEXT() REPRESENTATION_CONTEXT('2D SPACE',''
  ) );
#4680 = ORIENTED_EDGE('',*,*,#4681,.F.);
#4681 = EDGE_CURVE('',#4682,#4656,#4684,.T.);
#4682 = VERTEX_POINT('',#4683);
#4683 = CARTESIAN_POINT('',(24.45,0.65,2.108111842105));
#4684 = SURFACE_CURVE('',#4685,(#4689,#4695),.PCURVE_S1.);
#4685 = LINE('',#4686,#4687);
#4686 = CARTESIAN_POINT('',(24.45,-0.325000011541,2.108111842105));
#4687 = VECTOR('',#4688,1.);
#4688 = DIRECTION('',(2.22044604925E-16,-1.,0.));
#4689 = PCURVE('',#44,#4690);
#4690 = DEFINITIONAL_REPRESENTATION('',(#4691),#4694);
#4691 = B_SPLINE_CURVE_WITH_KNOTS('',1,(#4692,#4693),.UNSPECIFIED.,.F.,
  .F.,(2,2),(-0.975000011541,0.324999988459),.PIECEWISE_BEZIER_KNOTS.);
#4692 = CARTESIAN_POINT('',(6.850642225946,0.650000023082));
#4693 = CARTESIAN_POINT('',(6.850642225946,-0.649999976918));
#4694 = ( GEOMETRIC_REPRESENTATION_CONTEXT(2) 
PARAMETRIC_REPRESENTATION_CONTEXT() REPRESENTATION_CONTEXT('2D SPACE',''
  ) );
#4695 = PCURVE('',#4696,#4701);
#4696 = PLANE('',#4697);
#4697 = AXIS2_PLACEMENT_3D('',#4698,#4699,#4700);
#4698 = CARTESIAN_POINT('',(24.45,-0.65,2.008111842105));
#4699 = DIRECTION('',(-1.,-2.22044604925E-16,0.));
#4700 = DIRECTION('',(-2.22044604925E-16,1.,0.));
#4701 = DEFINITIONAL_REPRESENTATION('',(#4702),#4705);
#4702 = B_SPLINE_CURVE_WITH_KNOTS('',1,(#4703,#4704),.UNSPECIFIED.,.F.,
  .F.,(2,2),(-0.975000011541,0.324999988459),.PIECEWISE_BEZIER_KNOTS.);
#4703 = CARTESIAN_POINT('',(1.3,-0.1));
#4704 = CARTESIAN_POINT('',(0.,-0.1));
#4705 = ( GEOMETRIC_REPRESENTATION_CONTEXT(2) 
PARAMETRIC_REPRESENTATION_CONTEXT() REPRESENTATION_CONTEXT('2D SPACE',''
  ) );
#4706 = ORIENTED_EDGE('',*,*,#4707,.F.);
#4707 = EDGE_CURVE('',#4708,#4682,#4710,.T.);
#4708 = VERTEX_POINT('',#4709);
#4709 = CARTESIAN_POINT('',(24.75,0.65,2.108111842105));
#4710 = SURFACE_CURVE('',#4711,(#4715,#4721),.PCURVE_S1.);
#4711 = LINE('',#4712,#4713);
#4712 = CARTESIAN_POINT('',(21.024678887027,0.65,2.108111842105));
#4713 = VECTOR('',#4714,1.);
#4714 = DIRECTION('',(-1.,-2.22044604925E-16,0.));
#4715 = PCURVE('',#44,#4716);
#4716 = DEFINITIONAL_REPRESENTATION('',(#4717),#4720);
#4717 = B_SPLINE_CURVE_WITH_KNOTS('',1,(#4718,#4719),.UNSPECIFIED.,.F.,
  .F.,(2,2),(-3.725321112973,-3.425321112973),.PIECEWISE_BEZIER_KNOTS.);
#4718 = CARTESIAN_POINT('',(7.150642225946,0.650000023082));
#4719 = CARTESIAN_POINT('',(6.850642225946,0.650000023082));
#4720 = ( GEOMETRIC_REPRESENTATION_CONTEXT(2) 
PARAMETRIC_REPRESENTATION_CONTEXT() REPRESENTATION_CONTEXT('2D SPACE',''
  ) );
#4721 = PCURVE('',#4722,#4727);
#4722 = PLANE('',#4723);
#4723 = AXIS2_PLACEMENT_3D('',#4724,#4725,#4726);
#4724 = CARTESIAN_POINT('',(24.45,0.65,2.008111842105));
#4725 = DIRECTION('',(-2.22044604925E-16,1.,0.));
#4726 = DIRECTION('',(1.,2.22044604925E-16,0.));
#4727 = DEFINITIONAL_REPRESENTATION('',(#4728),#4731);
#4728 = B_SPLINE_CURVE_WITH_KNOTS('',1,(#4729,#4730),.UNSPECIFIED.,.F.,
  .F.,(2,2),(-3.725321112973,-3.425321112973),.PIECEWISE_BEZIER_KNOTS.);
#4729 = CARTESIAN_POINT('',(0.3,-0.1));
#4730 = CARTESIAN_POINT('',(0.,-0.1));
#4731 = ( GEOMETRIC_REPRESENTATION_CONTEXT(2) 
PARAMETRIC_REPRESENTATION_CONTEXT() REPRESENTATION_CONTEXT('2D SPACE',''
  ) );
#4732 = ORIENTED_EDGE('',*,*,#4733,.T.);
#4733 = EDGE_CURVE('',#4708,#4734,#4736,.T.);
#4734 = VERTEX_POINT('',#4735);
#4735 = CARTESIAN_POINT('',(24.75,-0.35,2.108111842105));
#4736 = SURFACE_CURVE('',#4737,(#4741,#4747),.PCURVE_S1.);
#4737 = LINE('',#4738,#4739);
#4738 = CARTESIAN_POINT('',(24.75,-0.175000011541,2.108111842105));
#4739 = VECTOR('',#4740,1.);
#4740 = DIRECTION('',(2.22044604925E-16,-1.,0.));
#4741 = PCURVE('',#44,#4742);
#4742 = DEFINITIONAL_REPRESENTATION('',(#4743),#4746);
#4743 = B_SPLINE_CURVE_WITH_KNOTS('',1,(#4744,#4745),.UNSPECIFIED.,.F.,
  .F.,(2,2),(-0.825000011541,0.174999988459),.PIECEWISE_BEZIER_KNOTS.);
#4744 = CARTESIAN_POINT('',(7.150642225946,0.650000023082));
#4745 = CARTESIAN_POINT('',(7.150642225946,-0.349999976918));
#4746 = ( GEOMETRIC_REPRESENTATION_CONTEXT(2) 
PARAMETRIC_REPRESENTATION_CONTEXT() REPRESENTATION_CONTEXT('2D SPACE',''
  ) );
#4747 = PCURVE('',#4748,#4753);
#4748 = PLANE('',#4749);
#4749 = AXIS2_PLACEMENT_3D('',#4750,#4751,#4752);
#4750 = CARTESIAN_POINT('',(24.75,-0.35,2.008111842105));
#4751 = DIRECTION('',(-1.,-2.22044604925E-16,0.));
#4752 = DIRECTION('',(-2.22044604925E-16,1.,0.));
#4753 = DEFINITIONAL_REPRESENTATION('',(#4754),#4757);
#4754 = B_SPLINE_CURVE_WITH_KNOTS('',1,(#4755,#4756),.UNSPECIFIED.,.F.,
  .F.,(2,2),(-0.825000011541,0.174999988459),.PIECEWISE_BEZIER_KNOTS.);
#4755 = CARTESIAN_POINT('',(1.,-0.1));
#4756 = CARTESIAN_POINT('',(0.,-0.1));
#4757 = ( GEOMETRIC_REPRESENTATION_CONTEXT(2) 
PARAMETRIC_REPRESENTATION_CONTEXT() REPRESENTATION_CONTEXT('2D SPACE',''
  ) );
#4758 = ORIENTED_EDGE('',*,*,#4759,.T.);
#4759 = EDGE_CURVE('',#4734,#4760,#4762,.T.);
#4760 = VERTEX_POINT('',#4761);
#4761 = CARTESIAN_POINT('',(25.45,-0.35,2.108111842105));
#4762 = SURFACE_CURVE('',#4763,(#4767,#4773),.PCURVE_S1.);
#4763 = LINE('',#4764,#4765);
#4764 = CARTESIAN_POINT('',(21.524678887027,-0.35,2.108111842105));
#4765 = VECTOR('',#4766,1.);
#4766 = DIRECTION('',(1.,2.22044604925E-16,0.));
#4767 = PCURVE('',#44,#4768);
#4768 = DEFINITIONAL_REPRESENTATION('',(#4769),#4772);
#4769 = B_SPLINE_CURVE_WITH_KNOTS('',1,(#4770,#4771),.UNSPECIFIED.,.F.,
  .F.,(2,2),(3.225321112973,3.925321112973),.PIECEWISE_BEZIER_KNOTS.);
#4770 = CARTESIAN_POINT('',(7.150642225946,-0.349999976918));
#4771 = CARTESIAN_POINT('',(7.850642225946,-0.349999976918));
#4772 = ( GEOMETRIC_REPRESENTATION_CONTEXT(2) 
PARAMETRIC_REPRESENTATION_CONTEXT() REPRESENTATION_CONTEXT('2D SPACE',''
  ) );
#4773 = PCURVE('',#4774,#4779);
#4774 = PLANE('',#4775);
#4775 = AXIS2_PLACEMENT_3D('',#4776,#4777,#4778);
#4776 = CARTESIAN_POINT('',(25.45,-0.35,2.008111842105));
#4777 = DIRECTION('',(2.22044604925E-16,-1.,0.));
#4778 = DIRECTION('',(-1.,-2.22044604925E-16,0.));
#4779 = DEFINITIONAL_REPRESENTATION('',(#4780),#4783);
#4780 = B_SPLINE_CURVE_WITH_KNOTS('',1,(#4781,#4782),.UNSPECIFIED.,.F.,
  .F.,(2,2),(3.225321112973,3.925321112973),.PIECEWISE_BEZIER_KNOTS.);
#4781 = CARTESIAN_POINT('',(0.7,-0.1));
#4782 = CARTESIAN_POINT('',(0.,-0.1));
#4783 = ( GEOMETRIC_REPRESENTATION_CONTEXT(2) 
PARAMETRIC_REPRESENTATION_CONTEXT() REPRESENTATION_CONTEXT('2D SPACE',''
  ) );
#4784 = ORIENTED_EDGE('',*,*,#4785,.T.);
#4785 = EDGE_CURVE('',#4760,#4786,#4788,.T.);
#4786 = VERTEX_POINT('',#4787);
#4787 = CARTESIAN_POINT('',(25.45,1.35,2.108111842105));
#4788 = SURFACE_CURVE('',#4789,(#4793,#4799),.PCURVE_S1.);
#4789 = LINE('',#4790,#4791);
#4790 = CARTESIAN_POINT('',(25.45,0.674999988459,2.108111842105));
#4791 = VECTOR('',#4792,1.);
#4792 = DIRECTION('',(-2.22044604925E-16,1.,0.));
#4793 = PCURVE('',#44,#4794);
#4794 = DEFINITIONAL_REPRESENTATION('',(#4795),#4798);
#4795 = B_SPLINE_CURVE_WITH_KNOTS('',1,(#4796,#4797),.UNSPECIFIED.,.F.,
  .F.,(2,2),(-1.024999988459,0.675000011541),.PIECEWISE_BEZIER_KNOTS.);
#4796 = CARTESIAN_POINT('',(7.850642225946,-0.349999976918));
#4797 = CARTESIAN_POINT('',(7.850642225946,1.350000023082));
#4798 = ( GEOMETRIC_REPRESENTATION_CONTEXT(2) 
PARAMETRIC_REPRESENTATION_CONTEXT() REPRESENTATION_CONTEXT('2D SPACE',''
  ) );
#4799 = PCURVE('',#4800,#4805);
#4800 = PLANE('',#4801);
#4801 = AXIS2_PLACEMENT_3D('',#4802,#4803,#4804);
#4802 = CARTESIAN_POINT('',(25.45,1.35,2.008111842105));
#4803 = DIRECTION('',(1.,2.22044604925E-16,0.));
#4804 = DIRECTION('',(2.22044604925E-16,-1.,0.));
#4805 = DEFINITIONAL_REPRESENTATION('',(#4806),#4809);
#4806 = B_SPLINE_CURVE_WITH_KNOTS('',1,(#4807,#4808),.UNSPECIFIED.,.F.,
  .F.,(2,2),(-1.024999988459,0.675000011541),.PIECEWISE_BEZIER_KNOTS.);
#4807 = CARTESIAN_POINT('',(1.7,-0.1));
#4808 = CARTESIAN_POINT('',(0.,-0.1));
#4809 = ( GEOMETRIC_REPRESENTATION_CONTEXT(2) 
PARAMETRIC_REPRESENTATION_CONTEXT() REPRESENTATION_CONTEXT('2D SPACE',''
  ) );
#4810 = ORIENTED_EDGE('',*,*,#4811,.F.);
#4811 = EDGE_CURVE('',#4812,#4786,#4814,.T.);
#4812 = VERTEX_POINT('',#4813);
#4813 = CARTESIAN_POINT('',(23.05,1.35,2.108111842105));
#4814 = SURFACE_CURVE('',#4815,(#4819,#4825),.PCURVE_S1.);
#4815 = LINE('',#4816,#4817);
#4816 = CARTESIAN_POINT('',(21.524678887027,1.35,2.108111842105));
#4817 = VECTOR('',#4818,1.);
#4818 = DIRECTION('',(1.,2.22044604925E-16,0.));
#4819 = PCURVE('',#44,#4820);
#4820 = DEFINITIONAL_REPRESENTATION('',(#4821),#4824);
#4821 = B_SPLINE_CURVE_WITH_KNOTS('',1,(#4822,#4823),.UNSPECIFIED.,.F.,
  .F.,(2,2),(1.525321112973,3.925321112973),.PIECEWISE_BEZIER_KNOTS.);
#4822 = CARTESIAN_POINT('',(5.450642225946,1.350000023082));
#4823 = CARTESIAN_POINT('',(7.850642225946,1.350000023082));
#4824 = ( GEOMETRIC_REPRESENTATION_CONTEXT(2) 
PARAMETRIC_REPRESENTATION_CONTEXT() REPRESENTATION_CONTEXT('2D SPACE',''
  ) );
#4825 = PCURVE('',#4826,#4831);
#4826 = PLANE('',#4827);
#4827 = AXIS2_PLACEMENT_3D('',#4828,#4829,#4830);
#4828 = CARTESIAN_POINT('',(25.45,1.35,2.008111842105));
#4829 = DIRECTION('',(2.22044604925E-16,-1.,0.));
#4830 = DIRECTION('',(-1.,-2.22044604925E-16,0.));
#4831 = DEFINITIONAL_REPRESENTATION('',(#4832),#4835);
#4832 = B_SPLINE_CURVE_WITH_KNOTS('',1,(#4833,#4834),.UNSPECIFIED.,.F.,
  .F.,(2,2),(1.525321112973,3.925321112973),.PIECEWISE_BEZIER_KNOTS.);
#4833 = CARTESIAN_POINT('',(2.4,-0.1));
#4834 = CARTESIAN_POINT('',(0.,-0.1));
#4835 = ( GEOMETRIC_REPRESENTATION_CONTEXT(2) 
PARAMETRIC_REPRESENTATION_CONTEXT() REPRESENTATION_CONTEXT('2D SPACE',''
  ) );
#4836 = ORIENTED_EDGE('',*,*,#4837,.F.);
#4837 = EDGE_CURVE('',#4838,#4812,#4840,.T.);
#4838 = VERTEX_POINT('',#4839);
#4839 = CARTESIAN_POINT('',(23.05,0.65,2.108111842105));
#4840 = SURFACE_CURVE('',#4841,(#4845,#4851),.PCURVE_S1.);
#4841 = LINE('',#4842,#4843);
#4842 = CARTESIAN_POINT('',(23.05,0.674999988459,2.108111842105));
#4843 = VECTOR('',#4844,1.);
#4844 = DIRECTION('',(-2.22044604925E-16,1.,0.));
#4845 = PCURVE('',#44,#4846);
#4846 = DEFINITIONAL_REPRESENTATION('',(#4847),#4850);
#4847 = B_SPLINE_CURVE_WITH_KNOTS('',1,(#4848,#4849),.UNSPECIFIED.,.F.,
  .F.,(2,2),(-2.499998845924E-02,0.675000011541),
  .PIECEWISE_BEZIER_KNOTS.);
#4848 = CARTESIAN_POINT('',(5.450642225946,0.650000023082));
#4849 = CARTESIAN_POINT('',(5.450642225946,1.350000023082));
#4850 = ( GEOMETRIC_REPRESENTATION_CONTEXT(2) 
PARAMETRIC_REPRESENTATION_CONTEXT() REPRESENTATION_CONTEXT('2D SPACE',''
  ) );
#4851 = PCURVE('',#4852,#4857);
#4852 = PLANE('',#4853);
#4853 = AXIS2_PLACEMENT_3D('',#4854,#4855,#4856);
#4854 = CARTESIAN_POINT('',(23.05,1.35,2.008111842105));
#4855 = DIRECTION('',(1.,2.22044604925E-16,0.));
#4856 = DIRECTION('',(2.22044604925E-16,-1.,0.));
#4857 = DEFINITIONAL_REPRESENTATION('',(#4858),#4861);
#4858 = B_SPLINE_CURVE_WITH_KNOTS('',1,(#4859,#4860),.UNSPECIFIED.,.F.,
  .F.,(2,2),(-2.499998845924E-02,0.675000011541),
  .PIECEWISE_BEZIER_KNOTS.);
#4859 = CARTESIAN_POINT('',(0.7,-0.1));
#4860 = CARTESIAN_POINT('',(0.,-0.1));
#4861 = ( GEOMETRIC_REPRESENTATION_CONTEXT(2) 
PARAMETRIC_REPRESENTATION_CONTEXT() REPRESENTATION_CONTEXT('2D SPACE',''
  ) );
#4862 = ORIENTED_EDGE('',*,*,#4863,.F.);
#4863 = EDGE_CURVE('',#4864,#4838,#4866,.T.);
#4864 = VERTEX_POINT('',#4865);
#4865 = CARTESIAN_POINT('',(23.75,0.65,2.108111842105));
#4866 = SURFACE_CURVE('',#4867,(#4871,#4877),.PCURVE_S1.);
#4867 = LINE('',#4868,#4869);
#4868 = CARTESIAN_POINT('',(20.324678887027,0.65,2.108111842105));
#4869 = VECTOR('',#4870,1.);
#4870 = DIRECTION('',(-1.,-2.22044604925E-16,0.));
#4871 = PCURVE('',#44,#4872);
#4872 = DEFINITIONAL_REPRESENTATION('',(#4873),#4876);
#4873 = B_SPLINE_CURVE_WITH_KNOTS('',1,(#4874,#4875),.UNSPECIFIED.,.F.,
  .F.,(2,2),(-3.425321112973,-2.725321112973),.PIECEWISE_BEZIER_KNOTS.);
#4874 = CARTESIAN_POINT('',(6.150642225946,0.650000023082));
#4875 = CARTESIAN_POINT('',(5.450642225946,0.650000023082));
#4876 = ( GEOMETRIC_REPRESENTATION_CONTEXT(2) 
PARAMETRIC_REPRESENTATION_CONTEXT() REPRESENTATION_CONTEXT('2D SPACE',''
  ) );
#4877 = PCURVE('',#4878,#4883);
#4878 = PLANE('',#4879);
#4879 = AXIS2_PLACEMENT_3D('',#4880,#4881,#4882);
#4880 = CARTESIAN_POINT('',(23.05,0.65,2.008111842105));
#4881 = DIRECTION('',(-2.22044604925E-16,1.,0.));
#4882 = DIRECTION('',(1.,2.22044604925E-16,0.));
#4883 = DEFINITIONAL_REPRESENTATION('',(#4884),#4887);
#4884 = B_SPLINE_CURVE_WITH_KNOTS('',1,(#4885,#4886),.UNSPECIFIED.,.F.,
  .F.,(2,2),(-3.425321112973,-2.725321112973),.PIECEWISE_BEZIER_KNOTS.);
#4885 = CARTESIAN_POINT('',(0.7,-0.1));
#4886 = CARTESIAN_POINT('',(0.,-0.1));
#4887 = ( GEOMETRIC_REPRESENTATION_CONTEXT(2) 
PARAMETRIC_REPRESENTATION_CONTEXT() REPRESENTATION_CONTEXT('2D SPACE',''
  ) );
#4888 = ORIENTED_EDGE('',*,*,#4889,.F.);
#4889 = EDGE_CURVE('',#4890,#4864,#4892,.T.);
#4890 = VERTEX_POINT('',#4891);
#4891 = CARTESIAN_POINT('',(23.75,-0.65,2.108111842105));
#4892 = SURFACE_CURVE('',#4893,(#4897,#4903),.PCURVE_S1.);
#4893 = LINE('',#4894,#4895);
#4894 = CARTESIAN_POINT('',(23.75,0.324999988459,2.108111842105));
#4895 = VECTOR('',#4896,1.);
#4896 = DIRECTION('',(-2.22044604925E-16,1.,0.));
#4897 = PCURVE('',#44,#4898);
#4898 = DEFINITIONAL_REPRESENTATION('',(#4899),#4902);
#4899 = B_SPLINE_CURVE_WITH_KNOTS('',1,(#4900,#4901),.UNSPECIFIED.,.F.,
  .F.,(2,2),(-0.974999988459,0.325000011541),.PIECEWISE_BEZIER_KNOTS.);
#4900 = CARTESIAN_POINT('',(6.150642225946,-0.649999976918));
#4901 = CARTESIAN_POINT('',(6.150642225946,0.650000023082));
#4902 = ( GEOMETRIC_REPRESENTATION_CONTEXT(2) 
PARAMETRIC_REPRESENTATION_CONTEXT() REPRESENTATION_CONTEXT('2D SPACE',''
  ) );
#4903 = PCURVE('',#4904,#4909);
#4904 = PLANE('',#4905);
#4905 = AXIS2_PLACEMENT_3D('',#4906,#4907,#4908);
#4906 = CARTESIAN_POINT('',(23.75,0.65,2.008111842105));
#4907 = DIRECTION('',(1.,2.22044604925E-16,0.));
#4908 = DIRECTION('',(2.22044604925E-16,-1.,0.));
#4909 = DEFINITIONAL_REPRESENTATION('',(#4910),#4913);
#4910 = B_SPLINE_CURVE_WITH_KNOTS('',1,(#4911,#4912),.UNSPECIFIED.,.F.,
  .F.,(2,2),(-0.974999988459,0.325000011541),.PIECEWISE_BEZIER_KNOTS.);
#4911 = CARTESIAN_POINT('',(1.3,-0.1));
#4912 = CARTESIAN_POINT('',(0.,-0.1));
#4913 = ( GEOMETRIC_REPRESENTATION_CONTEXT(2) 
PARAMETRIC_REPRESENTATION_CONTEXT() REPRESENTATION_CONTEXT('2D SPACE',''
  ) );
#4914 = ORIENTED_EDGE('',*,*,#4915,.T.);
#4915 = EDGE_CURVE('',#4890,#4916,#4918,.T.);
#4916 = VERTEX_POINT('',#4917);
#4917 = CARTESIAN_POINT('',(23.05,-0.65,2.108111842105));
#4918 = SURFACE_CURVE('',#4919,(#4923,#4929),.PCURVE_S1.);
#4919 = LINE('',#4920,#4921);
#4920 = CARTESIAN_POINT('',(20.324678887027,-0.65,2.108111842105));
#4921 = VECTOR('',#4922,1.);
#4922 = DIRECTION('',(-1.,-2.22044604925E-16,0.));
#4923 = PCURVE('',#44,#4924);
#4924 = DEFINITIONAL_REPRESENTATION('',(#4925),#4928);
#4925 = B_SPLINE_CURVE_WITH_KNOTS('',1,(#4926,#4927),.UNSPECIFIED.,.F.,
  .F.,(2,2),(-3.425321112973,-2.725321112973),.PIECEWISE_BEZIER_KNOTS.);
#4926 = CARTESIAN_POINT('',(6.150642225946,-0.649999976918));
#4927 = CARTESIAN_POINT('',(5.450642225946,-0.649999976918));
#4928 = ( GEOMETRIC_REPRESENTATION_CONTEXT(2) 
PARAMETRIC_REPRESENTATION_CONTEXT() REPRESENTATION_CONTEXT('2D SPACE',''
  ) );
#4929 = PCURVE('',#4930,#4935);
#4930 = PLANE('',#4931);
#4931 = AXIS2_PLACEMENT_3D('',#4932,#4933,#4934);
#4932 = CARTESIAN_POINT('',(23.05,-0.65,2.008111842105));
#4933 = DIRECTION('',(-2.22044604925E-16,1.,0.));
#4934 = DIRECTION('',(1.,2.22044604925E-16,0.));
#4935 = DEFINITIONAL_REPRESENTATION('',(#4936),#4939);
#4936 = B_SPLINE_CURVE_WITH_KNOTS('',1,(#4937,#4938),.UNSPECIFIED.,.F.,
  .F.,(2,2),(-3.425321112973,-2.725321112973),.PIECEWISE_BEZIER_KNOTS.);
#4937 = CARTESIAN_POINT('',(0.7,-0.1));
#4938 = CARTESIAN_POINT('',(0.,-0.1));
#4939 = ( GEOMETRIC_REPRESENTATION_CONTEXT(2) 
PARAMETRIC_REPRESENTATION_CONTEXT() REPRESENTATION_CONTEXT('2D SPACE',''
  ) );
#4940 = ORIENTED_EDGE('',*,*,#4941,.T.);
#4941 = EDGE_CURVE('',#4916,#4942,#4944,.T.);
#4942 = VERTEX_POINT('',#4943);
#4943 = CARTESIAN_POINT('',(23.05,-1.35,2.108111842105));
#4944 = SURFACE_CURVE('',#4945,(#4949,#4955),.PCURVE_S1.);
#4945 = LINE('',#4946,#4947);
#4946 = CARTESIAN_POINT('',(23.05,-0.675000011541,2.108111842105));
#4947 = VECTOR('',#4948,1.);
#4948 = DIRECTION('',(2.22044604925E-16,-1.,0.));
#4949 = PCURVE('',#44,#4950);
#4950 = DEFINITIONAL_REPRESENTATION('',(#4951),#4954);
#4951 = B_SPLINE_CURVE_WITH_KNOTS('',1,(#4952,#4953),.UNSPECIFIED.,.F.,
  .F.,(2,2),(-2.500001154076E-02,0.674999988459),
  .PIECEWISE_BEZIER_KNOTS.);
#4952 = CARTESIAN_POINT('',(5.450642225946,-0.649999976918));
#4953 = CARTESIAN_POINT('',(5.450642225946,-1.349999976918));
#4954 = ( GEOMETRIC_REPRESENTATION_CONTEXT(2) 
PARAMETRIC_REPRESENTATION_CONTEXT() REPRESENTATION_CONTEXT('2D SPACE',''
  ) );
#4955 = PCURVE('',#4956,#4961);
#4956 = PLANE('',#4957);
#4957 = AXIS2_PLACEMENT_3D('',#4958,#4959,#4960);
#4958 = CARTESIAN_POINT('',(23.05,-1.35,2.008111842105));
#4959 = DIRECTION('',(-1.,-2.22044604925E-16,0.));
#4960 = DIRECTION('',(-2.22044604925E-16,1.,0.));
#4961 = DEFINITIONAL_REPRESENTATION('',(#4962),#4965);
#4962 = B_SPLINE_CURVE_WITH_KNOTS('',1,(#4963,#4964),.UNSPECIFIED.,.F.,
  .F.,(2,2),(-2.500001154076E-02,0.674999988459),
  .PIECEWISE_BEZIER_KNOTS.);
#4963 = CARTESIAN_POINT('',(0.7,-0.1));
#4964 = CARTESIAN_POINT('',(0.,-0.1));
#4965 = ( GEOMETRIC_REPRESENTATION_CONTEXT(2) 
PARAMETRIC_REPRESENTATION_CONTEXT() REPRESENTATION_CONTEXT('2D SPACE',''
  ) );
#4966 = ORIENTED_EDGE('',*,*,#4967,.T.);
#4967 = EDGE_CURVE('',#4942,#4968,#4970,.T.);
#4968 = VERTEX_POINT('',#4969);
#4969 = CARTESIAN_POINT('',(25.75,-1.35,2.108111842105));
#4970 = SURFACE_CURVE('',#4971,(#4975,#4981),.PCURVE_S1.);
#4971 = LINE('',#4972,#4973);
#4972 = CARTESIAN_POINT('',(21.674678887027,-1.35,2.108111842105));
#4973 = VECTOR('',#4974,1.);
#4974 = DIRECTION('',(1.,2.22044604925E-16,0.));
#4975 = PCURVE('',#44,#4976);
#4976 = DEFINITIONAL_REPRESENTATION('',(#4977),#4980);
#4977 = B_SPLINE_CURVE_WITH_KNOTS('',1,(#4978,#4979),.UNSPECIFIED.,.F.,
  .F.,(2,2),(1.375321112973,4.075321112973),.PIECEWISE_BEZIER_KNOTS.);
#4978 = CARTESIAN_POINT('',(5.450642225946,-1.349999976918));
#4979 = CARTESIAN_POINT('',(8.150642225946,-1.349999976918));
#4980 = ( GEOMETRIC_REPRESENTATION_CONTEXT(2) 
PARAMETRIC_REPRESENTATION_CONTEXT() REPRESENTATION_CONTEXT('2D SPACE',''
  ) );
#4981 = PCURVE('',#4982,#4987);
#4982 = PLANE('',#4983);
#4983 = AXIS2_PLACEMENT_3D('',#4984,#4985,#4986);
#4984 = CARTESIAN_POINT('',(25.75,-1.35,2.008111842105));
#4985 = DIRECTION('',(2.22044604925E-16,-1.,0.));
#4986 = DIRECTION('',(-1.,-2.22044604925E-16,0.));
#4987 = DEFINITIONAL_REPRESENTATION('',(#4988),#4991);
#4988 = B_SPLINE_CURVE_WITH_KNOTS('',1,(#4989,#4990),.UNSPECIFIED.,.F.,
  .F.,(2,2),(1.375321112973,4.075321112973),.PIECEWISE_BEZIER_KNOTS.);
#4989 = CARTESIAN_POINT('',(2.7,-0.1));
#4990 = CARTESIAN_POINT('',(0.,-0.1));
#4991 = ( GEOMETRIC_REPRESENTATION_CONTEXT(2) 
PARAMETRIC_REPRESENTATION_CONTEXT() REPRESENTATION_CONTEXT('2D SPACE',''
  ) );
#4992 = ORIENTED_EDGE('',*,*,#4993,.F.);
#4993 = EDGE_CURVE('',#4994,#4968,#4996,.T.);
#4994 = VERTEX_POINT('',#4995);
#4995 = CARTESIAN_POINT('',(25.75,-1.65,2.108111842105));
#4996 = SURFACE_CURVE('',#4997,(#5001,#5007),.PCURVE_S1.);
#4997 = LINE('',#4998,#4999);
#4998 = CARTESIAN_POINT('',(25.75,-0.675000011541,2.108111842105));
#4999 = VECTOR('',#5000,1.);
#5000 = DIRECTION('',(-2.22044604925E-16,1.,0.));
#5001 = PCURVE('',#44,#5002);
#5002 = DEFINITIONAL_REPRESENTATION('',(#5003),#5006);
#5003 = B_SPLINE_CURVE_WITH_KNOTS('',1,(#5004,#5005),.UNSPECIFIED.,.F.,
  .F.,(2,2),(-0.974999988459,-0.674999988459),.PIECEWISE_BEZIER_KNOTS.);
#5004 = CARTESIAN_POINT('',(8.150642225946,-1.649999976918));
#5005 = CARTESIAN_POINT('',(8.150642225946,-1.349999976918));
#5006 = ( GEOMETRIC_REPRESENTATION_CONTEXT(2) 
PARAMETRIC_REPRESENTATION_CONTEXT() REPRESENTATION_CONTEXT('2D SPACE',''
  ) );
#5007 = PCURVE('',#5008,#5013);
#5008 = PLANE('',#5009);
#5009 = AXIS2_PLACEMENT_3D('',#5010,#5011,#5012);
#5010 = CARTESIAN_POINT('',(25.75,-1.35,2.008111842105));
#5011 = DIRECTION('',(1.,2.22044604925E-16,0.));
#5012 = DIRECTION('',(2.22044604925E-16,-1.,0.));
#5013 = DEFINITIONAL_REPRESENTATION('',(#5014),#5017);
#5014 = B_SPLINE_CURVE_WITH_KNOTS('',1,(#5015,#5016),.UNSPECIFIED.,.F.,
  .F.,(2,2),(-0.974999988459,-0.674999988459),.PIECEWISE_BEZIER_KNOTS.);
#5015 = CARTESIAN_POINT('',(0.3,-0.1));
#5016 = CARTESIAN_POINT('',(0.,-0.1));
#5017 = ( GEOMETRIC_REPRESENTATION_CONTEXT(2) 
PARAMETRIC_REPRESENTATION_CONTEXT() REPRESENTATION_CONTEXT('2D SPACE',''
  ) );
#5018 = ORIENTED_EDGE('',*,*,#5019,.F.);
#5019 = EDGE_CURVE('',#5020,#4994,#5022,.T.);
#5020 = VERTEX_POINT('',#5021);
#5021 = CARTESIAN_POINT('',(22.75,-1.65,2.108111842105));
#5022 = SURFACE_CURVE('',#5023,(#5027,#5033),.PCURVE_S1.);
#5023 = LINE('',#5024,#5025);
#5024 = CARTESIAN_POINT('',(21.674678887027,-1.65,2.108111842105));
#5025 = VECTOR('',#5026,1.);
#5026 = DIRECTION('',(1.,2.22044604925E-16,0.));
#5027 = PCURVE('',#44,#5028);
#5028 = DEFINITIONAL_REPRESENTATION('',(#5029),#5032);
#5029 = B_SPLINE_CURVE_WITH_KNOTS('',1,(#5030,#5031),.UNSPECIFIED.,.F.,
  .F.,(2,2),(1.075321112973,4.075321112973),.PIECEWISE_BEZIER_KNOTS.);
#5030 = CARTESIAN_POINT('',(5.150642225946,-1.649999976918));
#5031 = CARTESIAN_POINT('',(8.150642225946,-1.649999976918));
#5032 = ( GEOMETRIC_REPRESENTATION_CONTEXT(2) 
PARAMETRIC_REPRESENTATION_CONTEXT() REPRESENTATION_CONTEXT('2D SPACE',''
  ) );
#5033 = PCURVE('',#5034,#5039);
#5034 = PLANE('',#5035);
#5035 = AXIS2_PLACEMENT_3D('',#5036,#5037,#5038);
#5036 = CARTESIAN_POINT('',(25.75,-1.65,2.008111842105));
#5037 = DIRECTION('',(2.22044604925E-16,-1.,0.));
#5038 = DIRECTION('',(-1.,-2.22044604925E-16,0.));
#5039 = DEFINITIONAL_REPRESENTATION('',(#5040),#5043);
#5040 = B_SPLINE_CURVE_WITH_KNOTS('',1,(#5041,#5042),.UNSPECIFIED.,.F.,
  .F.,(2,2),(1.075321112973,4.075321112973),.PIECEWISE_BEZIER_KNOTS.);
#5041 = CARTESIAN_POINT('',(3.,-0.1));
#5042 = CARTESIAN_POINT('',(0.,-0.1));
#5043 = ( GEOMETRIC_REPRESENTATION_CONTEXT(2) 
PARAMETRIC_REPRESENTATION_CONTEXT() REPRESENTATION_CONTEXT('2D SPACE',''
  ) );
#5044 = ORIENTED_EDGE('',*,*,#5045,.F.);
#5045 = EDGE_CURVE('',#5046,#5020,#5048,.T.);
#5046 = VERTEX_POINT('',#5047);
#5047 = CARTESIAN_POINT('',(22.75,-0.35,2.108111842105));
#5048 = SURFACE_CURVE('',#5049,(#5053,#5059),.PCURVE_S1.);
#5049 = LINE('',#5050,#5051);
#5050 = CARTESIAN_POINT('',(22.75,-0.825000011541,2.108111842105));
#5051 = VECTOR('',#5052,1.);
#5052 = DIRECTION('',(2.22044604925E-16,-1.,0.));
#5053 = PCURVE('',#44,#5054);
#5054 = DEFINITIONAL_REPRESENTATION('',(#5055),#5058);
#5055 = B_SPLINE_CURVE_WITH_KNOTS('',1,(#5056,#5057),.UNSPECIFIED.,.F.,
  .F.,(2,2),(-0.475000011541,0.824999988459),.PIECEWISE_BEZIER_KNOTS.);
#5056 = CARTESIAN_POINT('',(5.150642225946,-0.349999976918));
#5057 = CARTESIAN_POINT('',(5.150642225946,-1.649999976918));
#5058 = ( GEOMETRIC_REPRESENTATION_CONTEXT(2) 
PARAMETRIC_REPRESENTATION_CONTEXT() REPRESENTATION_CONTEXT('2D SPACE',''
  ) );
#5059 = PCURVE('',#5060,#5065);
#5060 = PLANE('',#5061);
#5061 = AXIS2_PLACEMENT_3D('',#5062,#5063,#5064);
#5062 = CARTESIAN_POINT('',(22.75,-1.65,2.008111842105));
#5063 = DIRECTION('',(-1.,-2.22044604925E-16,0.));
#5064 = DIRECTION('',(-2.22044604925E-16,1.,0.));
#5065 = DEFINITIONAL_REPRESENTATION('',(#5066),#5069);
#5066 = B_SPLINE_CURVE_WITH_KNOTS('',1,(#5067,#5068),.UNSPECIFIED.,.F.,
  .F.,(2,2),(-0.475000011541,0.824999988459),.PIECEWISE_BEZIER_KNOTS.);
#5067 = CARTESIAN_POINT('',(1.3,-0.1));
#5068 = CARTESIAN_POINT('',(0.,-0.1));
#5069 = ( GEOMETRIC_REPRESENTATION_CONTEXT(2) 
PARAMETRIC_REPRESENTATION_CONTEXT() REPRESENTATION_CONTEXT('2D SPACE',''
  ) );
#5070 = ORIENTED_EDGE('',*,*,#5071,.T.);
#5071 = EDGE_CURVE('',#5046,#5072,#5074,.T.);
#5072 = VERTEX_POINT('',#5073);
#5073 = CARTESIAN_POINT('',(23.45,-0.35,2.108111842105));
#5074 = SURFACE_CURVE('',#5075,(#5079,#5085),.PCURVE_S1.);
#5075 = LINE('',#5076,#5077);
#5076 = CARTESIAN_POINT('',(20.524678887027,-0.35,2.108111842105));
#5077 = VECTOR('',#5078,1.);
#5078 = DIRECTION('',(1.,2.22044604925E-16,0.));
#5079 = PCURVE('',#44,#5080);
#5080 = DEFINITIONAL_REPRESENTATION('',(#5081),#5084);
#5081 = B_SPLINE_CURVE_WITH_KNOTS('',1,(#5082,#5083),.UNSPECIFIED.,.F.,
  .F.,(2,2),(2.225321112973,2.925321112973),.PIECEWISE_BEZIER_KNOTS.);
#5082 = CARTESIAN_POINT('',(5.150642225946,-0.349999976918));
#5083 = CARTESIAN_POINT('',(5.850642225946,-0.349999976918));
#5084 = ( GEOMETRIC_REPRESENTATION_CONTEXT(2) 
PARAMETRIC_REPRESENTATION_CONTEXT() REPRESENTATION_CONTEXT('2D SPACE',''
  ) );
#5085 = PCURVE('',#5086,#5091);
#5086 = PLANE('',#5087);
#5087 = AXIS2_PLACEMENT_3D('',#5088,#5089,#5090);
#5088 = CARTESIAN_POINT('',(23.45,-0.35,2.008111842105));
#5089 = DIRECTION('',(2.22044604925E-16,-1.,0.));
#5090 = DIRECTION('',(-1.,-2.22044604925E-16,0.));
#5091 = DEFINITIONAL_REPRESENTATION('',(#5092),#5095);
#5092 = B_SPLINE_CURVE_WITH_KNOTS('',1,(#5093,#5094),.UNSPECIFIED.,.F.,
  .F.,(2,2),(2.225321112973,2.925321112973),.PIECEWISE_BEZIER_KNOTS.);
#5093 = CARTESIAN_POINT('',(0.7,-0.1));
#5094 = CARTESIAN_POINT('',(0.,-0.1));
#5095 = ( GEOMETRIC_REPRESENTATION_CONTEXT(2) 
PARAMETRIC_REPRESENTATION_CONTEXT() REPRESENTATION_CONTEXT('2D SPACE',''
  ) );
#5096 = ORIENTED_EDGE('',*,*,#5097,.T.);
#5097 = EDGE_CURVE('',#5072,#5098,#5100,.T.);
#5098 = VERTEX_POINT('',#5099);
#5099 = CARTESIAN_POINT('',(23.45,0.35,2.108111842105));
#5100 = SURFACE_CURVE('',#5101,(#5105,#5111),.PCURVE_S1.);
#5101 = LINE('',#5102,#5103);
#5102 = CARTESIAN_POINT('',(23.45,0.174999988459,2.108111842105));
#5103 = VECTOR('',#5104,1.);
#5104 = DIRECTION('',(-2.22044604925E-16,1.,0.));
#5105 = PCURVE('',#44,#5106);
#5106 = DEFINITIONAL_REPRESENTATION('',(#5107),#5110);
#5107 = B_SPLINE_CURVE_WITH_KNOTS('',1,(#5108,#5109),.UNSPECIFIED.,.F.,
  .F.,(2,2),(-0.524999988459,0.175000011541),.PIECEWISE_BEZIER_KNOTS.);
#5108 = CARTESIAN_POINT('',(5.850642225946,-0.349999976918));
#5109 = CARTESIAN_POINT('',(5.850642225946,0.350000023082));
#5110 = ( GEOMETRIC_REPRESENTATION_CONTEXT(2) 
PARAMETRIC_REPRESENTATION_CONTEXT() REPRESENTATION_CONTEXT('2D SPACE',''
  ) );
#5111 = PCURVE('',#5112,#5117);
#5112 = PLANE('',#5113);
#5113 = AXIS2_PLACEMENT_3D('',#5114,#5115,#5116);
#5114 = CARTESIAN_POINT('',(23.45,0.35,2.008111842105));
#5115 = DIRECTION('',(1.,2.22044604925E-16,0.));
#5116 = DIRECTION('',(2.22044604925E-16,-1.,0.));
#5117 = DEFINITIONAL_REPRESENTATION('',(#5118),#5121);
#5118 = B_SPLINE_CURVE_WITH_KNOTS('',1,(#5119,#5120),.UNSPECIFIED.,.F.,
  .F.,(2,2),(-0.524999988459,0.175000011541),.PIECEWISE_BEZIER_KNOTS.);
#5119 = CARTESIAN_POINT('',(0.7,-0.1));
#5120 = CARTESIAN_POINT('',(0.,-0.1));
#5121 = ( GEOMETRIC_REPRESENTATION_CONTEXT(2) 
PARAMETRIC_REPRESENTATION_CONTEXT() REPRESENTATION_CONTEXT('2D SPACE',''
  ) );
#5122 = ORIENTED_EDGE('',*,*,#5123,.T.);
#5123 = EDGE_CURVE('',#5098,#4578,#5124,.T.);
#5124 = SURFACE_CURVE('',#5125,(#5129,#5135),.PCURVE_S1.);
#5125 = LINE('',#5126,#5127);
#5126 = CARTESIAN_POINT('',(20.174678887027,0.35,2.108111842105));
#5127 = VECTOR('',#5128,1.);
#5128 = DIRECTION('',(-1.,-2.22044604925E-16,0.));
#5129 = PCURVE('',#44,#5130);
#5130 = DEFINITIONAL_REPRESENTATION('',(#5131),#5134);
#5131 = B_SPLINE_CURVE_WITH_KNOTS('',1,(#5132,#5133),.UNSPECIFIED.,.F.,
  .F.,(2,2),(-3.275321112973,-2.575321112973),.PIECEWISE_BEZIER_KNOTS.);
#5132 = CARTESIAN_POINT('',(5.850642225946,0.350000023082));
#5133 = CARTESIAN_POINT('',(5.150642225946,0.350000023082));
#5134 = ( GEOMETRIC_REPRESENTATION_CONTEXT(2) 
PARAMETRIC_REPRESENTATION_CONTEXT() REPRESENTATION_CONTEXT('2D SPACE',''
  ) );
#5135 = PCURVE('',#5136,#5141);
#5136 = PLANE('',#5137);
#5137 = AXIS2_PLACEMENT_3D('',#5138,#5139,#5140);
#5138 = CARTESIAN_POINT('',(22.75,0.35,2.008111842105));
#5139 = DIRECTION('',(-2.22044604925E-16,1.,0.));
#5140 = DIRECTION('',(1.,2.22044604925E-16,0.));
#5141 = DEFINITIONAL_REPRESENTATION('',(#5142),#5145);
#5142 = B_SPLINE_CURVE_WITH_KNOTS('',1,(#5143,#5144),.UNSPECIFIED.,.F.,
  .F.,(2,2),(-3.275321112973,-2.575321112973),.PIECEWISE_BEZIER_KNOTS.);
#5143 = CARTESIAN_POINT('',(0.7,-0.1));
#5144 = CARTESIAN_POINT('',(0.,-0.1));
#5145 = ( GEOMETRIC_REPRESENTATION_CONTEXT(2) 
PARAMETRIC_REPRESENTATION_CONTEXT() REPRESENTATION_CONTEXT('2D SPACE',''
  ) );
#5146 = ADVANCED_FACE('',(#5147),#386,.T.);
#5147 = FACE_BOUND('',#5148,.T.);
#5148 = EDGE_LOOP('',(#5149,#5171,#5212,#5233));
#5149 = ORIENTED_EDGE('',*,*,#5150,.F.);
#5150 = EDGE_CURVE('',#5151,#217,#5153,.T.);
#5151 = VERTEX_POINT('',#5152);
#5152 = CARTESIAN_POINT('',(2.545517323506,-9.5,0.30000315283));
#5153 = SURFACE_CURVE('',#5154,(#5158,#5164),.PCURVE_S1.);
#5154 = LINE('',#5155,#5156);
#5155 = CARTESIAN_POINT('',(0.,-9.5,0.300003241242));
#5156 = VECTOR('',#5157,1.);
#5157 = DIRECTION('',(1.,0.,0.));
#5158 = PCURVE('',#386,#5159);
#5159 = DEFINITIONAL_REPRESENTATION('',(#5160),#5163);
#5160 = B_SPLINE_CURVE_WITH_KNOTS('',1,(#5161,#5162),.UNSPECIFIED.,.F.,
  .F.,(2,2),(0.,28.273544047667),.PIECEWISE_BEZIER_KNOTS.);
#5161 = CARTESIAN_POINT('',(3.14158184945,0.));
#5162 = CARTESIAN_POINT('',(3.14158184945,28.273544047667));
#5163 = ( GEOMETRIC_REPRESENTATION_CONTEXT(2) 
PARAMETRIC_REPRESENTATION_CONTEXT() REPRESENTATION_CONTEXT('2D SPACE',''
  ) );
#5164 = PCURVE('',#490,#5165);
#5165 = DEFINITIONAL_REPRESENTATION('',(#5166),#5170);
#5166 = LINE('',#5167,#5168);
#5167 = CARTESIAN_POINT('',(-2.545517323506,-0.300003241242));
#5168 = VECTOR('',#5169,1.);
#5169 = DIRECTION('',(1.,0.));
#5170 = ( GEOMETRIC_REPRESENTATION_CONTEXT(2) 
PARAMETRIC_REPRESENTATION_CONTEXT() REPRESENTATION_CONTEXT('2D SPACE',''
  ) );
#5171 = ORIENTED_EDGE('',*,*,#5172,.T.);
#5172 = EDGE_CURVE('',#5151,#5173,#5175,.T.);
#5173 = VERTEX_POINT('',#5174);
#5174 = CARTESIAN_POINT('',(2.375921073558,-9.2,2.775557561563E-17));
#5175 = SURFACE_CURVE('',#5176,(#5186,#5199),.PCURVE_S1.);
#5176 = B_SPLINE_CURVE_WITH_KNOTS('',8,(#5177,#5178,#5179,#5180,#5181,
    #5182,#5183,#5184,#5185),.UNSPECIFIED.,.F.,.F.,(9,9),(0.,1.),
  .PIECEWISE_BEZIER_KNOTS.);
#5177 = CARTESIAN_POINT('',(2.545517323506,-9.5,0.299999973178));
#5178 = CARTESIAN_POINT('',(2.545517320495,-9.499999994784,
    0.241661403343));
#5179 = CARTESIAN_POINT('',(2.538031791107,-9.487034688261,
    0.182947037896));
#5180 = CARTESIAN_POINT('',(2.522892193334,-9.460812081597,
    0.127604751136));
#5181 = CARTESIAN_POINT('',(2.5008838364,-9.42256048669,
    7.911994677938E-02));
#5182 = CARTESIAN_POINT('',(2.473348437592,-9.37432430162,
    4.035629947962E-02));
#5183 = CARTESIAN_POINT('',(2.442042963014,-9.318903395728,
    1.353531829072E-02));
#5184 = CARTESIAN_POINT('',(2.408907914305,-9.259606069873,
    5.800716249826E-09));
#5185 = CARTESIAN_POINT('',(2.375921073557,-9.2,5.551115123126E-17));
#5186 = PCURVE('',#386,#5187);
#5187 = DEFINITIONAL_REPRESENTATION('',(#5188),#5198);
#5188 = B_SPLINE_CURVE_WITH_KNOTS('',8,(#5189,#5190,#5191,#5192,#5193,
    #5194,#5195,#5196,#5197),.UNSPECIFIED.,.F.,.F.,(9,9),(0.,1.),
  .PIECEWISE_BEZIER_KNOTS.);
#5189 = CARTESIAN_POINT('',(3.141592742997,2.545517323506));
#5190 = CARTESIAN_POINT('',(3.336054642447,2.545517320495));
#5191 = CARTESIAN_POINT('',(3.531766711715,2.538031791107));
#5192 = CARTESIAN_POINT('',(3.727461653147,2.522892193334));
#5193 = CARTESIAN_POINT('',(3.923252614493,2.5008838364));
#5194 = CARTESIAN_POINT('',(4.119349959475,2.473348437592));
#5195 = CARTESIAN_POINT('',(4.316045421794,2.442042963014));
#5196 = CARTESIAN_POINT('',(4.513702080807,2.408907914305));
#5197 = CARTESIAN_POINT('',(4.712388980385,2.375921073557));
#5198 = ( GEOMETRIC_REPRESENTATION_CONTEXT(2) 
PARAMETRIC_REPRESENTATION_CONTEXT() REPRESENTATION_CONTEXT('2D SPACE',''
  ) );
#5199 = PCURVE('',#1418,#5200);
#5200 = DEFINITIONAL_REPRESENTATION('',(#5201),#5211);
#5201 = B_SPLINE_CURVE_WITH_KNOTS('',8,(#5202,#5203,#5204,#5205,#5206,
    #5207,#5208,#5209,#5210),.UNSPECIFIED.,.F.,.F.,(9,9),(0.,1.),
  .PIECEWISE_BEZIER_KNOTS.);
#5202 = CARTESIAN_POINT('',(-3.665191429188,-0.299999973178));
#5203 = CARTESIAN_POINT('',(-3.665191428871,-0.241661403343));
#5204 = CARTESIAN_POINT('',(-3.6644034787,-0.182947037896));
#5205 = CARTESIAN_POINT('',(-3.662809835595,-0.127604751137));
#5206 = CARTESIAN_POINT('',(-3.660487145648,-7.911994677771E-02));
#5207 = CARTESIAN_POINT('',(-3.657563921192,-4.035629948134E-02));
#5208 = CARTESIAN_POINT('',(-3.65421390195,-1.353531828969E-02));
#5209 = CARTESIAN_POINT('',(-3.650638816284,-5.801024716146E-09));
#5210 = CARTESIAN_POINT('',(-3.647053290122,-5.551115123126E-17));
#5211 = ( GEOMETRIC_REPRESENTATION_CONTEXT(2) 
PARAMETRIC_REPRESENTATION_CONTEXT() REPRESENTATION_CONTEXT('2D SPACE',''
  ) );
#5212 = ORIENTED_EDGE('',*,*,#5213,.T.);
#5213 = EDGE_CURVE('',#5173,#219,#5214,.T.);
#5214 = SURFACE_CURVE('',#5215,(#5219,#5226),.PCURVE_S1.);
#5215 = LINE('',#5216,#5217);
#5216 = CARTESIAN_POINT('',(0.,-9.2,5.551115123126E-17));
#5217 = VECTOR('',#5218,1.);
#5218 = DIRECTION('',(1.,0.,0.));
#5219 = PCURVE('',#386,#5220);
#5220 = DEFINITIONAL_REPRESENTATION('',(#5221),#5225);
#5221 = LINE('',#5222,#5223);
#5222 = CARTESIAN_POINT('',(4.712388980385,0.));
#5223 = VECTOR('',#5224,1.);
#5224 = DIRECTION('',(0.,1.));
#5225 = ( GEOMETRIC_REPRESENTATION_CONTEXT(2) 
PARAMETRIC_REPRESENTATION_CONTEXT() REPRESENTATION_CONTEXT('2D SPACE',''
  ) );
#5226 = PCURVE('',#700,#5227);
#5227 = DEFINITIONAL_REPRESENTATION('',(#5228),#5232);
#5228 = LINE('',#5229,#5230);
#5229 = CARTESIAN_POINT('',(-17.59935777405,-9.199999976918));
#5230 = VECTOR('',#5231,1.);
#5231 = DIRECTION('',(1.,0.));
#5232 = ( GEOMETRIC_REPRESENTATION_CONTEXT(2) 
PARAMETRIC_REPRESENTATION_CONTEXT() REPRESENTATION_CONTEXT('2D SPACE',''
  ) );
#5233 = ORIENTED_EDGE('',*,*,#216,.F.);
#5234 = ADVANCED_FACE('',(#5235,#5314),#700,.F.);
#5235 = FACE_BOUND('',#5236,.F.);
#5236 = EDGE_LOOP('',(#5237,#5238,#5262,#5290,#5312,#5313));
#5237 = ORIENTED_EDGE('',*,*,#757,.F.);
#5238 = ORIENTED_EDGE('',*,*,#5239,.T.);
#5239 = EDGE_CURVE('',#716,#5240,#5242,.T.);
#5240 = VERTEX_POINT('',#5241);
#5241 = CARTESIAN_POINT('',(27.722902093797,9.2,2.775557561563E-17));
#5242 = SURFACE_CURVE('',#5243,(#5248,#5255),.PCURVE_S1.);
#5243 = CIRCLE('',#5244,23.25);
#5244 = AXIS2_PLACEMENT_3D('',#5245,#5246,#5247);
#5245 = CARTESIAN_POINT('',(24.,-13.75,0.));
#5246 = DIRECTION('',(0.,0.,1.));
#5247 = DIRECTION('',(1.,0.,0.));
#5248 = PCURVE('',#700,#5249);
#5249 = DEFINITIONAL_REPRESENTATION('',(#5250),#5254);
#5250 = CIRCLE('',#5251,23.25);
#5251 = AXIS2_PLACEMENT_2D('',#5252,#5253);
#5252 = CARTESIAN_POINT('',(6.400642225946,-13.74999997691));
#5253 = DIRECTION('',(1.,0.));
#5254 = ( GEOMETRIC_REPRESENTATION_CONTEXT(2) 
PARAMETRIC_REPRESENTATION_CONTEXT() REPRESENTATION_CONTEXT('2D SPACE',''
  ) );
#5255 = PCURVE('',#741,#5256);
#5256 = DEFINITIONAL_REPRESENTATION('',(#5257),#5261);
#5257 = LINE('',#5258,#5259);
#5258 = CARTESIAN_POINT('',(-0.,0.));
#5259 = VECTOR('',#5260,1.);
#5260 = DIRECTION('',(-1.,0.));
#5261 = ( GEOMETRIC_REPRESENTATION_CONTEXT(2) 
PARAMETRIC_REPRESENTATION_CONTEXT() REPRESENTATION_CONTEXT('2D SPACE',''
  ) );
#5262 = ORIENTED_EDGE('',*,*,#5263,.T.);
#5263 = EDGE_CURVE('',#5240,#5264,#5266,.T.);
#5264 = VERTEX_POINT('',#5265);
#5265 = CARTESIAN_POINT('',(2.375921073558,9.2,2.775557561563E-17));
#5266 = SURFACE_CURVE('',#5267,(#5271,#5278),.PCURVE_S1.);
#5267 = LINE('',#5268,#5269);
#5268 = CARTESIAN_POINT('',(28.273544047667,9.2,5.551115123126E-17));
#5269 = VECTOR('',#5270,1.);
#5270 = DIRECTION('',(-1.,0.,0.));
#5271 = PCURVE('',#700,#5272);
#5272 = DEFINITIONAL_REPRESENTATION('',(#5273),#5277);
#5273 = LINE('',#5274,#5275);
#5274 = CARTESIAN_POINT('',(10.674186273613,9.200000023082));
#5275 = VECTOR('',#5276,1.);
#5276 = DIRECTION('',(-1.,0.));
#5277 = ( GEOMETRIC_REPRESENTATION_CONTEXT(2) 
PARAMETRIC_REPRESENTATION_CONTEXT() REPRESENTATION_CONTEXT('2D SPACE',''
  ) );
#5278 = PCURVE('',#5279,#5284);
#5279 = CYLINDRICAL_SURFACE('',#5280,0.3);
#5280 = AXIS2_PLACEMENT_3D('',#5281,#5282,#5283);
#5281 = CARTESIAN_POINT('',(28.273544047667,9.2,0.3));
#5282 = DIRECTION('',(-1.,0.,0.));
#5283 = DIRECTION('',(0.,1.,0.));
#5284 = DEFINITIONAL_REPRESENTATION('',(#5285),#5289);
#5285 = LINE('',#5286,#5287);
#5286 = CARTESIAN_POINT('',(7.853981633974,0.));
#5287 = VECTOR('',#5288,1.);
#5288 = DIRECTION('',(0.,1.));
#5289 = ( GEOMETRIC_REPRESENTATION_CONTEXT(2) 
PARAMETRIC_REPRESENTATION_CONTEXT() REPRESENTATION_CONTEXT('2D SPACE',''
  ) );
#5290 = ORIENTED_EDGE('',*,*,#5291,.T.);
#5291 = EDGE_CURVE('',#5264,#5173,#5292,.T.);
#5292 = SURFACE_CURVE('',#5293,(#5298,#5305),.PCURVE_S1.);
#5293 = CIRCLE('',#5294,19.);
#5294 = AXIS2_PLACEMENT_3D('',#5295,#5296,#5297);
#5295 = CARTESIAN_POINT('',(18.99999999541,-3.174635872221E-27,0.));
#5296 = DIRECTION('',(0.,0.,1.));
#5297 = DIRECTION('',(1.,0.,0.));
#5298 = PCURVE('',#700,#5299);
#5299 = DEFINITIONAL_REPRESENTATION('',(#5300),#5304);
#5300 = CIRCLE('',#5301,19.);
#5301 = AXIS2_PLACEMENT_2D('',#5302,#5303);
#5302 = CARTESIAN_POINT('',(1.400642221357,2.308152390103E-08));
#5303 = DIRECTION('',(1.,0.));
#5304 = ( GEOMETRIC_REPRESENTATION_CONTEXT(2) 
PARAMETRIC_REPRESENTATION_CONTEXT() REPRESENTATION_CONTEXT('2D SPACE',''
  ) );
#5305 = PCURVE('',#1418,#5306);
#5306 = DEFINITIONAL_REPRESENTATION('',(#5307),#5311);
#5307 = LINE('',#5308,#5309);
#5308 = CARTESIAN_POINT('',(-0.,0.));
#5309 = VECTOR('',#5310,1.);
#5310 = DIRECTION('',(-1.,0.));
#5311 = ( GEOMETRIC_REPRESENTATION_CONTEXT(2) 
PARAMETRIC_REPRESENTATION_CONTEXT() REPRESENTATION_CONTEXT('2D SPACE',''
  ) );
#5312 = ORIENTED_EDGE('',*,*,#5213,.T.);
#5313 = ORIENTED_EDGE('',*,*,#685,.T.);
#5314 = FACE_BOUND('',#5315,.F.);
#5315 = EDGE_LOOP('',(#5316));
#5316 = ORIENTED_EDGE('',*,*,#5317,.F.);
#5317 = EDGE_CURVE('',#5318,#5318,#5320,.T.);
#5318 = VERTEX_POINT('',#5319);
#5319 = CARTESIAN_POINT('',(19.5,0.,0.));
#5320 = SURFACE_CURVE('',#5321,(#5326,#5333),.PCURVE_S1.);
#5321 = CIRCLE('',#5322,6.5);
#5322 = AXIS2_PLACEMENT_3D('',#5323,#5324,#5325);
#5323 = CARTESIAN_POINT('',(13.,0.,0.));
#5324 = DIRECTION('',(0.,0.,1.));
#5325 = DIRECTION('',(1.,0.,0.));
#5326 = PCURVE('',#700,#5327);
#5327 = DEFINITIONAL_REPRESENTATION('',(#5328),#5332);
#5328 = CIRCLE('',#5329,6.5);
#5329 = AXIS2_PLACEMENT_2D('',#5330,#5331);
#5330 = CARTESIAN_POINT('',(-4.599357774054,2.308152390103E-08));
#5331 = DIRECTION('',(1.,0.));
#5332 = ( GEOMETRIC_REPRESENTATION_CONTEXT(2) 
PARAMETRIC_REPRESENTATION_CONTEXT() REPRESENTATION_CONTEXT('2D SPACE',''
  ) );
#5333 = PCURVE('',#5334,#5339);
#5334 = CYLINDRICAL_SURFACE('',#5335,6.5);
#5335 = AXIS2_PLACEMENT_3D('',#5336,#5337,#5338);
#5336 = CARTESIAN_POINT('',(13.,0.,0.));
#5337 = DIRECTION('',(-0.,-0.,-1.));
#5338 = DIRECTION('',(1.,0.,0.));
#5339 = DEFINITIONAL_REPRESENTATION('',(#5340),#5344);
#5340 = LINE('',#5341,#5342);
#5341 = CARTESIAN_POINT('',(-0.,0.));
#5342 = VECTOR('',#5343,1.);
#5343 = DIRECTION('',(-1.,0.));
#5344 = ( GEOMETRIC_REPRESENTATION_CONTEXT(2) 
PARAMETRIC_REPRESENTATION_CONTEXT() REPRESENTATION_CONTEXT('2D SPACE',''
  ) );
#5345 = ADVANCED_FACE('',(#5346),#544,.T.);
#5346 = FACE_BOUND('',#5347,.T.);
#5347 = EDGE_LOOP('',(#5348,#5349,#5390,#5411));
#5348 = ORIENTED_EDGE('',*,*,#1430,.F.);
#5349 = ORIENTED_EDGE('',*,*,#5350,.T.);
#5350 = EDGE_CURVE('',#1402,#5351,#5353,.T.);
#5351 = VERTEX_POINT('',#5352);
#5352 = CARTESIAN_POINT('',(2.545517323506,-9.499999999992,
    1.808108698395));
#5353 = SURFACE_CURVE('',#5354,(#5364,#5377),.PCURVE_S1.);
#5354 = B_SPLINE_CURVE_WITH_KNOTS('',8,(#5355,#5356,#5357,#5358,#5359,
    #5360,#5361,#5362,#5363),.UNSPECIFIED.,.F.,.F.,(9,9),(0.,1.),
  .PIECEWISE_BEZIER_KNOTS.);
#5355 = CARTESIAN_POINT('',(2.375921073557,-9.2,2.108111842105));
#5356 = CARTESIAN_POINT('',(2.408907746009,-9.259605765768,
    2.108111836305));
#5357 = CARTESIAN_POINT('',(2.442042878194,-9.31890324848,2.094576661821
    ));
#5358 = CARTESIAN_POINT('',(2.473348484088,-9.374324387109,
    2.067755589851));
#5359 = CARTESIAN_POINT('',(2.500883872312,-9.422560545534,
    2.028991795034));
#5360 = CARTESIAN_POINT('',(2.522892159622,-9.460812024081,
    1.980507075749));
#5361 = CARTESIAN_POINT('',(2.538031769713,-9.487034651035,
    1.925164897112));
#5362 = CARTESIAN_POINT('',(2.545517318512,-9.49999999135,1.866450526316
    ));
#5363 = CARTESIAN_POINT('',(2.545517323506,-9.5,1.808111886585));
#5364 = PCURVE('',#544,#5365);
#5365 = DEFINITIONAL_REPRESENTATION('',(#5366),#5376);
#5366 = B_SPLINE_CURVE_WITH_KNOTS('',8,(#5367,#5368,#5369,#5370,#5371,
    #5372,#5373,#5374,#5375),.UNSPECIFIED.,.F.,.F.,(9,9),(0.,1.),
  .PIECEWISE_BEZIER_KNOTS.);
#5367 = CARTESIAN_POINT('',(1.570796326795,2.375921073557));
#5368 = CARTESIAN_POINT('',(1.769482212689,2.408907746009));
#5369 = CARTESIAN_POINT('',(1.96713939599,2.442042878194));
#5370 = CARTESIAN_POINT('',(2.163835442917,2.473348484088));
#5371 = CARTESIAN_POINT('',(2.359932956174,2.500883872312));
#5372 = CARTESIAN_POINT('',(2.555723653432,2.522892159622));
#5373 = CARTESIAN_POINT('',(2.751418284228,2.538031769713));
#5374 = CARTESIAN_POINT('',(2.947130372888,2.545517318512));
#5375 = CARTESIAN_POINT('',(3.141592505325,2.545517323506));
#5376 = ( GEOMETRIC_REPRESENTATION_CONTEXT(2) 
PARAMETRIC_REPRESENTATION_CONTEXT() REPRESENTATION_CONTEXT('2D SPACE',''
  ) );
#5377 = PCURVE('',#1418,#5378);
#5378 = DEFINITIONAL_REPRESENTATION('',(#5379),#5389);
#5379 = B_SPLINE_CURVE_WITH_KNOTS('',8,(#5380,#5381,#5382,#5383,#5384,
    #5385,#5386,#5387,#5388),.UNSPECIFIED.,.F.,.F.,(9,9),(0.,1.),
  .PIECEWISE_BEZIER_KNOTS.);
#5380 = CARTESIAN_POINT('',(-3.647053290122,-2.108111842105));
#5381 = CARTESIAN_POINT('',(-3.650638797991,-2.108111836304));
#5382 = CARTESIAN_POINT('',(-3.654213893008,-2.094576661822));
#5383 = CARTESIAN_POINT('',(-3.657563926312,-2.06775558985));
#5384 = CARTESIAN_POINT('',(-3.660487149275,-2.028991795035));
#5385 = CARTESIAN_POINT('',(-3.662809832087,-1.980507075748));
#5386 = CARTESIAN_POINT('',(-3.66440347644,-1.925164897112));
#5387 = CARTESIAN_POINT('',(-3.665191428662,-1.866450526316));
#5388 = CARTESIAN_POINT('',(-3.665191429188,-1.808111886585));
#5389 = ( GEOMETRIC_REPRESENTATION_CONTEXT(2) 
PARAMETRIC_REPRESENTATION_CONTEXT() REPRESENTATION_CONTEXT('2D SPACE',''
  ) );
#5390 = ORIENTED_EDGE('',*,*,#5391,.T.);
#5391 = EDGE_CURVE('',#5351,#475,#5392,.T.);
#5392 = SURFACE_CURVE('',#5393,(#5397,#5404),.PCURVE_S1.);
#5393 = LINE('',#5394,#5395);
#5394 = CARTESIAN_POINT('',(0.,-9.499999999982,1.808108601155));
#5395 = VECTOR('',#5396,1.);
#5396 = DIRECTION('',(1.,0.,0.));
#5397 = PCURVE('',#544,#5398);
#5398 = DEFINITIONAL_REPRESENTATION('',(#5399),#5403);
#5399 = LINE('',#5400,#5401);
#5400 = CARTESIAN_POINT('',(3.141603456758,0.));
#5401 = VECTOR('',#5402,1.);
#5402 = DIRECTION('',(0.,1.));
#5403 = ( GEOMETRIC_REPRESENTATION_CONTEXT(2) 
PARAMETRIC_REPRESENTATION_CONTEXT() REPRESENTATION_CONTEXT('2D SPACE',''
  ) );
#5404 = PCURVE('',#490,#5405);
#5405 = DEFINITIONAL_REPRESENTATION('',(#5406),#5410);
#5406 = LINE('',#5407,#5408);
#5407 = CARTESIAN_POINT('',(-2.545517323506,-1.808108601155));
#5408 = VECTOR('',#5409,1.);
#5409 = DIRECTION('',(1.,0.));
#5410 = ( GEOMETRIC_REPRESENTATION_CONTEXT(2) 
PARAMETRIC_REPRESENTATION_CONTEXT() REPRESENTATION_CONTEXT('2D SPACE',''
  ) );
#5411 = ORIENTED_EDGE('',*,*,#502,.F.);
#5412 = ADVANCED_FACE('',(#5413),#490,.F.);
#5413 = FACE_BOUND('',#5414,.F.);
#5414 = EDGE_LOOP('',(#5415,#5416,#5437,#5438));
#5415 = ORIENTED_EDGE('',*,*,#5150,.F.);
#5416 = ORIENTED_EDGE('',*,*,#5417,.T.);
#5417 = EDGE_CURVE('',#5151,#5351,#5418,.T.);
#5418 = SURFACE_CURVE('',#5419,(#5423,#5430),.PCURVE_S1.);
#5419 = LINE('',#5420,#5421);
#5420 = CARTESIAN_POINT('',(2.545517323506,-9.5,0.));
#5421 = VECTOR('',#5422,1.);
#5422 = DIRECTION('',(0.,0.,1.));
#5423 = PCURVE('',#490,#5424);
#5424 = DEFINITIONAL_REPRESENTATION('',(#5425),#5429);
#5425 = LINE('',#5426,#5427);
#5426 = CARTESIAN_POINT('',(-1.33226762955E-15,0.));
#5427 = VECTOR('',#5428,1.);
#5428 = DIRECTION('',(0.,-1.));
#5429 = ( GEOMETRIC_REPRESENTATION_CONTEXT(2) 
PARAMETRIC_REPRESENTATION_CONTEXT() REPRESENTATION_CONTEXT('2D SPACE',''
  ) );
#5430 = PCURVE('',#1418,#5431);
#5431 = DEFINITIONAL_REPRESENTATION('',(#5432),#5436);
#5432 = LINE('',#5433,#5434);
#5433 = CARTESIAN_POINT('',(-3.665191429188,0.));
#5434 = VECTOR('',#5435,1.);
#5435 = DIRECTION('',(-0.,-1.));
#5436 = ( GEOMETRIC_REPRESENTATION_CONTEXT(2) 
PARAMETRIC_REPRESENTATION_CONTEXT() REPRESENTATION_CONTEXT('2D SPACE',''
  ) );
#5437 = ORIENTED_EDGE('',*,*,#5391,.T.);
#5438 = ORIENTED_EDGE('',*,*,#474,.F.);
#5439 = ADVANCED_FACE('',(#5440),#741,.T.);
#5440 = FACE_BOUND('',#5441,.F.);
#5441 = EDGE_LOOP('',(#5442,#5443,#5444,#5445,#5446,#5447,#5509,#5537));
#5442 = ORIENTED_EDGE('',*,*,#5239,.F.);
#5443 = ORIENTED_EDGE('',*,*,#715,.T.);
#5444 = ORIENTED_EDGE('',*,*,#1102,.F.);
#5445 = ORIENTED_EDGE('',*,*,#1253,.T.);
#5446 = ORIENTED_EDGE('',*,*,#1350,.T.);
#5447 = ORIENTED_EDGE('',*,*,#5448,.T.);
#5448 = EDGE_CURVE('',#1351,#5449,#5451,.T.);
#5449 = VERTEX_POINT('',#5450);
#5450 = CARTESIAN_POINT('',(24.,9.5,1.808111842105));
#5451 = SURFACE_CURVE('',#5452,(#5469,#5489),.PCURVE_S1.);
#5452 = B_SPLINE_CURVE_WITH_KNOTS('',8,(#5453,#5454,#5455,#5456,#5457,
    #5458,#5459,#5460,#5461,#5462,#5463,#5464,#5465,#5466,#5467,#5468),
  .UNSPECIFIED.,.F.,.F.,(9,7,9),(0.,0.561523581196,1.),.UNSPECIFIED.);
#5453 = CARTESIAN_POINT('',(27.722902093797,9.2,2.108111842105));
#5454 = CARTESIAN_POINT('',(27.471061601788,9.240853049656,
    2.108111841181));
#5455 = CARTESIAN_POINT('',(27.213309765183,9.279423776819,
    2.101753758577));
#5456 = CARTESIAN_POINT('',(26.953247640428,9.314883451507,
    2.090281424244));
#5457 = CARTESIAN_POINT('',(26.692994579545,9.346901513922,2.07480650326
    ));
#5458 = CARTESIAN_POINT('',(26.433451181468,9.375438967556,
    2.056199918655));
#5459 = CARTESIAN_POINT('',(26.174400123793,9.400607445704,2.03506494032
    ));
#5460 = CARTESIAN_POINT('',(25.914460788084,9.422551628877,
    2.011748608576));
#5461 = CARTESIAN_POINT('',(25.445117727387,9.455962624127,
    1.966513736078));
#5462 = CARTESIAN_POINT('',(25.238928457027,9.468542901174,
    1.945582752967));
#5463 = CARTESIAN_POINT('',(25.032544628325,9.479030643549,1.92377832687
    ));
#5464 = CARTESIAN_POINT('',(24.826086513919,9.487418824703,
    1.901301649331));
#5465 = CARTESIAN_POINT('',(24.619626109377,9.493707292492,
    1.878334125557));
#5466 = CARTESIAN_POINT('',(24.413174327829,9.497900414496,
    1.855045537439));
#5467 = CARTESIAN_POINT('',(24.206672387335,9.499999999811,
    1.831588132025));
#5468 = CARTESIAN_POINT('',(24.,9.5,1.80811187403));
#5469 = PCURVE('',#741,#5470);
#5470 = DEFINITIONAL_REPRESENTATION('',(#5471),#5488);
#5471 = B_SPLINE_CURVE_WITH_KNOTS('',8,(#5472,#5473,#5474,#5475,#5476,
    #5477,#5478,#5479,#5480,#5481,#5482,#5483,#5484,#5485,#5486,#5487),
  .UNSPECIFIED.,.F.,.F.,(9,7,9),(0.,0.561523581196,1.),.UNSPECIFIED.);
#5472 = CARTESIAN_POINT('',(-1.409979222251,-2.108111842105));
#5473 = CARTESIAN_POINT('',(-1.420952664167,-2.108111841152));
#5474 = CARTESIAN_POINT('',(-1.432161357508,-2.101753758636));
#5475 = CARTESIAN_POINT('',(-1.443448726653,-2.090281424206));
#5476 = CARTESIAN_POINT('',(-1.454724884332,-2.074806503242));
#5477 = CARTESIAN_POINT('',(-1.465953495864,-2.056199918695));
#5478 = CARTESIAN_POINT('',(-1.477146451758,-2.035064940302));
#5479 = CARTESIAN_POINT('',(-1.488365436981,-2.011748608576));
#5480 = CARTESIAN_POINT('',(-1.508603319458,-1.966513736078));
#5481 = CARTESIAN_POINT('',(-1.517487710787,-1.945582752967));
#5482 = CARTESIAN_POINT('',(-1.526375123212,-1.923778326869));
#5483 = CARTESIAN_POINT('',(-1.53526145043,-1.901301649331));
#5484 = CARTESIAN_POINT('',(-1.544144671042,-1.878334125556));
#5485 = CARTESIAN_POINT('',(-1.553025387994,-1.855045537439));
#5486 = CARTESIAN_POINT('',(-1.561907191851,-1.831588132025));
#5487 = CARTESIAN_POINT('',(-1.570796326795,-1.80811187403));
#5488 = ( GEOMETRIC_REPRESENTATION_CONTEXT(2) 
PARAMETRIC_REPRESENTATION_CONTEXT() REPRESENTATION_CONTEXT('2D SPACE',''
  ) );
#5489 = PCURVE('',#1390,#5490);
#5490 = DEFINITIONAL_REPRESENTATION('',(#5491),#5508);
#5491 = B_SPLINE_CURVE_WITH_KNOTS('',8,(#5492,#5493,#5494,#5495,#5496,
    #5497,#5498,#5499,#5500,#5501,#5502,#5503,#5504,#5505,#5506,#5507),
  .UNSPECIFIED.,.F.,.F.,(9,7,9),(0.,0.561523581196,1.),.UNSPECIFIED.);
#5492 = CARTESIAN_POINT('',(4.712388980385,0.55064195387));
#5493 = CARTESIAN_POINT('',(4.84856581257,0.802482445879));
#5494 = CARTESIAN_POINT('',(4.977134702917,1.060234282484));
#5495 = CARTESIAN_POINT('',(5.099182271771,1.320296407239));
#5496 = CARTESIAN_POINT('',(5.215647441689,1.580549468121));
#5497 = CARTESIAN_POINT('',(5.327491105209,1.840092866199));
#5498 = CARTESIAN_POINT('',(5.435777420683,2.099143923873));
#5499 = CARTESIAN_POINT('',(5.541753317844,2.359083259583));
#5500 = CARTESIAN_POINT('',(5.729206668885,2.82842632028));
#5501 = CARTESIAN_POINT('',(5.810241912354,3.034615590638));
#5502 = CARTESIAN_POINT('',(5.890321327142,3.24099941935));
#5503 = CARTESIAN_POINT('',(5.969636856854,3.447457533734));
#5504 = CARTESIAN_POINT('',(6.048380740406,3.653917938303));
#5505 = CARTESIAN_POINT('',(6.126739673986,3.860369719832));
#5506 = CARTESIAN_POINT('',(6.204931004406,4.066871660333));
#5507 = CARTESIAN_POINT('',(6.283185200764,4.273544047667));
#5508 = ( GEOMETRIC_REPRESENTATION_CONTEXT(2) 
PARAMETRIC_REPRESENTATION_CONTEXT() REPRESENTATION_CONTEXT('2D SPACE',''
  ) );
#5509 = ORIENTED_EDGE('',*,*,#5510,.F.);
#5510 = EDGE_CURVE('',#5511,#5449,#5513,.T.);
#5511 = VERTEX_POINT('',#5512);
#5512 = CARTESIAN_POINT('',(24.,9.5,0.300000189303));
#5513 = SURFACE_CURVE('',#5514,(#5518,#5525),.PCURVE_S1.);
#5514 = LINE('',#5515,#5516);
#5515 = CARTESIAN_POINT('',(24.,9.5,0.));
#5516 = VECTOR('',#5517,1.);
#5517 = DIRECTION('',(0.,0.,1.));
#5518 = PCURVE('',#741,#5519);
#5519 = DEFINITIONAL_REPRESENTATION('',(#5520),#5524);
#5520 = LINE('',#5521,#5522);
#5521 = CARTESIAN_POINT('',(-1.570796326795,0.));
#5522 = VECTOR('',#5523,1.);
#5523 = DIRECTION('',(-0.,-1.));
#5524 = ( GEOMETRIC_REPRESENTATION_CONTEXT(2) 
PARAMETRIC_REPRESENTATION_CONTEXT() REPRESENTATION_CONTEXT('2D SPACE',''
  ) );
#5525 = PCURVE('',#5526,#5531);
#5526 = PLANE('',#5527);
#5527 = AXIS2_PLACEMENT_3D('',#5528,#5529,#5530);
#5528 = CARTESIAN_POINT('',(2.545517323506,9.5,0.));
#5529 = DIRECTION('',(0.,1.,0.));
#5530 = DIRECTION('',(1.,0.,0.));
#5531 = DEFINITIONAL_REPRESENTATION('',(#5532),#5536);
#5532 = LINE('',#5533,#5534);
#5533 = CARTESIAN_POINT('',(21.454482676494,0.));
#5534 = VECTOR('',#5535,1.);
#5535 = DIRECTION('',(0.,-1.));
#5536 = ( GEOMETRIC_REPRESENTATION_CONTEXT(2) 
PARAMETRIC_REPRESENTATION_CONTEXT() REPRESENTATION_CONTEXT('2D SPACE',''
  ) );
#5537 = ORIENTED_EDGE('',*,*,#5538,.T.);
#5538 = EDGE_CURVE('',#5511,#5240,#5539,.T.);
#5539 = SURFACE_CURVE('',#5540,(#5620,#5703),.PCURVE_S1.);
#5540 = B_SPLINE_CURVE_WITH_KNOTS('',8,(#5541,#5542,#5543,#5544,#5545,
    #5546,#5547,#5548,#5549,#5550,#5551,#5552,#5553,#5554,#5555,#5556,
    #5557,#5558,#5559,#5560,#5561,#5562,#5563,#5564,#5565,#5566,#5567,
    #5568,#5569,#5570,#5571,#5572,#5573,#5574,#5575,#5576,#5577,#5578,
    #5579,#5580,#5581,#5582,#5583,#5584,#5585,#5586,#5587,#5588,#5589,
    #5590,#5591,#5592,#5593,#5594,#5595,#5596,#5597,#5598,#5599,#5600,
    #5601,#5602,#5603,#5604,#5605,#5606,#5607,#5608,#5609,#5610,#5611,
    #5612,#5613,#5614,#5615,#5616,#5617,#5618,#5619),.UNSPECIFIED.,.F.,
  .F.,(9,7,7,7,7,7,7,7,7,7,7,9),(0.,6.191757945181E-04,
    1.238351463844E-03,1.857526893115E-03,2.476701963376E-03,
    3.031824034301E-03,3.650998088349E-03,4.270171434519E-03,
    4.889343951132E-03,5.444463334109E-03,0.877016199997,1.),
  .UNSPECIFIED.);
#5541 = CARTESIAN_POINT('',(24.,9.5,0.3));
#5542 = CARTESIAN_POINT('',(24.000293717764,9.5,0.299966635921));
#5543 = CARTESIAN_POINT('',(24.000587435514,9.499999995759,
    0.299933271825));
#5544 = CARTESIAN_POINT('',(24.00088115326,9.499999987278,0.299899907722
    ));
#5545 = CARTESIAN_POINT('',(24.001174871006,9.499999974556,
    0.299866543621));
#5546 = CARTESIAN_POINT('',(24.001468588755,9.499999957594,
    0.299833179526));
#5547 = CARTESIAN_POINT('',(24.001762306508,9.499999936391,
    0.299799815439));
#5548 = CARTESIAN_POINT('',(24.002056024262,9.499999910947,
    0.299766451356));
#5549 = CARTESIAN_POINT('',(24.002643459703,9.499999851578,
    0.299699723193));
#5550 = CARTESIAN_POINT('',(24.002937177394,9.499999817653,
    0.299666359117));
#5551 = CARTESIAN_POINT('',(24.003230895083,9.499999779488,
    0.299632995045));
#5552 = CARTESIAN_POINT('',(24.003524612772,9.499999737082,
    0.299599630977));
#5553 = CARTESIAN_POINT('',(24.003818330461,9.499999690435,
    0.299566266914));
#5554 = CARTESIAN_POINT('',(24.004112048149,9.499999639547,
    0.299532902855));
#5555 = CARTESIAN_POINT('',(24.004405765836,9.499999584419,
    0.299499538801));
#5556 = CARTESIAN_POINT('',(24.004993201094,9.499999465682,
    0.299432810718));
#5557 = CARTESIAN_POINT('',(24.005286918665,9.499999402073,
    0.299399446689));
#5558 = CARTESIAN_POINT('',(24.005580636235,9.499999334223,
    0.299366082665));
#5559 = CARTESIAN_POINT('',(24.005874353804,9.499999262132,
    0.299332718649));
#5560 = CARTESIAN_POINT('',(24.006168071372,9.499999185801,
    0.299299354639));
#5561 = CARTESIAN_POINT('',(24.006461788938,9.49999910523,0.299265990637
    ));
#5562 = CARTESIAN_POINT('',(24.006755506503,9.499999020417,
    0.299232626643));
#5563 = CARTESIAN_POINT('',(24.00734294146,9.499998842311,0.299165898692
    ));
#5564 = CARTESIAN_POINT('',(24.007636658853,9.499998749018,
    0.299132534735));
#5565 = CARTESIAN_POINT('',(24.007930376243,9.499998651484,
    0.299099170786));
#5566 = CARTESIAN_POINT('',(24.008224093632,9.499998549709,
    0.299065806848));
#5567 = CARTESIAN_POINT('',(24.008517811019,9.499998443694,
    0.299032442919));
#5568 = CARTESIAN_POINT('',(24.008811528405,9.499998333438,0.298999079)
  );
#5569 = CARTESIAN_POINT('',(24.009105245789,9.499998218941,
    0.298965715093));
#5570 = CARTESIAN_POINT('',(24.009662295803,9.49999799375,0.29890243876)
  );
#5571 = CARTESIAN_POINT('',(24.009925628434,9.499997883888,
    0.298872526332));
#5572 = CARTESIAN_POINT('',(24.010188961063,9.499997770616,
    0.298842613914));
#5573 = CARTESIAN_POINT('',(24.010452293691,9.499997653937,
    0.298812701505));
#5574 = CARTESIAN_POINT('',(24.010715626317,9.499997533848,
    0.298782789107));
#5575 = CARTESIAN_POINT('',(24.010978958942,9.499997410351,0.29875287672
    ));
#5576 = CARTESIAN_POINT('',(24.011242291564,9.499997283446,
    0.298722964343));
#5577 = CARTESIAN_POINT('',(24.011799341071,9.499997007781,
    0.298659688216));
#5578 = CARTESIAN_POINT('',(24.012093057955,9.49999685819,0.298626324468
    ));
#5579 = CARTESIAN_POINT('',(24.012386774837,9.499996704358,
    0.298592960734));
#5580 = CARTESIAN_POINT('',(24.012680491716,9.499996546286,
    0.298559597015));
#5581 = CARTESIAN_POINT('',(24.012974208593,9.499996383973,
    0.298526233312));
#5582 = CARTESIAN_POINT('',(24.013267925467,9.49999621742,0.298492869624
    ));
#5583 = CARTESIAN_POINT('',(24.013561642338,9.499996046626,
    0.298459505953));
#5584 = CARTESIAN_POINT('',(24.01414907574,9.499995696557,0.298392778683
    ));
#5585 = CARTESIAN_POINT('',(24.01444279227,9.499995517282,0.298359415083
    ));
#5586 = CARTESIAN_POINT('',(24.014736508797,9.499995333767,
    0.298326051501));
#5587 = CARTESIAN_POINT('',(24.015030225321,9.499995146011,
    0.298292687937));
#5588 = CARTESIAN_POINT('',(24.015323941842,9.499994954014,
    0.298259324391));
#5589 = CARTESIAN_POINT('',(24.01561765836,9.499994757777,0.298225960863
    ));
#5590 = CARTESIAN_POINT('',(24.015911374875,9.499994557299,
    0.298192597355));
#5591 = CARTESIAN_POINT('',(24.016498807504,9.499994147862,
    0.298125870422));
#5592 = CARTESIAN_POINT('',(24.016792523619,9.499993938903,
    0.298092506997));
#5593 = CARTESIAN_POINT('',(24.01708623973,9.499993725704,0.298059143593
    ));
#5594 = CARTESIAN_POINT('',(24.017379955838,9.499993508264,
    0.298025780209));
#5595 = CARTESIAN_POINT('',(24.017673671942,9.499993286584,
    0.297992416847));
#5596 = CARTESIAN_POINT('',(24.017967388043,9.499993060663,
    0.297959053506));
#5597 = CARTESIAN_POINT('',(24.01826110414,9.499992830501,0.297925690186
    ));
#5598 = CARTESIAN_POINT('',(24.018818151522,9.499992385945,
    0.297862415012));
#5599 = CARTESIAN_POINT('',(24.019081482807,9.499992172383,
    0.297832503152));
#5600 = CARTESIAN_POINT('',(24.01934481409,9.499991955413,0.297802591311
    ));
#5601 = CARTESIAN_POINT('',(24.019608145369,9.499991735034,
    0.297772679489));
#5602 = CARTESIAN_POINT('',(24.019871476645,9.499991511246,
    0.297742767685));
#5603 = CARTESIAN_POINT('',(24.020134807917,9.49999128405,0.297712855901
    ));
#5604 = CARTESIAN_POINT('',(24.020398139187,9.499991053445,
    0.297682944137));
#5605 = CARTESIAN_POINT('',(24.43410783159,9.499623403812,0.250689745664
    ));
#5606 = CARTESIAN_POINT('',(24.840209246003,9.490860111081,
    0.204609874868));
#5607 = CARTESIAN_POINT('',(25.245769030622,9.474216057607,
    0.159932470029));
#5608 = CARTESIAN_POINT('',(25.653413278724,9.449410300416,
    0.117484023814));
#5609 = CARTESIAN_POINT('',(26.063457296349,9.416150654771,
    7.870299163514E-02));
#5610 = CARTESIAN_POINT('',(26.474264178633,9.374265149978,
    4.55706655285E-02));
#5611 = CARTESIAN_POINT('',(26.8817402853,9.324193041243,
    2.083297608717E-02));
#5612 = CARTESIAN_POINT('',(27.334062659254,9.259774403979,
    5.901574323694E-03));
#5613 = CARTESIAN_POINT('',(27.389899398177,9.251663789823,
    4.283113457078E-03));
#5614 = CARTESIAN_POINT('',(27.445648932083,9.243407845796,
    2.902456883402E-03));
#5615 = CARTESIAN_POINT('',(27.501313071588,9.235006900494,
    1.770806181498E-03));
#5616 = CARTESIAN_POINT('',(27.556886506215,9.226462326058,
    9.005987328071E-04));
#5617 = CARTESIAN_POINT('',(27.612356777445,9.217776719006,
    3.054340661639E-04));
#5618 = CARTESIAN_POINT('',(27.667704251778,9.208954081065,
    2.025744565314E-10));
#5619 = CARTESIAN_POINT('',(27.722902093797,9.2,5.551115123126E-17));
#5620 = PCURVE('',#741,#5621);
#5621 = DEFINITIONAL_REPRESENTATION('',(#5622),#5702);
#5622 = B_SPLINE_CURVE_WITH_KNOTS('',8,(#5623,#5624,#5625,#5626,#5627,
    #5628,#5629,#5630,#5631,#5632,#5633,#5634,#5635,#5636,#5637,#5638,
    #5639,#5640,#5641,#5642,#5643,#5644,#5645,#5646,#5647,#5648,#5649,
    #5650,#5651,#5652,#5653,#5654,#5655,#5656,#5657,#5658,#5659,#5660,
    #5661,#5662,#5663,#5664,#5665,#5666,#5667,#5668,#5669,#5670,#5671,
    #5672,#5673,#5674,#5675,#5676,#5677,#5678,#5679,#5680,#5681,#5682,
    #5683,#5684,#5685,#5686,#5687,#5688,#5689,#5690,#5691,#5692,#5693,
    #5694,#5695,#5696,#5697,#5698,#5699,#5700,#5701),.UNSPECIFIED.,.F.,
  .F.,(9,7,7,7,7,7,7,7,7,7,7,9),(0.,6.191757945181E-04,
    1.238351463844E-03,1.857526893115E-03,2.476701963376E-03,
    3.031824034301E-03,3.650998088349E-03,4.270171434519E-03,
    4.889343951132E-03,5.444463334109E-03,0.877016199997,1.),
  .UNSPECIFIED.);
#5623 = CARTESIAN_POINT('',(-1.570796326795,-0.3));
#5624 = CARTESIAN_POINT('',(-1.570783693773,-0.299966635921));
#5625 = CARTESIAN_POINT('',(-1.570771060751,-0.299933271825));
#5626 = CARTESIAN_POINT('',(-1.57075842773,-0.299899907722));
#5627 = CARTESIAN_POINT('',(-1.570745794709,-0.299866543621));
#5628 = CARTESIAN_POINT('',(-1.570733161687,-0.299833179526));
#5629 = CARTESIAN_POINT('',(-1.570720528665,-0.299799815439));
#5630 = CARTESIAN_POINT('',(-1.570707895644,-0.299766451356));
#5631 = CARTESIAN_POINT('',(-1.570682629603,-0.299699723193));
#5632 = CARTESIAN_POINT('',(-1.570669996584,-0.299666359117));
#5633 = CARTESIAN_POINT('',(-1.570657363565,-0.299632995045));
#5634 = CARTESIAN_POINT('',(-1.570644730546,-0.299599630977));
#5635 = CARTESIAN_POINT('',(-1.570632097527,-0.299566266914));
#5636 = CARTESIAN_POINT('',(-1.570619464508,-0.299532902855));
#5637 = CARTESIAN_POINT('',(-1.570606831489,-0.299499538801));
#5638 = CARTESIAN_POINT('',(-1.570581565456,-0.299432810718));
#5639 = CARTESIAN_POINT('',(-1.570568932442,-0.299399446689));
#5640 = CARTESIAN_POINT('',(-1.570556299428,-0.299366082665));
#5641 = CARTESIAN_POINT('',(-1.570543666414,-0.299332718649));
#5642 = CARTESIAN_POINT('',(-1.5705310334,-0.299299354639));
#5643 = CARTESIAN_POINT('',(-1.570518400385,-0.299265990637));
#5644 = CARTESIAN_POINT('',(-1.570505767371,-0.299232626643));
#5645 = CARTESIAN_POINT('',(-1.570480501351,-0.299165898692));
#5646 = CARTESIAN_POINT('',(-1.570467868344,-0.299132534735));
#5647 = CARTESIAN_POINT('',(-1.570455235337,-0.299099170786));
#5648 = CARTESIAN_POINT('',(-1.57044260233,-0.299065806848));
#5649 = CARTESIAN_POINT('',(-1.570429969324,-0.299032442919));
#5650 = CARTESIAN_POINT('',(-1.570417336317,-0.298999079));
#5651 = CARTESIAN_POINT('',(-1.57040470331,-0.298965715093));
#5652 = CARTESIAN_POINT('',(-1.570380744168,-0.29890243876));
#5653 = CARTESIAN_POINT('',(-1.570369418032,-0.298872526332));
#5654 = CARTESIAN_POINT('',(-1.570358091896,-0.298842613914));
#5655 = CARTESIAN_POINT('',(-1.570346765761,-0.298812701505));
#5656 = CARTESIAN_POINT('',(-1.570335439625,-0.298782789107));
#5657 = CARTESIAN_POINT('',(-1.57032411349,-0.29875287672));
#5658 = CARTESIAN_POINT('',(-1.570312787354,-0.298722964343));
#5659 = CARTESIAN_POINT('',(-1.570288828232,-0.298659688216));
#5660 = CARTESIAN_POINT('',(-1.570276195247,-0.298626324468));
#5661 = CARTESIAN_POINT('',(-1.570263562261,-0.298592960734));
#5662 = CARTESIAN_POINT('',(-1.570250929275,-0.298559597015));
#5663 = CARTESIAN_POINT('',(-1.570238296289,-0.298526233312));
#5664 = CARTESIAN_POINT('',(-1.570225663303,-0.298492869624));
#5665 = CARTESIAN_POINT('',(-1.570213030317,-0.298459505953));
#5666 = CARTESIAN_POINT('',(-1.57018776436,-0.298392778683));
#5667 = CARTESIAN_POINT('',(-1.570175131389,-0.298359415083));
#5668 = CARTESIAN_POINT('',(-1.570162498417,-0.298326051501));
#5669 = CARTESIAN_POINT('',(-1.570149865446,-0.298292687937));
#5670 = CARTESIAN_POINT('',(-1.570137232475,-0.298259324391));
#5671 = CARTESIAN_POINT('',(-1.570124599503,-0.298225960863));
#5672 = CARTESIAN_POINT('',(-1.570111966532,-0.298192597355));
#5673 = CARTESIAN_POINT('',(-1.570086700606,-0.298125870422));
#5674 = CARTESIAN_POINT('',(-1.570074067652,-0.298092506997));
#5675 = CARTESIAN_POINT('',(-1.570061434697,-0.298059143593));
#5676 = CARTESIAN_POINT('',(-1.570048801743,-0.298025780209));
#5677 = CARTESIAN_POINT('',(-1.570036168789,-0.297992416847));
#5678 = CARTESIAN_POINT('',(-1.570023535835,-0.297959053506));
#5679 = CARTESIAN_POINT('',(-1.57001090288,-0.297925690186));
#5680 = CARTESIAN_POINT('',(-1.569986943845,-0.297862415012));
#5681 = CARTESIAN_POINT('',(-1.569975617765,-0.297832503152));
#5682 = CARTESIAN_POINT('',(-1.569964291684,-0.297802591311));
#5683 = CARTESIAN_POINT('',(-1.569952965604,-0.297772679489));
#5684 = CARTESIAN_POINT('',(-1.569941639523,-0.297742767685));
#5685 = CARTESIAN_POINT('',(-1.569930313443,-0.297712855901));
#5686 = CARTESIAN_POINT('',(-1.569918987363,-0.297682944137));
#5687 = CARTESIAN_POINT('',(-1.552125015072,-0.250689745664));
#5688 = CARTESIAN_POINT('',(-1.534657956556,-0.204609874868));
#5689 = CARTESIAN_POINT('',(-1.517205344733,-0.15993247003));
#5690 = CARTESIAN_POINT('',(-1.499646831801,-0.117484023814));
#5691 = CARTESIAN_POINT('',(-1.481959966005,-7.870299163546E-02));
#5692 = CARTESIAN_POINT('',(-1.464205590775,-4.557066552841E-02));
#5693 = CARTESIAN_POINT('',(-1.446551159294,-2.083297608717E-02));
#5694 = CARTESIAN_POINT('',(-1.426900126239,-5.901574323694E-03));
#5695 = CARTESIAN_POINT('',(-1.424473351878,-4.283113459826E-03));
#5696 = CARTESIAN_POINT('',(-1.422049387688,-2.902456884796E-03));
#5697 = CARTESIAN_POINT('',(-1.419628136857,-1.770806178971E-03));
#5698 = CARTESIAN_POINT('',(-1.417209812327,-9.005987287055E-04));
#5699 = CARTESIAN_POINT('',(-1.41479493917,-3.054340661218E-04));
#5700 = CARTESIAN_POINT('',(-1.412384356979,-2.088889686225E-10));
#5701 = CARTESIAN_POINT('',(-1.409979222251,-5.551115123126E-17));
#5702 = ( GEOMETRIC_REPRESENTATION_CONTEXT(2) 
PARAMETRIC_REPRESENTATION_CONTEXT() REPRESENTATION_CONTEXT('2D SPACE',''
  ) );
#5703 = PCURVE('',#5279,#5704);
#5704 = DEFINITIONAL_REPRESENTATION('',(#5705),#5785);
#5705 = B_SPLINE_CURVE_WITH_KNOTS('',8,(#5706,#5707,#5708,#5709,#5710,
    #5711,#5712,#5713,#5714,#5715,#5716,#5717,#5718,#5719,#5720,#5721,
    #5722,#5723,#5724,#5725,#5726,#5727,#5728,#5729,#5730,#5731,#5732,
    #5733,#5734,#5735,#5736,#5737,#5738,#5739,#5740,#5741,#5742,#5743,
    #5744,#5745,#5746,#5747,#5748,#5749,#5750,#5751,#5752,#5753,#5754,
    #5755,#5756,#5757,#5758,#5759,#5760,#5761,#5762,#5763,#5764,#5765,
    #5766,#5767,#5768,#5769,#5770,#5771,#5772,#5773,#5774,#5775,#5776,
    #5777,#5778,#5779,#5780,#5781,#5782,#5783,#5784),.UNSPECIFIED.,.F.,
  .F.,(9,7,7,7,7,7,7,7,7,7,7,9),(0.,6.191757945181E-04,
    1.238351463844E-03,1.857526893115E-03,2.476701963376E-03,
    3.031824034301E-03,3.650998088349E-03,4.270171434519E-03,
    4.889343951132E-03,5.444463334109E-03,0.877016199997,1.),
  .UNSPECIFIED.);
#5706 = CARTESIAN_POINT('',(6.28318530718,4.273544047667));
#5707 = CARTESIAN_POINT('',(6.283296520776,4.273250329903));
#5708 = CARTESIAN_POINT('',(6.283407734431,4.272956612153));
#5709 = CARTESIAN_POINT('',(6.283518948109,4.272662894407));
#5710 = CARTESIAN_POINT('',(6.283630161784,4.272369176661));
#5711 = CARTESIAN_POINT('',(6.283741375446,4.272075458911));
#5712 = CARTESIAN_POINT('',(6.283852589092,4.271781741159));
#5713 = CARTESIAN_POINT('',(6.283963802734,4.271488023405));
#5714 = CARTESIAN_POINT('',(6.284186230032,4.270900587964));
#5715 = CARTESIAN_POINT('',(6.284297443673,4.270606870273));
#5716 = CARTESIAN_POINT('',(6.284408657318,4.270313152584));
#5717 = CARTESIAN_POINT('',(6.284519870966,4.270019434894));
#5718 = CARTESIAN_POINT('',(6.284631084619,4.269725717206));
#5719 = CARTESIAN_POINT('',(6.284742298276,4.269431999518));
#5720 = CARTESIAN_POINT('',(6.284853511939,4.269138281831));
#5721 = CARTESIAN_POINT('',(6.285075939235,4.268550846573));
#5722 = CARTESIAN_POINT('',(6.285187152868,4.268257129002));
#5723 = CARTESIAN_POINT('',(6.285298366507,4.267963411432));
#5724 = CARTESIAN_POINT('',(6.285409580154,4.267669693863));
#5725 = CARTESIAN_POINT('',(6.285520793808,4.267375976295));
#5726 = CARTESIAN_POINT('',(6.285632007471,4.267082258729));
#5727 = CARTESIAN_POINT('',(6.285743221142,4.266788541164));
#5728 = CARTESIAN_POINT('',(6.285965648439,4.266201106206));
#5729 = CARTESIAN_POINT('',(6.286076862063,4.265907388814));
#5730 = CARTESIAN_POINT('',(6.286188075698,4.265613671424));
#5731 = CARTESIAN_POINT('',(6.286299289343,4.265319954035));
#5732 = CARTESIAN_POINT('',(6.286410502999,4.265026236647));
#5733 = CARTESIAN_POINT('',(6.286521716666,4.264732519262));
#5734 = CARTESIAN_POINT('',(6.286632930346,4.264438801878));
#5735 = CARTESIAN_POINT('',(6.286843852791,4.263881751864));
#5736 = CARTESIAN_POINT('',(6.286943561556,4.263618419233));
#5737 = CARTESIAN_POINT('',(6.28704327033,4.263355086604));
#5738 = CARTESIAN_POINT('',(6.287142979115,4.263091753976));
#5739 = CARTESIAN_POINT('',(6.287242687911,4.26282842135));
#5740 = CARTESIAN_POINT('',(6.287342396718,4.262565088725));
#5741 = CARTESIAN_POINT('',(6.287442105536,4.262301756103));
#5742 = CARTESIAN_POINT('',(6.287653027962,4.261744706596));
#5743 = CARTESIAN_POINT('',(6.287764241573,4.261450989711));
#5744 = CARTESIAN_POINT('',(6.287875455199,4.26115727283));
#5745 = CARTESIAN_POINT('',(6.287986668842,4.260863555951));
#5746 = CARTESIAN_POINT('',(6.2880978825,4.260569839074));
#5747 = CARTESIAN_POINT('',(6.288209096176,4.2602761222));
#5748 = CARTESIAN_POINT('',(6.28832030987,4.259982405329));
#5749 = CARTESIAN_POINT('',(6.288542737166,4.259394971927));
#5750 = CARTESIAN_POINT('',(6.288653950769,4.259101255397));
#5751 = CARTESIAN_POINT('',(6.28876516439,4.25880753887));
#5752 = CARTESIAN_POINT('',(6.288876378031,4.258513822346));
#5753 = CARTESIAN_POINT('',(6.288987591691,4.258220105825));
#5754 = CARTESIAN_POINT('',(6.289098805372,4.257926389307));
#5755 = CARTESIAN_POINT('',(6.289210019073,4.257632672792));
#5756 = CARTESIAN_POINT('',(6.28943244637,4.257045240163));
#5757 = CARTESIAN_POINT('',(6.289543659965,4.256751524048));
#5758 = CARTESIAN_POINT('',(6.289654873582,4.256457807937));
#5759 = CARTESIAN_POINT('',(6.289766087221,4.256164091829));
#5760 = CARTESIAN_POINT('',(6.289877300882,4.255870375724));
#5761 = CARTESIAN_POINT('',(6.289988514568,4.255576659624));
#5762 = CARTESIAN_POINT('',(6.290099728277,4.255282943527));
#5763 = CARTESIAN_POINT('',(6.29031065073,4.254725896145));
#5764 = CARTESIAN_POINT('',(6.29041035947,4.254462564859));
#5765 = CARTESIAN_POINT('',(6.29051006823,4.254199233577));
#5766 = CARTESIAN_POINT('',(6.290609777009,4.253935902298));
#5767 = CARTESIAN_POINT('',(6.29070948581,4.253672571022));
#5768 = CARTESIAN_POINT('',(6.290809194632,4.253409239749));
#5769 = CARTESIAN_POINT('',(6.290908903476,4.25314590848));
#5770 = CARTESIAN_POINT('',(6.447557692135,3.839436216077));
#5771 = CARTESIAN_POINT('',(6.601383699706,3.433334801663));
#5772 = CARTESIAN_POINT('',(6.756568210121,3.027775017045));
#5773 = CARTESIAN_POINT('',(6.91544210761,2.620130768942));
#5774 = CARTESIAN_POINT('',(7.079911920961,2.210086751319));
#5775 = CARTESIAN_POINT('',(7.251834542622,1.799279869034));
#5776 = CARTESIAN_POINT('',(7.433051873395,1.391803762366));
#5777 = CARTESIAN_POINT('',(7.653473378335,0.939481388413));
#5778 = CARTESIAN_POINT('',(7.681028689908,0.88364464949));
#5779 = CARTESIAN_POINT('',(7.708907803349,0.827895115584));
#5780 = CARTESIAN_POINT('',(7.737134905831,0.772230976078));
#5781 = CARTESIAN_POINT('',(7.765733366703,0.716657541451));
#5782 = CARTESIAN_POINT('',(7.794725895024,0.661187270222));
#5783 = CARTESIAN_POINT('',(7.824134697091,0.605839795888));
#5784 = CARTESIAN_POINT('',(7.853981633974,0.55064195387));
#5785 = ( GEOMETRIC_REPRESENTATION_CONTEXT(2) 
PARAMETRIC_REPRESENTATION_CONTEXT() REPRESENTATION_CONTEXT('2D SPACE',''
  ) );
#5786 = ADVANCED_FACE('',(#5787,#5897),#1418,.T.);
#5787 = FACE_BOUND('',#5788,.F.);
#5788 = EDGE_LOOP('',(#5789,#5830,#5853,#5892,#5893,#5894,#5895,#5896));
#5789 = ORIENTED_EDGE('',*,*,#5790,.F.);
#5790 = EDGE_CURVE('',#5791,#5264,#5793,.T.);
#5791 = VERTEX_POINT('',#5792);
#5792 = CARTESIAN_POINT('',(2.545517323506,9.5,0.300000189303));
#5793 = SURFACE_CURVE('',#5794,(#5804,#5817),.PCURVE_S1.);
#5794 = B_SPLINE_CURVE_WITH_KNOTS('',8,(#5795,#5796,#5797,#5798,#5799,
    #5800,#5801,#5802,#5803),.UNSPECIFIED.,.F.,.F.,(9,9),(0.,1.),
  .PIECEWISE_BEZIER_KNOTS.);
#5795 = CARTESIAN_POINT('',(2.545517323506,9.5,0.299999963409));
#5796 = CARTESIAN_POINT('',(2.545517319398,9.499999992884,0.241661394835
    ));
#5797 = CARTESIAN_POINT('',(2.538031789229,9.487034685009,0.182947031049
    ));
#5798 = CARTESIAN_POINT('',(2.522892191069,9.46081207766,0.12760474612)
  );
#5799 = CARTESIAN_POINT('',(2.500883834106,9.422560482672,
    7.911994352701E-02));
#5800 = CARTESIAN_POINT('',(2.473348435633,9.374324298151,
    4.035629782626E-02));
#5801 = CARTESIAN_POINT('',(2.442042961657,9.318903393301,
    1.353531775687E-02));
#5802 = CARTESIAN_POINT('',(2.408907913656,9.2596060687,
    5.800716195871E-09));
#5803 = CARTESIAN_POINT('',(2.375921073557,9.2,5.551115123126E-17));
#5804 = PCURVE('',#1418,#5805);
#5805 = DEFINITIONAL_REPRESENTATION('',(#5806),#5816);
#5806 = B_SPLINE_CURVE_WITH_KNOTS('',8,(#5807,#5808,#5809,#5810,#5811,
    #5812,#5813,#5814,#5815),.UNSPECIFIED.,.F.,.F.,(9,9),(0.,1.),
  .PIECEWISE_BEZIER_KNOTS.);
#5807 = CARTESIAN_POINT('',(-2.617993877991,-0.299999963409));
#5808 = CARTESIAN_POINT('',(-2.617993878424,-0.241661394835));
#5809 = CARTESIAN_POINT('',(-2.618781828677,-0.182947031049));
#5810 = CARTESIAN_POINT('',(-2.620375471823,-0.127604746121));
#5811 = CARTESIAN_POINT('',(-2.622698161775,-7.911994352559E-02));
#5812 = CARTESIAN_POINT('',(-2.625621386197,-4.03562978278E-02));
#5813 = CARTESIAN_POINT('',(-2.628971405376,-1.353531775589E-02));
#5814 = CARTESIAN_POINT('',(-2.632546490966,-5.801024660634E-09));
#5815 = CARTESIAN_POINT('',(-2.636132017058,-5.551115123126E-17));
#5816 = ( GEOMETRIC_REPRESENTATION_CONTEXT(2) 
PARAMETRIC_REPRESENTATION_CONTEXT() REPRESENTATION_CONTEXT('2D SPACE',''
  ) );
#5817 = PCURVE('',#5279,#5818);
#5818 = DEFINITIONAL_REPRESENTATION('',(#5819),#5829);
#5819 = B_SPLINE_CURVE_WITH_KNOTS('',8,(#5820,#5821,#5822,#5823,#5824,
    #5825,#5826,#5827,#5828),.UNSPECIFIED.,.F.,.F.,(9,9),(0.,1.),
  .PIECEWISE_BEZIER_KNOTS.);
#5820 = CARTESIAN_POINT('',(6.283185429151,25.728026724161));
#5821 = CARTESIAN_POINT('',(6.477647324395,25.728026728269));
#5822 = CARTESIAN_POINT('',(6.673359389538,25.735512258437));
#5823 = CARTESIAN_POINT('',(6.869054326975,25.750651856598));
#5824 = CARTESIAN_POINT('',(7.064845284442,25.772660213561));
#5825 = CARTESIAN_POINT('',(7.260942625323,25.800195612034));
#5826 = CARTESIAN_POINT('',(7.457638083479,25.831501086009));
#5827 = CARTESIAN_POINT('',(7.655294738308,25.864636134011));
#5828 = CARTESIAN_POINT('',(7.853981633974,25.897622974109));
#5829 = ( GEOMETRIC_REPRESENTATION_CONTEXT(2) 
PARAMETRIC_REPRESENTATION_CONTEXT() REPRESENTATION_CONTEXT('2D SPACE',''
  ) );
#5830 = ORIENTED_EDGE('',*,*,#5831,.T.);
#5831 = EDGE_CURVE('',#5791,#5832,#5834,.T.);
#5832 = VERTEX_POINT('',#5833);
#5833 = CARTESIAN_POINT('',(2.545517323506,9.5,1.808111842105));
#5834 = SURFACE_CURVE('',#5835,(#5839,#5846),.PCURVE_S1.);
#5835 = LINE('',#5836,#5837);
#5836 = CARTESIAN_POINT('',(2.545517323506,9.5,0.));
#5837 = VECTOR('',#5838,1.);
#5838 = DIRECTION('',(0.,0.,1.));
#5839 = PCURVE('',#1418,#5840);
#5840 = DEFINITIONAL_REPRESENTATION('',(#5841),#5845);
#5841 = LINE('',#5842,#5843);
#5842 = CARTESIAN_POINT('',(-2.617993877991,0.));
#5843 = VECTOR('',#5844,1.);
#5844 = DIRECTION('',(-0.,-1.));
#5845 = ( GEOMETRIC_REPRESENTATION_CONTEXT(2) 
PARAMETRIC_REPRESENTATION_CONTEXT() REPRESENTATION_CONTEXT('2D SPACE',''
  ) );
#5846 = PCURVE('',#5526,#5847);
#5847 = DEFINITIONAL_REPRESENTATION('',(#5848),#5852);
#5848 = LINE('',#5849,#5850);
#5849 = CARTESIAN_POINT('',(-4.440892098501E-16,0.));
#5850 = VECTOR('',#5851,1.);
#5851 = DIRECTION('',(0.,-1.));
#5852 = ( GEOMETRIC_REPRESENTATION_CONTEXT(2) 
PARAMETRIC_REPRESENTATION_CONTEXT() REPRESENTATION_CONTEXT('2D SPACE',''
  ) );
#5853 = ORIENTED_EDGE('',*,*,#5854,.F.);
#5854 = EDGE_CURVE('',#1375,#5832,#5855,.T.);
#5855 = SURFACE_CURVE('',#5856,(#5866,#5879),.PCURVE_S1.);
#5856 = B_SPLINE_CURVE_WITH_KNOTS('',8,(#5857,#5858,#5859,#5860,#5861,
    #5862,#5863,#5864,#5865),.UNSPECIFIED.,.F.,.F.,(9,9),(0.,1.),
  .PIECEWISE_BEZIER_KNOTS.);
#5857 = CARTESIAN_POINT('',(2.375921073557,9.2,2.108111842105));
#5858 = CARTESIAN_POINT('',(2.408907745833,9.259605765451,2.108111836305
    ));
#5859 = CARTESIAN_POINT('',(2.442042878128,9.318903248367,2.094576661966
    ));
#5860 = CARTESIAN_POINT('',(2.473348484169,9.374324387255,2.067755589864
    ));
#5861 = CARTESIAN_POINT('',(2.500883872371,9.422560545634,2.028991794894
    ));
#5862 = CARTESIAN_POINT('',(2.522892159609,9.46081202406,1.980507075673)
  );
#5863 = CARTESIAN_POINT('',(2.538031769701,9.487034651015,1.925164897157
    ));
#5864 = CARTESIAN_POINT('',(2.545517318512,9.49999999135,1.866450526361)
  );
#5865 = CARTESIAN_POINT('',(2.545517323506,9.5,1.808111886585));
#5866 = PCURVE('',#1418,#5867);
#5867 = DEFINITIONAL_REPRESENTATION('',(#5868),#5878);
#5868 = B_SPLINE_CURVE_WITH_KNOTS('',8,(#5869,#5870,#5871,#5872,#5873,
    #5874,#5875,#5876,#5877),.UNSPECIFIED.,.F.,.F.,(9,9),(0.,1.),
  .PIECEWISE_BEZIER_KNOTS.);
#5869 = CARTESIAN_POINT('',(-2.636132017058,-2.108111842105));
#5870 = CARTESIAN_POINT('',(-2.632546509208,-2.108111836304));
#5871 = CARTESIAN_POINT('',(-2.628971414179,-2.094576661967));
#5872 = CARTESIAN_POINT('',(-2.625621380859,-2.067755589863));
#5873 = CARTESIAN_POINT('',(-2.622698157899,-2.028991794895));
#5874 = CARTESIAN_POINT('',(-2.620375475094,-1.980507075672));
#5875 = CARTESIAN_POINT('',(-2.618781830741,-1.925164897157));
#5876 = CARTESIAN_POINT('',(-2.617993878517,-1.866450526361));
#5877 = CARTESIAN_POINT('',(-2.617993877991,-1.808111886585));
#5878 = ( GEOMETRIC_REPRESENTATION_CONTEXT(2) 
PARAMETRIC_REPRESENTATION_CONTEXT() REPRESENTATION_CONTEXT('2D SPACE',''
  ) );
#5879 = PCURVE('',#1390,#5880);
#5880 = DEFINITIONAL_REPRESENTATION('',(#5881),#5891);
#5881 = B_SPLINE_CURVE_WITH_KNOTS('',8,(#5882,#5883,#5884,#5885,#5886,
    #5887,#5888,#5889,#5890),.UNSPECIFIED.,.F.,.F.,(9,9),(0.,1.),
  .PIECEWISE_BEZIER_KNOTS.);
#5882 = CARTESIAN_POINT('',(4.712388980385,25.897622974109));
#5883 = CARTESIAN_POINT('',(4.91107486522,25.864636301834));
#5884 = CARTESIAN_POINT('',(5.1087320492,25.831501169539));
#5885 = CARTESIAN_POINT('',(5.305428096809,25.800195563498));
#5886 = CARTESIAN_POINT('',(5.501525610204,25.772660175296));
#5887 = CARTESIAN_POINT('',(5.69731630725,25.750651888058));
#5888 = CARTESIAN_POINT('',(5.893010937669,25.735512277965));
#5889 = CARTESIAN_POINT('',(6.088723026328,25.728026729155));
#5890 = CARTESIAN_POINT('',(6.283185158915,25.728026724161));
#5891 = ( GEOMETRIC_REPRESENTATION_CONTEXT(2) 
PARAMETRIC_REPRESENTATION_CONTEXT() REPRESENTATION_CONTEXT('2D SPACE',''
  ) );
#5892 = ORIENTED_EDGE('',*,*,#1401,.T.);
#5893 = ORIENTED_EDGE('',*,*,#5350,.T.);
#5894 = ORIENTED_EDGE('',*,*,#5417,.F.);
#5895 = ORIENTED_EDGE('',*,*,#5172,.T.);
#5896 = ORIENTED_EDGE('',*,*,#5291,.F.);
#5897 = FACE_BOUND('',#5898,.F.);
#5898 = EDGE_LOOP('',(#5899,#5927,#5956,#5980,#6006,#6039));
#5899 = ORIENTED_EDGE('',*,*,#5900,.F.);
#5900 = EDGE_CURVE('',#5901,#5903,#5905,.T.);
#5901 = VERTEX_POINT('',#5902);
#5902 = CARTESIAN_POINT('',(1.766312055796,-8.,1.064055921053));
#5903 = VERTEX_POINT('',#5904);
#5904 = CARTESIAN_POINT('',(1.766312055796,-8.,1.044055921053));
#5905 = SURFACE_CURVE('',#5906,(#5910,#5916),.PCURVE_S1.);
#5906 = LINE('',#5907,#5908);
#5907 = CARTESIAN_POINT('',(1.766312055796,-8.,0.));
#5908 = VECTOR('',#5909,1.);
#5909 = DIRECTION('',(-0.,-0.,-1.));
#5910 = PCURVE('',#1418,#5911);
#5911 = DEFINITIONAL_REPRESENTATION('',(#5912),#5915);
#5912 = B_SPLINE_CURVE_WITH_KNOTS('',1,(#5913,#5914),.UNSPECIFIED.,.F.,
  .F.,(2,2),(-1.066055921053,-1.042055921053),.PIECEWISE_BEZIER_KNOTS.);
#5913 = CARTESIAN_POINT('',(-3.576198179197,-1.066055921053));
#5914 = CARTESIAN_POINT('',(-3.576198179197,-1.042055921053));
#5915 = ( GEOMETRIC_REPRESENTATION_CONTEXT(2) 
PARAMETRIC_REPRESENTATION_CONTEXT() REPRESENTATION_CONTEXT('2D SPACE',''
  ) );
#5916 = PCURVE('',#5917,#5922);
#5917 = PLANE('',#5918);
#5918 = AXIS2_PLACEMENT_3D('',#5919,#5920,#5921);
#5919 = CARTESIAN_POINT('',(0.,-8.,1.064055921053));
#5920 = DIRECTION('',(0.,1.,0.));
#5921 = DIRECTION('',(0.,0.,-1.));
#5922 = DEFINITIONAL_REPRESENTATION('',(#5923),#5926);
#5923 = B_SPLINE_CURVE_WITH_KNOTS('',1,(#5924,#5925),.UNSPECIFIED.,.F.,
  .F.,(2,2),(-1.066055921053,-1.042055921053),.PIECEWISE_BEZIER_KNOTS.);
#5924 = CARTESIAN_POINT('',(-2.E-03,-1.766312055796));
#5925 = CARTESIAN_POINT('',(2.2E-02,-1.766312055796));
#5926 = ( GEOMETRIC_REPRESENTATION_CONTEXT(2) 
PARAMETRIC_REPRESENTATION_CONTEXT() REPRESENTATION_CONTEXT('2D SPACE',''
  ) );
#5927 = ORIENTED_EDGE('',*,*,#5928,.T.);
#5928 = EDGE_CURVE('',#5901,#5929,#5931,.T.);
#5929 = VERTEX_POINT('',#5930);
#5930 = CARTESIAN_POINT('',(0.,-4.176140130987E-04,1.064055921053));
#5931 = SURFACE_CURVE('',#5932,(#5937,#5944),.PCURVE_S1.);
#5932 = CIRCLE('',#5933,19.);
#5933 = AXIS2_PLACEMENT_3D('',#5934,#5935,#5936);
#5934 = CARTESIAN_POINT('',(18.99999999541,-3.174635872221E-27,
    1.064055921053));
#5935 = DIRECTION('',(0.,0.,-1.));
#5936 = DIRECTION('',(1.,0.,0.));
#5937 = PCURVE('',#1418,#5938);
#5938 = DEFINITIONAL_REPRESENTATION('',(#5939),#5943);
#5939 = LINE('',#5940,#5941);
#5940 = CARTESIAN_POINT('',(-6.28318530718,-1.064055921053));
#5941 = VECTOR('',#5942,1.);
#5942 = DIRECTION('',(1.,-0.));
#5943 = ( GEOMETRIC_REPRESENTATION_CONTEXT(2) 
PARAMETRIC_REPRESENTATION_CONTEXT() REPRESENTATION_CONTEXT('2D SPACE',''
  ) );
#5944 = PCURVE('',#5945,#5950);
#5945 = PLANE('',#5946);
#5946 = AXIS2_PLACEMENT_3D('',#5947,#5948,#5949);
#5947 = CARTESIAN_POINT('',(0.,8.,1.064055921053));
#5948 = DIRECTION('',(0.,0.,-1.));
#5949 = DIRECTION('',(0.,-1.,0.));
#5950 = DEFINITIONAL_REPRESENTATION('',(#5951),#5955);
#5951 = CIRCLE('',#5952,19.);
#5952 = AXIS2_PLACEMENT_2D('',#5953,#5954);
#5953 = CARTESIAN_POINT('',(8.,-18.99999999541));
#5954 = DIRECTION('',(0.,-1.));
#5955 = ( GEOMETRIC_REPRESENTATION_CONTEXT(2) 
PARAMETRIC_REPRESENTATION_CONTEXT() REPRESENTATION_CONTEXT('2D SPACE',''
  ) );
#5956 = ORIENTED_EDGE('',*,*,#5957,.T.);
#5957 = EDGE_CURVE('',#5929,#5958,#5960,.T.);
#5958 = VERTEX_POINT('',#5959);
#5959 = CARTESIAN_POINT('',(1.766312055796,8.,1.064055921053));
#5960 = SURFACE_CURVE('',#5961,(#5966,#5973),.PCURVE_S1.);
#5961 = CIRCLE('',#5962,19.);
#5962 = AXIS2_PLACEMENT_3D('',#5963,#5964,#5965);
#5963 = CARTESIAN_POINT('',(18.99999999541,-3.174635872221E-27,
    1.064055921053));
#5964 = DIRECTION('',(0.,0.,-1.));
#5965 = DIRECTION('',(1.,0.,0.));
#5966 = PCURVE('',#1418,#5967);
#5967 = DEFINITIONAL_REPRESENTATION('',(#5968),#5972);
#5968 = LINE('',#5969,#5970);
#5969 = CARTESIAN_POINT('',(-6.28318530718,-1.064055921053));
#5970 = VECTOR('',#5971,1.);
#5971 = DIRECTION('',(1.,-0.));
#5972 = ( GEOMETRIC_REPRESENTATION_CONTEXT(2) 
PARAMETRIC_REPRESENTATION_CONTEXT() REPRESENTATION_CONTEXT('2D SPACE',''
  ) );
#5973 = PCURVE('',#5945,#5974);
#5974 = DEFINITIONAL_REPRESENTATION('',(#5975),#5979);
#5975 = CIRCLE('',#5976,19.);
#5976 = AXIS2_PLACEMENT_2D('',#5977,#5978);
#5977 = CARTESIAN_POINT('',(8.,-18.99999999541));
#5978 = DIRECTION('',(0.,-1.));
#5979 = ( GEOMETRIC_REPRESENTATION_CONTEXT(2) 
PARAMETRIC_REPRESENTATION_CONTEXT() REPRESENTATION_CONTEXT('2D SPACE',''
  ) );
#5980 = ORIENTED_EDGE('',*,*,#5981,.T.);
#5981 = EDGE_CURVE('',#5958,#5982,#5984,.T.);
#5982 = VERTEX_POINT('',#5983);
#5983 = CARTESIAN_POINT('',(1.766312055796,8.,1.044055921053));
#5984 = SURFACE_CURVE('',#5985,(#5989,#5995),.PCURVE_S1.);
#5985 = LINE('',#5986,#5987);
#5986 = CARTESIAN_POINT('',(1.766312055796,8.,0.));
#5987 = VECTOR('',#5988,1.);
#5988 = DIRECTION('',(-0.,-0.,-1.));
#5989 = PCURVE('',#1418,#5990);
#5990 = DEFINITIONAL_REPRESENTATION('',(#5991),#5994);
#5991 = B_SPLINE_CURVE_WITH_KNOTS('',1,(#5992,#5993),.UNSPECIFIED.,.F.,
  .F.,(2,2),(-1.066055921053,-1.042055921053),.PIECEWISE_BEZIER_KNOTS.);
#5992 = CARTESIAN_POINT('',(-2.706987127982,-1.066055921053));
#5993 = CARTESIAN_POINT('',(-2.706987127982,-1.042055921053));
#5994 = ( GEOMETRIC_REPRESENTATION_CONTEXT(2) 
PARAMETRIC_REPRESENTATION_CONTEXT() REPRESENTATION_CONTEXT('2D SPACE',''
  ) );
#5995 = PCURVE('',#5996,#6001);
#5996 = PLANE('',#5997);
#5997 = AXIS2_PLACEMENT_3D('',#5998,#5999,#6000);
#5998 = CARTESIAN_POINT('',(0.,8.,1.044055921053));
#5999 = DIRECTION('',(0.,-1.,0.));
#6000 = DIRECTION('',(0.,0.,1.));
#6001 = DEFINITIONAL_REPRESENTATION('',(#6002),#6005);
#6002 = B_SPLINE_CURVE_WITH_KNOTS('',1,(#6003,#6004),.UNSPECIFIED.,.F.,
  .F.,(2,2),(-1.066055921053,-1.042055921053),.PIECEWISE_BEZIER_KNOTS.);
#6003 = CARTESIAN_POINT('',(2.2E-02,-1.766312055796));
#6004 = CARTESIAN_POINT('',(-2.E-03,-1.766312055796));
#6005 = ( GEOMETRIC_REPRESENTATION_CONTEXT(2) 
PARAMETRIC_REPRESENTATION_CONTEXT() REPRESENTATION_CONTEXT('2D SPACE',''
  ) );
#6006 = ORIENTED_EDGE('',*,*,#6007,.F.);
#6007 = EDGE_CURVE('',#6008,#5982,#6010,.T.);
#6008 = VERTEX_POINT('',#6009);
#6009 = CARTESIAN_POINT('',(0.,4.176140130996E-04,1.044055921053));
#6010 = SURFACE_CURVE('',#6011,(#6016,#6023),.PCURVE_S1.);
#6011 = CIRCLE('',#6012,19.);
#6012 = AXIS2_PLACEMENT_3D('',#6013,#6014,#6015);
#6013 = CARTESIAN_POINT('',(18.99999999541,-3.174635872221E-27,
    1.044055921053));
#6014 = DIRECTION('',(0.,0.,-1.));
#6015 = DIRECTION('',(1.,0.,0.));
#6016 = PCURVE('',#1418,#6017);
#6017 = DEFINITIONAL_REPRESENTATION('',(#6018),#6022);
#6018 = LINE('',#6019,#6020);
#6019 = CARTESIAN_POINT('',(-6.28318530718,-1.044055921053));
#6020 = VECTOR('',#6021,1.);
#6021 = DIRECTION('',(1.,-0.));
#6022 = ( GEOMETRIC_REPRESENTATION_CONTEXT(2) 
PARAMETRIC_REPRESENTATION_CONTEXT() REPRESENTATION_CONTEXT('2D SPACE',''
  ) );
#6023 = PCURVE('',#6024,#6029);
#6024 = PLANE('',#6025);
#6025 = AXIS2_PLACEMENT_3D('',#6026,#6027,#6028);
#6026 = CARTESIAN_POINT('',(0.,-8.,1.044055921053));
#6027 = DIRECTION('',(0.,0.,1.));
#6028 = DIRECTION('',(0.,1.,0.));
#6029 = DEFINITIONAL_REPRESENTATION('',(#6030),#6038);
#6030 = ( BOUNDED_CURVE() B_SPLINE_CURVE(2,(#6031,#6032,#6033,#6034,
#6035,#6036,#6037),.UNSPECIFIED.,.T.,.F.) B_SPLINE_CURVE_WITH_KNOTS((1,2
    ,2,2,2,1),(-2.094395102393,0.,2.094395102393,4.188790204786,
6.28318530718,8.377580409573),.UNSPECIFIED.) CURVE() 
GEOMETRIC_REPRESENTATION_ITEM() RATIONAL_B_SPLINE_CURVE((1.,0.5,1.,0.5,
1.,0.5,1.)) REPRESENTATION_ITEM('') );
#6031 = CARTESIAN_POINT('',(8.,-37.99999999541));
#6032 = CARTESIAN_POINT('',(-24.9089653438,-37.99999999541));
#6033 = CARTESIAN_POINT('',(-8.454482671904,-9.49999999541));
#6034 = CARTESIAN_POINT('',(8.,19.00000000459));
#6035 = CARTESIAN_POINT('',(24.454482671904,-9.49999999541));
#6036 = CARTESIAN_POINT('',(40.908965343809,-37.99999999541));
#6037 = CARTESIAN_POINT('',(8.,-37.99999999541));
#6038 = ( GEOMETRIC_REPRESENTATION_CONTEXT(2) 
PARAMETRIC_REPRESENTATION_CONTEXT() REPRESENTATION_CONTEXT('2D SPACE',''
  ) );
#6039 = ORIENTED_EDGE('',*,*,#6040,.F.);
#6040 = EDGE_CURVE('',#5903,#6008,#6041,.T.);
#6041 = SURFACE_CURVE('',#6042,(#6047,#6054),.PCURVE_S1.);
#6042 = CIRCLE('',#6043,19.);
#6043 = AXIS2_PLACEMENT_3D('',#6044,#6045,#6046);
#6044 = CARTESIAN_POINT('',(18.99999999541,-3.174635872221E-27,
    1.044055921053));
#6045 = DIRECTION('',(0.,0.,-1.));
#6046 = DIRECTION('',(1.,0.,0.));
#6047 = PCURVE('',#1418,#6048);
#6048 = DEFINITIONAL_REPRESENTATION('',(#6049),#6053);
#6049 = LINE('',#6050,#6051);
#6050 = CARTESIAN_POINT('',(-6.28318530718,-1.044055921053));
#6051 = VECTOR('',#6052,1.);
#6052 = DIRECTION('',(1.,-0.));
#6053 = ( GEOMETRIC_REPRESENTATION_CONTEXT(2) 
PARAMETRIC_REPRESENTATION_CONTEXT() REPRESENTATION_CONTEXT('2D SPACE',''
  ) );
#6054 = PCURVE('',#6024,#6055);
#6055 = DEFINITIONAL_REPRESENTATION('',(#6056),#6064);
#6056 = ( BOUNDED_CURVE() B_SPLINE_CURVE(2,(#6057,#6058,#6059,#6060,
#6061,#6062,#6063),.UNSPECIFIED.,.T.,.F.) B_SPLINE_CURVE_WITH_KNOTS((1,2
    ,2,2,2,1),(-2.094395102393,0.,2.094395102393,4.188790204786,
6.28318530718,8.377580409573),.UNSPECIFIED.) CURVE() 
GEOMETRIC_REPRESENTATION_ITEM() RATIONAL_B_SPLINE_CURVE((1.,0.5,1.,0.5,
1.,0.5,1.)) REPRESENTATION_ITEM('') );
#6057 = CARTESIAN_POINT('',(8.,-37.99999999541));
#6058 = CARTESIAN_POINT('',(-24.9089653438,-37.99999999541));
#6059 = CARTESIAN_POINT('',(-8.454482671904,-9.49999999541));
#6060 = CARTESIAN_POINT('',(8.,19.00000000459));
#6061 = CARTESIAN_POINT('',(24.454482671904,-9.49999999541));
#6062 = CARTESIAN_POINT('',(40.908965343809,-37.99999999541));
#6063 = CARTESIAN_POINT('',(8.,-37.99999999541));
#6064 = ( GEOMETRIC_REPRESENTATION_CONTEXT(2) 
PARAMETRIC_REPRESENTATION_CONTEXT() REPRESENTATION_CONTEXT('2D SPACE',''
  ) );
#6065 = ADVANCED_FACE('',(#6066),#1390,.T.);
#6066 = FACE_BOUND('',#6067,.T.);
#6067 = EDGE_LOOP('',(#6068,#6069,#6070,#6091));
#6068 = ORIENTED_EDGE('',*,*,#1374,.F.);
#6069 = ORIENTED_EDGE('',*,*,#5448,.T.);
#6070 = ORIENTED_EDGE('',*,*,#6071,.T.);
#6071 = EDGE_CURVE('',#5449,#5832,#6072,.T.);
#6072 = SURFACE_CURVE('',#6073,(#6077,#6084),.PCURVE_S1.);
#6073 = LINE('',#6074,#6075);
#6074 = CARTESIAN_POINT('',(28.273544047667,9.5,1.808111842105));
#6075 = VECTOR('',#6076,1.);
#6076 = DIRECTION('',(-1.,0.,0.));
#6077 = PCURVE('',#1390,#6078);
#6078 = DEFINITIONAL_REPRESENTATION('',(#6079),#6083);
#6079 = LINE('',#6080,#6081);
#6080 = CARTESIAN_POINT('',(6.28318530718,0.));
#6081 = VECTOR('',#6082,1.);
#6082 = DIRECTION('',(0.,1.));
#6083 = ( GEOMETRIC_REPRESENTATION_CONTEXT(2) 
PARAMETRIC_REPRESENTATION_CONTEXT() REPRESENTATION_CONTEXT('2D SPACE',''
  ) );
#6084 = PCURVE('',#5526,#6085);
#6085 = DEFINITIONAL_REPRESENTATION('',(#6086),#6090);
#6086 = LINE('',#6087,#6088);
#6087 = CARTESIAN_POINT('',(25.728026724161,-1.808111842105));
#6088 = VECTOR('',#6089,1.);
#6089 = DIRECTION('',(-1.,0.));
#6090 = ( GEOMETRIC_REPRESENTATION_CONTEXT(2) 
PARAMETRIC_REPRESENTATION_CONTEXT() REPRESENTATION_CONTEXT('2D SPACE',''
  ) );
#6091 = ORIENTED_EDGE('',*,*,#5854,.F.);
#6092 = ADVANCED_FACE('',(#6093),#1497,.F.);
#6093 = FACE_BOUND('',#6094,.F.);
#6094 = EDGE_LOOP('',(#6095,#6125,#6146,#6147));
#6095 = ORIENTED_EDGE('',*,*,#6096,.F.);
#6096 = EDGE_CURVE('',#6097,#6099,#6101,.T.);
#6097 = VERTEX_POINT('',#6098);
#6098 = CARTESIAN_POINT('',(3.413057324841,-2.43949044586,2.008111842105
    ));
#6099 = VERTEX_POINT('',#6100);
#6100 = CARTESIAN_POINT('',(3.25,-2.43949044586,2.008111842105));
#6101 = SURFACE_CURVE('',#6102,(#6106,#6113),.PCURVE_S1.);
#6102 = LINE('',#6103,#6104);
#6103 = CARTESIAN_POINT('',(3.413057324841,-2.43949044586,2.008111842105
    ));
#6104 = VECTOR('',#6105,1.);
#6105 = DIRECTION('',(-1.,-2.22044604925E-16,0.));
#6106 = PCURVE('',#1497,#6107);
#6107 = DEFINITIONAL_REPRESENTATION('',(#6108),#6112);
#6108 = LINE('',#6109,#6110);
#6109 = CARTESIAN_POINT('',(0.,0.));
#6110 = VECTOR('',#6111,1.);
#6111 = DIRECTION('',(1.,0.));
#6112 = ( GEOMETRIC_REPRESENTATION_CONTEXT(2) 
PARAMETRIC_REPRESENTATION_CONTEXT() REPRESENTATION_CONTEXT('2D SPACE',''
  ) );
#6113 = PCURVE('',#6114,#6119);
#6114 = PLANE('',#6115);
#6115 = AXIS2_PLACEMENT_3D('',#6116,#6117,#6118);
#6116 = CARTESIAN_POINT('',(3.913262993474,-2.001762683868,
    2.008111842105));
#6117 = DIRECTION('',(0.,0.,1.));
#6118 = DIRECTION('',(2.22044604925E-16,-1.,0.));
#6119 = DEFINITIONAL_REPRESENTATION('',(#6120),#6124);
#6120 = LINE('',#6121,#6122);
#6121 = CARTESIAN_POINT('',(0.437727761992,-0.500205668633));
#6122 = VECTOR('',#6123,1.);
#6123 = DIRECTION('',(0.,-1.));
#6124 = ( GEOMETRIC_REPRESENTATION_CONTEXT(2) 
PARAMETRIC_REPRESENTATION_CONTEXT() REPRESENTATION_CONTEXT('2D SPACE',''
  ) );
#6125 = ORIENTED_EDGE('',*,*,#6126,.T.);
#6126 = EDGE_CURVE('',#6097,#1483,#6127,.T.);
#6127 = SURFACE_CURVE('',#6128,(#6132,#6139),.PCURVE_S1.);
#6128 = LINE('',#6129,#6130);
#6129 = CARTESIAN_POINT('',(3.413057324841,-2.43949044586,2.008111842105
    ));
#6130 = VECTOR('',#6131,1.);
#6131 = DIRECTION('',(0.,0.,1.));
#6132 = PCURVE('',#1497,#6133);
#6133 = DEFINITIONAL_REPRESENTATION('',(#6134),#6138);
#6134 = LINE('',#6135,#6136);
#6135 = CARTESIAN_POINT('',(0.,0.));
#6136 = VECTOR('',#6137,1.);
#6137 = DIRECTION('',(0.,-1.));
#6138 = ( GEOMETRIC_REPRESENTATION_CONTEXT(2) 
PARAMETRIC_REPRESENTATION_CONTEXT() REPRESENTATION_CONTEXT('2D SPACE',''
  ) );
#6139 = PCURVE('',#2353,#6140);
#6140 = DEFINITIONAL_REPRESENTATION('',(#6141),#6145);
#6141 = LINE('',#6142,#6143);
#6142 = CARTESIAN_POINT('',(0.687261146497,0.));
#6143 = VECTOR('',#6144,1.);
#6144 = DIRECTION('',(0.,-1.));
#6145 = ( GEOMETRIC_REPRESENTATION_CONTEXT(2) 
PARAMETRIC_REPRESENTATION_CONTEXT() REPRESENTATION_CONTEXT('2D SPACE',''
  ) );
#6146 = ORIENTED_EDGE('',*,*,#1480,.F.);
#6147 = ORIENTED_EDGE('',*,*,#6148,.F.);
#6148 = EDGE_CURVE('',#6099,#1481,#6149,.T.);
#6149 = SURFACE_CURVE('',#6150,(#6154,#6161),.PCURVE_S1.);
#6150 = LINE('',#6151,#6152);
#6151 = CARTESIAN_POINT('',(3.25,-2.43949044586,2.008111842105));
#6152 = VECTOR('',#6153,1.);
#6153 = DIRECTION('',(0.,0.,1.));
#6154 = PCURVE('',#1497,#6155);
#6155 = DEFINITIONAL_REPRESENTATION('',(#6156),#6160);
#6156 = LINE('',#6157,#6158);
#6157 = CARTESIAN_POINT('',(0.163057324841,-0.));
#6158 = VECTOR('',#6159,1.);
#6159 = DIRECTION('',(0.,-1.));
#6160 = ( GEOMETRIC_REPRESENTATION_CONTEXT(2) 
PARAMETRIC_REPRESENTATION_CONTEXT() REPRESENTATION_CONTEXT('2D SPACE',''
  ) );
#6161 = PCURVE('',#1523,#6162);
#6162 = DEFINITIONAL_REPRESENTATION('',(#6163),#6167);
#6163 = LINE('',#6164,#6165);
#6164 = CARTESIAN_POINT('',(0.,0.));
#6165 = VECTOR('',#6166,1.);
#6166 = DIRECTION('',(0.,-1.));
#6167 = ( GEOMETRIC_REPRESENTATION_CONTEXT(2) 
PARAMETRIC_REPRESENTATION_CONTEXT() REPRESENTATION_CONTEXT('2D SPACE',''
  ) );
#6168 = ADVANCED_FACE('',(#6169),#1523,.F.);
#6169 = FACE_BOUND('',#6170,.F.);
#6170 = EDGE_LOOP('',(#6171,#6194,#6195,#6196));
#6171 = ORIENTED_EDGE('',*,*,#6172,.F.);
#6172 = EDGE_CURVE('',#6099,#6173,#6175,.T.);
#6173 = VERTEX_POINT('',#6174);
#6174 = CARTESIAN_POINT('',(3.25,-1.513375796178,2.008111842105));
#6175 = SURFACE_CURVE('',#6176,(#6180,#6187),.PCURVE_S1.);
#6176 = LINE('',#6177,#6178);
#6177 = CARTESIAN_POINT('',(3.25,-2.43949044586,2.008111842105));
#6178 = VECTOR('',#6179,1.);
#6179 = DIRECTION('',(-2.22044604925E-16,1.,0.));
#6180 = PCURVE('',#1523,#6181);
#6181 = DEFINITIONAL_REPRESENTATION('',(#6182),#6186);
#6182 = LINE('',#6183,#6184);
#6183 = CARTESIAN_POINT('',(0.,0.));
#6184 = VECTOR('',#6185,1.);
#6185 = DIRECTION('',(1.,0.));
#6186 = ( GEOMETRIC_REPRESENTATION_CONTEXT(2) 
PARAMETRIC_REPRESENTATION_CONTEXT() REPRESENTATION_CONTEXT('2D SPACE',''
  ) );
#6187 = PCURVE('',#6114,#6188);
#6188 = DEFINITIONAL_REPRESENTATION('',(#6189),#6193);
#6189 = LINE('',#6190,#6191);
#6190 = CARTESIAN_POINT('',(0.437727761992,-0.663262993474));
#6191 = VECTOR('',#6192,1.);
#6192 = DIRECTION('',(-1.,0.));
#6193 = ( GEOMETRIC_REPRESENTATION_CONTEXT(2) 
PARAMETRIC_REPRESENTATION_CONTEXT() REPRESENTATION_CONTEXT('2D SPACE',''
  ) );
#6194 = ORIENTED_EDGE('',*,*,#6148,.T.);
#6195 = ORIENTED_EDGE('',*,*,#1508,.F.);
#6196 = ORIENTED_EDGE('',*,*,#6197,.F.);
#6197 = EDGE_CURVE('',#6173,#1509,#6198,.T.);
#6198 = SURFACE_CURVE('',#6199,(#6203,#6210),.PCURVE_S1.);
#6199 = LINE('',#6200,#6201);
#6200 = CARTESIAN_POINT('',(3.25,-1.513375796178,2.008111842105));
#6201 = VECTOR('',#6202,1.);
#6202 = DIRECTION('',(0.,0.,1.));
#6203 = PCURVE('',#1523,#6204);
#6204 = DEFINITIONAL_REPRESENTATION('',(#6205),#6209);
#6205 = LINE('',#6206,#6207);
#6206 = CARTESIAN_POINT('',(0.926114649682,0.));
#6207 = VECTOR('',#6208,1.);
#6208 = DIRECTION('',(0.,-1.));
#6209 = ( GEOMETRIC_REPRESENTATION_CONTEXT(2) 
PARAMETRIC_REPRESENTATION_CONTEXT() REPRESENTATION_CONTEXT('2D SPACE',''
  ) );
#6210 = PCURVE('',#1560,#6211);
#6211 = DEFINITIONAL_REPRESENTATION('',(#6212),#6216);
#6212 = LINE('',#6213,#6214);
#6213 = CARTESIAN_POINT('',(0.,0.));
#6214 = VECTOR('',#6215,1.);
#6215 = DIRECTION('',(0.,-1.));
#6216 = ( GEOMETRIC_REPRESENTATION_CONTEXT(2) 
PARAMETRIC_REPRESENTATION_CONTEXT() REPRESENTATION_CONTEXT('2D SPACE',''
  ) );
#6217 = ADVANCED_FACE('',(#6218),#2353,.F.);
#6218 = FACE_BOUND('',#6219,.F.);
#6219 = EDGE_LOOP('',(#6220,#6243,#6264,#6265));
#6220 = ORIENTED_EDGE('',*,*,#6221,.F.);
#6221 = EDGE_CURVE('',#6222,#6097,#6224,.T.);
#6222 = VERTEX_POINT('',#6223);
#6223 = CARTESIAN_POINT('',(3.413057324841,-1.752229299363,
    2.008111842105));
#6224 = SURFACE_CURVE('',#6225,(#6229,#6236),.PCURVE_S1.);
#6225 = LINE('',#6226,#6227);
#6226 = CARTESIAN_POINT('',(3.413057324841,-1.752229299363,
    2.008111842105));
#6227 = VECTOR('',#6228,1.);
#6228 = DIRECTION('',(2.22044604925E-16,-1.,0.));
#6229 = PCURVE('',#2353,#6230);
#6230 = DEFINITIONAL_REPRESENTATION('',(#6231),#6235);
#6231 = LINE('',#6232,#6233);
#6232 = CARTESIAN_POINT('',(0.,0.));
#6233 = VECTOR('',#6234,1.);
#6234 = DIRECTION('',(1.,0.));
#6235 = ( GEOMETRIC_REPRESENTATION_CONTEXT(2) 
PARAMETRIC_REPRESENTATION_CONTEXT() REPRESENTATION_CONTEXT('2D SPACE',''
  ) );
#6236 = PCURVE('',#6114,#6237);
#6237 = DEFINITIONAL_REPRESENTATION('',(#6238),#6242);
#6238 = LINE('',#6239,#6240);
#6239 = CARTESIAN_POINT('',(-0.249533384505,-0.500205668633));
#6240 = VECTOR('',#6241,1.);
#6241 = DIRECTION('',(1.,0.));
#6242 = ( GEOMETRIC_REPRESENTATION_CONTEXT(2) 
PARAMETRIC_REPRESENTATION_CONTEXT() REPRESENTATION_CONTEXT('2D SPACE',''
  ) );
#6243 = ORIENTED_EDGE('',*,*,#6244,.T.);
#6244 = EDGE_CURVE('',#6222,#2305,#6245,.T.);
#6245 = SURFACE_CURVE('',#6246,(#6250,#6257),.PCURVE_S1.);
#6246 = LINE('',#6247,#6248);
#6247 = CARTESIAN_POINT('',(3.413057324841,-1.752229299363,
    2.008111842105));
#6248 = VECTOR('',#6249,1.);
#6249 = DIRECTION('',(0.,0.,1.));
#6250 = PCURVE('',#2353,#6251);
#6251 = DEFINITIONAL_REPRESENTATION('',(#6252),#6256);
#6252 = LINE('',#6253,#6254);
#6253 = CARTESIAN_POINT('',(0.,0.));
#6254 = VECTOR('',#6255,1.);
#6255 = DIRECTION('',(0.,-1.));
#6256 = ( GEOMETRIC_REPRESENTATION_CONTEXT(2) 
PARAMETRIC_REPRESENTATION_CONTEXT() REPRESENTATION_CONTEXT('2D SPACE',''
  ) );
#6257 = PCURVE('',#2324,#6258);
#6258 = DEFINITIONAL_REPRESENTATION('',(#6259),#6263);
#6259 = LINE('',#6260,#6261);
#6260 = CARTESIAN_POINT('',(1.,0.));
#6261 = VECTOR('',#6262,1.);
#6262 = DIRECTION('',(0.,-1.));
#6263 = ( GEOMETRIC_REPRESENTATION_CONTEXT(2) 
PARAMETRIC_REPRESENTATION_CONTEXT() REPRESENTATION_CONTEXT('2D SPACE',''
  ) );
#6264 = ORIENTED_EDGE('',*,*,#2340,.F.);
#6265 = ORIENTED_EDGE('',*,*,#6126,.F.);
#6266 = ADVANCED_FACE('',(#6267),#1560,.F.);
#6267 = FACE_BOUND('',#6268,.F.);
#6268 = EDGE_LOOP('',(#6269,#6292,#6293,#6294));
#6269 = ORIENTED_EDGE('',*,*,#6270,.F.);
#6270 = EDGE_CURVE('',#6173,#6271,#6273,.T.);
#6271 = VERTEX_POINT('',#6272);
#6272 = CARTESIAN_POINT('',(3.370382165605,-1.533757961783,
    2.008111842105));
#6273 = SURFACE_CURVE('',#6274,(#6278,#6285),.PCURVE_S1.);
#6274 = B_SPLINE_CURVE_WITH_KNOTS('',2,(#6275,#6276,#6277),
  .UNSPECIFIED.,.F.,.F.,(3,3),(0.,1.),.PIECEWISE_BEZIER_KNOTS.);
#6275 = CARTESIAN_POINT('',(3.25,-1.513375796178,2.008111842105));
#6276 = CARTESIAN_POINT('',(3.312420382166,-1.511464968153,
    2.008111842105));
#6277 = CARTESIAN_POINT('',(3.370382165605,-1.533757961783,
    2.008111842105));
#6278 = PCURVE('',#1560,#6279);
#6279 = DEFINITIONAL_REPRESENTATION('',(#6280),#6284);
#6280 = LINE('',#6281,#6282);
#6281 = CARTESIAN_POINT('',(0.,0.));
#6282 = VECTOR('',#6283,1.);
#6283 = DIRECTION('',(1.,0.));
#6284 = ( GEOMETRIC_REPRESENTATION_CONTEXT(2) 
PARAMETRIC_REPRESENTATION_CONTEXT() REPRESENTATION_CONTEXT('2D SPACE',''
  ) );
#6285 = PCURVE('',#6114,#6286);
#6286 = DEFINITIONAL_REPRESENTATION('',(#6287),#6291);
#6287 = B_SPLINE_CURVE_WITH_KNOTS('',2,(#6288,#6289,#6290),
  .UNSPECIFIED.,.F.,.F.,(3,3),(0.,1.),.PIECEWISE_BEZIER_KNOTS.);
#6288 = CARTESIAN_POINT('',(-0.48838688769,-0.663262993474));
#6289 = CARTESIAN_POINT('',(-0.490297715715,-0.600842611308));
#6290 = CARTESIAN_POINT('',(-0.468004722085,-0.542880827869));
#6291 = ( GEOMETRIC_REPRESENTATION_CONTEXT(2) 
PARAMETRIC_REPRESENTATION_CONTEXT() REPRESENTATION_CONTEXT('2D SPACE',''
  ) );
#6292 = ORIENTED_EDGE('',*,*,#6197,.T.);
#6293 = ORIENTED_EDGE('',*,*,#1534,.F.);
#6294 = ORIENTED_EDGE('',*,*,#6295,.F.);
#6295 = EDGE_CURVE('',#6271,#1535,#6296,.T.);
#6296 = SURFACE_CURVE('',#6297,(#6301,#6308),.PCURVE_S1.);
#6297 = LINE('',#6298,#6299);
#6298 = CARTESIAN_POINT('',(3.370382165605,-1.533757961783,
    2.008111842105));
#6299 = VECTOR('',#6300,1.);
#6300 = DIRECTION('',(0.,0.,1.));
#6301 = PCURVE('',#1560,#6302);
#6302 = DEFINITIONAL_REPRESENTATION('',(#6303),#6307);
#6303 = LINE('',#6304,#6305);
#6304 = CARTESIAN_POINT('',(1.,0.));
#6305 = VECTOR('',#6306,1.);
#6306 = DIRECTION('',(0.,-1.));
#6307 = ( GEOMETRIC_REPRESENTATION_CONTEXT(2) 
PARAMETRIC_REPRESENTATION_CONTEXT() REPRESENTATION_CONTEXT('2D SPACE',''
  ) );
#6308 = PCURVE('',#1599,#6309);
#6309 = DEFINITIONAL_REPRESENTATION('',(#6310),#6314);
#6310 = LINE('',#6311,#6312);
#6311 = CARTESIAN_POINT('',(0.,0.));
#6312 = VECTOR('',#6313,1.);
#6313 = DIRECTION('',(0.,-1.));
#6314 = ( GEOMETRIC_REPRESENTATION_CONTEXT(2) 
PARAMETRIC_REPRESENTATION_CONTEXT() REPRESENTATION_CONTEXT('2D SPACE',''
  ) );
#6315 = ADVANCED_FACE('',(#6316),#2324,.F.);
#6316 = FACE_BOUND('',#6317,.F.);
#6317 = EDGE_LOOP('',(#6318,#6341,#6362,#6363));
#6318 = ORIENTED_EDGE('',*,*,#6319,.F.);
#6319 = EDGE_CURVE('',#6320,#6222,#6322,.T.);
#6320 = VERTEX_POINT('',#6321);
#6321 = CARTESIAN_POINT('',(3.508598726115,-1.824840764331,
    2.008111842105));
#6322 = SURFACE_CURVE('',#6323,(#6327,#6334),.PCURVE_S1.);
#6323 = B_SPLINE_CURVE_WITH_KNOTS('',2,(#6324,#6325,#6326),
  .UNSPECIFIED.,.F.,.F.,(3,3),(0.,1.),.PIECEWISE_BEZIER_KNOTS.);
#6324 = CARTESIAN_POINT('',(3.508598726115,-1.824840764331,
    2.008111842105));
#6325 = CARTESIAN_POINT('',(3.461464968153,-1.780891719745,
    2.008111842105));
#6326 = CARTESIAN_POINT('',(3.413057324841,-1.752229299363,
    2.008111842105));
#6327 = PCURVE('',#2324,#6328);
#6328 = DEFINITIONAL_REPRESENTATION('',(#6329),#6333);
#6329 = LINE('',#6330,#6331);
#6330 = CARTESIAN_POINT('',(0.,0.));
#6331 = VECTOR('',#6332,1.);
#6332 = DIRECTION('',(1.,0.));
#6333 = ( GEOMETRIC_REPRESENTATION_CONTEXT(2) 
PARAMETRIC_REPRESENTATION_CONTEXT() REPRESENTATION_CONTEXT('2D SPACE',''
  ) );
#6334 = PCURVE('',#6114,#6335);
#6335 = DEFINITIONAL_REPRESENTATION('',(#6336),#6340);
#6336 = B_SPLINE_CURVE_WITH_KNOTS('',2,(#6337,#6338,#6339),
  .UNSPECIFIED.,.F.,.F.,(3,3),(0.,1.),.PIECEWISE_BEZIER_KNOTS.);
#6337 = CARTESIAN_POINT('',(-0.176921919537,-0.404664267359));
#6338 = CARTESIAN_POINT('',(-0.220870964123,-0.451798025321));
#6339 = CARTESIAN_POINT('',(-0.249533384505,-0.500205668633));
#6340 = ( GEOMETRIC_REPRESENTATION_CONTEXT(2) 
PARAMETRIC_REPRESENTATION_CONTEXT() REPRESENTATION_CONTEXT('2D SPACE',''
  ) );
#6341 = ORIENTED_EDGE('',*,*,#6342,.T.);
#6342 = EDGE_CURVE('',#6320,#2263,#6343,.T.);
#6343 = SURFACE_CURVE('',#6344,(#6348,#6355),.PCURVE_S1.);
#6344 = LINE('',#6345,#6346);
#6345 = CARTESIAN_POINT('',(3.508598726115,-1.824840764331,
    2.008111842105));
#6346 = VECTOR('',#6347,1.);
#6347 = DIRECTION('',(0.,0.,1.));
#6348 = PCURVE('',#2324,#6349);
#6349 = DEFINITIONAL_REPRESENTATION('',(#6350),#6354);
#6350 = LINE('',#6351,#6352);
#6351 = CARTESIAN_POINT('',(0.,0.));
#6352 = VECTOR('',#6353,1.);
#6353 = DIRECTION('',(0.,-1.));
#6354 = ( GEOMETRIC_REPRESENTATION_CONTEXT(2) 
PARAMETRIC_REPRESENTATION_CONTEXT() REPRESENTATION_CONTEXT('2D SPACE',''
  ) );
#6355 = PCURVE('',#2286,#6356);
#6356 = DEFINITIONAL_REPRESENTATION('',(#6357),#6361);
#6357 = LINE('',#6358,#6359);
#6358 = CARTESIAN_POINT('',(1.,0.));
#6359 = VECTOR('',#6360,1.);
#6360 = DIRECTION('',(0.,-1.));
#6361 = ( GEOMETRIC_REPRESENTATION_CONTEXT(2) 
PARAMETRIC_REPRESENTATION_CONTEXT() REPRESENTATION_CONTEXT('2D SPACE',''
  ) );
#6362 = ORIENTED_EDGE('',*,*,#2304,.F.);
#6363 = ORIENTED_EDGE('',*,*,#6244,.F.);
#6364 = ADVANCED_FACE('',(#6365),#1599,.F.);
#6365 = FACE_BOUND('',#6366,.F.);
#6366 = EDGE_LOOP('',(#6367,#6390,#6391,#6392));
#6367 = ORIENTED_EDGE('',*,*,#6368,.F.);
#6368 = EDGE_CURVE('',#6271,#6369,#6371,.T.);
#6369 = VERTEX_POINT('',#6370);
#6370 = CARTESIAN_POINT('',(3.558280254777,-1.646496815287,
    2.008111842105));
#6371 = SURFACE_CURVE('',#6372,(#6376,#6383),.PCURVE_S1.);
#6372 = B_SPLINE_CURVE_WITH_KNOTS('',2,(#6373,#6374,#6375),
  .UNSPECIFIED.,.F.,.F.,(3,3),(0.,1.),.PIECEWISE_BEZIER_KNOTS.);
#6373 = CARTESIAN_POINT('',(3.370382165605,-1.533757961783,
    2.008111842105));
#6374 = CARTESIAN_POINT('',(3.465923566879,-1.568789808917,
    2.008111842105));
#6375 = CARTESIAN_POINT('',(3.558280254777,-1.646496815287,
    2.008111842105));
#6376 = PCURVE('',#1599,#6377);
#6377 = DEFINITIONAL_REPRESENTATION('',(#6378),#6382);
#6378 = LINE('',#6379,#6380);
#6379 = CARTESIAN_POINT('',(0.,0.));
#6380 = VECTOR('',#6381,1.);
#6381 = DIRECTION('',(1.,0.));
#6382 = ( GEOMETRIC_REPRESENTATION_CONTEXT(2) 
PARAMETRIC_REPRESENTATION_CONTEXT() REPRESENTATION_CONTEXT('2D SPACE',''
  ) );
#6383 = PCURVE('',#6114,#6384);
#6384 = DEFINITIONAL_REPRESENTATION('',(#6385),#6389);
#6385 = B_SPLINE_CURVE_WITH_KNOTS('',2,(#6386,#6387,#6388),
  .UNSPECIFIED.,.F.,.F.,(3,3),(0.,1.),.PIECEWISE_BEZIER_KNOTS.);
#6386 = CARTESIAN_POINT('',(-0.468004722085,-0.542880827869));
#6387 = CARTESIAN_POINT('',(-0.432972874951,-0.447339426595));
#6388 = CARTESIAN_POINT('',(-0.355265868581,-0.354982738697));
#6389 = ( GEOMETRIC_REPRESENTATION_CONTEXT(2) 
PARAMETRIC_REPRESENTATION_CONTEXT() REPRESENTATION_CONTEXT('2D SPACE',''
  ) );
#6390 = ORIENTED_EDGE('',*,*,#6295,.T.);
#6391 = ORIENTED_EDGE('',*,*,#1579,.F.);
#6392 = ORIENTED_EDGE('',*,*,#6393,.F.);
#6393 = EDGE_CURVE('',#6369,#1580,#6394,.T.);
#6394 = SURFACE_CURVE('',#6395,(#6399,#6406),.PCURVE_S1.);
#6395 = LINE('',#6396,#6397);
#6396 = CARTESIAN_POINT('',(3.558280254777,-1.646496815287,
    2.008111842105));
#6397 = VECTOR('',#6398,1.);
#6398 = DIRECTION('',(0.,0.,1.));
#6399 = PCURVE('',#1599,#6400);
#6400 = DEFINITIONAL_REPRESENTATION('',(#6401),#6405);
#6401 = LINE('',#6402,#6403);
#6402 = CARTESIAN_POINT('',(1.,0.));
#6403 = VECTOR('',#6404,1.);
#6404 = DIRECTION('',(0.,-1.));
#6405 = ( GEOMETRIC_REPRESENTATION_CONTEXT(2) 
PARAMETRIC_REPRESENTATION_CONTEXT() REPRESENTATION_CONTEXT('2D SPACE',''
  ) );
#6406 = PCURVE('',#1637,#6407);
#6407 = DEFINITIONAL_REPRESENTATION('',(#6408),#6412);
#6408 = LINE('',#6409,#6410);
#6409 = CARTESIAN_POINT('',(0.,0.));
#6410 = VECTOR('',#6411,1.);
#6411 = DIRECTION('',(0.,-1.));
#6412 = ( GEOMETRIC_REPRESENTATION_CONTEXT(2) 
PARAMETRIC_REPRESENTATION_CONTEXT() REPRESENTATION_CONTEXT('2D SPACE',''
  ) );
#6413 = ADVANCED_FACE('',(#6414),#2286,.F.);
#6414 = FACE_BOUND('',#6415,.F.);
#6415 = EDGE_LOOP('',(#6416,#6439,#6460,#6461));
#6416 = ORIENTED_EDGE('',*,*,#6417,.F.);
#6417 = EDGE_CURVE('',#6418,#6320,#6420,.T.);
#6418 = VERTEX_POINT('',#6419);
#6419 = CARTESIAN_POINT('',(3.690127388535,-2.023566878981,
    2.008111842105));
#6420 = SURFACE_CURVE('',#6421,(#6425,#6432),.PCURVE_S1.);
#6421 = B_SPLINE_CURVE_WITH_KNOTS('',2,(#6422,#6423,#6424),
  .UNSPECIFIED.,.F.,.F.,(3,3),(0.,1.),.PIECEWISE_BEZIER_KNOTS.);
#6422 = CARTESIAN_POINT('',(3.690127388535,-2.023566878981,
    2.008111842105));
#6423 = CARTESIAN_POINT('',(3.556369426752,-1.868789808917,
    2.008111842105));
#6424 = CARTESIAN_POINT('',(3.508598726115,-1.824840764331,
    2.008111842105));
#6425 = PCURVE('',#2286,#6426);
#6426 = DEFINITIONAL_REPRESENTATION('',(#6427),#6431);
#6427 = LINE('',#6428,#6429);
#6428 = CARTESIAN_POINT('',(0.,0.));
#6429 = VECTOR('',#6430,1.);
#6430 = DIRECTION('',(1.,0.));
#6431 = ( GEOMETRIC_REPRESENTATION_CONTEXT(2) 
PARAMETRIC_REPRESENTATION_CONTEXT() REPRESENTATION_CONTEXT('2D SPACE',''
  ) );
#6432 = PCURVE('',#6114,#6433);
#6433 = DEFINITIONAL_REPRESENTATION('',(#6434),#6438);
#6434 = B_SPLINE_CURVE_WITH_KNOTS('',2,(#6435,#6436,#6437),
  .UNSPECIFIED.,.F.,.F.,(3,3),(0.,1.),.PIECEWISE_BEZIER_KNOTS.);
#6435 = CARTESIAN_POINT('',(2.180419511295E-02,-0.223135604939));
#6436 = CARTESIAN_POINT('',(-0.132972874951,-0.356893566722));
#6437 = CARTESIAN_POINT('',(-0.176921919537,-0.404664267359));
#6438 = ( GEOMETRIC_REPRESENTATION_CONTEXT(2) 
PARAMETRIC_REPRESENTATION_CONTEXT() REPRESENTATION_CONTEXT('2D SPACE',''
  ) );
#6439 = ORIENTED_EDGE('',*,*,#6440,.T.);
#6440 = EDGE_CURVE('',#6418,#2221,#6441,.T.);
#6441 = SURFACE_CURVE('',#6442,(#6446,#6453),.PCURVE_S1.);
#6442 = LINE('',#6443,#6444);
#6443 = CARTESIAN_POINT('',(3.690127388535,-2.023566878981,
    2.008111842105));
#6444 = VECTOR('',#6445,1.);
#6445 = DIRECTION('',(0.,0.,1.));
#6446 = PCURVE('',#2286,#6447);
#6447 = DEFINITIONAL_REPRESENTATION('',(#6448),#6452);
#6448 = LINE('',#6449,#6450);
#6449 = CARTESIAN_POINT('',(0.,0.));
#6450 = VECTOR('',#6451,1.);
#6451 = DIRECTION('',(0.,-1.));
#6452 = ( GEOMETRIC_REPRESENTATION_CONTEXT(2) 
PARAMETRIC_REPRESENTATION_CONTEXT() REPRESENTATION_CONTEXT('2D SPACE',''
  ) );
#6453 = PCURVE('',#2244,#6454);
#6454 = DEFINITIONAL_REPRESENTATION('',(#6455),#6459);
#6455 = LINE('',#6456,#6457);
#6456 = CARTESIAN_POINT('',(1.,0.));
#6457 = VECTOR('',#6458,1.);
#6458 = DIRECTION('',(0.,-1.));
#6459 = ( GEOMETRIC_REPRESENTATION_CONTEXT(2) 
PARAMETRIC_REPRESENTATION_CONTEXT() REPRESENTATION_CONTEXT('2D SPACE',''
  ) );
#6460 = ORIENTED_EDGE('',*,*,#2262,.F.);
#6461 = ORIENTED_EDGE('',*,*,#6342,.F.);
#6462 = ADVANCED_FACE('',(#6463),#1637,.F.);
#6463 = FACE_BOUND('',#6464,.F.);
#6464 = EDGE_LOOP('',(#6465,#6488,#6489,#6490));
#6465 = ORIENTED_EDGE('',*,*,#6466,.F.);
#6466 = EDGE_CURVE('',#6369,#6467,#6469,.T.);
#6467 = VERTEX_POINT('',#6468);
#6468 = CARTESIAN_POINT('',(3.772929936306,-1.871974522293,
    2.008111842105));
#6469 = SURFACE_CURVE('',#6470,(#6474,#6481),.PCURVE_S1.);
#6470 = B_SPLINE_CURVE_WITH_KNOTS('',2,(#6471,#6472,#6473),
  .UNSPECIFIED.,.F.,.F.,(3,3),(0.,1.),.PIECEWISE_BEZIER_KNOTS.);
#6471 = CARTESIAN_POINT('',(3.558280254777,-1.646496815287,
    2.008111842105));
#6472 = CARTESIAN_POINT('',(3.65127388535,-1.724840764331,2.008111842105
    ));
#6473 = CARTESIAN_POINT('',(3.772929936306,-1.871974522293,
    2.008111842105));
#6474 = PCURVE('',#1637,#6475);
#6475 = DEFINITIONAL_REPRESENTATION('',(#6476),#6480);
#6476 = LINE('',#6477,#6478);
#6477 = CARTESIAN_POINT('',(0.,0.));
#6478 = VECTOR('',#6479,1.);
#6479 = DIRECTION('',(1.,0.));
#6480 = ( GEOMETRIC_REPRESENTATION_CONTEXT(2) 
PARAMETRIC_REPRESENTATION_CONTEXT() REPRESENTATION_CONTEXT('2D SPACE',''
  ) );
#6481 = PCURVE('',#6114,#6482);
#6482 = DEFINITIONAL_REPRESENTATION('',(#6483),#6487);
#6483 = B_SPLINE_CURVE_WITH_KNOTS('',2,(#6484,#6485,#6486),
  .UNSPECIFIED.,.F.,.F.,(3,3),(0.,1.),.PIECEWISE_BEZIER_KNOTS.);
#6484 = CARTESIAN_POINT('',(-0.355265868581,-0.354982738697));
#6485 = CARTESIAN_POINT('',(-0.276921919537,-0.261989108124));
#6486 = CARTESIAN_POINT('',(-0.129788161575,-0.140333057168));
#6487 = ( GEOMETRIC_REPRESENTATION_CONTEXT(2) 
PARAMETRIC_REPRESENTATION_CONTEXT() REPRESENTATION_CONTEXT('2D SPACE',''
  ) );
#6488 = ORIENTED_EDGE('',*,*,#6393,.T.);
#6489 = ORIENTED_EDGE('',*,*,#1615,.F.);
#6490 = ORIENTED_EDGE('',*,*,#6491,.F.);
#6491 = EDGE_CURVE('',#6467,#1616,#6492,.T.);
#6492 = SURFACE_CURVE('',#6493,(#6497,#6504),.PCURVE_S1.);
#6493 = LINE('',#6494,#6495);
#6494 = CARTESIAN_POINT('',(3.772929936306,-1.871974522293,
    2.008111842105));
#6495 = VECTOR('',#6496,1.);
#6496 = DIRECTION('',(0.,0.,1.));
#6497 = PCURVE('',#1637,#6498);
#6498 = DEFINITIONAL_REPRESENTATION('',(#6499),#6503);
#6499 = LINE('',#6500,#6501);
#6500 = CARTESIAN_POINT('',(1.,0.));
#6501 = VECTOR('',#6502,1.);
#6502 = DIRECTION('',(0.,-1.));
#6503 = ( GEOMETRIC_REPRESENTATION_CONTEXT(2) 
PARAMETRIC_REPRESENTATION_CONTEXT() REPRESENTATION_CONTEXT('2D SPACE',''
  ) );
#6504 = PCURVE('',#1678,#6505);
#6505 = DEFINITIONAL_REPRESENTATION('',(#6506),#6510);
#6506 = LINE('',#6507,#6508);
#6507 = CARTESIAN_POINT('',(0.,0.));
#6508 = VECTOR('',#6509,1.);
#6509 = DIRECTION('',(0.,-1.));
#6510 = ( GEOMETRIC_REPRESENTATION_CONTEXT(2) 
PARAMETRIC_REPRESENTATION_CONTEXT() REPRESENTATION_CONTEXT('2D SPACE',''
  ) );
#6511 = ADVANCED_FACE('',(#6512),#2244,.F.);
#6512 = FACE_BOUND('',#6513,.F.);
#6513 = EDGE_LOOP('',(#6514,#6537,#6558,#6559));
#6514 = ORIENTED_EDGE('',*,*,#6515,.F.);
#6515 = EDGE_CURVE('',#6516,#6418,#6518,.T.);
#6516 = VERTEX_POINT('',#6517);
#6517 = CARTESIAN_POINT('',(3.940445859873,-2.288535031847,
    2.008111842105));
#6518 = SURFACE_CURVE('',#6519,(#6523,#6530),.PCURVE_S1.);
#6519 = B_SPLINE_CURVE_WITH_KNOTS('',2,(#6520,#6521,#6522),
  .UNSPECIFIED.,.F.,.F.,(3,3),(0.,1.),.PIECEWISE_BEZIER_KNOTS.);
#6520 = CARTESIAN_POINT('',(3.940445859873,-2.288535031847,
    2.008111842105));
#6521 = CARTESIAN_POINT('',(3.849363057325,-2.208917197452,
    2.008111842105));
#6522 = CARTESIAN_POINT('',(3.690127388535,-2.023566878981,
    2.008111842105));
#6523 = PCURVE('',#2244,#6524);
#6524 = DEFINITIONAL_REPRESENTATION('',(#6525),#6529);
#6525 = LINE('',#6526,#6527);
#6526 = CARTESIAN_POINT('',(0.,0.));
#6527 = VECTOR('',#6528,1.);
#6528 = DIRECTION('',(1.,0.));
#6529 = ( GEOMETRIC_REPRESENTATION_CONTEXT(2) 
PARAMETRIC_REPRESENTATION_CONTEXT() REPRESENTATION_CONTEXT('2D SPACE',''
  ) );
#6530 = PCURVE('',#6114,#6531);
#6531 = DEFINITIONAL_REPRESENTATION('',(#6532),#6536);
#6532 = B_SPLINE_CURVE_WITH_KNOTS('',2,(#6533,#6534,#6535),
  .UNSPECIFIED.,.F.,.F.,(3,3),(0.,1.),.PIECEWISE_BEZIER_KNOTS.);
#6533 = CARTESIAN_POINT('',(0.286772347979,2.718286639856E-02));
#6534 = CARTESIAN_POINT('',(0.207154513584,-6.389993614921E-02));
#6535 = CARTESIAN_POINT('',(2.180419511295E-02,-0.223135604939));
#6536 = ( GEOMETRIC_REPRESENTATION_CONTEXT(2) 
PARAMETRIC_REPRESENTATION_CONTEXT() REPRESENTATION_CONTEXT('2D SPACE',''
  ) );
#6537 = ORIENTED_EDGE('',*,*,#6538,.T.);
#6538 = EDGE_CURVE('',#6516,#2185,#6539,.T.);
#6539 = SURFACE_CURVE('',#6540,(#6544,#6551),.PCURVE_S1.);
#6540 = LINE('',#6541,#6542);
#6541 = CARTESIAN_POINT('',(3.940445859873,-2.288535031847,
    2.008111842105));
#6542 = VECTOR('',#6543,1.);
#6543 = DIRECTION('',(0.,0.,1.));
#6544 = PCURVE('',#2244,#6545);
#6545 = DEFINITIONAL_REPRESENTATION('',(#6546),#6550);
#6546 = LINE('',#6547,#6548);
#6547 = CARTESIAN_POINT('',(0.,0.));
#6548 = VECTOR('',#6549,1.);
#6549 = DIRECTION('',(0.,-1.));
#6550 = ( GEOMETRIC_REPRESENTATION_CONTEXT(2) 
PARAMETRIC_REPRESENTATION_CONTEXT() REPRESENTATION_CONTEXT('2D SPACE',''
  ) );
#6551 = PCURVE('',#2204,#6552);
#6552 = DEFINITIONAL_REPRESENTATION('',(#6553),#6557);
#6553 = LINE('',#6554,#6555);
#6554 = CARTESIAN_POINT('',(1.,0.));
#6555 = VECTOR('',#6556,1.);
#6556 = DIRECTION('',(0.,-1.));
#6557 = ( GEOMETRIC_REPRESENTATION_CONTEXT(2) 
PARAMETRIC_REPRESENTATION_CONTEXT() REPRESENTATION_CONTEXT('2D SPACE',''
  ) );
#6558 = ORIENTED_EDGE('',*,*,#2220,.F.);
#6559 = ORIENTED_EDGE('',*,*,#6440,.F.);
#6560 = ADVANCED_FACE('',(#6561),#1678,.F.);
#6561 = FACE_BOUND('',#6562,.F.);
#6562 = EDGE_LOOP('',(#6563,#6586,#6587,#6588));
#6563 = ORIENTED_EDGE('',*,*,#6564,.F.);
#6564 = EDGE_CURVE('',#6467,#6565,#6567,.T.);
#6565 = VERTEX_POINT('',#6566);
#6566 = CARTESIAN_POINT('',(4.075477707006,-2.18025477707,2.008111842105
    ));
#6567 = SURFACE_CURVE('',#6568,(#6572,#6579),.PCURVE_S1.);
#6568 = B_SPLINE_CURVE_WITH_KNOTS('',2,(#6569,#6570,#6571),
  .UNSPECIFIED.,.F.,.F.,(3,3),(0.,1.),.PIECEWISE_BEZIER_KNOTS.);
#6569 = CARTESIAN_POINT('',(3.772929936306,-1.871974522293,
    2.008111842105));
#6570 = CARTESIAN_POINT('',(3.964012738854,-2.1,2.008111842105));
#6571 = CARTESIAN_POINT('',(4.075477707006,-2.18025477707,2.008111842105
    ));
#6572 = PCURVE('',#1678,#6573);
#6573 = DEFINITIONAL_REPRESENTATION('',(#6574),#6578);
#6574 = LINE('',#6575,#6576);
#6575 = CARTESIAN_POINT('',(0.,0.));
#6576 = VECTOR('',#6577,1.);
#6577 = DIRECTION('',(1.,0.));
#6578 = ( GEOMETRIC_REPRESENTATION_CONTEXT(2) 
PARAMETRIC_REPRESENTATION_CONTEXT() REPRESENTATION_CONTEXT('2D SPACE',''
  ) );
#6579 = PCURVE('',#6114,#6580);
#6580 = DEFINITIONAL_REPRESENTATION('',(#6581),#6585);
#6581 = B_SPLINE_CURVE_WITH_KNOTS('',2,(#6582,#6583,#6584),
  .UNSPECIFIED.,.F.,.F.,(3,3),(0.,1.),.PIECEWISE_BEZIER_KNOTS.);
#6582 = CARTESIAN_POINT('',(-0.129788161575,-0.140333057168));
#6583 = CARTESIAN_POINT('',(9.823731613206E-02,5.074974537945E-02));
#6584 = CARTESIAN_POINT('',(0.178492093202,0.162214713532));
#6585 = ( GEOMETRIC_REPRESENTATION_CONTEXT(2) 
PARAMETRIC_REPRESENTATION_CONTEXT() REPRESENTATION_CONTEXT('2D SPACE',''
  ) );
#6586 = ORIENTED_EDGE('',*,*,#6491,.T.);
#6587 = ORIENTED_EDGE('',*,*,#1654,.F.);
#6588 = ORIENTED_EDGE('',*,*,#6589,.F.);
#6589 = EDGE_CURVE('',#6565,#1655,#6590,.T.);
#6590 = SURFACE_CURVE('',#6591,(#6595,#6602),.PCURVE_S1.);
#6591 = LINE('',#6592,#6593);
#6592 = CARTESIAN_POINT('',(4.075477707006,-2.18025477707,2.008111842105
    ));
#6593 = VECTOR('',#6594,1.);
#6594 = DIRECTION('',(0.,0.,1.));
#6595 = PCURVE('',#1678,#6596);
#6596 = DEFINITIONAL_REPRESENTATION('',(#6597),#6601);
#6597 = LINE('',#6598,#6599);
#6598 = CARTESIAN_POINT('',(1.,0.));
#6599 = VECTOR('',#6600,1.);
#6600 = DIRECTION('',(0.,-1.));
#6601 = ( GEOMETRIC_REPRESENTATION_CONTEXT(2) 
PARAMETRIC_REPRESENTATION_CONTEXT() REPRESENTATION_CONTEXT('2D SPACE',''
  ) );
#6602 = PCURVE('',#1718,#6603);
#6603 = DEFINITIONAL_REPRESENTATION('',(#6604),#6608);
#6604 = LINE('',#6605,#6606);
#6605 = CARTESIAN_POINT('',(0.,0.));
#6606 = VECTOR('',#6607,1.);
#6607 = DIRECTION('',(0.,-1.));
#6608 = ( GEOMETRIC_REPRESENTATION_CONTEXT(2) 
PARAMETRIC_REPRESENTATION_CONTEXT() REPRESENTATION_CONTEXT('2D SPACE',''
  ) );
#6609 = ADVANCED_FACE('',(#6610),#2204,.F.);
#6610 = FACE_BOUND('',#6611,.F.);
#6611 = EDGE_LOOP('',(#6612,#6635,#6656,#6657));
#6612 = ORIENTED_EDGE('',*,*,#6613,.F.);
#6613 = EDGE_CURVE('',#6614,#6516,#6616,.T.);
#6614 = VERTEX_POINT('',#6615);
#6615 = CARTESIAN_POINT('',(4.113694267516,-2.403184713376,
    2.008111842105));
#6616 = SURFACE_CURVE('',#6617,(#6621,#6628),.PCURVE_S1.);
#6617 = B_SPLINE_CURVE_WITH_KNOTS('',2,(#6618,#6619,#6620),
  .UNSPECIFIED.,.F.,.F.,(3,3),(0.,1.),.PIECEWISE_BEZIER_KNOTS.);
#6618 = CARTESIAN_POINT('',(4.113694267516,-2.403184713376,
    2.008111842105));
#6619 = CARTESIAN_POINT('',(4.03152866242,-2.368789808917,2.008111842105
    ));
#6620 = CARTESIAN_POINT('',(3.940445859873,-2.288535031847,
    2.008111842105));
#6621 = PCURVE('',#2204,#6622);
#6622 = DEFINITIONAL_REPRESENTATION('',(#6623),#6627);
#6623 = LINE('',#6624,#6625);
#6624 = CARTESIAN_POINT('',(0.,0.));
#6625 = VECTOR('',#6626,1.);
#6626 = DIRECTION('',(1.,0.));
#6627 = ( GEOMETRIC_REPRESENTATION_CONTEXT(2) 
PARAMETRIC_REPRESENTATION_CONTEXT() REPRESENTATION_CONTEXT('2D SPACE',''
  ) );
#6628 = PCURVE('',#6114,#6629);
#6629 = DEFINITIONAL_REPRESENTATION('',(#6630),#6634);
#6630 = B_SPLINE_CURVE_WITH_KNOTS('',2,(#6631,#6632,#6633),
  .UNSPECIFIED.,.F.,.F.,(3,3),(0.,1.),.PIECEWISE_BEZIER_KNOTS.);
#6631 = CARTESIAN_POINT('',(0.401422029508,0.200431274042));
#6632 = CARTESIAN_POINT('',(0.367027125049,0.118265668946));
#6633 = CARTESIAN_POINT('',(0.286772347979,2.718286639856E-02));
#6634 = ( GEOMETRIC_REPRESENTATION_CONTEXT(2) 
PARAMETRIC_REPRESENTATION_CONTEXT() REPRESENTATION_CONTEXT('2D SPACE',''
  ) );
#6635 = ORIENTED_EDGE('',*,*,#6636,.T.);
#6636 = EDGE_CURVE('',#6614,#2140,#6637,.T.);
#6637 = SURFACE_CURVE('',#6638,(#6642,#6649),.PCURVE_S1.);
#6638 = LINE('',#6639,#6640);
#6639 = CARTESIAN_POINT('',(4.113694267516,-2.403184713376,
    2.008111842105));
#6640 = VECTOR('',#6641,1.);
#6641 = DIRECTION('',(0.,0.,1.));
#6642 = PCURVE('',#2204,#6643);
#6643 = DEFINITIONAL_REPRESENTATION('',(#6644),#6648);
#6644 = LINE('',#6645,#6646);
#6645 = CARTESIAN_POINT('',(0.,0.));
#6646 = VECTOR('',#6647,1.);
#6647 = DIRECTION('',(0.,-1.));
#6648 = ( GEOMETRIC_REPRESENTATION_CONTEXT(2) 
PARAMETRIC_REPRESENTATION_CONTEXT() REPRESENTATION_CONTEXT('2D SPACE',''
  ) );
#6649 = PCURVE('',#2165,#6650);
#6650 = DEFINITIONAL_REPRESENTATION('',(#6651),#6655);
#6651 = LINE('',#6652,#6653);
#6652 = CARTESIAN_POINT('',(1.,0.));
#6653 = VECTOR('',#6654,1.);
#6654 = DIRECTION('',(0.,-1.));
#6655 = ( GEOMETRIC_REPRESENTATION_CONTEXT(2) 
PARAMETRIC_REPRESENTATION_CONTEXT() REPRESENTATION_CONTEXT('2D SPACE',''
  ) );
#6656 = ORIENTED_EDGE('',*,*,#2184,.F.);
#6657 = ORIENTED_EDGE('',*,*,#6538,.F.);
#6658 = ADVANCED_FACE('',(#6659),#1718,.F.);
#6659 = FACE_BOUND('',#6660,.F.);
#6660 = EDGE_LOOP('',(#6661,#6684,#6685,#6686));
#6661 = ORIENTED_EDGE('',*,*,#6662,.F.);
#6662 = EDGE_CURVE('',#6565,#6663,#6665,.T.);
#6663 = VERTEX_POINT('',#6664);
#6664 = CARTESIAN_POINT('',(4.286305732484,-2.26050955414,2.008111842105
    ));
#6665 = SURFACE_CURVE('',#6666,(#6670,#6677),.PCURVE_S1.);
#6666 = B_SPLINE_CURVE_WITH_KNOTS('',2,(#6667,#6668,#6669),
  .UNSPECIFIED.,.F.,.F.,(3,3),(0.,1.),.PIECEWISE_BEZIER_KNOTS.);
#6667 = CARTESIAN_POINT('',(4.075477707006,-2.18025477707,2.008111842105
    ));
#6668 = CARTESIAN_POINT('',(4.186942675159,-2.26050955414,2.008111842105
    ));
#6669 = CARTESIAN_POINT('',(4.286305732484,-2.26050955414,2.008111842105
    ));
#6670 = PCURVE('',#1718,#6671);
#6671 = DEFINITIONAL_REPRESENTATION('',(#6672),#6676);
#6672 = LINE('',#6673,#6674);
#6673 = CARTESIAN_POINT('',(0.,0.));
#6674 = VECTOR('',#6675,1.);
#6675 = DIRECTION('',(1.,0.));
#6676 = ( GEOMETRIC_REPRESENTATION_CONTEXT(2) 
PARAMETRIC_REPRESENTATION_CONTEXT() REPRESENTATION_CONTEXT('2D SPACE',''
  ) );
#6677 = PCURVE('',#6114,#6678);
#6678 = DEFINITIONAL_REPRESENTATION('',(#6679),#6683);
#6679 = B_SPLINE_CURVE_WITH_KNOTS('',2,(#6680,#6681,#6682),
  .UNSPECIFIED.,.F.,.F.,(3,3),(0.,1.),.PIECEWISE_BEZIER_KNOTS.);
#6680 = CARTESIAN_POINT('',(0.178492093202,0.162214713532));
#6681 = CARTESIAN_POINT('',(0.258746870272,0.273679681685));
#6682 = CARTESIAN_POINT('',(0.258746870272,0.37304273901));
#6683 = ( GEOMETRIC_REPRESENTATION_CONTEXT(2) 
PARAMETRIC_REPRESENTATION_CONTEXT() REPRESENTATION_CONTEXT('2D SPACE',''
  ) );
#6684 = ORIENTED_EDGE('',*,*,#6589,.T.);
#6685 = ORIENTED_EDGE('',*,*,#1696,.F.);
#6686 = ORIENTED_EDGE('',*,*,#6687,.F.);
#6687 = EDGE_CURVE('',#6663,#1697,#6688,.T.);
#6688 = SURFACE_CURVE('',#6689,(#6693,#6700),.PCURVE_S1.);
#6689 = LINE('',#6690,#6691);
#6690 = CARTESIAN_POINT('',(4.286305732484,-2.26050955414,2.008111842105
    ));
#6691 = VECTOR('',#6692,1.);
#6692 = DIRECTION('',(0.,0.,1.));
#6693 = PCURVE('',#1718,#6694);
#6694 = DEFINITIONAL_REPRESENTATION('',(#6695),#6699);
#6695 = LINE('',#6696,#6697);
#6696 = CARTESIAN_POINT('',(1.,0.));
#6697 = VECTOR('',#6698,1.);
#6698 = DIRECTION('',(0.,-1.));
#6699 = ( GEOMETRIC_REPRESENTATION_CONTEXT(2) 
PARAMETRIC_REPRESENTATION_CONTEXT() REPRESENTATION_CONTEXT('2D SPACE',''
  ) );
#6700 = PCURVE('',#1761,#6701);
#6701 = DEFINITIONAL_REPRESENTATION('',(#6702),#6706);
#6702 = LINE('',#6703,#6704);
#6703 = CARTESIAN_POINT('',(0.,0.));
#6704 = VECTOR('',#6705,1.);
#6705 = DIRECTION('',(0.,-1.));
#6706 = ( GEOMETRIC_REPRESENTATION_CONTEXT(2) 
PARAMETRIC_REPRESENTATION_CONTEXT() REPRESENTATION_CONTEXT('2D SPACE',''
  ) );
#6707 = ADVANCED_FACE('',(#6708),#2165,.F.);
#6708 = FACE_BOUND('',#6709,.F.);
#6709 = EDGE_LOOP('',(#6710,#6733,#6754,#6755));
#6710 = ORIENTED_EDGE('',*,*,#6711,.F.);
#6711 = EDGE_CURVE('',#6712,#6614,#6714,.T.);
#6712 = VERTEX_POINT('',#6713);
#6713 = CARTESIAN_POINT('',(4.281847133758,-2.437579617834,
    2.008111842105));
#6714 = SURFACE_CURVE('',#6715,(#6719,#6726),.PCURVE_S1.);
#6715 = B_SPLINE_CURVE_WITH_KNOTS('',2,(#6716,#6717,#6718),
  .UNSPECIFIED.,.F.,.F.,(3,3),(0.,1.),.PIECEWISE_BEZIER_KNOTS.);
#6716 = CARTESIAN_POINT('',(4.281847133758,-2.437579617834,
    2.008111842105));
#6717 = CARTESIAN_POINT('',(4.196496815287,-2.437579617834,
    2.008111842105));
#6718 = CARTESIAN_POINT('',(4.113694267516,-2.403184713376,
    2.008111842105));
#6719 = PCURVE('',#2165,#6720);
#6720 = DEFINITIONAL_REPRESENTATION('',(#6721),#6725);
#6721 = LINE('',#6722,#6723);
#6722 = CARTESIAN_POINT('',(0.,0.));
#6723 = VECTOR('',#6724,1.);
#6724 = DIRECTION('',(1.,0.));
#6725 = ( GEOMETRIC_REPRESENTATION_CONTEXT(2) 
PARAMETRIC_REPRESENTATION_CONTEXT() REPRESENTATION_CONTEXT('2D SPACE',''
  ) );
#6726 = PCURVE('',#6114,#6727);
#6727 = DEFINITIONAL_REPRESENTATION('',(#6728),#6732);
#6728 = B_SPLINE_CURVE_WITH_KNOTS('',2,(#6729,#6730,#6731),
  .UNSPECIFIED.,.F.,.F.,(3,3),(0.,1.),.PIECEWISE_BEZIER_KNOTS.);
#6729 = CARTESIAN_POINT('',(0.435816933966,0.368584140284));
#6730 = CARTESIAN_POINT('',(0.435816933966,0.283233821813));
#6731 = CARTESIAN_POINT('',(0.401422029508,0.200431274042));
#6732 = ( GEOMETRIC_REPRESENTATION_CONTEXT(2) 
PARAMETRIC_REPRESENTATION_CONTEXT() REPRESENTATION_CONTEXT('2D SPACE',''
  ) );
#6733 = ORIENTED_EDGE('',*,*,#6734,.T.);
#6734 = EDGE_CURVE('',#6712,#2089,#6735,.T.);
#6735 = SURFACE_CURVE('',#6736,(#6740,#6747),.PCURVE_S1.);
#6736 = LINE('',#6737,#6738);
#6737 = CARTESIAN_POINT('',(4.281847133758,-2.437579617834,
    2.008111842105));
#6738 = VECTOR('',#6739,1.);
#6739 = DIRECTION('',(0.,0.,1.));
#6740 = PCURVE('',#2165,#6741);
#6741 = DEFINITIONAL_REPRESENTATION('',(#6742),#6746);
#6742 = LINE('',#6743,#6744);
#6743 = CARTESIAN_POINT('',(0.,0.));
#6744 = VECTOR('',#6745,1.);
#6745 = DIRECTION('',(0.,-1.));
#6746 = ( GEOMETRIC_REPRESENTATION_CONTEXT(2) 
PARAMETRIC_REPRESENTATION_CONTEXT() REPRESENTATION_CONTEXT('2D SPACE',''
  ) );
#6747 = PCURVE('',#2118,#6748);
#6748 = DEFINITIONAL_REPRESENTATION('',(#6749),#6753);
#6749 = LINE('',#6750,#6751);
#6750 = CARTESIAN_POINT('',(1.,0.));
#6751 = VECTOR('',#6752,1.);
#6752 = DIRECTION('',(0.,-1.));
#6753 = ( GEOMETRIC_REPRESENTATION_CONTEXT(2) 
PARAMETRIC_REPRESENTATION_CONTEXT() REPRESENTATION_CONTEXT('2D SPACE',''
  ) );
#6754 = ORIENTED_EDGE('',*,*,#2139,.F.);
#6755 = ORIENTED_EDGE('',*,*,#6636,.F.);
#6756 = ADVANCED_FACE('',(#6757),#1761,.F.);
#6757 = FACE_BOUND('',#6758,.F.);
#6758 = EDGE_LOOP('',(#6759,#6782,#6783,#6784));
#6759 = ORIENTED_EDGE('',*,*,#6760,.F.);
#6760 = EDGE_CURVE('',#6663,#6761,#6763,.T.);
#6761 = VERTEX_POINT('',#6762);
#6762 = CARTESIAN_POINT('',(4.462101910828,-2.187261146497,
    2.008111842105));
#6763 = SURFACE_CURVE('',#6764,(#6768,#6775),.PCURVE_S1.);
#6764 = B_SPLINE_CURVE_WITH_KNOTS('',2,(#6765,#6766,#6767),
  .UNSPECIFIED.,.F.,.F.,(3,3),(0.,1.),.PIECEWISE_BEZIER_KNOTS.);
#6765 = CARTESIAN_POINT('',(4.286305732484,-2.26050955414,2.008111842105
    ));
#6766 = CARTESIAN_POINT('',(4.39076433121,-2.26050955414,2.008111842105)
  );
#6767 = CARTESIAN_POINT('',(4.462101910828,-2.187261146497,
    2.008111842105));
#6768 = PCURVE('',#1761,#6769);
#6769 = DEFINITIONAL_REPRESENTATION('',(#6770),#6774);
#6770 = LINE('',#6771,#6772);
#6771 = CARTESIAN_POINT('',(0.,0.));
#6772 = VECTOR('',#6773,1.);
#6773 = DIRECTION('',(1.,0.));
#6774 = ( GEOMETRIC_REPRESENTATION_CONTEXT(2) 
PARAMETRIC_REPRESENTATION_CONTEXT() REPRESENTATION_CONTEXT('2D SPACE',''
  ) );
#6775 = PCURVE('',#6114,#6776);
#6776 = DEFINITIONAL_REPRESENTATION('',(#6777),#6781);
#6777 = B_SPLINE_CURVE_WITH_KNOTS('',2,(#6778,#6779,#6780),
  .UNSPECIFIED.,.F.,.F.,(3,3),(0.,1.),.PIECEWISE_BEZIER_KNOTS.);
#6778 = CARTESIAN_POINT('',(0.258746870272,0.37304273901));
#6779 = CARTESIAN_POINT('',(0.258746870272,0.477501337736));
#6780 = CARTESIAN_POINT('',(0.185498462629,0.548838917354));
#6781 = ( GEOMETRIC_REPRESENTATION_CONTEXT(2) 
PARAMETRIC_REPRESENTATION_CONTEXT() REPRESENTATION_CONTEXT('2D SPACE',''
  ) );
#6782 = ORIENTED_EDGE('',*,*,#6687,.T.);
#6783 = ORIENTED_EDGE('',*,*,#1735,.F.);
#6784 = ORIENTED_EDGE('',*,*,#6785,.F.);
#6785 = EDGE_CURVE('',#6761,#1736,#6786,.T.);
#6786 = SURFACE_CURVE('',#6787,(#6791,#6798),.PCURVE_S1.);
#6787 = LINE('',#6788,#6789);
#6788 = CARTESIAN_POINT('',(4.462101910828,-2.187261146497,
    2.008111842105));
#6789 = VECTOR('',#6790,1.);
#6790 = DIRECTION('',(0.,0.,1.));
#6791 = PCURVE('',#1761,#6792);
#6792 = DEFINITIONAL_REPRESENTATION('',(#6793),#6797);
#6793 = LINE('',#6794,#6795);
#6794 = CARTESIAN_POINT('',(1.,0.));
#6795 = VECTOR('',#6796,1.);
#6796 = DIRECTION('',(0.,-1.));
#6797 = ( GEOMETRIC_REPRESENTATION_CONTEXT(2) 
PARAMETRIC_REPRESENTATION_CONTEXT() REPRESENTATION_CONTEXT('2D SPACE',''
  ) );
#6798 = PCURVE('',#1806,#6799);
#6799 = DEFINITIONAL_REPRESENTATION('',(#6800),#6804);
#6800 = LINE('',#6801,#6802);
#6801 = CARTESIAN_POINT('',(0.,0.));
#6802 = VECTOR('',#6803,1.);
#6803 = DIRECTION('',(0.,-1.));
#6804 = ( GEOMETRIC_REPRESENTATION_CONTEXT(2) 
PARAMETRIC_REPRESENTATION_CONTEXT() REPRESENTATION_CONTEXT('2D SPACE',''
  ) );
#6805 = ADVANCED_FACE('',(#6806),#2118,.F.);
#6806 = FACE_BOUND('',#6807,.F.);
#6807 = EDGE_LOOP('',(#6808,#6831,#6852,#6853));
#6808 = ORIENTED_EDGE('',*,*,#6809,.F.);
#6809 = EDGE_CURVE('',#6810,#6712,#6812,.T.);
#6810 = VERTEX_POINT('',#6811);
#6811 = CARTESIAN_POINT('',(4.563375796178,-2.31974522293,2.008111842105
    ));
#6812 = SURFACE_CURVE('',#6813,(#6817,#6824),.PCURVE_S1.);
#6813 = B_SPLINE_CURVE_WITH_KNOTS('',2,(#6814,#6815,#6816),
  .UNSPECIFIED.,.F.,.F.,(3,3),(0.,1.),.PIECEWISE_BEZIER_KNOTS.);
#6814 = CARTESIAN_POINT('',(4.563375796178,-2.31974522293,2.008111842105
    ));
#6815 = CARTESIAN_POINT('',(4.45,-2.437579617834,2.008111842105));
#6816 = CARTESIAN_POINT('',(4.281847133758,-2.437579617834,
    2.008111842105));
#6817 = PCURVE('',#2118,#6818);
#6818 = DEFINITIONAL_REPRESENTATION('',(#6819),#6823);
#6819 = LINE('',#6820,#6821);
#6820 = CARTESIAN_POINT('',(0.,0.));
#6821 = VECTOR('',#6822,1.);
#6822 = DIRECTION('',(1.,0.));
#6823 = ( GEOMETRIC_REPRESENTATION_CONTEXT(2) 
PARAMETRIC_REPRESENTATION_CONTEXT() REPRESENTATION_CONTEXT('2D SPACE',''
  ) );
#6824 = PCURVE('',#6114,#6825);
#6825 = DEFINITIONAL_REPRESENTATION('',(#6826),#6830);
#6826 = B_SPLINE_CURVE_WITH_KNOTS('',2,(#6827,#6828,#6829),
  .UNSPECIFIED.,.F.,.F.,(3,3),(0.,1.),.PIECEWISE_BEZIER_KNOTS.);
#6827 = CARTESIAN_POINT('',(0.317982539062,0.650112802704));
#6828 = CARTESIAN_POINT('',(0.435816933966,0.536737006526));
#6829 = CARTESIAN_POINT('',(0.435816933966,0.368584140284));
#6830 = ( GEOMETRIC_REPRESENTATION_CONTEXT(2) 
PARAMETRIC_REPRESENTATION_CONTEXT() REPRESENTATION_CONTEXT('2D SPACE',''
  ) );
#6831 = ORIENTED_EDGE('',*,*,#6832,.T.);
#6832 = EDGE_CURVE('',#6810,#2038,#6833,.T.);
#6833 = SURFACE_CURVE('',#6834,(#6838,#6845),.PCURVE_S1.);
#6834 = LINE('',#6835,#6836);
#6835 = CARTESIAN_POINT('',(4.563375796178,-2.31974522293,2.008111842105
    ));
#6836 = VECTOR('',#6837,1.);
#6837 = DIRECTION('',(0.,0.,1.));
#6838 = PCURVE('',#2118,#6839);
#6839 = DEFINITIONAL_REPRESENTATION('',(#6840),#6844);
#6840 = LINE('',#6841,#6842);
#6841 = CARTESIAN_POINT('',(0.,0.));
#6842 = VECTOR('',#6843,1.);
#6843 = DIRECTION('',(0.,-1.));
#6844 = ( GEOMETRIC_REPRESENTATION_CONTEXT(2) 
PARAMETRIC_REPRESENTATION_CONTEXT() REPRESENTATION_CONTEXT('2D SPACE',''
  ) );
#6845 = PCURVE('',#2067,#6846);
#6846 = DEFINITIONAL_REPRESENTATION('',(#6847),#6851);
#6847 = LINE('',#6848,#6849);
#6848 = CARTESIAN_POINT('',(1.,0.));
#6849 = VECTOR('',#6850,1.);
#6850 = DIRECTION('',(0.,-1.));
#6851 = ( GEOMETRIC_REPRESENTATION_CONTEXT(2) 
PARAMETRIC_REPRESENTATION_CONTEXT() REPRESENTATION_CONTEXT('2D SPACE',''
  ) );
#6852 = ORIENTED_EDGE('',*,*,#2088,.F.);
#6853 = ORIENTED_EDGE('',*,*,#6734,.F.);
#6854 = ADVANCED_FACE('',(#6855),#1806,.F.);
#6855 = FACE_BOUND('',#6856,.F.);
#6856 = EDGE_LOOP('',(#6857,#6880,#6881,#6882));
#6857 = ORIENTED_EDGE('',*,*,#6858,.F.);
#6858 = EDGE_CURVE('',#6761,#6859,#6861,.T.);
#6859 = VERTEX_POINT('',#6860);
#6860 = CARTESIAN_POINT('',(4.534076433121,-1.996815286624,
    2.008111842105));
#6861 = SURFACE_CURVE('',#6862,(#6866,#6873),.PCURVE_S1.);
#6862 = B_SPLINE_CURVE_WITH_KNOTS('',2,(#6863,#6864,#6865),
  .UNSPECIFIED.,.F.,.F.,(3,3),(0.,1.),.PIECEWISE_BEZIER_KNOTS.);
#6863 = CARTESIAN_POINT('',(4.462101910828,-2.187261146497,
    2.008111842105));
#6864 = CARTESIAN_POINT('',(4.534076433121,-2.114649681529,
    2.008111842105));
#6865 = CARTESIAN_POINT('',(4.534076433121,-1.996815286624,
    2.008111842105));
#6866 = PCURVE('',#1806,#6867);
#6867 = DEFINITIONAL_REPRESENTATION('',(#6868),#6872);
#6868 = LINE('',#6869,#6870);
#6869 = CARTESIAN_POINT('',(0.,0.));
#6870 = VECTOR('',#6871,1.);
#6871 = DIRECTION('',(1.,0.));
#6872 = ( GEOMETRIC_REPRESENTATION_CONTEXT(2) 
PARAMETRIC_REPRESENTATION_CONTEXT() REPRESENTATION_CONTEXT('2D SPACE',''
  ) );
#6873 = PCURVE('',#6114,#6874);
#6874 = DEFINITIONAL_REPRESENTATION('',(#6875),#6879);
#6875 = B_SPLINE_CURVE_WITH_KNOTS('',2,(#6876,#6877,#6878),
  .UNSPECIFIED.,.F.,.F.,(3,3),(0.,1.),.PIECEWISE_BEZIER_KNOTS.);
#6876 = CARTESIAN_POINT('',(0.185498462629,0.548838917354));
#6877 = CARTESIAN_POINT('',(0.112886997661,0.620813439647));
#6878 = CARTESIAN_POINT('',(-4.947397243739E-03,0.620813439647));
#6879 = ( GEOMETRIC_REPRESENTATION_CONTEXT(2) 
PARAMETRIC_REPRESENTATION_CONTEXT() REPRESENTATION_CONTEXT('2D SPACE',''
  ) );
#6880 = ORIENTED_EDGE('',*,*,#6785,.T.);
#6881 = ORIENTED_EDGE('',*,*,#1780,.F.);
#6882 = ORIENTED_EDGE('',*,*,#6883,.F.);
#6883 = EDGE_CURVE('',#6859,#1781,#6884,.T.);
#6884 = SURFACE_CURVE('',#6885,(#6889,#6896),.PCURVE_S1.);
#6885 = LINE('',#6886,#6887);
#6886 = CARTESIAN_POINT('',(4.534076433121,-1.996815286624,
    2.008111842105));
#6887 = VECTOR('',#6888,1.);
#6888 = DIRECTION('',(0.,0.,1.));
#6889 = PCURVE('',#1806,#6890);
#6890 = DEFINITIONAL_REPRESENTATION('',(#6891),#6895);
#6891 = LINE('',#6892,#6893);
#6892 = CARTESIAN_POINT('',(1.,0.));
#6893 = VECTOR('',#6894,1.);
#6894 = DIRECTION('',(0.,-1.));
#6895 = ( GEOMETRIC_REPRESENTATION_CONTEXT(2) 
PARAMETRIC_REPRESENTATION_CONTEXT() REPRESENTATION_CONTEXT('2D SPACE',''
  ) );
#6896 = PCURVE('',#1851,#6897);
#6897 = DEFINITIONAL_REPRESENTATION('',(#6898),#6902);
#6898 = LINE('',#6899,#6900);
#6899 = CARTESIAN_POINT('',(0.,0.));
#6900 = VECTOR('',#6901,1.);
#6901 = DIRECTION('',(0.,-1.));
#6902 = ( GEOMETRIC_REPRESENTATION_CONTEXT(2) 
PARAMETRIC_REPRESENTATION_CONTEXT() REPRESENTATION_CONTEXT('2D SPACE',''
  ) );
#6903 = ADVANCED_FACE('',(#6904),#2067,.F.);
#6904 = FACE_BOUND('',#6905,.F.);
#6905 = EDGE_LOOP('',(#6906,#6929,#6950,#6951));
#6906 = ORIENTED_EDGE('',*,*,#6907,.F.);
#6907 = EDGE_CURVE('',#6908,#6810,#6910,.T.);
#6908 = VERTEX_POINT('',#6909);
#6909 = CARTESIAN_POINT('',(4.676751592357,-2.000636942675,
    2.008111842105));
#6910 = SURFACE_CURVE('',#6911,(#6915,#6922),.PCURVE_S1.);
#6911 = B_SPLINE_CURVE_WITH_KNOTS('',2,(#6912,#6913,#6914),
  .UNSPECIFIED.,.F.,.F.,(3,3),(0.,1.),.PIECEWISE_BEZIER_KNOTS.);
#6912 = CARTESIAN_POINT('',(4.676751592357,-2.000636942675,
    2.008111842105));
#6913 = CARTESIAN_POINT('',(4.676751592357,-2.202547770701,
    2.008111842105));
#6914 = CARTESIAN_POINT('',(4.563375796178,-2.31974522293,2.008111842105
    ));
#6915 = PCURVE('',#2067,#6916);
#6916 = DEFINITIONAL_REPRESENTATION('',(#6917),#6921);
#6917 = LINE('',#6918,#6919);
#6918 = CARTESIAN_POINT('',(0.,0.));
#6919 = VECTOR('',#6920,1.);
#6920 = DIRECTION('',(1.,0.));
#6921 = ( GEOMETRIC_REPRESENTATION_CONTEXT(2) 
PARAMETRIC_REPRESENTATION_CONTEXT() REPRESENTATION_CONTEXT('2D SPACE',''
  ) );
#6922 = PCURVE('',#6114,#6923);
#6923 = DEFINITIONAL_REPRESENTATION('',(#6924),#6928);
#6924 = B_SPLINE_CURVE_WITH_KNOTS('',2,(#6925,#6926,#6927),
  .UNSPECIFIED.,.F.,.F.,(3,3),(0.,1.),.PIECEWISE_BEZIER_KNOTS.);
#6925 = CARTESIAN_POINT('',(-1.125741192784E-03,0.763488598883));
#6926 = CARTESIAN_POINT('',(0.200785086833,0.763488598883));
#6927 = CARTESIAN_POINT('',(0.317982539062,0.650112802704));
#6928 = ( GEOMETRIC_REPRESENTATION_CONTEXT(2) 
PARAMETRIC_REPRESENTATION_CONTEXT() REPRESENTATION_CONTEXT('2D SPACE',''
  ) );
#6929 = ORIENTED_EDGE('',*,*,#6930,.T.);
#6930 = EDGE_CURVE('',#6908,#1987,#6931,.T.);
#6931 = SURFACE_CURVE('',#6932,(#6936,#6943),.PCURVE_S1.);
#6932 = LINE('',#6933,#6934);
#6933 = CARTESIAN_POINT('',(4.676751592357,-2.000636942675,
    2.008111842105));
#6934 = VECTOR('',#6935,1.);
#6935 = DIRECTION('',(0.,0.,1.));
#6936 = PCURVE('',#2067,#6937);
#6937 = DEFINITIONAL_REPRESENTATION('',(#6938),#6942);
#6938 = LINE('',#6939,#6940);
#6939 = CARTESIAN_POINT('',(0.,0.));
#6940 = VECTOR('',#6941,1.);
#6941 = DIRECTION('',(0.,-1.));
#6942 = ( GEOMETRIC_REPRESENTATION_CONTEXT(2) 
PARAMETRIC_REPRESENTATION_CONTEXT() REPRESENTATION_CONTEXT('2D SPACE',''
  ) );
#6943 = PCURVE('',#2016,#6944);
#6944 = DEFINITIONAL_REPRESENTATION('',(#6945),#6949);
#6945 = LINE('',#6946,#6947);
#6946 = CARTESIAN_POINT('',(1.,0.));
#6947 = VECTOR('',#6948,1.);
#6948 = DIRECTION('',(0.,-1.));
#6949 = ( GEOMETRIC_REPRESENTATION_CONTEXT(2) 
PARAMETRIC_REPRESENTATION_CONTEXT() REPRESENTATION_CONTEXT('2D SPACE',''
  ) );
#6950 = ORIENTED_EDGE('',*,*,#2037,.F.);
#6951 = ORIENTED_EDGE('',*,*,#6832,.F.);
#6952 = ADVANCED_FACE('',(#6953),#1851,.F.);
#6953 = FACE_BOUND('',#6954,.F.);
#6954 = EDGE_LOOP('',(#6955,#6978,#6979,#6980));
#6955 = ORIENTED_EDGE('',*,*,#6956,.F.);
#6956 = EDGE_CURVE('',#6859,#6957,#6959,.T.);
#6957 = VERTEX_POINT('',#6958);
#6958 = CARTESIAN_POINT('',(4.452547770701,-1.798089171975,
    2.008111842105));
#6959 = SURFACE_CURVE('',#6960,(#6964,#6971),.PCURVE_S1.);
#6960 = B_SPLINE_CURVE_WITH_KNOTS('',2,(#6961,#6962,#6963),
  .UNSPECIFIED.,.F.,.F.,(3,3),(0.,1.),.PIECEWISE_BEZIER_KNOTS.);
#6961 = CARTESIAN_POINT('',(4.534076433121,-1.996815286624,
    2.008111842105));
#6962 = CARTESIAN_POINT('',(4.534076433121,-1.872611464968,
    2.008111842105));
#6963 = CARTESIAN_POINT('',(4.452547770701,-1.798089171975,
    2.008111842105));
#6964 = PCURVE('',#1851,#6965);
#6965 = DEFINITIONAL_REPRESENTATION('',(#6966),#6970);
#6966 = LINE('',#6967,#6968);
#6967 = CARTESIAN_POINT('',(0.,0.));
#6968 = VECTOR('',#6969,1.);
#6969 = DIRECTION('',(1.,0.));
#6970 = ( GEOMETRIC_REPRESENTATION_CONTEXT(2) 
PARAMETRIC_REPRESENTATION_CONTEXT() REPRESENTATION_CONTEXT('2D SPACE',''
  ) );
#6971 = PCURVE('',#6114,#6972);
#6972 = DEFINITIONAL_REPRESENTATION('',(#6973),#6977);
#6973 = B_SPLINE_CURVE_WITH_KNOTS('',2,(#6974,#6975,#6976),
  .UNSPECIFIED.,.F.,.F.,(3,3),(0.,1.),.PIECEWISE_BEZIER_KNOTS.);
#6974 = CARTESIAN_POINT('',(-4.947397243739E-03,0.620813439647));
#6975 = CARTESIAN_POINT('',(-0.1291512189,0.620813439647));
#6976 = CARTESIAN_POINT('',(-0.203673511893,0.539284777227));
#6977 = ( GEOMETRIC_REPRESENTATION_CONTEXT(2) 
PARAMETRIC_REPRESENTATION_CONTEXT() REPRESENTATION_CONTEXT('2D SPACE',''
  ) );
#6978 = ORIENTED_EDGE('',*,*,#6883,.T.);
#6979 = ORIENTED_EDGE('',*,*,#1825,.F.);
#6980 = ORIENTED_EDGE('',*,*,#6981,.F.);
#6981 = EDGE_CURVE('',#6957,#1826,#6982,.T.);
#6982 = SURFACE_CURVE('',#6983,(#6987,#6994),.PCURVE_S1.);
#6983 = LINE('',#6984,#6985);
#6984 = CARTESIAN_POINT('',(4.452547770701,-1.798089171975,
    2.008111842105));
#6985 = VECTOR('',#6986,1.);
#6986 = DIRECTION('',(0.,0.,1.));
#6987 = PCURVE('',#1851,#6988);
#6988 = DEFINITIONAL_REPRESENTATION('',(#6989),#6993);
#6989 = LINE('',#6990,#6991);
#6990 = CARTESIAN_POINT('',(1.,0.));
#6991 = VECTOR('',#6992,1.);
#6992 = DIRECTION('',(0.,-1.));
#6993 = ( GEOMETRIC_REPRESENTATION_CONTEXT(2) 
PARAMETRIC_REPRESENTATION_CONTEXT() REPRESENTATION_CONTEXT('2D SPACE',''
  ) );
#6994 = PCURVE('',#1892,#6995);
#6995 = DEFINITIONAL_REPRESENTATION('',(#6996),#7000);
#6996 = LINE('',#6997,#6998);
#6997 = CARTESIAN_POINT('',(0.,0.));
#6998 = VECTOR('',#6999,1.);
#6999 = DIRECTION('',(0.,-1.));
#7000 = ( GEOMETRIC_REPRESENTATION_CONTEXT(2) 
PARAMETRIC_REPRESENTATION_CONTEXT() REPRESENTATION_CONTEXT('2D SPACE',''
  ) );
#7001 = ADVANCED_FACE('',(#7002),#2016,.F.);
#7002 = FACE_BOUND('',#7003,.F.);
#7003 = EDGE_LOOP('',(#7004,#7027,#7048,#7049));
#7004 = ORIENTED_EDGE('',*,*,#7005,.F.);
#7005 = EDGE_CURVE('',#7006,#6908,#7008,.T.);
#7006 = VERTEX_POINT('',#7007);
#7007 = CARTESIAN_POINT('',(4.566560509554,-1.682802547771,
    2.008111842105));
#7008 = SURFACE_CURVE('',#7009,(#7013,#7020),.PCURVE_S1.);
#7009 = B_SPLINE_CURVE_WITH_KNOTS('',2,(#7010,#7011,#7012),
  .UNSPECIFIED.,.F.,.F.,(3,3),(0.,1.),.PIECEWISE_BEZIER_KNOTS.);
#7010 = CARTESIAN_POINT('',(4.566560509554,-1.682802547771,
    2.008111842105));
#7011 = CARTESIAN_POINT('',(4.676751592357,-1.80127388535,2.008111842105
    ));
#7012 = CARTESIAN_POINT('',(4.676751592357,-2.000636942675,
    2.008111842105));
#7013 = PCURVE('',#2016,#7014);
#7014 = DEFINITIONAL_REPRESENTATION('',(#7015),#7019);
#7015 = LINE('',#7016,#7017);
#7016 = CARTESIAN_POINT('',(0.,0.));
#7017 = VECTOR('',#7018,1.);
#7018 = DIRECTION('',(1.,0.));
#7019 = ( GEOMETRIC_REPRESENTATION_CONTEXT(2) 
PARAMETRIC_REPRESENTATION_CONTEXT() REPRESENTATION_CONTEXT('2D SPACE',''
  ) );
#7020 = PCURVE('',#6114,#7021);
#7021 = DEFINITIONAL_REPRESENTATION('',(#7022),#7026);
#7022 = B_SPLINE_CURVE_WITH_KNOTS('',2,(#7023,#7024,#7025),
  .UNSPECIFIED.,.F.,.F.,(3,3),(0.,1.),.PIECEWISE_BEZIER_KNOTS.);
#7023 = CARTESIAN_POINT('',(-0.318960136097,0.65329751608));
#7024 = CARTESIAN_POINT('',(-0.200488798518,0.763488598883));
#7025 = CARTESIAN_POINT('',(-1.125741192784E-03,0.763488598883));
#7026 = ( GEOMETRIC_REPRESENTATION_CONTEXT(2) 
PARAMETRIC_REPRESENTATION_CONTEXT() REPRESENTATION_CONTEXT('2D SPACE',''
  ) );
#7027 = ORIENTED_EDGE('',*,*,#7028,.T.);
#7028 = EDGE_CURVE('',#7006,#1936,#7029,.T.);
#7029 = SURFACE_CURVE('',#7030,(#7034,#7041),.PCURVE_S1.);
#7030 = LINE('',#7031,#7032);
#7031 = CARTESIAN_POINT('',(4.566560509554,-1.682802547771,
    2.008111842105));
#7032 = VECTOR('',#7033,1.);
#7033 = DIRECTION('',(0.,0.,1.));
#7034 = PCURVE('',#2016,#7035);
#7035 = DEFINITIONAL_REPRESENTATION('',(#7036),#7040);
#7036 = LINE('',#7037,#7038);
#7037 = CARTESIAN_POINT('',(0.,0.));
#7038 = VECTOR('',#7039,1.);
#7039 = DIRECTION('',(0.,-1.));
#7040 = ( GEOMETRIC_REPRESENTATION_CONTEXT(2) 
PARAMETRIC_REPRESENTATION_CONTEXT() REPRESENTATION_CONTEXT('2D SPACE',''
  ) );
#7041 = PCURVE('',#1965,#7042);
#7042 = DEFINITIONAL_REPRESENTATION('',(#7043),#7047);
#7043 = LINE('',#7044,#7045);
#7044 = CARTESIAN_POINT('',(1.,0.));
#7045 = VECTOR('',#7046,1.);
#7046 = DIRECTION('',(0.,-1.));
#7047 = ( GEOMETRIC_REPRESENTATION_CONTEXT(2) 
PARAMETRIC_REPRESENTATION_CONTEXT() REPRESENTATION_CONTEXT('2D SPACE',''
  ) );
#7048 = ORIENTED_EDGE('',*,*,#1986,.F.);
#7049 = ORIENTED_EDGE('',*,*,#6930,.F.);
#7050 = ADVANCED_FACE('',(#7051),#1892,.F.);
#7051 = FACE_BOUND('',#7052,.F.);
#7052 = EDGE_LOOP('',(#7053,#7076,#7077,#7078));
#7053 = ORIENTED_EDGE('',*,*,#7054,.F.);
#7054 = EDGE_CURVE('',#6957,#7055,#7057,.T.);
#7055 = VERTEX_POINT('',#7056);
#7056 = CARTESIAN_POINT('',(4.228343949045,-1.722929936306,
    2.008111842105));
#7057 = SURFACE_CURVE('',#7058,(#7062,#7069),.PCURVE_S1.);
#7058 = B_SPLINE_CURVE_WITH_KNOTS('',2,(#7059,#7060,#7061),
  .UNSPECIFIED.,.F.,.F.,(3,3),(0.,1.),.PIECEWISE_BEZIER_KNOTS.);
#7059 = CARTESIAN_POINT('',(4.452547770701,-1.798089171975,
    2.008111842105));
#7060 = CARTESIAN_POINT('',(4.371656050955,-1.723566878981,
    2.008111842105));
#7061 = CARTESIAN_POINT('',(4.228343949045,-1.722929936306,
    2.008111842105));
#7062 = PCURVE('',#1892,#7063);
#7063 = DEFINITIONAL_REPRESENTATION('',(#7064),#7068);
#7064 = LINE('',#7065,#7066);
#7065 = CARTESIAN_POINT('',(0.,0.));
#7066 = VECTOR('',#7067,1.);
#7067 = DIRECTION('',(1.,0.));
#7068 = ( GEOMETRIC_REPRESENTATION_CONTEXT(2) 
PARAMETRIC_REPRESENTATION_CONTEXT() REPRESENTATION_CONTEXT('2D SPACE',''
  ) );
#7069 = PCURVE('',#6114,#7070);
#7070 = DEFINITIONAL_REPRESENTATION('',(#7071),#7075);
#7071 = B_SPLINE_CURVE_WITH_KNOTS('',2,(#7072,#7073,#7074),
  .UNSPECIFIED.,.F.,.F.,(3,3),(0.,1.),.PIECEWISE_BEZIER_KNOTS.);
#7072 = CARTESIAN_POINT('',(-0.203673511893,0.539284777227));
#7073 = CARTESIAN_POINT('',(-0.278195804887,0.458393057481));
#7074 = CARTESIAN_POINT('',(-0.278832747562,0.315080955571));
#7075 = ( GEOMETRIC_REPRESENTATION_CONTEXT(2) 
PARAMETRIC_REPRESENTATION_CONTEXT() REPRESENTATION_CONTEXT('2D SPACE',''
  ) );
#7076 = ORIENTED_EDGE('',*,*,#6981,.T.);
#7077 = ORIENTED_EDGE('',*,*,#1870,.F.);
#7078 = ORIENTED_EDGE('',*,*,#7079,.F.);
#7079 = EDGE_CURVE('',#7055,#1871,#7080,.T.);
#7080 = SURFACE_CURVE('',#7081,(#7085,#7092),.PCURVE_S1.);
#7081 = LINE('',#7082,#7083);
#7082 = CARTESIAN_POINT('',(4.228343949045,-1.722929936306,
    2.008111842105));
#7083 = VECTOR('',#7084,1.);
#7084 = DIRECTION('',(0.,0.,1.));
#7085 = PCURVE('',#1892,#7086);
#7086 = DEFINITIONAL_REPRESENTATION('',(#7087),#7091);
#7087 = LINE('',#7088,#7089);
#7088 = CARTESIAN_POINT('',(1.,0.));
#7089 = VECTOR('',#7090,1.);
#7090 = DIRECTION('',(0.,-1.));
#7091 = ( GEOMETRIC_REPRESENTATION_CONTEXT(2) 
PARAMETRIC_REPRESENTATION_CONTEXT() REPRESENTATION_CONTEXT('2D SPACE',''
  ) );
#7092 = PCURVE('',#1924,#7093);
#7093 = DEFINITIONAL_REPRESENTATION('',(#7094),#7098);
#7094 = LINE('',#7095,#7096);
#7095 = CARTESIAN_POINT('',(0.,0.));
#7096 = VECTOR('',#7097,1.);
#7097 = DIRECTION('',(0.,-1.));
#7098 = ( GEOMETRIC_REPRESENTATION_CONTEXT(2) 
PARAMETRIC_REPRESENTATION_CONTEXT() REPRESENTATION_CONTEXT('2D SPACE',''
  ) );
#7099 = ADVANCED_FACE('',(#7100),#1965,.F.);
#7100 = FACE_BOUND('',#7101,.F.);
#7101 = EDGE_LOOP('',(#7102,#7125,#7146,#7147));
#7102 = ORIENTED_EDGE('',*,*,#7103,.F.);
#7103 = EDGE_CURVE('',#7104,#7006,#7106,.T.);
#7104 = VERTEX_POINT('',#7105);
#7105 = CARTESIAN_POINT('',(4.247452229299,-1.545859872611,
    2.008111842105));
#7106 = SURFACE_CURVE('',#7107,(#7111,#7118),.PCURVE_S1.);
#7107 = B_SPLINE_CURVE_WITH_KNOTS('',2,(#7108,#7109,#7110),
  .UNSPECIFIED.,.F.,.F.,(3,3),(0.,1.),.PIECEWISE_BEZIER_KNOTS.);
#7108 = CARTESIAN_POINT('',(4.247452229299,-1.545859872611,
    2.008111842105));
#7109 = CARTESIAN_POINT('',(4.457006369427,-1.564331210191,
    2.008111842105));
#7110 = CARTESIAN_POINT('',(4.566560509554,-1.682802547771,
    2.008111842105));
#7111 = PCURVE('',#1965,#7112);
#7112 = DEFINITIONAL_REPRESENTATION('',(#7113),#7117);
#7113 = LINE('',#7114,#7115);
#7114 = CARTESIAN_POINT('',(0.,0.));
#7115 = VECTOR('',#7116,1.);
#7116 = DIRECTION('',(1.,0.));
#7117 = ( GEOMETRIC_REPRESENTATION_CONTEXT(2) 
PARAMETRIC_REPRESENTATION_CONTEXT() REPRESENTATION_CONTEXT('2D SPACE',''
  ) );
#7118 = PCURVE('',#6114,#7119);
#7119 = DEFINITIONAL_REPRESENTATION('',(#7120),#7124);
#7120 = B_SPLINE_CURVE_WITH_KNOTS('',2,(#7121,#7122,#7123),
  .UNSPECIFIED.,.F.,.F.,(3,3),(0.,1.),.PIECEWISE_BEZIER_KNOTS.);
#7121 = CARTESIAN_POINT('',(-0.455902811256,0.334189235825));
#7122 = CARTESIAN_POINT('',(-0.437431473677,0.543743375953));
#7123 = CARTESIAN_POINT('',(-0.318960136097,0.65329751608));
#7124 = ( GEOMETRIC_REPRESENTATION_CONTEXT(2) 
PARAMETRIC_REPRESENTATION_CONTEXT() REPRESENTATION_CONTEXT('2D SPACE',''
  ) );
#7125 = ORIENTED_EDGE('',*,*,#7126,.T.);
#7126 = EDGE_CURVE('',#7104,#1910,#7127,.T.);
#7127 = SURFACE_CURVE('',#7128,(#7132,#7139),.PCURVE_S1.);
#7128 = LINE('',#7129,#7130);
#7129 = CARTESIAN_POINT('',(4.247452229299,-1.545859872611,
    2.008111842105));
#7130 = VECTOR('',#7131,1.);
#7131 = DIRECTION('',(0.,0.,1.));
#7132 = PCURVE('',#1965,#7133);
#7133 = DEFINITIONAL_REPRESENTATION('',(#7134),#7138);
#7134 = LINE('',#7135,#7136);
#7135 = CARTESIAN_POINT('',(0.,0.));
#7136 = VECTOR('',#7137,1.);
#7137 = DIRECTION('',(0.,-1.));
#7138 = ( GEOMETRIC_REPRESENTATION_CONTEXT(2) 
PARAMETRIC_REPRESENTATION_CONTEXT() REPRESENTATION_CONTEXT('2D SPACE',''
  ) );
#7139 = PCURVE('',#1924,#7140);
#7140 = DEFINITIONAL_REPRESENTATION('',(#7141),#7145);
#7141 = LINE('',#7142,#7143);
#7142 = CARTESIAN_POINT('',(0.178098101705,0.));
#7143 = VECTOR('',#7144,1.);
#7144 = DIRECTION('',(0.,-1.));
#7145 = ( GEOMETRIC_REPRESENTATION_CONTEXT(2) 
PARAMETRIC_REPRESENTATION_CONTEXT() REPRESENTATION_CONTEXT('2D SPACE',''
  ) );
#7146 = ORIENTED_EDGE('',*,*,#1935,.F.);
#7147 = ORIENTED_EDGE('',*,*,#7028,.F.);
#7148 = ADVANCED_FACE('',(#7149),#1924,.F.);
#7149 = FACE_BOUND('',#7150,.F.);
#7150 = EDGE_LOOP('',(#7151,#7172,#7173,#7174));
#7151 = ORIENTED_EDGE('',*,*,#7152,.F.);
#7152 = EDGE_CURVE('',#7055,#7104,#7153,.T.);
#7153 = SURFACE_CURVE('',#7154,(#7158,#7165),.PCURVE_S1.);
#7154 = LINE('',#7155,#7156);
#7155 = CARTESIAN_POINT('',(4.228343949045,-1.722929936306,
    2.008111842105));
#7156 = VECTOR('',#7157,1.);
#7157 = DIRECTION('',(0.107290757576,0.99422768687,0.));
#7158 = PCURVE('',#1924,#7159);
#7159 = DEFINITIONAL_REPRESENTATION('',(#7160),#7164);
#7160 = LINE('',#7161,#7162);
#7161 = CARTESIAN_POINT('',(0.,0.));
#7162 = VECTOR('',#7163,1.);
#7163 = DIRECTION('',(1.,0.));
#7164 = ( GEOMETRIC_REPRESENTATION_CONTEXT(2) 
PARAMETRIC_REPRESENTATION_CONTEXT() REPRESENTATION_CONTEXT('2D SPACE',''
  ) );
#7165 = PCURVE('',#6114,#7166);
#7166 = DEFINITIONAL_REPRESENTATION('',(#7167),#7171);
#7167 = LINE('',#7168,#7169);
#7168 = CARTESIAN_POINT('',(-0.278832747562,0.315080955571));
#7169 = VECTOR('',#7170,1.);
#7170 = DIRECTION('',(-0.99422768687,0.107290757576));
#7171 = ( GEOMETRIC_REPRESENTATION_CONTEXT(2) 
PARAMETRIC_REPRESENTATION_CONTEXT() REPRESENTATION_CONTEXT('2D SPACE',''
  ) );
#7172 = ORIENTED_EDGE('',*,*,#7079,.T.);
#7173 = ORIENTED_EDGE('',*,*,#1909,.F.);
#7174 = ORIENTED_EDGE('',*,*,#7126,.F.);
#7175 = ADVANCED_FACE('',(#7176),#2383,.F.);
#7176 = FACE_BOUND('',#7177,.F.);
#7177 = EDGE_LOOP('',(#7178,#7208,#7229,#7230));
#7178 = ORIENTED_EDGE('',*,*,#7179,.F.);
#7179 = EDGE_CURVE('',#7180,#7182,#7184,.T.);
#7180 = VERTEX_POINT('',#7181);
#7181 = CARTESIAN_POINT('',(3.25,-1.082802547771,2.008111842105));
#7182 = VERTEX_POINT('',#7183);
#7183 = CARTESIAN_POINT('',(3.25,-0.910828025478,2.008111842105));
#7184 = SURFACE_CURVE('',#7185,(#7189,#7196),.PCURVE_S1.);
#7185 = LINE('',#7186,#7187);
#7186 = CARTESIAN_POINT('',(3.25,-1.082802547771,2.008111842105));
#7187 = VECTOR('',#7188,1.);
#7188 = DIRECTION('',(-2.22044604925E-16,1.,0.));
#7189 = PCURVE('',#2383,#7190);
#7190 = DEFINITIONAL_REPRESENTATION('',(#7191),#7195);
#7191 = LINE('',#7192,#7193);
#7192 = CARTESIAN_POINT('',(0.,0.));
#7193 = VECTOR('',#7194,1.);
#7194 = DIRECTION('',(1.,0.));
#7195 = ( GEOMETRIC_REPRESENTATION_CONTEXT(2) 
PARAMETRIC_REPRESENTATION_CONTEXT() REPRESENTATION_CONTEXT('2D SPACE',''
  ) );
#7196 = PCURVE('',#7197,#7202);
#7197 = PLANE('',#7198);
#7198 = AXIS2_PLACEMENT_3D('',#7199,#7200,#7201);
#7199 = CARTESIAN_POINT('',(4.01967992684,-0.931359825622,2.008111842105
    ));
#7200 = DIRECTION('',(0.,0.,1.));
#7201 = DIRECTION('',(2.22044604925E-16,-1.,0.));
#7202 = DEFINITIONAL_REPRESENTATION('',(#7203),#7207);
#7203 = LINE('',#7204,#7205);
#7204 = CARTESIAN_POINT('',(0.151442722149,-0.76967992684));
#7205 = VECTOR('',#7206,1.);
#7206 = DIRECTION('',(-1.,0.));
#7207 = ( GEOMETRIC_REPRESENTATION_CONTEXT(2) 
PARAMETRIC_REPRESENTATION_CONTEXT() REPRESENTATION_CONTEXT('2D SPACE',''
  ) );
#7208 = ORIENTED_EDGE('',*,*,#7209,.T.);
#7209 = EDGE_CURVE('',#7180,#2369,#7210,.T.);
#7210 = SURFACE_CURVE('',#7211,(#7215,#7222),.PCURVE_S1.);
#7211 = LINE('',#7212,#7213);
#7212 = CARTESIAN_POINT('',(3.25,-1.082802547771,2.008111842105));
#7213 = VECTOR('',#7214,1.);
#7214 = DIRECTION('',(0.,0.,1.));
#7215 = PCURVE('',#2383,#7216);
#7216 = DEFINITIONAL_REPRESENTATION('',(#7217),#7221);
#7217 = LINE('',#7218,#7219);
#7218 = CARTESIAN_POINT('',(0.,0.));
#7219 = VECTOR('',#7220,1.);
#7220 = DIRECTION('',(0.,-1.));
#7221 = ( GEOMETRIC_REPRESENTATION_CONTEXT(2) 
PARAMETRIC_REPRESENTATION_CONTEXT() REPRESENTATION_CONTEXT('2D SPACE',''
  ) );
#7222 = PCURVE('',#2632,#7223);
#7223 = DEFINITIONAL_REPRESENTATION('',(#7224),#7228);
#7224 = LINE('',#7225,#7226);
#7225 = CARTESIAN_POINT('',(1.426751592357,0.));
#7226 = VECTOR('',#7227,1.);
#7227 = DIRECTION('',(0.,-1.));
#7228 = ( GEOMETRIC_REPRESENTATION_CONTEXT(2) 
PARAMETRIC_REPRESENTATION_CONTEXT() REPRESENTATION_CONTEXT('2D SPACE',''
  ) );
#7229 = ORIENTED_EDGE('',*,*,#2366,.F.);
#7230 = ORIENTED_EDGE('',*,*,#7231,.F.);
#7231 = EDGE_CURVE('',#7182,#2367,#7232,.T.);
#7232 = SURFACE_CURVE('',#7233,(#7237,#7244),.PCURVE_S1.);
#7233 = LINE('',#7234,#7235);
#7234 = CARTESIAN_POINT('',(3.25,-0.910828025478,2.008111842105));
#7235 = VECTOR('',#7236,1.);
#7236 = DIRECTION('',(0.,0.,1.));
#7237 = PCURVE('',#2383,#7238);
#7238 = DEFINITIONAL_REPRESENTATION('',(#7239),#7243);
#7239 = LINE('',#7240,#7241);
#7240 = CARTESIAN_POINT('',(0.171974522293,0.));
#7241 = VECTOR('',#7242,1.);
#7242 = DIRECTION('',(0.,-1.));
#7243 = ( GEOMETRIC_REPRESENTATION_CONTEXT(2) 
PARAMETRIC_REPRESENTATION_CONTEXT() REPRESENTATION_CONTEXT('2D SPACE',''
  ) );
#7244 = PCURVE('',#2409,#7245);
#7245 = DEFINITIONAL_REPRESENTATION('',(#7246),#7250);
#7246 = LINE('',#7247,#7248);
#7247 = CARTESIAN_POINT('',(0.,0.));
#7248 = VECTOR('',#7249,1.);
#7249 = DIRECTION('',(0.,-1.));
#7250 = ( GEOMETRIC_REPRESENTATION_CONTEXT(2) 
PARAMETRIC_REPRESENTATION_CONTEXT() REPRESENTATION_CONTEXT('2D SPACE',''
  ) );
#7251 = ADVANCED_FACE('',(#7252),#2409,.F.);
#7252 = FACE_BOUND('',#7253,.F.);
#7253 = EDGE_LOOP('',(#7254,#7277,#7278,#7279));
#7254 = ORIENTED_EDGE('',*,*,#7255,.F.);
#7255 = EDGE_CURVE('',#7182,#7256,#7258,.T.);
#7256 = VERTEX_POINT('',#7257);
#7257 = CARTESIAN_POINT('',(4.361464968153,-0.910828025478,
    2.008111842105));
#7258 = SURFACE_CURVE('',#7259,(#7263,#7270),.PCURVE_S1.);
#7259 = LINE('',#7260,#7261);
#7260 = CARTESIAN_POINT('',(3.25,-0.910828025478,2.008111842105));
#7261 = VECTOR('',#7262,1.);
#7262 = DIRECTION('',(1.,2.22044604925E-16,0.));
#7263 = PCURVE('',#2409,#7264);
#7264 = DEFINITIONAL_REPRESENTATION('',(#7265),#7269);
#7265 = LINE('',#7266,#7267);
#7266 = CARTESIAN_POINT('',(0.,0.));
#7267 = VECTOR('',#7268,1.);
#7268 = DIRECTION('',(1.,0.));
#7269 = ( GEOMETRIC_REPRESENTATION_CONTEXT(2) 
PARAMETRIC_REPRESENTATION_CONTEXT() REPRESENTATION_CONTEXT('2D SPACE',''
  ) );
#7270 = PCURVE('',#7197,#7271);
#7271 = DEFINITIONAL_REPRESENTATION('',(#7272),#7276);
#7272 = LINE('',#7273,#7274);
#7273 = CARTESIAN_POINT('',(-2.053180014414E-02,-0.76967992684));
#7274 = VECTOR('',#7275,1.);
#7275 = DIRECTION('',(0.,1.));
#7276 = ( GEOMETRIC_REPRESENTATION_CONTEXT(2) 
PARAMETRIC_REPRESENTATION_CONTEXT() REPRESENTATION_CONTEXT('2D SPACE',''
  ) );
#7277 = ORIENTED_EDGE('',*,*,#7231,.T.);
#7278 = ORIENTED_EDGE('',*,*,#2394,.F.);
#7279 = ORIENTED_EDGE('',*,*,#7280,.F.);
#7280 = EDGE_CURVE('',#7256,#2395,#7281,.T.);
#7281 = SURFACE_CURVE('',#7282,(#7286,#7293),.PCURVE_S1.);
#7282 = LINE('',#7283,#7284);
#7283 = CARTESIAN_POINT('',(4.361464968153,-0.910828025478,
    2.008111842105));
#7284 = VECTOR('',#7285,1.);
#7285 = DIRECTION('',(0.,0.,1.));
#7286 = PCURVE('',#2409,#7287);
#7287 = DEFINITIONAL_REPRESENTATION('',(#7288),#7292);
#7288 = LINE('',#7289,#7290);
#7289 = CARTESIAN_POINT('',(1.111464968153,0.));
#7290 = VECTOR('',#7291,1.);
#7291 = DIRECTION('',(0.,-1.));
#7292 = ( GEOMETRIC_REPRESENTATION_CONTEXT(2) 
PARAMETRIC_REPRESENTATION_CONTEXT() REPRESENTATION_CONTEXT('2D SPACE',''
  ) );
#7293 = PCURVE('',#2440,#7294);
#7294 = DEFINITIONAL_REPRESENTATION('',(#7295),#7299);
#7295 = LINE('',#7296,#7297);
#7296 = CARTESIAN_POINT('',(0.,0.));
#7297 = VECTOR('',#7298,1.);
#7298 = DIRECTION('',(0.,-1.));
#7299 = ( GEOMETRIC_REPRESENTATION_CONTEXT(2) 
PARAMETRIC_REPRESENTATION_CONTEXT() REPRESENTATION_CONTEXT('2D SPACE',''
  ) );
#7300 = ADVANCED_FACE('',(#7301),#2632,.F.);
#7301 = FACE_BOUND('',#7302,.F.);
#7302 = EDGE_LOOP('',(#7303,#7326,#7347,#7348));
#7303 = ORIENTED_EDGE('',*,*,#7304,.F.);
#7304 = EDGE_CURVE('',#7305,#7180,#7307,.T.);
#7305 = VERTEX_POINT('',#7306);
#7306 = CARTESIAN_POINT('',(4.676751592357,-1.082802547771,
    2.008111842105));
#7307 = SURFACE_CURVE('',#7308,(#7312,#7319),.PCURVE_S1.);
#7308 = LINE('',#7309,#7310);
#7309 = CARTESIAN_POINT('',(4.676751592357,-1.082802547771,
    2.008111842105));
#7310 = VECTOR('',#7311,1.);
#7311 = DIRECTION('',(-1.,-2.22044604925E-16,0.));
#7312 = PCURVE('',#2632,#7313);
#7313 = DEFINITIONAL_REPRESENTATION('',(#7314),#7318);
#7314 = LINE('',#7315,#7316);
#7315 = CARTESIAN_POINT('',(0.,0.));
#7316 = VECTOR('',#7317,1.);
#7317 = DIRECTION('',(1.,0.));
#7318 = ( GEOMETRIC_REPRESENTATION_CONTEXT(2) 
PARAMETRIC_REPRESENTATION_CONTEXT() REPRESENTATION_CONTEXT('2D SPACE',''
  ) );
#7319 = PCURVE('',#7197,#7320);
#7320 = DEFINITIONAL_REPRESENTATION('',(#7321),#7325);
#7321 = LINE('',#7322,#7323);
#7322 = CARTESIAN_POINT('',(0.151442722149,0.657071665517));
#7323 = VECTOR('',#7324,1.);
#7324 = DIRECTION('',(0.,-1.));
#7325 = ( GEOMETRIC_REPRESENTATION_CONTEXT(2) 
PARAMETRIC_REPRESENTATION_CONTEXT() REPRESENTATION_CONTEXT('2D SPACE',''
  ) );
#7326 = ORIENTED_EDGE('',*,*,#7327,.T.);
#7327 = EDGE_CURVE('',#7305,#2594,#7328,.T.);
#7328 = SURFACE_CURVE('',#7329,(#7333,#7340),.PCURVE_S1.);
#7329 = LINE('',#7330,#7331);
#7330 = CARTESIAN_POINT('',(4.676751592357,-1.082802547771,
    2.008111842105));
#7331 = VECTOR('',#7332,1.);
#7332 = DIRECTION('',(0.,0.,1.));
#7333 = PCURVE('',#2632,#7334);
#7334 = DEFINITIONAL_REPRESENTATION('',(#7335),#7339);
#7335 = LINE('',#7336,#7337);
#7336 = CARTESIAN_POINT('',(0.,0.));
#7337 = VECTOR('',#7338,1.);
#7338 = DIRECTION('',(0.,-1.));
#7339 = ( GEOMETRIC_REPRESENTATION_CONTEXT(2) 
PARAMETRIC_REPRESENTATION_CONTEXT() REPRESENTATION_CONTEXT('2D SPACE',''
  ) );
#7340 = PCURVE('',#2608,#7341);
#7341 = DEFINITIONAL_REPRESENTATION('',(#7342),#7346);
#7342 = LINE('',#7343,#7344);
#7343 = CARTESIAN_POINT('',(0.110828025478,0.));
#7344 = VECTOR('',#7345,1.);
#7345 = DIRECTION('',(0.,-1.));
#7346 = ( GEOMETRIC_REPRESENTATION_CONTEXT(2) 
PARAMETRIC_REPRESENTATION_CONTEXT() REPRESENTATION_CONTEXT('2D SPACE',''
  ) );
#7347 = ORIENTED_EDGE('',*,*,#2619,.F.);
#7348 = ORIENTED_EDGE('',*,*,#7209,.F.);
#7349 = ADVANCED_FACE('',(#7350),#2440,.F.);
#7350 = FACE_BOUND('',#7351,.F.);
#7351 = EDGE_LOOP('',(#7352,#7375,#7376,#7377));
#7352 = ORIENTED_EDGE('',*,*,#7353,.F.);
#7353 = EDGE_CURVE('',#7256,#7354,#7356,.T.);
#7354 = VERTEX_POINT('',#7355);
#7355 = CARTESIAN_POINT('',(4.238535031847,-0.747770700637,
    2.008111842105));
#7356 = SURFACE_CURVE('',#7357,(#7361,#7368),.PCURVE_S1.);
#7357 = B_SPLINE_CURVE_WITH_KNOTS('',2,(#7358,#7359,#7360),
  .UNSPECIFIED.,.F.,.F.,(3,3),(0.,1.),.PIECEWISE_BEZIER_KNOTS.);
#7358 = CARTESIAN_POINT('',(4.361464968153,-0.910828025478,
    2.008111842105));
#7359 = CARTESIAN_POINT('',(4.300318471338,-0.848407643312,
    2.008111842105));
#7360 = CARTESIAN_POINT('',(4.238535031847,-0.747770700637,
    2.008111842105));
#7361 = PCURVE('',#2440,#7362);
#7362 = DEFINITIONAL_REPRESENTATION('',(#7363),#7367);
#7363 = LINE('',#7364,#7365);
#7364 = CARTESIAN_POINT('',(0.,0.));
#7365 = VECTOR('',#7366,1.);
#7366 = DIRECTION('',(1.,0.));
#7367 = ( GEOMETRIC_REPRESENTATION_CONTEXT(2) 
PARAMETRIC_REPRESENTATION_CONTEXT() REPRESENTATION_CONTEXT('2D SPACE',''
  ) );
#7368 = PCURVE('',#7197,#7369);
#7369 = DEFINITIONAL_REPRESENTATION('',(#7370),#7374);
#7370 = B_SPLINE_CURVE_WITH_KNOTS('',2,(#7371,#7372,#7373),
  .UNSPECIFIED.,.F.,.F.,(3,3),(0.,1.),.PIECEWISE_BEZIER_KNOTS.);
#7371 = CARTESIAN_POINT('',(-2.053180014414E-02,0.341785041313));
#7372 = CARTESIAN_POINT('',(-8.295218230974E-02,0.280638544498));
#7373 = CARTESIAN_POINT('',(-0.183589124985,0.218855105008));
#7374 = ( GEOMETRIC_REPRESENTATION_CONTEXT(2) 
PARAMETRIC_REPRESENTATION_CONTEXT() REPRESENTATION_CONTEXT('2D SPACE',''
  ) );
#7375 = ORIENTED_EDGE('',*,*,#7280,.T.);
#7376 = ORIENTED_EDGE('',*,*,#2420,.F.);
#7377 = ORIENTED_EDGE('',*,*,#7378,.F.);
#7378 = EDGE_CURVE('',#7354,#2421,#7379,.T.);
#7379 = SURFACE_CURVE('',#7380,(#7384,#7391),.PCURVE_S1.);
#7380 = LINE('',#7381,#7382);
#7381 = CARTESIAN_POINT('',(4.238535031847,-0.747770700637,
    2.008111842105));
#7382 = VECTOR('',#7383,1.);
#7383 = DIRECTION('',(0.,0.,1.));
#7384 = PCURVE('',#2440,#7385);
#7385 = DEFINITIONAL_REPRESENTATION('',(#7386),#7390);
#7386 = LINE('',#7387,#7388);
#7387 = CARTESIAN_POINT('',(1.,0.));
#7388 = VECTOR('',#7389,1.);
#7389 = DIRECTION('',(0.,-1.));
#7390 = ( GEOMETRIC_REPRESENTATION_CONTEXT(2) 
PARAMETRIC_REPRESENTATION_CONTEXT() REPRESENTATION_CONTEXT('2D SPACE',''
  ) );
#7391 = PCURVE('',#2476,#7392);
#7392 = DEFINITIONAL_REPRESENTATION('',(#7393),#7397);
#7393 = LINE('',#7394,#7395);
#7394 = CARTESIAN_POINT('',(0.,0.));
#7395 = VECTOR('',#7396,1.);
#7396 = DIRECTION('',(0.,-1.));
#7397 = ( GEOMETRIC_REPRESENTATION_CONTEXT(2) 
PARAMETRIC_REPRESENTATION_CONTEXT() REPRESENTATION_CONTEXT('2D SPACE',''
  ) );
#7398 = ADVANCED_FACE('',(#7399),#2608,.F.);
#7399 = FACE_BOUND('',#7400,.F.);
#7400 = EDGE_LOOP('',(#7401,#7424,#7445,#7446));
#7401 = ORIENTED_EDGE('',*,*,#7402,.F.);
#7402 = EDGE_CURVE('',#7403,#7305,#7405,.T.);
#7403 = VERTEX_POINT('',#7404);
#7404 = CARTESIAN_POINT('',(4.676751592357,-0.971974522293,
    2.008111842105));
#7405 = SURFACE_CURVE('',#7406,(#7410,#7417),.PCURVE_S1.);
#7406 = LINE('',#7407,#7408);
#7407 = CARTESIAN_POINT('',(4.676751592357,-0.971974522293,
    2.008111842105));
#7408 = VECTOR('',#7409,1.);
#7409 = DIRECTION('',(2.22044604925E-16,-1.,0.));
#7410 = PCURVE('',#2608,#7411);
#7411 = DEFINITIONAL_REPRESENTATION('',(#7412),#7416);
#7412 = LINE('',#7413,#7414);
#7413 = CARTESIAN_POINT('',(0.,0.));
#7414 = VECTOR('',#7415,1.);
#7415 = DIRECTION('',(1.,0.));
#7416 = ( GEOMETRIC_REPRESENTATION_CONTEXT(2) 
PARAMETRIC_REPRESENTATION_CONTEXT() REPRESENTATION_CONTEXT('2D SPACE',''
  ) );
#7417 = PCURVE('',#7197,#7418);
#7418 = DEFINITIONAL_REPRESENTATION('',(#7419),#7423);
#7419 = LINE('',#7420,#7421);
#7420 = CARTESIAN_POINT('',(4.061469667115E-02,0.657071665517));
#7421 = VECTOR('',#7422,1.);
#7422 = DIRECTION('',(1.,0.));
#7423 = ( GEOMETRIC_REPRESENTATION_CONTEXT(2) 
PARAMETRIC_REPRESENTATION_CONTEXT() REPRESENTATION_CONTEXT('2D SPACE',''
  ) );
#7424 = ORIENTED_EDGE('',*,*,#7425,.T.);
#7425 = EDGE_CURVE('',#7403,#2555,#7426,.T.);
#7426 = SURFACE_CURVE('',#7427,(#7431,#7438),.PCURVE_S1.);
#7427 = LINE('',#7428,#7429);
#7428 = CARTESIAN_POINT('',(4.676751592357,-0.971974522293,
    2.008111842105));
#7429 = VECTOR('',#7430,1.);
#7430 = DIRECTION('',(0.,0.,1.));
#7431 = PCURVE('',#2608,#7432);
#7432 = DEFINITIONAL_REPRESENTATION('',(#7433),#7437);
#7433 = LINE('',#7434,#7435);
#7434 = CARTESIAN_POINT('',(0.,0.));
#7435 = VECTOR('',#7436,1.);
#7436 = DIRECTION('',(0.,-1.));
#7437 = ( GEOMETRIC_REPRESENTATION_CONTEXT(2) 
PARAMETRIC_REPRESENTATION_CONTEXT() REPRESENTATION_CONTEXT('2D SPACE',''
  ) );
#7438 = PCURVE('',#2576,#7439);
#7439 = DEFINITIONAL_REPRESENTATION('',(#7440),#7444);
#7440 = LINE('',#7441,#7442);
#7441 = CARTESIAN_POINT('',(1.,0.));
#7442 = VECTOR('',#7443,1.);
#7443 = DIRECTION('',(0.,-1.));
#7444 = ( GEOMETRIC_REPRESENTATION_CONTEXT(2) 
PARAMETRIC_REPRESENTATION_CONTEXT() REPRESENTATION_CONTEXT('2D SPACE',''
  ) );
#7445 = ORIENTED_EDGE('',*,*,#2593,.F.);
#7446 = ORIENTED_EDGE('',*,*,#7327,.F.);
#7447 = ADVANCED_FACE('',(#7448),#2476,.F.);
#7448 = FACE_BOUND('',#7449,.F.);
#7449 = EDGE_LOOP('',(#7450,#7473,#7474,#7475));
#7450 = ORIENTED_EDGE('',*,*,#7451,.F.);
#7451 = EDGE_CURVE('',#7354,#7452,#7454,.T.);
#7452 = VERTEX_POINT('',#7453);
#7453 = CARTESIAN_POINT('',(4.146815286624,-0.566878980892,
    2.008111842105));
#7454 = SURFACE_CURVE('',#7455,(#7459,#7466),.PCURVE_S1.);
#7455 = B_SPLINE_CURVE_WITH_KNOTS('',2,(#7456,#7457,#7458),
  .UNSPECIFIED.,.F.,.F.,(3,3),(0.,1.),.PIECEWISE_BEZIER_KNOTS.);
#7456 = CARTESIAN_POINT('',(4.238535031847,-0.747770700637,
    2.008111842105));
#7457 = CARTESIAN_POINT('',(4.177388535032,-0.647133757962,
    2.008111842105));
#7458 = CARTESIAN_POINT('',(4.146815286624,-0.566878980892,
    2.008111842105));
#7459 = PCURVE('',#2476,#7460);
#7460 = DEFINITIONAL_REPRESENTATION('',(#7461),#7465);
#7461 = LINE('',#7462,#7463);
#7462 = CARTESIAN_POINT('',(0.,0.));
#7463 = VECTOR('',#7464,1.);
#7464 = DIRECTION('',(1.,0.));
#7465 = ( GEOMETRIC_REPRESENTATION_CONTEXT(2) 
PARAMETRIC_REPRESENTATION_CONTEXT() REPRESENTATION_CONTEXT('2D SPACE',''
  ) );
#7466 = PCURVE('',#7197,#7467);
#7467 = DEFINITIONAL_REPRESENTATION('',(#7468),#7472);
#7468 = B_SPLINE_CURVE_WITH_KNOTS('',2,(#7469,#7470,#7471),
  .UNSPECIFIED.,.F.,.F.,(3,3),(0.,1.),.PIECEWISE_BEZIER_KNOTS.);
#7469 = CARTESIAN_POINT('',(-0.183589124985,0.218855105008));
#7470 = CARTESIAN_POINT('',(-0.28422606766,0.157708608192));
#7471 = CARTESIAN_POINT('',(-0.36448084473,0.127135359785));
#7472 = ( GEOMETRIC_REPRESENTATION_CONTEXT(2) 
PARAMETRIC_REPRESENTATION_CONTEXT() REPRESENTATION_CONTEXT('2D SPACE',''
  ) );
#7473 = ORIENTED_EDGE('',*,*,#7378,.T.);
#7474 = ORIENTED_EDGE('',*,*,#2456,.F.);
#7475 = ORIENTED_EDGE('',*,*,#7476,.F.);
#7476 = EDGE_CURVE('',#7452,#2457,#7477,.T.);
#7477 = SURFACE_CURVE('',#7478,(#7482,#7489),.PCURVE_S1.);
#7478 = LINE('',#7479,#7480);
#7479 = CARTESIAN_POINT('',(4.146815286624,-0.566878980892,
    2.008111842105));
#7480 = VECTOR('',#7481,1.);
#7481 = DIRECTION('',(0.,0.,1.));
#7482 = PCURVE('',#2476,#7483);
#7483 = DEFINITIONAL_REPRESENTATION('',(#7484),#7488);
#7484 = LINE('',#7485,#7486);
#7485 = CARTESIAN_POINT('',(1.,0.));
#7486 = VECTOR('',#7487,1.);
#7487 = DIRECTION('',(0.,-1.));
#7488 = ( GEOMETRIC_REPRESENTATION_CONTEXT(2) 
PARAMETRIC_REPRESENTATION_CONTEXT() REPRESENTATION_CONTEXT('2D SPACE',''
  ) );
#7489 = PCURVE('',#2507,#7490);
#7490 = DEFINITIONAL_REPRESENTATION('',(#7491),#7495);
#7491 = LINE('',#7492,#7493);
#7492 = CARTESIAN_POINT('',(0.,0.));
#7493 = VECTOR('',#7494,1.);
#7494 = DIRECTION('',(0.,-1.));
#7495 = ( GEOMETRIC_REPRESENTATION_CONTEXT(2) 
PARAMETRIC_REPRESENTATION_CONTEXT() REPRESENTATION_CONTEXT('2D SPACE',''
  ) );
#7496 = ADVANCED_FACE('',(#7497),#2576,.F.);
#7497 = FACE_BOUND('',#7498,.F.);
#7498 = EDGE_LOOP('',(#7499,#7522,#7543,#7544));
#7499 = ORIENTED_EDGE('',*,*,#7500,.F.);
#7500 = EDGE_CURVE('',#7501,#7403,#7503,.T.);
#7501 = VERTEX_POINT('',#7502);
#7502 = CARTESIAN_POINT('',(4.481210191083,-0.81847133758,2.008111842105
    ));
#7503 = SURFACE_CURVE('',#7504,(#7508,#7515),.PCURVE_S1.);
#7504 = B_SPLINE_CURVE_WITH_KNOTS('',2,(#7505,#7506,#7507),
  .UNSPECIFIED.,.F.,.F.,(3,3),(0.,1.),.PIECEWISE_BEZIER_KNOTS.);
#7505 = CARTESIAN_POINT('',(4.481210191083,-0.81847133758,2.008111842105
    ));
#7506 = CARTESIAN_POINT('',(4.581847133758,-0.926751592357,
    2.008111842105));
#7507 = CARTESIAN_POINT('',(4.676751592357,-0.971974522293,
    2.008111842105));
#7508 = PCURVE('',#2576,#7509);
#7509 = DEFINITIONAL_REPRESENTATION('',(#7510),#7514);
#7510 = LINE('',#7511,#7512);
#7511 = CARTESIAN_POINT('',(0.,0.));
#7512 = VECTOR('',#7513,1.);
#7513 = DIRECTION('',(1.,0.));
#7514 = ( GEOMETRIC_REPRESENTATION_CONTEXT(2) 
PARAMETRIC_REPRESENTATION_CONTEXT() REPRESENTATION_CONTEXT('2D SPACE',''
  ) );
#7515 = PCURVE('',#7197,#7516);
#7516 = DEFINITIONAL_REPRESENTATION('',(#7517),#7521);
#7517 = B_SPLINE_CURVE_WITH_KNOTS('',2,(#7518,#7519,#7520),
  .UNSPECIFIED.,.F.,.F.,(3,3),(0.,1.),.PIECEWISE_BEZIER_KNOTS.);
#7518 = CARTESIAN_POINT('',(-0.112888488042,0.461530264243));
#7519 = CARTESIAN_POINT('',(-4.608233265155E-03,0.562167206918));
#7520 = CARTESIAN_POINT('',(4.061469667115E-02,0.657071665517));
#7521 = ( GEOMETRIC_REPRESENTATION_CONTEXT(2) 
PARAMETRIC_REPRESENTATION_CONTEXT() REPRESENTATION_CONTEXT('2D SPACE',''
  ) );
#7522 = ORIENTED_EDGE('',*,*,#7523,.T.);
#7523 = EDGE_CURVE('',#7501,#2519,#7524,.T.);
#7524 = SURFACE_CURVE('',#7525,(#7529,#7536),.PCURVE_S1.);
#7525 = LINE('',#7526,#7527);
#7526 = CARTESIAN_POINT('',(4.481210191083,-0.81847133758,2.008111842105
    ));
#7527 = VECTOR('',#7528,1.);
#7528 = DIRECTION('',(0.,0.,1.));
#7529 = PCURVE('',#2576,#7530);
#7530 = DEFINITIONAL_REPRESENTATION('',(#7531),#7535);
#7531 = LINE('',#7532,#7533);
#7532 = CARTESIAN_POINT('',(0.,0.));
#7533 = VECTOR('',#7534,1.);
#7534 = DIRECTION('',(0.,-1.));
#7535 = ( GEOMETRIC_REPRESENTATION_CONTEXT(2) 
PARAMETRIC_REPRESENTATION_CONTEXT() REPRESENTATION_CONTEXT('2D SPACE',''
  ) );
#7536 = PCURVE('',#2538,#7537);
#7537 = DEFINITIONAL_REPRESENTATION('',(#7538),#7542);
#7538 = LINE('',#7539,#7540);
#7539 = CARTESIAN_POINT('',(1.,0.));
#7540 = VECTOR('',#7541,1.);
#7541 = DIRECTION('',(0.,-1.));
#7542 = ( GEOMETRIC_REPRESENTATION_CONTEXT(2) 
PARAMETRIC_REPRESENTATION_CONTEXT() REPRESENTATION_CONTEXT('2D SPACE',''
  ) );
#7543 = ORIENTED_EDGE('',*,*,#2554,.F.);
#7544 = ORIENTED_EDGE('',*,*,#7425,.F.);
#7545 = ADVANCED_FACE('',(#7546),#2507,.F.);
#7546 = FACE_BOUND('',#7547,.F.);
#7547 = EDGE_LOOP('',(#7548,#7571,#7572,#7573));
#7548 = ORIENTED_EDGE('',*,*,#7549,.F.);
#7549 = EDGE_CURVE('',#7452,#7550,#7552,.T.);
#7550 = VERTEX_POINT('',#7551);
#7551 = CARTESIAN_POINT('',(4.309872611465,-0.566878980892,
    2.008111842105));
#7552 = SURFACE_CURVE('',#7553,(#7557,#7564),.PCURVE_S1.);
#7553 = LINE('',#7554,#7555);
#7554 = CARTESIAN_POINT('',(4.146815286624,-0.566878980892,
    2.008111842105));
#7555 = VECTOR('',#7556,1.);
#7556 = DIRECTION('',(1.,2.22044604925E-16,0.));
#7557 = PCURVE('',#2507,#7558);
#7558 = DEFINITIONAL_REPRESENTATION('',(#7559),#7563);
#7559 = LINE('',#7560,#7561);
#7560 = CARTESIAN_POINT('',(0.,0.));
#7561 = VECTOR('',#7562,1.);
#7562 = DIRECTION('',(1.,0.));
#7563 = ( GEOMETRIC_REPRESENTATION_CONTEXT(2) 
PARAMETRIC_REPRESENTATION_CONTEXT() REPRESENTATION_CONTEXT('2D SPACE',''
  ) );
#7564 = PCURVE('',#7197,#7565);
#7565 = DEFINITIONAL_REPRESENTATION('',(#7566),#7570);
#7566 = LINE('',#7567,#7568);
#7567 = CARTESIAN_POINT('',(-0.36448084473,0.127135359785));
#7568 = VECTOR('',#7569,1.);
#7569 = DIRECTION('',(0.,1.));
#7570 = ( GEOMETRIC_REPRESENTATION_CONTEXT(2) 
PARAMETRIC_REPRESENTATION_CONTEXT() REPRESENTATION_CONTEXT('2D SPACE',''
  ) );
#7571 = ORIENTED_EDGE('',*,*,#7476,.T.);
#7572 = ORIENTED_EDGE('',*,*,#2492,.F.);
#7573 = ORIENTED_EDGE('',*,*,#7574,.F.);
#7574 = EDGE_CURVE('',#7550,#2493,#7575,.T.);
#7575 = SURFACE_CURVE('',#7576,(#7580,#7587),.PCURVE_S1.);
#7576 = LINE('',#7577,#7578);
#7577 = CARTESIAN_POINT('',(4.309872611465,-0.566878980892,
    2.008111842105));
#7578 = VECTOR('',#7579,1.);
#7579 = DIRECTION('',(0.,0.,1.));
#7580 = PCURVE('',#2507,#7581);
#7581 = DEFINITIONAL_REPRESENTATION('',(#7582),#7586);
#7582 = LINE('',#7583,#7584);
#7583 = CARTESIAN_POINT('',(0.163057324841,0.));
#7584 = VECTOR('',#7585,1.);
#7585 = DIRECTION('',(0.,-1.));
#7586 = ( GEOMETRIC_REPRESENTATION_CONTEXT(2) 
PARAMETRIC_REPRESENTATION_CONTEXT() REPRESENTATION_CONTEXT('2D SPACE',''
  ) );
#7587 = PCURVE('',#2538,#7588);
#7588 = DEFINITIONAL_REPRESENTATION('',(#7589),#7593);
#7589 = LINE('',#7590,#7591);
#7590 = CARTESIAN_POINT('',(0.,0.));
#7591 = VECTOR('',#7592,1.);
#7592 = DIRECTION('',(0.,-1.));
#7593 = ( GEOMETRIC_REPRESENTATION_CONTEXT(2) 
PARAMETRIC_REPRESENTATION_CONTEXT() REPRESENTATION_CONTEXT('2D SPACE',''
  ) );
#7594 = ADVANCED_FACE('',(#7595),#2538,.F.);
#7595 = FACE_BOUND('',#7596,.F.);
#7596 = EDGE_LOOP('',(#7597,#7618,#7619,#7620));
#7597 = ORIENTED_EDGE('',*,*,#7598,.F.);
#7598 = EDGE_CURVE('',#7550,#7501,#7599,.T.);
#7599 = SURFACE_CURVE('',#7600,(#7604,#7611),.PCURVE_S1.);
#7600 = B_SPLINE_CURVE_WITH_KNOTS('',2,(#7601,#7602,#7603),
  .UNSPECIFIED.,.F.,.F.,(3,3),(0.,1.),.PIECEWISE_BEZIER_KNOTS.);
#7601 = CARTESIAN_POINT('',(4.309872611465,-0.566878980892,
    2.008111842105));
#7602 = CARTESIAN_POINT('',(4.380573248408,-0.710828025478,
    2.008111842105));
#7603 = CARTESIAN_POINT('',(4.481210191083,-0.81847133758,2.008111842105
    ));
#7604 = PCURVE('',#2538,#7605);
#7605 = DEFINITIONAL_REPRESENTATION('',(#7606),#7610);
#7606 = LINE('',#7607,#7608);
#7607 = CARTESIAN_POINT('',(0.,0.));
#7608 = VECTOR('',#7609,1.);
#7609 = DIRECTION('',(1.,0.));
#7610 = ( GEOMETRIC_REPRESENTATION_CONTEXT(2) 
PARAMETRIC_REPRESENTATION_CONTEXT() REPRESENTATION_CONTEXT('2D SPACE',''
  ) );
#7611 = PCURVE('',#7197,#7612);
#7612 = DEFINITIONAL_REPRESENTATION('',(#7613),#7617);
#7613 = B_SPLINE_CURVE_WITH_KNOTS('',2,(#7614,#7615,#7616),
  .UNSPECIFIED.,.F.,.F.,(3,3),(0.,1.),.PIECEWISE_BEZIER_KNOTS.);
#7614 = CARTESIAN_POINT('',(-0.36448084473,0.290192684625));
#7615 = CARTESIAN_POINT('',(-0.220531800144,0.360893321568));
#7616 = CARTESIAN_POINT('',(-0.112888488042,0.461530264243));
#7617 = ( GEOMETRIC_REPRESENTATION_CONTEXT(2) 
PARAMETRIC_REPRESENTATION_CONTEXT() REPRESENTATION_CONTEXT('2D SPACE',''
  ) );
#7618 = ORIENTED_EDGE('',*,*,#7574,.T.);
#7619 = ORIENTED_EDGE('',*,*,#2518,.F.);
#7620 = ORIENTED_EDGE('',*,*,#7523,.F.);
#7621 = ADVANCED_FACE('',(#7622),#2662,.F.);
#7622 = FACE_BOUND('',#7623,.F.);
#7623 = EDGE_LOOP('',(#7624,#7654,#7675,#7676));
#7624 = ORIENTED_EDGE('',*,*,#7625,.F.);
#7625 = EDGE_CURVE('',#7626,#7628,#7630,.T.);
#7626 = VERTEX_POINT('',#7627);
#7627 = CARTESIAN_POINT('',(3.698407643312,0.236305732484,2.008111842105
    ));
#7628 = VERTEX_POINT('',#7629);
#7629 = CARTESIAN_POINT('',(3.861464968153,0.236305732484,2.008111842105
    ));
#7630 = SURFACE_CURVE('',#7631,(#7635,#7642),.PCURVE_S1.);
#7631 = LINE('',#7632,#7633);
#7632 = CARTESIAN_POINT('',(3.698407643312,0.236305732484,2.008111842105
    ));
#7633 = VECTOR('',#7634,1.);
#7634 = DIRECTION('',(1.,2.22044604925E-16,0.));
#7635 = PCURVE('',#2662,#7636);
#7636 = DEFINITIONAL_REPRESENTATION('',(#7637),#7641);
#7637 = LINE('',#7638,#7639);
#7638 = CARTESIAN_POINT('',(0.,0.));
#7639 = VECTOR('',#7640,1.);
#7640 = DIRECTION('',(1.,0.));
#7641 = ( GEOMETRIC_REPRESENTATION_CONTEXT(2) 
PARAMETRIC_REPRESENTATION_CONTEXT() REPRESENTATION_CONTEXT('2D SPACE',''
  ) );
#7642 = PCURVE('',#7643,#7648);
#7643 = PLANE('',#7644);
#7644 = AXIS2_PLACEMENT_3D('',#7645,#7646,#7647);
#7645 = CARTESIAN_POINT('',(3.779936305732,-2.770700636943E-02,
    2.008111842105));
#7646 = DIRECTION('',(0.,0.,1.));
#7647 = DIRECTION('',(2.22044604925E-16,-1.,0.));
#7648 = DEFINITIONAL_REPRESENTATION('',(#7649),#7653);
#7649 = LINE('',#7650,#7651);
#7650 = CARTESIAN_POINT('',(-0.264012738854,-8.152866242038E-02));
#7651 = VECTOR('',#7652,1.);
#7652 = DIRECTION('',(0.,1.));
#7653 = ( GEOMETRIC_REPRESENTATION_CONTEXT(2) 
PARAMETRIC_REPRESENTATION_CONTEXT() REPRESENTATION_CONTEXT('2D SPACE',''
  ) );
#7654 = ORIENTED_EDGE('',*,*,#7655,.T.);
#7655 = EDGE_CURVE('',#7626,#2648,#7656,.T.);
#7656 = SURFACE_CURVE('',#7657,(#7661,#7668),.PCURVE_S1.);
#7657 = LINE('',#7658,#7659);
#7658 = CARTESIAN_POINT('',(3.698407643312,0.236305732484,2.008111842105
    ));
#7659 = VECTOR('',#7660,1.);
#7660 = DIRECTION('',(0.,0.,1.));
#7661 = PCURVE('',#2662,#7662);
#7662 = DEFINITIONAL_REPRESENTATION('',(#7663),#7667);
#7663 = LINE('',#7664,#7665);
#7664 = CARTESIAN_POINT('',(0.,0.));
#7665 = VECTOR('',#7666,1.);
#7666 = DIRECTION('',(0.,-1.));
#7667 = ( GEOMETRIC_REPRESENTATION_CONTEXT(2) 
PARAMETRIC_REPRESENTATION_CONTEXT() REPRESENTATION_CONTEXT('2D SPACE',''
  ) );
#7668 = PCURVE('',#2738,#7669);
#7669 = DEFINITIONAL_REPRESENTATION('',(#7670),#7674);
#7670 = LINE('',#7671,#7672);
#7671 = CARTESIAN_POINT('',(0.528025477707,0.));
#7672 = VECTOR('',#7673,1.);
#7673 = DIRECTION('',(0.,-1.));
#7674 = ( GEOMETRIC_REPRESENTATION_CONTEXT(2) 
PARAMETRIC_REPRESENTATION_CONTEXT() REPRESENTATION_CONTEXT('2D SPACE',''
  ) );
#7675 = ORIENTED_EDGE('',*,*,#2645,.F.);
#7676 = ORIENTED_EDGE('',*,*,#7677,.F.);
#7677 = EDGE_CURVE('',#7628,#2646,#7678,.T.);
#7678 = SURFACE_CURVE('',#7679,(#7683,#7690),.PCURVE_S1.);
#7679 = LINE('',#7680,#7681);
#7680 = CARTESIAN_POINT('',(3.861464968153,0.236305732484,2.008111842105
    ));
#7681 = VECTOR('',#7682,1.);
#7682 = DIRECTION('',(0.,0.,1.));
#7683 = PCURVE('',#2662,#7684);
#7684 = DEFINITIONAL_REPRESENTATION('',(#7685),#7689);
#7685 = LINE('',#7686,#7687);
#7686 = CARTESIAN_POINT('',(0.163057324841,0.));
#7687 = VECTOR('',#7688,1.);
#7688 = DIRECTION('',(0.,-1.));
#7689 = ( GEOMETRIC_REPRESENTATION_CONTEXT(2) 
PARAMETRIC_REPRESENTATION_CONTEXT() REPRESENTATION_CONTEXT('2D SPACE',''
  ) );
#7690 = PCURVE('',#2688,#7691);
#7691 = DEFINITIONAL_REPRESENTATION('',(#7692),#7696);
#7692 = LINE('',#7693,#7694);
#7693 = CARTESIAN_POINT('',(0.,0.));
#7694 = VECTOR('',#7695,1.);
#7695 = DIRECTION('',(0.,-1.));
#7696 = ( GEOMETRIC_REPRESENTATION_CONTEXT(2) 
PARAMETRIC_REPRESENTATION_CONTEXT() REPRESENTATION_CONTEXT('2D SPACE',''
  ) );
#7697 = ADVANCED_FACE('',(#7698),#2688,.F.);
#7698 = FACE_BOUND('',#7699,.F.);
#7699 = EDGE_LOOP('',(#7700,#7723,#7724,#7725));
#7700 = ORIENTED_EDGE('',*,*,#7701,.F.);
#7701 = EDGE_CURVE('',#7628,#7702,#7704,.T.);
#7702 = VERTEX_POINT('',#7703);
#7703 = CARTESIAN_POINT('',(3.861464968153,-0.291719745223,
    2.008111842105));
#7704 = SURFACE_CURVE('',#7705,(#7709,#7716),.PCURVE_S1.);
#7705 = LINE('',#7706,#7707);
#7706 = CARTESIAN_POINT('',(3.861464968153,0.236305732484,2.008111842105
    ));
#7707 = VECTOR('',#7708,1.);
#7708 = DIRECTION('',(2.22044604925E-16,-1.,0.));
#7709 = PCURVE('',#2688,#7710);
#7710 = DEFINITIONAL_REPRESENTATION('',(#7711),#7715);
#7711 = LINE('',#7712,#7713);
#7712 = CARTESIAN_POINT('',(0.,0.));
#7713 = VECTOR('',#7714,1.);
#7714 = DIRECTION('',(1.,0.));
#7715 = ( GEOMETRIC_REPRESENTATION_CONTEXT(2) 
PARAMETRIC_REPRESENTATION_CONTEXT() REPRESENTATION_CONTEXT('2D SPACE',''
  ) );
#7716 = PCURVE('',#7643,#7717);
#7717 = DEFINITIONAL_REPRESENTATION('',(#7718),#7722);
#7718 = LINE('',#7719,#7720);
#7719 = CARTESIAN_POINT('',(-0.264012738854,8.152866242038E-02));
#7720 = VECTOR('',#7721,1.);
#7721 = DIRECTION('',(1.,0.));
#7722 = ( GEOMETRIC_REPRESENTATION_CONTEXT(2) 
PARAMETRIC_REPRESENTATION_CONTEXT() REPRESENTATION_CONTEXT('2D SPACE',''
  ) );
#7723 = ORIENTED_EDGE('',*,*,#7677,.T.);
#7724 = ORIENTED_EDGE('',*,*,#2673,.F.);
#7725 = ORIENTED_EDGE('',*,*,#7726,.F.);
#7726 = EDGE_CURVE('',#7702,#2674,#7727,.T.);
#7727 = SURFACE_CURVE('',#7728,(#7732,#7739),.PCURVE_S1.);
#7728 = LINE('',#7729,#7730);
#7729 = CARTESIAN_POINT('',(3.861464968153,-0.291719745223,
    2.008111842105));
#7730 = VECTOR('',#7731,1.);
#7731 = DIRECTION('',(0.,0.,1.));
#7732 = PCURVE('',#2688,#7733);
#7733 = DEFINITIONAL_REPRESENTATION('',(#7734),#7738);
#7734 = LINE('',#7735,#7736);
#7735 = CARTESIAN_POINT('',(0.528025477707,0.));
#7736 = VECTOR('',#7737,1.);
#7737 = DIRECTION('',(0.,-1.));
#7738 = ( GEOMETRIC_REPRESENTATION_CONTEXT(2) 
PARAMETRIC_REPRESENTATION_CONTEXT() REPRESENTATION_CONTEXT('2D SPACE',''
  ) );
#7739 = PCURVE('',#2714,#7740);
#7740 = DEFINITIONAL_REPRESENTATION('',(#7741),#7745);
#7741 = LINE('',#7742,#7743);
#7742 = CARTESIAN_POINT('',(0.,0.));
#7743 = VECTOR('',#7744,1.);
#7744 = DIRECTION('',(0.,-1.));
#7745 = ( GEOMETRIC_REPRESENTATION_CONTEXT(2) 
PARAMETRIC_REPRESENTATION_CONTEXT() REPRESENTATION_CONTEXT('2D SPACE',''
  ) );
#7746 = ADVANCED_FACE('',(#7747),#2738,.F.);
#7747 = FACE_BOUND('',#7748,.F.);
#7748 = EDGE_LOOP('',(#7749,#7772,#7793,#7794));
#7749 = ORIENTED_EDGE('',*,*,#7750,.F.);
#7750 = EDGE_CURVE('',#7751,#7626,#7753,.T.);
#7751 = VERTEX_POINT('',#7752);
#7752 = CARTESIAN_POINT('',(3.698407643312,-0.291719745223,
    2.008111842105));
#7753 = SURFACE_CURVE('',#7754,(#7758,#7765),.PCURVE_S1.);
#7754 = LINE('',#7755,#7756);
#7755 = CARTESIAN_POINT('',(3.698407643312,-0.291719745223,
    2.008111842105));
#7756 = VECTOR('',#7757,1.);
#7757 = DIRECTION('',(-2.22044604925E-16,1.,0.));
#7758 = PCURVE('',#2738,#7759);
#7759 = DEFINITIONAL_REPRESENTATION('',(#7760),#7764);
#7760 = LINE('',#7761,#7762);
#7761 = CARTESIAN_POINT('',(0.,0.));
#7762 = VECTOR('',#7763,1.);
#7763 = DIRECTION('',(1.,0.));
#7764 = ( GEOMETRIC_REPRESENTATION_CONTEXT(2) 
PARAMETRIC_REPRESENTATION_CONTEXT() REPRESENTATION_CONTEXT('2D SPACE',''
  ) );
#7765 = PCURVE('',#7643,#7766);
#7766 = DEFINITIONAL_REPRESENTATION('',(#7767),#7771);
#7767 = LINE('',#7768,#7769);
#7768 = CARTESIAN_POINT('',(0.264012738854,-8.152866242038E-02));
#7769 = VECTOR('',#7770,1.);
#7770 = DIRECTION('',(-1.,0.));
#7771 = ( GEOMETRIC_REPRESENTATION_CONTEXT(2) 
PARAMETRIC_REPRESENTATION_CONTEXT() REPRESENTATION_CONTEXT('2D SPACE',''
  ) );
#7772 = ORIENTED_EDGE('',*,*,#7773,.T.);
#7773 = EDGE_CURVE('',#7751,#2700,#7774,.T.);
#7774 = SURFACE_CURVE('',#7775,(#7779,#7786),.PCURVE_S1.);
#7775 = LINE('',#7776,#7777);
#7776 = CARTESIAN_POINT('',(3.698407643312,-0.291719745223,
    2.008111842105));
#7777 = VECTOR('',#7778,1.);
#7778 = DIRECTION('',(0.,0.,1.));
#7779 = PCURVE('',#2738,#7780);
#7780 = DEFINITIONAL_REPRESENTATION('',(#7781),#7785);
#7781 = LINE('',#7782,#7783);
#7782 = CARTESIAN_POINT('',(0.,0.));
#7783 = VECTOR('',#7784,1.);
#7784 = DIRECTION('',(0.,-1.));
#7785 = ( GEOMETRIC_REPRESENTATION_CONTEXT(2) 
PARAMETRIC_REPRESENTATION_CONTEXT() REPRESENTATION_CONTEXT('2D SPACE',''
  ) );
#7786 = PCURVE('',#2714,#7787);
#7787 = DEFINITIONAL_REPRESENTATION('',(#7788),#7792);
#7788 = LINE('',#7789,#7790);
#7789 = CARTESIAN_POINT('',(0.163057324841,0.));
#7790 = VECTOR('',#7791,1.);
#7791 = DIRECTION('',(0.,-1.));
#7792 = ( GEOMETRIC_REPRESENTATION_CONTEXT(2) 
PARAMETRIC_REPRESENTATION_CONTEXT() REPRESENTATION_CONTEXT('2D SPACE',''
  ) );
#7793 = ORIENTED_EDGE('',*,*,#2725,.F.);
#7794 = ORIENTED_EDGE('',*,*,#7655,.F.);
#7795 = ADVANCED_FACE('',(#7796),#2714,.F.);
#7796 = FACE_BOUND('',#7797,.F.);
#7797 = EDGE_LOOP('',(#7798,#7819,#7820,#7821));
#7798 = ORIENTED_EDGE('',*,*,#7799,.F.);
#7799 = EDGE_CURVE('',#7702,#7751,#7800,.T.);
#7800 = SURFACE_CURVE('',#7801,(#7805,#7812),.PCURVE_S1.);
#7801 = LINE('',#7802,#7803);
#7802 = CARTESIAN_POINT('',(3.861464968153,-0.291719745223,
    2.008111842105));
#7803 = VECTOR('',#7804,1.);
#7804 = DIRECTION('',(-1.,-2.22044604925E-16,0.));
#7805 = PCURVE('',#2714,#7806);
#7806 = DEFINITIONAL_REPRESENTATION('',(#7807),#7811);
#7807 = LINE('',#7808,#7809);
#7808 = CARTESIAN_POINT('',(0.,0.));
#7809 = VECTOR('',#7810,1.);
#7810 = DIRECTION('',(1.,0.));
#7811 = ( GEOMETRIC_REPRESENTATION_CONTEXT(2) 
PARAMETRIC_REPRESENTATION_CONTEXT() REPRESENTATION_CONTEXT('2D SPACE',''
  ) );
#7812 = PCURVE('',#7643,#7813);
#7813 = DEFINITIONAL_REPRESENTATION('',(#7814),#7818);
#7814 = LINE('',#7815,#7816);
#7815 = CARTESIAN_POINT('',(0.264012738854,8.152866242038E-02));
#7816 = VECTOR('',#7817,1.);
#7817 = DIRECTION('',(0.,-1.));
#7818 = ( GEOMETRIC_REPRESENTATION_CONTEXT(2) 
PARAMETRIC_REPRESENTATION_CONTEXT() REPRESENTATION_CONTEXT('2D SPACE',''
  ) );
#7819 = ORIENTED_EDGE('',*,*,#7726,.T.);
#7820 = ORIENTED_EDGE('',*,*,#2699,.F.);
#7821 = ORIENTED_EDGE('',*,*,#7773,.F.);
#7822 = ADVANCED_FACE('',(#7823),#2768,.F.);
#7823 = FACE_BOUND('',#7824,.F.);
#7824 = EDGE_LOOP('',(#7825,#7855,#7876,#7877));
#7825 = ORIENTED_EDGE('',*,*,#7826,.F.);
#7826 = EDGE_CURVE('',#7827,#7829,#7831,.T.);
#7827 = VERTEX_POINT('',#7828);
#7828 = CARTESIAN_POINT('',(3.657643312102,1.317834394904,2.008111842105
    ));
#7829 = VERTEX_POINT('',#7830);
#7830 = CARTESIAN_POINT('',(3.672929936306,1.137579617834,2.008111842105
    ));
#7831 = SURFACE_CURVE('',#7832,(#7836,#7843),.PCURVE_S1.);
#7832 = LINE('',#7833,#7834);
#7833 = CARTESIAN_POINT('',(3.657643312102,1.317834394904,2.008111842105
    ));
#7834 = VECTOR('',#7835,1.);
#7835 = DIRECTION('',(8.450232778878E-02,-0.996423281843,0.));
#7836 = PCURVE('',#2768,#7837);
#7837 = DEFINITIONAL_REPRESENTATION('',(#7838),#7842);
#7838 = LINE('',#7839,#7840);
#7839 = CARTESIAN_POINT('',(0.,0.));
#7840 = VECTOR('',#7841,1.);
#7841 = DIRECTION('',(1.,0.));
#7842 = ( GEOMETRIC_REPRESENTATION_CONTEXT(2) 
PARAMETRIC_REPRESENTATION_CONTEXT() REPRESENTATION_CONTEXT('2D SPACE',''
  ) );
#7843 = PCURVE('',#7844,#7849);
#7844 = PLANE('',#7845);
#7845 = AXIS2_PLACEMENT_3D('',#7846,#7847,#7848);
#7846 = CARTESIAN_POINT('',(3.990313069635,0.856720464861,2.008111842105
    ));
#7847 = DIRECTION('',(0.,0.,1.));
#7848 = DIRECTION('',(2.22044604925E-16,-1.,0.));
#7849 = DEFINITIONAL_REPRESENTATION('',(#7850),#7854);
#7850 = LINE('',#7851,#7852);
#7851 = CARTESIAN_POINT('',(-0.461113930043,-0.332669757533));
#7852 = VECTOR('',#7853,1.);
#7853 = DIRECTION('',(0.996423281843,8.450232778878E-02));
#7854 = ( GEOMETRIC_REPRESENTATION_CONTEXT(2) 
PARAMETRIC_REPRESENTATION_CONTEXT() REPRESENTATION_CONTEXT('2D SPACE',''
  ) );
#7855 = ORIENTED_EDGE('',*,*,#7856,.T.);
#7856 = EDGE_CURVE('',#7827,#2754,#7857,.T.);
#7857 = SURFACE_CURVE('',#7858,(#7862,#7869),.PCURVE_S1.);
#7858 = LINE('',#7859,#7860);
#7859 = CARTESIAN_POINT('',(3.657643312102,1.317834394904,2.008111842105
    ));
#7860 = VECTOR('',#7861,1.);
#7861 = DIRECTION('',(0.,0.,1.));
#7862 = PCURVE('',#2768,#7863);
#7863 = DEFINITIONAL_REPRESENTATION('',(#7864),#7868);
#7864 = LINE('',#7865,#7866);
#7865 = CARTESIAN_POINT('',(0.,0.));
#7866 = VECTOR('',#7867,1.);
#7867 = DIRECTION('',(0.,-1.));
#7868 = ( GEOMETRIC_REPRESENTATION_CONTEXT(2) 
PARAMETRIC_REPRESENTATION_CONTEXT() REPRESENTATION_CONTEXT('2D SPACE',''
  ) );
#7869 = PCURVE('',#3635,#7870);
#7870 = DEFINITIONAL_REPRESENTATION('',(#7871),#7875);
#7871 = LINE('',#7872,#7873);
#7872 = CARTESIAN_POINT('',(1.,0.));
#7873 = VECTOR('',#7874,1.);
#7874 = DIRECTION('',(0.,-1.));
#7875 = ( GEOMETRIC_REPRESENTATION_CONTEXT(2) 
PARAMETRIC_REPRESENTATION_CONTEXT() REPRESENTATION_CONTEXT('2D SPACE',''
  ) );
#7876 = ORIENTED_EDGE('',*,*,#2751,.F.);
#7877 = ORIENTED_EDGE('',*,*,#7878,.F.);
#7878 = EDGE_CURVE('',#7829,#2752,#7879,.T.);
#7879 = SURFACE_CURVE('',#7880,(#7884,#7891),.PCURVE_S1.);
#7880 = LINE('',#7881,#7882);
#7881 = CARTESIAN_POINT('',(3.672929936306,1.137579617834,2.008111842105
    ));
#7882 = VECTOR('',#7883,1.);
#7883 = DIRECTION('',(0.,0.,1.));
#7884 = PCURVE('',#2768,#7885);
#7885 = DEFINITIONAL_REPRESENTATION('',(#7886),#7890);
#7886 = LINE('',#7887,#7888);
#7887 = CARTESIAN_POINT('',(0.180901811865,0.));
#7888 = VECTOR('',#7889,1.);
#7889 = DIRECTION('',(0.,-1.));
#7890 = ( GEOMETRIC_REPRESENTATION_CONTEXT(2) 
PARAMETRIC_REPRESENTATION_CONTEXT() REPRESENTATION_CONTEXT('2D SPACE',''
  ) );
#7891 = PCURVE('',#2801,#7892);
#7892 = DEFINITIONAL_REPRESENTATION('',(#7893),#7897);
#7893 = LINE('',#7894,#7895);
#7894 = CARTESIAN_POINT('',(0.,0.));
#7895 = VECTOR('',#7896,1.);
#7896 = DIRECTION('',(0.,-1.));
#7897 = ( GEOMETRIC_REPRESENTATION_CONTEXT(2) 
PARAMETRIC_REPRESENTATION_CONTEXT() REPRESENTATION_CONTEXT('2D SPACE',''
  ) );
#7898 = ADVANCED_FACE('',(#7899),#2801,.F.);
#7899 = FACE_BOUND('',#7900,.F.);
#7900 = EDGE_LOOP('',(#7901,#7924,#7925,#7926));
#7901 = ORIENTED_EDGE('',*,*,#7902,.F.);
#7902 = EDGE_CURVE('',#7829,#7903,#7905,.T.);
#7903 = VERTEX_POINT('',#7904);
#7904 = CARTESIAN_POINT('',(3.463375796178,1.044585987261,2.008111842105
    ));
#7905 = SURFACE_CURVE('',#7906,(#7910,#7917),.PCURVE_S1.);
#7906 = B_SPLINE_CURVE_WITH_KNOTS('',2,(#7907,#7908,#7909),
  .UNSPECIFIED.,.F.,.F.,(3,3),(0.,1.),.PIECEWISE_BEZIER_KNOTS.);
#7907 = CARTESIAN_POINT('',(3.672929936306,1.137579617834,2.008111842105
    ));
#7908 = CARTESIAN_POINT('',(3.534076433121,1.117197452229,2.008111842105
    ));
#7909 = CARTESIAN_POINT('',(3.463375796178,1.044585987261,2.008111842105
    ));
#7910 = PCURVE('',#2801,#7911);
#7911 = DEFINITIONAL_REPRESENTATION('',(#7912),#7916);
#7912 = LINE('',#7913,#7914);
#7913 = CARTESIAN_POINT('',(0.,0.));
#7914 = VECTOR('',#7915,1.);
#7915 = DIRECTION('',(1.,0.));
#7916 = ( GEOMETRIC_REPRESENTATION_CONTEXT(2) 
PARAMETRIC_REPRESENTATION_CONTEXT() REPRESENTATION_CONTEXT('2D SPACE',''
  ) );
#7917 = PCURVE('',#7844,#7918);
#7918 = DEFINITIONAL_REPRESENTATION('',(#7919),#7923);
#7919 = B_SPLINE_CURVE_WITH_KNOTS('',2,(#7920,#7921,#7922),
  .UNSPECIFIED.,.F.,.F.,(3,3),(0.,1.),.PIECEWISE_BEZIER_KNOTS.);
#7920 = CARTESIAN_POINT('',(-0.280859152973,-0.317383133329));
#7921 = CARTESIAN_POINT('',(-0.260476987368,-0.456236636514));
#7922 = CARTESIAN_POINT('',(-0.1878655224,-0.526937273456));
#7923 = ( GEOMETRIC_REPRESENTATION_CONTEXT(2) 
PARAMETRIC_REPRESENTATION_CONTEXT() REPRESENTATION_CONTEXT('2D SPACE',''
  ) );
#7924 = ORIENTED_EDGE('',*,*,#7878,.T.);
#7925 = ORIENTED_EDGE('',*,*,#2779,.F.);
#7926 = ORIENTED_EDGE('',*,*,#7927,.F.);
#7927 = EDGE_CURVE('',#7903,#2780,#7928,.T.);
#7928 = SURFACE_CURVE('',#7929,(#7933,#7940),.PCURVE_S1.);
#7929 = LINE('',#7930,#7931);
#7930 = CARTESIAN_POINT('',(3.463375796178,1.044585987261,2.008111842105
    ));
#7931 = VECTOR('',#7932,1.);
#7932 = DIRECTION('',(0.,0.,1.));
#7933 = PCURVE('',#2801,#7934);
#7934 = DEFINITIONAL_REPRESENTATION('',(#7935),#7939);
#7935 = LINE('',#7936,#7937);
#7936 = CARTESIAN_POINT('',(1.,0.));
#7937 = VECTOR('',#7938,1.);
#7938 = DIRECTION('',(0.,-1.));
#7939 = ( GEOMETRIC_REPRESENTATION_CONTEXT(2) 
PARAMETRIC_REPRESENTATION_CONTEXT() REPRESENTATION_CONTEXT('2D SPACE',''
  ) );
#7940 = PCURVE('',#2844,#7941);
#7941 = DEFINITIONAL_REPRESENTATION('',(#7942),#7946);
#7942 = LINE('',#7943,#7944);
#7943 = CARTESIAN_POINT('',(0.,0.));
#7944 = VECTOR('',#7945,1.);
#7945 = DIRECTION('',(0.,-1.));
#7946 = ( GEOMETRIC_REPRESENTATION_CONTEXT(2) 
PARAMETRIC_REPRESENTATION_CONTEXT() REPRESENTATION_CONTEXT('2D SPACE',''
  ) );
#7947 = ADVANCED_FACE('',(#7948),#3635,.F.);
#7948 = FACE_BOUND('',#7949,.F.);
#7949 = EDGE_LOOP('',(#7950,#7973,#7994,#7995));
#7950 = ORIENTED_EDGE('',*,*,#7951,.F.);
#7951 = EDGE_CURVE('',#7952,#7827,#7954,.T.);
#7952 = VERTEX_POINT('',#7953);
#7953 = CARTESIAN_POINT('',(3.361464968153,1.18025477707,2.008111842105)
  );
#7954 = SURFACE_CURVE('',#7955,(#7959,#7966),.PCURVE_S1.);
#7955 = B_SPLINE_CURVE_WITH_KNOTS('',2,(#7956,#7957,#7958),
  .UNSPECIFIED.,.F.,.F.,(3,3),(0.,1.),.PIECEWISE_BEZIER_KNOTS.);
#7956 = CARTESIAN_POINT('',(3.361464968153,1.18025477707,2.008111842105)
  );
#7957 = CARTESIAN_POINT('',(3.473566878981,1.300636942675,2.008111842105
    ));
#7958 = CARTESIAN_POINT('',(3.657643312102,1.317834394904,2.008111842105
    ));
#7959 = PCURVE('',#3635,#7960);
#7960 = DEFINITIONAL_REPRESENTATION('',(#7961),#7965);
#7961 = LINE('',#7962,#7963);
#7962 = CARTESIAN_POINT('',(0.,0.));
#7963 = VECTOR('',#7964,1.);
#7964 = DIRECTION('',(1.,0.));
#7965 = ( GEOMETRIC_REPRESENTATION_CONTEXT(2) 
PARAMETRIC_REPRESENTATION_CONTEXT() REPRESENTATION_CONTEXT('2D SPACE',''
  ) );
#7966 = PCURVE('',#7844,#7967);
#7967 = DEFINITIONAL_REPRESENTATION('',(#7968),#7972);
#7968 = B_SPLINE_CURVE_WITH_KNOTS('',2,(#7969,#7970,#7971),
  .UNSPECIFIED.,.F.,.F.,(3,3),(0.,1.),.PIECEWISE_BEZIER_KNOTS.);
#7969 = CARTESIAN_POINT('',(-0.323534312209,-0.628848101482));
#7970 = CARTESIAN_POINT('',(-0.443916477814,-0.516746190654));
#7971 = CARTESIAN_POINT('',(-0.461113930043,-0.332669757533));
#7972 = ( GEOMETRIC_REPRESENTATION_CONTEXT(2) 
PARAMETRIC_REPRESENTATION_CONTEXT() REPRESENTATION_CONTEXT('2D SPACE',''
  ) );
#7973 = ORIENTED_EDGE('',*,*,#7974,.T.);
#7974 = EDGE_CURVE('',#7952,#3557,#7975,.T.);
#7975 = SURFACE_CURVE('',#7976,(#7980,#7987),.PCURVE_S1.);
#7976 = LINE('',#7977,#7978);
#7977 = CARTESIAN_POINT('',(3.361464968153,1.18025477707,2.008111842105)
  );
#7978 = VECTOR('',#7979,1.);
#7979 = DIRECTION('',(0.,0.,1.));
#7980 = PCURVE('',#3635,#7981);
#7981 = DEFINITIONAL_REPRESENTATION('',(#7982),#7986);
#7982 = LINE('',#7983,#7984);
#7983 = CARTESIAN_POINT('',(0.,0.));
#7984 = VECTOR('',#7985,1.);
#7985 = DIRECTION('',(0.,-1.));
#7986 = ( GEOMETRIC_REPRESENTATION_CONTEXT(2) 
PARAMETRIC_REPRESENTATION_CONTEXT() REPRESENTATION_CONTEXT('2D SPACE',''
  ) );
#7987 = PCURVE('',#3586,#7988);
#7988 = DEFINITIONAL_REPRESENTATION('',(#7989),#7993);
#7989 = LINE('',#7990,#7991);
#7990 = CARTESIAN_POINT('',(1.,0.));
#7991 = VECTOR('',#7992,1.);
#7992 = DIRECTION('',(0.,-1.));
#7993 = ( GEOMETRIC_REPRESENTATION_CONTEXT(2) 
PARAMETRIC_REPRESENTATION_CONTEXT() REPRESENTATION_CONTEXT('2D SPACE',''
  ) );
#7994 = ORIENTED_EDGE('',*,*,#3607,.F.);
#7995 = ORIENTED_EDGE('',*,*,#7856,.F.);
#7996 = ADVANCED_FACE('',(#7997),#2844,.F.);
#7997 = FACE_BOUND('',#7998,.F.);
#7998 = EDGE_LOOP('',(#7999,#8022,#8023,#8024));
#7999 = ORIENTED_EDGE('',*,*,#8000,.F.);
#8000 = EDGE_CURVE('',#7903,#8001,#8003,.T.);
#8001 = VERTEX_POINT('',#8002);
#8002 = CARTESIAN_POINT('',(3.392675159236,0.868152866242,2.008111842105
    ));
#8003 = SURFACE_CURVE('',#8004,(#8008,#8015),.PCURVE_S1.);
#8004 = B_SPLINE_CURVE_WITH_KNOTS('',2,(#8005,#8006,#8007),
  .UNSPECIFIED.,.F.,.F.,(3,3),(0.,1.),.PIECEWISE_BEZIER_KNOTS.);
#8005 = CARTESIAN_POINT('',(3.463375796178,1.044585987261,2.008111842105
    ));
#8006 = CARTESIAN_POINT('',(3.392675159236,0.971337579618,2.008111842105
    ));
#8007 = CARTESIAN_POINT('',(3.392675159236,0.868152866242,2.008111842105
    ));
#8008 = PCURVE('',#2844,#8009);
#8009 = DEFINITIONAL_REPRESENTATION('',(#8010),#8014);
#8010 = LINE('',#8011,#8012);
#8011 = CARTESIAN_POINT('',(0.,0.));
#8012 = VECTOR('',#8013,1.);
#8013 = DIRECTION('',(1.,0.));
#8014 = ( GEOMETRIC_REPRESENTATION_CONTEXT(2) 
PARAMETRIC_REPRESENTATION_CONTEXT() REPRESENTATION_CONTEXT('2D SPACE',''
  ) );
#8015 = PCURVE('',#7844,#8016);
#8016 = DEFINITIONAL_REPRESENTATION('',(#8017),#8021);
#8017 = B_SPLINE_CURVE_WITH_KNOTS('',2,(#8018,#8019,#8020),
  .UNSPECIFIED.,.F.,.F.,(3,3),(0.,1.),.PIECEWISE_BEZIER_KNOTS.);
#8018 = CARTESIAN_POINT('',(-0.1878655224,-0.526937273456));
#8019 = CARTESIAN_POINT('',(-0.114617114756,-0.597637910399));
#8020 = CARTESIAN_POINT('',(-1.143240138065E-02,-0.597637910399));
#8021 = ( GEOMETRIC_REPRESENTATION_CONTEXT(2) 
PARAMETRIC_REPRESENTATION_CONTEXT() REPRESENTATION_CONTEXT('2D SPACE',''
  ) );
#8022 = ORIENTED_EDGE('',*,*,#7927,.T.);
#8023 = ORIENTED_EDGE('',*,*,#2818,.F.);
#8024 = ORIENTED_EDGE('',*,*,#8025,.F.);
#8025 = EDGE_CURVE('',#8001,#2819,#8026,.T.);
#8026 = SURFACE_CURVE('',#8027,(#8031,#8038),.PCURVE_S1.);
#8027 = LINE('',#8028,#8029);
#8028 = CARTESIAN_POINT('',(3.392675159236,0.868152866242,2.008111842105
    ));
#8029 = VECTOR('',#8030,1.);
#8030 = DIRECTION('',(0.,0.,1.));
#8031 = PCURVE('',#2844,#8032);
#8032 = DEFINITIONAL_REPRESENTATION('',(#8033),#8037);
#8033 = LINE('',#8034,#8035);
#8034 = CARTESIAN_POINT('',(1.,0.));
#8035 = VECTOR('',#8036,1.);
#8036 = DIRECTION('',(0.,-1.));
#8037 = ( GEOMETRIC_REPRESENTATION_CONTEXT(2) 
PARAMETRIC_REPRESENTATION_CONTEXT() REPRESENTATION_CONTEXT('2D SPACE',''
  ) );
#8038 = PCURVE('',#2889,#8039);
#8039 = DEFINITIONAL_REPRESENTATION('',(#8040),#8044);
#8040 = LINE('',#8041,#8042);
#8041 = CARTESIAN_POINT('',(0.,0.));
#8042 = VECTOR('',#8043,1.);
#8043 = DIRECTION('',(0.,-1.));
#8044 = ( GEOMETRIC_REPRESENTATION_CONTEXT(2) 
PARAMETRIC_REPRESENTATION_CONTEXT() REPRESENTATION_CONTEXT('2D SPACE',''
  ) );
#8045 = ADVANCED_FACE('',(#8046),#3586,.F.);
#8046 = FACE_BOUND('',#8047,.F.);
#8047 = EDGE_LOOP('',(#8048,#8071,#8092,#8093));
#8048 = ORIENTED_EDGE('',*,*,#8049,.F.);
#8049 = EDGE_CURVE('',#8050,#7952,#8052,.T.);
#8050 = VERTEX_POINT('',#8051);
#8051 = CARTESIAN_POINT('',(3.25,0.868152866242,2.008111842105));
#8052 = SURFACE_CURVE('',#8053,(#8057,#8064),.PCURVE_S1.);
#8053 = B_SPLINE_CURVE_WITH_KNOTS('',2,(#8054,#8055,#8056),
  .UNSPECIFIED.,.F.,.F.,(3,3),(0.,1.),.PIECEWISE_BEZIER_KNOTS.);
#8054 = CARTESIAN_POINT('',(3.25,0.868152866242,2.008111842105));
#8055 = CARTESIAN_POINT('',(3.25,1.05923566879,2.008111842105));
#8056 = CARTESIAN_POINT('',(3.361464968153,1.18025477707,2.008111842105)
  );
#8057 = PCURVE('',#3586,#8058);
#8058 = DEFINITIONAL_REPRESENTATION('',(#8059),#8063);
#8059 = LINE('',#8060,#8061);
#8060 = CARTESIAN_POINT('',(0.,0.));
#8061 = VECTOR('',#8062,1.);
#8062 = DIRECTION('',(1.,0.));
#8063 = ( GEOMETRIC_REPRESENTATION_CONTEXT(2) 
PARAMETRIC_REPRESENTATION_CONTEXT() REPRESENTATION_CONTEXT('2D SPACE',''
  ) );
#8064 = PCURVE('',#7844,#8065);
#8065 = DEFINITIONAL_REPRESENTATION('',(#8066),#8070);
#8066 = B_SPLINE_CURVE_WITH_KNOTS('',2,(#8067,#8068,#8069),
  .UNSPECIFIED.,.F.,.F.,(3,3),(0.,1.),.PIECEWISE_BEZIER_KNOTS.);
#8067 = CARTESIAN_POINT('',(-1.143240138065E-02,-0.740313069635));
#8068 = CARTESIAN_POINT('',(-0.202515203928,-0.740313069635));
#8069 = CARTESIAN_POINT('',(-0.323534312209,-0.628848101482));
#8070 = ( GEOMETRIC_REPRESENTATION_CONTEXT(2) 
PARAMETRIC_REPRESENTATION_CONTEXT() REPRESENTATION_CONTEXT('2D SPACE',''
  ) );
#8071 = ORIENTED_EDGE('',*,*,#8072,.T.);
#8072 = EDGE_CURVE('',#8050,#3506,#8073,.T.);
#8073 = SURFACE_CURVE('',#8074,(#8078,#8085),.PCURVE_S1.);
#8074 = LINE('',#8075,#8076);
#8075 = CARTESIAN_POINT('',(3.25,0.868152866242,2.008111842105));
#8076 = VECTOR('',#8077,1.);
#8077 = DIRECTION('',(0.,0.,1.));
#8078 = PCURVE('',#3586,#8079);
#8079 = DEFINITIONAL_REPRESENTATION('',(#8080),#8084);
#8080 = LINE('',#8081,#8082);
#8081 = CARTESIAN_POINT('',(0.,0.));
#8082 = VECTOR('',#8083,1.);
#8083 = DIRECTION('',(0.,-1.));
#8084 = ( GEOMETRIC_REPRESENTATION_CONTEXT(2) 
PARAMETRIC_REPRESENTATION_CONTEXT() REPRESENTATION_CONTEXT('2D SPACE',''
  ) );
#8085 = PCURVE('',#3535,#8086);
#8086 = DEFINITIONAL_REPRESENTATION('',(#8087),#8091);
#8087 = LINE('',#8088,#8089);
#8088 = CARTESIAN_POINT('',(1.,0.));
#8089 = VECTOR('',#8090,1.);
#8090 = DIRECTION('',(0.,-1.));
#8091 = ( GEOMETRIC_REPRESENTATION_CONTEXT(2) 
PARAMETRIC_REPRESENTATION_CONTEXT() REPRESENTATION_CONTEXT('2D SPACE',''
  ) );
#8092 = ORIENTED_EDGE('',*,*,#3556,.F.);
#8093 = ORIENTED_EDGE('',*,*,#7974,.F.);
#8094 = ADVANCED_FACE('',(#8095),#2889,.F.);
#8095 = FACE_BOUND('',#8096,.F.);
#8096 = EDGE_LOOP('',(#8097,#8120,#8121,#8122));
#8097 = ORIENTED_EDGE('',*,*,#8098,.F.);
#8098 = EDGE_CURVE('',#8001,#8099,#8101,.T.);
#8099 = VERTEX_POINT('',#8100);
#8100 = CARTESIAN_POINT('',(3.49076433121,0.657961783439,2.008111842105)
  );
#8101 = SURFACE_CURVE('',#8102,(#8106,#8113),.PCURVE_S1.);
#8102 = B_SPLINE_CURVE_WITH_KNOTS('',2,(#8103,#8104,#8105),
  .UNSPECIFIED.,.F.,.F.,(3,3),(0.,1.),.PIECEWISE_BEZIER_KNOTS.);
#8103 = CARTESIAN_POINT('',(3.392675159236,0.868152866242,2.008111842105
    ));
#8104 = CARTESIAN_POINT('',(3.392675159236,0.743949044586,2.008111842105
    ));
#8105 = CARTESIAN_POINT('',(3.49076433121,0.657961783439,2.008111842105)
  );
#8106 = PCURVE('',#2889,#8107);
#8107 = DEFINITIONAL_REPRESENTATION('',(#8108),#8112);
#8108 = LINE('',#8109,#8110);
#8109 = CARTESIAN_POINT('',(0.,0.));
#8110 = VECTOR('',#8111,1.);
#8111 = DIRECTION('',(1.,0.));
#8112 = ( GEOMETRIC_REPRESENTATION_CONTEXT(2) 
PARAMETRIC_REPRESENTATION_CONTEXT() REPRESENTATION_CONTEXT('2D SPACE',''
  ) );
#8113 = PCURVE('',#7844,#8114);
#8114 = DEFINITIONAL_REPRESENTATION('',(#8115),#8119);
#8115 = B_SPLINE_CURVE_WITH_KNOTS('',2,(#8116,#8117,#8118),
  .UNSPECIFIED.,.F.,.F.,(3,3),(0.,1.),.PIECEWISE_BEZIER_KNOTS.);
#8116 = CARTESIAN_POINT('',(-1.143240138065E-02,-0.597637910399));
#8117 = CARTESIAN_POINT('',(0.112771420275,-0.597637910399));
#8118 = CARTESIAN_POINT('',(0.198758681422,-0.499548738424));
#8119 = ( GEOMETRIC_REPRESENTATION_CONTEXT(2) 
PARAMETRIC_REPRESENTATION_CONTEXT() REPRESENTATION_CONTEXT('2D SPACE',''
  ) );
#8120 = ORIENTED_EDGE('',*,*,#8025,.T.);
#8121 = ORIENTED_EDGE('',*,*,#2863,.F.);
#8122 = ORIENTED_EDGE('',*,*,#8123,.F.);
#8123 = EDGE_CURVE('',#8099,#2864,#8124,.T.);
#8124 = SURFACE_CURVE('',#8125,(#8129,#8136),.PCURVE_S1.);
#8125 = LINE('',#8126,#8127);
#8126 = CARTESIAN_POINT('',(3.49076433121,0.657961783439,2.008111842105)
  );
#8127 = VECTOR('',#8128,1.);
#8128 = DIRECTION('',(0.,0.,1.));
#8129 = PCURVE('',#2889,#8130);
#8130 = DEFINITIONAL_REPRESENTATION('',(#8131),#8135);
#8131 = LINE('',#8132,#8133);
#8132 = CARTESIAN_POINT('',(1.,0.));
#8133 = VECTOR('',#8134,1.);
#8134 = DIRECTION('',(0.,-1.));
#8135 = ( GEOMETRIC_REPRESENTATION_CONTEXT(2) 
PARAMETRIC_REPRESENTATION_CONTEXT() REPRESENTATION_CONTEXT('2D SPACE',''
  ) );
#8136 = PCURVE('',#2938,#8137);
#8137 = DEFINITIONAL_REPRESENTATION('',(#8138),#8142);
#8138 = LINE('',#8139,#8140);
#8139 = CARTESIAN_POINT('',(0.,0.));
#8140 = VECTOR('',#8141,1.);
#8141 = DIRECTION('',(0.,-1.));
#8142 = ( GEOMETRIC_REPRESENTATION_CONTEXT(2) 
PARAMETRIC_REPRESENTATION_CONTEXT() REPRESENTATION_CONTEXT('2D SPACE',''
  ) );
#8143 = ADVANCED_FACE('',(#8144),#3535,.F.);
#8144 = FACE_BOUND('',#8145,.F.);
#8145 = EDGE_LOOP('',(#8146,#8169,#8190,#8191));
#8146 = ORIENTED_EDGE('',*,*,#8147,.F.);
#8147 = EDGE_CURVE('',#8148,#8050,#8150,.T.);
#8148 = VERTEX_POINT('',#8149);
#8149 = CARTESIAN_POINT('',(3.424522292994,0.5,2.008111842105));
#8150 = SURFACE_CURVE('',#8151,(#8155,#8162),.PCURVE_S1.);
#8151 = B_SPLINE_CURVE_WITH_KNOTS('',2,(#8152,#8153,#8154),
  .UNSPECIFIED.,.F.,.F.,(3,3),(0.,1.),.PIECEWISE_BEZIER_KNOTS.);
#8152 = CARTESIAN_POINT('',(3.424522292994,0.5,2.008111842105));
#8153 = CARTESIAN_POINT('',(3.25,0.635031847134,2.008111842105));
#8154 = CARTESIAN_POINT('',(3.25,0.868152866242,2.008111842105));
#8155 = PCURVE('',#3535,#8156);
#8156 = DEFINITIONAL_REPRESENTATION('',(#8157),#8161);
#8157 = LINE('',#8158,#8159);
#8158 = CARTESIAN_POINT('',(0.,0.));
#8159 = VECTOR('',#8160,1.);
#8160 = DIRECTION('',(1.,0.));
#8161 = ( GEOMETRIC_REPRESENTATION_CONTEXT(2) 
PARAMETRIC_REPRESENTATION_CONTEXT() REPRESENTATION_CONTEXT('2D SPACE',''
  ) );
#8162 = PCURVE('',#7844,#8163);
#8163 = DEFINITIONAL_REPRESENTATION('',(#8164),#8168);
#8164 = B_SPLINE_CURVE_WITH_KNOTS('',2,(#8165,#8166,#8167),
  .UNSPECIFIED.,.F.,.F.,(3,3),(0.,1.),.PIECEWISE_BEZIER_KNOTS.);
#8165 = CARTESIAN_POINT('',(0.356720464861,-0.565790776641));
#8166 = CARTESIAN_POINT('',(0.221688617728,-0.740313069635));
#8167 = CARTESIAN_POINT('',(-1.143240138065E-02,-0.740313069635));
#8168 = ( GEOMETRIC_REPRESENTATION_CONTEXT(2) 
PARAMETRIC_REPRESENTATION_CONTEXT() REPRESENTATION_CONTEXT('2D SPACE',''
  ) );
#8169 = ORIENTED_EDGE('',*,*,#8170,.T.);
#8170 = EDGE_CURVE('',#8148,#3455,#8171,.T.);
#8171 = SURFACE_CURVE('',#8172,(#8176,#8183),.PCURVE_S1.);
#8172 = LINE('',#8173,#8174);
#8173 = CARTESIAN_POINT('',(3.424522292994,0.5,2.008111842105));
#8174 = VECTOR('',#8175,1.);
#8175 = DIRECTION('',(0.,0.,1.));
#8176 = PCURVE('',#3535,#8177);
#8177 = DEFINITIONAL_REPRESENTATION('',(#8178),#8182);
#8178 = LINE('',#8179,#8180);
#8179 = CARTESIAN_POINT('',(0.,0.));
#8180 = VECTOR('',#8181,1.);
#8181 = DIRECTION('',(0.,-1.));
#8182 = ( GEOMETRIC_REPRESENTATION_CONTEXT(2) 
PARAMETRIC_REPRESENTATION_CONTEXT() REPRESENTATION_CONTEXT('2D SPACE',''
  ) );
#8183 = PCURVE('',#3484,#8184);
#8184 = DEFINITIONAL_REPRESENTATION('',(#8185),#8189);
#8185 = LINE('',#8186,#8187);
#8186 = CARTESIAN_POINT('',(1.,0.));
#8187 = VECTOR('',#8188,1.);
#8188 = DIRECTION('',(0.,-1.));
#8189 = ( GEOMETRIC_REPRESENTATION_CONTEXT(2) 
PARAMETRIC_REPRESENTATION_CONTEXT() REPRESENTATION_CONTEXT('2D SPACE',''
  ) );
#8190 = ORIENTED_EDGE('',*,*,#3505,.F.);
#8191 = ORIENTED_EDGE('',*,*,#8072,.F.);
#8192 = ADVANCED_FACE('',(#8193),#2938,.F.);
#8193 = FACE_BOUND('',#8194,.F.);
#8194 = EDGE_LOOP('',(#8195,#8218,#8219,#8220));
#8195 = ORIENTED_EDGE('',*,*,#8196,.F.);
#8196 = EDGE_CURVE('',#8099,#8197,#8199,.T.);
#8197 = VERTEX_POINT('',#8198);
#8198 = CARTESIAN_POINT('',(3.751910828025,0.571974522293,2.008111842105
    ));
#8199 = SURFACE_CURVE('',#8200,(#8204,#8211),.PCURVE_S1.);
#8200 = B_SPLINE_CURVE_WITH_KNOTS('',2,(#8201,#8202,#8203),
  .UNSPECIFIED.,.F.,.F.,(3,3),(0.,1.),.PIECEWISE_BEZIER_KNOTS.);
#8201 = CARTESIAN_POINT('',(3.49076433121,0.657961783439,2.008111842105)
  );
#8202 = CARTESIAN_POINT('',(3.58949044586,0.571974522293,2.008111842105)
  );
#8203 = CARTESIAN_POINT('',(3.751910828025,0.571974522293,2.008111842105
    ));
#8204 = PCURVE('',#2938,#8205);
#8205 = DEFINITIONAL_REPRESENTATION('',(#8206),#8210);
#8206 = LINE('',#8207,#8208);
#8207 = CARTESIAN_POINT('',(0.,0.));
#8208 = VECTOR('',#8209,1.);
#8209 = DIRECTION('',(1.,0.));
#8210 = ( GEOMETRIC_REPRESENTATION_CONTEXT(2) 
PARAMETRIC_REPRESENTATION_CONTEXT() REPRESENTATION_CONTEXT('2D SPACE',''
  ) );
#8211 = PCURVE('',#7844,#8212);
#8212 = DEFINITIONAL_REPRESENTATION('',(#8213),#8217);
#8213 = B_SPLINE_CURVE_WITH_KNOTS('',2,(#8214,#8215,#8216),
  .UNSPECIFIED.,.F.,.F.,(3,3),(0.,1.),.PIECEWISE_BEZIER_KNOTS.);
#8214 = CARTESIAN_POINT('',(0.198758681422,-0.499548738424));
#8215 = CARTESIAN_POINT('',(0.284745942568,-0.400822623775));
#8216 = CARTESIAN_POINT('',(0.284745942568,-0.238402241609));
#8217 = ( GEOMETRIC_REPRESENTATION_CONTEXT(2) 
PARAMETRIC_REPRESENTATION_CONTEXT() REPRESENTATION_CONTEXT('2D SPACE',''
  ) );
#8218 = ORIENTED_EDGE('',*,*,#8123,.T.);
#8219 = ORIENTED_EDGE('',*,*,#2908,.F.);
#8220 = ORIENTED_EDGE('',*,*,#8221,.F.);
#8221 = EDGE_CURVE('',#8197,#2909,#8222,.T.);
#8222 = SURFACE_CURVE('',#8223,(#8227,#8234),.PCURVE_S1.);
#8223 = LINE('',#8224,#8225);
#8224 = CARTESIAN_POINT('',(3.751910828025,0.571974522293,2.008111842105
    ));
#8225 = VECTOR('',#8226,1.);
#8226 = DIRECTION('',(0.,0.,1.));
#8227 = PCURVE('',#2938,#8228);
#8228 = DEFINITIONAL_REPRESENTATION('',(#8229),#8233);
#8229 = LINE('',#8230,#8231);
#8230 = CARTESIAN_POINT('',(1.,0.));
#8231 = VECTOR('',#8232,1.);
#8232 = DIRECTION('',(0.,-1.));
#8233 = ( GEOMETRIC_REPRESENTATION_CONTEXT(2) 
PARAMETRIC_REPRESENTATION_CONTEXT() REPRESENTATION_CONTEXT('2D SPACE',''
  ) );
#8234 = PCURVE('',#2989,#8235);
#8235 = DEFINITIONAL_REPRESENTATION('',(#8236),#8240);
#8236 = LINE('',#8237,#8238);
#8237 = CARTESIAN_POINT('',(0.,0.));
#8238 = VECTOR('',#8239,1.);
#8239 = DIRECTION('',(0.,-1.));
#8240 = ( GEOMETRIC_REPRESENTATION_CONTEXT(2) 
PARAMETRIC_REPRESENTATION_CONTEXT() REPRESENTATION_CONTEXT('2D SPACE',''
  ) );
#8241 = ADVANCED_FACE('',(#8242),#3484,.F.);
#8242 = FACE_BOUND('',#8243,.F.);
#8243 = EDGE_LOOP('',(#8244,#8267,#8288,#8289));
#8244 = ORIENTED_EDGE('',*,*,#8245,.F.);
#8245 = EDGE_CURVE('',#8246,#8148,#8248,.T.);
#8246 = VERTEX_POINT('',#8247);
#8247 = CARTESIAN_POINT('',(3.762101910828,0.389171974522,2.008111842105
    ));
#8248 = SURFACE_CURVE('',#8249,(#8253,#8260),.PCURVE_S1.);
#8249 = B_SPLINE_CURVE_WITH_KNOTS('',2,(#8250,#8251,#8252),
  .UNSPECIFIED.,.F.,.F.,(3,3),(0.,1.),.PIECEWISE_BEZIER_KNOTS.);
#8250 = CARTESIAN_POINT('',(3.762101910828,0.389171974522,2.008111842105
    ));
#8251 = CARTESIAN_POINT('',(3.567197452229,0.389171974522,2.008111842105
    ));
#8252 = CARTESIAN_POINT('',(3.424522292994,0.5,2.008111842105));
#8253 = PCURVE('',#3484,#8254);
#8254 = DEFINITIONAL_REPRESENTATION('',(#8255),#8259);
#8255 = LINE('',#8256,#8257);
#8256 = CARTESIAN_POINT('',(0.,0.));
#8257 = VECTOR('',#8258,1.);
#8258 = DIRECTION('',(1.,0.));
#8259 = ( GEOMETRIC_REPRESENTATION_CONTEXT(2) 
PARAMETRIC_REPRESENTATION_CONTEXT() REPRESENTATION_CONTEXT('2D SPACE',''
  ) );
#8260 = PCURVE('',#7844,#8261);
#8261 = DEFINITIONAL_REPRESENTATION('',(#8262),#8266);
#8262 = B_SPLINE_CURVE_WITH_KNOTS('',2,(#8263,#8264,#8265),
  .UNSPECIFIED.,.F.,.F.,(3,3),(0.,1.),.PIECEWISE_BEZIER_KNOTS.);
#8263 = CARTESIAN_POINT('',(0.467548490339,-0.228211158807));
#8264 = CARTESIAN_POINT('',(0.467548490339,-0.423115617405));
#8265 = CARTESIAN_POINT('',(0.356720464861,-0.565790776641));
#8266 = ( GEOMETRIC_REPRESENTATION_CONTEXT(2) 
PARAMETRIC_REPRESENTATION_CONTEXT() REPRESENTATION_CONTEXT('2D SPACE',''
  ) );
#8267 = ORIENTED_EDGE('',*,*,#8268,.T.);
#8268 = EDGE_CURVE('',#8246,#3404,#8269,.T.);
#8269 = SURFACE_CURVE('',#8270,(#8274,#8281),.PCURVE_S1.);
#8270 = LINE('',#8271,#8272);
#8271 = CARTESIAN_POINT('',(3.762101910828,0.389171974522,2.008111842105
    ));
#8272 = VECTOR('',#8273,1.);
#8273 = DIRECTION('',(0.,0.,1.));
#8274 = PCURVE('',#3484,#8275);
#8275 = DEFINITIONAL_REPRESENTATION('',(#8276),#8280);
#8276 = LINE('',#8277,#8278);
#8277 = CARTESIAN_POINT('',(0.,0.));
#8278 = VECTOR('',#8279,1.);
#8279 = DIRECTION('',(0.,-1.));
#8280 = ( GEOMETRIC_REPRESENTATION_CONTEXT(2) 
PARAMETRIC_REPRESENTATION_CONTEXT() REPRESENTATION_CONTEXT('2D SPACE',''
  ) );
#8281 = PCURVE('',#3433,#8282);
#8282 = DEFINITIONAL_REPRESENTATION('',(#8283),#8287);
#8283 = LINE('',#8284,#8285);
#8284 = CARTESIAN_POINT('',(1.,0.));
#8285 = VECTOR('',#8286,1.);
#8286 = DIRECTION('',(0.,-1.));
#8287 = ( GEOMETRIC_REPRESENTATION_CONTEXT(2) 
PARAMETRIC_REPRESENTATION_CONTEXT() REPRESENTATION_CONTEXT('2D SPACE',''
  ) );
#8288 = ORIENTED_EDGE('',*,*,#3454,.F.);
#8289 = ORIENTED_EDGE('',*,*,#8170,.F.);
#8290 = ADVANCED_FACE('',(#8291),#2989,.F.);
#8291 = FACE_BOUND('',#8292,.F.);
#8292 = EDGE_LOOP('',(#8293,#8316,#8317,#8318));
#8293 = ORIENTED_EDGE('',*,*,#8294,.F.);
#8294 = EDGE_CURVE('',#8197,#8295,#8297,.T.);
#8295 = VERTEX_POINT('',#8296);
#8296 = CARTESIAN_POINT('',(3.995859872611,0.654777070064,2.008111842105
    ));
#8297 = SURFACE_CURVE('',#8298,(#8302,#8309),.PCURVE_S1.);
#8298 = B_SPLINE_CURVE_WITH_KNOTS('',2,(#8299,#8300,#8301),
  .UNSPECIFIED.,.F.,.F.,(3,3),(0.,1.),.PIECEWISE_BEZIER_KNOTS.);
#8299 = CARTESIAN_POINT('',(3.751910828025,0.571974522293,2.008111842105
    ));
#8300 = CARTESIAN_POINT('',(3.906687898089,0.571974522293,2.008111842105
    ));
#8301 = CARTESIAN_POINT('',(3.995859872611,0.654777070064,2.008111842105
    ));
#8302 = PCURVE('',#2989,#8303);
#8303 = DEFINITIONAL_REPRESENTATION('',(#8304),#8308);
#8304 = LINE('',#8305,#8306);
#8305 = CARTESIAN_POINT('',(0.,0.));
#8306 = VECTOR('',#8307,1.);
#8307 = DIRECTION('',(1.,0.));
#8308 = ( GEOMETRIC_REPRESENTATION_CONTEXT(2) 
PARAMETRIC_REPRESENTATION_CONTEXT() REPRESENTATION_CONTEXT('2D SPACE',''
  ) );
#8309 = PCURVE('',#7844,#8310);
#8310 = DEFINITIONAL_REPRESENTATION('',(#8311),#8315);
#8311 = B_SPLINE_CURVE_WITH_KNOTS('',2,(#8312,#8313,#8314),
  .UNSPECIFIED.,.F.,.F.,(3,3),(0.,1.),.PIECEWISE_BEZIER_KNOTS.);
#8312 = CARTESIAN_POINT('',(0.284745942568,-0.238402241609));
#8313 = CARTESIAN_POINT('',(0.284745942568,-8.362517154542E-02));
#8314 = CARTESIAN_POINT('',(0.201943394798,5.546802976873E-03));
#8315 = ( GEOMETRIC_REPRESENTATION_CONTEXT(2) 
PARAMETRIC_REPRESENTATION_CONTEXT() REPRESENTATION_CONTEXT('2D SPACE',''
  ) );
#8316 = ORIENTED_EDGE('',*,*,#8221,.T.);
#8317 = ORIENTED_EDGE('',*,*,#2959,.F.);
#8318 = ORIENTED_EDGE('',*,*,#8319,.F.);
#8319 = EDGE_CURVE('',#8295,#2960,#8320,.T.);
#8320 = SURFACE_CURVE('',#8321,(#8325,#8332),.PCURVE_S1.);
#8321 = LINE('',#8322,#8323);
#8322 = CARTESIAN_POINT('',(3.995859872611,0.654777070064,2.008111842105
    ));
#8323 = VECTOR('',#8324,1.);
#8324 = DIRECTION('',(0.,0.,1.));
#8325 = PCURVE('',#2989,#8326);
#8326 = DEFINITIONAL_REPRESENTATION('',(#8327),#8331);
#8327 = LINE('',#8328,#8329);
#8328 = CARTESIAN_POINT('',(1.,0.));
#8329 = VECTOR('',#8330,1.);
#8330 = DIRECTION('',(0.,-1.));
#8331 = ( GEOMETRIC_REPRESENTATION_CONTEXT(2) 
PARAMETRIC_REPRESENTATION_CONTEXT() REPRESENTATION_CONTEXT('2D SPACE',''
  ) );
#8332 = PCURVE('',#3036,#8333);
#8333 = DEFINITIONAL_REPRESENTATION('',(#8334),#8338);
#8334 = LINE('',#8335,#8336);
#8335 = CARTESIAN_POINT('',(0.,0.));
#8336 = VECTOR('',#8337,1.);
#8337 = DIRECTION('',(0.,-1.));
#8338 = ( GEOMETRIC_REPRESENTATION_CONTEXT(2) 
PARAMETRIC_REPRESENTATION_CONTEXT() REPRESENTATION_CONTEXT('2D SPACE',''
  ) );
#8339 = ADVANCED_FACE('',(#8340),#3433,.F.);
#8340 = FACE_BOUND('',#8341,.F.);
#8341 = EDGE_LOOP('',(#8342,#8365,#8386,#8387));
#8342 = ORIENTED_EDGE('',*,*,#8343,.F.);
#8343 = EDGE_CURVE('',#8344,#8246,#8346,.T.);
#8344 = VERTEX_POINT('',#8345);
#8345 = CARTESIAN_POINT('',(4.097770700637,0.515286624204,2.008111842105
    ));
#8346 = SURFACE_CURVE('',#8347,(#8351,#8358),.PCURVE_S1.);
#8347 = B_SPLINE_CURVE_WITH_KNOTS('',2,(#8348,#8349,#8350),
  .UNSPECIFIED.,.F.,.F.,(3,3),(0.,1.),.PIECEWISE_BEZIER_KNOTS.);
#8348 = CARTESIAN_POINT('',(4.097770700637,0.515286624204,2.008111842105
    ));
#8349 = CARTESIAN_POINT('',(3.967197452229,0.389171974522,2.008111842105
    ));
#8350 = CARTESIAN_POINT('',(3.762101910828,0.389171974522,2.008111842105
    ));
#8351 = PCURVE('',#3433,#8352);
#8352 = DEFINITIONAL_REPRESENTATION('',(#8353),#8357);
#8353 = LINE('',#8354,#8355);
#8354 = CARTESIAN_POINT('',(0.,0.));
#8355 = VECTOR('',#8356,1.);
#8356 = DIRECTION('',(1.,0.));
#8357 = ( GEOMETRIC_REPRESENTATION_CONTEXT(2) 
PARAMETRIC_REPRESENTATION_CONTEXT() REPRESENTATION_CONTEXT('2D SPACE',''
  ) );
#8358 = PCURVE('',#7844,#8359);
#8359 = DEFINITIONAL_REPRESENTATION('',(#8360),#8364);
#8360 = B_SPLINE_CURVE_WITH_KNOTS('',2,(#8361,#8362,#8363),
  .UNSPECIFIED.,.F.,.F.,(3,3),(0.,1.),.PIECEWISE_BEZIER_KNOTS.);
#8361 = CARTESIAN_POINT('',(0.341433840658,0.107457631002));
#8362 = CARTESIAN_POINT('',(0.467548490339,-2.311561740529E-02));
#8363 = CARTESIAN_POINT('',(0.467548490339,-0.228211158807));
#8364 = ( GEOMETRIC_REPRESENTATION_CONTEXT(2) 
PARAMETRIC_REPRESENTATION_CONTEXT() REPRESENTATION_CONTEXT('2D SPACE',''
  ) );
#8365 = ORIENTED_EDGE('',*,*,#8366,.T.);
#8366 = EDGE_CURVE('',#8344,#3353,#8367,.T.);
#8367 = SURFACE_CURVE('',#8368,(#8372,#8379),.PCURVE_S1.);
#8368 = LINE('',#8369,#8370);
#8369 = CARTESIAN_POINT('',(4.097770700637,0.515286624204,2.008111842105
    ));
#8370 = VECTOR('',#8371,1.);
#8371 = DIRECTION('',(0.,0.,1.));
#8372 = PCURVE('',#3433,#8373);
#8373 = DEFINITIONAL_REPRESENTATION('',(#8374),#8378);
#8374 = LINE('',#8375,#8376);
#8375 = CARTESIAN_POINT('',(0.,0.));
#8376 = VECTOR('',#8377,1.);
#8377 = DIRECTION('',(0.,-1.));
#8378 = ( GEOMETRIC_REPRESENTATION_CONTEXT(2) 
PARAMETRIC_REPRESENTATION_CONTEXT() REPRESENTATION_CONTEXT('2D SPACE',''
  ) );
#8379 = PCURVE('',#3382,#8380);
#8380 = DEFINITIONAL_REPRESENTATION('',(#8381),#8385);
#8381 = LINE('',#8382,#8383);
#8382 = CARTESIAN_POINT('',(1.,0.));
#8383 = VECTOR('',#8384,1.);
#8384 = DIRECTION('',(0.,-1.));
#8385 = ( GEOMETRIC_REPRESENTATION_CONTEXT(2) 
PARAMETRIC_REPRESENTATION_CONTEXT() REPRESENTATION_CONTEXT('2D SPACE',''
  ) );
#8386 = ORIENTED_EDGE('',*,*,#3403,.F.);
#8387 = ORIENTED_EDGE('',*,*,#8268,.F.);
#8388 = ADVANCED_FACE('',(#8389),#3036,.F.);
#8389 = FACE_BOUND('',#8390,.F.);
#8390 = EDGE_LOOP('',(#8391,#8414,#8415,#8416));
#8391 = ORIENTED_EDGE('',*,*,#8392,.F.);
#8392 = EDGE_CURVE('',#8295,#8393,#8395,.T.);
#8393 = VERTEX_POINT('',#8394);
#8394 = CARTESIAN_POINT('',(4.085668789809,0.870700636943,2.008111842105
    ));
#8395 = SURFACE_CURVE('',#8396,(#8400,#8407),.PCURVE_S1.);
#8396 = B_SPLINE_CURVE_WITH_KNOTS('',2,(#8397,#8398,#8399),
  .UNSPECIFIED.,.F.,.F.,(3,3),(0.,1.),.PIECEWISE_BEZIER_KNOTS.);
#8397 = CARTESIAN_POINT('',(3.995859872611,0.654777070064,2.008111842105
    ));
#8398 = CARTESIAN_POINT('',(4.085668789809,0.736942675159,2.008111842105
    ));
#8399 = CARTESIAN_POINT('',(4.085668789809,0.870700636943,2.008111842105
    ));
#8400 = PCURVE('',#3036,#8401);
#8401 = DEFINITIONAL_REPRESENTATION('',(#8402),#8406);
#8402 = LINE('',#8403,#8404);
#8403 = CARTESIAN_POINT('',(0.,0.));
#8404 = VECTOR('',#8405,1.);
#8405 = DIRECTION('',(1.,0.));
#8406 = ( GEOMETRIC_REPRESENTATION_CONTEXT(2) 
PARAMETRIC_REPRESENTATION_CONTEXT() REPRESENTATION_CONTEXT('2D SPACE',''
  ) );
#8407 = PCURVE('',#7844,#8408);
#8408 = DEFINITIONAL_REPRESENTATION('',(#8409),#8413);
#8409 = B_SPLINE_CURVE_WITH_KNOTS('',2,(#8410,#8411,#8412),
  .UNSPECIFIED.,.F.,.F.,(3,3),(0.,1.),.PIECEWISE_BEZIER_KNOTS.);
#8410 = CARTESIAN_POINT('',(0.201943394798,5.546802976873E-03));
#8411 = CARTESIAN_POINT('',(0.119777789702,9.535572017433E-02));
#8412 = CARTESIAN_POINT('',(-1.398017208128E-02,9.535572017433E-02));
#8413 = ( GEOMETRIC_REPRESENTATION_CONTEXT(2) 
PARAMETRIC_REPRESENTATION_CONTEXT() REPRESENTATION_CONTEXT('2D SPACE',''
  ) );
#8414 = ORIENTED_EDGE('',*,*,#8319,.T.);
#8415 = ORIENTED_EDGE('',*,*,#3010,.F.);
#8416 = ORIENTED_EDGE('',*,*,#8417,.F.);
#8417 = EDGE_CURVE('',#8393,#3011,#8418,.T.);
#8418 = SURFACE_CURVE('',#8419,(#8423,#8430),.PCURVE_S1.);
#8419 = LINE('',#8420,#8421);
#8420 = CARTESIAN_POINT('',(4.085668789809,0.870700636943,2.008111842105
    ));
#8421 = VECTOR('',#8422,1.);
#8422 = DIRECTION('',(0.,0.,1.));
#8423 = PCURVE('',#3036,#8424);
#8424 = DEFINITIONAL_REPRESENTATION('',(#8425),#8429);
#8425 = LINE('',#8426,#8427);
#8426 = CARTESIAN_POINT('',(1.,0.));
#8427 = VECTOR('',#8428,1.);
#8428 = DIRECTION('',(0.,-1.));
#8429 = ( GEOMETRIC_REPRESENTATION_CONTEXT(2) 
PARAMETRIC_REPRESENTATION_CONTEXT() REPRESENTATION_CONTEXT('2D SPACE',''
  ) );
#8430 = PCURVE('',#3081,#8431);
#8431 = DEFINITIONAL_REPRESENTATION('',(#8432),#8436);
#8432 = LINE('',#8433,#8434);
#8433 = CARTESIAN_POINT('',(0.,0.));
#8434 = VECTOR('',#8435,1.);
#8435 = DIRECTION('',(0.,-1.));
#8436 = ( GEOMETRIC_REPRESENTATION_CONTEXT(2) 
PARAMETRIC_REPRESENTATION_CONTEXT() REPRESENTATION_CONTEXT('2D SPACE',''
  ) );
#8437 = ADVANCED_FACE('',(#8438),#3382,.F.);
#8438 = FACE_BOUND('',#8439,.F.);
#8439 = EDGE_LOOP('',(#8440,#8463,#8484,#8485));
#8440 = ORIENTED_EDGE('',*,*,#8441,.F.);
#8441 = EDGE_CURVE('',#8442,#8344,#8444,.T.);
#8442 = VERTEX_POINT('',#8443);
#8443 = CARTESIAN_POINT('',(4.228343949045,0.824840764331,2.008111842105
    ));
#8444 = SURFACE_CURVE('',#8445,(#8449,#8456),.PCURVE_S1.);
#8445 = B_SPLINE_CURVE_WITH_KNOTS('',2,(#8446,#8447,#8448),
  .UNSPECIFIED.,.F.,.F.,(3,3),(0.,1.),.PIECEWISE_BEZIER_KNOTS.);
#8446 = CARTESIAN_POINT('',(4.228343949045,0.824840764331,2.008111842105
    ));
#8447 = CARTESIAN_POINT('',(4.228343949045,0.641401273885,2.008111842105
    ));
#8448 = CARTESIAN_POINT('',(4.097770700637,0.515286624204,2.008111842105
    ));
#8449 = PCURVE('',#3382,#8450);
#8450 = DEFINITIONAL_REPRESENTATION('',(#8451),#8455);
#8451 = LINE('',#8452,#8453);
#8452 = CARTESIAN_POINT('',(0.,0.));
#8453 = VECTOR('',#8454,1.);
#8454 = DIRECTION('',(1.,0.));
#8455 = ( GEOMETRIC_REPRESENTATION_CONTEXT(2) 
PARAMETRIC_REPRESENTATION_CONTEXT() REPRESENTATION_CONTEXT('2D SPACE',''
  ) );
#8456 = PCURVE('',#7844,#8457);
#8457 = DEFINITIONAL_REPRESENTATION('',(#8458),#8462);
#8458 = B_SPLINE_CURVE_WITH_KNOTS('',2,(#8459,#8460,#8461),
  .UNSPECIFIED.,.F.,.F.,(3,3),(0.,1.),.PIECEWISE_BEZIER_KNOTS.);
#8459 = CARTESIAN_POINT('',(3.187970053018E-02,0.23803087941));
#8460 = CARTESIAN_POINT('',(0.215319190976,0.23803087941));
#8461 = CARTESIAN_POINT('',(0.341433840658,0.107457631002));
#8462 = ( GEOMETRIC_REPRESENTATION_CONTEXT(2) 
PARAMETRIC_REPRESENTATION_CONTEXT() REPRESENTATION_CONTEXT('2D SPACE',''
  ) );
#8463 = ORIENTED_EDGE('',*,*,#8464,.T.);
#8464 = EDGE_CURVE('',#8442,#3302,#8465,.T.);
#8465 = SURFACE_CURVE('',#8466,(#8470,#8477),.PCURVE_S1.);
#8466 = LINE('',#8467,#8468);
#8467 = CARTESIAN_POINT('',(4.228343949045,0.824840764331,2.008111842105
    ));
#8468 = VECTOR('',#8469,1.);
#8469 = DIRECTION('',(0.,0.,1.));
#8470 = PCURVE('',#3382,#8471);
#8471 = DEFINITIONAL_REPRESENTATION('',(#8472),#8476);
#8472 = LINE('',#8473,#8474);
#8473 = CARTESIAN_POINT('',(0.,0.));
#8474 = VECTOR('',#8475,1.);
#8475 = DIRECTION('',(0.,-1.));
#8476 = ( GEOMETRIC_REPRESENTATION_CONTEXT(2) 
PARAMETRIC_REPRESENTATION_CONTEXT() REPRESENTATION_CONTEXT('2D SPACE',''
  ) );
#8477 = PCURVE('',#3331,#8478);
#8478 = DEFINITIONAL_REPRESENTATION('',(#8479),#8483);
#8479 = LINE('',#8480,#8481);
#8480 = CARTESIAN_POINT('',(1.,0.));
#8481 = VECTOR('',#8482,1.);
#8482 = DIRECTION('',(0.,-1.));
#8483 = ( GEOMETRIC_REPRESENTATION_CONTEXT(2) 
PARAMETRIC_REPRESENTATION_CONTEXT() REPRESENTATION_CONTEXT('2D SPACE',''
  ) );
#8484 = ORIENTED_EDGE('',*,*,#3352,.F.);
#8485 = ORIENTED_EDGE('',*,*,#8366,.F.);
#8486 = ADVANCED_FACE('',(#8487),#3081,.F.);
#8487 = FACE_BOUND('',#8488,.F.);
#8488 = EDGE_LOOP('',(#8489,#8512,#8513,#8514));
#8489 = ORIENTED_EDGE('',*,*,#8490,.F.);
#8490 = EDGE_CURVE('',#8393,#8491,#8493,.T.);
#8491 = VERTEX_POINT('',#8492);
#8492 = CARTESIAN_POINT('',(4.045541401274,1.02101910828,2.008111842105)
  );
#8493 = SURFACE_CURVE('',#8494,(#8498,#8505),.PCURVE_S1.);
#8494 = B_SPLINE_CURVE_WITH_KNOTS('',2,(#8495,#8496,#8497),
  .UNSPECIFIED.,.F.,.F.,(3,3),(0.,1.),.PIECEWISE_BEZIER_KNOTS.);
#8495 = CARTESIAN_POINT('',(4.085668789809,0.870700636943,2.008111842105
    ));
#8496 = CARTESIAN_POINT('',(4.085668789809,0.954140127389,2.008111842105
    ));
#8497 = CARTESIAN_POINT('',(4.045541401274,1.02101910828,2.008111842105)
  );
#8498 = PCURVE('',#3081,#8499);
#8499 = DEFINITIONAL_REPRESENTATION('',(#8500),#8504);
#8500 = LINE('',#8501,#8502);
#8501 = CARTESIAN_POINT('',(0.,0.));
#8502 = VECTOR('',#8503,1.);
#8503 = DIRECTION('',(1.,0.));
#8504 = ( GEOMETRIC_REPRESENTATION_CONTEXT(2) 
PARAMETRIC_REPRESENTATION_CONTEXT() REPRESENTATION_CONTEXT('2D SPACE',''
  ) );
#8505 = PCURVE('',#7844,#8506);
#8506 = DEFINITIONAL_REPRESENTATION('',(#8507),#8511);
#8507 = B_SPLINE_CURVE_WITH_KNOTS('',2,(#8508,#8509,#8510),
  .UNSPECIFIED.,.F.,.F.,(3,3),(0.,1.),.PIECEWISE_BEZIER_KNOTS.);
#8508 = CARTESIAN_POINT('',(-1.398017208128E-02,9.535572017433E-02));
#8509 = CARTESIAN_POINT('',(-9.741966252714E-02,9.535572017433E-02));
#8510 = CARTESIAN_POINT('',(-0.164298643419,5.522833163929E-02));
#8511 = ( GEOMETRIC_REPRESENTATION_CONTEXT(2) 
PARAMETRIC_REPRESENTATION_CONTEXT() REPRESENTATION_CONTEXT('2D SPACE',''
  ) );
#8512 = ORIENTED_EDGE('',*,*,#8417,.T.);
#8513 = ORIENTED_EDGE('',*,*,#3055,.F.);
#8514 = ORIENTED_EDGE('',*,*,#8515,.F.);
#8515 = EDGE_CURVE('',#8491,#3056,#8516,.T.);
#8516 = SURFACE_CURVE('',#8517,(#8521,#8528),.PCURVE_S1.);
#8517 = LINE('',#8518,#8519);
#8518 = CARTESIAN_POINT('',(4.045541401274,1.02101910828,2.008111842105)
  );
#8519 = VECTOR('',#8520,1.);
#8520 = DIRECTION('',(0.,0.,1.));
#8521 = PCURVE('',#3081,#8522);
#8522 = DEFINITIONAL_REPRESENTATION('',(#8523),#8527);
#8523 = LINE('',#8524,#8525);
#8524 = CARTESIAN_POINT('',(1.,0.));
#8525 = VECTOR('',#8526,1.);
#8526 = DIRECTION('',(0.,-1.));
#8527 = ( GEOMETRIC_REPRESENTATION_CONTEXT(2) 
PARAMETRIC_REPRESENTATION_CONTEXT() REPRESENTATION_CONTEXT('2D SPACE',''
  ) );
#8528 = PCURVE('',#3126,#8529);
#8529 = DEFINITIONAL_REPRESENTATION('',(#8530),#8534);
#8530 = LINE('',#8531,#8532);
#8531 = CARTESIAN_POINT('',(0.,0.));
#8532 = VECTOR('',#8533,1.);
#8533 = DIRECTION('',(0.,-1.));
#8534 = ( GEOMETRIC_REPRESENTATION_CONTEXT(2) 
PARAMETRIC_REPRESENTATION_CONTEXT() REPRESENTATION_CONTEXT('2D SPACE',''
  ) );
#8535 = ADVANCED_FACE('',(#8536),#3331,.F.);
#8536 = FACE_BOUND('',#8537,.F.);
#8537 = EDGE_LOOP('',(#8538,#8561,#8582,#8583));
#8538 = ORIENTED_EDGE('',*,*,#8539,.F.);
#8539 = EDGE_CURVE('',#8540,#8442,#8542,.T.);
#8540 = VERTEX_POINT('',#8541);
#8541 = CARTESIAN_POINT('',(4.142356687898,1.089808917197,2.008111842105
    ));
#8542 = SURFACE_CURVE('',#8543,(#8547,#8554),.PCURVE_S1.);
#8543 = B_SPLINE_CURVE_WITH_KNOTS('',2,(#8544,#8545,#8546),
  .UNSPECIFIED.,.F.,.F.,(3,3),(0.,1.),.PIECEWISE_BEZIER_KNOTS.);
#8544 = CARTESIAN_POINT('',(4.142356687898,1.089808917197,2.008111842105
    ));
#8545 = CARTESIAN_POINT('',(4.228343949045,0.963694267516,2.008111842105
    ));
#8546 = CARTESIAN_POINT('',(4.228343949045,0.824840764331,2.008111842105
    ));
#8547 = PCURVE('',#3331,#8548);
#8548 = DEFINITIONAL_REPRESENTATION('',(#8549),#8553);
#8549 = LINE('',#8550,#8551);
#8550 = CARTESIAN_POINT('',(0.,0.));
#8551 = VECTOR('',#8552,1.);
#8552 = DIRECTION('',(1.,0.));
#8553 = ( GEOMETRIC_REPRESENTATION_CONTEXT(2) 
PARAMETRIC_REPRESENTATION_CONTEXT() REPRESENTATION_CONTEXT('2D SPACE',''
  ) );
#8554 = PCURVE('',#7844,#8555);
#8555 = DEFINITIONAL_REPRESENTATION('',(#8556),#8560);
#8556 = B_SPLINE_CURVE_WITH_KNOTS('',2,(#8557,#8558,#8559),
  .UNSPECIFIED.,.F.,.F.,(3,3),(0.,1.),.PIECEWISE_BEZIER_KNOTS.);
#8557 = CARTESIAN_POINT('',(-0.233088452336,0.152043618263));
#8558 = CARTESIAN_POINT('',(-0.106973802655,0.23803087941));
#8559 = CARTESIAN_POINT('',(3.187970053018E-02,0.23803087941));
#8560 = ( GEOMETRIC_REPRESENTATION_CONTEXT(2) 
PARAMETRIC_REPRESENTATION_CONTEXT() REPRESENTATION_CONTEXT('2D SPACE',''
  ) );
#8561 = ORIENTED_EDGE('',*,*,#8562,.T.);
#8562 = EDGE_CURVE('',#8540,#3276,#8563,.T.);
#8563 = SURFACE_CURVE('',#8564,(#8568,#8575),.PCURVE_S1.);
#8564 = LINE('',#8565,#8566);
#8565 = CARTESIAN_POINT('',(4.142356687898,1.089808917197,2.008111842105
    ));
#8566 = VECTOR('',#8567,1.);
#8567 = DIRECTION('',(0.,0.,1.));
#8568 = PCURVE('',#3331,#8569);
#8569 = DEFINITIONAL_REPRESENTATION('',(#8570),#8574);
#8570 = LINE('',#8571,#8572);
#8571 = CARTESIAN_POINT('',(0.,0.));
#8572 = VECTOR('',#8573,1.);
#8573 = DIRECTION('',(0.,-1.));
#8574 = ( GEOMETRIC_REPRESENTATION_CONTEXT(2) 
PARAMETRIC_REPRESENTATION_CONTEXT() REPRESENTATION_CONTEXT('2D SPACE',''
  ) );
#8575 = PCURVE('',#3290,#8576);
#8576 = DEFINITIONAL_REPRESENTATION('',(#8577),#8581);
#8577 = LINE('',#8578,#8579);
#8578 = CARTESIAN_POINT('',(0.378994272632,0.));
#8579 = VECTOR('',#8580,1.);
#8580 = DIRECTION('',(0.,-1.));
#8581 = ( GEOMETRIC_REPRESENTATION_CONTEXT(2) 
PARAMETRIC_REPRESENTATION_CONTEXT() REPRESENTATION_CONTEXT('2D SPACE',''
  ) );
#8582 = ORIENTED_EDGE('',*,*,#3301,.F.);
#8583 = ORIENTED_EDGE('',*,*,#8464,.F.);
#8584 = ADVANCED_FACE('',(#8585),#3126,.F.);
#8585 = FACE_BOUND('',#8586,.F.);
#8586 = EDGE_LOOP('',(#8587,#8610,#8611,#8612));
#8587 = ORIENTED_EDGE('',*,*,#8588,.F.);
#8588 = EDGE_CURVE('',#8491,#8589,#8591,.T.);
#8589 = VERTEX_POINT('',#8590);
#8590 = CARTESIAN_POINT('',(3.942993630573,1.126114649682,2.008111842105
    ));
#8591 = SURFACE_CURVE('',#8592,(#8596,#8603),.PCURVE_S1.);
#8592 = B_SPLINE_CURVE_WITH_KNOTS('',2,(#8593,#8594,#8595),
  .UNSPECIFIED.,.F.,.F.,(3,3),(0.,1.),.PIECEWISE_BEZIER_KNOTS.);
#8593 = CARTESIAN_POINT('',(4.045541401274,1.02101910828,2.008111842105)
  );
#8594 = CARTESIAN_POINT('',(4.006050955414,1.087898089172,2.008111842105
    ));
#8595 = CARTESIAN_POINT('',(3.942993630573,1.126114649682,2.008111842105
    ));
#8596 = PCURVE('',#3126,#8597);
#8597 = DEFINITIONAL_REPRESENTATION('',(#8598),#8602);
#8598 = LINE('',#8599,#8600);
#8599 = CARTESIAN_POINT('',(0.,0.));
#8600 = VECTOR('',#8601,1.);
#8601 = DIRECTION('',(1.,0.));
#8602 = ( GEOMETRIC_REPRESENTATION_CONTEXT(2) 
PARAMETRIC_REPRESENTATION_CONTEXT() REPRESENTATION_CONTEXT('2D SPACE',''
  ) );
#8603 = PCURVE('',#7844,#8604);
#8604 = DEFINITIONAL_REPRESENTATION('',(#8605),#8609);
#8605 = B_SPLINE_CURVE_WITH_KNOTS('',2,(#8606,#8607,#8608),
  .UNSPECIFIED.,.F.,.F.,(3,3),(0.,1.),.PIECEWISE_BEZIER_KNOTS.);
#8606 = CARTESIAN_POINT('',(-0.164298643419,5.522833163929E-02));
#8607 = CARTESIAN_POINT('',(-0.231177624311,1.573788577942E-02));
#8608 = CARTESIAN_POINT('',(-0.26939418482,-4.731943906134E-02));
#8609 = ( GEOMETRIC_REPRESENTATION_CONTEXT(2) 
PARAMETRIC_REPRESENTATION_CONTEXT() REPRESENTATION_CONTEXT('2D SPACE',''
  ) );
#8610 = ORIENTED_EDGE('',*,*,#8515,.T.);
#8611 = ORIENTED_EDGE('',*,*,#3100,.F.);
#8612 = ORIENTED_EDGE('',*,*,#8613,.F.);
#8613 = EDGE_CURVE('',#8589,#3101,#8614,.T.);
#8614 = SURFACE_CURVE('',#8615,(#8619,#8626),.PCURVE_S1.);
#8615 = LINE('',#8616,#8617);
#8616 = CARTESIAN_POINT('',(3.942993630573,1.126114649682,2.008111842105
    ));
#8617 = VECTOR('',#8618,1.);
#8618 = DIRECTION('',(0.,0.,1.));
#8619 = PCURVE('',#3126,#8620);
#8620 = DEFINITIONAL_REPRESENTATION('',(#8621),#8625);
#8621 = LINE('',#8622,#8623);
#8622 = CARTESIAN_POINT('',(1.,0.));
#8623 = VECTOR('',#8624,1.);
#8624 = DIRECTION('',(0.,-1.));
#8625 = ( GEOMETRIC_REPRESENTATION_CONTEXT(2) 
PARAMETRIC_REPRESENTATION_CONTEXT() REPRESENTATION_CONTEXT('2D SPACE',''
  ) );
#8626 = PCURVE('',#3160,#8627);
#8627 = DEFINITIONAL_REPRESENTATION('',(#8628),#8632);
#8628 = LINE('',#8629,#8630);
#8629 = CARTESIAN_POINT('',(0.,0.));
#8630 = VECTOR('',#8631,1.);
#8631 = DIRECTION('',(0.,-1.));
#8632 = ( GEOMETRIC_REPRESENTATION_CONTEXT(2) 
PARAMETRIC_REPRESENTATION_CONTEXT() REPRESENTATION_CONTEXT('2D SPACE',''
  ) );
#8633 = ADVANCED_FACE('',(#8634),#3290,.F.);
#8634 = FACE_BOUND('',#8635,.F.);
#8635 = EDGE_LOOP('',(#8636,#8659,#8680,#8681));
#8636 = ORIENTED_EDGE('',*,*,#8637,.F.);
#8637 = EDGE_CURVE('',#8638,#8540,#8640,.T.);
#8638 = VERTEX_POINT('',#8639);
#8639 = CARTESIAN_POINT('',(4.513694267516,1.014012738854,2.008111842105
    ));
#8640 = SURFACE_CURVE('',#8641,(#8645,#8652),.PCURVE_S1.);
#8641 = LINE('',#8642,#8643);
#8642 = CARTESIAN_POINT('',(4.513694267516,1.014012738854,2.008111842105
    ));
#8643 = VECTOR('',#8644,1.);
#8644 = DIRECTION('',(-0.979797338463,0.199992938726,0.));
#8645 = PCURVE('',#3290,#8646);
#8646 = DEFINITIONAL_REPRESENTATION('',(#8647),#8651);
#8647 = LINE('',#8648,#8649);
#8648 = CARTESIAN_POINT('',(0.,0.));
#8649 = VECTOR('',#8650,1.);
#8650 = DIRECTION('',(1.,0.));
#8651 = ( GEOMETRIC_REPRESENTATION_CONTEXT(2) 
PARAMETRIC_REPRESENTATION_CONTEXT() REPRESENTATION_CONTEXT('2D SPACE',''
  ) );
#8652 = PCURVE('',#7844,#8653);
#8653 = DEFINITIONAL_REPRESENTATION('',(#8654),#8658);
#8654 = LINE('',#8655,#8656);
#8655 = CARTESIAN_POINT('',(-0.157292273992,0.523381197881));
#8656 = VECTOR('',#8657,1.);
#8657 = DIRECTION('',(-0.199992938726,-0.979797338463));
#8658 = ( GEOMETRIC_REPRESENTATION_CONTEXT(2) 
PARAMETRIC_REPRESENTATION_CONTEXT() REPRESENTATION_CONTEXT('2D SPACE',''
  ) );
#8659 = ORIENTED_EDGE('',*,*,#8660,.T.);
#8660 = EDGE_CURVE('',#8638,#3250,#8661,.T.);
#8661 = SURFACE_CURVE('',#8662,(#8666,#8673),.PCURVE_S1.);
#8662 = LINE('',#8663,#8664);
#8663 = CARTESIAN_POINT('',(4.513694267516,1.014012738854,2.008111842105
    ));
#8664 = VECTOR('',#8665,1.);
#8665 = DIRECTION('',(0.,0.,1.));
#8666 = PCURVE('',#3290,#8667);
#8667 = DEFINITIONAL_REPRESENTATION('',(#8668),#8672);
#8668 = LINE('',#8669,#8670);
#8669 = CARTESIAN_POINT('',(0.,0.));
#8670 = VECTOR('',#8671,1.);
#8671 = DIRECTION('',(0.,-1.));
#8672 = ( GEOMETRIC_REPRESENTATION_CONTEXT(2) 
PARAMETRIC_REPRESENTATION_CONTEXT() REPRESENTATION_CONTEXT('2D SPACE',''
  ) );
#8673 = PCURVE('',#3264,#8674);
#8674 = DEFINITIONAL_REPRESENTATION('',(#8675),#8679);
#8675 = LINE('',#8676,#8677);
#8676 = CARTESIAN_POINT('',(0.558598726115,0.));
#8677 = VECTOR('',#8678,1.);
#8678 = DIRECTION('',(0.,-1.));
#8679 = ( GEOMETRIC_REPRESENTATION_CONTEXT(2) 
PARAMETRIC_REPRESENTATION_CONTEXT() REPRESENTATION_CONTEXT('2D SPACE',''
  ) );
#8680 = ORIENTED_EDGE('',*,*,#3275,.F.);
#8681 = ORIENTED_EDGE('',*,*,#8562,.F.);
#8682 = ADVANCED_FACE('',(#8683),#3160,.F.);
#8683 = FACE_BOUND('',#8684,.F.);
#8684 = EDGE_LOOP('',(#8685,#8708,#8709,#8710));
#8685 = ORIENTED_EDGE('',*,*,#8686,.F.);
#8686 = EDGE_CURVE('',#8589,#8687,#8689,.T.);
#8687 = VERTEX_POINT('',#8688);
#8688 = CARTESIAN_POINT('',(3.964012738854,1.287261146497,2.008111842105
    ));
#8689 = SURFACE_CURVE('',#8690,(#8694,#8701),.PCURVE_S1.);
#8690 = LINE('',#8691,#8692);
#8691 = CARTESIAN_POINT('',(3.942993630573,1.126114649682,2.008111842105
    ));
#8692 = VECTOR('',#8693,1.);
#8693 = DIRECTION('',(0.129339184068,0.991600411186,0.));
#8694 = PCURVE('',#3160,#8695);
#8695 = DEFINITIONAL_REPRESENTATION('',(#8696),#8700);
#8696 = LINE('',#8697,#8698);
#8697 = CARTESIAN_POINT('',(0.,0.));
#8698 = VECTOR('',#8699,1.);
#8699 = DIRECTION('',(1.,0.));
#8700 = ( GEOMETRIC_REPRESENTATION_CONTEXT(2) 
PARAMETRIC_REPRESENTATION_CONTEXT() REPRESENTATION_CONTEXT('2D SPACE',''
  ) );
#8701 = PCURVE('',#7844,#8702);
#8702 = DEFINITIONAL_REPRESENTATION('',(#8703),#8707);
#8703 = LINE('',#8704,#8705);
#8704 = CARTESIAN_POINT('',(-0.26939418482,-4.731943906134E-02));
#8705 = VECTOR('',#8706,1.);
#8706 = DIRECTION('',(-0.991600411186,0.129339184068));
#8707 = ( GEOMETRIC_REPRESENTATION_CONTEXT(2) 
PARAMETRIC_REPRESENTATION_CONTEXT() REPRESENTATION_CONTEXT('2D SPACE',''
  ) );
#8708 = ORIENTED_EDGE('',*,*,#8613,.T.);
#8709 = ORIENTED_EDGE('',*,*,#3145,.F.);
#8710 = ORIENTED_EDGE('',*,*,#8711,.F.);
#8711 = EDGE_CURVE('',#8687,#3146,#8712,.T.);
#8712 = SURFACE_CURVE('',#8713,(#8717,#8724),.PCURVE_S1.);
#8713 = LINE('',#8714,#8715);
#8714 = CARTESIAN_POINT('',(3.964012738854,1.287261146497,2.008111842105
    ));
#8715 = VECTOR('',#8716,1.);
#8716 = DIRECTION('',(0.,0.,1.));
#8717 = PCURVE('',#3160,#8718);
#8718 = DEFINITIONAL_REPRESENTATION('',(#8719),#8723);
#8719 = LINE('',#8720,#8721);
#8720 = CARTESIAN_POINT('',(0.162511526818,0.));
#8721 = VECTOR('',#8722,1.);
#8722 = DIRECTION('',(0.,-1.));
#8723 = ( GEOMETRIC_REPRESENTATION_CONTEXT(2) 
PARAMETRIC_REPRESENTATION_CONTEXT() REPRESENTATION_CONTEXT('2D SPACE',''
  ) );
#8724 = PCURVE('',#3186,#8725);
#8725 = DEFINITIONAL_REPRESENTATION('',(#8726),#8730);
#8726 = LINE('',#8727,#8728);
#8727 = CARTESIAN_POINT('',(0.,0.));
#8728 = VECTOR('',#8729,1.);
#8729 = DIRECTION('',(0.,-1.));
#8730 = ( GEOMETRIC_REPRESENTATION_CONTEXT(2) 
PARAMETRIC_REPRESENTATION_CONTEXT() REPRESENTATION_CONTEXT('2D SPACE',''
  ) );
#8731 = ADVANCED_FACE('',(#8732),#3264,.F.);
#8732 = FACE_BOUND('',#8733,.F.);
#8733 = EDGE_LOOP('',(#8734,#8757,#8778,#8779));
#8734 = ORIENTED_EDGE('',*,*,#8735,.F.);
#8735 = EDGE_CURVE('',#8736,#8638,#8738,.T.);
#8736 = VERTEX_POINT('',#8737);
#8737 = CARTESIAN_POINT('',(4.513694267516,0.455414012739,2.008111842105
    ));
#8738 = SURFACE_CURVE('',#8739,(#8743,#8750),.PCURVE_S1.);
#8739 = LINE('',#8740,#8741);
#8740 = CARTESIAN_POINT('',(4.513694267516,0.455414012739,2.008111842105
    ));
#8741 = VECTOR('',#8742,1.);
#8742 = DIRECTION('',(-2.22044604925E-16,1.,0.));
#8743 = PCURVE('',#3264,#8744);
#8744 = DEFINITIONAL_REPRESENTATION('',(#8745),#8749);
#8745 = LINE('',#8746,#8747);
#8746 = CARTESIAN_POINT('',(0.,0.));
#8747 = VECTOR('',#8748,1.);
#8748 = DIRECTION('',(1.,0.));
#8749 = ( GEOMETRIC_REPRESENTATION_CONTEXT(2) 
PARAMETRIC_REPRESENTATION_CONTEXT() REPRESENTATION_CONTEXT('2D SPACE',''
  ) );
#8750 = PCURVE('',#7844,#8751);
#8751 = DEFINITIONAL_REPRESENTATION('',(#8752),#8756);
#8752 = LINE('',#8753,#8754);
#8753 = CARTESIAN_POINT('',(0.401306452123,0.523381197881));
#8754 = VECTOR('',#8755,1.);
#8755 = DIRECTION('',(-1.,0.));
#8756 = ( GEOMETRIC_REPRESENTATION_CONTEXT(2) 
PARAMETRIC_REPRESENTATION_CONTEXT() REPRESENTATION_CONTEXT('2D SPACE',''
  ) );
#8757 = ORIENTED_EDGE('',*,*,#8758,.T.);
#8758 = EDGE_CURVE('',#8736,#3224,#8759,.T.);
#8759 = SURFACE_CURVE('',#8760,(#8764,#8771),.PCURVE_S1.);
#8760 = LINE('',#8761,#8762);
#8761 = CARTESIAN_POINT('',(4.513694267516,0.455414012739,2.008111842105
    ));
#8762 = VECTOR('',#8763,1.);
#8763 = DIRECTION('',(0.,0.,1.));
#8764 = PCURVE('',#3264,#8765);
#8765 = DEFINITIONAL_REPRESENTATION('',(#8766),#8770);
#8766 = LINE('',#8767,#8768);
#8767 = CARTESIAN_POINT('',(0.,0.));
#8768 = VECTOR('',#8769,1.);
#8769 = DIRECTION('',(0.,-1.));
#8770 = ( GEOMETRIC_REPRESENTATION_CONTEXT(2) 
PARAMETRIC_REPRESENTATION_CONTEXT() REPRESENTATION_CONTEXT('2D SPACE',''
  ) );
#8771 = PCURVE('',#3238,#8772);
#8772 = DEFINITIONAL_REPRESENTATION('',(#8773),#8777);
#8773 = LINE('',#8774,#8775);
#8774 = CARTESIAN_POINT('',(0.163057324841,0.));
#8775 = VECTOR('',#8776,1.);
#8776 = DIRECTION('',(0.,-1.));
#8777 = ( GEOMETRIC_REPRESENTATION_CONTEXT(2) 
PARAMETRIC_REPRESENTATION_CONTEXT() REPRESENTATION_CONTEXT('2D SPACE',''
  ) );
#8778 = ORIENTED_EDGE('',*,*,#3249,.F.);
#8779 = ORIENTED_EDGE('',*,*,#8660,.F.);
#8780 = ADVANCED_FACE('',(#8781),#3186,.F.);
#8781 = FACE_BOUND('',#8782,.F.);
#8782 = EDGE_LOOP('',(#8783,#8806,#8807,#8808));
#8783 = ORIENTED_EDGE('',*,*,#8784,.F.);
#8784 = EDGE_CURVE('',#8687,#8785,#8787,.T.);
#8785 = VERTEX_POINT('',#8786);
#8786 = CARTESIAN_POINT('',(4.676751592357,1.151592356688,2.008111842105
    ));
#8787 = SURFACE_CURVE('',#8788,(#8792,#8799),.PCURVE_S1.);
#8788 = LINE('',#8789,#8790);
#8789 = CARTESIAN_POINT('',(3.964012738854,1.287261146497,2.008111842105
    ));
#8790 = VECTOR('',#8791,1.);
#8791 = DIRECTION('',(0.982361610847,-0.186991084102,0.));
#8792 = PCURVE('',#3186,#8793);
#8793 = DEFINITIONAL_REPRESENTATION('',(#8794),#8798);
#8794 = LINE('',#8795,#8796);
#8795 = CARTESIAN_POINT('',(0.,0.));
#8796 = VECTOR('',#8797,1.);
#8797 = DIRECTION('',(1.,0.));
#8798 = ( GEOMETRIC_REPRESENTATION_CONTEXT(2) 
PARAMETRIC_REPRESENTATION_CONTEXT() REPRESENTATION_CONTEXT('2D SPACE',''
  ) );
#8799 = PCURVE('',#7844,#8800);
#8800 = DEFINITIONAL_REPRESENTATION('',(#8801),#8805);
#8801 = LINE('',#8802,#8803);
#8802 = CARTESIAN_POINT('',(-0.430540681635,-2.630033078109E-02));
#8803 = VECTOR('',#8804,1.);
#8804 = DIRECTION('',(0.186991084102,0.982361610847));
#8805 = ( GEOMETRIC_REPRESENTATION_CONTEXT(2) 
PARAMETRIC_REPRESENTATION_CONTEXT() REPRESENTATION_CONTEXT('2D SPACE',''
  ) );
#8806 = ORIENTED_EDGE('',*,*,#8711,.T.);
#8807 = ORIENTED_EDGE('',*,*,#3171,.F.);
#8808 = ORIENTED_EDGE('',*,*,#8809,.F.);
#8809 = EDGE_CURVE('',#8785,#3172,#8810,.T.);
#8810 = SURFACE_CURVE('',#8811,(#8815,#8822),.PCURVE_S1.);
#8811 = LINE('',#8812,#8813);
#8812 = CARTESIAN_POINT('',(4.676751592357,1.151592356688,2.008111842105
    ));
#8813 = VECTOR('',#8814,1.);
#8814 = DIRECTION('',(0.,0.,1.));
#8815 = PCURVE('',#3186,#8816);
#8816 = DEFINITIONAL_REPRESENTATION('',(#8817),#8821);
#8817 = LINE('',#8818,#8819);
#8818 = CARTESIAN_POINT('',(0.725536142326,0.));
#8819 = VECTOR('',#8820,1.);
#8820 = DIRECTION('',(0.,-1.));
#8821 = ( GEOMETRIC_REPRESENTATION_CONTEXT(2) 
PARAMETRIC_REPRESENTATION_CONTEXT() REPRESENTATION_CONTEXT('2D SPACE',''
  ) );
#8822 = PCURVE('',#3212,#8823);
#8823 = DEFINITIONAL_REPRESENTATION('',(#8824),#8828);
#8824 = LINE('',#8825,#8826);
#8825 = CARTESIAN_POINT('',(0.,0.));
#8826 = VECTOR('',#8827,1.);
#8827 = DIRECTION('',(0.,-1.));
#8828 = ( GEOMETRIC_REPRESENTATION_CONTEXT(2) 
PARAMETRIC_REPRESENTATION_CONTEXT() REPRESENTATION_CONTEXT('2D SPACE',''
  ) );
#8829 = ADVANCED_FACE('',(#8830),#3238,.F.);
#8830 = FACE_BOUND('',#8831,.F.);
#8831 = EDGE_LOOP('',(#8832,#8855,#8876,#8877));
#8832 = ORIENTED_EDGE('',*,*,#8833,.F.);
#8833 = EDGE_CURVE('',#8834,#8736,#8836,.T.);
#8834 = VERTEX_POINT('',#8835);
#8835 = CARTESIAN_POINT('',(4.676751592357,0.455414012739,2.008111842105
    ));
#8836 = SURFACE_CURVE('',#8837,(#8841,#8848),.PCURVE_S1.);
#8837 = LINE('',#8838,#8839);
#8838 = CARTESIAN_POINT('',(4.676751592357,0.455414012739,2.008111842105
    ));
#8839 = VECTOR('',#8840,1.);
#8840 = DIRECTION('',(-1.,-2.22044604925E-16,0.));
#8841 = PCURVE('',#3238,#8842);
#8842 = DEFINITIONAL_REPRESENTATION('',(#8843),#8847);
#8843 = LINE('',#8844,#8845);
#8844 = CARTESIAN_POINT('',(0.,0.));
#8845 = VECTOR('',#8846,1.);
#8846 = DIRECTION('',(1.,0.));
#8847 = ( GEOMETRIC_REPRESENTATION_CONTEXT(2) 
PARAMETRIC_REPRESENTATION_CONTEXT() REPRESENTATION_CONTEXT('2D SPACE',''
  ) );
#8848 = PCURVE('',#7844,#8849);
#8849 = DEFINITIONAL_REPRESENTATION('',(#8850),#8854);
#8850 = LINE('',#8851,#8852);
#8851 = CARTESIAN_POINT('',(0.401306452123,0.686438522722));
#8852 = VECTOR('',#8853,1.);
#8853 = DIRECTION('',(0.,-1.));
#8854 = ( GEOMETRIC_REPRESENTATION_CONTEXT(2) 
PARAMETRIC_REPRESENTATION_CONTEXT() REPRESENTATION_CONTEXT('2D SPACE',''
  ) );
#8855 = ORIENTED_EDGE('',*,*,#8856,.T.);
#8856 = EDGE_CURVE('',#8834,#3198,#8857,.T.);
#8857 = SURFACE_CURVE('',#8858,(#8862,#8869),.PCURVE_S1.);
#8858 = LINE('',#8859,#8860);
#8859 = CARTESIAN_POINT('',(4.676751592357,0.455414012739,2.008111842105
    ));
#8860 = VECTOR('',#8861,1.);
#8861 = DIRECTION('',(0.,0.,1.));
#8862 = PCURVE('',#3238,#8863);
#8863 = DEFINITIONAL_REPRESENTATION('',(#8864),#8868);
#8864 = LINE('',#8865,#8866);
#8865 = CARTESIAN_POINT('',(0.,0.));
#8866 = VECTOR('',#8867,1.);
#8867 = DIRECTION('',(0.,-1.));
#8868 = ( GEOMETRIC_REPRESENTATION_CONTEXT(2) 
PARAMETRIC_REPRESENTATION_CONTEXT() REPRESENTATION_CONTEXT('2D SPACE',''
  ) );
#8869 = PCURVE('',#3212,#8870);
#8870 = DEFINITIONAL_REPRESENTATION('',(#8871),#8875);
#8871 = LINE('',#8872,#8873);
#8872 = CARTESIAN_POINT('',(0.696178343949,0.));
#8873 = VECTOR('',#8874,1.);
#8874 = DIRECTION('',(0.,-1.));
#8875 = ( GEOMETRIC_REPRESENTATION_CONTEXT(2) 
PARAMETRIC_REPRESENTATION_CONTEXT() REPRESENTATION_CONTEXT('2D SPACE',''
  ) );
#8876 = ORIENTED_EDGE('',*,*,#3223,.F.);
#8877 = ORIENTED_EDGE('',*,*,#8758,.F.);
#8878 = ADVANCED_FACE('',(#8879),#3212,.F.);
#8879 = FACE_BOUND('',#8880,.F.);
#8880 = EDGE_LOOP('',(#8881,#8902,#8903,#8904));
#8881 = ORIENTED_EDGE('',*,*,#8882,.F.);
#8882 = EDGE_CURVE('',#8785,#8834,#8883,.T.);
#8883 = SURFACE_CURVE('',#8884,(#8888,#8895),.PCURVE_S1.);
#8884 = LINE('',#8885,#8886);
#8885 = CARTESIAN_POINT('',(4.676751592357,1.151592356688,2.008111842105
    ));
#8886 = VECTOR('',#8887,1.);
#8887 = DIRECTION('',(2.22044604925E-16,-1.,0.));
#8888 = PCURVE('',#3212,#8889);
#8889 = DEFINITIONAL_REPRESENTATION('',(#8890),#8894);
#8890 = LINE('',#8891,#8892);
#8891 = CARTESIAN_POINT('',(0.,0.));
#8892 = VECTOR('',#8893,1.);
#8893 = DIRECTION('',(1.,0.));
#8894 = ( GEOMETRIC_REPRESENTATION_CONTEXT(2) 
PARAMETRIC_REPRESENTATION_CONTEXT() REPRESENTATION_CONTEXT('2D SPACE',''
  ) );
#8895 = PCURVE('',#7844,#8896);
#8896 = DEFINITIONAL_REPRESENTATION('',(#8897),#8901);
#8897 = LINE('',#8898,#8899);
#8898 = CARTESIAN_POINT('',(-0.294871891827,0.686438522722));
#8899 = VECTOR('',#8900,1.);
#8900 = DIRECTION('',(1.,0.));
#8901 = ( GEOMETRIC_REPRESENTATION_CONTEXT(2) 
PARAMETRIC_REPRESENTATION_CONTEXT() REPRESENTATION_CONTEXT('2D SPACE',''
  ) );
#8902 = ORIENTED_EDGE('',*,*,#8809,.T.);
#8903 = ORIENTED_EDGE('',*,*,#3197,.F.);
#8904 = ORIENTED_EDGE('',*,*,#8856,.F.);
#8905 = ADVANCED_FACE('',(#8906),#3675,.F.);
#8906 = FACE_BOUND('',#8907,.F.);
#8907 = EDGE_LOOP('',(#8908,#8938,#8959,#8960));
#8908 = ORIENTED_EDGE('',*,*,#8909,.F.);
#8909 = EDGE_CURVE('',#8910,#8912,#8914,.T.);
#8910 = VERTEX_POINT('',#8911);
#8911 = CARTESIAN_POINT('',(3.413057324841,1.514649681529,2.008111842105
    ));
#8912 = VERTEX_POINT('',#8913);
#8913 = CARTESIAN_POINT('',(3.25,1.514649681529,2.008111842105));
#8914 = SURFACE_CURVE('',#8915,(#8919,#8926),.PCURVE_S1.);
#8915 = LINE('',#8916,#8917);
#8916 = CARTESIAN_POINT('',(3.413057324841,1.514649681529,2.008111842105
    ));
#8917 = VECTOR('',#8918,1.);
#8918 = DIRECTION('',(-1.,-2.22044604925E-16,0.));
#8919 = PCURVE('',#3675,#8920);
#8920 = DEFINITIONAL_REPRESENTATION('',(#8921),#8925);
#8921 = LINE('',#8922,#8923);
#8922 = CARTESIAN_POINT('',(0.,0.));
#8923 = VECTOR('',#8924,1.);
#8924 = DIRECTION('',(1.,0.));
#8925 = ( GEOMETRIC_REPRESENTATION_CONTEXT(2) 
PARAMETRIC_REPRESENTATION_CONTEXT() REPRESENTATION_CONTEXT('2D SPACE',''
  ) );
#8926 = PCURVE('',#8927,#8932);
#8927 = PLANE('',#8928);
#8928 = AXIS2_PLACEMENT_3D('',#8929,#8930,#8931);
#8929 = CARTESIAN_POINT('',(3.913262993474,1.952377443521,2.008111842105
    ));
#8930 = DIRECTION('',(0.,0.,1.));
#8931 = DIRECTION('',(2.22044604925E-16,-1.,0.));
#8932 = DEFINITIONAL_REPRESENTATION('',(#8933),#8937);
#8933 = LINE('',#8934,#8935);
#8934 = CARTESIAN_POINT('',(0.437727761992,-0.500205668633));
#8935 = VECTOR('',#8936,1.);
#8936 = DIRECTION('',(0.,-1.));
#8937 = ( GEOMETRIC_REPRESENTATION_CONTEXT(2) 
PARAMETRIC_REPRESENTATION_CONTEXT() REPRESENTATION_CONTEXT('2D SPACE',''
  ) );
#8938 = ORIENTED_EDGE('',*,*,#8939,.T.);
#8939 = EDGE_CURVE('',#8910,#3661,#8940,.T.);
#8940 = SURFACE_CURVE('',#8941,(#8945,#8952),.PCURVE_S1.);
#8941 = LINE('',#8942,#8943);
#8942 = CARTESIAN_POINT('',(3.413057324841,1.514649681529,2.008111842105
    ));
#8943 = VECTOR('',#8944,1.);
#8944 = DIRECTION('',(0.,0.,1.));
#8945 = PCURVE('',#3675,#8946);
#8946 = DEFINITIONAL_REPRESENTATION('',(#8947),#8951);
#8947 = LINE('',#8948,#8949);
#8948 = CARTESIAN_POINT('',(0.,0.));
#8949 = VECTOR('',#8950,1.);
#8950 = DIRECTION('',(0.,-1.));
#8951 = ( GEOMETRIC_REPRESENTATION_CONTEXT(2) 
PARAMETRIC_REPRESENTATION_CONTEXT() REPRESENTATION_CONTEXT('2D SPACE',''
  ) );
#8952 = PCURVE('',#4531,#8953);
#8953 = DEFINITIONAL_REPRESENTATION('',(#8954),#8958);
#8954 = LINE('',#8955,#8956);
#8955 = CARTESIAN_POINT('',(0.687261146497,0.));
#8956 = VECTOR('',#8957,1.);
#8957 = DIRECTION('',(0.,-1.));
#8958 = ( GEOMETRIC_REPRESENTATION_CONTEXT(2) 
PARAMETRIC_REPRESENTATION_CONTEXT() REPRESENTATION_CONTEXT('2D SPACE',''
  ) );
#8959 = ORIENTED_EDGE('',*,*,#3658,.F.);
#8960 = ORIENTED_EDGE('',*,*,#8961,.F.);
#8961 = EDGE_CURVE('',#8912,#3659,#8962,.T.);
#8962 = SURFACE_CURVE('',#8963,(#8967,#8974),.PCURVE_S1.);
#8963 = LINE('',#8964,#8965);
#8964 = CARTESIAN_POINT('',(3.25,1.514649681529,2.008111842105));
#8965 = VECTOR('',#8966,1.);
#8966 = DIRECTION('',(0.,0.,1.));
#8967 = PCURVE('',#3675,#8968);
#8968 = DEFINITIONAL_REPRESENTATION('',(#8969),#8973);
#8969 = LINE('',#8970,#8971);
#8970 = CARTESIAN_POINT('',(0.163057324841,-0.));
#8971 = VECTOR('',#8972,1.);
#8972 = DIRECTION('',(0.,-1.));
#8973 = ( GEOMETRIC_REPRESENTATION_CONTEXT(2) 
PARAMETRIC_REPRESENTATION_CONTEXT() REPRESENTATION_CONTEXT('2D SPACE',''
  ) );
#8974 = PCURVE('',#3701,#8975);
#8975 = DEFINITIONAL_REPRESENTATION('',(#8976),#8980);
#8976 = LINE('',#8977,#8978);
#8977 = CARTESIAN_POINT('',(0.,0.));
#8978 = VECTOR('',#8979,1.);
#8979 = DIRECTION('',(0.,-1.));
#8980 = ( GEOMETRIC_REPRESENTATION_CONTEXT(2) 
PARAMETRIC_REPRESENTATION_CONTEXT() REPRESENTATION_CONTEXT('2D SPACE',''
  ) );
#8981 = ADVANCED_FACE('',(#8982),#3701,.F.);
#8982 = FACE_BOUND('',#8983,.F.);
#8983 = EDGE_LOOP('',(#8984,#9007,#9008,#9009));
#8984 = ORIENTED_EDGE('',*,*,#8985,.F.);
#8985 = EDGE_CURVE('',#8912,#8986,#8988,.T.);
#8986 = VERTEX_POINT('',#8987);
#8987 = CARTESIAN_POINT('',(3.25,2.44076433121,2.008111842105));
#8988 = SURFACE_CURVE('',#8989,(#8993,#9000),.PCURVE_S1.);
#8989 = LINE('',#8990,#8991);
#8990 = CARTESIAN_POINT('',(3.25,1.514649681529,2.008111842105));
#8991 = VECTOR('',#8992,1.);
#8992 = DIRECTION('',(-2.22044604925E-16,1.,0.));
#8993 = PCURVE('',#3701,#8994);
#8994 = DEFINITIONAL_REPRESENTATION('',(#8995),#8999);
#8995 = LINE('',#8996,#8997);
#8996 = CARTESIAN_POINT('',(0.,0.));
#8997 = VECTOR('',#8998,1.);
#8998 = DIRECTION('',(1.,0.));
#8999 = ( GEOMETRIC_REPRESENTATION_CONTEXT(2) 
PARAMETRIC_REPRESENTATION_CONTEXT() REPRESENTATION_CONTEXT('2D SPACE',''
  ) );
#9000 = PCURVE('',#8927,#9001);
#9001 = DEFINITIONAL_REPRESENTATION('',(#9002),#9006);
#9002 = LINE('',#9003,#9004);
#9003 = CARTESIAN_POINT('',(0.437727761992,-0.663262993474));
#9004 = VECTOR('',#9005,1.);
#9005 = DIRECTION('',(-1.,0.));
#9006 = ( GEOMETRIC_REPRESENTATION_CONTEXT(2) 
PARAMETRIC_REPRESENTATION_CONTEXT() REPRESENTATION_CONTEXT('2D SPACE',''
  ) );
#9007 = ORIENTED_EDGE('',*,*,#8961,.T.);
#9008 = ORIENTED_EDGE('',*,*,#3686,.F.);
#9009 = ORIENTED_EDGE('',*,*,#9010,.F.);
#9010 = EDGE_CURVE('',#8986,#3687,#9011,.T.);
#9011 = SURFACE_CURVE('',#9012,(#9016,#9023),.PCURVE_S1.);
#9012 = LINE('',#9013,#9014);
#9013 = CARTESIAN_POINT('',(3.25,2.44076433121,2.008111842105));
#9014 = VECTOR('',#9015,1.);
#9015 = DIRECTION('',(0.,0.,1.));
#9016 = PCURVE('',#3701,#9017);
#9017 = DEFINITIONAL_REPRESENTATION('',(#9018),#9022);
#9018 = LINE('',#9019,#9020);
#9019 = CARTESIAN_POINT('',(0.926114649682,0.));
#9020 = VECTOR('',#9021,1.);
#9021 = DIRECTION('',(0.,-1.));
#9022 = ( GEOMETRIC_REPRESENTATION_CONTEXT(2) 
PARAMETRIC_REPRESENTATION_CONTEXT() REPRESENTATION_CONTEXT('2D SPACE',''
  ) );
#9023 = PCURVE('',#3738,#9024);
#9024 = DEFINITIONAL_REPRESENTATION('',(#9025),#9029);
#9025 = LINE('',#9026,#9027);
#9026 = CARTESIAN_POINT('',(0.,0.));
#9027 = VECTOR('',#9028,1.);
#9028 = DIRECTION('',(0.,-1.));
#9029 = ( GEOMETRIC_REPRESENTATION_CONTEXT(2) 
PARAMETRIC_REPRESENTATION_CONTEXT() REPRESENTATION_CONTEXT('2D SPACE',''
  ) );
#9030 = ADVANCED_FACE('',(#9031),#4531,.F.);
#9031 = FACE_BOUND('',#9032,.F.);
#9032 = EDGE_LOOP('',(#9033,#9056,#9077,#9078));
#9033 = ORIENTED_EDGE('',*,*,#9034,.F.);
#9034 = EDGE_CURVE('',#9035,#8910,#9037,.T.);
#9035 = VERTEX_POINT('',#9036);
#9036 = CARTESIAN_POINT('',(3.413057324841,2.201910828025,2.008111842105
    ));
#9037 = SURFACE_CURVE('',#9038,(#9042,#9049),.PCURVE_S1.);
#9038 = LINE('',#9039,#9040);
#9039 = CARTESIAN_POINT('',(3.413057324841,2.201910828025,2.008111842105
    ));
#9040 = VECTOR('',#9041,1.);
#9041 = DIRECTION('',(2.22044604925E-16,-1.,0.));
#9042 = PCURVE('',#4531,#9043);
#9043 = DEFINITIONAL_REPRESENTATION('',(#9044),#9048);
#9044 = LINE('',#9045,#9046);
#9045 = CARTESIAN_POINT('',(0.,0.));
#9046 = VECTOR('',#9047,1.);
#9047 = DIRECTION('',(1.,0.));
#9048 = ( GEOMETRIC_REPRESENTATION_CONTEXT(2) 
PARAMETRIC_REPRESENTATION_CONTEXT() REPRESENTATION_CONTEXT('2D SPACE',''
  ) );
#9049 = PCURVE('',#8927,#9050);
#9050 = DEFINITIONAL_REPRESENTATION('',(#9051),#9055);
#9051 = LINE('',#9052,#9053);
#9052 = CARTESIAN_POINT('',(-0.249533384505,-0.500205668633));
#9053 = VECTOR('',#9054,1.);
#9054 = DIRECTION('',(1.,0.));
#9055 = ( GEOMETRIC_REPRESENTATION_CONTEXT(2) 
PARAMETRIC_REPRESENTATION_CONTEXT() REPRESENTATION_CONTEXT('2D SPACE',''
  ) );
#9056 = ORIENTED_EDGE('',*,*,#9057,.T.);
#9057 = EDGE_CURVE('',#9035,#4483,#9058,.T.);
#9058 = SURFACE_CURVE('',#9059,(#9063,#9070),.PCURVE_S1.);
#9059 = LINE('',#9060,#9061);
#9060 = CARTESIAN_POINT('',(3.413057324841,2.201910828025,2.008111842105
    ));
#9061 = VECTOR('',#9062,1.);
#9062 = DIRECTION('',(0.,0.,1.));
#9063 = PCURVE('',#4531,#9064);
#9064 = DEFINITIONAL_REPRESENTATION('',(#9065),#9069);
#9065 = LINE('',#9066,#9067);
#9066 = CARTESIAN_POINT('',(0.,0.));
#9067 = VECTOR('',#9068,1.);
#9068 = DIRECTION('',(0.,-1.));
#9069 = ( GEOMETRIC_REPRESENTATION_CONTEXT(2) 
PARAMETRIC_REPRESENTATION_CONTEXT() REPRESENTATION_CONTEXT('2D SPACE',''
  ) );
#9070 = PCURVE('',#4502,#9071);
#9071 = DEFINITIONAL_REPRESENTATION('',(#9072),#9076);
#9072 = LINE('',#9073,#9074);
#9073 = CARTESIAN_POINT('',(1.,0.));
#9074 = VECTOR('',#9075,1.);
#9075 = DIRECTION('',(0.,-1.));
#9076 = ( GEOMETRIC_REPRESENTATION_CONTEXT(2) 
PARAMETRIC_REPRESENTATION_CONTEXT() REPRESENTATION_CONTEXT('2D SPACE',''
  ) );
#9077 = ORIENTED_EDGE('',*,*,#4518,.F.);
#9078 = ORIENTED_EDGE('',*,*,#8939,.F.);
#9079 = ADVANCED_FACE('',(#9080),#3738,.F.);
#9080 = FACE_BOUND('',#9081,.F.);
#9081 = EDGE_LOOP('',(#9082,#9105,#9106,#9107));
#9082 = ORIENTED_EDGE('',*,*,#9083,.F.);
#9083 = EDGE_CURVE('',#8986,#9084,#9086,.T.);
#9084 = VERTEX_POINT('',#9085);
#9085 = CARTESIAN_POINT('',(3.370382165605,2.420382165605,2.008111842105
    ));
#9086 = SURFACE_CURVE('',#9087,(#9091,#9098),.PCURVE_S1.);
#9087 = B_SPLINE_CURVE_WITH_KNOTS('',2,(#9088,#9089,#9090),
  .UNSPECIFIED.,.F.,.F.,(3,3),(0.,1.),.PIECEWISE_BEZIER_KNOTS.);
#9088 = CARTESIAN_POINT('',(3.25,2.44076433121,2.008111842105));
#9089 = CARTESIAN_POINT('',(3.312420382166,2.442675159236,2.008111842105
    ));
#9090 = CARTESIAN_POINT('',(3.370382165605,2.420382165605,2.008111842105
    ));
#9091 = PCURVE('',#3738,#9092);
#9092 = DEFINITIONAL_REPRESENTATION('',(#9093),#9097);
#9093 = LINE('',#9094,#9095);
#9094 = CARTESIAN_POINT('',(0.,0.));
#9095 = VECTOR('',#9096,1.);
#9096 = DIRECTION('',(1.,0.));
#9097 = ( GEOMETRIC_REPRESENTATION_CONTEXT(2) 
PARAMETRIC_REPRESENTATION_CONTEXT() REPRESENTATION_CONTEXT('2D SPACE',''
  ) );
#9098 = PCURVE('',#8927,#9099);
#9099 = DEFINITIONAL_REPRESENTATION('',(#9100),#9104);
#9100 = B_SPLINE_CURVE_WITH_KNOTS('',2,(#9101,#9102,#9103),
  .UNSPECIFIED.,.F.,.F.,(3,3),(0.,1.),.PIECEWISE_BEZIER_KNOTS.);
#9101 = CARTESIAN_POINT('',(-0.48838688769,-0.663262993474));
#9102 = CARTESIAN_POINT('',(-0.490297715715,-0.600842611308));
#9103 = CARTESIAN_POINT('',(-0.468004722085,-0.542880827869));
#9104 = ( GEOMETRIC_REPRESENTATION_CONTEXT(2) 
PARAMETRIC_REPRESENTATION_CONTEXT() REPRESENTATION_CONTEXT('2D SPACE',''
  ) );
#9105 = ORIENTED_EDGE('',*,*,#9010,.T.);
#9106 = ORIENTED_EDGE('',*,*,#3712,.F.);
#9107 = ORIENTED_EDGE('',*,*,#9108,.F.);
#9108 = EDGE_CURVE('',#9084,#3713,#9109,.T.);
#9109 = SURFACE_CURVE('',#9110,(#9114,#9121),.PCURVE_S1.);
#9110 = LINE('',#9111,#9112);
#9111 = CARTESIAN_POINT('',(3.370382165605,2.420382165605,2.008111842105
    ));
#9112 = VECTOR('',#9113,1.);
#9113 = DIRECTION('',(0.,0.,1.));
#9114 = PCURVE('',#3738,#9115);
#9115 = DEFINITIONAL_REPRESENTATION('',(#9116),#9120);
#9116 = LINE('',#9117,#9118);
#9117 = CARTESIAN_POINT('',(1.,0.));
#9118 = VECTOR('',#9119,1.);
#9119 = DIRECTION('',(0.,-1.));
#9120 = ( GEOMETRIC_REPRESENTATION_CONTEXT(2) 
PARAMETRIC_REPRESENTATION_CONTEXT() REPRESENTATION_CONTEXT('2D SPACE',''
  ) );
#9121 = PCURVE('',#3777,#9122);
#9122 = DEFINITIONAL_REPRESENTATION('',(#9123),#9127);
#9123 = LINE('',#9124,#9125);
#9124 = CARTESIAN_POINT('',(0.,0.));
#9125 = VECTOR('',#9126,1.);
#9126 = DIRECTION('',(0.,-1.));
#9127 = ( GEOMETRIC_REPRESENTATION_CONTEXT(2) 
PARAMETRIC_REPRESENTATION_CONTEXT() REPRESENTATION_CONTEXT('2D SPACE',''
  ) );
#9128 = ADVANCED_FACE('',(#9129),#4502,.F.);
#9129 = FACE_BOUND('',#9130,.F.);
#9130 = EDGE_LOOP('',(#9131,#9154,#9175,#9176));
#9131 = ORIENTED_EDGE('',*,*,#9132,.F.);
#9132 = EDGE_CURVE('',#9133,#9035,#9135,.T.);
#9133 = VERTEX_POINT('',#9134);
#9134 = CARTESIAN_POINT('',(3.508598726115,2.129299363057,2.008111842105
    ));
#9135 = SURFACE_CURVE('',#9136,(#9140,#9147),.PCURVE_S1.);
#9136 = B_SPLINE_CURVE_WITH_KNOTS('',2,(#9137,#9138,#9139),
  .UNSPECIFIED.,.F.,.F.,(3,3),(0.,1.),.PIECEWISE_BEZIER_KNOTS.);
#9137 = CARTESIAN_POINT('',(3.508598726115,2.129299363057,2.008111842105
    ));
#9138 = CARTESIAN_POINT('',(3.461464968153,2.173248407643,2.008111842105
    ));
#9139 = CARTESIAN_POINT('',(3.413057324841,2.201910828025,2.008111842105
    ));
#9140 = PCURVE('',#4502,#9141);
#9141 = DEFINITIONAL_REPRESENTATION('',(#9142),#9146);
#9142 = LINE('',#9143,#9144);
#9143 = CARTESIAN_POINT('',(0.,0.));
#9144 = VECTOR('',#9145,1.);
#9145 = DIRECTION('',(1.,0.));
#9146 = ( GEOMETRIC_REPRESENTATION_CONTEXT(2) 
PARAMETRIC_REPRESENTATION_CONTEXT() REPRESENTATION_CONTEXT('2D SPACE',''
  ) );
#9147 = PCURVE('',#8927,#9148);
#9148 = DEFINITIONAL_REPRESENTATION('',(#9149),#9153);
#9149 = B_SPLINE_CURVE_WITH_KNOTS('',2,(#9150,#9151,#9152),
  .UNSPECIFIED.,.F.,.F.,(3,3),(0.,1.),.PIECEWISE_BEZIER_KNOTS.);
#9150 = CARTESIAN_POINT('',(-0.176921919537,-0.404664267359));
#9151 = CARTESIAN_POINT('',(-0.220870964123,-0.451798025321));
#9152 = CARTESIAN_POINT('',(-0.249533384505,-0.500205668633));
#9153 = ( GEOMETRIC_REPRESENTATION_CONTEXT(2) 
PARAMETRIC_REPRESENTATION_CONTEXT() REPRESENTATION_CONTEXT('2D SPACE',''
  ) );
#9154 = ORIENTED_EDGE('',*,*,#9155,.T.);
#9155 = EDGE_CURVE('',#9133,#4441,#9156,.T.);
#9156 = SURFACE_CURVE('',#9157,(#9161,#9168),.PCURVE_S1.);
#9157 = LINE('',#9158,#9159);
#9158 = CARTESIAN_POINT('',(3.508598726115,2.129299363057,2.008111842105
    ));
#9159 = VECTOR('',#9160,1.);
#9160 = DIRECTION('',(0.,0.,1.));
#9161 = PCURVE('',#4502,#9162);
#9162 = DEFINITIONAL_REPRESENTATION('',(#9163),#9167);
#9163 = LINE('',#9164,#9165);
#9164 = CARTESIAN_POINT('',(0.,0.));
#9165 = VECTOR('',#9166,1.);
#9166 = DIRECTION('',(0.,-1.));
#9167 = ( GEOMETRIC_REPRESENTATION_CONTEXT(2) 
PARAMETRIC_REPRESENTATION_CONTEXT() REPRESENTATION_CONTEXT('2D SPACE',''
  ) );
#9168 = PCURVE('',#4464,#9169);
#9169 = DEFINITIONAL_REPRESENTATION('',(#9170),#9174);
#9170 = LINE('',#9171,#9172);
#9171 = CARTESIAN_POINT('',(1.,0.));
#9172 = VECTOR('',#9173,1.);
#9173 = DIRECTION('',(0.,-1.));
#9174 = ( GEOMETRIC_REPRESENTATION_CONTEXT(2) 
PARAMETRIC_REPRESENTATION_CONTEXT() REPRESENTATION_CONTEXT('2D SPACE',''
  ) );
#9175 = ORIENTED_EDGE('',*,*,#4482,.F.);
#9176 = ORIENTED_EDGE('',*,*,#9057,.F.);
#9177 = ADVANCED_FACE('',(#9178),#3777,.F.);
#9178 = FACE_BOUND('',#9179,.F.);
#9179 = EDGE_LOOP('',(#9180,#9203,#9204,#9205));
#9180 = ORIENTED_EDGE('',*,*,#9181,.F.);
#9181 = EDGE_CURVE('',#9084,#9182,#9184,.T.);
#9182 = VERTEX_POINT('',#9183);
#9183 = CARTESIAN_POINT('',(3.558280254777,2.307643312102,2.008111842105
    ));
#9184 = SURFACE_CURVE('',#9185,(#9189,#9196),.PCURVE_S1.);
#9185 = B_SPLINE_CURVE_WITH_KNOTS('',2,(#9186,#9187,#9188),
  .UNSPECIFIED.,.F.,.F.,(3,3),(0.,1.),.PIECEWISE_BEZIER_KNOTS.);
#9186 = CARTESIAN_POINT('',(3.370382165605,2.420382165605,2.008111842105
    ));
#9187 = CARTESIAN_POINT('',(3.465923566879,2.385350318471,2.008111842105
    ));
#9188 = CARTESIAN_POINT('',(3.558280254777,2.307643312102,2.008111842105
    ));
#9189 = PCURVE('',#3777,#9190);
#9190 = DEFINITIONAL_REPRESENTATION('',(#9191),#9195);
#9191 = LINE('',#9192,#9193);
#9192 = CARTESIAN_POINT('',(0.,0.));
#9193 = VECTOR('',#9194,1.);
#9194 = DIRECTION('',(1.,0.));
#9195 = ( GEOMETRIC_REPRESENTATION_CONTEXT(2) 
PARAMETRIC_REPRESENTATION_CONTEXT() REPRESENTATION_CONTEXT('2D SPACE',''
  ) );
#9196 = PCURVE('',#8927,#9197);
#9197 = DEFINITIONAL_REPRESENTATION('',(#9198),#9202);
#9198 = B_SPLINE_CURVE_WITH_KNOTS('',2,(#9199,#9200,#9201),
  .UNSPECIFIED.,.F.,.F.,(3,3),(0.,1.),.PIECEWISE_BEZIER_KNOTS.);
#9199 = CARTESIAN_POINT('',(-0.468004722085,-0.542880827869));
#9200 = CARTESIAN_POINT('',(-0.432972874951,-0.447339426595));
#9201 = CARTESIAN_POINT('',(-0.355265868581,-0.354982738697));
#9202 = ( GEOMETRIC_REPRESENTATION_CONTEXT(2) 
PARAMETRIC_REPRESENTATION_CONTEXT() REPRESENTATION_CONTEXT('2D SPACE',''
  ) );
#9203 = ORIENTED_EDGE('',*,*,#9108,.T.);
#9204 = ORIENTED_EDGE('',*,*,#3757,.F.);
#9205 = ORIENTED_EDGE('',*,*,#9206,.F.);
#9206 = EDGE_CURVE('',#9182,#3758,#9207,.T.);
#9207 = SURFACE_CURVE('',#9208,(#9212,#9219),.PCURVE_S1.);
#9208 = LINE('',#9209,#9210);
#9209 = CARTESIAN_POINT('',(3.558280254777,2.307643312102,2.008111842105
    ));
#9210 = VECTOR('',#9211,1.);
#9211 = DIRECTION('',(0.,0.,1.));
#9212 = PCURVE('',#3777,#9213);
#9213 = DEFINITIONAL_REPRESENTATION('',(#9214),#9218);
#9214 = LINE('',#9215,#9216);
#9215 = CARTESIAN_POINT('',(1.,0.));
#9216 = VECTOR('',#9217,1.);
#9217 = DIRECTION('',(0.,-1.));
#9218 = ( GEOMETRIC_REPRESENTATION_CONTEXT(2) 
PARAMETRIC_REPRESENTATION_CONTEXT() REPRESENTATION_CONTEXT('2D SPACE',''
  ) );
#9219 = PCURVE('',#3815,#9220);
#9220 = DEFINITIONAL_REPRESENTATION('',(#9221),#9225);
#9221 = LINE('',#9222,#9223);
#9222 = CARTESIAN_POINT('',(0.,0.));
#9223 = VECTOR('',#9224,1.);
#9224 = DIRECTION('',(0.,-1.));
#9225 = ( GEOMETRIC_REPRESENTATION_CONTEXT(2) 
PARAMETRIC_REPRESENTATION_CONTEXT() REPRESENTATION_CONTEXT('2D SPACE',''
  ) );
#9226 = ADVANCED_FACE('',(#9227),#4464,.F.);
#9227 = FACE_BOUND('',#9228,.F.);
#9228 = EDGE_LOOP('',(#9229,#9252,#9273,#9274));
#9229 = ORIENTED_EDGE('',*,*,#9230,.F.);
#9230 = EDGE_CURVE('',#9231,#9133,#9233,.T.);
#9231 = VERTEX_POINT('',#9232);
#9232 = CARTESIAN_POINT('',(3.690127388535,1.930573248408,2.008111842105
    ));
#9233 = SURFACE_CURVE('',#9234,(#9238,#9245),.PCURVE_S1.);
#9234 = B_SPLINE_CURVE_WITH_KNOTS('',2,(#9235,#9236,#9237),
  .UNSPECIFIED.,.F.,.F.,(3,3),(0.,1.),.PIECEWISE_BEZIER_KNOTS.);
#9235 = CARTESIAN_POINT('',(3.690127388535,1.930573248408,2.008111842105
    ));
#9236 = CARTESIAN_POINT('',(3.556369426752,2.085350318471,2.008111842105
    ));
#9237 = CARTESIAN_POINT('',(3.508598726115,2.129299363057,2.008111842105
    ));
#9238 = PCURVE('',#4464,#9239);
#9239 = DEFINITIONAL_REPRESENTATION('',(#9240),#9244);
#9240 = LINE('',#9241,#9242);
#9241 = CARTESIAN_POINT('',(0.,0.));
#9242 = VECTOR('',#9243,1.);
#9243 = DIRECTION('',(1.,0.));
#9244 = ( GEOMETRIC_REPRESENTATION_CONTEXT(2) 
PARAMETRIC_REPRESENTATION_CONTEXT() REPRESENTATION_CONTEXT('2D SPACE',''
  ) );
#9245 = PCURVE('',#8927,#9246);
#9246 = DEFINITIONAL_REPRESENTATION('',(#9247),#9251);
#9247 = B_SPLINE_CURVE_WITH_KNOTS('',2,(#9248,#9249,#9250),
  .UNSPECIFIED.,.F.,.F.,(3,3),(0.,1.),.PIECEWISE_BEZIER_KNOTS.);
#9248 = CARTESIAN_POINT('',(2.180419511295E-02,-0.223135604939));
#9249 = CARTESIAN_POINT('',(-0.132972874951,-0.356893566722));
#9250 = CARTESIAN_POINT('',(-0.176921919537,-0.404664267359));
#9251 = ( GEOMETRIC_REPRESENTATION_CONTEXT(2) 
PARAMETRIC_REPRESENTATION_CONTEXT() REPRESENTATION_CONTEXT('2D SPACE',''
  ) );
#9252 = ORIENTED_EDGE('',*,*,#9253,.T.);
#9253 = EDGE_CURVE('',#9231,#4399,#9254,.T.);
#9254 = SURFACE_CURVE('',#9255,(#9259,#9266),.PCURVE_S1.);
#9255 = LINE('',#9256,#9257);
#9256 = CARTESIAN_POINT('',(3.690127388535,1.930573248408,2.008111842105
    ));
#9257 = VECTOR('',#9258,1.);
#9258 = DIRECTION('',(0.,0.,1.));
#9259 = PCURVE('',#4464,#9260);
#9260 = DEFINITIONAL_REPRESENTATION('',(#9261),#9265);
#9261 = LINE('',#9262,#9263);
#9262 = CARTESIAN_POINT('',(0.,0.));
#9263 = VECTOR('',#9264,1.);
#9264 = DIRECTION('',(0.,-1.));
#9265 = ( GEOMETRIC_REPRESENTATION_CONTEXT(2) 
PARAMETRIC_REPRESENTATION_CONTEXT() REPRESENTATION_CONTEXT('2D SPACE',''
  ) );
#9266 = PCURVE('',#4422,#9267);
#9267 = DEFINITIONAL_REPRESENTATION('',(#9268),#9272);
#9268 = LINE('',#9269,#9270);
#9269 = CARTESIAN_POINT('',(1.,0.));
#9270 = VECTOR('',#9271,1.);
#9271 = DIRECTION('',(0.,-1.));
#9272 = ( GEOMETRIC_REPRESENTATION_CONTEXT(2) 
PARAMETRIC_REPRESENTATION_CONTEXT() REPRESENTATION_CONTEXT('2D SPACE',''
  ) );
#9273 = ORIENTED_EDGE('',*,*,#4440,.F.);
#9274 = ORIENTED_EDGE('',*,*,#9155,.F.);
#9275 = ADVANCED_FACE('',(#9276),#3815,.F.);
#9276 = FACE_BOUND('',#9277,.F.);
#9277 = EDGE_LOOP('',(#9278,#9301,#9302,#9303));
#9278 = ORIENTED_EDGE('',*,*,#9279,.F.);
#9279 = EDGE_CURVE('',#9182,#9280,#9282,.T.);
#9280 = VERTEX_POINT('',#9281);
#9281 = CARTESIAN_POINT('',(3.772929936306,2.082165605096,2.008111842105
    ));
#9282 = SURFACE_CURVE('',#9283,(#9287,#9294),.PCURVE_S1.);
#9283 = B_SPLINE_CURVE_WITH_KNOTS('',2,(#9284,#9285,#9286),
  .UNSPECIFIED.,.F.,.F.,(3,3),(0.,1.),.PIECEWISE_BEZIER_KNOTS.);
#9284 = CARTESIAN_POINT('',(3.558280254777,2.307643312102,2.008111842105
    ));
#9285 = CARTESIAN_POINT('',(3.65127388535,2.229299363057,2.008111842105)
  );
#9286 = CARTESIAN_POINT('',(3.772929936306,2.082165605096,2.008111842105
    ));
#9287 = PCURVE('',#3815,#9288);
#9288 = DEFINITIONAL_REPRESENTATION('',(#9289),#9293);
#9289 = LINE('',#9290,#9291);
#9290 = CARTESIAN_POINT('',(0.,0.));
#9291 = VECTOR('',#9292,1.);
#9292 = DIRECTION('',(1.,0.));
#9293 = ( GEOMETRIC_REPRESENTATION_CONTEXT(2) 
PARAMETRIC_REPRESENTATION_CONTEXT() REPRESENTATION_CONTEXT('2D SPACE',''
  ) );
#9294 = PCURVE('',#8927,#9295);
#9295 = DEFINITIONAL_REPRESENTATION('',(#9296),#9300);
#9296 = B_SPLINE_CURVE_WITH_KNOTS('',2,(#9297,#9298,#9299),
  .UNSPECIFIED.,.F.,.F.,(3,3),(0.,1.),.PIECEWISE_BEZIER_KNOTS.);
#9297 = CARTESIAN_POINT('',(-0.355265868581,-0.354982738697));
#9298 = CARTESIAN_POINT('',(-0.276921919537,-0.261989108124));
#9299 = CARTESIAN_POINT('',(-0.129788161575,-0.140333057168));
#9300 = ( GEOMETRIC_REPRESENTATION_CONTEXT(2) 
PARAMETRIC_REPRESENTATION_CONTEXT() REPRESENTATION_CONTEXT('2D SPACE',''
  ) );
#9301 = ORIENTED_EDGE('',*,*,#9206,.T.);
#9302 = ORIENTED_EDGE('',*,*,#3793,.F.);
#9303 = ORIENTED_EDGE('',*,*,#9304,.F.);
#9304 = EDGE_CURVE('',#9280,#3794,#9305,.T.);
#9305 = SURFACE_CURVE('',#9306,(#9310,#9317),.PCURVE_S1.);
#9306 = LINE('',#9307,#9308);
#9307 = CARTESIAN_POINT('',(3.772929936306,2.082165605096,2.008111842105
    ));
#9308 = VECTOR('',#9309,1.);
#9309 = DIRECTION('',(0.,0.,1.));
#9310 = PCURVE('',#3815,#9311);
#9311 = DEFINITIONAL_REPRESENTATION('',(#9312),#9316);
#9312 = LINE('',#9313,#9314);
#9313 = CARTESIAN_POINT('',(1.,0.));
#9314 = VECTOR('',#9315,1.);
#9315 = DIRECTION('',(0.,-1.));
#9316 = ( GEOMETRIC_REPRESENTATION_CONTEXT(2) 
PARAMETRIC_REPRESENTATION_CONTEXT() REPRESENTATION_CONTEXT('2D SPACE',''
  ) );
#9317 = PCURVE('',#3856,#9318);
#9318 = DEFINITIONAL_REPRESENTATION('',(#9319),#9323);
#9319 = LINE('',#9320,#9321);
#9320 = CARTESIAN_POINT('',(0.,0.));
#9321 = VECTOR('',#9322,1.);
#9322 = DIRECTION('',(0.,-1.));
#9323 = ( GEOMETRIC_REPRESENTATION_CONTEXT(2) 
PARAMETRIC_REPRESENTATION_CONTEXT() REPRESENTATION_CONTEXT('2D SPACE',''
  ) );
#9324 = ADVANCED_FACE('',(#9325),#4422,.F.);
#9325 = FACE_BOUND('',#9326,.F.);
#9326 = EDGE_LOOP('',(#9327,#9350,#9371,#9372));
#9327 = ORIENTED_EDGE('',*,*,#9328,.F.);
#9328 = EDGE_CURVE('',#9329,#9231,#9331,.T.);
#9329 = VERTEX_POINT('',#9330);
#9330 = CARTESIAN_POINT('',(3.940445859873,1.665605095541,2.008111842105
    ));
#9331 = SURFACE_CURVE('',#9332,(#9336,#9343),.PCURVE_S1.);
#9332 = B_SPLINE_CURVE_WITH_KNOTS('',2,(#9333,#9334,#9335),
  .UNSPECIFIED.,.F.,.F.,(3,3),(0.,1.),.PIECEWISE_BEZIER_KNOTS.);
#9333 = CARTESIAN_POINT('',(3.940445859873,1.665605095541,2.008111842105
    ));
#9334 = CARTESIAN_POINT('',(3.849363057325,1.745222929936,2.008111842105
    ));
#9335 = CARTESIAN_POINT('',(3.690127388535,1.930573248408,2.008111842105
    ));
#9336 = PCURVE('',#4422,#9337);
#9337 = DEFINITIONAL_REPRESENTATION('',(#9338),#9342);
#9338 = LINE('',#9339,#9340);
#9339 = CARTESIAN_POINT('',(0.,0.));
#9340 = VECTOR('',#9341,1.);
#9341 = DIRECTION('',(1.,0.));
#9342 = ( GEOMETRIC_REPRESENTATION_CONTEXT(2) 
PARAMETRIC_REPRESENTATION_CONTEXT() REPRESENTATION_CONTEXT('2D SPACE',''
  ) );
#9343 = PCURVE('',#8927,#9344);
#9344 = DEFINITIONAL_REPRESENTATION('',(#9345),#9349);
#9345 = B_SPLINE_CURVE_WITH_KNOTS('',2,(#9346,#9347,#9348),
  .UNSPECIFIED.,.F.,.F.,(3,3),(0.,1.),.PIECEWISE_BEZIER_KNOTS.);
#9346 = CARTESIAN_POINT('',(0.286772347979,2.718286639856E-02));
#9347 = CARTESIAN_POINT('',(0.207154513584,-6.389993614921E-02));
#9348 = CARTESIAN_POINT('',(2.180419511295E-02,-0.223135604939));
#9349 = ( GEOMETRIC_REPRESENTATION_CONTEXT(2) 
PARAMETRIC_REPRESENTATION_CONTEXT() REPRESENTATION_CONTEXT('2D SPACE',''
  ) );
#9350 = ORIENTED_EDGE('',*,*,#9351,.T.);
#9351 = EDGE_CURVE('',#9329,#4363,#9352,.T.);
#9352 = SURFACE_CURVE('',#9353,(#9357,#9364),.PCURVE_S1.);
#9353 = LINE('',#9354,#9355);
#9354 = CARTESIAN_POINT('',(3.940445859873,1.665605095541,2.008111842105
    ));
#9355 = VECTOR('',#9356,1.);
#9356 = DIRECTION('',(0.,0.,1.));
#9357 = PCURVE('',#4422,#9358);
#9358 = DEFINITIONAL_REPRESENTATION('',(#9359),#9363);
#9359 = LINE('',#9360,#9361);
#9360 = CARTESIAN_POINT('',(0.,0.));
#9361 = VECTOR('',#9362,1.);
#9362 = DIRECTION('',(0.,-1.));
#9363 = ( GEOMETRIC_REPRESENTATION_CONTEXT(2) 
PARAMETRIC_REPRESENTATION_CONTEXT() REPRESENTATION_CONTEXT('2D SPACE',''
  ) );
#9364 = PCURVE('',#4382,#9365);
#9365 = DEFINITIONAL_REPRESENTATION('',(#9366),#9370);
#9366 = LINE('',#9367,#9368);
#9367 = CARTESIAN_POINT('',(1.,0.));
#9368 = VECTOR('',#9369,1.);
#9369 = DIRECTION('',(0.,-1.));
#9370 = ( GEOMETRIC_REPRESENTATION_CONTEXT(2) 
PARAMETRIC_REPRESENTATION_CONTEXT() REPRESENTATION_CONTEXT('2D SPACE',''
  ) );
#9371 = ORIENTED_EDGE('',*,*,#4398,.F.);
#9372 = ORIENTED_EDGE('',*,*,#9253,.F.);
#9373 = ADVANCED_FACE('',(#9374),#3856,.F.);
#9374 = FACE_BOUND('',#9375,.F.);
#9375 = EDGE_LOOP('',(#9376,#9399,#9400,#9401));
#9376 = ORIENTED_EDGE('',*,*,#9377,.F.);
#9377 = EDGE_CURVE('',#9280,#9378,#9380,.T.);
#9378 = VERTEX_POINT('',#9379);
#9379 = CARTESIAN_POINT('',(4.075477707006,1.773885350318,2.008111842105
    ));
#9380 = SURFACE_CURVE('',#9381,(#9385,#9392),.PCURVE_S1.);
#9381 = B_SPLINE_CURVE_WITH_KNOTS('',2,(#9382,#9383,#9384),
  .UNSPECIFIED.,.F.,.F.,(3,3),(0.,1.),.PIECEWISE_BEZIER_KNOTS.);
#9382 = CARTESIAN_POINT('',(3.772929936306,2.082165605096,2.008111842105
    ));
#9383 = CARTESIAN_POINT('',(3.964012738854,1.854140127389,2.008111842105
    ));
#9384 = CARTESIAN_POINT('',(4.075477707006,1.773885350318,2.008111842105
    ));
#9385 = PCURVE('',#3856,#9386);
#9386 = DEFINITIONAL_REPRESENTATION('',(#9387),#9391);
#9387 = LINE('',#9388,#9389);
#9388 = CARTESIAN_POINT('',(0.,0.));
#9389 = VECTOR('',#9390,1.);
#9390 = DIRECTION('',(1.,0.));
#9391 = ( GEOMETRIC_REPRESENTATION_CONTEXT(2) 
PARAMETRIC_REPRESENTATION_CONTEXT() REPRESENTATION_CONTEXT('2D SPACE',''
  ) );
#9392 = PCURVE('',#8927,#9393);
#9393 = DEFINITIONAL_REPRESENTATION('',(#9394),#9398);
#9394 = B_SPLINE_CURVE_WITH_KNOTS('',2,(#9395,#9396,#9397),
  .UNSPECIFIED.,.F.,.F.,(3,3),(0.,1.),.PIECEWISE_BEZIER_KNOTS.);
#9395 = CARTESIAN_POINT('',(-0.129788161575,-0.140333057168));
#9396 = CARTESIAN_POINT('',(9.823731613206E-02,5.074974537945E-02));
#9397 = CARTESIAN_POINT('',(0.178492093202,0.162214713532));
#9398 = ( GEOMETRIC_REPRESENTATION_CONTEXT(2) 
PARAMETRIC_REPRESENTATION_CONTEXT() REPRESENTATION_CONTEXT('2D SPACE',''
  ) );
#9399 = ORIENTED_EDGE('',*,*,#9304,.T.);
#9400 = ORIENTED_EDGE('',*,*,#3832,.F.);
#9401 = ORIENTED_EDGE('',*,*,#9402,.F.);
#9402 = EDGE_CURVE('',#9378,#3833,#9403,.T.);
#9403 = SURFACE_CURVE('',#9404,(#9408,#9415),.PCURVE_S1.);
#9404 = LINE('',#9405,#9406);
#9405 = CARTESIAN_POINT('',(4.075477707006,1.773885350318,2.008111842105
    ));
#9406 = VECTOR('',#9407,1.);
#9407 = DIRECTION('',(0.,0.,1.));
#9408 = PCURVE('',#3856,#9409);
#9409 = DEFINITIONAL_REPRESENTATION('',(#9410),#9414);
#9410 = LINE('',#9411,#9412);
#9411 = CARTESIAN_POINT('',(1.,0.));
#9412 = VECTOR('',#9413,1.);
#9413 = DIRECTION('',(0.,-1.));
#9414 = ( GEOMETRIC_REPRESENTATION_CONTEXT(2) 
PARAMETRIC_REPRESENTATION_CONTEXT() REPRESENTATION_CONTEXT('2D SPACE',''
  ) );
#9415 = PCURVE('',#3896,#9416);
#9416 = DEFINITIONAL_REPRESENTATION('',(#9417),#9421);
#9417 = LINE('',#9418,#9419);
#9418 = CARTESIAN_POINT('',(0.,0.));
#9419 = VECTOR('',#9420,1.);
#9420 = DIRECTION('',(0.,-1.));
#9421 = ( GEOMETRIC_REPRESENTATION_CONTEXT(2) 
PARAMETRIC_REPRESENTATION_CONTEXT() REPRESENTATION_CONTEXT('2D SPACE',''
  ) );
#9422 = ADVANCED_FACE('',(#9423),#4382,.F.);
#9423 = FACE_BOUND('',#9424,.F.);
#9424 = EDGE_LOOP('',(#9425,#9448,#9469,#9470));
#9425 = ORIENTED_EDGE('',*,*,#9426,.F.);
#9426 = EDGE_CURVE('',#9427,#9329,#9429,.T.);
#9427 = VERTEX_POINT('',#9428);
#9428 = CARTESIAN_POINT('',(4.113694267516,1.550955414013,2.008111842105
    ));
#9429 = SURFACE_CURVE('',#9430,(#9434,#9441),.PCURVE_S1.);
#9430 = B_SPLINE_CURVE_WITH_KNOTS('',2,(#9431,#9432,#9433),
  .UNSPECIFIED.,.F.,.F.,(3,3),(0.,1.),.PIECEWISE_BEZIER_KNOTS.);
#9431 = CARTESIAN_POINT('',(4.113694267516,1.550955414013,2.008111842105
    ));
#9432 = CARTESIAN_POINT('',(4.03152866242,1.585350318471,2.008111842105)
  );
#9433 = CARTESIAN_POINT('',(3.940445859873,1.665605095541,2.008111842105
    ));
#9434 = PCURVE('',#4382,#9435);
#9435 = DEFINITIONAL_REPRESENTATION('',(#9436),#9440);
#9436 = LINE('',#9437,#9438);
#9437 = CARTESIAN_POINT('',(0.,0.));
#9438 = VECTOR('',#9439,1.);
#9439 = DIRECTION('',(1.,0.));
#9440 = ( GEOMETRIC_REPRESENTATION_CONTEXT(2) 
PARAMETRIC_REPRESENTATION_CONTEXT() REPRESENTATION_CONTEXT('2D SPACE',''
  ) );
#9441 = PCURVE('',#8927,#9442);
#9442 = DEFINITIONAL_REPRESENTATION('',(#9443),#9447);
#9443 = B_SPLINE_CURVE_WITH_KNOTS('',2,(#9444,#9445,#9446),
  .UNSPECIFIED.,.F.,.F.,(3,3),(0.,1.),.PIECEWISE_BEZIER_KNOTS.);
#9444 = CARTESIAN_POINT('',(0.401422029508,0.200431274042));
#9445 = CARTESIAN_POINT('',(0.367027125049,0.118265668946));
#9446 = CARTESIAN_POINT('',(0.286772347979,2.718286639856E-02));
#9447 = ( GEOMETRIC_REPRESENTATION_CONTEXT(2) 
PARAMETRIC_REPRESENTATION_CONTEXT() REPRESENTATION_CONTEXT('2D SPACE',''
  ) );
#9448 = ORIENTED_EDGE('',*,*,#9449,.T.);
#9449 = EDGE_CURVE('',#9427,#4318,#9450,.T.);
#9450 = SURFACE_CURVE('',#9451,(#9455,#9462),.PCURVE_S1.);
#9451 = LINE('',#9452,#9453);
#9452 = CARTESIAN_POINT('',(4.113694267516,1.550955414013,2.008111842105
    ));
#9453 = VECTOR('',#9454,1.);
#9454 = DIRECTION('',(0.,0.,1.));
#9455 = PCURVE('',#4382,#9456);
#9456 = DEFINITIONAL_REPRESENTATION('',(#9457),#9461);
#9457 = LINE('',#9458,#9459);
#9458 = CARTESIAN_POINT('',(0.,0.));
#9459 = VECTOR('',#9460,1.);
#9460 = DIRECTION('',(0.,-1.));
#9461 = ( GEOMETRIC_REPRESENTATION_CONTEXT(2) 
PARAMETRIC_REPRESENTATION_CONTEXT() REPRESENTATION_CONTEXT('2D SPACE',''
  ) );
#9462 = PCURVE('',#4343,#9463);
#9463 = DEFINITIONAL_REPRESENTATION('',(#9464),#9468);
#9464 = LINE('',#9465,#9466);
#9465 = CARTESIAN_POINT('',(1.,0.));
#9466 = VECTOR('',#9467,1.);
#9467 = DIRECTION('',(0.,-1.));
#9468 = ( GEOMETRIC_REPRESENTATION_CONTEXT(2) 
PARAMETRIC_REPRESENTATION_CONTEXT() REPRESENTATION_CONTEXT('2D SPACE',''
  ) );
#9469 = ORIENTED_EDGE('',*,*,#4362,.F.);
#9470 = ORIENTED_EDGE('',*,*,#9351,.F.);
#9471 = ADVANCED_FACE('',(#9472),#3896,.F.);
#9472 = FACE_BOUND('',#9473,.F.);
#9473 = EDGE_LOOP('',(#9474,#9497,#9498,#9499));
#9474 = ORIENTED_EDGE('',*,*,#9475,.F.);
#9475 = EDGE_CURVE('',#9378,#9476,#9478,.T.);
#9476 = VERTEX_POINT('',#9477);
#9477 = CARTESIAN_POINT('',(4.286305732484,1.693630573248,2.008111842105
    ));
#9478 = SURFACE_CURVE('',#9479,(#9483,#9490),.PCURVE_S1.);
#9479 = B_SPLINE_CURVE_WITH_KNOTS('',2,(#9480,#9481,#9482),
  .UNSPECIFIED.,.F.,.F.,(3,3),(0.,1.),.PIECEWISE_BEZIER_KNOTS.);
#9480 = CARTESIAN_POINT('',(4.075477707006,1.773885350318,2.008111842105
    ));
#9481 = CARTESIAN_POINT('',(4.186942675159,1.693630573248,2.008111842105
    ));
#9482 = CARTESIAN_POINT('',(4.286305732484,1.693630573248,2.008111842105
    ));
#9483 = PCURVE('',#3896,#9484);
#9484 = DEFINITIONAL_REPRESENTATION('',(#9485),#9489);
#9485 = LINE('',#9486,#9487);
#9486 = CARTESIAN_POINT('',(0.,0.));
#9487 = VECTOR('',#9488,1.);
#9488 = DIRECTION('',(1.,0.));
#9489 = ( GEOMETRIC_REPRESENTATION_CONTEXT(2) 
PARAMETRIC_REPRESENTATION_CONTEXT() REPRESENTATION_CONTEXT('2D SPACE',''
  ) );
#9490 = PCURVE('',#8927,#9491);
#9491 = DEFINITIONAL_REPRESENTATION('',(#9492),#9496);
#9492 = B_SPLINE_CURVE_WITH_KNOTS('',2,(#9493,#9494,#9495),
  .UNSPECIFIED.,.F.,.F.,(3,3),(0.,1.),.PIECEWISE_BEZIER_KNOTS.);
#9493 = CARTESIAN_POINT('',(0.178492093202,0.162214713532));
#9494 = CARTESIAN_POINT('',(0.258746870272,0.273679681685));
#9495 = CARTESIAN_POINT('',(0.258746870272,0.37304273901));
#9496 = ( GEOMETRIC_REPRESENTATION_CONTEXT(2) 
PARAMETRIC_REPRESENTATION_CONTEXT() REPRESENTATION_CONTEXT('2D SPACE',''
  ) );
#9497 = ORIENTED_EDGE('',*,*,#9402,.T.);
#9498 = ORIENTED_EDGE('',*,*,#3874,.F.);
#9499 = ORIENTED_EDGE('',*,*,#9500,.F.);
#9500 = EDGE_CURVE('',#9476,#3875,#9501,.T.);
#9501 = SURFACE_CURVE('',#9502,(#9506,#9513),.PCURVE_S1.);
#9502 = LINE('',#9503,#9504);
#9503 = CARTESIAN_POINT('',(4.286305732484,1.693630573248,2.008111842105
    ));
#9504 = VECTOR('',#9505,1.);
#9505 = DIRECTION('',(0.,0.,1.));
#9506 = PCURVE('',#3896,#9507);
#9507 = DEFINITIONAL_REPRESENTATION('',(#9508),#9512);
#9508 = LINE('',#9509,#9510);
#9509 = CARTESIAN_POINT('',(1.,0.));
#9510 = VECTOR('',#9511,1.);
#9511 = DIRECTION('',(0.,-1.));
#9512 = ( GEOMETRIC_REPRESENTATION_CONTEXT(2) 
PARAMETRIC_REPRESENTATION_CONTEXT() REPRESENTATION_CONTEXT('2D SPACE',''
  ) );
#9513 = PCURVE('',#3939,#9514);
#9514 = DEFINITIONAL_REPRESENTATION('',(#9515),#9519);
#9515 = LINE('',#9516,#9517);
#9516 = CARTESIAN_POINT('',(0.,0.));
#9517 = VECTOR('',#9518,1.);
#9518 = DIRECTION('',(0.,-1.));
#9519 = ( GEOMETRIC_REPRESENTATION_CONTEXT(2) 
PARAMETRIC_REPRESENTATION_CONTEXT() REPRESENTATION_CONTEXT('2D SPACE',''
  ) );
#9520 = ADVANCED_FACE('',(#9521),#4343,.F.);
#9521 = FACE_BOUND('',#9522,.F.);
#9522 = EDGE_LOOP('',(#9523,#9546,#9567,#9568));
#9523 = ORIENTED_EDGE('',*,*,#9524,.F.);
#9524 = EDGE_CURVE('',#9525,#9427,#9527,.T.);
#9525 = VERTEX_POINT('',#9526);
#9526 = CARTESIAN_POINT('',(4.281847133758,1.516560509554,2.008111842105
    ));
#9527 = SURFACE_CURVE('',#9528,(#9532,#9539),.PCURVE_S1.);
#9528 = B_SPLINE_CURVE_WITH_KNOTS('',2,(#9529,#9530,#9531),
  .UNSPECIFIED.,.F.,.F.,(3,3),(0.,1.),.PIECEWISE_BEZIER_KNOTS.);
#9529 = CARTESIAN_POINT('',(4.281847133758,1.516560509554,2.008111842105
    ));
#9530 = CARTESIAN_POINT('',(4.196496815287,1.516560509554,2.008111842105
    ));
#9531 = CARTESIAN_POINT('',(4.113694267516,1.550955414013,2.008111842105
    ));
#9532 = PCURVE('',#4343,#9533);
#9533 = DEFINITIONAL_REPRESENTATION('',(#9534),#9538);
#9534 = LINE('',#9535,#9536);
#9535 = CARTESIAN_POINT('',(0.,0.));
#9536 = VECTOR('',#9537,1.);
#9537 = DIRECTION('',(1.,0.));
#9538 = ( GEOMETRIC_REPRESENTATION_CONTEXT(2) 
PARAMETRIC_REPRESENTATION_CONTEXT() REPRESENTATION_CONTEXT('2D SPACE',''
  ) );
#9539 = PCURVE('',#8927,#9540);
#9540 = DEFINITIONAL_REPRESENTATION('',(#9541),#9545);
#9541 = B_SPLINE_CURVE_WITH_KNOTS('',2,(#9542,#9543,#9544),
  .UNSPECIFIED.,.F.,.F.,(3,3),(0.,1.),.PIECEWISE_BEZIER_KNOTS.);
#9542 = CARTESIAN_POINT('',(0.435816933966,0.368584140284));
#9543 = CARTESIAN_POINT('',(0.435816933966,0.283233821813));
#9544 = CARTESIAN_POINT('',(0.401422029508,0.200431274042));
#9545 = ( GEOMETRIC_REPRESENTATION_CONTEXT(2) 
PARAMETRIC_REPRESENTATION_CONTEXT() REPRESENTATION_CONTEXT('2D SPACE',''
  ) );
#9546 = ORIENTED_EDGE('',*,*,#9547,.T.);
#9547 = EDGE_CURVE('',#9525,#4267,#9548,.T.);
#9548 = SURFACE_CURVE('',#9549,(#9553,#9560),.PCURVE_S1.);
#9549 = LINE('',#9550,#9551);
#9550 = CARTESIAN_POINT('',(4.281847133758,1.516560509554,2.008111842105
    ));
#9551 = VECTOR('',#9552,1.);
#9552 = DIRECTION('',(0.,0.,1.));
#9553 = PCURVE('',#4343,#9554);
#9554 = DEFINITIONAL_REPRESENTATION('',(#9555),#9559);
#9555 = LINE('',#9556,#9557);
#9556 = CARTESIAN_POINT('',(0.,0.));
#9557 = VECTOR('',#9558,1.);
#9558 = DIRECTION('',(0.,-1.));
#9559 = ( GEOMETRIC_REPRESENTATION_CONTEXT(2) 
PARAMETRIC_REPRESENTATION_CONTEXT() REPRESENTATION_CONTEXT('2D SPACE',''
  ) );
#9560 = PCURVE('',#4296,#9561);
#9561 = DEFINITIONAL_REPRESENTATION('',(#9562),#9566);
#9562 = LINE('',#9563,#9564);
#9563 = CARTESIAN_POINT('',(1.,0.));
#9564 = VECTOR('',#9565,1.);
#9565 = DIRECTION('',(0.,-1.));
#9566 = ( GEOMETRIC_REPRESENTATION_CONTEXT(2) 
PARAMETRIC_REPRESENTATION_CONTEXT() REPRESENTATION_CONTEXT('2D SPACE',''
  ) );
#9567 = ORIENTED_EDGE('',*,*,#4317,.F.);
#9568 = ORIENTED_EDGE('',*,*,#9449,.F.);
#9569 = ADVANCED_FACE('',(#9570),#3939,.F.);
#9570 = FACE_BOUND('',#9571,.F.);
#9571 = EDGE_LOOP('',(#9572,#9595,#9596,#9597));
#9572 = ORIENTED_EDGE('',*,*,#9573,.F.);
#9573 = EDGE_CURVE('',#9476,#9574,#9576,.T.);
#9574 = VERTEX_POINT('',#9575);
#9575 = CARTESIAN_POINT('',(4.462101910828,1.766878980892,2.008111842105
    ));
#9576 = SURFACE_CURVE('',#9577,(#9581,#9588),.PCURVE_S1.);
#9577 = B_SPLINE_CURVE_WITH_KNOTS('',2,(#9578,#9579,#9580),
  .UNSPECIFIED.,.F.,.F.,(3,3),(0.,1.),.PIECEWISE_BEZIER_KNOTS.);
#9578 = CARTESIAN_POINT('',(4.286305732484,1.693630573248,2.008111842105
    ));
#9579 = CARTESIAN_POINT('',(4.39076433121,1.693630573248,2.008111842105)
  );
#9580 = CARTESIAN_POINT('',(4.462101910828,1.766878980892,2.008111842105
    ));
#9581 = PCURVE('',#3939,#9582);
#9582 = DEFINITIONAL_REPRESENTATION('',(#9583),#9587);
#9583 = LINE('',#9584,#9585);
#9584 = CARTESIAN_POINT('',(0.,0.));
#9585 = VECTOR('',#9586,1.);
#9586 = DIRECTION('',(1.,0.));
#9587 = ( GEOMETRIC_REPRESENTATION_CONTEXT(2) 
PARAMETRIC_REPRESENTATION_CONTEXT() REPRESENTATION_CONTEXT('2D SPACE',''
  ) );
#9588 = PCURVE('',#8927,#9589);
#9589 = DEFINITIONAL_REPRESENTATION('',(#9590),#9594);
#9590 = B_SPLINE_CURVE_WITH_KNOTS('',2,(#9591,#9592,#9593),
  .UNSPECIFIED.,.F.,.F.,(3,3),(0.,1.),.PIECEWISE_BEZIER_KNOTS.);
#9591 = CARTESIAN_POINT('',(0.258746870272,0.37304273901));
#9592 = CARTESIAN_POINT('',(0.258746870272,0.477501337736));
#9593 = CARTESIAN_POINT('',(0.185498462629,0.548838917354));
#9594 = ( GEOMETRIC_REPRESENTATION_CONTEXT(2) 
PARAMETRIC_REPRESENTATION_CONTEXT() REPRESENTATION_CONTEXT('2D SPACE',''
  ) );
#9595 = ORIENTED_EDGE('',*,*,#9500,.T.);
#9596 = ORIENTED_EDGE('',*,*,#3913,.F.);
#9597 = ORIENTED_EDGE('',*,*,#9598,.F.);
#9598 = EDGE_CURVE('',#9574,#3914,#9599,.T.);
#9599 = SURFACE_CURVE('',#9600,(#9604,#9611),.PCURVE_S1.);
#9600 = LINE('',#9601,#9602);
#9601 = CARTESIAN_POINT('',(4.462101910828,1.766878980892,2.008111842105
    ));
#9602 = VECTOR('',#9603,1.);
#9603 = DIRECTION('',(0.,0.,1.));
#9604 = PCURVE('',#3939,#9605);
#9605 = DEFINITIONAL_REPRESENTATION('',(#9606),#9610);
#9606 = LINE('',#9607,#9608);
#9607 = CARTESIAN_POINT('',(1.,0.));
#9608 = VECTOR('',#9609,1.);
#9609 = DIRECTION('',(0.,-1.));
#9610 = ( GEOMETRIC_REPRESENTATION_CONTEXT(2) 
PARAMETRIC_REPRESENTATION_CONTEXT() REPRESENTATION_CONTEXT('2D SPACE',''
  ) );
#9611 = PCURVE('',#3984,#9612);
#9612 = DEFINITIONAL_REPRESENTATION('',(#9613),#9617);
#9613 = LINE('',#9614,#9615);
#9614 = CARTESIAN_POINT('',(0.,0.));
#9615 = VECTOR('',#9616,1.);
#9616 = DIRECTION('',(0.,-1.));
#9617 = ( GEOMETRIC_REPRESENTATION_CONTEXT(2) 
PARAMETRIC_REPRESENTATION_CONTEXT() REPRESENTATION_CONTEXT('2D SPACE',''
  ) );
#9618 = ADVANCED_FACE('',(#9619),#4296,.F.);
#9619 = FACE_BOUND('',#9620,.F.);
#9620 = EDGE_LOOP('',(#9621,#9644,#9665,#9666));
#9621 = ORIENTED_EDGE('',*,*,#9622,.F.);
#9622 = EDGE_CURVE('',#9623,#9525,#9625,.T.);
#9623 = VERTEX_POINT('',#9624);
#9624 = CARTESIAN_POINT('',(4.563375796178,1.634394904459,2.008111842105
    ));
#9625 = SURFACE_CURVE('',#9626,(#9630,#9637),.PCURVE_S1.);
#9626 = B_SPLINE_CURVE_WITH_KNOTS('',2,(#9627,#9628,#9629),
  .UNSPECIFIED.,.F.,.F.,(3,3),(0.,1.),.PIECEWISE_BEZIER_KNOTS.);
#9627 = CARTESIAN_POINT('',(4.563375796178,1.634394904459,2.008111842105
    ));
#9628 = CARTESIAN_POINT('',(4.45,1.516560509554,2.008111842105));
#9629 = CARTESIAN_POINT('',(4.281847133758,1.516560509554,2.008111842105
    ));
#9630 = PCURVE('',#4296,#9631);
#9631 = DEFINITIONAL_REPRESENTATION('',(#9632),#9636);
#9632 = LINE('',#9633,#9634);
#9633 = CARTESIAN_POINT('',(0.,0.));
#9634 = VECTOR('',#9635,1.);
#9635 = DIRECTION('',(1.,0.));
#9636 = ( GEOMETRIC_REPRESENTATION_CONTEXT(2) 
PARAMETRIC_REPRESENTATION_CONTEXT() REPRESENTATION_CONTEXT('2D SPACE',''
  ) );
#9637 = PCURVE('',#8927,#9638);
#9638 = DEFINITIONAL_REPRESENTATION('',(#9639),#9643);
#9639 = B_SPLINE_CURVE_WITH_KNOTS('',2,(#9640,#9641,#9642),
  .UNSPECIFIED.,.F.,.F.,(3,3),(0.,1.),.PIECEWISE_BEZIER_KNOTS.);
#9640 = CARTESIAN_POINT('',(0.317982539062,0.650112802704));
#9641 = CARTESIAN_POINT('',(0.435816933966,0.536737006526));
#9642 = CARTESIAN_POINT('',(0.435816933966,0.368584140284));
#9643 = ( GEOMETRIC_REPRESENTATION_CONTEXT(2) 
PARAMETRIC_REPRESENTATION_CONTEXT() REPRESENTATION_CONTEXT('2D SPACE',''
  ) );
#9644 = ORIENTED_EDGE('',*,*,#9645,.T.);
#9645 = EDGE_CURVE('',#9623,#4216,#9646,.T.);
#9646 = SURFACE_CURVE('',#9647,(#9651,#9658),.PCURVE_S1.);
#9647 = LINE('',#9648,#9649);
#9648 = CARTESIAN_POINT('',(4.563375796178,1.634394904459,2.008111842105
    ));
#9649 = VECTOR('',#9650,1.);
#9650 = DIRECTION('',(0.,0.,1.));
#9651 = PCURVE('',#4296,#9652);
#9652 = DEFINITIONAL_REPRESENTATION('',(#9653),#9657);
#9653 = LINE('',#9654,#9655);
#9654 = CARTESIAN_POINT('',(0.,0.));
#9655 = VECTOR('',#9656,1.);
#9656 = DIRECTION('',(0.,-1.));
#9657 = ( GEOMETRIC_REPRESENTATION_CONTEXT(2) 
PARAMETRIC_REPRESENTATION_CONTEXT() REPRESENTATION_CONTEXT('2D SPACE',''
  ) );
#9658 = PCURVE('',#4245,#9659);
#9659 = DEFINITIONAL_REPRESENTATION('',(#9660),#9664);
#9660 = LINE('',#9661,#9662);
#9661 = CARTESIAN_POINT('',(1.,0.));
#9662 = VECTOR('',#9663,1.);
#9663 = DIRECTION('',(0.,-1.));
#9664 = ( GEOMETRIC_REPRESENTATION_CONTEXT(2) 
PARAMETRIC_REPRESENTATION_CONTEXT() REPRESENTATION_CONTEXT('2D SPACE',''
  ) );
#9665 = ORIENTED_EDGE('',*,*,#4266,.F.);
#9666 = ORIENTED_EDGE('',*,*,#9547,.F.);
#9667 = ADVANCED_FACE('',(#9668),#3984,.F.);
#9668 = FACE_BOUND('',#9669,.F.);
#9669 = EDGE_LOOP('',(#9670,#9693,#9694,#9695));
#9670 = ORIENTED_EDGE('',*,*,#9671,.F.);
#9671 = EDGE_CURVE('',#9574,#9672,#9674,.T.);
#9672 = VERTEX_POINT('',#9673);
#9673 = CARTESIAN_POINT('',(4.534076433121,1.957324840764,2.008111842105
    ));
#9674 = SURFACE_CURVE('',#9675,(#9679,#9686),.PCURVE_S1.);
#9675 = B_SPLINE_CURVE_WITH_KNOTS('',2,(#9676,#9677,#9678),
  .UNSPECIFIED.,.F.,.F.,(3,3),(0.,1.),.PIECEWISE_BEZIER_KNOTS.);
#9676 = CARTESIAN_POINT('',(4.462101910828,1.766878980892,2.008111842105
    ));
#9677 = CARTESIAN_POINT('',(4.534076433121,1.83949044586,2.008111842105)
  );
#9678 = CARTESIAN_POINT('',(4.534076433121,1.957324840764,2.008111842105
    ));
#9679 = PCURVE('',#3984,#9680);
#9680 = DEFINITIONAL_REPRESENTATION('',(#9681),#9685);
#9681 = LINE('',#9682,#9683);
#9682 = CARTESIAN_POINT('',(0.,0.));
#9683 = VECTOR('',#9684,1.);
#9684 = DIRECTION('',(1.,0.));
#9685 = ( GEOMETRIC_REPRESENTATION_CONTEXT(2) 
PARAMETRIC_REPRESENTATION_CONTEXT() REPRESENTATION_CONTEXT('2D SPACE',''
  ) );
#9686 = PCURVE('',#8927,#9687);
#9687 = DEFINITIONAL_REPRESENTATION('',(#9688),#9692);
#9688 = B_SPLINE_CURVE_WITH_KNOTS('',2,(#9689,#9690,#9691),
  .UNSPECIFIED.,.F.,.F.,(3,3),(0.,1.),.PIECEWISE_BEZIER_KNOTS.);
#9689 = CARTESIAN_POINT('',(0.185498462629,0.548838917354));
#9690 = CARTESIAN_POINT('',(0.112886997661,0.620813439647));
#9691 = CARTESIAN_POINT('',(-4.947397243739E-03,0.620813439647));
#9692 = ( GEOMETRIC_REPRESENTATION_CONTEXT(2) 
PARAMETRIC_REPRESENTATION_CONTEXT() REPRESENTATION_CONTEXT('2D SPACE',''
  ) );
#9693 = ORIENTED_EDGE('',*,*,#9598,.T.);
#9694 = ORIENTED_EDGE('',*,*,#3958,.F.);
#9695 = ORIENTED_EDGE('',*,*,#9696,.F.);
#9696 = EDGE_CURVE('',#9672,#3959,#9697,.T.);
#9697 = SURFACE_CURVE('',#9698,(#9702,#9709),.PCURVE_S1.);
#9698 = LINE('',#9699,#9700);
#9699 = CARTESIAN_POINT('',(4.534076433121,1.957324840764,2.008111842105
    ));
#9700 = VECTOR('',#9701,1.);
#9701 = DIRECTION('',(0.,0.,1.));
#9702 = PCURVE('',#3984,#9703);
#9703 = DEFINITIONAL_REPRESENTATION('',(#9704),#9708);
#9704 = LINE('',#9705,#9706);
#9705 = CARTESIAN_POINT('',(1.,0.));
#9706 = VECTOR('',#9707,1.);
#9707 = DIRECTION('',(0.,-1.));
#9708 = ( GEOMETRIC_REPRESENTATION_CONTEXT(2) 
PARAMETRIC_REPRESENTATION_CONTEXT() REPRESENTATION_CONTEXT('2D SPACE',''
  ) );
#9709 = PCURVE('',#4029,#9710);
#9710 = DEFINITIONAL_REPRESENTATION('',(#9711),#9715);
#9711 = LINE('',#9712,#9713);
#9712 = CARTESIAN_POINT('',(0.,0.));
#9713 = VECTOR('',#9714,1.);
#9714 = DIRECTION('',(0.,-1.));
#9715 = ( GEOMETRIC_REPRESENTATION_CONTEXT(2) 
PARAMETRIC_REPRESENTATION_CONTEXT() REPRESENTATION_CONTEXT('2D SPACE',''
  ) );
#9716 = ADVANCED_FACE('',(#9717),#4245,.F.);
#9717 = FACE_BOUND('',#9718,.F.);
#9718 = EDGE_LOOP('',(#9719,#9742,#9763,#9764));
#9719 = ORIENTED_EDGE('',*,*,#9720,.F.);
#9720 = EDGE_CURVE('',#9721,#9623,#9723,.T.);
#9721 = VERTEX_POINT('',#9722);
#9722 = CARTESIAN_POINT('',(4.676751592357,1.953503184713,2.008111842105
    ));
#9723 = SURFACE_CURVE('',#9724,(#9728,#9735),.PCURVE_S1.);
#9724 = B_SPLINE_CURVE_WITH_KNOTS('',2,(#9725,#9726,#9727),
  .UNSPECIFIED.,.F.,.F.,(3,3),(0.,1.),.PIECEWISE_BEZIER_KNOTS.);
#9725 = CARTESIAN_POINT('',(4.676751592357,1.953503184713,2.008111842105
    ));
#9726 = CARTESIAN_POINT('',(4.676751592357,1.751592356688,2.008111842105
    ));
#9727 = CARTESIAN_POINT('',(4.563375796178,1.634394904459,2.008111842105
    ));
#9728 = PCURVE('',#4245,#9729);
#9729 = DEFINITIONAL_REPRESENTATION('',(#9730),#9734);
#9730 = LINE('',#9731,#9732);
#9731 = CARTESIAN_POINT('',(0.,0.));
#9732 = VECTOR('',#9733,1.);
#9733 = DIRECTION('',(1.,0.));
#9734 = ( GEOMETRIC_REPRESENTATION_CONTEXT(2) 
PARAMETRIC_REPRESENTATION_CONTEXT() REPRESENTATION_CONTEXT('2D SPACE',''
  ) );
#9735 = PCURVE('',#8927,#9736);
#9736 = DEFINITIONAL_REPRESENTATION('',(#9737),#9741);
#9737 = B_SPLINE_CURVE_WITH_KNOTS('',2,(#9738,#9739,#9740),
  .UNSPECIFIED.,.F.,.F.,(3,3),(0.,1.),.PIECEWISE_BEZIER_KNOTS.);
#9738 = CARTESIAN_POINT('',(-1.125741192784E-03,0.763488598883));
#9739 = CARTESIAN_POINT('',(0.200785086833,0.763488598883));
#9740 = CARTESIAN_POINT('',(0.317982539062,0.650112802704));
#9741 = ( GEOMETRIC_REPRESENTATION_CONTEXT(2) 
PARAMETRIC_REPRESENTATION_CONTEXT() REPRESENTATION_CONTEXT('2D SPACE',''
  ) );
#9742 = ORIENTED_EDGE('',*,*,#9743,.T.);
#9743 = EDGE_CURVE('',#9721,#4165,#9744,.T.);
#9744 = SURFACE_CURVE('',#9745,(#9749,#9756),.PCURVE_S1.);
#9745 = LINE('',#9746,#9747);
#9746 = CARTESIAN_POINT('',(4.676751592357,1.953503184713,2.008111842105
    ));
#9747 = VECTOR('',#9748,1.);
#9748 = DIRECTION('',(0.,0.,1.));
#9749 = PCURVE('',#4245,#9750);
#9750 = DEFINITIONAL_REPRESENTATION('',(#9751),#9755);
#9751 = LINE('',#9752,#9753);
#9752 = CARTESIAN_POINT('',(0.,0.));
#9753 = VECTOR('',#9754,1.);
#9754 = DIRECTION('',(0.,-1.));
#9755 = ( GEOMETRIC_REPRESENTATION_CONTEXT(2) 
PARAMETRIC_REPRESENTATION_CONTEXT() REPRESENTATION_CONTEXT('2D SPACE',''
  ) );
#9756 = PCURVE('',#4194,#9757);
#9757 = DEFINITIONAL_REPRESENTATION('',(#9758),#9762);
#9758 = LINE('',#9759,#9760);
#9759 = CARTESIAN_POINT('',(1.,0.));
#9760 = VECTOR('',#9761,1.);
#9761 = DIRECTION('',(0.,-1.));
#9762 = ( GEOMETRIC_REPRESENTATION_CONTEXT(2) 
PARAMETRIC_REPRESENTATION_CONTEXT() REPRESENTATION_CONTEXT('2D SPACE',''
  ) );
#9763 = ORIENTED_EDGE('',*,*,#4215,.F.);
#9764 = ORIENTED_EDGE('',*,*,#9645,.F.);
#9765 = ADVANCED_FACE('',(#9766),#4029,.F.);
#9766 = FACE_BOUND('',#9767,.F.);
#9767 = EDGE_LOOP('',(#9768,#9791,#9792,#9793));
#9768 = ORIENTED_EDGE('',*,*,#9769,.F.);
#9769 = EDGE_CURVE('',#9672,#9770,#9772,.T.);
#9770 = VERTEX_POINT('',#9771);
#9771 = CARTESIAN_POINT('',(4.452547770701,2.156050955414,2.008111842105
    ));
#9772 = SURFACE_CURVE('',#9773,(#9777,#9784),.PCURVE_S1.);
#9773 = B_SPLINE_CURVE_WITH_KNOTS('',2,(#9774,#9775,#9776),
  .UNSPECIFIED.,.F.,.F.,(3,3),(0.,1.),.PIECEWISE_BEZIER_KNOTS.);
#9774 = CARTESIAN_POINT('',(4.534076433121,1.957324840764,2.008111842105
    ));
#9775 = CARTESIAN_POINT('',(4.534076433121,2.08152866242,2.008111842105)
  );
#9776 = CARTESIAN_POINT('',(4.452547770701,2.156050955414,2.008111842105
    ));
#9777 = PCURVE('',#4029,#9778);
#9778 = DEFINITIONAL_REPRESENTATION('',(#9779),#9783);
#9779 = LINE('',#9780,#9781);
#9780 = CARTESIAN_POINT('',(0.,0.));
#9781 = VECTOR('',#9782,1.);
#9782 = DIRECTION('',(1.,0.));
#9783 = ( GEOMETRIC_REPRESENTATION_CONTEXT(2) 
PARAMETRIC_REPRESENTATION_CONTEXT() REPRESENTATION_CONTEXT('2D SPACE',''
  ) );
#9784 = PCURVE('',#8927,#9785);
#9785 = DEFINITIONAL_REPRESENTATION('',(#9786),#9790);
#9786 = B_SPLINE_CURVE_WITH_KNOTS('',2,(#9787,#9788,#9789),
  .UNSPECIFIED.,.F.,.F.,(3,3),(0.,1.),.PIECEWISE_BEZIER_KNOTS.);
#9787 = CARTESIAN_POINT('',(-4.947397243739E-03,0.620813439647));
#9788 = CARTESIAN_POINT('',(-0.1291512189,0.620813439647));
#9789 = CARTESIAN_POINT('',(-0.203673511893,0.539284777227));
#9790 = ( GEOMETRIC_REPRESENTATION_CONTEXT(2) 
PARAMETRIC_REPRESENTATION_CONTEXT() REPRESENTATION_CONTEXT('2D SPACE',''
  ) );
#9791 = ORIENTED_EDGE('',*,*,#9696,.T.);
#9792 = ORIENTED_EDGE('',*,*,#4003,.F.);
#9793 = ORIENTED_EDGE('',*,*,#9794,.F.);
#9794 = EDGE_CURVE('',#9770,#4004,#9795,.T.);
#9795 = SURFACE_CURVE('',#9796,(#9800,#9807),.PCURVE_S1.);
#9796 = LINE('',#9797,#9798);
#9797 = CARTESIAN_POINT('',(4.452547770701,2.156050955414,2.008111842105
    ));
#9798 = VECTOR('',#9799,1.);
#9799 = DIRECTION('',(0.,0.,1.));
#9800 = PCURVE('',#4029,#9801);
#9801 = DEFINITIONAL_REPRESENTATION('',(#9802),#9806);
#9802 = LINE('',#9803,#9804);
#9803 = CARTESIAN_POINT('',(1.,0.));
#9804 = VECTOR('',#9805,1.);
#9805 = DIRECTION('',(0.,-1.));
#9806 = ( GEOMETRIC_REPRESENTATION_CONTEXT(2) 
PARAMETRIC_REPRESENTATION_CONTEXT() REPRESENTATION_CONTEXT('2D SPACE',''
  ) );
#9807 = PCURVE('',#4070,#9808);
#9808 = DEFINITIONAL_REPRESENTATION('',(#9809),#9813);
#9809 = LINE('',#9810,#9811);
#9810 = CARTESIAN_POINT('',(0.,0.));
#9811 = VECTOR('',#9812,1.);
#9812 = DIRECTION('',(0.,-1.));
#9813 = ( GEOMETRIC_REPRESENTATION_CONTEXT(2) 
PARAMETRIC_REPRESENTATION_CONTEXT() REPRESENTATION_CONTEXT('2D SPACE',''
  ) );
#9814 = ADVANCED_FACE('',(#9815),#4194,.F.);
#9815 = FACE_BOUND('',#9816,.F.);
#9816 = EDGE_LOOP('',(#9817,#9840,#9861,#9862));
#9817 = ORIENTED_EDGE('',*,*,#9818,.F.);
#9818 = EDGE_CURVE('',#9819,#9721,#9821,.T.);
#9819 = VERTEX_POINT('',#9820);
#9820 = CARTESIAN_POINT('',(4.566560509554,2.271337579618,2.008111842105
    ));
#9821 = SURFACE_CURVE('',#9822,(#9826,#9833),.PCURVE_S1.);
#9822 = B_SPLINE_CURVE_WITH_KNOTS('',2,(#9823,#9824,#9825),
  .UNSPECIFIED.,.F.,.F.,(3,3),(0.,1.),.PIECEWISE_BEZIER_KNOTS.);
#9823 = CARTESIAN_POINT('',(4.566560509554,2.271337579618,2.008111842105
    ));
#9824 = CARTESIAN_POINT('',(4.676751592357,2.152866242038,2.008111842105
    ));
#9825 = CARTESIAN_POINT('',(4.676751592357,1.953503184713,2.008111842105
    ));
#9826 = PCURVE('',#4194,#9827);
#9827 = DEFINITIONAL_REPRESENTATION('',(#9828),#9832);
#9828 = LINE('',#9829,#9830);
#9829 = CARTESIAN_POINT('',(0.,0.));
#9830 = VECTOR('',#9831,1.);
#9831 = DIRECTION('',(1.,0.));
#9832 = ( GEOMETRIC_REPRESENTATION_CONTEXT(2) 
PARAMETRIC_REPRESENTATION_CONTEXT() REPRESENTATION_CONTEXT('2D SPACE',''
  ) );
#9833 = PCURVE('',#8927,#9834);
#9834 = DEFINITIONAL_REPRESENTATION('',(#9835),#9839);
#9835 = B_SPLINE_CURVE_WITH_KNOTS('',2,(#9836,#9837,#9838),
  .UNSPECIFIED.,.F.,.F.,(3,3),(0.,1.),.PIECEWISE_BEZIER_KNOTS.);
#9836 = CARTESIAN_POINT('',(-0.318960136097,0.65329751608));
#9837 = CARTESIAN_POINT('',(-0.200488798518,0.763488598883));
#9838 = CARTESIAN_POINT('',(-1.125741192784E-03,0.763488598883));
#9839 = ( GEOMETRIC_REPRESENTATION_CONTEXT(2) 
PARAMETRIC_REPRESENTATION_CONTEXT() REPRESENTATION_CONTEXT('2D SPACE',''
  ) );
#9840 = ORIENTED_EDGE('',*,*,#9841,.T.);
#9841 = EDGE_CURVE('',#9819,#4114,#9842,.T.);
#9842 = SURFACE_CURVE('',#9843,(#9847,#9854),.PCURVE_S1.);
#9843 = LINE('',#9844,#9845);
#9844 = CARTESIAN_POINT('',(4.566560509554,2.271337579618,2.008111842105
    ));
#9845 = VECTOR('',#9846,1.);
#9846 = DIRECTION('',(0.,0.,1.));
#9847 = PCURVE('',#4194,#9848);
#9848 = DEFINITIONAL_REPRESENTATION('',(#9849),#9853);
#9849 = LINE('',#9850,#9851);
#9850 = CARTESIAN_POINT('',(0.,0.));
#9851 = VECTOR('',#9852,1.);
#9852 = DIRECTION('',(0.,-1.));
#9853 = ( GEOMETRIC_REPRESENTATION_CONTEXT(2) 
PARAMETRIC_REPRESENTATION_CONTEXT() REPRESENTATION_CONTEXT('2D SPACE',''
  ) );
#9854 = PCURVE('',#4143,#9855);
#9855 = DEFINITIONAL_REPRESENTATION('',(#9856),#9860);
#9856 = LINE('',#9857,#9858);
#9857 = CARTESIAN_POINT('',(1.,0.));
#9858 = VECTOR('',#9859,1.);
#9859 = DIRECTION('',(0.,-1.));
#9860 = ( GEOMETRIC_REPRESENTATION_CONTEXT(2) 
PARAMETRIC_REPRESENTATION_CONTEXT() REPRESENTATION_CONTEXT('2D SPACE',''
  ) );
#9861 = ORIENTED_EDGE('',*,*,#4164,.F.);
#9862 = ORIENTED_EDGE('',*,*,#9743,.F.);
#9863 = ADVANCED_FACE('',(#9864),#4070,.F.);
#9864 = FACE_BOUND('',#9865,.F.);
#9865 = EDGE_LOOP('',(#9866,#9889,#9890,#9891));
#9866 = ORIENTED_EDGE('',*,*,#9867,.F.);
#9867 = EDGE_CURVE('',#9770,#9868,#9870,.T.);
#9868 = VERTEX_POINT('',#9869);
#9869 = CARTESIAN_POINT('',(4.228343949045,2.231210191083,2.008111842105
    ));
#9870 = SURFACE_CURVE('',#9871,(#9875,#9882),.PCURVE_S1.);
#9871 = B_SPLINE_CURVE_WITH_KNOTS('',2,(#9872,#9873,#9874),
  .UNSPECIFIED.,.F.,.F.,(3,3),(0.,1.),.PIECEWISE_BEZIER_KNOTS.);
#9872 = CARTESIAN_POINT('',(4.452547770701,2.156050955414,2.008111842105
    ));
#9873 = CARTESIAN_POINT('',(4.371656050955,2.230573248408,2.008111842105
    ));
#9874 = CARTESIAN_POINT('',(4.228343949045,2.231210191083,2.008111842105
    ));
#9875 = PCURVE('',#4070,#9876);
#9876 = DEFINITIONAL_REPRESENTATION('',(#9877),#9881);
#9877 = LINE('',#9878,#9879);
#9878 = CARTESIAN_POINT('',(0.,0.));
#9879 = VECTOR('',#9880,1.);
#9880 = DIRECTION('',(1.,0.));
#9881 = ( GEOMETRIC_REPRESENTATION_CONTEXT(2) 
PARAMETRIC_REPRESENTATION_CONTEXT() REPRESENTATION_CONTEXT('2D SPACE',''
  ) );
#9882 = PCURVE('',#8927,#9883);
#9883 = DEFINITIONAL_REPRESENTATION('',(#9884),#9888);
#9884 = B_SPLINE_CURVE_WITH_KNOTS('',2,(#9885,#9886,#9887),
  .UNSPECIFIED.,.F.,.F.,(3,3),(0.,1.),.PIECEWISE_BEZIER_KNOTS.);
#9885 = CARTESIAN_POINT('',(-0.203673511893,0.539284777227));
#9886 = CARTESIAN_POINT('',(-0.278195804887,0.458393057481));
#9887 = CARTESIAN_POINT('',(-0.278832747562,0.315080955571));
#9888 = ( GEOMETRIC_REPRESENTATION_CONTEXT(2) 
PARAMETRIC_REPRESENTATION_CONTEXT() REPRESENTATION_CONTEXT('2D SPACE',''
  ) );
#9889 = ORIENTED_EDGE('',*,*,#9794,.T.);
#9890 = ORIENTED_EDGE('',*,*,#4048,.F.);
#9891 = ORIENTED_EDGE('',*,*,#9892,.F.);
#9892 = EDGE_CURVE('',#9868,#4049,#9893,.T.);
#9893 = SURFACE_CURVE('',#9894,(#9898,#9905),.PCURVE_S1.);
#9894 = LINE('',#9895,#9896);
#9895 = CARTESIAN_POINT('',(4.228343949045,2.231210191083,2.008111842105
    ));
#9896 = VECTOR('',#9897,1.);
#9897 = DIRECTION('',(0.,0.,1.));
#9898 = PCURVE('',#4070,#9899);
#9899 = DEFINITIONAL_REPRESENTATION('',(#9900),#9904);
#9900 = LINE('',#9901,#9902);
#9901 = CARTESIAN_POINT('',(1.,0.));
#9902 = VECTOR('',#9903,1.);
#9903 = DIRECTION('',(0.,-1.));
#9904 = ( GEOMETRIC_REPRESENTATION_CONTEXT(2) 
PARAMETRIC_REPRESENTATION_CONTEXT() REPRESENTATION_CONTEXT('2D SPACE',''
  ) );
#9905 = PCURVE('',#4102,#9906);
#9906 = DEFINITIONAL_REPRESENTATION('',(#9907),#9911);
#9907 = LINE('',#9908,#9909);
#9908 = CARTESIAN_POINT('',(0.,0.));
#9909 = VECTOR('',#9910,1.);
#9910 = DIRECTION('',(0.,-1.));
#9911 = ( GEOMETRIC_REPRESENTATION_CONTEXT(2) 
PARAMETRIC_REPRESENTATION_CONTEXT() REPRESENTATION_CONTEXT('2D SPACE',''
  ) );
#9912 = ADVANCED_FACE('',(#9913),#4143,.F.);
#9913 = FACE_BOUND('',#9914,.F.);
#9914 = EDGE_LOOP('',(#9915,#9938,#9959,#9960));
#9915 = ORIENTED_EDGE('',*,*,#9916,.F.);
#9916 = EDGE_CURVE('',#9917,#9819,#9919,.T.);
#9917 = VERTEX_POINT('',#9918);
#9918 = CARTESIAN_POINT('',(4.247452229299,2.408280254777,2.008111842105
    ));
#9919 = SURFACE_CURVE('',#9920,(#9924,#9931),.PCURVE_S1.);
#9920 = B_SPLINE_CURVE_WITH_KNOTS('',2,(#9921,#9922,#9923),
  .UNSPECIFIED.,.F.,.F.,(3,3),(0.,1.),.PIECEWISE_BEZIER_KNOTS.);
#9921 = CARTESIAN_POINT('',(4.247452229299,2.408280254777,2.008111842105
    ));
#9922 = CARTESIAN_POINT('',(4.457006369427,2.389808917197,2.008111842105
    ));
#9923 = CARTESIAN_POINT('',(4.566560509554,2.271337579618,2.008111842105
    ));
#9924 = PCURVE('',#4143,#9925);
#9925 = DEFINITIONAL_REPRESENTATION('',(#9926),#9930);
#9926 = LINE('',#9927,#9928);
#9927 = CARTESIAN_POINT('',(0.,0.));
#9928 = VECTOR('',#9929,1.);
#9929 = DIRECTION('',(1.,0.));
#9930 = ( GEOMETRIC_REPRESENTATION_CONTEXT(2) 
PARAMETRIC_REPRESENTATION_CONTEXT() REPRESENTATION_CONTEXT('2D SPACE',''
  ) );
#9931 = PCURVE('',#8927,#9932);
#9932 = DEFINITIONAL_REPRESENTATION('',(#9933),#9937);
#9933 = B_SPLINE_CURVE_WITH_KNOTS('',2,(#9934,#9935,#9936),
  .UNSPECIFIED.,.F.,.F.,(3,3),(0.,1.),.PIECEWISE_BEZIER_KNOTS.);
#9934 = CARTESIAN_POINT('',(-0.455902811256,0.334189235825));
#9935 = CARTESIAN_POINT('',(-0.437431473677,0.543743375953));
#9936 = CARTESIAN_POINT('',(-0.318960136097,0.65329751608));
#9937 = ( GEOMETRIC_REPRESENTATION_CONTEXT(2) 
PARAMETRIC_REPRESENTATION_CONTEXT() REPRESENTATION_CONTEXT('2D SPACE',''
  ) );
#9938 = ORIENTED_EDGE('',*,*,#9939,.T.);
#9939 = EDGE_CURVE('',#9917,#4088,#9940,.T.);
#9940 = SURFACE_CURVE('',#9941,(#9945,#9952),.PCURVE_S1.);
#9941 = LINE('',#9942,#9943);
#9942 = CARTESIAN_POINT('',(4.247452229299,2.408280254777,2.008111842105
    ));
#9943 = VECTOR('',#9944,1.);
#9944 = DIRECTION('',(0.,0.,1.));
#9945 = PCURVE('',#4143,#9946);
#9946 = DEFINITIONAL_REPRESENTATION('',(#9947),#9951);
#9947 = LINE('',#9948,#9949);
#9948 = CARTESIAN_POINT('',(0.,0.));
#9949 = VECTOR('',#9950,1.);
#9950 = DIRECTION('',(0.,-1.));
#9951 = ( GEOMETRIC_REPRESENTATION_CONTEXT(2) 
PARAMETRIC_REPRESENTATION_CONTEXT() REPRESENTATION_CONTEXT('2D SPACE',''
  ) );
#9952 = PCURVE('',#4102,#9953);
#9953 = DEFINITIONAL_REPRESENTATION('',(#9954),#9958);
#9954 = LINE('',#9955,#9956);
#9955 = CARTESIAN_POINT('',(0.178098101705,0.));
#9956 = VECTOR('',#9957,1.);
#9957 = DIRECTION('',(0.,-1.));
#9958 = ( GEOMETRIC_REPRESENTATION_CONTEXT(2) 
PARAMETRIC_REPRESENTATION_CONTEXT() REPRESENTATION_CONTEXT('2D SPACE',''
  ) );
#9959 = ORIENTED_EDGE('',*,*,#4113,.F.);
#9960 = ORIENTED_EDGE('',*,*,#9841,.F.);
#9961 = ADVANCED_FACE('',(#9962),#4102,.F.);
#9962 = FACE_BOUND('',#9963,.F.);
#9963 = EDGE_LOOP('',(#9964,#9985,#9986,#9987));
#9964 = ORIENTED_EDGE('',*,*,#9965,.F.);
#9965 = EDGE_CURVE('',#9868,#9917,#9966,.T.);
#9966 = SURFACE_CURVE('',#9967,(#9971,#9978),.PCURVE_S1.);
#9967 = LINE('',#9968,#9969);
#9968 = CARTESIAN_POINT('',(4.228343949045,2.231210191083,2.008111842105
    ));
#9969 = VECTOR('',#9970,1.);
#9970 = DIRECTION('',(0.107290757576,0.99422768687,0.));
#9971 = PCURVE('',#4102,#9972);
#9972 = DEFINITIONAL_REPRESENTATION('',(#9973),#9977);
#9973 = LINE('',#9974,#9975);
#9974 = CARTESIAN_POINT('',(0.,0.));
#9975 = VECTOR('',#9976,1.);
#9976 = DIRECTION('',(1.,0.));
#9977 = ( GEOMETRIC_REPRESENTATION_CONTEXT(2) 
PARAMETRIC_REPRESENTATION_CONTEXT() REPRESENTATION_CONTEXT('2D SPACE',''
  ) );
#9978 = PCURVE('',#8927,#9979);
#9979 = DEFINITIONAL_REPRESENTATION('',(#9980),#9984);
#9980 = LINE('',#9981,#9982);
#9981 = CARTESIAN_POINT('',(-0.278832747562,0.315080955571));
#9982 = VECTOR('',#9983,1.);
#9983 = DIRECTION('',(-0.99422768687,0.107290757576));
#9984 = ( GEOMETRIC_REPRESENTATION_CONTEXT(2) 
PARAMETRIC_REPRESENTATION_CONTEXT() REPRESENTATION_CONTEXT('2D SPACE',''
  ) );
#9985 = ORIENTED_EDGE('',*,*,#9892,.T.);
#9986 = ORIENTED_EDGE('',*,*,#4087,.F.);
#9987 = ORIENTED_EDGE('',*,*,#9939,.F.);
#9988 = ADVANCED_FACE('',(#9989),#4561,.F.);
#9989 = FACE_BOUND('',#9990,.T.);
#9990 = EDGE_LOOP('',(#9991,#10015,#10036,#10037));
#9991 = ORIENTED_EDGE('',*,*,#9992,.T.);
#9992 = EDGE_CURVE('',#9993,#9993,#9995,.T.);
#9993 = VERTEX_POINT('',#9994);
#9994 = CARTESIAN_POINT('',(19.5,0.,1.064055921053));
#9995 = SURFACE_CURVE('',#9996,(#10001,#10008),.PCURVE_S1.);
#9996 = CIRCLE('',#9997,6.5);
#9997 = AXIS2_PLACEMENT_3D('',#9998,#9999,#10000);
#9998 = CARTESIAN_POINT('',(13.,0.,1.064055921053));
#9999 = DIRECTION('',(0.,0.,-1.));
#10000 = DIRECTION('',(1.,0.,0.));
#10001 = PCURVE('',#4561,#10002);
#10002 = DEFINITIONAL_REPRESENTATION('',(#10003),#10007);
#10003 = LINE('',#10004,#10005);
#10004 = CARTESIAN_POINT('',(-6.28318530718,-1.064055921053));
#10005 = VECTOR('',#10006,1.);
#10006 = DIRECTION('',(1.,-0.));
#10007 = ( GEOMETRIC_REPRESENTATION_CONTEXT(2) 
PARAMETRIC_REPRESENTATION_CONTEXT() REPRESENTATION_CONTEXT('2D SPACE',''
  ) );
#10008 = PCURVE('',#5945,#10009);
#10009 = DEFINITIONAL_REPRESENTATION('',(#10010),#10014);
#10010 = CIRCLE('',#10011,6.5);
#10011 = AXIS2_PLACEMENT_2D('',#10012,#10013);
#10012 = CARTESIAN_POINT('',(8.,-13.));
#10013 = DIRECTION('',(0.,-1.));
#10014 = ( GEOMETRIC_REPRESENTATION_CONTEXT(2) 
PARAMETRIC_REPRESENTATION_CONTEXT() REPRESENTATION_CONTEXT('2D SPACE',''
  ) );
#10015 = ORIENTED_EDGE('',*,*,#10016,.T.);
#10016 = EDGE_CURVE('',#9993,#4545,#10017,.T.);
#10017 = SEAM_CURVE('',#10018,(#10022,#10029),.PCURVE_S1.);
#10018 = LINE('',#10019,#10020);
#10019 = CARTESIAN_POINT('',(19.5,0.,0.));
#10020 = VECTOR('',#10021,1.);
#10021 = DIRECTION('',(0.,0.,1.));
#10022 = PCURVE('',#4561,#10023);
#10023 = DEFINITIONAL_REPRESENTATION('',(#10024),#10028);
#10024 = LINE('',#10025,#10026);
#10025 = CARTESIAN_POINT('',(-6.28318530718,0.));
#10026 = VECTOR('',#10027,1.);
#10027 = DIRECTION('',(-0.,-1.));
#10028 = ( GEOMETRIC_REPRESENTATION_CONTEXT(2) 
PARAMETRIC_REPRESENTATION_CONTEXT() REPRESENTATION_CONTEXT('2D SPACE',''
  ) );
#10029 = PCURVE('',#4561,#10030);
#10030 = DEFINITIONAL_REPRESENTATION('',(#10031),#10035);
#10031 = LINE('',#10032,#10033);
#10032 = CARTESIAN_POINT('',(-0.,0.));
#10033 = VECTOR('',#10034,1.);
#10034 = DIRECTION('',(-0.,-1.));
#10035 = ( GEOMETRIC_REPRESENTATION_CONTEXT(2) 
PARAMETRIC_REPRESENTATION_CONTEXT() REPRESENTATION_CONTEXT('2D SPACE',''
  ) );
#10036 = ORIENTED_EDGE('',*,*,#4544,.T.);
#10037 = ORIENTED_EDGE('',*,*,#10016,.F.);
#10038 = ADVANCED_FACE('',(#10039),#4592,.F.);
#10039 = FACE_BOUND('',#10040,.F.);
#10040 = EDGE_LOOP('',(#10041,#10071,#10092,#10093));
#10041 = ORIENTED_EDGE('',*,*,#10042,.F.);
#10042 = EDGE_CURVE('',#10043,#10045,#10047,.T.);
#10043 = VERTEX_POINT('',#10044);
#10044 = CARTESIAN_POINT('',(22.75,0.35,2.008111842105));
#10045 = VERTEX_POINT('',#10046);
#10046 = CARTESIAN_POINT('',(22.75,1.65,2.008111842105));
#10047 = SURFACE_CURVE('',#10048,(#10052,#10059),.PCURVE_S1.);
#10048 = LINE('',#10049,#10050);
#10049 = CARTESIAN_POINT('',(22.75,0.35,2.008111842105));
#10050 = VECTOR('',#10051,1.);
#10051 = DIRECTION('',(-2.22044604925E-16,1.,0.));
#10052 = PCURVE('',#4592,#10053);
#10053 = DEFINITIONAL_REPRESENTATION('',(#10054),#10058);
#10054 = LINE('',#10055,#10056);
#10055 = CARTESIAN_POINT('',(0.,0.));
#10056 = VECTOR('',#10057,1.);
#10057 = DIRECTION('',(1.,0.));
#10058 = ( GEOMETRIC_REPRESENTATION_CONTEXT(2) 
PARAMETRIC_REPRESENTATION_CONTEXT() REPRESENTATION_CONTEXT('2D SPACE',''
  ) );
#10059 = PCURVE('',#10060,#10065);
#10060 = PLANE('',#10061);
#10061 = AXIS2_PLACEMENT_3D('',#10062,#10063,#10064);
#10062 = CARTESIAN_POINT('',(24.226388888889,1.388888888889E-02,
    2.008111842105));
#10063 = DIRECTION('',(4.580948565738E-30,-7.761284556097E-32,1.));
#10064 = DIRECTION('',(1.,0.,-4.580948565738E-30));
#10065 = DEFINITIONAL_REPRESENTATION('',(#10066),#10070);
#10066 = LINE('',#10067,#10068);
#10067 = CARTESIAN_POINT('',(-1.476388888889,0.336111111111));
#10068 = VECTOR('',#10069,1.);
#10069 = DIRECTION('',(-2.22044604925E-16,1.));
#10070 = ( GEOMETRIC_REPRESENTATION_CONTEXT(2) 
PARAMETRIC_REPRESENTATION_CONTEXT() REPRESENTATION_CONTEXT('2D SPACE',''
  ) );
#10071 = ORIENTED_EDGE('',*,*,#10072,.T.);
#10072 = EDGE_CURVE('',#10043,#4578,#10073,.T.);
#10073 = SURFACE_CURVE('',#10074,(#10078,#10085),.PCURVE_S1.);
#10074 = LINE('',#10075,#10076);
#10075 = CARTESIAN_POINT('',(22.75,0.35,2.008111842105));
#10076 = VECTOR('',#10077,1.);
#10077 = DIRECTION('',(0.,0.,1.));
#10078 = PCURVE('',#4592,#10079);
#10079 = DEFINITIONAL_REPRESENTATION('',(#10080),#10084);
#10080 = LINE('',#10081,#10082);
#10081 = CARTESIAN_POINT('',(0.,0.));
#10082 = VECTOR('',#10083,1.);
#10083 = DIRECTION('',(0.,-1.));
#10084 = ( GEOMETRIC_REPRESENTATION_CONTEXT(2) 
PARAMETRIC_REPRESENTATION_CONTEXT() REPRESENTATION_CONTEXT('2D SPACE',''
  ) );
#10085 = PCURVE('',#5136,#10086);
#10086 = DEFINITIONAL_REPRESENTATION('',(#10087),#10091);
#10087 = LINE('',#10088,#10089);
#10088 = CARTESIAN_POINT('',(0.,0.));
#10089 = VECTOR('',#10090,1.);
#10090 = DIRECTION('',(0.,-1.));
#10091 = ( GEOMETRIC_REPRESENTATION_CONTEXT(2) 
PARAMETRIC_REPRESENTATION_CONTEXT() REPRESENTATION_CONTEXT('2D SPACE',''
  ) );
#10092 = ORIENTED_EDGE('',*,*,#4575,.F.);
#10093 = ORIENTED_EDGE('',*,*,#10094,.F.);
#10094 = EDGE_CURVE('',#10045,#4576,#10095,.T.);
#10095 = SURFACE_CURVE('',#10096,(#10100,#10107),.PCURVE_S1.);
#10096 = LINE('',#10097,#10098);
#10097 = CARTESIAN_POINT('',(22.75,1.65,2.008111842105));
#10098 = VECTOR('',#10099,1.);
#10099 = DIRECTION('',(0.,0.,1.));
#10100 = PCURVE('',#4592,#10101);
#10101 = DEFINITIONAL_REPRESENTATION('',(#10102),#10106);
#10102 = LINE('',#10103,#10104);
#10103 = CARTESIAN_POINT('',(1.3,0.));
#10104 = VECTOR('',#10105,1.);
#10105 = DIRECTION('',(0.,-1.));
#10106 = ( GEOMETRIC_REPRESENTATION_CONTEXT(2) 
PARAMETRIC_REPRESENTATION_CONTEXT() REPRESENTATION_CONTEXT('2D SPACE',''
  ) );
#10107 = PCURVE('',#4618,#10108);
#10108 = DEFINITIONAL_REPRESENTATION('',(#10109),#10113);
#10109 = LINE('',#10110,#10111);
#10110 = CARTESIAN_POINT('',(0.,0.));
#10111 = VECTOR('',#10112,1.);
#10112 = DIRECTION('',(0.,-1.));
#10113 = ( GEOMETRIC_REPRESENTATION_CONTEXT(2) 
PARAMETRIC_REPRESENTATION_CONTEXT() REPRESENTATION_CONTEXT('2D SPACE',''
  ) );
#10114 = ADVANCED_FACE('',(#10115),#4618,.F.);
#10115 = FACE_BOUND('',#10116,.F.);
#10116 = EDGE_LOOP('',(#10117,#10140,#10141,#10142));
#10117 = ORIENTED_EDGE('',*,*,#10118,.F.);
#10118 = EDGE_CURVE('',#10045,#10119,#10121,.T.);
#10119 = VERTEX_POINT('',#10120);
#10120 = CARTESIAN_POINT('',(25.75,1.65,2.008111842105));
#10121 = SURFACE_CURVE('',#10122,(#10126,#10133),.PCURVE_S1.);
#10122 = LINE('',#10123,#10124);
#10123 = CARTESIAN_POINT('',(22.75,1.65,2.008111842105));
#10124 = VECTOR('',#10125,1.);
#10125 = DIRECTION('',(1.,2.22044604925E-16,0.));
#10126 = PCURVE('',#4618,#10127);
#10127 = DEFINITIONAL_REPRESENTATION('',(#10128),#10132);
#10128 = LINE('',#10129,#10130);
#10129 = CARTESIAN_POINT('',(0.,0.));
#10130 = VECTOR('',#10131,1.);
#10131 = DIRECTION('',(1.,0.));
#10132 = ( GEOMETRIC_REPRESENTATION_CONTEXT(2) 
PARAMETRIC_REPRESENTATION_CONTEXT() REPRESENTATION_CONTEXT('2D SPACE',''
  ) );
#10133 = PCURVE('',#10060,#10134);
#10134 = DEFINITIONAL_REPRESENTATION('',(#10135),#10139);
#10135 = LINE('',#10136,#10137);
#10136 = CARTESIAN_POINT('',(-1.476388888889,1.636111111111));
#10137 = VECTOR('',#10138,1.);
#10138 = DIRECTION('',(1.,2.22044604925E-16));
#10139 = ( GEOMETRIC_REPRESENTATION_CONTEXT(2) 
PARAMETRIC_REPRESENTATION_CONTEXT() REPRESENTATION_CONTEXT('2D SPACE',''
  ) );
#10140 = ORIENTED_EDGE('',*,*,#10094,.T.);
#10141 = ORIENTED_EDGE('',*,*,#4603,.F.);
#10142 = ORIENTED_EDGE('',*,*,#10143,.F.);
#10143 = EDGE_CURVE('',#10119,#4604,#10144,.T.);
#10144 = SURFACE_CURVE('',#10145,(#10149,#10156),.PCURVE_S1.);
#10145 = LINE('',#10146,#10147);
#10146 = CARTESIAN_POINT('',(25.75,1.65,2.008111842105));
#10147 = VECTOR('',#10148,1.);
#10148 = DIRECTION('',(0.,0.,1.));
#10149 = PCURVE('',#4618,#10150);
#10150 = DEFINITIONAL_REPRESENTATION('',(#10151),#10155);
#10151 = LINE('',#10152,#10153);
#10152 = CARTESIAN_POINT('',(3.,0.));
#10153 = VECTOR('',#10154,1.);
#10154 = DIRECTION('',(0.,-1.));
#10155 = ( GEOMETRIC_REPRESENTATION_CONTEXT(2) 
PARAMETRIC_REPRESENTATION_CONTEXT() REPRESENTATION_CONTEXT('2D SPACE',''
  ) );
#10156 = PCURVE('',#4644,#10157);
#10157 = DEFINITIONAL_REPRESENTATION('',(#10158),#10162);
#10158 = LINE('',#10159,#10160);
#10159 = CARTESIAN_POINT('',(0.,0.));
#10160 = VECTOR('',#10161,1.);
#10161 = DIRECTION('',(0.,-1.));
#10162 = ( GEOMETRIC_REPRESENTATION_CONTEXT(2) 
PARAMETRIC_REPRESENTATION_CONTEXT() REPRESENTATION_CONTEXT('2D SPACE',''
  ) );
#10163 = ADVANCED_FACE('',(#10164),#5136,.T.);
#10164 = FACE_BOUND('',#10165,.T.);
#10165 = EDGE_LOOP('',(#10166,#10189,#10190,#10191));
#10166 = ORIENTED_EDGE('',*,*,#10167,.F.);
#10167 = EDGE_CURVE('',#10043,#10168,#10170,.T.);
#10168 = VERTEX_POINT('',#10169);
#10169 = CARTESIAN_POINT('',(23.45,0.35,2.008111842105));
#10170 = SURFACE_CURVE('',#10171,(#10175,#10182),.PCURVE_S1.);
#10171 = LINE('',#10172,#10173);
#10172 = CARTESIAN_POINT('',(22.75,0.35,2.008111842105));
#10173 = VECTOR('',#10174,1.);
#10174 = DIRECTION('',(1.,2.22044604925E-16,0.));
#10175 = PCURVE('',#5136,#10176);
#10176 = DEFINITIONAL_REPRESENTATION('',(#10177),#10181);
#10177 = LINE('',#10178,#10179);
#10178 = CARTESIAN_POINT('',(0.,0.));
#10179 = VECTOR('',#10180,1.);
#10180 = DIRECTION('',(1.,0.));
#10181 = ( GEOMETRIC_REPRESENTATION_CONTEXT(2) 
PARAMETRIC_REPRESENTATION_CONTEXT() REPRESENTATION_CONTEXT('2D SPACE',''
  ) );
#10182 = PCURVE('',#10060,#10183);
#10183 = DEFINITIONAL_REPRESENTATION('',(#10184),#10188);
#10184 = LINE('',#10185,#10186);
#10185 = CARTESIAN_POINT('',(-1.476388888889,0.336111111111));
#10186 = VECTOR('',#10187,1.);
#10187 = DIRECTION('',(1.,2.22044604925E-16));
#10188 = ( GEOMETRIC_REPRESENTATION_CONTEXT(2) 
PARAMETRIC_REPRESENTATION_CONTEXT() REPRESENTATION_CONTEXT('2D SPACE',''
  ) );
#10189 = ORIENTED_EDGE('',*,*,#10072,.T.);
#10190 = ORIENTED_EDGE('',*,*,#5123,.F.);
#10191 = ORIENTED_EDGE('',*,*,#10192,.F.);
#10192 = EDGE_CURVE('',#10168,#5098,#10193,.T.);
#10193 = SURFACE_CURVE('',#10194,(#10198,#10205),.PCURVE_S1.);
#10194 = LINE('',#10195,#10196);
#10195 = CARTESIAN_POINT('',(23.45,0.35,2.008111842105));
#10196 = VECTOR('',#10197,1.);
#10197 = DIRECTION('',(0.,0.,1.));
#10198 = PCURVE('',#5136,#10199);
#10199 = DEFINITIONAL_REPRESENTATION('',(#10200),#10204);
#10200 = LINE('',#10201,#10202);
#10201 = CARTESIAN_POINT('',(0.7,0.));
#10202 = VECTOR('',#10203,1.);
#10203 = DIRECTION('',(0.,-1.));
#10204 = ( GEOMETRIC_REPRESENTATION_CONTEXT(2) 
PARAMETRIC_REPRESENTATION_CONTEXT() REPRESENTATION_CONTEXT('2D SPACE',''
  ) );
#10205 = PCURVE('',#5112,#10206);
#10206 = DEFINITIONAL_REPRESENTATION('',(#10207),#10211);
#10207 = LINE('',#10208,#10209);
#10208 = CARTESIAN_POINT('',(0.,0.));
#10209 = VECTOR('',#10210,1.);
#10210 = DIRECTION('',(0.,-1.));
#10211 = ( GEOMETRIC_REPRESENTATION_CONTEXT(2) 
PARAMETRIC_REPRESENTATION_CONTEXT() REPRESENTATION_CONTEXT('2D SPACE',''
  ) );
#10212 = ADVANCED_FACE('',(#10213),#4644,.F.);
#10213 = FACE_BOUND('',#10214,.F.);
#10214 = EDGE_LOOP('',(#10215,#10238,#10239,#10240));
#10215 = ORIENTED_EDGE('',*,*,#10216,.F.);
#10216 = EDGE_CURVE('',#10119,#10217,#10219,.T.);
#10217 = VERTEX_POINT('',#10218);
#10218 = CARTESIAN_POINT('',(25.75,-0.65,2.008111842105));
#10219 = SURFACE_CURVE('',#10220,(#10224,#10231),.PCURVE_S1.);
#10220 = LINE('',#10221,#10222);
#10221 = CARTESIAN_POINT('',(25.75,1.65,2.008111842105));
#10222 = VECTOR('',#10223,1.);
#10223 = DIRECTION('',(2.22044604925E-16,-1.,0.));
#10224 = PCURVE('',#4644,#10225);
#10225 = DEFINITIONAL_REPRESENTATION('',(#10226),#10230);
#10226 = LINE('',#10227,#10228);
#10227 = CARTESIAN_POINT('',(0.,0.));
#10228 = VECTOR('',#10229,1.);
#10229 = DIRECTION('',(1.,0.));
#10230 = ( GEOMETRIC_REPRESENTATION_CONTEXT(2) 
PARAMETRIC_REPRESENTATION_CONTEXT() REPRESENTATION_CONTEXT('2D SPACE',''
  ) );
#10231 = PCURVE('',#10060,#10232);
#10232 = DEFINITIONAL_REPRESENTATION('',(#10233),#10237);
#10233 = LINE('',#10234,#10235);
#10234 = CARTESIAN_POINT('',(1.523611111111,1.636111111111));
#10235 = VECTOR('',#10236,1.);
#10236 = DIRECTION('',(2.22044604925E-16,-1.));
#10237 = ( GEOMETRIC_REPRESENTATION_CONTEXT(2) 
PARAMETRIC_REPRESENTATION_CONTEXT() REPRESENTATION_CONTEXT('2D SPACE',''
  ) );
#10238 = ORIENTED_EDGE('',*,*,#10143,.T.);
#10239 = ORIENTED_EDGE('',*,*,#4629,.F.);
#10240 = ORIENTED_EDGE('',*,*,#10241,.F.);
#10241 = EDGE_CURVE('',#10217,#4630,#10242,.T.);
#10242 = SURFACE_CURVE('',#10243,(#10247,#10254),.PCURVE_S1.);
#10243 = LINE('',#10244,#10245);
#10244 = CARTESIAN_POINT('',(25.75,-0.65,2.008111842105));
#10245 = VECTOR('',#10246,1.);
#10246 = DIRECTION('',(0.,0.,1.));
#10247 = PCURVE('',#4644,#10248);
#10248 = DEFINITIONAL_REPRESENTATION('',(#10249),#10253);
#10249 = LINE('',#10250,#10251);
#10250 = CARTESIAN_POINT('',(2.3,0.));
#10251 = VECTOR('',#10252,1.);
#10252 = DIRECTION('',(0.,-1.));
#10253 = ( GEOMETRIC_REPRESENTATION_CONTEXT(2) 
PARAMETRIC_REPRESENTATION_CONTEXT() REPRESENTATION_CONTEXT('2D SPACE',''
  ) );
#10254 = PCURVE('',#4670,#10255);
#10255 = DEFINITIONAL_REPRESENTATION('',(#10256),#10260);
#10256 = LINE('',#10257,#10258);
#10257 = CARTESIAN_POINT('',(0.,0.));
#10258 = VECTOR('',#10259,1.);
#10259 = DIRECTION('',(0.,-1.));
#10260 = ( GEOMETRIC_REPRESENTATION_CONTEXT(2) 
PARAMETRIC_REPRESENTATION_CONTEXT() REPRESENTATION_CONTEXT('2D SPACE',''
  ) );
#10261 = ADVANCED_FACE('',(#10262),#5112,.T.);
#10262 = FACE_BOUND('',#10263,.T.);
#10263 = EDGE_LOOP('',(#10264,#10287,#10288,#10289));
#10264 = ORIENTED_EDGE('',*,*,#10265,.F.);
#10265 = EDGE_CURVE('',#10168,#10266,#10268,.T.);
#10266 = VERTEX_POINT('',#10267);
#10267 = CARTESIAN_POINT('',(23.45,-0.35,2.008111842105));
#10268 = SURFACE_CURVE('',#10269,(#10273,#10280),.PCURVE_S1.);
#10269 = LINE('',#10270,#10271);
#10270 = CARTESIAN_POINT('',(23.45,0.35,2.008111842105));
#10271 = VECTOR('',#10272,1.);
#10272 = DIRECTION('',(2.22044604925E-16,-1.,0.));
#10273 = PCURVE('',#5112,#10274);
#10274 = DEFINITIONAL_REPRESENTATION('',(#10275),#10279);
#10275 = LINE('',#10276,#10277);
#10276 = CARTESIAN_POINT('',(0.,0.));
#10277 = VECTOR('',#10278,1.);
#10278 = DIRECTION('',(1.,0.));
#10279 = ( GEOMETRIC_REPRESENTATION_CONTEXT(2) 
PARAMETRIC_REPRESENTATION_CONTEXT() REPRESENTATION_CONTEXT('2D SPACE',''
  ) );
#10280 = PCURVE('',#10060,#10281);
#10281 = DEFINITIONAL_REPRESENTATION('',(#10282),#10286);
#10282 = LINE('',#10283,#10284);
#10283 = CARTESIAN_POINT('',(-0.776388888889,0.336111111111));
#10284 = VECTOR('',#10285,1.);
#10285 = DIRECTION('',(2.22044604925E-16,-1.));
#10286 = ( GEOMETRIC_REPRESENTATION_CONTEXT(2) 
PARAMETRIC_REPRESENTATION_CONTEXT() REPRESENTATION_CONTEXT('2D SPACE',''
  ) );
#10287 = ORIENTED_EDGE('',*,*,#10192,.T.);
#10288 = ORIENTED_EDGE('',*,*,#5097,.F.);
#10289 = ORIENTED_EDGE('',*,*,#10290,.F.);
#10290 = EDGE_CURVE('',#10266,#5072,#10291,.T.);
#10291 = SURFACE_CURVE('',#10292,(#10296,#10303),.PCURVE_S1.);
#10292 = LINE('',#10293,#10294);
#10293 = CARTESIAN_POINT('',(23.45,-0.35,2.008111842105));
#10294 = VECTOR('',#10295,1.);
#10295 = DIRECTION('',(0.,0.,1.));
#10296 = PCURVE('',#5112,#10297);
#10297 = DEFINITIONAL_REPRESENTATION('',(#10298),#10302);
#10298 = LINE('',#10299,#10300);
#10299 = CARTESIAN_POINT('',(0.7,0.));
#10300 = VECTOR('',#10301,1.);
#10301 = DIRECTION('',(0.,-1.));
#10302 = ( GEOMETRIC_REPRESENTATION_CONTEXT(2) 
PARAMETRIC_REPRESENTATION_CONTEXT() REPRESENTATION_CONTEXT('2D SPACE',''
  ) );
#10303 = PCURVE('',#5086,#10304);
#10304 = DEFINITIONAL_REPRESENTATION('',(#10305),#10309);
#10305 = LINE('',#10306,#10307);
#10306 = CARTESIAN_POINT('',(0.,0.));
#10307 = VECTOR('',#10308,1.);
#10308 = DIRECTION('',(0.,-1.));
#10309 = ( GEOMETRIC_REPRESENTATION_CONTEXT(2) 
PARAMETRIC_REPRESENTATION_CONTEXT() REPRESENTATION_CONTEXT('2D SPACE',''
  ) );
#10310 = ADVANCED_FACE('',(#10311),#4670,.F.);
#10311 = FACE_BOUND('',#10312,.F.);
#10312 = EDGE_LOOP('',(#10313,#10336,#10337,#10338));
#10313 = ORIENTED_EDGE('',*,*,#10314,.F.);
#10314 = EDGE_CURVE('',#10217,#10315,#10317,.T.);
#10315 = VERTEX_POINT('',#10316);
#10316 = CARTESIAN_POINT('',(24.45,-0.65,2.008111842105));
#10317 = SURFACE_CURVE('',#10318,(#10322,#10329),.PCURVE_S1.);
#10318 = LINE('',#10319,#10320);
#10319 = CARTESIAN_POINT('',(25.75,-0.65,2.008111842105));
#10320 = VECTOR('',#10321,1.);
#10321 = DIRECTION('',(-1.,-2.22044604925E-16,0.));
#10322 = PCURVE('',#4670,#10323);
#10323 = DEFINITIONAL_REPRESENTATION('',(#10324),#10328);
#10324 = LINE('',#10325,#10326);
#10325 = CARTESIAN_POINT('',(0.,0.));
#10326 = VECTOR('',#10327,1.);
#10327 = DIRECTION('',(1.,0.));
#10328 = ( GEOMETRIC_REPRESENTATION_CONTEXT(2) 
PARAMETRIC_REPRESENTATION_CONTEXT() REPRESENTATION_CONTEXT('2D SPACE',''
  ) );
#10329 = PCURVE('',#10060,#10330);
#10330 = DEFINITIONAL_REPRESENTATION('',(#10331),#10335);
#10331 = LINE('',#10332,#10333);
#10332 = CARTESIAN_POINT('',(1.523611111111,-0.663888888889));
#10333 = VECTOR('',#10334,1.);
#10334 = DIRECTION('',(-1.,-2.22044604925E-16));
#10335 = ( GEOMETRIC_REPRESENTATION_CONTEXT(2) 
PARAMETRIC_REPRESENTATION_CONTEXT() REPRESENTATION_CONTEXT('2D SPACE',''
  ) );
#10336 = ORIENTED_EDGE('',*,*,#10241,.T.);
#10337 = ORIENTED_EDGE('',*,*,#4655,.F.);
#10338 = ORIENTED_EDGE('',*,*,#10339,.F.);
#10339 = EDGE_CURVE('',#10315,#4656,#10340,.T.);
#10340 = SURFACE_CURVE('',#10341,(#10345,#10352),.PCURVE_S1.);
#10341 = LINE('',#10342,#10343);
#10342 = CARTESIAN_POINT('',(24.45,-0.65,2.008111842105));
#10343 = VECTOR('',#10344,1.);
#10344 = DIRECTION('',(0.,0.,1.));
#10345 = PCURVE('',#4670,#10346);
#10346 = DEFINITIONAL_REPRESENTATION('',(#10347),#10351);
#10347 = LINE('',#10348,#10349);
#10348 = CARTESIAN_POINT('',(1.3,0.));
#10349 = VECTOR('',#10350,1.);
#10350 = DIRECTION('',(0.,-1.));
#10351 = ( GEOMETRIC_REPRESENTATION_CONTEXT(2) 
PARAMETRIC_REPRESENTATION_CONTEXT() REPRESENTATION_CONTEXT('2D SPACE',''
  ) );
#10352 = PCURVE('',#4696,#10353);
#10353 = DEFINITIONAL_REPRESENTATION('',(#10354),#10358);
#10354 = LINE('',#10355,#10356);
#10355 = CARTESIAN_POINT('',(0.,0.));
#10356 = VECTOR('',#10357,1.);
#10357 = DIRECTION('',(0.,-1.));
#10358 = ( GEOMETRIC_REPRESENTATION_CONTEXT(2) 
PARAMETRIC_REPRESENTATION_CONTEXT() REPRESENTATION_CONTEXT('2D SPACE',''
  ) );
#10359 = ADVANCED_FACE('',(#10360),#5086,.T.);
#10360 = FACE_BOUND('',#10361,.T.);
#10361 = EDGE_LOOP('',(#10362,#10385,#10386,#10387));
#10362 = ORIENTED_EDGE('',*,*,#10363,.F.);
#10363 = EDGE_CURVE('',#10266,#10364,#10366,.T.);
#10364 = VERTEX_POINT('',#10365);
#10365 = CARTESIAN_POINT('',(22.75,-0.35,2.008111842105));
#10366 = SURFACE_CURVE('',#10367,(#10371,#10378),.PCURVE_S1.);
#10367 = LINE('',#10368,#10369);
#10368 = CARTESIAN_POINT('',(23.45,-0.35,2.008111842105));
#10369 = VECTOR('',#10370,1.);
#10370 = DIRECTION('',(-1.,-2.22044604925E-16,0.));
#10371 = PCURVE('',#5086,#10372);
#10372 = DEFINITIONAL_REPRESENTATION('',(#10373),#10377);
#10373 = LINE('',#10374,#10375);
#10374 = CARTESIAN_POINT('',(0.,0.));
#10375 = VECTOR('',#10376,1.);
#10376 = DIRECTION('',(1.,0.));
#10377 = ( GEOMETRIC_REPRESENTATION_CONTEXT(2) 
PARAMETRIC_REPRESENTATION_CONTEXT() REPRESENTATION_CONTEXT('2D SPACE',''
  ) );
#10378 = PCURVE('',#10060,#10379);
#10379 = DEFINITIONAL_REPRESENTATION('',(#10380),#10384);
#10380 = LINE('',#10381,#10382);
#10381 = CARTESIAN_POINT('',(-0.776388888889,-0.363888888889));
#10382 = VECTOR('',#10383,1.);
#10383 = DIRECTION('',(-1.,-2.22044604925E-16));
#10384 = ( GEOMETRIC_REPRESENTATION_CONTEXT(2) 
PARAMETRIC_REPRESENTATION_CONTEXT() REPRESENTATION_CONTEXT('2D SPACE',''
  ) );
#10385 = ORIENTED_EDGE('',*,*,#10290,.T.);
#10386 = ORIENTED_EDGE('',*,*,#5071,.F.);
#10387 = ORIENTED_EDGE('',*,*,#10388,.F.);
#10388 = EDGE_CURVE('',#10364,#5046,#10389,.T.);
#10389 = SURFACE_CURVE('',#10390,(#10394,#10401),.PCURVE_S1.);
#10390 = LINE('',#10391,#10392);
#10391 = CARTESIAN_POINT('',(22.75,-0.35,2.008111842105));
#10392 = VECTOR('',#10393,1.);
#10393 = DIRECTION('',(0.,0.,1.));
#10394 = PCURVE('',#5086,#10395);
#10395 = DEFINITIONAL_REPRESENTATION('',(#10396),#10400);
#10396 = LINE('',#10397,#10398);
#10397 = CARTESIAN_POINT('',(0.7,0.));
#10398 = VECTOR('',#10399,1.);
#10399 = DIRECTION('',(0.,-1.));
#10400 = ( GEOMETRIC_REPRESENTATION_CONTEXT(2) 
PARAMETRIC_REPRESENTATION_CONTEXT() REPRESENTATION_CONTEXT('2D SPACE',''
  ) );
#10401 = PCURVE('',#5060,#10402);
#10402 = DEFINITIONAL_REPRESENTATION('',(#10403),#10407);
#10403 = LINE('',#10404,#10405);
#10404 = CARTESIAN_POINT('',(1.3,0.));
#10405 = VECTOR('',#10406,1.);
#10406 = DIRECTION('',(0.,-1.));
#10407 = ( GEOMETRIC_REPRESENTATION_CONTEXT(2) 
PARAMETRIC_REPRESENTATION_CONTEXT() REPRESENTATION_CONTEXT('2D SPACE',''
  ) );
#10408 = ADVANCED_FACE('',(#10409),#4696,.F.);
#10409 = FACE_BOUND('',#10410,.F.);
#10410 = EDGE_LOOP('',(#10411,#10434,#10435,#10436));
#10411 = ORIENTED_EDGE('',*,*,#10412,.F.);
#10412 = EDGE_CURVE('',#10315,#10413,#10415,.T.);
#10413 = VERTEX_POINT('',#10414);
#10414 = CARTESIAN_POINT('',(24.45,0.65,2.008111842105));
#10415 = SURFACE_CURVE('',#10416,(#10420,#10427),.PCURVE_S1.);
#10416 = LINE('',#10417,#10418);
#10417 = CARTESIAN_POINT('',(24.45,-0.65,2.008111842105));
#10418 = VECTOR('',#10419,1.);
#10419 = DIRECTION('',(-2.22044604925E-16,1.,0.));
#10420 = PCURVE('',#4696,#10421);
#10421 = DEFINITIONAL_REPRESENTATION('',(#10422),#10426);
#10422 = LINE('',#10423,#10424);
#10423 = CARTESIAN_POINT('',(0.,0.));
#10424 = VECTOR('',#10425,1.);
#10425 = DIRECTION('',(1.,0.));
#10426 = ( GEOMETRIC_REPRESENTATION_CONTEXT(2) 
PARAMETRIC_REPRESENTATION_CONTEXT() REPRESENTATION_CONTEXT('2D SPACE',''
  ) );
#10427 = PCURVE('',#10060,#10428);
#10428 = DEFINITIONAL_REPRESENTATION('',(#10429),#10433);
#10429 = LINE('',#10430,#10431);
#10430 = CARTESIAN_POINT('',(0.223611111111,-0.663888888889));
#10431 = VECTOR('',#10432,1.);
#10432 = DIRECTION('',(-2.22044604925E-16,1.));
#10433 = ( GEOMETRIC_REPRESENTATION_CONTEXT(2) 
PARAMETRIC_REPRESENTATION_CONTEXT() REPRESENTATION_CONTEXT('2D SPACE',''
  ) );
#10434 = ORIENTED_EDGE('',*,*,#10339,.T.);
#10435 = ORIENTED_EDGE('',*,*,#4681,.F.);
#10436 = ORIENTED_EDGE('',*,*,#10437,.F.);
#10437 = EDGE_CURVE('',#10413,#4682,#10438,.T.);
#10438 = SURFACE_CURVE('',#10439,(#10443,#10450),.PCURVE_S1.);
#10439 = LINE('',#10440,#10441);
#10440 = CARTESIAN_POINT('',(24.45,0.65,2.008111842105));
#10441 = VECTOR('',#10442,1.);
#10442 = DIRECTION('',(0.,0.,1.));
#10443 = PCURVE('',#4696,#10444);
#10444 = DEFINITIONAL_REPRESENTATION('',(#10445),#10449);
#10445 = LINE('',#10446,#10447);
#10446 = CARTESIAN_POINT('',(1.3,0.));
#10447 = VECTOR('',#10448,1.);
#10448 = DIRECTION('',(0.,-1.));
#10449 = ( GEOMETRIC_REPRESENTATION_CONTEXT(2) 
PARAMETRIC_REPRESENTATION_CONTEXT() REPRESENTATION_CONTEXT('2D SPACE',''
  ) );
#10450 = PCURVE('',#4722,#10451);
#10451 = DEFINITIONAL_REPRESENTATION('',(#10452),#10456);
#10452 = LINE('',#10453,#10454);
#10453 = CARTESIAN_POINT('',(0.,0.));
#10454 = VECTOR('',#10455,1.);
#10455 = DIRECTION('',(0.,-1.));
#10456 = ( GEOMETRIC_REPRESENTATION_CONTEXT(2) 
PARAMETRIC_REPRESENTATION_CONTEXT() REPRESENTATION_CONTEXT('2D SPACE',''
  ) );
#10457 = ADVANCED_FACE('',(#10458),#5060,.F.);
#10458 = FACE_BOUND('',#10459,.F.);
#10459 = EDGE_LOOP('',(#10460,#10483,#10504,#10505));
#10460 = ORIENTED_EDGE('',*,*,#10461,.F.);
#10461 = EDGE_CURVE('',#10462,#10364,#10464,.T.);
#10462 = VERTEX_POINT('',#10463);
#10463 = CARTESIAN_POINT('',(22.75,-1.65,2.008111842105));
#10464 = SURFACE_CURVE('',#10465,(#10469,#10476),.PCURVE_S1.);
#10465 = LINE('',#10466,#10467);
#10466 = CARTESIAN_POINT('',(22.75,-1.65,2.008111842105));
#10467 = VECTOR('',#10468,1.);
#10468 = DIRECTION('',(-2.22044604925E-16,1.,0.));
#10469 = PCURVE('',#5060,#10470);
#10470 = DEFINITIONAL_REPRESENTATION('',(#10471),#10475);
#10471 = LINE('',#10472,#10473);
#10472 = CARTESIAN_POINT('',(0.,0.));
#10473 = VECTOR('',#10474,1.);
#10474 = DIRECTION('',(1.,0.));
#10475 = ( GEOMETRIC_REPRESENTATION_CONTEXT(2) 
PARAMETRIC_REPRESENTATION_CONTEXT() REPRESENTATION_CONTEXT('2D SPACE',''
  ) );
#10476 = PCURVE('',#10060,#10477);
#10477 = DEFINITIONAL_REPRESENTATION('',(#10478),#10482);
#10478 = LINE('',#10479,#10480);
#10479 = CARTESIAN_POINT('',(-1.476388888889,-1.663888888889));
#10480 = VECTOR('',#10481,1.);
#10481 = DIRECTION('',(-2.22044604925E-16,1.));
#10482 = ( GEOMETRIC_REPRESENTATION_CONTEXT(2) 
PARAMETRIC_REPRESENTATION_CONTEXT() REPRESENTATION_CONTEXT('2D SPACE',''
  ) );
#10483 = ORIENTED_EDGE('',*,*,#10484,.T.);
#10484 = EDGE_CURVE('',#10462,#5020,#10485,.T.);
#10485 = SURFACE_CURVE('',#10486,(#10490,#10497),.PCURVE_S1.);
#10486 = LINE('',#10487,#10488);
#10487 = CARTESIAN_POINT('',(22.75,-1.65,2.008111842105));
#10488 = VECTOR('',#10489,1.);
#10489 = DIRECTION('',(0.,0.,1.));
#10490 = PCURVE('',#5060,#10491);
#10491 = DEFINITIONAL_REPRESENTATION('',(#10492),#10496);
#10492 = LINE('',#10493,#10494);
#10493 = CARTESIAN_POINT('',(0.,0.));
#10494 = VECTOR('',#10495,1.);
#10495 = DIRECTION('',(0.,-1.));
#10496 = ( GEOMETRIC_REPRESENTATION_CONTEXT(2) 
PARAMETRIC_REPRESENTATION_CONTEXT() REPRESENTATION_CONTEXT('2D SPACE',''
  ) );
#10497 = PCURVE('',#5034,#10498);
#10498 = DEFINITIONAL_REPRESENTATION('',(#10499),#10503);
#10499 = LINE('',#10500,#10501);
#10500 = CARTESIAN_POINT('',(3.,0.));
#10501 = VECTOR('',#10502,1.);
#10502 = DIRECTION('',(0.,-1.));
#10503 = ( GEOMETRIC_REPRESENTATION_CONTEXT(2) 
PARAMETRIC_REPRESENTATION_CONTEXT() REPRESENTATION_CONTEXT('2D SPACE',''
  ) );
#10504 = ORIENTED_EDGE('',*,*,#5045,.F.);
#10505 = ORIENTED_EDGE('',*,*,#10388,.F.);
#10506 = ADVANCED_FACE('',(#10507),#4722,.F.);
#10507 = FACE_BOUND('',#10508,.F.);
#10508 = EDGE_LOOP('',(#10509,#10532,#10533,#10534));
#10509 = ORIENTED_EDGE('',*,*,#10510,.F.);
#10510 = EDGE_CURVE('',#10413,#10511,#10513,.T.);
#10511 = VERTEX_POINT('',#10512);
#10512 = CARTESIAN_POINT('',(24.75,0.65,2.008111842105));
#10513 = SURFACE_CURVE('',#10514,(#10518,#10525),.PCURVE_S1.);
#10514 = LINE('',#10515,#10516);
#10515 = CARTESIAN_POINT('',(24.45,0.65,2.008111842105));
#10516 = VECTOR('',#10517,1.);
#10517 = DIRECTION('',(1.,2.22044604925E-16,0.));
#10518 = PCURVE('',#4722,#10519);
#10519 = DEFINITIONAL_REPRESENTATION('',(#10520),#10524);
#10520 = LINE('',#10521,#10522);
#10521 = CARTESIAN_POINT('',(0.,0.));
#10522 = VECTOR('',#10523,1.);
#10523 = DIRECTION('',(1.,0.));
#10524 = ( GEOMETRIC_REPRESENTATION_CONTEXT(2) 
PARAMETRIC_REPRESENTATION_CONTEXT() REPRESENTATION_CONTEXT('2D SPACE',''
  ) );
#10525 = PCURVE('',#10060,#10526);
#10526 = DEFINITIONAL_REPRESENTATION('',(#10527),#10531);
#10527 = LINE('',#10528,#10529);
#10528 = CARTESIAN_POINT('',(0.223611111111,0.636111111111));
#10529 = VECTOR('',#10530,1.);
#10530 = DIRECTION('',(1.,2.22044604925E-16));
#10531 = ( GEOMETRIC_REPRESENTATION_CONTEXT(2) 
PARAMETRIC_REPRESENTATION_CONTEXT() REPRESENTATION_CONTEXT('2D SPACE',''
  ) );
#10532 = ORIENTED_EDGE('',*,*,#10437,.T.);
#10533 = ORIENTED_EDGE('',*,*,#4707,.F.);
#10534 = ORIENTED_EDGE('',*,*,#10535,.F.);
#10535 = EDGE_CURVE('',#10511,#4708,#10536,.T.);
#10536 = SURFACE_CURVE('',#10537,(#10541,#10548),.PCURVE_S1.);
#10537 = LINE('',#10538,#10539);
#10538 = CARTESIAN_POINT('',(24.75,0.65,2.008111842105));
#10539 = VECTOR('',#10540,1.);
#10540 = DIRECTION('',(0.,0.,1.));
#10541 = PCURVE('',#4722,#10542);
#10542 = DEFINITIONAL_REPRESENTATION('',(#10543),#10547);
#10543 = LINE('',#10544,#10545);
#10544 = CARTESIAN_POINT('',(0.3,0.));
#10545 = VECTOR('',#10546,1.);
#10546 = DIRECTION('',(0.,-1.));
#10547 = ( GEOMETRIC_REPRESENTATION_CONTEXT(2) 
PARAMETRIC_REPRESENTATION_CONTEXT() REPRESENTATION_CONTEXT('2D SPACE',''
  ) );
#10548 = PCURVE('',#4748,#10549);
#10549 = DEFINITIONAL_REPRESENTATION('',(#10550),#10554);
#10550 = LINE('',#10551,#10552);
#10551 = CARTESIAN_POINT('',(1.,0.));
#10552 = VECTOR('',#10553,1.);
#10553 = DIRECTION('',(0.,-1.));
#10554 = ( GEOMETRIC_REPRESENTATION_CONTEXT(2) 
PARAMETRIC_REPRESENTATION_CONTEXT() REPRESENTATION_CONTEXT('2D SPACE',''
  ) );
#10555 = ADVANCED_FACE('',(#10556),#5034,.F.);
#10556 = FACE_BOUND('',#10557,.F.);
#10557 = EDGE_LOOP('',(#10558,#10581,#10602,#10603));
#10558 = ORIENTED_EDGE('',*,*,#10559,.F.);
#10559 = EDGE_CURVE('',#10560,#10462,#10562,.T.);
#10560 = VERTEX_POINT('',#10561);
#10561 = CARTESIAN_POINT('',(25.75,-1.65,2.008111842105));
#10562 = SURFACE_CURVE('',#10563,(#10567,#10574),.PCURVE_S1.);
#10563 = LINE('',#10564,#10565);
#10564 = CARTESIAN_POINT('',(25.75,-1.65,2.008111842105));
#10565 = VECTOR('',#10566,1.);
#10566 = DIRECTION('',(-1.,-2.22044604925E-16,0.));
#10567 = PCURVE('',#5034,#10568);
#10568 = DEFINITIONAL_REPRESENTATION('',(#10569),#10573);
#10569 = LINE('',#10570,#10571);
#10570 = CARTESIAN_POINT('',(0.,0.));
#10571 = VECTOR('',#10572,1.);
#10572 = DIRECTION('',(1.,0.));
#10573 = ( GEOMETRIC_REPRESENTATION_CONTEXT(2) 
PARAMETRIC_REPRESENTATION_CONTEXT() REPRESENTATION_CONTEXT('2D SPACE',''
  ) );
#10574 = PCURVE('',#10060,#10575);
#10575 = DEFINITIONAL_REPRESENTATION('',(#10576),#10580);
#10576 = LINE('',#10577,#10578);
#10577 = CARTESIAN_POINT('',(1.523611111111,-1.663888888889));
#10578 = VECTOR('',#10579,1.);
#10579 = DIRECTION('',(-1.,-2.22044604925E-16));
#10580 = ( GEOMETRIC_REPRESENTATION_CONTEXT(2) 
PARAMETRIC_REPRESENTATION_CONTEXT() REPRESENTATION_CONTEXT('2D SPACE',''
  ) );
#10581 = ORIENTED_EDGE('',*,*,#10582,.T.);
#10582 = EDGE_CURVE('',#10560,#4994,#10583,.T.);
#10583 = SURFACE_CURVE('',#10584,(#10588,#10595),.PCURVE_S1.);
#10584 = LINE('',#10585,#10586);
#10585 = CARTESIAN_POINT('',(25.75,-1.65,2.008111842105));
#10586 = VECTOR('',#10587,1.);
#10587 = DIRECTION('',(0.,0.,1.));
#10588 = PCURVE('',#5034,#10589);
#10589 = DEFINITIONAL_REPRESENTATION('',(#10590),#10594);
#10590 = LINE('',#10591,#10592);
#10591 = CARTESIAN_POINT('',(0.,0.));
#10592 = VECTOR('',#10593,1.);
#10593 = DIRECTION('',(0.,-1.));
#10594 = ( GEOMETRIC_REPRESENTATION_CONTEXT(2) 
PARAMETRIC_REPRESENTATION_CONTEXT() REPRESENTATION_CONTEXT('2D SPACE',''
  ) );
#10595 = PCURVE('',#5008,#10596);
#10596 = DEFINITIONAL_REPRESENTATION('',(#10597),#10601);
#10597 = LINE('',#10598,#10599);
#10598 = CARTESIAN_POINT('',(0.3,0.));
#10599 = VECTOR('',#10600,1.);
#10600 = DIRECTION('',(0.,-1.));
#10601 = ( GEOMETRIC_REPRESENTATION_CONTEXT(2) 
PARAMETRIC_REPRESENTATION_CONTEXT() REPRESENTATION_CONTEXT('2D SPACE',''
  ) );
#10602 = ORIENTED_EDGE('',*,*,#5019,.F.);
#10603 = ORIENTED_EDGE('',*,*,#10484,.F.);
#10604 = ADVANCED_FACE('',(#10605),#4748,.T.);
#10605 = FACE_BOUND('',#10606,.T.);
#10606 = EDGE_LOOP('',(#10607,#10630,#10651,#10652));
#10607 = ORIENTED_EDGE('',*,*,#10608,.F.);
#10608 = EDGE_CURVE('',#10609,#10511,#10611,.T.);
#10609 = VERTEX_POINT('',#10610);
#10610 = CARTESIAN_POINT('',(24.75,-0.35,2.008111842105));
#10611 = SURFACE_CURVE('',#10612,(#10616,#10623),.PCURVE_S1.);
#10612 = LINE('',#10613,#10614);
#10613 = CARTESIAN_POINT('',(24.75,-0.35,2.008111842105));
#10614 = VECTOR('',#10615,1.);
#10615 = DIRECTION('',(-2.22044604925E-16,1.,0.));
#10616 = PCURVE('',#4748,#10617);
#10617 = DEFINITIONAL_REPRESENTATION('',(#10618),#10622);
#10618 = LINE('',#10619,#10620);
#10619 = CARTESIAN_POINT('',(0.,0.));
#10620 = VECTOR('',#10621,1.);
#10621 = DIRECTION('',(1.,0.));
#10622 = ( GEOMETRIC_REPRESENTATION_CONTEXT(2) 
PARAMETRIC_REPRESENTATION_CONTEXT() REPRESENTATION_CONTEXT('2D SPACE',''
  ) );
#10623 = PCURVE('',#10060,#10624);
#10624 = DEFINITIONAL_REPRESENTATION('',(#10625),#10629);
#10625 = LINE('',#10626,#10627);
#10626 = CARTESIAN_POINT('',(0.523611111111,-0.363888888889));
#10627 = VECTOR('',#10628,1.);
#10628 = DIRECTION('',(-2.22044604925E-16,1.));
#10629 = ( GEOMETRIC_REPRESENTATION_CONTEXT(2) 
PARAMETRIC_REPRESENTATION_CONTEXT() REPRESENTATION_CONTEXT('2D SPACE',''
  ) );
#10630 = ORIENTED_EDGE('',*,*,#10631,.T.);
#10631 = EDGE_CURVE('',#10609,#4734,#10632,.T.);
#10632 = SURFACE_CURVE('',#10633,(#10637,#10644),.PCURVE_S1.);
#10633 = LINE('',#10634,#10635);
#10634 = CARTESIAN_POINT('',(24.75,-0.35,2.008111842105));
#10635 = VECTOR('',#10636,1.);
#10636 = DIRECTION('',(0.,0.,1.));
#10637 = PCURVE('',#4748,#10638);
#10638 = DEFINITIONAL_REPRESENTATION('',(#10639),#10643);
#10639 = LINE('',#10640,#10641);
#10640 = CARTESIAN_POINT('',(0.,0.));
#10641 = VECTOR('',#10642,1.);
#10642 = DIRECTION('',(0.,-1.));
#10643 = ( GEOMETRIC_REPRESENTATION_CONTEXT(2) 
PARAMETRIC_REPRESENTATION_CONTEXT() REPRESENTATION_CONTEXT('2D SPACE',''
  ) );
#10644 = PCURVE('',#4774,#10645);
#10645 = DEFINITIONAL_REPRESENTATION('',(#10646),#10650);
#10646 = LINE('',#10647,#10648);
#10647 = CARTESIAN_POINT('',(0.7,0.));
#10648 = VECTOR('',#10649,1.);
#10649 = DIRECTION('',(0.,-1.));
#10650 = ( GEOMETRIC_REPRESENTATION_CONTEXT(2) 
PARAMETRIC_REPRESENTATION_CONTEXT() REPRESENTATION_CONTEXT('2D SPACE',''
  ) );
#10651 = ORIENTED_EDGE('',*,*,#4733,.F.);
#10652 = ORIENTED_EDGE('',*,*,#10535,.F.);
#10653 = ADVANCED_FACE('',(#10654),#5008,.F.);
#10654 = FACE_BOUND('',#10655,.F.);
#10655 = EDGE_LOOP('',(#10656,#10679,#10700,#10701));
#10656 = ORIENTED_EDGE('',*,*,#10657,.F.);
#10657 = EDGE_CURVE('',#10658,#10560,#10660,.T.);
#10658 = VERTEX_POINT('',#10659);
#10659 = CARTESIAN_POINT('',(25.75,-1.35,2.008111842105));
#10660 = SURFACE_CURVE('',#10661,(#10665,#10672),.PCURVE_S1.);
#10661 = LINE('',#10662,#10663);
#10662 = CARTESIAN_POINT('',(25.75,-1.35,2.008111842105));
#10663 = VECTOR('',#10664,1.);
#10664 = DIRECTION('',(2.22044604925E-16,-1.,0.));
#10665 = PCURVE('',#5008,#10666);
#10666 = DEFINITIONAL_REPRESENTATION('',(#10667),#10671);
#10667 = LINE('',#10668,#10669);
#10668 = CARTESIAN_POINT('',(0.,0.));
#10669 = VECTOR('',#10670,1.);
#10670 = DIRECTION('',(1.,0.));
#10671 = ( GEOMETRIC_REPRESENTATION_CONTEXT(2) 
PARAMETRIC_REPRESENTATION_CONTEXT() REPRESENTATION_CONTEXT('2D SPACE',''
  ) );
#10672 = PCURVE('',#10060,#10673);
#10673 = DEFINITIONAL_REPRESENTATION('',(#10674),#10678);
#10674 = LINE('',#10675,#10676);
#10675 = CARTESIAN_POINT('',(1.523611111111,-1.363888888889));
#10676 = VECTOR('',#10677,1.);
#10677 = DIRECTION('',(2.22044604925E-16,-1.));
#10678 = ( GEOMETRIC_REPRESENTATION_CONTEXT(2) 
PARAMETRIC_REPRESENTATION_CONTEXT() REPRESENTATION_CONTEXT('2D SPACE',''
  ) );
#10679 = ORIENTED_EDGE('',*,*,#10680,.T.);
#10680 = EDGE_CURVE('',#10658,#4968,#10681,.T.);
#10681 = SURFACE_CURVE('',#10682,(#10686,#10693),.PCURVE_S1.);
#10682 = LINE('',#10683,#10684);
#10683 = CARTESIAN_POINT('',(25.75,-1.35,2.008111842105));
#10684 = VECTOR('',#10685,1.);
#10685 = DIRECTION('',(0.,0.,1.));
#10686 = PCURVE('',#5008,#10687);
#10687 = DEFINITIONAL_REPRESENTATION('',(#10688),#10692);
#10688 = LINE('',#10689,#10690);
#10689 = CARTESIAN_POINT('',(0.,0.));
#10690 = VECTOR('',#10691,1.);
#10691 = DIRECTION('',(0.,-1.));
#10692 = ( GEOMETRIC_REPRESENTATION_CONTEXT(2) 
PARAMETRIC_REPRESENTATION_CONTEXT() REPRESENTATION_CONTEXT('2D SPACE',''
  ) );
#10693 = PCURVE('',#4982,#10694);
#10694 = DEFINITIONAL_REPRESENTATION('',(#10695),#10699);
#10695 = LINE('',#10696,#10697);
#10696 = CARTESIAN_POINT('',(0.,0.));
#10697 = VECTOR('',#10698,1.);
#10698 = DIRECTION('',(0.,-1.));
#10699 = ( GEOMETRIC_REPRESENTATION_CONTEXT(2) 
PARAMETRIC_REPRESENTATION_CONTEXT() REPRESENTATION_CONTEXT('2D SPACE',''
  ) );
#10700 = ORIENTED_EDGE('',*,*,#4993,.F.);
#10701 = ORIENTED_EDGE('',*,*,#10582,.F.);
#10702 = ADVANCED_FACE('',(#10703),#4774,.T.);
#10703 = FACE_BOUND('',#10704,.T.);
#10704 = EDGE_LOOP('',(#10705,#10728,#10749,#10750));
#10705 = ORIENTED_EDGE('',*,*,#10706,.F.);
#10706 = EDGE_CURVE('',#10707,#10609,#10709,.T.);
#10707 = VERTEX_POINT('',#10708);
#10708 = CARTESIAN_POINT('',(25.45,-0.35,2.008111842105));
#10709 = SURFACE_CURVE('',#10710,(#10714,#10721),.PCURVE_S1.);
#10710 = LINE('',#10711,#10712);
#10711 = CARTESIAN_POINT('',(25.45,-0.35,2.008111842105));
#10712 = VECTOR('',#10713,1.);
#10713 = DIRECTION('',(-1.,-2.22044604925E-16,0.));
#10714 = PCURVE('',#4774,#10715);
#10715 = DEFINITIONAL_REPRESENTATION('',(#10716),#10720);
#10716 = LINE('',#10717,#10718);
#10717 = CARTESIAN_POINT('',(0.,0.));
#10718 = VECTOR('',#10719,1.);
#10719 = DIRECTION('',(1.,0.));
#10720 = ( GEOMETRIC_REPRESENTATION_CONTEXT(2) 
PARAMETRIC_REPRESENTATION_CONTEXT() REPRESENTATION_CONTEXT('2D SPACE',''
  ) );
#10721 = PCURVE('',#10060,#10722);
#10722 = DEFINITIONAL_REPRESENTATION('',(#10723),#10727);
#10723 = LINE('',#10724,#10725);
#10724 = CARTESIAN_POINT('',(1.223611111111,-0.363888888889));
#10725 = VECTOR('',#10726,1.);
#10726 = DIRECTION('',(-1.,-2.22044604925E-16));
#10727 = ( GEOMETRIC_REPRESENTATION_CONTEXT(2) 
PARAMETRIC_REPRESENTATION_CONTEXT() REPRESENTATION_CONTEXT('2D SPACE',''
  ) );
#10728 = ORIENTED_EDGE('',*,*,#10729,.T.);
#10729 = EDGE_CURVE('',#10707,#4760,#10730,.T.);
#10730 = SURFACE_CURVE('',#10731,(#10735,#10742),.PCURVE_S1.);
#10731 = LINE('',#10732,#10733);
#10732 = CARTESIAN_POINT('',(25.45,-0.35,2.008111842105));
#10733 = VECTOR('',#10734,1.);
#10734 = DIRECTION('',(0.,0.,1.));
#10735 = PCURVE('',#4774,#10736);
#10736 = DEFINITIONAL_REPRESENTATION('',(#10737),#10741);
#10737 = LINE('',#10738,#10739);
#10738 = CARTESIAN_POINT('',(0.,0.));
#10739 = VECTOR('',#10740,1.);
#10740 = DIRECTION('',(0.,-1.));
#10741 = ( GEOMETRIC_REPRESENTATION_CONTEXT(2) 
PARAMETRIC_REPRESENTATION_CONTEXT() REPRESENTATION_CONTEXT('2D SPACE',''
  ) );
#10742 = PCURVE('',#4800,#10743);
#10743 = DEFINITIONAL_REPRESENTATION('',(#10744),#10748);
#10744 = LINE('',#10745,#10746);
#10745 = CARTESIAN_POINT('',(1.7,0.));
#10746 = VECTOR('',#10747,1.);
#10747 = DIRECTION('',(0.,-1.));
#10748 = ( GEOMETRIC_REPRESENTATION_CONTEXT(2) 
PARAMETRIC_REPRESENTATION_CONTEXT() REPRESENTATION_CONTEXT('2D SPACE',''
  ) );
#10749 = ORIENTED_EDGE('',*,*,#4759,.F.);
#10750 = ORIENTED_EDGE('',*,*,#10631,.F.);
#10751 = ADVANCED_FACE('',(#10752),#4982,.T.);
#10752 = FACE_BOUND('',#10753,.T.);
#10753 = EDGE_LOOP('',(#10754,#10777,#10778,#10779));
#10754 = ORIENTED_EDGE('',*,*,#10755,.F.);
#10755 = EDGE_CURVE('',#10658,#10756,#10758,.T.);
#10756 = VERTEX_POINT('',#10757);
#10757 = CARTESIAN_POINT('',(23.05,-1.35,2.008111842105));
#10758 = SURFACE_CURVE('',#10759,(#10763,#10770),.PCURVE_S1.);
#10759 = LINE('',#10760,#10761);
#10760 = CARTESIAN_POINT('',(25.75,-1.35,2.008111842105));
#10761 = VECTOR('',#10762,1.);
#10762 = DIRECTION('',(-1.,-2.22044604925E-16,0.));
#10763 = PCURVE('',#4982,#10764);
#10764 = DEFINITIONAL_REPRESENTATION('',(#10765),#10769);
#10765 = LINE('',#10766,#10767);
#10766 = CARTESIAN_POINT('',(0.,0.));
#10767 = VECTOR('',#10768,1.);
#10768 = DIRECTION('',(1.,0.));
#10769 = ( GEOMETRIC_REPRESENTATION_CONTEXT(2) 
PARAMETRIC_REPRESENTATION_CONTEXT() REPRESENTATION_CONTEXT('2D SPACE',''
  ) );
#10770 = PCURVE('',#10060,#10771);
#10771 = DEFINITIONAL_REPRESENTATION('',(#10772),#10776);
#10772 = LINE('',#10773,#10774);
#10773 = CARTESIAN_POINT('',(1.523611111111,-1.363888888889));
#10774 = VECTOR('',#10775,1.);
#10775 = DIRECTION('',(-1.,-2.22044604925E-16));
#10776 = ( GEOMETRIC_REPRESENTATION_CONTEXT(2) 
PARAMETRIC_REPRESENTATION_CONTEXT() REPRESENTATION_CONTEXT('2D SPACE',''
  ) );
#10777 = ORIENTED_EDGE('',*,*,#10680,.T.);
#10778 = ORIENTED_EDGE('',*,*,#4967,.F.);
#10779 = ORIENTED_EDGE('',*,*,#10780,.F.);
#10780 = EDGE_CURVE('',#10756,#4942,#10781,.T.);
#10781 = SURFACE_CURVE('',#10782,(#10786,#10793),.PCURVE_S1.);
#10782 = LINE('',#10783,#10784);
#10783 = CARTESIAN_POINT('',(23.05,-1.35,2.008111842105));
#10784 = VECTOR('',#10785,1.);
#10785 = DIRECTION('',(0.,0.,1.));
#10786 = PCURVE('',#4982,#10787);
#10787 = DEFINITIONAL_REPRESENTATION('',(#10788),#10792);
#10788 = LINE('',#10789,#10790);
#10789 = CARTESIAN_POINT('',(2.7,0.));
#10790 = VECTOR('',#10791,1.);
#10791 = DIRECTION('',(0.,-1.));
#10792 = ( GEOMETRIC_REPRESENTATION_CONTEXT(2) 
PARAMETRIC_REPRESENTATION_CONTEXT() REPRESENTATION_CONTEXT('2D SPACE',''
  ) );
#10793 = PCURVE('',#4956,#10794);
#10794 = DEFINITIONAL_REPRESENTATION('',(#10795),#10799);
#10795 = LINE('',#10796,#10797);
#10796 = CARTESIAN_POINT('',(0.,0.));
#10797 = VECTOR('',#10798,1.);
#10798 = DIRECTION('',(0.,-1.));
#10799 = ( GEOMETRIC_REPRESENTATION_CONTEXT(2) 
PARAMETRIC_REPRESENTATION_CONTEXT() REPRESENTATION_CONTEXT('2D SPACE',''
  ) );
#10800 = ADVANCED_FACE('',(#10801),#4800,.T.);
#10801 = FACE_BOUND('',#10802,.T.);
#10802 = EDGE_LOOP('',(#10803,#10826,#10847,#10848));
#10803 = ORIENTED_EDGE('',*,*,#10804,.F.);
#10804 = EDGE_CURVE('',#10805,#10707,#10807,.T.);
#10805 = VERTEX_POINT('',#10806);
#10806 = CARTESIAN_POINT('',(25.45,1.35,2.008111842105));
#10807 = SURFACE_CURVE('',#10808,(#10812,#10819),.PCURVE_S1.);
#10808 = LINE('',#10809,#10810);
#10809 = CARTESIAN_POINT('',(25.45,1.35,2.008111842105));
#10810 = VECTOR('',#10811,1.);
#10811 = DIRECTION('',(2.22044604925E-16,-1.,0.));
#10812 = PCURVE('',#4800,#10813);
#10813 = DEFINITIONAL_REPRESENTATION('',(#10814),#10818);
#10814 = LINE('',#10815,#10816);
#10815 = CARTESIAN_POINT('',(0.,0.));
#10816 = VECTOR('',#10817,1.);
#10817 = DIRECTION('',(1.,0.));
#10818 = ( GEOMETRIC_REPRESENTATION_CONTEXT(2) 
PARAMETRIC_REPRESENTATION_CONTEXT() REPRESENTATION_CONTEXT('2D SPACE',''
  ) );
#10819 = PCURVE('',#10060,#10820);
#10820 = DEFINITIONAL_REPRESENTATION('',(#10821),#10825);
#10821 = LINE('',#10822,#10823);
#10822 = CARTESIAN_POINT('',(1.223611111111,1.336111111111));
#10823 = VECTOR('',#10824,1.);
#10824 = DIRECTION('',(2.22044604925E-16,-1.));
#10825 = ( GEOMETRIC_REPRESENTATION_CONTEXT(2) 
PARAMETRIC_REPRESENTATION_CONTEXT() REPRESENTATION_CONTEXT('2D SPACE',''
  ) );
#10826 = ORIENTED_EDGE('',*,*,#10827,.T.);
#10827 = EDGE_CURVE('',#10805,#4786,#10828,.T.);
#10828 = SURFACE_CURVE('',#10829,(#10833,#10840),.PCURVE_S1.);
#10829 = LINE('',#10830,#10831);
#10830 = CARTESIAN_POINT('',(25.45,1.35,2.008111842105));
#10831 = VECTOR('',#10832,1.);
#10832 = DIRECTION('',(0.,0.,1.));
#10833 = PCURVE('',#4800,#10834);
#10834 = DEFINITIONAL_REPRESENTATION('',(#10835),#10839);
#10835 = LINE('',#10836,#10837);
#10836 = CARTESIAN_POINT('',(0.,0.));
#10837 = VECTOR('',#10838,1.);
#10838 = DIRECTION('',(0.,-1.));
#10839 = ( GEOMETRIC_REPRESENTATION_CONTEXT(2) 
PARAMETRIC_REPRESENTATION_CONTEXT() REPRESENTATION_CONTEXT('2D SPACE',''
  ) );
#10840 = PCURVE('',#4826,#10841);
#10841 = DEFINITIONAL_REPRESENTATION('',(#10842),#10846);
#10842 = LINE('',#10843,#10844);
#10843 = CARTESIAN_POINT('',(0.,0.));
#10844 = VECTOR('',#10845,1.);
#10845 = DIRECTION('',(0.,-1.));
#10846 = ( GEOMETRIC_REPRESENTATION_CONTEXT(2) 
PARAMETRIC_REPRESENTATION_CONTEXT() REPRESENTATION_CONTEXT('2D SPACE',''
  ) );
#10847 = ORIENTED_EDGE('',*,*,#4785,.F.);
#10848 = ORIENTED_EDGE('',*,*,#10729,.F.);
#10849 = ADVANCED_FACE('',(#10850),#4956,.T.);
#10850 = FACE_BOUND('',#10851,.T.);
#10851 = EDGE_LOOP('',(#10852,#10875,#10876,#10877));
#10852 = ORIENTED_EDGE('',*,*,#10853,.F.);
#10853 = EDGE_CURVE('',#10756,#10854,#10856,.T.);
#10854 = VERTEX_POINT('',#10855);
#10855 = CARTESIAN_POINT('',(23.05,-0.65,2.008111842105));
#10856 = SURFACE_CURVE('',#10857,(#10861,#10868),.PCURVE_S1.);
#10857 = LINE('',#10858,#10859);
#10858 = CARTESIAN_POINT('',(23.05,-1.35,2.008111842105));
#10859 = VECTOR('',#10860,1.);
#10860 = DIRECTION('',(-2.22044604925E-16,1.,0.));
#10861 = PCURVE('',#4956,#10862);
#10862 = DEFINITIONAL_REPRESENTATION('',(#10863),#10867);
#10863 = LINE('',#10864,#10865);
#10864 = CARTESIAN_POINT('',(0.,0.));
#10865 = VECTOR('',#10866,1.);
#10866 = DIRECTION('',(1.,0.));
#10867 = ( GEOMETRIC_REPRESENTATION_CONTEXT(2) 
PARAMETRIC_REPRESENTATION_CONTEXT() REPRESENTATION_CONTEXT('2D SPACE',''
  ) );
#10868 = PCURVE('',#10060,#10869);
#10869 = DEFINITIONAL_REPRESENTATION('',(#10870),#10874);
#10870 = LINE('',#10871,#10872);
#10871 = CARTESIAN_POINT('',(-1.176388888889,-1.363888888889));
#10872 = VECTOR('',#10873,1.);
#10873 = DIRECTION('',(-2.22044604925E-16,1.));
#10874 = ( GEOMETRIC_REPRESENTATION_CONTEXT(2) 
PARAMETRIC_REPRESENTATION_CONTEXT() REPRESENTATION_CONTEXT('2D SPACE',''
  ) );
#10875 = ORIENTED_EDGE('',*,*,#10780,.T.);
#10876 = ORIENTED_EDGE('',*,*,#4941,.F.);
#10877 = ORIENTED_EDGE('',*,*,#10878,.F.);
#10878 = EDGE_CURVE('',#10854,#4916,#10879,.T.);
#10879 = SURFACE_CURVE('',#10880,(#10884,#10891),.PCURVE_S1.);
#10880 = LINE('',#10881,#10882);
#10881 = CARTESIAN_POINT('',(23.05,-0.65,2.008111842105));
#10882 = VECTOR('',#10883,1.);
#10883 = DIRECTION('',(0.,0.,1.));
#10884 = PCURVE('',#4956,#10885);
#10885 = DEFINITIONAL_REPRESENTATION('',(#10886),#10890);
#10886 = LINE('',#10887,#10888);
#10887 = CARTESIAN_POINT('',(0.7,0.));
#10888 = VECTOR('',#10889,1.);
#10889 = DIRECTION('',(0.,-1.));
#10890 = ( GEOMETRIC_REPRESENTATION_CONTEXT(2) 
PARAMETRIC_REPRESENTATION_CONTEXT() REPRESENTATION_CONTEXT('2D SPACE',''
  ) );
#10891 = PCURVE('',#4930,#10892);
#10892 = DEFINITIONAL_REPRESENTATION('',(#10893),#10897);
#10893 = LINE('',#10894,#10895);
#10894 = CARTESIAN_POINT('',(0.,0.));
#10895 = VECTOR('',#10896,1.);
#10896 = DIRECTION('',(0.,-1.));
#10897 = ( GEOMETRIC_REPRESENTATION_CONTEXT(2) 
PARAMETRIC_REPRESENTATION_CONTEXT() REPRESENTATION_CONTEXT('2D SPACE',''
  ) );
#10898 = ADVANCED_FACE('',(#10899),#4826,.F.);
#10899 = FACE_BOUND('',#10900,.F.);
#10900 = EDGE_LOOP('',(#10901,#10924,#10925,#10926));
#10901 = ORIENTED_EDGE('',*,*,#10902,.F.);
#10902 = EDGE_CURVE('',#10805,#10903,#10905,.T.);
#10903 = VERTEX_POINT('',#10904);
#10904 = CARTESIAN_POINT('',(23.05,1.35,2.008111842105));
#10905 = SURFACE_CURVE('',#10906,(#10910,#10917),.PCURVE_S1.);
#10906 = LINE('',#10907,#10908);
#10907 = CARTESIAN_POINT('',(25.45,1.35,2.008111842105));
#10908 = VECTOR('',#10909,1.);
#10909 = DIRECTION('',(-1.,-2.22044604925E-16,0.));
#10910 = PCURVE('',#4826,#10911);
#10911 = DEFINITIONAL_REPRESENTATION('',(#10912),#10916);
#10912 = LINE('',#10913,#10914);
#10913 = CARTESIAN_POINT('',(0.,0.));
#10914 = VECTOR('',#10915,1.);
#10915 = DIRECTION('',(1.,0.));
#10916 = ( GEOMETRIC_REPRESENTATION_CONTEXT(2) 
PARAMETRIC_REPRESENTATION_CONTEXT() REPRESENTATION_CONTEXT('2D SPACE',''
  ) );
#10917 = PCURVE('',#10060,#10918);
#10918 = DEFINITIONAL_REPRESENTATION('',(#10919),#10923);
#10919 = LINE('',#10920,#10921);
#10920 = CARTESIAN_POINT('',(1.223611111111,1.336111111111));
#10921 = VECTOR('',#10922,1.);
#10922 = DIRECTION('',(-1.,-2.22044604925E-16));
#10923 = ( GEOMETRIC_REPRESENTATION_CONTEXT(2) 
PARAMETRIC_REPRESENTATION_CONTEXT() REPRESENTATION_CONTEXT('2D SPACE',''
  ) );
#10924 = ORIENTED_EDGE('',*,*,#10827,.T.);
#10925 = ORIENTED_EDGE('',*,*,#4811,.F.);
#10926 = ORIENTED_EDGE('',*,*,#10927,.F.);
#10927 = EDGE_CURVE('',#10903,#4812,#10928,.T.);
#10928 = SURFACE_CURVE('',#10929,(#10933,#10940),.PCURVE_S1.);
#10929 = LINE('',#10930,#10931);
#10930 = CARTESIAN_POINT('',(23.05,1.35,2.008111842105));
#10931 = VECTOR('',#10932,1.);
#10932 = DIRECTION('',(0.,0.,1.));
#10933 = PCURVE('',#4826,#10934);
#10934 = DEFINITIONAL_REPRESENTATION('',(#10935),#10939);
#10935 = LINE('',#10936,#10937);
#10936 = CARTESIAN_POINT('',(2.4,0.));
#10937 = VECTOR('',#10938,1.);
#10938 = DIRECTION('',(0.,-1.));
#10939 = ( GEOMETRIC_REPRESENTATION_CONTEXT(2) 
PARAMETRIC_REPRESENTATION_CONTEXT() REPRESENTATION_CONTEXT('2D SPACE',''
  ) );
#10940 = PCURVE('',#4852,#10941);
#10941 = DEFINITIONAL_REPRESENTATION('',(#10942),#10946);
#10942 = LINE('',#10943,#10944);
#10943 = CARTESIAN_POINT('',(0.,0.));
#10944 = VECTOR('',#10945,1.);
#10945 = DIRECTION('',(0.,-1.));
#10946 = ( GEOMETRIC_REPRESENTATION_CONTEXT(2) 
PARAMETRIC_REPRESENTATION_CONTEXT() REPRESENTATION_CONTEXT('2D SPACE',''
  ) );
#10947 = ADVANCED_FACE('',(#10948),#4930,.T.);
#10948 = FACE_BOUND('',#10949,.T.);
#10949 = EDGE_LOOP('',(#10950,#10973,#10974,#10975));
#10950 = ORIENTED_EDGE('',*,*,#10951,.F.);
#10951 = EDGE_CURVE('',#10854,#10952,#10954,.T.);
#10952 = VERTEX_POINT('',#10953);
#10953 = CARTESIAN_POINT('',(23.75,-0.65,2.008111842105));
#10954 = SURFACE_CURVE('',#10955,(#10959,#10966),.PCURVE_S1.);
#10955 = LINE('',#10956,#10957);
#10956 = CARTESIAN_POINT('',(23.05,-0.65,2.008111842105));
#10957 = VECTOR('',#10958,1.);
#10958 = DIRECTION('',(1.,2.22044604925E-16,0.));
#10959 = PCURVE('',#4930,#10960);
#10960 = DEFINITIONAL_REPRESENTATION('',(#10961),#10965);
#10961 = LINE('',#10962,#10963);
#10962 = CARTESIAN_POINT('',(0.,0.));
#10963 = VECTOR('',#10964,1.);
#10964 = DIRECTION('',(1.,0.));
#10965 = ( GEOMETRIC_REPRESENTATION_CONTEXT(2) 
PARAMETRIC_REPRESENTATION_CONTEXT() REPRESENTATION_CONTEXT('2D SPACE',''
  ) );
#10966 = PCURVE('',#10060,#10967);
#10967 = DEFINITIONAL_REPRESENTATION('',(#10968),#10972);
#10968 = LINE('',#10969,#10970);
#10969 = CARTESIAN_POINT('',(-1.176388888889,-0.663888888889));
#10970 = VECTOR('',#10971,1.);
#10971 = DIRECTION('',(1.,2.22044604925E-16));
#10972 = ( GEOMETRIC_REPRESENTATION_CONTEXT(2) 
PARAMETRIC_REPRESENTATION_CONTEXT() REPRESENTATION_CONTEXT('2D SPACE',''
  ) );
#10973 = ORIENTED_EDGE('',*,*,#10878,.T.);
#10974 = ORIENTED_EDGE('',*,*,#4915,.F.);
#10975 = ORIENTED_EDGE('',*,*,#10976,.F.);
#10976 = EDGE_CURVE('',#10952,#4890,#10977,.T.);
#10977 = SURFACE_CURVE('',#10978,(#10982,#10989),.PCURVE_S1.);
#10978 = LINE('',#10979,#10980);
#10979 = CARTESIAN_POINT('',(23.75,-0.65,2.008111842105));
#10980 = VECTOR('',#10981,1.);
#10981 = DIRECTION('',(0.,0.,1.));
#10982 = PCURVE('',#4930,#10983);
#10983 = DEFINITIONAL_REPRESENTATION('',(#10984),#10988);
#10984 = LINE('',#10985,#10986);
#10985 = CARTESIAN_POINT('',(0.7,0.));
#10986 = VECTOR('',#10987,1.);
#10987 = DIRECTION('',(0.,-1.));
#10988 = ( GEOMETRIC_REPRESENTATION_CONTEXT(2) 
PARAMETRIC_REPRESENTATION_CONTEXT() REPRESENTATION_CONTEXT('2D SPACE',''
  ) );
#10989 = PCURVE('',#4904,#10990);
#10990 = DEFINITIONAL_REPRESENTATION('',(#10991),#10995);
#10991 = LINE('',#10992,#10993);
#10992 = CARTESIAN_POINT('',(1.3,0.));
#10993 = VECTOR('',#10994,1.);
#10994 = DIRECTION('',(0.,-1.));
#10995 = ( GEOMETRIC_REPRESENTATION_CONTEXT(2) 
PARAMETRIC_REPRESENTATION_CONTEXT() REPRESENTATION_CONTEXT('2D SPACE',''
  ) );
#10996 = ADVANCED_FACE('',(#10997),#4852,.F.);
#10997 = FACE_BOUND('',#10998,.F.);
#10998 = EDGE_LOOP('',(#10999,#11022,#11023,#11024));
#10999 = ORIENTED_EDGE('',*,*,#11000,.F.);
#11000 = EDGE_CURVE('',#10903,#11001,#11003,.T.);
#11001 = VERTEX_POINT('',#11002);
#11002 = CARTESIAN_POINT('',(23.05,0.65,2.008111842105));
#11003 = SURFACE_CURVE('',#11004,(#11008,#11015),.PCURVE_S1.);
#11004 = LINE('',#11005,#11006);
#11005 = CARTESIAN_POINT('',(23.05,1.35,2.008111842105));
#11006 = VECTOR('',#11007,1.);
#11007 = DIRECTION('',(2.22044604925E-16,-1.,0.));
#11008 = PCURVE('',#4852,#11009);
#11009 = DEFINITIONAL_REPRESENTATION('',(#11010),#11014);
#11010 = LINE('',#11011,#11012);
#11011 = CARTESIAN_POINT('',(0.,0.));
#11012 = VECTOR('',#11013,1.);
#11013 = DIRECTION('',(1.,0.));
#11014 = ( GEOMETRIC_REPRESENTATION_CONTEXT(2) 
PARAMETRIC_REPRESENTATION_CONTEXT() REPRESENTATION_CONTEXT('2D SPACE',''
  ) );
#11015 = PCURVE('',#10060,#11016);
#11016 = DEFINITIONAL_REPRESENTATION('',(#11017),#11021);
#11017 = LINE('',#11018,#11019);
#11018 = CARTESIAN_POINT('',(-1.176388888889,1.336111111111));
#11019 = VECTOR('',#11020,1.);
#11020 = DIRECTION('',(2.22044604925E-16,-1.));
#11021 = ( GEOMETRIC_REPRESENTATION_CONTEXT(2) 
PARAMETRIC_REPRESENTATION_CONTEXT() REPRESENTATION_CONTEXT('2D SPACE',''
  ) );
#11022 = ORIENTED_EDGE('',*,*,#10927,.T.);
#11023 = ORIENTED_EDGE('',*,*,#4837,.F.);
#11024 = ORIENTED_EDGE('',*,*,#11025,.F.);
#11025 = EDGE_CURVE('',#11001,#4838,#11026,.T.);
#11026 = SURFACE_CURVE('',#11027,(#11031,#11038),.PCURVE_S1.);
#11027 = LINE('',#11028,#11029);
#11028 = CARTESIAN_POINT('',(23.05,0.65,2.008111842105));
#11029 = VECTOR('',#11030,1.);
#11030 = DIRECTION('',(0.,0.,1.));
#11031 = PCURVE('',#4852,#11032);
#11032 = DEFINITIONAL_REPRESENTATION('',(#11033),#11037);
#11033 = LINE('',#11034,#11035);
#11034 = CARTESIAN_POINT('',(0.7,0.));
#11035 = VECTOR('',#11036,1.);
#11036 = DIRECTION('',(0.,-1.));
#11037 = ( GEOMETRIC_REPRESENTATION_CONTEXT(2) 
PARAMETRIC_REPRESENTATION_CONTEXT() REPRESENTATION_CONTEXT('2D SPACE',''
  ) );
#11038 = PCURVE('',#4878,#11039);
#11039 = DEFINITIONAL_REPRESENTATION('',(#11040),#11044);
#11040 = LINE('',#11041,#11042);
#11041 = CARTESIAN_POINT('',(0.,0.));
#11042 = VECTOR('',#11043,1.);
#11043 = DIRECTION('',(0.,-1.));
#11044 = ( GEOMETRIC_REPRESENTATION_CONTEXT(2) 
PARAMETRIC_REPRESENTATION_CONTEXT() REPRESENTATION_CONTEXT('2D SPACE',''
  ) );
#11045 = ADVANCED_FACE('',(#11046),#4904,.F.);
#11046 = FACE_BOUND('',#11047,.F.);
#11047 = EDGE_LOOP('',(#11048,#11071,#11092,#11093));
#11048 = ORIENTED_EDGE('',*,*,#11049,.F.);
#11049 = EDGE_CURVE('',#11050,#10952,#11052,.T.);
#11050 = VERTEX_POINT('',#11051);
#11051 = CARTESIAN_POINT('',(23.75,0.65,2.008111842105));
#11052 = SURFACE_CURVE('',#11053,(#11057,#11064),.PCURVE_S1.);
#11053 = LINE('',#11054,#11055);
#11054 = CARTESIAN_POINT('',(23.75,0.65,2.008111842105));
#11055 = VECTOR('',#11056,1.);
#11056 = DIRECTION('',(2.22044604925E-16,-1.,0.));
#11057 = PCURVE('',#4904,#11058);
#11058 = DEFINITIONAL_REPRESENTATION('',(#11059),#11063);
#11059 = LINE('',#11060,#11061);
#11060 = CARTESIAN_POINT('',(0.,0.));
#11061 = VECTOR('',#11062,1.);
#11062 = DIRECTION('',(1.,0.));
#11063 = ( GEOMETRIC_REPRESENTATION_CONTEXT(2) 
PARAMETRIC_REPRESENTATION_CONTEXT() REPRESENTATION_CONTEXT('2D SPACE',''
  ) );
#11064 = PCURVE('',#10060,#11065);
#11065 = DEFINITIONAL_REPRESENTATION('',(#11066),#11070);
#11066 = LINE('',#11067,#11068);
#11067 = CARTESIAN_POINT('',(-0.476388888889,0.636111111111));
#11068 = VECTOR('',#11069,1.);
#11069 = DIRECTION('',(2.22044604925E-16,-1.));
#11070 = ( GEOMETRIC_REPRESENTATION_CONTEXT(2) 
PARAMETRIC_REPRESENTATION_CONTEXT() REPRESENTATION_CONTEXT('2D SPACE',''
  ) );
#11071 = ORIENTED_EDGE('',*,*,#11072,.T.);
#11072 = EDGE_CURVE('',#11050,#4864,#11073,.T.);
#11073 = SURFACE_CURVE('',#11074,(#11078,#11085),.PCURVE_S1.);
#11074 = LINE('',#11075,#11076);
#11075 = CARTESIAN_POINT('',(23.75,0.65,2.008111842105));
#11076 = VECTOR('',#11077,1.);
#11077 = DIRECTION('',(0.,0.,1.));
#11078 = PCURVE('',#4904,#11079);
#11079 = DEFINITIONAL_REPRESENTATION('',(#11080),#11084);
#11080 = LINE('',#11081,#11082);
#11081 = CARTESIAN_POINT('',(0.,0.));
#11082 = VECTOR('',#11083,1.);
#11083 = DIRECTION('',(0.,-1.));
#11084 = ( GEOMETRIC_REPRESENTATION_CONTEXT(2) 
PARAMETRIC_REPRESENTATION_CONTEXT() REPRESENTATION_CONTEXT('2D SPACE',''
  ) );
#11085 = PCURVE('',#4878,#11086);
#11086 = DEFINITIONAL_REPRESENTATION('',(#11087),#11091);
#11087 = LINE('',#11088,#11089);
#11088 = CARTESIAN_POINT('',(0.7,0.));
#11089 = VECTOR('',#11090,1.);
#11090 = DIRECTION('',(0.,-1.));
#11091 = ( GEOMETRIC_REPRESENTATION_CONTEXT(2) 
PARAMETRIC_REPRESENTATION_CONTEXT() REPRESENTATION_CONTEXT('2D SPACE',''
  ) );
#11092 = ORIENTED_EDGE('',*,*,#4889,.F.);
#11093 = ORIENTED_EDGE('',*,*,#10976,.F.);
#11094 = ADVANCED_FACE('',(#11095),#4878,.F.);
#11095 = FACE_BOUND('',#11096,.F.);
#11096 = EDGE_LOOP('',(#11097,#11118,#11119,#11120));
#11097 = ORIENTED_EDGE('',*,*,#11098,.F.);
#11098 = EDGE_CURVE('',#11001,#11050,#11099,.T.);
#11099 = SURFACE_CURVE('',#11100,(#11104,#11111),.PCURVE_S1.);
#11100 = LINE('',#11101,#11102);
#11101 = CARTESIAN_POINT('',(23.05,0.65,2.008111842105));
#11102 = VECTOR('',#11103,1.);
#11103 = DIRECTION('',(1.,2.22044604925E-16,0.));
#11104 = PCURVE('',#4878,#11105);
#11105 = DEFINITIONAL_REPRESENTATION('',(#11106),#11110);
#11106 = LINE('',#11107,#11108);
#11107 = CARTESIAN_POINT('',(0.,0.));
#11108 = VECTOR('',#11109,1.);
#11109 = DIRECTION('',(1.,0.));
#11110 = ( GEOMETRIC_REPRESENTATION_CONTEXT(2) 
PARAMETRIC_REPRESENTATION_CONTEXT() REPRESENTATION_CONTEXT('2D SPACE',''
  ) );
#11111 = PCURVE('',#10060,#11112);
#11112 = DEFINITIONAL_REPRESENTATION('',(#11113),#11117);
#11113 = LINE('',#11114,#11115);
#11114 = CARTESIAN_POINT('',(-1.176388888889,0.636111111111));
#11115 = VECTOR('',#11116,1.);
#11116 = DIRECTION('',(1.,2.22044604925E-16));
#11117 = ( GEOMETRIC_REPRESENTATION_CONTEXT(2) 
PARAMETRIC_REPRESENTATION_CONTEXT() REPRESENTATION_CONTEXT('2D SPACE',''
  ) );
#11118 = ORIENTED_EDGE('',*,*,#11025,.T.);
#11119 = ORIENTED_EDGE('',*,*,#4863,.F.);
#11120 = ORIENTED_EDGE('',*,*,#11072,.F.);
#11121 = ADVANCED_FACE('',(#11122),#5279,.T.);
#11122 = FACE_BOUND('',#11123,.T.);
#11123 = EDGE_LOOP('',(#11124,#11144,#11145,#11146));
#11124 = ORIENTED_EDGE('',*,*,#11125,.F.);
#11125 = EDGE_CURVE('',#5511,#5791,#11126,.T.);
#11126 = SURFACE_CURVE('',#11127,(#11131,#11137),.PCURVE_S1.);
#11127 = LINE('',#11128,#11129);
#11128 = CARTESIAN_POINT('',(28.273544047667,9.5,0.300000189303));
#11129 = VECTOR('',#11130,1.);
#11130 = DIRECTION('',(-1.,0.,0.));
#11131 = PCURVE('',#5279,#11132);
#11132 = DEFINITIONAL_REPRESENTATION('',(#11133),#11136);
#11133 = B_SPLINE_CURVE_WITH_KNOTS('',1,(#11134,#11135),.UNSPECIFIED.,
  .F.,.F.,(2,2),(0.,28.273544047667),.PIECEWISE_BEZIER_KNOTS.);
#11134 = CARTESIAN_POINT('',(6.28318467617,0.));
#11135 = CARTESIAN_POINT('',(6.28318467617,28.273544047667));
#11136 = ( GEOMETRIC_REPRESENTATION_CONTEXT(2) 
PARAMETRIC_REPRESENTATION_CONTEXT() REPRESENTATION_CONTEXT('2D SPACE',''
  ) );
#11137 = PCURVE('',#5526,#11138);
#11138 = DEFINITIONAL_REPRESENTATION('',(#11139),#11143);
#11139 = LINE('',#11140,#11141);
#11140 = CARTESIAN_POINT('',(25.728026724161,-0.300000189303));
#11141 = VECTOR('',#11142,1.);
#11142 = DIRECTION('',(-1.,0.));
#11143 = ( GEOMETRIC_REPRESENTATION_CONTEXT(2) 
PARAMETRIC_REPRESENTATION_CONTEXT() REPRESENTATION_CONTEXT('2D SPACE',''
  ) );
#11144 = ORIENTED_EDGE('',*,*,#5538,.T.);
#11145 = ORIENTED_EDGE('',*,*,#5263,.T.);
#11146 = ORIENTED_EDGE('',*,*,#5790,.F.);
#11147 = ADVANCED_FACE('',(#11148),#5334,.F.);
#11148 = FACE_BOUND('',#11149,.T.);
#11149 = EDGE_LOOP('',(#11150,#11151,#11174,#11200));
#11150 = ORIENTED_EDGE('',*,*,#5317,.F.);
#11151 = ORIENTED_EDGE('',*,*,#11152,.T.);
#11152 = EDGE_CURVE('',#5318,#11153,#11155,.T.);
#11153 = VERTEX_POINT('',#11154);
#11154 = CARTESIAN_POINT('',(19.5,0.,1.044055921053));
#11155 = SEAM_CURVE('',#11156,(#11160,#11167),.PCURVE_S1.);
#11156 = LINE('',#11157,#11158);
#11157 = CARTESIAN_POINT('',(19.5,0.,0.));
#11158 = VECTOR('',#11159,1.);
#11159 = DIRECTION('',(0.,0.,1.));
#11160 = PCURVE('',#5334,#11161);
#11161 = DEFINITIONAL_REPRESENTATION('',(#11162),#11166);
#11162 = LINE('',#11163,#11164);
#11163 = CARTESIAN_POINT('',(-6.28318530718,0.));
#11164 = VECTOR('',#11165,1.);
#11165 = DIRECTION('',(-0.,-1.));
#11166 = ( GEOMETRIC_REPRESENTATION_CONTEXT(2) 
PARAMETRIC_REPRESENTATION_CONTEXT() REPRESENTATION_CONTEXT('2D SPACE',''
  ) );
#11167 = PCURVE('',#5334,#11168);
#11168 = DEFINITIONAL_REPRESENTATION('',(#11169),#11173);
#11169 = LINE('',#11170,#11171);
#11170 = CARTESIAN_POINT('',(-0.,0.));
#11171 = VECTOR('',#11172,1.);
#11172 = DIRECTION('',(-0.,-1.));
#11173 = ( GEOMETRIC_REPRESENTATION_CONTEXT(2) 
PARAMETRIC_REPRESENTATION_CONTEXT() REPRESENTATION_CONTEXT('2D SPACE',''
  ) );
#11174 = ORIENTED_EDGE('',*,*,#11175,.F.);
#11175 = EDGE_CURVE('',#11153,#11153,#11176,.T.);
#11176 = SURFACE_CURVE('',#11177,(#11182,#11189),.PCURVE_S1.);
#11177 = CIRCLE('',#11178,6.5);
#11178 = AXIS2_PLACEMENT_3D('',#11179,#11180,#11181);
#11179 = CARTESIAN_POINT('',(13.,0.,1.044055921053));
#11180 = DIRECTION('',(0.,0.,-1.));
#11181 = DIRECTION('',(1.,0.,0.));
#11182 = PCURVE('',#5334,#11183);
#11183 = DEFINITIONAL_REPRESENTATION('',(#11184),#11188);
#11184 = LINE('',#11185,#11186);
#11185 = CARTESIAN_POINT('',(-6.28318530718,-1.044055921053));
#11186 = VECTOR('',#11187,1.);
#11187 = DIRECTION('',(1.,-0.));
#11188 = ( GEOMETRIC_REPRESENTATION_CONTEXT(2) 
PARAMETRIC_REPRESENTATION_CONTEXT() REPRESENTATION_CONTEXT('2D SPACE',''
  ) );
#11189 = PCURVE('',#6024,#11190);
#11190 = DEFINITIONAL_REPRESENTATION('',(#11191),#11199);
#11191 = ( BOUNDED_CURVE() B_SPLINE_CURVE(2,(#11192,#11193,#11194,#11195
    ,#11196,#11197,#11198),.UNSPECIFIED.,.T.,.F.) 
B_SPLINE_CURVE_WITH_KNOTS((1,2,2,2,2,1),(-2.094395102393,0.,
    2.094395102393,4.188790204786,6.28318530718,8.377580409573),
.UNSPECIFIED.) CURVE() GEOMETRIC_REPRESENTATION_ITEM() 
RATIONAL_B_SPLINE_CURVE((1.,0.5,1.,0.5,1.,0.5,1.)) REPRESENTATION_ITEM(
  '') );
#11192 = CARTESIAN_POINT('',(8.,-19.5));
#11193 = CARTESIAN_POINT('',(-3.258330249198,-19.5));
#11194 = CARTESIAN_POINT('',(2.370834875401,-9.75));
#11195 = CARTESIAN_POINT('',(8.,-3.552713678801E-15));
#11196 = CARTESIAN_POINT('',(13.629165124599,-9.75));
#11197 = CARTESIAN_POINT('',(19.258330249198,-19.5));
#11198 = CARTESIAN_POINT('',(8.,-19.5));
#11199 = ( GEOMETRIC_REPRESENTATION_CONTEXT(2) 
PARAMETRIC_REPRESENTATION_CONTEXT() REPRESENTATION_CONTEXT('2D SPACE',''
  ) );
#11200 = ORIENTED_EDGE('',*,*,#11152,.F.);
#11201 = ADVANCED_FACE('',(#11202),#5526,.T.);
#11202 = FACE_BOUND('',#11203,.T.);
#11203 = EDGE_LOOP('',(#11204,#11205,#11206,#11207));
#11204 = ORIENTED_EDGE('',*,*,#11125,.T.);
#11205 = ORIENTED_EDGE('',*,*,#5831,.T.);
#11206 = ORIENTED_EDGE('',*,*,#6071,.F.);
#11207 = ORIENTED_EDGE('',*,*,#5510,.F.);
#11208 = ADVANCED_FACE('',(#11209),#5917,.T.);
#11209 = FACE_BOUND('',#11210,.T.);
#11210 = EDGE_LOOP('',(#11211,#11212,#11235,#11263));
#11211 = ORIENTED_EDGE('',*,*,#5900,.F.);
#11212 = ORIENTED_EDGE('',*,*,#11213,.T.);
#11213 = EDGE_CURVE('',#5901,#11214,#11216,.T.);
#11214 = VERTEX_POINT('',#11215);
#11215 = CARTESIAN_POINT('',(20.5,-8.,1.064055921053));
#11216 = SURFACE_CURVE('',#11217,(#11221,#11228),.PCURVE_S1.);
#11217 = LINE('',#11218,#11219);
#11218 = CARTESIAN_POINT('',(0.,-8.,1.064055921053));
#11219 = VECTOR('',#11220,1.);
#11220 = DIRECTION('',(1.,0.,0.));
#11221 = PCURVE('',#5917,#11222);
#11222 = DEFINITIONAL_REPRESENTATION('',(#11223),#11227);
#11223 = LINE('',#11224,#11225);
#11224 = CARTESIAN_POINT('',(0.,0.));
#11225 = VECTOR('',#11226,1.);
#11226 = DIRECTION('',(0.,-1.));
#11227 = ( GEOMETRIC_REPRESENTATION_CONTEXT(2) 
PARAMETRIC_REPRESENTATION_CONTEXT() REPRESENTATION_CONTEXT('2D SPACE',''
  ) );
#11228 = PCURVE('',#5945,#11229);
#11229 = DEFINITIONAL_REPRESENTATION('',(#11230),#11234);
#11230 = LINE('',#11231,#11232);
#11231 = CARTESIAN_POINT('',(16.,0.));
#11232 = VECTOR('',#11233,1.);
#11233 = DIRECTION('',(0.,-1.));
#11234 = ( GEOMETRIC_REPRESENTATION_CONTEXT(2) 
PARAMETRIC_REPRESENTATION_CONTEXT() REPRESENTATION_CONTEXT('2D SPACE',''
  ) );
#11235 = ORIENTED_EDGE('',*,*,#11236,.T.);
#11236 = EDGE_CURVE('',#11214,#11237,#11239,.T.);
#11237 = VERTEX_POINT('',#11238);
#11238 = CARTESIAN_POINT('',(20.5,-8.,1.044055921053));
#11239 = SURFACE_CURVE('',#11240,(#11244,#11251),.PCURVE_S1.);
#11240 = LINE('',#11241,#11242);
#11241 = CARTESIAN_POINT('',(20.5,-8.,1.064055921053));
#11242 = VECTOR('',#11243,1.);
#11243 = DIRECTION('',(0.,0.,-1.));
#11244 = PCURVE('',#5917,#11245);
#11245 = DEFINITIONAL_REPRESENTATION('',(#11246),#11250);
#11246 = LINE('',#11247,#11248);
#11247 = CARTESIAN_POINT('',(0.,-20.5));
#11248 = VECTOR('',#11249,1.);
#11249 = DIRECTION('',(1.,0.));
#11250 = ( GEOMETRIC_REPRESENTATION_CONTEXT(2) 
PARAMETRIC_REPRESENTATION_CONTEXT() REPRESENTATION_CONTEXT('2D SPACE',''
  ) );
#11251 = PCURVE('',#11252,#11257);
#11252 = PLANE('',#11253);
#11253 = AXIS2_PLACEMENT_3D('',#11254,#11255,#11256);
#11254 = CARTESIAN_POINT('',(20.5,1.108836978402E-16,1.054055921053));
#11255 = DIRECTION('',(1.,0.,0.));
#11256 = DIRECTION('',(0.,0.,1.));
#11257 = DEFINITIONAL_REPRESENTATION('',(#11258),#11262);
#11258 = LINE('',#11259,#11260);
#11259 = CARTESIAN_POINT('',(1.E-02,8.));
#11260 = VECTOR('',#11261,1.);
#11261 = DIRECTION('',(-1.,0.));
#11262 = ( GEOMETRIC_REPRESENTATION_CONTEXT(2) 
PARAMETRIC_REPRESENTATION_CONTEXT() REPRESENTATION_CONTEXT('2D SPACE',''
  ) );
#11263 = ORIENTED_EDGE('',*,*,#11264,.F.);
#11264 = EDGE_CURVE('',#5903,#11237,#11265,.T.);
#11265 = SURFACE_CURVE('',#11266,(#11270,#11277),.PCURVE_S1.);
#11266 = LINE('',#11267,#11268);
#11267 = CARTESIAN_POINT('',(0.,-8.,1.044055921053));
#11268 = VECTOR('',#11269,1.);
#11269 = DIRECTION('',(1.,0.,0.));
#11270 = PCURVE('',#5917,#11271);
#11271 = DEFINITIONAL_REPRESENTATION('',(#11272),#11276);
#11272 = LINE('',#11273,#11274);
#11273 = CARTESIAN_POINT('',(2.E-02,0.));
#11274 = VECTOR('',#11275,1.);
#11275 = DIRECTION('',(0.,-1.));
#11276 = ( GEOMETRIC_REPRESENTATION_CONTEXT(2) 
PARAMETRIC_REPRESENTATION_CONTEXT() REPRESENTATION_CONTEXT('2D SPACE',''
  ) );
#11277 = PCURVE('',#6024,#11278);
#11278 = DEFINITIONAL_REPRESENTATION('',(#11279),#11283);
#11279 = LINE('',#11280,#11281);
#11280 = CARTESIAN_POINT('',(0.,0.));
#11281 = VECTOR('',#11282,1.);
#11282 = DIRECTION('',(0.,-1.));
#11283 = ( GEOMETRIC_REPRESENTATION_CONTEXT(2) 
PARAMETRIC_REPRESENTATION_CONTEXT() REPRESENTATION_CONTEXT('2D SPACE',''
  ) );
#11284 = ADVANCED_FACE('',(#11285,#11334),#6024,.T.);
#11285 = FACE_BOUND('',#11286,.T.);
#11286 = EDGE_LOOP('',(#11287,#11288,#11289,#11312,#11333));
#11287 = ORIENTED_EDGE('',*,*,#6040,.F.);
#11288 = ORIENTED_EDGE('',*,*,#11264,.T.);
#11289 = ORIENTED_EDGE('',*,*,#11290,.T.);
#11290 = EDGE_CURVE('',#11237,#11291,#11293,.T.);
#11291 = VERTEX_POINT('',#11292);
#11292 = CARTESIAN_POINT('',(20.5,8.,1.044055921053));
#11293 = SURFACE_CURVE('',#11294,(#11298,#11305),.PCURVE_S1.);
#11294 = LINE('',#11295,#11296);
#11295 = CARTESIAN_POINT('',(20.5,-8.,1.044055921053));
#11296 = VECTOR('',#11297,1.);
#11297 = DIRECTION('',(0.,1.,0.));
#11298 = PCURVE('',#6024,#11299);
#11299 = DEFINITIONAL_REPRESENTATION('',(#11300),#11304);
#11300 = LINE('',#11301,#11302);
#11301 = CARTESIAN_POINT('',(0.,-20.5));
#11302 = VECTOR('',#11303,1.);
#11303 = DIRECTION('',(1.,0.));
#11304 = ( GEOMETRIC_REPRESENTATION_CONTEXT(2) 
PARAMETRIC_REPRESENTATION_CONTEXT() REPRESENTATION_CONTEXT('2D SPACE',''
  ) );
#11305 = PCURVE('',#11252,#11306);
#11306 = DEFINITIONAL_REPRESENTATION('',(#11307),#11311);
#11307 = LINE('',#11308,#11309);
#11308 = CARTESIAN_POINT('',(-1.E-02,8.));
#11309 = VECTOR('',#11310,1.);
#11310 = DIRECTION('',(0.,-1.));
#11311 = ( GEOMETRIC_REPRESENTATION_CONTEXT(2) 
PARAMETRIC_REPRESENTATION_CONTEXT() REPRESENTATION_CONTEXT('2D SPACE',''
  ) );
#11312 = ORIENTED_EDGE('',*,*,#11313,.F.);
#11313 = EDGE_CURVE('',#5982,#11291,#11314,.T.);
#11314 = SURFACE_CURVE('',#11315,(#11319,#11326),.PCURVE_S1.);
#11315 = LINE('',#11316,#11317);
#11316 = CARTESIAN_POINT('',(0.,8.,1.044055921053));
#11317 = VECTOR('',#11318,1.);
#11318 = DIRECTION('',(1.,0.,0.));
#11319 = PCURVE('',#6024,#11320);
#11320 = DEFINITIONAL_REPRESENTATION('',(#11321),#11325);
#11321 = LINE('',#11322,#11323);
#11322 = CARTESIAN_POINT('',(16.,0.));
#11323 = VECTOR('',#11324,1.);
#11324 = DIRECTION('',(0.,-1.));
#11325 = ( GEOMETRIC_REPRESENTATION_CONTEXT(2) 
PARAMETRIC_REPRESENTATION_CONTEXT() REPRESENTATION_CONTEXT('2D SPACE',''
  ) );
#11326 = PCURVE('',#5996,#11327);
#11327 = DEFINITIONAL_REPRESENTATION('',(#11328),#11332);
#11328 = LINE('',#11329,#11330);
#11329 = CARTESIAN_POINT('',(0.,0.));
#11330 = VECTOR('',#11331,1.);
#11331 = DIRECTION('',(0.,-1.));
#11332 = ( GEOMETRIC_REPRESENTATION_CONTEXT(2) 
PARAMETRIC_REPRESENTATION_CONTEXT() REPRESENTATION_CONTEXT('2D SPACE',''
  ) );
#11333 = ORIENTED_EDGE('',*,*,#6007,.F.);
#11334 = FACE_BOUND('',#11335,.T.);
#11335 = EDGE_LOOP('',(#11336));
#11336 = ORIENTED_EDGE('',*,*,#11175,.T.);
#11337 = ADVANCED_FACE('',(#11338),#5996,.T.);
#11338 = FACE_BOUND('',#11339,.T.);
#11339 = EDGE_LOOP('',(#11340,#11341,#11342,#11365));
#11340 = ORIENTED_EDGE('',*,*,#5981,.T.);
#11341 = ORIENTED_EDGE('',*,*,#11313,.T.);
#11342 = ORIENTED_EDGE('',*,*,#11343,.T.);
#11343 = EDGE_CURVE('',#11291,#11344,#11346,.T.);
#11344 = VERTEX_POINT('',#11345);
#11345 = CARTESIAN_POINT('',(20.5,8.,1.064055921053));
#11346 = SURFACE_CURVE('',#11347,(#11351,#11358),.PCURVE_S1.);
#11347 = LINE('',#11348,#11349);
#11348 = CARTESIAN_POINT('',(20.5,8.,1.044055921053));
#11349 = VECTOR('',#11350,1.);
#11350 = DIRECTION('',(0.,0.,1.));
#11351 = PCURVE('',#5996,#11352);
#11352 = DEFINITIONAL_REPRESENTATION('',(#11353),#11357);
#11353 = LINE('',#11354,#11355);
#11354 = CARTESIAN_POINT('',(0.,-20.5));
#11355 = VECTOR('',#11356,1.);
#11356 = DIRECTION('',(1.,0.));
#11357 = ( GEOMETRIC_REPRESENTATION_CONTEXT(2) 
PARAMETRIC_REPRESENTATION_CONTEXT() REPRESENTATION_CONTEXT('2D SPACE',''
  ) );
#11358 = PCURVE('',#11252,#11359);
#11359 = DEFINITIONAL_REPRESENTATION('',(#11360),#11364);
#11360 = LINE('',#11361,#11362);
#11361 = CARTESIAN_POINT('',(-1.E-02,-8.));
#11362 = VECTOR('',#11363,1.);
#11363 = DIRECTION('',(1.,0.));
#11364 = ( GEOMETRIC_REPRESENTATION_CONTEXT(2) 
PARAMETRIC_REPRESENTATION_CONTEXT() REPRESENTATION_CONTEXT('2D SPACE',''
  ) );
#11365 = ORIENTED_EDGE('',*,*,#11366,.F.);
#11366 = EDGE_CURVE('',#5958,#11344,#11367,.T.);
#11367 = SURFACE_CURVE('',#11368,(#11372,#11379),.PCURVE_S1.);
#11368 = LINE('',#11369,#11370);
#11369 = CARTESIAN_POINT('',(0.,8.,1.064055921053));
#11370 = VECTOR('',#11371,1.);
#11371 = DIRECTION('',(1.,0.,0.));
#11372 = PCURVE('',#5996,#11373);
#11373 = DEFINITIONAL_REPRESENTATION('',(#11374),#11378);
#11374 = LINE('',#11375,#11376);
#11375 = CARTESIAN_POINT('',(2.E-02,0.));
#11376 = VECTOR('',#11377,1.);
#11377 = DIRECTION('',(0.,-1.));
#11378 = ( GEOMETRIC_REPRESENTATION_CONTEXT(2) 
PARAMETRIC_REPRESENTATION_CONTEXT() REPRESENTATION_CONTEXT('2D SPACE',''
  ) );
#11379 = PCURVE('',#5945,#11380);
#11380 = DEFINITIONAL_REPRESENTATION('',(#11381),#11385);
#11381 = LINE('',#11382,#11383);
#11382 = CARTESIAN_POINT('',(0.,-0.));
#11383 = VECTOR('',#11384,1.);
#11384 = DIRECTION('',(0.,-1.));
#11385 = ( GEOMETRIC_REPRESENTATION_CONTEXT(2) 
PARAMETRIC_REPRESENTATION_CONTEXT() REPRESENTATION_CONTEXT('2D SPACE',''
  ) );
#11386 = ADVANCED_FACE('',(#11387,#11414),#5945,.T.);
#11387 = FACE_BOUND('',#11388,.T.);
#11388 = EDGE_LOOP('',(#11389,#11390,#11391,#11412,#11413));
#11389 = ORIENTED_EDGE('',*,*,#5957,.T.);
#11390 = ORIENTED_EDGE('',*,*,#11366,.T.);
#11391 = ORIENTED_EDGE('',*,*,#11392,.T.);
#11392 = EDGE_CURVE('',#11344,#11214,#11393,.T.);
#11393 = SURFACE_CURVE('',#11394,(#11398,#11405),.PCURVE_S1.);
#11394 = LINE('',#11395,#11396);
#11395 = CARTESIAN_POINT('',(20.5,8.,1.064055921053));
#11396 = VECTOR('',#11397,1.);
#11397 = DIRECTION('',(0.,-1.,0.));
#11398 = PCURVE('',#5945,#11399);
#11399 = DEFINITIONAL_REPRESENTATION('',(#11400),#11404);
#11400 = LINE('',#11401,#11402);
#11401 = CARTESIAN_POINT('',(0.,-20.5));
#11402 = VECTOR('',#11403,1.);
#11403 = DIRECTION('',(1.,0.));
#11404 = ( GEOMETRIC_REPRESENTATION_CONTEXT(2) 
PARAMETRIC_REPRESENTATION_CONTEXT() REPRESENTATION_CONTEXT('2D SPACE',''
  ) );
#11405 = PCURVE('',#11252,#11406);
#11406 = DEFINITIONAL_REPRESENTATION('',(#11407),#11411);
#11407 = LINE('',#11408,#11409);
#11408 = CARTESIAN_POINT('',(1.E-02,-8.));
#11409 = VECTOR('',#11410,1.);
#11410 = DIRECTION('',(0.,1.));
#11411 = ( GEOMETRIC_REPRESENTATION_CONTEXT(2) 
PARAMETRIC_REPRESENTATION_CONTEXT() REPRESENTATION_CONTEXT('2D SPACE',''
  ) );
#11412 = ORIENTED_EDGE('',*,*,#11213,.F.);
#11413 = ORIENTED_EDGE('',*,*,#5928,.T.);
#11414 = FACE_BOUND('',#11415,.T.);
#11415 = EDGE_LOOP('',(#11416));
#11416 = ORIENTED_EDGE('',*,*,#9992,.F.);
#11417 = ADVANCED_FACE('',(#11418),#6114,.T.);
#11418 = FACE_BOUND('',#11419,.T.);
#11419 = EDGE_LOOP('',(#11420,#11421,#11422,#11423,#11424,#11425,#11426,
    #11427,#11428,#11429,#11430,#11431,#11432,#11433,#11434,#11435,
    #11436,#11437,#11438,#11439,#11440,#11441));
#11420 = ORIENTED_EDGE('',*,*,#6096,.F.);
#11421 = ORIENTED_EDGE('',*,*,#6221,.F.);
#11422 = ORIENTED_EDGE('',*,*,#6319,.F.);
#11423 = ORIENTED_EDGE('',*,*,#6417,.F.);
#11424 = ORIENTED_EDGE('',*,*,#6515,.F.);
#11425 = ORIENTED_EDGE('',*,*,#6613,.F.);
#11426 = ORIENTED_EDGE('',*,*,#6711,.F.);
#11427 = ORIENTED_EDGE('',*,*,#6809,.F.);
#11428 = ORIENTED_EDGE('',*,*,#6907,.F.);
#11429 = ORIENTED_EDGE('',*,*,#7005,.F.);
#11430 = ORIENTED_EDGE('',*,*,#7103,.F.);
#11431 = ORIENTED_EDGE('',*,*,#7152,.F.);
#11432 = ORIENTED_EDGE('',*,*,#7054,.F.);
#11433 = ORIENTED_EDGE('',*,*,#6956,.F.);
#11434 = ORIENTED_EDGE('',*,*,#6858,.F.);
#11435 = ORIENTED_EDGE('',*,*,#6760,.F.);
#11436 = ORIENTED_EDGE('',*,*,#6662,.F.);
#11437 = ORIENTED_EDGE('',*,*,#6564,.F.);
#11438 = ORIENTED_EDGE('',*,*,#6466,.F.);
#11439 = ORIENTED_EDGE('',*,*,#6368,.F.);
#11440 = ORIENTED_EDGE('',*,*,#6270,.F.);
#11441 = ORIENTED_EDGE('',*,*,#6172,.F.);
#11442 = ADVANCED_FACE('',(#11443),#7197,.T.);
#11443 = FACE_BOUND('',#11444,.T.);
#11444 = EDGE_LOOP('',(#11445,#11446,#11447,#11448,#11449,#11450,#11451,
    #11452,#11453));
#11445 = ORIENTED_EDGE('',*,*,#7179,.F.);
#11446 = ORIENTED_EDGE('',*,*,#7304,.F.);
#11447 = ORIENTED_EDGE('',*,*,#7402,.F.);
#11448 = ORIENTED_EDGE('',*,*,#7500,.F.);
#11449 = ORIENTED_EDGE('',*,*,#7598,.F.);
#11450 = ORIENTED_EDGE('',*,*,#7549,.F.);
#11451 = ORIENTED_EDGE('',*,*,#7451,.F.);
#11452 = ORIENTED_EDGE('',*,*,#7353,.F.);
#11453 = ORIENTED_EDGE('',*,*,#7255,.F.);
#11454 = ADVANCED_FACE('',(#11455),#7643,.T.);
#11455 = FACE_BOUND('',#11456,.T.);
#11456 = EDGE_LOOP('',(#11457,#11458,#11459,#11460));
#11457 = ORIENTED_EDGE('',*,*,#7625,.F.);
#11458 = ORIENTED_EDGE('',*,*,#7750,.F.);
#11459 = ORIENTED_EDGE('',*,*,#7799,.F.);
#11460 = ORIENTED_EDGE('',*,*,#7701,.F.);
#11461 = ADVANCED_FACE('',(#11462),#7844,.T.);
#11462 = FACE_BOUND('',#11463,.T.);
#11463 = EDGE_LOOP('',(#11464,#11465,#11466,#11467,#11468,#11469,#11470,
    #11471,#11472,#11473,#11474,#11475,#11476,#11477,#11478,#11479,
    #11480,#11481,#11482,#11483,#11484,#11485));
#11464 = ORIENTED_EDGE('',*,*,#7826,.F.);
#11465 = ORIENTED_EDGE('',*,*,#7951,.F.);
#11466 = ORIENTED_EDGE('',*,*,#8049,.F.);
#11467 = ORIENTED_EDGE('',*,*,#8147,.F.);
#11468 = ORIENTED_EDGE('',*,*,#8245,.F.);
#11469 = ORIENTED_EDGE('',*,*,#8343,.F.);
#11470 = ORIENTED_EDGE('',*,*,#8441,.F.);
#11471 = ORIENTED_EDGE('',*,*,#8539,.F.);
#11472 = ORIENTED_EDGE('',*,*,#8637,.F.);
#11473 = ORIENTED_EDGE('',*,*,#8735,.F.);
#11474 = ORIENTED_EDGE('',*,*,#8833,.F.);
#11475 = ORIENTED_EDGE('',*,*,#8882,.F.);
#11476 = ORIENTED_EDGE('',*,*,#8784,.F.);
#11477 = ORIENTED_EDGE('',*,*,#8686,.F.);
#11478 = ORIENTED_EDGE('',*,*,#8588,.F.);
#11479 = ORIENTED_EDGE('',*,*,#8490,.F.);
#11480 = ORIENTED_EDGE('',*,*,#8392,.F.);
#11481 = ORIENTED_EDGE('',*,*,#8294,.F.);
#11482 = ORIENTED_EDGE('',*,*,#8196,.F.);
#11483 = ORIENTED_EDGE('',*,*,#8098,.F.);
#11484 = ORIENTED_EDGE('',*,*,#8000,.F.);
#11485 = ORIENTED_EDGE('',*,*,#7902,.F.);
#11486 = ADVANCED_FACE('',(#11487),#8927,.T.);
#11487 = FACE_BOUND('',#11488,.T.);
#11488 = EDGE_LOOP('',(#11489,#11490,#11491,#11492,#11493,#11494,#11495,
    #11496,#11497,#11498,#11499,#11500,#11501,#11502,#11503,#11504,
    #11505,#11506,#11507,#11508,#11509,#11510));
#11489 = ORIENTED_EDGE('',*,*,#8909,.F.);
#11490 = ORIENTED_EDGE('',*,*,#9034,.F.);
#11491 = ORIENTED_EDGE('',*,*,#9132,.F.);
#11492 = ORIENTED_EDGE('',*,*,#9230,.F.);
#11493 = ORIENTED_EDGE('',*,*,#9328,.F.);
#11494 = ORIENTED_EDGE('',*,*,#9426,.F.);
#11495 = ORIENTED_EDGE('',*,*,#9524,.F.);
#11496 = ORIENTED_EDGE('',*,*,#9622,.F.);
#11497 = ORIENTED_EDGE('',*,*,#9720,.F.);
#11498 = ORIENTED_EDGE('',*,*,#9818,.F.);
#11499 = ORIENTED_EDGE('',*,*,#9916,.F.);
#11500 = ORIENTED_EDGE('',*,*,#9965,.F.);
#11501 = ORIENTED_EDGE('',*,*,#9867,.F.);
#11502 = ORIENTED_EDGE('',*,*,#9769,.F.);
#11503 = ORIENTED_EDGE('',*,*,#9671,.F.);
#11504 = ORIENTED_EDGE('',*,*,#9573,.F.);
#11505 = ORIENTED_EDGE('',*,*,#9475,.F.);
#11506 = ORIENTED_EDGE('',*,*,#9377,.F.);
#11507 = ORIENTED_EDGE('',*,*,#9279,.F.);
#11508 = ORIENTED_EDGE('',*,*,#9181,.F.);
#11509 = ORIENTED_EDGE('',*,*,#9083,.F.);
#11510 = ORIENTED_EDGE('',*,*,#8985,.F.);
#11511 = ADVANCED_FACE('',(#11512),#10060,.T.);
#11512 = FACE_BOUND('',#11513,.F.);
#11513 = EDGE_LOOP('',(#11514,#11515,#11516,#11517,#11518,#11519,#11520,
    #11521,#11522,#11523,#11524,#11525,#11526,#11527,#11528,#11529,
    #11530,#11531,#11532,#11533,#11534,#11535));
#11514 = ORIENTED_EDGE('',*,*,#10042,.T.);
#11515 = ORIENTED_EDGE('',*,*,#10118,.T.);
#11516 = ORIENTED_EDGE('',*,*,#10216,.T.);
#11517 = ORIENTED_EDGE('',*,*,#10314,.T.);
#11518 = ORIENTED_EDGE('',*,*,#10412,.T.);
#11519 = ORIENTED_EDGE('',*,*,#10510,.T.);
#11520 = ORIENTED_EDGE('',*,*,#10608,.F.);
#11521 = ORIENTED_EDGE('',*,*,#10706,.F.);
#11522 = ORIENTED_EDGE('',*,*,#10804,.F.);
#11523 = ORIENTED_EDGE('',*,*,#10902,.T.);
#11524 = ORIENTED_EDGE('',*,*,#11000,.T.);
#11525 = ORIENTED_EDGE('',*,*,#11098,.T.);
#11526 = ORIENTED_EDGE('',*,*,#11049,.T.);
#11527 = ORIENTED_EDGE('',*,*,#10951,.F.);
#11528 = ORIENTED_EDGE('',*,*,#10853,.F.);
#11529 = ORIENTED_EDGE('',*,*,#10755,.F.);
#11530 = ORIENTED_EDGE('',*,*,#10657,.T.);
#11531 = ORIENTED_EDGE('',*,*,#10559,.T.);
#11532 = ORIENTED_EDGE('',*,*,#10461,.T.);
#11533 = ORIENTED_EDGE('',*,*,#10363,.F.);
#11534 = ORIENTED_EDGE('',*,*,#10265,.F.);
#11535 = ORIENTED_EDGE('',*,*,#10167,.F.);
#11536 = ADVANCED_FACE('',(#11537),#11252,.F.);
#11537 = FACE_BOUND('',#11538,.F.);
#11538 = EDGE_LOOP('',(#11539,#11540,#11541,#11542));
#11539 = ORIENTED_EDGE('',*,*,#11392,.T.);
#11540 = ORIENTED_EDGE('',*,*,#11236,.T.);
#11541 = ORIENTED_EDGE('',*,*,#11290,.T.);
#11542 = ORIENTED_EDGE('',*,*,#11343,.T.);
#11543 = ADVANCED_FACE('',(#11544),#179,.T.);
#11544 = FACE_BOUND('',#11545,.F.);
#11545 = EDGE_LOOP('',(#11546,#11547,#11548,#11549,#11550,#11572,#11598,
    #11599,#11600,#11601,#11602,#11603));
#11546 = ORIENTED_EDGE('',*,*,#1149,.F.);
#11547 = ORIENTED_EDGE('',*,*,#1080,.F.);
#11548 = ORIENTED_EDGE('',*,*,#1001,.F.);
#11549 = ORIENTED_EDGE('',*,*,#879,.T.);
#11550 = ORIENTED_EDGE('',*,*,#11551,.F.);
#11551 = EDGE_CURVE('',#11552,#829,#11554,.T.);
#11552 = VERTEX_POINT('',#11553);
#11553 = CARTESIAN_POINT('',(41.,-6.12323395162E-16,22.108111842105));
#11554 = SEAM_CURVE('',#11555,(#11558,#11565),.PCURVE_S1.);
#11555 = B_SPLINE_CURVE_WITH_KNOTS('',1,(#11556,#11557),.UNSPECIFIED.,
  .F.,.F.,(2,2),(-15.,2.108111842105),.PIECEWISE_BEZIER_KNOTS.);
#11556 = CARTESIAN_POINT('',(41.,-1.224646799147E-15,22.108111842105));
#11557 = CARTESIAN_POINT('',(41.,-1.224646799147E-15,5.));
#11558 = PCURVE('',#179,#11559);
#11559 = DEFINITIONAL_REPRESENTATION('',(#11560),#11564);
#11560 = LINE('',#11561,#11562);
#11561 = CARTESIAN_POINT('',(-0.,0.));
#11562 = VECTOR('',#11563,1.);
#11563 = DIRECTION('',(-0.,1.));
#11564 = ( GEOMETRIC_REPRESENTATION_CONTEXT(2) 
PARAMETRIC_REPRESENTATION_CONTEXT() REPRESENTATION_CONTEXT('2D SPACE',''
  ) );
#11565 = PCURVE('',#179,#11566);
#11566 = DEFINITIONAL_REPRESENTATION('',(#11567),#11571);
#11567 = LINE('',#11568,#11569);
#11568 = CARTESIAN_POINT('',(-6.28318530718,0.));
#11569 = VECTOR('',#11570,1.);
#11570 = DIRECTION('',(-0.,1.));
#11571 = ( GEOMETRIC_REPRESENTATION_CONTEXT(2) 
PARAMETRIC_REPRESENTATION_CONTEXT() REPRESENTATION_CONTEXT('2D SPACE',''
  ) );
#11572 = ORIENTED_EDGE('',*,*,#11573,.T.);
#11573 = EDGE_CURVE('',#11552,#11552,#11574,.T.);
#11574 = SURFACE_CURVE('',#11575,(#11580,#11587),.PCURVE_S1.);
#11575 = CIRCLE('',#11576,5.);
#11576 = AXIS2_PLACEMENT_3D('',#11577,#11578,#11579);
#11577 = CARTESIAN_POINT('',(36.,-3.157001020283E-32,22.108111842105));
#11578 = DIRECTION('',(-1.288472811861E-31,-1.4279831054E-33,1.));
#11579 = DIRECTION('',(1.,-1.839917407105E-64,1.288472811861E-31));
#11580 = PCURVE('',#179,#11581);
#11581 = DEFINITIONAL_REPRESENTATION('',(#11582),#11586);
#11582 = LINE('',#11583,#11584);
#11583 = CARTESIAN_POINT('',(-0.,-15.));
#11584 = VECTOR('',#11585,1.);
#11585 = DIRECTION('',(-1.,0.));
#11586 = ( GEOMETRIC_REPRESENTATION_CONTEXT(2) 
PARAMETRIC_REPRESENTATION_CONTEXT() REPRESENTATION_CONTEXT('2D SPACE',''
  ) );
#11587 = PCURVE('',#11588,#11593);
#11588 = CONICAL_SURFACE('',#11589,3.5,0.643501108793);
#11589 = AXIS2_PLACEMENT_3D('',#11590,#11591,#11592);
#11590 = CARTESIAN_POINT('',(36.,0.,20.108111842105));
#11591 = DIRECTION('',(0.,0.,1.));
#11592 = DIRECTION('',(1.,0.,0.));
#11593 = DEFINITIONAL_REPRESENTATION('',(#11594),#11597);
#11594 = B_SPLINE_CURVE_WITH_KNOTS('',1,(#11595,#11596),.UNSPECIFIED.,
  .F.,.F.,(2,2),(0.,6.28318530718),.PIECEWISE_BEZIER_KNOTS.);
#11595 = CARTESIAN_POINT('',(0.,2.));
#11596 = CARTESIAN_POINT('',(6.28318530718,2.));
#11597 = ( GEOMETRIC_REPRESENTATION_CONTEXT(2) 
PARAMETRIC_REPRESENTATION_CONTEXT() REPRESENTATION_CONTEXT('2D SPACE',''
  ) );
#11598 = ORIENTED_EDGE('',*,*,#11551,.T.);
#11599 = ORIENTED_EDGE('',*,*,#828,.T.);
#11600 = ORIENTED_EDGE('',*,*,#779,.T.);
#11601 = ORIENTED_EDGE('',*,*,#592,.T.);
#11602 = ORIENTED_EDGE('',*,*,#111,.F.);
#11603 = ORIENTED_EDGE('',*,*,#1452,.T.);
#11604 = ADVANCED_FACE('',(#11605),#11588,.F.);
#11605 = FACE_BOUND('',#11606,.F.);
#11606 = EDGE_LOOP('',(#11607,#11608,#11631,#11658));
#11607 = ORIENTED_EDGE('',*,*,#11573,.F.);
#11608 = ORIENTED_EDGE('',*,*,#11609,.F.);
#11609 = EDGE_CURVE('',#11610,#11552,#11612,.T.);
#11610 = VERTEX_POINT('',#11611);
#11611 = CARTESIAN_POINT('',(39.5,-8.572527594031E-16,20.108111842105));
#11612 = SEAM_CURVE('',#11613,(#11617,#11624),.PCURVE_S1.);
#11613 = LINE('',#11614,#11615);
#11614 = CARTESIAN_POINT('',(39.5,-8.572527594031E-16,20.108111842105));
#11615 = VECTOR('',#11616,1.);
#11616 = DIRECTION('',(0.6,-1.469576158977E-16,0.8));
#11617 = PCURVE('',#11588,#11618);
#11618 = DEFINITIONAL_REPRESENTATION('',(#11619),#11623);
#11619 = LINE('',#11620,#11621);
#11620 = CARTESIAN_POINT('',(6.28318530718,-0.));
#11621 = VECTOR('',#11622,1.);
#11622 = DIRECTION('',(0.,1.));
#11623 = ( GEOMETRIC_REPRESENTATION_CONTEXT(2) 
PARAMETRIC_REPRESENTATION_CONTEXT() REPRESENTATION_CONTEXT('2D SPACE',''
  ) );
#11624 = PCURVE('',#11588,#11625);
#11625 = DEFINITIONAL_REPRESENTATION('',(#11626),#11630);
#11626 = LINE('',#11627,#11628);
#11627 = CARTESIAN_POINT('',(0.,-0.));
#11628 = VECTOR('',#11629,1.);
#11629 = DIRECTION('',(0.,1.));
#11630 = ( GEOMETRIC_REPRESENTATION_CONTEXT(2) 
PARAMETRIC_REPRESENTATION_CONTEXT() REPRESENTATION_CONTEXT('2D SPACE',''
  ) );
#11631 = ORIENTED_EDGE('',*,*,#11632,.T.);
#11632 = EDGE_CURVE('',#11610,#11610,#11633,.T.);
#11633 = SURFACE_CURVE('',#11634,(#11639,#11646),.PCURVE_S1.);
#11634 = CIRCLE('',#11635,3.5);
#11635 = AXIS2_PLACEMENT_3D('',#11636,#11637,#11638);
#11636 = CARTESIAN_POINT('',(36.,0.,20.108111842105));
#11637 = DIRECTION('',(0.,0.,1.));
#11638 = DIRECTION('',(1.,0.,0.));
#11639 = PCURVE('',#11588,#11640);
#11640 = DEFINITIONAL_REPRESENTATION('',(#11641),#11645);
#11641 = LINE('',#11642,#11643);
#11642 = CARTESIAN_POINT('',(0.,0.));
#11643 = VECTOR('',#11644,1.);
#11644 = DIRECTION('',(1.,0.));
#11645 = ( GEOMETRIC_REPRESENTATION_CONTEXT(2) 
PARAMETRIC_REPRESENTATION_CONTEXT() REPRESENTATION_CONTEXT('2D SPACE',''
  ) );
#11646 = PCURVE('',#11647,#11652);
#11647 = CYLINDRICAL_SURFACE('',#11648,3.5);
#11648 = AXIS2_PLACEMENT_3D('',#11649,#11650,#11651);
#11649 = CARTESIAN_POINT('',(36.,-1.015026362182E-32,7.108111842105));
#11650 = DIRECTION('',(1.288472811861E-31,1.4279831054E-33,-1.));
#11651 = DIRECTION('',(1.,-1.839917407105E-64,1.288472811861E-31));
#11652 = DEFINITIONAL_REPRESENTATION('',(#11653),#11657);
#11653 = LINE('',#11654,#11655);
#11654 = CARTESIAN_POINT('',(-1.288472811861E-31,-13.));
#11655 = VECTOR('',#11656,1.);
#11656 = DIRECTION('',(-1.,0.));
#11657 = ( GEOMETRIC_REPRESENTATION_CONTEXT(2) 
PARAMETRIC_REPRESENTATION_CONTEXT() REPRESENTATION_CONTEXT('2D SPACE',''
  ) );
#11658 = ORIENTED_EDGE('',*,*,#11609,.T.);
#11659 = ADVANCED_FACE('',(#11660),#11647,.F.);
#11660 = FACE_BOUND('',#11661,.T.);
#11661 = EDGE_LOOP('',(#11662,#11691,#11712,#11713));
#11662 = ORIENTED_EDGE('',*,*,#11663,.F.);
#11663 = EDGE_CURVE('',#11664,#11664,#11666,.T.);
#11664 = VERTEX_POINT('',#11665);
#11665 = CARTESIAN_POINT('',(39.5,-1.015026362182E-32,7.108111842105));
#11666 = SURFACE_CURVE('',#11667,(#11672,#11679),.PCURVE_S1.);
#11667 = CIRCLE('',#11668,3.5);
#11668 = AXIS2_PLACEMENT_3D('',#11669,#11670,#11671);
#11669 = CARTESIAN_POINT('',(36.,-1.015026362182E-32,7.108111842105));
#11670 = DIRECTION('',(-1.288472811861E-31,-1.4279831054E-33,1.));
#11671 = DIRECTION('',(1.,-1.839917407105E-64,1.288472811861E-31));
#11672 = PCURVE('',#11647,#11673);
#11673 = DEFINITIONAL_REPRESENTATION('',(#11674),#11678);
#11674 = LINE('',#11675,#11676);
#11675 = CARTESIAN_POINT('',(-0.,0.));
#11676 = VECTOR('',#11677,1.);
#11677 = DIRECTION('',(-1.,0.));
#11678 = ( GEOMETRIC_REPRESENTATION_CONTEXT(2) 
PARAMETRIC_REPRESENTATION_CONTEXT() REPRESENTATION_CONTEXT('2D SPACE',''
  ) );
#11679 = PCURVE('',#11680,#11685);
#11680 = PLANE('',#11681);
#11681 = AXIS2_PLACEMENT_3D('',#11682,#11683,#11684);
#11682 = CARTESIAN_POINT('',(36.,6.938022664999E-17,7.108111842105));
#11683 = DIRECTION('',(-1.288472811861E-31,-1.4279831054E-33,1.));
#11684 = DIRECTION('',(1.,0.,1.288472811861E-31));
#11685 = DEFINITIONAL_REPRESENTATION('',(#11686),#11690);
#11686 = CIRCLE('',#11687,3.5);
#11687 = AXIS2_PLACEMENT_2D('',#11688,#11689);
#11688 = CARTESIAN_POINT('',(7.105427357601E-15,-6.938022664999E-17));
#11689 = DIRECTION('',(1.,-1.839917407105E-64));
#11690 = ( GEOMETRIC_REPRESENTATION_CONTEXT(2) 
PARAMETRIC_REPRESENTATION_CONTEXT() REPRESENTATION_CONTEXT('2D SPACE',''
  ) );
#11691 = ORIENTED_EDGE('',*,*,#11692,.T.);
#11692 = EDGE_CURVE('',#11664,#11610,#11693,.T.);
#11693 = SEAM_CURVE('',#11694,(#11698,#11705),.PCURVE_S1.);
#11694 = LINE('',#11695,#11696);
#11695 = CARTESIAN_POINT('',(39.5,-1.015026362182E-32,7.108111842105));
#11696 = VECTOR('',#11697,1.);
#11697 = DIRECTION('',(-1.288472811861E-31,-1.4279831054E-33,1.));
#11698 = PCURVE('',#11647,#11699);
#11699 = DEFINITIONAL_REPRESENTATION('',(#11700),#11704);
#11700 = LINE('',#11701,#11702);
#11701 = CARTESIAN_POINT('',(-6.28318530718,0.));
#11702 = VECTOR('',#11703,1.);
#11703 = DIRECTION('',(-0.,-1.));
#11704 = ( GEOMETRIC_REPRESENTATION_CONTEXT(2) 
PARAMETRIC_REPRESENTATION_CONTEXT() REPRESENTATION_CONTEXT('2D SPACE',''
  ) );
#11705 = PCURVE('',#11647,#11706);
#11706 = DEFINITIONAL_REPRESENTATION('',(#11707),#11711);
#11707 = LINE('',#11708,#11709);
#11708 = CARTESIAN_POINT('',(-0.,0.));
#11709 = VECTOR('',#11710,1.);
#11710 = DIRECTION('',(-0.,-1.));
#11711 = ( GEOMETRIC_REPRESENTATION_CONTEXT(2) 
PARAMETRIC_REPRESENTATION_CONTEXT() REPRESENTATION_CONTEXT('2D SPACE',''
  ) );
#11712 = ORIENTED_EDGE('',*,*,#11632,.T.);
#11713 = ORIENTED_EDGE('',*,*,#11692,.F.);
#11714 = ADVANCED_FACE('',(#11715),#11680,.T.);
#11715 = FACE_BOUND('',#11716,.T.);
#11716 = EDGE_LOOP('',(#11717));
#11717 = ORIENTED_EDGE('',*,*,#11663,.T.);
#11718 = ( GEOMETRIC_REPRESENTATION_CONTEXT(3) 
GLOBAL_UNCERTAINTY_ASSIGNED_CONTEXT((#11722)) 
GLOBAL_UNIT_ASSIGNED_CONTEXT((#11719,#11720,#11721)) 
REPRESENTATION_CONTEXT('Context #1',
  '3D Context with UNIT and UNCERTAINTY') );
#11719 = ( LENGTH_UNIT() NAMED_UNIT(*) SI_UNIT(.MILLI.,.METRE.) );
#11720 = ( NAMED_UNIT(*) PLANE_ANGLE_UNIT() SI_UNIT($,.RADIAN.) );
#11721 = ( NAMED_UNIT(*) SI_UNIT($,.STERADIAN.) SOLID_ANGLE_UNIT() );
#11722 = UNCERTAINTY_MEASURE_WITH_UNIT(LENGTH_MEASURE(1.E-06),#11719,
  'distance_accuracy_value','confusion accuracy');
#11723 = PRODUCT_RELATED_PRODUCT_CATEGORY('detail',$,(#7));
#11724 = PRODUCT_CATEGORY_RELATIONSHIP('','',#11725,#11723);
#11725 = PRODUCT_CATEGORY('part',$);
#11726 = CC_DESIGN_PERSON_AND_ORGANIZATION_ASSIGNMENT(#11727,#11730,(#6,
    #5));
#11727 = PERSON_AND_ORGANIZATION(#11728,#11729);
#11728 = PERSON('IP10.8.12,herrmann','','herrmann',$,$,$);
#11729 = ORGANIZATION('IP10.8.12','Unspecified','');
#11730 = PERSON_AND_ORGANIZATION_ROLE('creator');
#11731 = CC_DESIGN_PERSON_AND_ORGANIZATION_ASSIGNMENT(#11727,#11732,(#7)
  );
#11732 = PERSON_AND_ORGANIZATION_ROLE('design_owner');
#11733 = CC_DESIGN_PERSON_AND_ORGANIZATION_ASSIGNMENT(#11727,#11734,(#6)
  );
#11734 = PERSON_AND_ORGANIZATION_ROLE('design_supplier');
#11735 = CC_DESIGN_PERSON_AND_ORGANIZATION_ASSIGNMENT(#11727,#11736,(
    #11737));
#11736 = PERSON_AND_ORGANIZATION_ROLE('classification_officer');
#11737 = SECURITY_CLASSIFICATION('','',#11738);
#11738 = SECURITY_CLASSIFICATION_LEVEL('unclassified');
#11739 = CC_DESIGN_SECURITY_CLASSIFICATION(#11737,(#6));
#11740 = CC_DESIGN_DATE_AND_TIME_ASSIGNMENT(#11741,#11745,(#5));
#11741 = DATE_AND_TIME(#11742,#11743);
#11742 = CALENDAR_DATE(2022,3,2);
#11743 = LOCAL_TIME(13,28,$,#11744);
#11744 = COORDINATED_UNIVERSAL_TIME_OFFSET(1,$,.AHEAD.);
#11745 = DATE_TIME_ROLE('creation_date');
#11746 = CC_DESIGN_DATE_AND_TIME_ASSIGNMENT(#11741,#11747,(#11737));
#11747 = DATE_TIME_ROLE('classification_date');
#11748 = CC_DESIGN_APPROVAL(#11749,(#6,#5,#11737));
#11749 = APPROVAL(#11750,'');
#11750 = APPROVAL_STATUS('not_yet_approved');
#11751 = APPROVAL_PERSON_ORGANIZATION(#11727,#11749,#11752);
#11752 = APPROVAL_ROLE('approver');
#11753 = APPROVAL_DATE_TIME(#11741,#11749);
#11754 = MECHANICAL_DESIGN_GEOMETRIC_PRESENTATION_REPRESENTATION('',(
    #11755),#11718);
#11755 = STYLED_ITEM('color',(#11756),#15);
#11756 = PRESENTATION_STYLE_ASSIGNMENT((#11757,#11763));
#11757 = SURFACE_STYLE_USAGE(.BOTH.,#11758);
#11758 = SURFACE_SIDE_STYLE('',(#11759));
#11759 = SURFACE_STYLE_FILL_AREA(#11760);
#11760 = FILL_AREA_STYLE('',(#11761));
#11761 = FILL_AREA_STYLE_COLOUR('',#11762);
#11762 = COLOUR_RGB('',0.896443133065,0.778868164405,0.371441914706);
#11763 = CURVE_STYLE('',#11764,POSITIVE_LENGTH_MEASURE(0.1),#11765);
#11764 = DRAUGHTING_PRE_DEFINED_CURVE_FONT('continuous');
#11765 = COLOUR_RGB('',0.345868924627,0.345868924627,0.345868924627);
ENDSEC;
END-ISO-10303-21;
