ISO-10303-21;
HEADER;
FILE_DESCRIPTION(('FreeCAD Model'),'2;1');
FILE_NAME('Open CASCADE Shape Model','2022-02-03T15:31:00',(
    'Frederic Herrmann'),('KEB Automation KG'),
  'Open CASCADE STEP processor 7.5','FreeCAD','Unknown');
FILE_SCHEMA(('CONFIG_CONTROL_DESIGN','SHAPE_APPEARANCE_LAYER_MIM'));
ENDSEC;
DATA;
#1 = APPLICATION_PROTOCOL_DEFINITION('international standard',
  'config_control_design',1994,#2);
#2 = APPLICATION_CONTEXT(
'configuration controlled 3D designs of mechanical parts and assemblies'
  );
#3 = SHAPE_DEFINITION_REPRESENTATION(#4,#10);
#4 = PRODUCT_DEFINITION_SHAPE('','',#5);
#5 = PRODUCT_DEFINITION('design','',#6,#9);
#6 = PRODUCT_DEFINITION_FORMATION_WITH_SPECIFIED_SOURCE('','',#7,
  .NOT_KNOWN.);
#7 = PRODUCT('4R6 M6','4R6 M6','',(#8));
#8 = MECHANICAL_CONTEXT('',#2,'mechanical');
#9 = DESIGN_CONTEXT('',#2,'design');
#10 = ADVANCED_BREP_SHAPE_REPRESENTATION('',(#11,#15),#11623);
#11 = AXIS2_PLACEMENT_3D('',#12,#13,#14);
#12 = CARTESIAN_POINT('',(0.,0.,0.));
#13 = DIRECTION('',(0.,0.,1.));
#14 = DIRECTION('',(1.,0.,-0.));
#15 = MANIFOLD_SOLID_BREP('',#16);
#16 = CLOSED_SHELL('',(#17,#151,#849,#899,#1003,#1174,#4661,#4834,#4901,
    #4932,#4987,#5041,#5096,#5201,#5271,#5325,#5427,#5723,#5799,#5848,
    #5897,#5946,#5995,#6044,#6093,#6142,#6191,#6240,#6289,#6338,#6387,
    #6436,#6485,#6534,#6583,#6632,#6659,#6735,#6784,#6833,#6860,#6936,
    #6985,#7034,#7083,#7132,#7181,#7230,#7279,#7328,#7377,#7426,#7475,
    #7524,#7573,#7622,#7671,#7720,#7769,#7818,#7867,#7916,#7943,#8019,
    #8068,#8117,#8166,#8215,#8264,#8313,#8362,#8411,#8460,#8509,#8558,
    #8607,#8656,#8705,#8754,#8803,#8852,#8901,#8950,#8999,#9026,#9076,
    #9152,#9201,#9250,#9299,#9348,#9397,#9446,#9495,#9544,#9593,#9642,
    #9691,#9740,#9789,#9838,#9887,#9936,#9985,#10034,#10083,#10132,
    #10159,#10166,#10192,#10199,#10253,#10329,#10382,#10431,#10462,
    #10756,#10763,#10788,#10813,#10838,#10845,#10936,#11006,#11070,
    #11134,#11204,#11262,#11326,#11390,#11432,#11444,#11509,#11564,
    #11619));
#17 = ADVANCED_FACE('',(#18),#37,.T.);
#18 = FACE_BOUND('',#19,.F.);
#19 = EDGE_LOOP('',(#20,#70,#96,#125));
#20 = ORIENTED_EDGE('',*,*,#21,.F.);
#21 = EDGE_CURVE('',#22,#24,#26,.T.);
#22 = VERTEX_POINT('',#23);
#23 = CARTESIAN_POINT('',(27.087404720301,-3.48553226941,1.517109336663)
  );
#24 = VERTEX_POINT('',#25);
#25 = CARTESIAN_POINT('',(27.211330422809,-3.350526300866,1.649473699143
    ));
#26 = SURFACE_CURVE('',#27,(#36,#53),.PCURVE_S1.);
#27 = B_SPLINE_CURVE_WITH_KNOTS('',4,(#28,#29,#30,#31,#32,#33,#34,#35),
  .UNSPECIFIED.,.F.,.F.,(5,3,5),(0.,0.683264216871,1.),.UNSPECIFIED.);
#28 = CARTESIAN_POINT('',(27.087404720301,-3.48553226941,1.517109336663)
  );
#29 = CARTESIAN_POINT('',(27.109031062414,-3.462360537356,1.539384638783
    ));
#30 = CARTESIAN_POINT('',(27.130447687153,-3.439236045156,1.561812929552
    ));
#31 = CARTESIAN_POINT('',(27.151655844452,-3.416161926975,1.584393553727
    ));
#32 = CARTESIAN_POINT('',(27.182391815546,-3.382470052317,1.617664070612
    ));
#33 = CARTESIAN_POINT('',(27.192082435954,-3.371810162433,1.628234681952
    ));
#34 = CARTESIAN_POINT('',(27.201728604327,-3.361162133126,1.638837901109
    ));
#35 = CARTESIAN_POINT('',(27.211330422813,-3.35052630087,1.649473699148)
  );
#36 = PCURVE('',#37,#42);
#37 = CYLINDRICAL_SURFACE('',#38,11.0625);
#38 = AXIS2_PLACEMENT_3D('',#39,#40,#41);
#39 = CARTESIAN_POINT('',(19.,4.0625,0.));
#40 = DIRECTION('',(-0.,-0.,-1.));
#41 = DIRECTION('',(1.,0.,0.));
#42 = DEFINITIONAL_REPRESENTATION('',(#43),#52);
#43 = B_SPLINE_CURVE_WITH_KNOTS('',4,(#44,#45,#46,#47,#48,#49,#50,#51),
  .UNSPECIFIED.,.F.,.F.,(5,3,5),(0.,0.683264216871,1.),.UNSPECIFIED.);
#44 = CARTESIAN_POINT('',(-5.53227026361,-1.517109336663));
#45 = CARTESIAN_POINT('',(-5.535135426522,-1.539384638783));
#46 = CARTESIAN_POINT('',(-5.537984532736,-1.561812929552));
#47 = CARTESIAN_POINT('',(-5.540817514931,-1.584393553727));
#48 = CARTESIAN_POINT('',(-5.544940026884,-1.617664070612));
#49 = CARTESIAN_POINT('',(-5.546242288982,-1.628234681952));
#50 = CARTESIAN_POINT('',(-5.547541056815,-1.638837901109));
#51 = CARTESIAN_POINT('',(-5.548836319788,-1.649473699148));
#52 = ( GEOMETRIC_REPRESENTATION_CONTEXT(2) 
PARAMETRIC_REPRESENTATION_CONTEXT() REPRESENTATION_CONTEXT('2D SPACE',''
  ) );
#53 = PCURVE('',#54,#59);
#54 = CYLINDRICAL_SURFACE('',#55,5.);
#55 = AXIS2_PLACEMENT_3D('',#56,#57,#58);
#56 = CARTESIAN_POINT('',(23.5,10.,5.));
#57 = DIRECTION('',(0.,1.,-1.110223024625E-15));
#58 = DIRECTION('',(1.,0.,0.));
#59 = DEFINITIONAL_REPRESENTATION('',(#60),#69);
#60 = B_SPLINE_CURVE_WITH_KNOTS('',4,(#61,#62,#63,#64,#65,#66,#67,#68),
  .UNSPECIFIED.,.F.,.F.,(5,3,5),(0.,0.683264216871,1.),.UNSPECIFIED.);
#61 = CARTESIAN_POINT('',(-5.512568201685,-13.48553226941));
#62 = CARTESIAN_POINT('',(-5.518777510045,-13.46236053735));
#63 = CARTESIAN_POINT('',(-5.524979554854,-13.43923604515));
#64 = CARTESIAN_POINT('',(-5.531175054218,-13.41616192697));
#65 = CARTESIAN_POINT('',(-5.540234032556,-13.38247005231));
#66 = CARTESIAN_POINT('',(-5.543102083711,-13.37181016243));
#67 = CARTESIAN_POINT('',(-5.545968955339,-13.36116213312));
#68 = CARTESIAN_POINT('',(-5.548834719587,-13.35052630087));
#69 = ( GEOMETRIC_REPRESENTATION_CONTEXT(2) 
PARAMETRIC_REPRESENTATION_CONTEXT() REPRESENTATION_CONTEXT('2D SPACE',''
  ) );
#70 = ORIENTED_EDGE('',*,*,#71,.F.);
#71 = EDGE_CURVE('',#72,#22,#74,.T.);
#72 = VERTEX_POINT('',#73);
#73 = CARTESIAN_POINT('',(27.087404720301,-3.48553226941,2.861008928571)
  );
#74 = SURFACE_CURVE('',#75,(#79,#85),.PCURVE_S1.);
#75 = LINE('',#76,#77);
#76 = CARTESIAN_POINT('',(27.087404720301,-3.48553226941,
    -5.510136882823E-15));
#77 = VECTOR('',#78,1.);
#78 = DIRECTION('',(-0.,-0.,-1.));
#79 = PCURVE('',#37,#80);
#80 = DEFINITIONAL_REPRESENTATION('',(#81),#84);
#81 = B_SPLINE_CURVE_WITH_KNOTS('',1,(#82,#83),.UNSPECIFIED.,.F.,.F.,(2,
    2),(-2.861009597982,6.694106003142E-07),.PIECEWISE_BEZIER_KNOTS.);
#82 = CARTESIAN_POINT('',(-5.53227026361,-2.861009597982));
#83 = CARTESIAN_POINT('',(-5.53227026361,6.694106058243E-07));
#84 = ( GEOMETRIC_REPRESENTATION_CONTEXT(2) 
PARAMETRIC_REPRESENTATION_CONTEXT() REPRESENTATION_CONTEXT('2D SPACE',''
  ) );
#85 = PCURVE('',#86,#91);
#86 = PLANE('',#87);
#87 = AXIS2_PLACEMENT_3D('',#88,#89,#90);
#88 = CARTESIAN_POINT('',(27.319350438656,-3.710892595299,1.430504415569
    ));
#89 = DIRECTION('',(-0.696851906888,-0.717215044367,2.480243764506E-14)
  );
#90 = DIRECTION('',(-0.717215044367,0.696851906888,1.577721810442E-30));
#91 = DEFINITIONAL_REPRESENTATION('',(#92),#95);
#92 = B_SPLINE_CURVE_WITH_KNOTS('',1,(#93,#94),.UNSPECIFIED.,.F.,.F.,(2,
    2),(-2.861009597982,6.694106003142E-07),.PIECEWISE_BEZIER_KNOTS.);
#93 = CARTESIAN_POINT('',(0.323397731514,-1.430505182413));
#94 = CARTESIAN_POINT('',(0.323397731514,1.43050508498));
#95 = ( GEOMETRIC_REPRESENTATION_CONTEXT(2) 
PARAMETRIC_REPRESENTATION_CONTEXT() REPRESENTATION_CONTEXT('2D SPACE',''
  ) );
#96 = ORIENTED_EDGE('',*,*,#97,.T.);
#97 = EDGE_CURVE('',#72,#98,#100,.T.);
#98 = VERTEX_POINT('',#99);
#99 = CARTESIAN_POINT('',(27.211330422809,-3.350526300866,2.861008928571
    ));
#100 = SURFACE_CURVE('',#101,(#106,#113),.PCURVE_S1.);
#101 = CIRCLE('',#102,11.0625);
#102 = AXIS2_PLACEMENT_3D('',#103,#104,#105);
#103 = CARTESIAN_POINT('',(19.,4.0625,2.861008928571));
#104 = DIRECTION('',(0.,0.,1.));
#105 = DIRECTION('',(1.,0.,0.));
#106 = PCURVE('',#37,#107);
#107 = DEFINITIONAL_REPRESENTATION('',(#108),#112);
#108 = LINE('',#109,#110);
#109 = CARTESIAN_POINT('',(-0.,-2.861008928571));
#110 = VECTOR('',#111,1.);
#111 = DIRECTION('',(-1.,0.));
#112 = ( GEOMETRIC_REPRESENTATION_CONTEXT(2) 
PARAMETRIC_REPRESENTATION_CONTEXT() REPRESENTATION_CONTEXT('2D SPACE',''
  ) );
#113 = PCURVE('',#114,#119);
#114 = PLANE('',#115);
#115 = AXIS2_PLACEMENT_3D('',#116,#117,#118);
#116 = CARTESIAN_POINT('',(12.376103592919,5.41771568396E-09,
    2.861008928571));
#117 = DIRECTION('',(0.,0.,1.));
#118 = DIRECTION('',(1.,0.,0.));
#119 = DEFINITIONAL_REPRESENTATION('',(#120),#124);
#120 = CIRCLE('',#121,11.0625);
#121 = AXIS2_PLACEMENT_2D('',#122,#123);
#122 = CARTESIAN_POINT('',(6.623896407081,4.062499994582));
#123 = DIRECTION('',(1.,0.));
#124 = ( GEOMETRIC_REPRESENTATION_CONTEXT(2) 
PARAMETRIC_REPRESENTATION_CONTEXT() REPRESENTATION_CONTEXT('2D SPACE',''
  ) );
#125 = ORIENTED_EDGE('',*,*,#126,.F.);
#126 = EDGE_CURVE('',#24,#98,#127,.T.);
#127 = SURFACE_CURVE('',#128,(#132,#139),.PCURVE_S1.);
#128 = LINE('',#129,#130);
#129 = CARTESIAN_POINT('',(27.211330422809,-3.350526300866,0.));
#130 = VECTOR('',#131,1.);
#131 = DIRECTION('',(0.,0.,1.));
#132 = PCURVE('',#37,#133);
#133 = DEFINITIONAL_REPRESENTATION('',(#134),#138);
#134 = LINE('',#135,#136);
#135 = CARTESIAN_POINT('',(-5.548836319788,0.));
#136 = VECTOR('',#137,1.);
#137 = DIRECTION('',(-0.,-1.));
#138 = ( GEOMETRIC_REPRESENTATION_CONTEXT(2) 
PARAMETRIC_REPRESENTATION_CONTEXT() REPRESENTATION_CONTEXT('2D SPACE',''
  ) );
#139 = PCURVE('',#140,#145);
#140 = CYLINDRICAL_SURFACE('',#141,5.);
#141 = AXIS2_PLACEMENT_3D('',#142,#143,#144);
#142 = CARTESIAN_POINT('',(23.5,0.,7.861008928571));
#143 = DIRECTION('',(-0.,-0.,-1.));
#144 = DIRECTION('',(1.,0.,0.));
#145 = DEFINITIONAL_REPRESENTATION('',(#146),#150);
#146 = LINE('',#147,#148);
#147 = CARTESIAN_POINT('',(-5.548834719585,7.861008928571));
#148 = VECTOR('',#149,1.);
#149 = DIRECTION('',(-0.,-1.));
#150 = ( GEOMETRIC_REPRESENTATION_CONTEXT(2) 
PARAMETRIC_REPRESENTATION_CONTEXT() REPRESENTATION_CONTEXT('2D SPACE',''
  ) );
#151 = ADVANCED_FACE('',(#152),#54,.T.);
#152 = FACE_BOUND('',#153,.F.);
#153 = EDGE_LOOP('',(#154,#328,#356,#471,#511,#536,#537,#586,#636,#686,
    #735,#785,#811));
#154 = ORIENTED_EDGE('',*,*,#155,.F.);
#155 = EDGE_CURVE('',#156,#158,#160,.T.);
#156 = VERTEX_POINT('',#157);
#157 = CARTESIAN_POINT('',(23.499999999999,5.271948017173,
    1.012124006733E-13));
#158 = VERTEX_POINT('',#159);
#159 = CARTESIAN_POINT('',(25.679451252361,4.312398776876,0.50000086238)
  );
#160 = SURFACE_CURVE('',#161,(#213,#268),.PCURVE_S1.);
#161 = B_SPLINE_CURVE_WITH_KNOTS('',8,(#162,#163,#164,#165,#166,#167,
    #168,#169,#170,#171,#172,#173,#174,#175,#176,#177,#178,#179,#180,
    #181,#182,#183,#184,#185,#186,#187,#188,#189,#190,#191,#192,#193,
    #194,#195,#196,#197,#198,#199,#200,#201,#202,#203,#204,#205,#206,
    #207,#208,#209,#210,#211,#212),.UNSPECIFIED.,.F.,.F.,(9,7,7,7,7,7,7,
    9),(0.,5.834362026013E-04,8.9901207651E-04,1.104827692487E-03,
    0.160180800618,0.32622468153,0.659810965049,1.),.UNSPECIFIED.);
#162 = CARTESIAN_POINT('',(23.499999999998,5.271948875089,
    3.734235143327E-13));
#163 = CARTESIAN_POINT('',(23.500000321117,5.27194869636,
    3.734120641278E-13));
#164 = CARTESIAN_POINT('',(23.500000630112,5.271948559942,
    6.350463121376E-13));
#165 = CARTESIAN_POINT('',(23.500000881406,5.271948449249,
    7.613139446442E-13));
#166 = CARTESIAN_POINT('',(23.500001114223,5.271948340527,
    6.131560394672E-13));
#167 = CARTESIAN_POINT('',(23.500001452587,5.271948202858,
    3.094670659626E-13));
#168 = CARTESIAN_POINT('',(23.500002105327,5.27194799816,
    2.270948850239E-13));
#169 = CARTESIAN_POINT('',(23.50000336607,5.271947681185,
    1.000840749081E-12));
#170 = CARTESIAN_POINT('',(23.500006828726,5.271946938992,
    4.887923068558E-12));
#171 = CARTESIAN_POINT('',(23.500008690768,5.271946555099,
    1.449199079321E-11));
#172 = CARTESIAN_POINT('',(23.500011078429,5.271946072394,
    2.060862939669E-11));
#173 = CARTESIAN_POINT('',(23.500014179677,5.271945454759,
    2.072723804632E-11));
#174 = CARTESIAN_POINT('',(23.500018491398,5.271944605414,
    2.155364815615E-11));
#175 = CARTESIAN_POINT('',(23.500024819395,5.27194336691,
    3.901012338689E-11));
#176 = CARTESIAN_POINT('',(23.500034278385,5.271941521132,
    9.8235359646E-11));
#177 = CARTESIAN_POINT('',(23.500057431552,5.27193700762,
    3.218579112062E-10));
#178 = CARTESIAN_POINT('',(23.500093093777,5.271930062144,
    1.083192775858E-09));
#179 = CARTESIAN_POINT('',(23.500137372798,5.271921439653,
    2.025052808714E-09));
#180 = CARTESIAN_POINT('',(23.500179412433,5.271913254096,
    2.946112003222E-09));
#181 = CARTESIAN_POINT('',(23.500215406201,5.271906246582,
    3.936254616602E-09));
#182 = CARTESIAN_POINT('',(23.500248597319,5.271899785386,
    5.376575169847E-09));
#183 = CARTESIAN_POINT('',(23.500289278706,5.271891865943,
    7.939378447728E-09));
#184 = CARTESIAN_POINT('',(23.550991121423,5.262020635029,
    3.605670981581E-06));
#185 = CARTESIAN_POINT('',(23.601544330338,5.251856380107,
    5.932551318296E-04));
#186 = CARTESIAN_POINT('',(23.651996766485,5.24136602206,
    1.765625407157E-03));
#187 = CARTESIAN_POINT('',(23.702323921108,5.230544174508,
    3.516461965174E-03));
#188 = CARTESIAN_POINT('',(23.752510144349,5.219366540179,
    5.840599099501E-03));
#189 = CARTESIAN_POINT('',(23.802530811507,5.207828196842,
    8.731874858638E-03));
#190 = CARTESIAN_POINT('',(23.852367150963,5.195912438209,
    1.218318496023E-02));
#191 = CARTESIAN_POINT('',(23.953801617577,5.170766552361,
    2.036495043007E-02));
#192 = CARTESIAN_POINT('',(24.005381625671,5.15750152204,
    2.514482855916E-02));
#193 = CARTESIAN_POINT('',(24.056713385303,5.143800503451,
    3.051678930909E-02));
#194 = CARTESIAN_POINT('',(24.107772928509,5.129651123595,
    3.647040851158E-02));
#195 = CARTESIAN_POINT('',(24.158536380344,5.115041998308,
    4.299407556865E-02));
#196 = CARTESIAN_POINT('',(24.208979958876,5.099962732264,
    5.00749934526E-02));
#197 = CARTESIAN_POINT('',(24.259079975188,5.084403918973,
    5.769917870602E-02));
#198 = CARTESIAN_POINT('',(24.408727381522,5.036118764575,
    8.222960007033E-02));
#199 = CARTESIAN_POINT('',(24.50716526488,5.001909489957,0.100740011258)
  );
#200 = CARTESIAN_POINT('',(24.603929864889,4.965663633395,0.121259369147
    ));
#201 = CARTESIAN_POINT('',(24.698836083145,4.927331762452,0.143645429315
    ));
#202 = CARTESIAN_POINT('',(24.791711064393,4.886881880522,0.167739365011
    ));
#203 = CARTESIAN_POINT('',(24.882394919525,4.844300611559,0.193368103392
    ));
#204 = CARTESIAN_POINT('',(24.97074144857,4.799594384803,0.220346661752)
  );
#205 = CARTESIAN_POINT('',(25.1441960706,4.705060456342,0.277171165098)
  );
#206 = CARTESIAN_POINT('',(25.22921259478,4.65514503862,0.307065882291)
  );
#207 = CARTESIAN_POINT('',(25.3115290819,4.603072072201,0.337958722738)
  );
#208 = CARTESIAN_POINT('',(25.391033032694,4.548885669189,0.36963861649)
  );
#209 = CARTESIAN_POINT('',(25.467635902114,4.492645220907,0.401892441711
    ));
#210 = CARTESIAN_POINT('',(25.541270198473,4.434424270872,0.434508130135
    ));
#211 = CARTESIAN_POINT('',(25.611886582592,4.374309387764,0.467277772529
    ));
#212 = CARTESIAN_POINT('',(25.679450966953,4.3123990384,0.500000724151)
  );
#213 = PCURVE('',#54,#214);
#214 = DEFINITIONAL_REPRESENTATION('',(#215),#267);
#215 = B_SPLINE_CURVE_WITH_KNOTS('',8,(#216,#217,#218,#219,#220,#221,
    #222,#223,#224,#225,#226,#227,#228,#229,#230,#231,#232,#233,#234,
    #235,#236,#237,#238,#239,#240,#241,#242,#243,#244,#245,#246,#247,
    #248,#249,#250,#251,#252,#253,#254,#255,#256,#257,#258,#259,#260,
    #261,#262,#263,#264,#265,#266),.UNSPECIFIED.,.F.,.F.,(9,7,7,7,7,7,7,
    9),(0.,5.834362026013E-04,8.9901207651E-04,1.104827692487E-03,
    0.160180800618,0.32622468153,0.659810965049,1.),.UNSPECIFIED.);
#216 = CARTESIAN_POINT('',(-4.712388980384,-4.728051124911));
#217 = CARTESIAN_POINT('',(-4.712389044608,-4.72805130364));
#218 = CARTESIAN_POINT('',(-4.712389106407,-4.728051440058));
#219 = CARTESIAN_POINT('',(-4.712389156666,-4.728051550751));
#220 = CARTESIAN_POINT('',(-4.712389203229,-4.728051659473));
#221 = CARTESIAN_POINT('',(-4.712389270902,-4.728051797142));
#222 = CARTESIAN_POINT('',(-4.71238940145,-4.72805200184));
#223 = CARTESIAN_POINT('',(-4.712389653599,-4.728052318815));
#224 = CARTESIAN_POINT('',(-4.71239034613,-4.728053061008));
#225 = CARTESIAN_POINT('',(-4.712390718538,-4.728053444901));
#226 = CARTESIAN_POINT('',(-4.71239119607,-4.728053927606));
#227 = CARTESIAN_POINT('',(-4.71239181632,-4.728054545241));
#228 = CARTESIAN_POINT('',(-4.712392678664,-4.728055394586));
#229 = CARTESIAN_POINT('',(-4.712393944264,-4.72805663309));
#230 = CARTESIAN_POINT('',(-4.712395836062,-4.728058478868));
#231 = CARTESIAN_POINT('',(-4.712400466695,-4.72806299238));
#232 = CARTESIAN_POINT('',(-4.71240759914,-4.728069937856));
#233 = CARTESIAN_POINT('',(-4.712416454944,-4.728078560347));
#234 = CARTESIAN_POINT('',(-4.712424862871,-4.728086745904));
#235 = CARTESIAN_POINT('',(-4.712432061625,-4.728093753418));
#236 = CARTESIAN_POINT('',(-4.712438699848,-4.728100214614));
#237 = CARTESIAN_POINT('',(-4.712446836126,-4.728108134057));
#238 = CARTESIAN_POINT('',(-4.722587204695,-4.737979364971));
#239 = CARTESIAN_POINT('',(-4.732697854817,-4.748143619893));
#240 = CARTESIAN_POINT('',(-4.742789941394,-4.75863397794));
#241 = CARTESIAN_POINT('',(-4.752860123634,-4.769455825493));
#242 = CARTESIAN_POINT('',(-4.762906802755,-4.78063345982));
#243 = CARTESIAN_POINT('',(-4.772926545988,-4.792171803158));
#244 = CARTESIAN_POINT('',(-4.782917043821,-4.804087561791));
#245 = CARTESIAN_POINT('',(-4.803269824765,-4.829233447639));
#246 = CARTESIAN_POINT('',(-4.813629279712,-4.84249847796));
#247 = CARTESIAN_POINT('',(-4.823950488576,-4.856199496549));
#248 = CARTESIAN_POINT('',(-4.834230168489,-4.870348876405));
#249 = CARTESIAN_POINT('',(-4.844464965772,-4.884958001692));
#250 = CARTESIAN_POINT('',(-4.854651455936,-4.900037267736));
#251 = CARTESIAN_POINT('',(-4.864786143683,-4.915596081027));
#252 = CARTESIAN_POINT('',(-4.895115065717,-4.963881235425));
#253 = CARTESIAN_POINT('',(-4.915142187977,-4.998090510043));
#254 = CARTESIAN_POINT('',(-4.934916755092,-5.034336366605));
#255 = CARTESIAN_POINT('',(-4.954409066734,-5.072668237548));
#256 = CARTESIAN_POINT('',(-4.973589794042,-5.113118119478));
#257 = CARTESIAN_POINT('',(-4.992429976842,-5.155699388441));
#258 = CARTESIAN_POINT('',(-5.010901020861,-5.200405615197));
#259 = CARTESIAN_POINT('',(-5.047406105484,-5.294939543658));
#260 = CARTESIAN_POINT('',(-5.065425771163,-5.34485496138));
#261 = CARTESIAN_POINT('',(-5.08300401989,-5.396927927799));
#262 = CARTESIAN_POINT('',(-5.100113999188,-5.451114330811));
#263 = CARTESIAN_POINT('',(-5.116731377362,-5.507354779093));
#264 = CARTESIAN_POINT('',(-5.132834044666,-5.565575729128));
#265 = CARTESIAN_POINT('',(-5.148401814474,-5.625690612236));
#266 = CARTESIAN_POINT('',(-5.163416124444,-5.6876009616));
#267 = ( GEOMETRIC_REPRESENTATION_CONTEXT(2) 
PARAMETRIC_REPRESENTATION_CONTEXT() REPRESENTATION_CONTEXT('2D SPACE',''
  ) );
#268 = PCURVE('',#269,#274);
#269 = TOROIDAL_SURFACE('',#270,9.730026974913,0.5);
#270 = AXIS2_PLACEMENT_3D('',#271,#272,#273);
#271 = CARTESIAN_POINT('',(18.768209273803,-3.230026974913,0.5));
#272 = DIRECTION('',(0.,0.,1.));
#273 = DIRECTION('',(1.,-2.574404904179E-08,0.));
#274 = DEFINITIONAL_REPRESENTATION('',(#275),#327);
#275 = B_SPLINE_CURVE_WITH_KNOTS('',8,(#276,#277,#278,#279,#280,#281,
    #282,#283,#284,#285,#286,#287,#288,#289,#290,#291,#292,#293,#294,
    #295,#296,#297,#298,#299,#300,#301,#302,#303,#304,#305,#306,#307,
    #308,#309,#310,#311,#312,#313,#314,#315,#316,#317,#318,#319,#320,
    #321,#322,#323,#324,#325,#326),.UNSPECIFIED.,.F.,.F.,(9,7,7,7,7,7,7,
    9),(0.,5.834362026013E-04,8.9901207651E-04,1.104827692487E-03,
    0.160180800618,0.32622468153,0.659810965049,1.),.UNSPECIFIED.);
#276 = CARTESIAN_POINT('',(1.062936820448,4.712390203198));
#277 = CARTESIAN_POINT('',(1.062936782678,4.712390203179));
#278 = CARTESIAN_POINT('',(1.062936748111,4.712390265313));
#279 = CARTESIAN_POINT('',(1.062936720012,4.71239031628));
#280 = CARTESIAN_POINT('',(1.06293669367,4.712390352722));
#281 = CARTESIAN_POINT('',(1.062936656403,4.712390441234));
#282 = CARTESIAN_POINT('',(1.062936587554,4.712390718375));
#283 = CARTESIAN_POINT('',(1.062936458493,4.712391390657));
#284 = CARTESIAN_POINT('',(1.062936110441,4.712393461457));
#285 = CARTESIAN_POINT('',(1.062935924037,4.712394601638));
#286 = CARTESIAN_POINT('',(1.062935685492,4.712396080356));
#287 = CARTESIAN_POINT('',(1.06293537612,4.712398017318));
#288 = CARTESIAN_POINT('',(1.062934946463,4.712400726675));
#289 = CARTESIAN_POINT('',(1.062934316289,4.712404717026));
#290 = CARTESIAN_POINT('',(1.062933374591,4.712410691413));
#291 = CARTESIAN_POINT('',(1.062931069785,4.712425323073));
#292 = CARTESIAN_POINT('',(1.062927520092,4.712447871724));
#293 = CARTESIAN_POINT('',(1.062923112772,4.712475870676));
#294 = CARTESIAN_POINT('',(1.062918928393,4.712502455118));
#295 = CARTESIAN_POINT('',(1.062915345834,4.712525218037));
#296 = CARTESIAN_POINT('',(1.062912042281,4.71254621022));
#297 = CARTESIAN_POINT('',(1.062907993231,4.712571940247));
#298 = CARTESIAN_POINT('',(1.057861557144,4.744638125696));
#299 = CARTESIAN_POINT('',(1.052832779939,4.776612844233));
#300 = CARTESIAN_POINT('',(1.047815388736,4.808534297709));
#301 = CARTESIAN_POINT('',(1.042810910474,4.840417457742));
#302 = CARTESIAN_POINT('',(1.037819051985,4.872251622249));
#303 = CARTESIAN_POINT('',(1.0328412163,4.904049825118));
#304 = CARTESIAN_POINT('',(1.02787761955,4.935808803424));
#305 = CARTESIAN_POINT('',(1.017763606326,5.000644708531));
#306 = CARTESIAN_POINT('',(1.01261449747,5.033718278219));
#307 = CARTESIAN_POINT('',(1.007482346589,5.066754684594));
#308 = CARTESIAN_POINT('',(1.002367803478,5.099755598158));
#309 = CARTESIAN_POINT('',(0.997271488327,5.132722364856));
#310 = CARTESIAN_POINT('',(0.992193991721,5.165656006073));
#311 = CARTESIAN_POINT('',(0.987135874641,5.198557218642));
#312 = CARTESIAN_POINT('',(0.971975787034,5.297461326544));
#313 = CARTESIAN_POINT('',(0.961933777851,5.363370177652));
#314 = CARTESIAN_POINT('',(0.951976637643,5.42915205578));
#315 = CARTESIAN_POINT('',(0.942108221077,5.494805674741));
#316 = CARTESIAN_POINT('',(0.93233150899,5.560328913793));
#317 = CARTESIAN_POINT('',(0.922648876629,5.62571839688));
#318 = CARTESIAN_POINT('',(0.913062361883,5.690969071882));
#319 = CARTESIAN_POINT('',(0.893897698462,5.822467140763));
#320 = CARTESIAN_POINT('',(0.884322698709,5.888713976176));
#321 = CARTESIAN_POINT('',(0.874850867283,5.954808192457));
#322 = CARTESIAN_POINT('',(0.865482889731,6.020749418567));
#323 = CARTESIAN_POINT('',(0.856218568149,6.086543178821));
#324 = CARTESIAN_POINT('',(0.8470571852,6.152201055629));
#325 = CARTESIAN_POINT('',(0.83799786814,6.217740852238));
#326 = CARTESIAN_POINT('',(0.829039952841,6.283186755481));
#327 = ( GEOMETRIC_REPRESENTATION_CONTEXT(2) 
PARAMETRIC_REPRESENTATION_CONTEXT() REPRESENTATION_CONTEXT('2D SPACE',''
  ) );
#328 = ORIENTED_EDGE('',*,*,#329,.T.);
#329 = EDGE_CURVE('',#156,#330,#332,.T.);
#330 = VERTEX_POINT('',#331);
#331 = CARTESIAN_POINT('',(23.499999999999,-5.440656321647,
    1.050774224974E-13));
#332 = SURFACE_CURVE('',#333,(#337,#344),.PCURVE_S1.);
#333 = LINE('',#334,#335);
#334 = CARTESIAN_POINT('',(23.499999999999,10.,1.7807977315E-13));
#335 = VECTOR('',#336,1.);
#336 = DIRECTION('',(0.,-1.,1.110223024625E-15));
#337 = PCURVE('',#54,#338);
#338 = DEFINITIONAL_REPRESENTATION('',(#339),#343);
#339 = LINE('',#340,#341);
#340 = CARTESIAN_POINT('',(-4.712388980384,0.));
#341 = VECTOR('',#342,1.);
#342 = DIRECTION('',(-0.,-1.));
#343 = ( GEOMETRIC_REPRESENTATION_CONTEXT(2) 
PARAMETRIC_REPRESENTATION_CONTEXT() REPRESENTATION_CONTEXT('2D SPACE',''
  ) );
#344 = PCURVE('',#345,#350);
#345 = PLANE('',#346);
#346 = AXIS2_PLACEMENT_3D('',#347,#348,#349);
#347 = CARTESIAN_POINT('',(12.376103592919,5.41771568396E-09,0.));
#348 = DIRECTION('',(0.,0.,1.));
#349 = DIRECTION('',(1.,0.,0.));
#350 = DEFINITIONAL_REPRESENTATION('',(#351),#355);
#351 = LINE('',#352,#353);
#352 = CARTESIAN_POINT('',(11.12389640708,9.999999994582));
#353 = VECTOR('',#354,1.);
#354 = DIRECTION('',(0.,-1.));
#355 = ( GEOMETRIC_REPRESENTATION_CONTEXT(2) 
PARAMETRIC_REPRESENTATION_CONTEXT() REPRESENTATION_CONTEXT('2D SPACE',''
  ) );
#356 = ORIENTED_EDGE('',*,*,#357,.F.);
#357 = EDGE_CURVE('',#358,#330,#360,.T.);
#358 = VERTEX_POINT('',#359);
#359 = CARTESIAN_POINT('',(25.679434617676,-4.715758910596,
    0.499992805864));
#360 = SURFACE_CURVE('',#361,(#394,#430),.PCURVE_S1.);
#361 = B_SPLINE_CURVE_WITH_KNOTS('',6,(#362,#363,#364,#365,#366,#367,
    #368,#369,#370,#371,#372,#373,#374,#375,#376,#377,#378,#379,#380,
    #381,#382,#383,#384,#385,#386,#387,#388,#389,#390,#391,#392,#393),
  .UNSPECIFIED.,.F.,.F.,(7,5,5,5,5,5,7),(0.,0.12036300826,0.557583806288
    ,0.97062163135,0.985675523771,0.992698945038,1.),.UNSPECIFIED.);
#362 = CARTESIAN_POINT('',(25.679434873837,-4.715758720466,
    0.499992929928));
#363 = CARTESIAN_POINT('',(25.646372101314,-4.74029391225,0.483980031224
    ));
#364 = CARTESIAN_POINT('',(25.612606089076,-4.764366259888,
    0.467986380337));
#365 = CARTESIAN_POINT('',(25.578146907306,-4.787965912024,
    0.452039923061));
#366 = CARTESIAN_POINT('',(25.543005911559,-4.811084248839,
    0.436168456766));
#367 = CARTESIAN_POINT('',(25.507195742764,-4.833713882046,
    0.420399630398));
#368 = CARTESIAN_POINT('',(25.338269047683,-4.93625361643,0.347953135874
    ));
#369 = CARTESIAN_POINT('',(25.197138733581,-5.010143051183,
    0.292852159381));
#370 = CARTESIAN_POINT('',(25.048054155794,-5.077188265115,
    0.240794277669));
#371 = CARTESIAN_POINT('',(24.891899939447,-5.137357595112,
    0.193018307101));
#372 = CARTESIAN_POINT('',(24.729726645536,-5.190866252021,0.15056866205
    ));
#373 = CARTESIAN_POINT('',(24.404944401113,-5.282776854438,
    7.992424241384E-02));
#374 = CARTESIAN_POINT('',(24.242823150313,-5.321859873813,
    5.106372575427E-02));
#375 = CARTESIAN_POINT('',(24.077305995217,-5.355734411114,
    2.832747316755E-02));
#376 = CARTESIAN_POINT('',(23.909336422377,-5.384937778141,
    1.216961883372E-02));
#377 = CARTESIAN_POINT('',(23.739804083151,-5.410106980791,
    2.85181193959E-03));
#378 = CARTESIAN_POINT('',(23.563332765601,-5.432758330135,
    3.972679689132E-04));
#379 = CARTESIAN_POINT('',(23.557126146982,-5.433550466017,
    3.201850103339E-04));
#380 = CARTESIAN_POINT('',(23.550918582637,-5.434338235475,
    2.523387375263E-04));
#381 = CARTESIAN_POINT('',(23.544710112011,-5.435121673542,
    1.937342220319E-04));
#382 = CARTESIAN_POINT('',(23.538500774429,-5.435900815396,
    1.443762718017E-04));
#383 = CARTESIAN_POINT('',(23.529393245014,-5.4370372185,
    8.555751075862E-05));
#384 = CARTESIAN_POINT('',(23.526495838617,-5.437397795968,
    6.88601755946E-05));
#385 = CARTESIAN_POINT('',(23.523598395603,-5.437757432306,
    5.417753886608E-05));
#386 = CARTESIAN_POINT('',(23.520700921661,-5.438116131064,
    4.150969343563E-05));
#387 = CARTESIAN_POINT('',(23.517803422482,-5.438473895803,
    3.085671186591E-05));
#388 = CARTESIAN_POINT('',(23.511893846994,-5.43920166993,
    1.323912088723E-05));
#389 = CARTESIAN_POINT('',(23.510046096521,-5.439684772615,
    8.418639682469E-06));
#390 = CARTESIAN_POINT('',(23.507932190251,-5.439918421929,
    5.156539963526E-06));
#391 = CARTESIAN_POINT('',(23.505075772422,-5.439884345991,
    2.271232162341E-06));
#392 = CARTESIAN_POINT('',(23.501954593597,-5.439907617256,
    1.999847532597E-10));
#393 = CARTESIAN_POINT('',(23.50000051066,-5.440656652518,
    4.105049633552E-13));
#394 = PCURVE('',#54,#395);
#395 = DEFINITIONAL_REPRESENTATION('',(#396),#429);
#396 = B_SPLINE_CURVE_WITH_KNOTS('',6,(#397,#398,#399,#400,#401,#402,
    #403,#404,#405,#406,#407,#408,#409,#410,#411,#412,#413,#414,#415,
    #416,#417,#418,#419,#420,#421,#422,#423,#424,#425,#426,#427,#428),
  .UNSPECIFIED.,.F.,.F.,(7,5,5,5,5,5,7),(0.,0.12036300826,0.557583806288
    ,0.97062163135,0.985675523771,0.992698945038,1.),.UNSPECIFIED.);
#397 = CARTESIAN_POINT('',(-5.163412548198,-14.71575872046));
#398 = CARTESIAN_POINT('',(-5.156065276999,-14.74029391225));
#399 = CARTESIAN_POINT('',(-5.148593100752,-14.76436625988));
#400 = CARTESIAN_POINT('',(-5.140999553623,-14.78796591202));
#401 = CARTESIAN_POINT('',(-5.133288267519,-14.81108424883));
#402 = CARTESIAN_POINT('',(-5.125462972087,-14.83371388204));
#403 = CARTESIAN_POINT('',(-5.088701730063,-14.93625361643));
#404 = CARTESIAN_POINT('',(-5.058417055934,-15.01014305118));
#405 = CARTESIAN_POINT('',(-5.026867119933,-15.07718826511));
#406 = CARTESIAN_POINT('',(-4.994247096873,-15.13735759511));
#407 = CARTESIAN_POINT('',(-4.960749031735,-15.19086625202));
#408 = CARTESIAN_POINT('',(-4.894273730963,-15.28277685443));
#409 = CARTESIAN_POINT('',(-4.861363496614,-15.32185987381));
#410 = CARTESIAN_POINT('',(-4.82798933971,-15.35573441111));
#411 = CARTESIAN_POINT('',(-4.794282649817,-15.38493777814));
#412 = CARTESIAN_POINT('',(-4.760353539217,-15.41010698079));
#413 = CARTESIAN_POINT('',(-4.72505586184,-15.43275833013));
#414 = CARTESIAN_POINT('',(-4.723814443764,-15.43355046601));
#415 = CARTESIAN_POINT('',(-4.722572858811,-15.43433823547));
#416 = CARTESIAN_POINT('',(-4.721331111435,-15.43512167354));
#417 = CARTESIAN_POINT('',(-4.720089206065,-15.43590081539));
#418 = CARTESIAN_POINT('',(-4.718267662196,-15.4370372185));
#419 = CARTESIAN_POINT('',(-4.717688171434,-15.43739779596));
#420 = CARTESIAN_POINT('',(-4.717108675601,-15.4377574323));
#421 = CARTESIAN_POINT('',(-4.716529175485,-15.43811613106));
#422 = CARTESIAN_POINT('',(-4.715949671872,-15.4384738958));
#423 = CARTESIAN_POINT('',(-4.714767751522,-15.43920166993));
#424 = CARTESIAN_POINT('',(-4.714398200432,-15.43968477261));
#425 = CARTESIAN_POINT('',(-4.713975418868,-15.43991842192));
#426 = CARTESIAN_POINT('',(-4.713404135104,-15.43988434599));
#427 = CARTESIAN_POINT('',(-4.712779899104,-15.43990761725));
#428 = CARTESIAN_POINT('',(-4.712389082517,-15.44065665251));
#429 = ( GEOMETRIC_REPRESENTATION_CONTEXT(2) 
PARAMETRIC_REPRESENTATION_CONTEXT() REPRESENTATION_CONTEXT('2D SPACE',''
  ) );
#430 = PCURVE('',#431,#436);
#431 = TOROIDAL_SURFACE('',#432,11.097461019666,0.5);
#432 = AXIS2_PLACEMENT_3D('',#433,#434,#435);
#433 = CARTESIAN_POINT('',(18.768209210185,4.597461019645,0.5));
#434 = DIRECTION('',(0.,0.,1.));
#435 = DIRECTION('',(1.,1.069745718671E-08,0.));
#436 = DEFINITIONAL_REPRESENTATION('',(#437),#470);
#437 = B_SPLINE_CURVE_WITH_KNOTS('',6,(#438,#439,#440,#441,#442,#443,
    #444,#445,#446,#447,#448,#449,#450,#451,#452,#453,#454,#455,#456,
    #457,#458,#459,#460,#461,#462,#463,#464,#465,#466,#467,#468,#469),
  .UNSPECIFIED.,.F.,.F.,(7,5,5,5,5,5,7),(0.,0.12036300826,0.557583806288
    ,0.97062163135,0.985675523771,0.992698945038,1.),.UNSPECIFIED.);
#438 = CARTESIAN_POINT('',(5.350806934255,6.283171167035));
#439 = CARTESIAN_POINT('',(5.347256858416,6.251145369624));
#440 = CARTESIAN_POINT('',(5.343681872797,6.219158092924));
#441 = CARTESIAN_POINT('',(5.340082247469,6.187205979853));
#442 = CARTESIAN_POINT('',(5.336458268005,6.155286280278));
#443 = CARTESIAN_POINT('',(5.332810235482,6.123396851014));
#444 = CARTESIAN_POINT('',(5.315800699376,5.975801606006));
#445 = CARTESIAN_POINT('',(5.302147422147,5.860425664488));
#446 = CARTESIAN_POINT('',(5.28819905506,5.7453765486));
#447 = CARTESIAN_POINT('',(5.273972359858,5.630629757455));
#448 = CARTESIAN_POINT('',(5.259489188178,5.516161896791));
#449 = CARTESIAN_POINT('',(5.230889276372,5.294082782434));
#450 = CARTESIAN_POINT('',(5.216793713398,5.186420207324));
#451 = CARTESIAN_POINT('',(5.202519852834,5.078941185651));
#452 = CARTESIAN_POINT('',(5.188090726349,4.971547310607));
#453 = CARTESIAN_POINT('',(5.173531720784,4.86409286897));
#454 = CARTESIAN_POINT('',(5.158337363143,4.752447513201));
#455 = CARTESIAN_POINT('',(5.157802916708,4.748521133039));
#456 = CARTESIAN_POINT('',(5.157268336445,4.74459438369));
#457 = CARTESIAN_POINT('',(5.156733623704,4.740667254775));
#458 = CARTESIAN_POINT('',(5.156198779843,4.736739735804));
#459 = CARTESIAN_POINT('',(5.155414213293,4.73097923803));
#460 = CARTESIAN_POINT('',(5.155164603995,4.729146659874));
#461 = CARTESIAN_POINT('',(5.154914978617,4.727314081707));
#462 = CARTESIAN_POINT('',(5.154665337447,4.725481503528));
#463 = CARTESIAN_POINT('',(5.154415680775,4.723648925339));
#464 = CARTESIAN_POINT('',(5.153906467552,4.719911327682));
#465 = CARTESIAN_POINT('',(5.153737416051,4.719205588667));
#466 = CARTESIAN_POINT('',(5.153556216734,4.71782290481));
#467 = CARTESIAN_POINT('',(5.153324773373,4.715323006239));
#468 = CARTESIAN_POINT('',(5.153069531159,4.712701578492));
#469 = CARTESIAN_POINT('',(5.152881476708,4.712390262518));
#470 = ( GEOMETRIC_REPRESENTATION_CONTEXT(2) 
PARAMETRIC_REPRESENTATION_CONTEXT() REPRESENTATION_CONTEXT('2D SPACE',''
  ) );
#471 = ORIENTED_EDGE('',*,*,#472,.T.);
#472 = EDGE_CURVE('',#358,#473,#475,.T.);
#473 = VERTEX_POINT('',#474);
#474 = CARTESIAN_POINT('',(27.086084717887,-3.484249760911,
    1.515750239129));
#475 = SURFACE_CURVE('',#476,(#484,#495),.PCURVE_S1.);
#476 = B_SPLINE_CURVE_WITH_KNOTS('',6,(#477,#478,#479,#480,#481,#482,
    #483),.UNSPECIFIED.,.F.,.F.,(7,7),(0.,1.),.PIECEWISE_BEZIER_KNOTS.);
#477 = CARTESIAN_POINT('',(25.679434617676,-4.715758910596,
    0.499992805864));
#478 = CARTESIAN_POINT('',(25.956437729484,-4.510198324824,
    0.634150407182));
#479 = CARTESIAN_POINT('',(26.215297387507,-4.302770298507,
    0.784782162718));
#480 = CARTESIAN_POINT('',(26.456803834642,-4.095133034314,0.94945292096
    ));
#481 = CARTESIAN_POINT('',(26.68193360799,-3.888635502148,1.126636607686
    ));
#482 = CARTESIAN_POINT('',(26.891514368447,-3.684505868569,
    1.315493138011));
#483 = CARTESIAN_POINT('',(27.086084717887,-3.484249760911,
    1.515750239129));
#484 = PCURVE('',#54,#485);
#485 = DEFINITIONAL_REPRESENTATION('',(#486),#494);
#486 = B_SPLINE_CURVE_WITH_KNOTS('',6,(#487,#488,#489,#490,#491,#492,
    #493),.UNSPECIFIED.,.F.,.F.,(7,7),(0.,1.),.PIECEWISE_BEZIER_KNOTS.);
#487 = CARTESIAN_POINT('',(-5.163412491274,-14.71575891059));
#488 = CARTESIAN_POINT('',(-5.224968639933,-14.51019832482));
#489 = CARTESIAN_POINT('',(-5.28469520122,-14.3027702985));
#490 = CARTESIAN_POINT('',(-5.342941526731,-14.09513303431));
#491 = CARTESIAN_POINT('',(-5.400046921532,-13.88863550214));
#492 = CARTESIAN_POINT('',(-5.456346454457,-13.68450586856));
#493 = CARTESIAN_POINT('',(-5.512189279396,-13.48424976091));
#494 = ( GEOMETRIC_REPRESENTATION_CONTEXT(2) 
PARAMETRIC_REPRESENTATION_CONTEXT() REPRESENTATION_CONTEXT('2D SPACE',''
  ) );
#495 = PCURVE('',#496,#501);
#496 = CYLINDRICAL_SURFACE('',#497,11.597461019645);
#497 = AXIS2_PLACEMENT_3D('',#498,#499,#500);
#498 = CARTESIAN_POINT('',(18.768209210185,4.597461019645,0.499992805864
    ));
#499 = DIRECTION('',(0.,0.,1.));
#500 = DIRECTION('',(1.,0.,0.));
#501 = DEFINITIONAL_REPRESENTATION('',(#502),#510);
#502 = B_SPLINE_CURVE_WITH_KNOTS('',6,(#503,#504,#505,#506,#507,#508,
    #509),.UNSPECIFIED.,.F.,.F.,(7,7),(0.,1.),.PIECEWISE_BEZIER_KNOTS.);
#503 = CARTESIAN_POINT('',(5.350806917445,0.));
#504 = CARTESIAN_POINT('',(5.380549918672,0.134157601318));
#505 = CARTESIAN_POINT('',(5.409132564944,0.284789356854));
#506 = CARTESIAN_POINT('',(5.43657180193,0.449460115096));
#507 = CARTESIAN_POINT('',(5.462894554777,0.626643801821));
#508 = CARTESIAN_POINT('',(5.488111408656,0.815500332147));
#509 = CARTESIAN_POINT('',(5.512186799959,1.015757433264));
#510 = ( GEOMETRIC_REPRESENTATION_CONTEXT(2) 
PARAMETRIC_REPRESENTATION_CONTEXT() REPRESENTATION_CONTEXT('2D SPACE',''
  ) );
#511 = ORIENTED_EDGE('',*,*,#512,.T.);
#512 = EDGE_CURVE('',#473,#22,#513,.T.);
#513 = SURFACE_CURVE('',#514,(#519,#529),.PCURVE_S1.);
#514 = ELLIPSE('',#515,6.971409815329,5.);
#515 = AXIS2_PLACEMENT_3D('',#516,#517,#518);
#516 = CARTESIAN_POINT('',(23.5,1.901643821967E-05,5.));
#517 = DIRECTION('',(-0.696851906888,-0.717215044367,2.480243764506E-14)
  );
#518 = DIRECTION('',(-0.717215044367,0.696851906888,2.393400696262E-14)
  );
#519 = PCURVE('',#54,#520);
#520 = DEFINITIONAL_REPRESENTATION('',(#521),#528);
#521 = B_SPLINE_CURVE_WITH_KNOTS('',5,(#522,#523,#524,#525,#526,#527),
  .UNSPECIFIED.,.F.,.F.,(6,6),(2.26308009893,2.381365492896),
  .PIECEWISE_BEZIER_KNOTS.);
#522 = CARTESIAN_POINT('',(-5.40467275252,-13.10085285685));
#523 = CARTESIAN_POINT('',(-5.428329831313,-13.18932257762));
#524 = CARTESIAN_POINT('',(-5.451986910106,-13.27562301639));
#525 = CARTESIAN_POINT('',(-5.475643988899,-13.35965101983));
#526 = CARTESIAN_POINT('',(-5.499301067692,-13.44130850119));
#527 = CARTESIAN_POINT('',(-5.522958146486,-13.52050312509));
#528 = ( GEOMETRIC_REPRESENTATION_CONTEXT(2) 
PARAMETRIC_REPRESENTATION_CONTEXT() REPRESENTATION_CONTEXT('2D SPACE',''
  ) );
#529 = PCURVE('',#86,#530);
#530 = DEFINITIONAL_REPRESENTATION('',(#531),#535);
#531 = ELLIPSE('',#532,6.971409815329,5.);
#532 = AXIS2_PLACEMENT_2D('',#533,#534);
#533 = CARTESIAN_POINT('',(5.325251427246,-3.569495584431));
#534 = DIRECTION('',(1.,-2.393400696262E-14));
#535 = ( GEOMETRIC_REPRESENTATION_CONTEXT(2) 
PARAMETRIC_REPRESENTATION_CONTEXT() REPRESENTATION_CONTEXT('2D SPACE',''
  ) );
#536 = ORIENTED_EDGE('',*,*,#21,.T.);
#537 = ORIENTED_EDGE('',*,*,#538,.F.);
#538 = EDGE_CURVE('',#539,#24,#541,.T.);
#539 = VERTEX_POINT('',#540);
#540 = CARTESIAN_POINT('',(28.019371327557,-2.138991071429,
    2.861008928571));
#541 = SURFACE_CURVE('',#542,(#547,#557),.PCURVE_S1.);
#542 = ELLIPSE('',#543,7.071067811865,5.);
#543 = AXIS2_PLACEMENT_3D('',#544,#545,#546);
#544 = CARTESIAN_POINT('',(23.5,-2.15326596906E-21,5.));
#545 = DIRECTION('',(0.,0.707106781187,-0.707106781187));
#546 = DIRECTION('',(0.,-0.707106781187,-0.707106781187));
#547 = PCURVE('',#54,#548);
#548 = DEFINITIONAL_REPRESENTATION('',(#549),#556);
#549 = B_SPLINE_CURVE_WITH_KNOTS('',5,(#550,#551,#552,#553,#554,#555),
  .UNSPECIFIED.,.F.,.F.,(6,6),(5.154444273829,5.446739567979),
  .PIECEWISE_BEZIER_KNOTS.);
#550 = CARTESIAN_POINT('',(-5.841130013735,-12.13899047142));
#551 = CARTESIAN_POINT('',(-5.782670954905,-12.40318868234));
#552 = CARTESIAN_POINT('',(-5.724211896075,-12.65824954736));
#553 = CARTESIAN_POINT('',(-5.665752837245,-12.9022917191));
#554 = CARTESIAN_POINT('',(-5.607293778415,-13.13356541733));
#555 = CARTESIAN_POINT('',(-5.548834719585,-13.35052630086));
#556 = ( GEOMETRIC_REPRESENTATION_CONTEXT(2) 
PARAMETRIC_REPRESENTATION_CONTEXT() REPRESENTATION_CONTEXT('2D SPACE',''
  ) );
#557 = PCURVE('',#140,#558);
#558 = DEFINITIONAL_REPRESENTATION('',(#559),#585);
#559 = B_SPLINE_CURVE_WITH_KNOTS('',3,(#560,#561,#562,#563,#564,#565,
    #566,#567,#568,#569,#570,#571,#572,#573,#574,#575,#576,#577,#578,
    #579,#580,#581,#582,#583,#584),.UNSPECIFIED.,.F.,.F.,(4,1,1,1,1,1,1,
    1,1,1,1,1,1,1,1,1,1,1,1,1,1,1,4),(5.154444406591,5.16773055029,
    5.18101669399,5.194302837689,5.207588981389,5.220875125088,
    5.234161268788,5.247447412487,5.260733556187,5.274019699886,
    5.287305843586,5.300591987285,5.313878130985,5.327164274684,
    5.340450418384,5.353736562083,5.367022705783,5.380308849482,
    5.393594993181,5.406881136881,5.42016728058,5.43345342428,
    5.446739567979),.QUASI_UNIFORM_KNOTS.);
#560 = CARTESIAN_POINT('',(-5.841129880974,5.));
#561 = CARTESIAN_POINT('',(-5.836701166407,5.020015011371));
#562 = CARTESIAN_POINT('',(-5.827843737274,5.059919152976));
#563 = CARTESIAN_POINT('',(-5.814557593575,5.119387231906));
#564 = CARTESIAN_POINT('',(-5.801271449875,5.178456659831));
#565 = CARTESIAN_POINT('',(-5.787985306176,5.237117015306));
#566 = CARTESIAN_POINT('',(-5.774699162476,5.295357942208));
#567 = CARTESIAN_POINT('',(-5.761413018777,5.353169160296));
#568 = CARTESIAN_POINT('',(-5.748126875077,5.410540464686));
#569 = CARTESIAN_POINT('',(-5.734840731378,5.467461728279));
#570 = CARTESIAN_POINT('',(-5.721554587678,5.523922903382));
#571 = CARTESIAN_POINT('',(-5.708268443979,5.579914023526));
#572 = CARTESIAN_POINT('',(-5.694982300279,5.635425205214));
#573 = CARTESIAN_POINT('',(-5.68169615658,5.690446649666));
#574 = CARTESIAN_POINT('',(-5.66841001288,5.74496864455));
#575 = CARTESIAN_POINT('',(-5.655123869181,5.798981565699));
#576 = CARTESIAN_POINT('',(-5.641837725481,5.852475878801));
#577 = CARTESIAN_POINT('',(-5.628551581782,5.905442141104));
#578 = CARTESIAN_POINT('',(-5.615265438082,5.957871003014));
#579 = CARTESIAN_POINT('',(-5.601979294383,6.009753209995));
#580 = CARTESIAN_POINT('',(-5.588693150683,6.06107960327));
#581 = CARTESIAN_POINT('',(-5.575407006984,6.111841124922));
#582 = CARTESIAN_POINT('',(-5.562120863284,6.162028806493));
#583 = CARTESIAN_POINT('',(-5.553263434151,6.195098814874));
#584 = CARTESIAN_POINT('',(-5.548834719585,6.211535229433));
#585 = ( GEOMETRIC_REPRESENTATION_CONTEXT(2) 
PARAMETRIC_REPRESENTATION_CONTEXT() REPRESENTATION_CONTEXT('2D SPACE',''
  ) );
#586 = ORIENTED_EDGE('',*,*,#587,.F.);
#587 = EDGE_CURVE('',#588,#539,#590,.T.);
#588 = VERTEX_POINT('',#589);
#589 = CARTESIAN_POINT('',(28.5,0.,5.));
#590 = SURFACE_CURVE('',#591,(#596,#607),.PCURVE_S1.);
#591 = ELLIPSE('',#592,7.071067811865,5.);
#592 = AXIS2_PLACEMENT_3D('',#593,#594,#595);
#593 = CARTESIAN_POINT('',(23.5,0.,5.));
#594 = DIRECTION('',(0.,0.707106781187,-0.707106781187));
#595 = DIRECTION('',(0.,-0.707106781187,-0.707106781187));
#596 = PCURVE('',#54,#597);
#597 = DEFINITIONAL_REPRESENTATION('',(#598),#606);
#598 = B_SPLINE_CURVE_WITH_KNOTS('',6,(#599,#600,#601,#602,#603,#604,
    #605),.UNSPECIFIED.,.F.,.F.,(7,7),(4.712388980385,5.507439849878),
  .PIECEWISE_BEZIER_KNOTS.);
#599 = CARTESIAN_POINT('',(-6.28318530718,-10.));
#600 = CARTESIAN_POINT('',(-6.150676828931,-10.66254239124));
#601 = CARTESIAN_POINT('',(-6.018168350682,-11.32508370944));
#602 = CARTESIAN_POINT('',(-5.885659872433,-11.96669199477));
#603 = CARTESIAN_POINT('',(-5.753151394184,-12.56639862612));
#604 = CARTESIAN_POINT('',(-5.620642915935,-13.10555185235));
#605 = CARTESIAN_POINT('',(-5.488134437686,-13.56949613571));
#606 = ( GEOMETRIC_REPRESENTATION_CONTEXT(2) 
PARAMETRIC_REPRESENTATION_CONTEXT() REPRESENTATION_CONTEXT('2D SPACE',''
  ) );
#607 = PCURVE('',#140,#608);
#608 = DEFINITIONAL_REPRESENTATION('',(#609),#635);
#609 = B_SPLINE_CURVE_WITH_KNOTS('',3,(#610,#611,#612,#613,#614,#615,
    #616,#617,#618,#619,#620,#621,#622,#623,#624,#625,#626,#627,#628,
    #629,#630,#631,#632,#633,#634),.UNSPECIFIED.,.F.,.F.,(4,1,1,1,1,1,1,
    1,1,1,1,1,1,1,1,1,1,1,1,1,1,1,4),(4.712388980385,4.732482408849,
    4.752575837313,4.772669265776,4.79276269424,4.812856122704,
    4.832949551168,4.853042979632,4.873136408096,4.89322983656,
    4.913323265024,4.933416693488,4.953510121952,4.973603550416,
    4.993696978879,5.013790407343,5.033883835807,5.053977264271,
    5.074070692735,5.094164121199,5.114257549663,5.134350978127,
    5.154444406591),.QUASI_UNIFORM_KNOTS.);
#610 = CARTESIAN_POINT('',(-6.28318530718,2.861008928571));
#611 = CARTESIAN_POINT('',(-6.276487497692,2.894497977649));
#612 = CARTESIAN_POINT('',(-6.263091878716,2.961476070026));
#613 = CARTESIAN_POINT('',(-6.242998450252,3.061902651407));
#614 = CARTESIAN_POINT('',(-6.222905021788,3.162248124263));
#615 = CARTESIAN_POINT('',(-6.202811593324,3.262471977463));
#616 = CARTESIAN_POINT('',(-6.18271816486,3.362533746981));
#617 = CARTESIAN_POINT('',(-6.162624736396,3.462393034763));
#618 = CARTESIAN_POINT('',(-6.142531307932,3.56200952436));
#619 = CARTESIAN_POINT('',(-6.122437879468,3.661342997387));
#620 = CARTESIAN_POINT('',(-6.102344451004,3.760353349713));
#621 = CARTESIAN_POINT('',(-6.08225102254,3.859000607662));
#622 = CARTESIAN_POINT('',(-6.062157594077,3.957244944152));
#623 = CARTESIAN_POINT('',(-6.042064165613,4.055046694772));
#624 = CARTESIAN_POINT('',(-6.021970737149,4.152366373798));
#625 = CARTESIAN_POINT('',(-6.001877308685,4.249164690136));
#626 = CARTESIAN_POINT('',(-5.981783880221,4.345402563171));
#627 = CARTESIAN_POINT('',(-5.961690451757,4.441041138603));
#628 = CARTESIAN_POINT('',(-5.941597023293,4.536041803917));
#629 = CARTESIAN_POINT('',(-5.921503594829,4.630366204778));
#630 = CARTESIAN_POINT('',(-5.901410166365,4.723976257511));
#631 = CARTESIAN_POINT('',(-5.881316737901,4.816834175697));
#632 = CARTESIAN_POINT('',(-5.861223309437,4.908902443542));
#633 = CARTESIAN_POINT('',(-5.847827690462,4.96973013941));
#634 = CARTESIAN_POINT('',(-5.841129880974,5.));
#635 = ( GEOMETRIC_REPRESENTATION_CONTEXT(2) 
PARAMETRIC_REPRESENTATION_CONTEXT() REPRESENTATION_CONTEXT('2D SPACE',''
  ) );
#636 = ORIENTED_EDGE('',*,*,#637,.F.);
#637 = EDGE_CURVE('',#638,#588,#640,.T.);
#638 = VERTEX_POINT('',#639);
#639 = CARTESIAN_POINT('',(28.019371327557,2.138991071429,2.861008928571
    ));
#640 = SURFACE_CURVE('',#641,(#646,#657),.PCURVE_S1.);
#641 = ELLIPSE('',#642,7.071067811865,5.);
#642 = AXIS2_PLACEMENT_3D('',#643,#644,#645);
#643 = CARTESIAN_POINT('',(23.5,0.,5.));
#644 = DIRECTION('',(0.,-0.707106781187,-0.707106781187));
#645 = DIRECTION('',(0.,0.707106781187,-0.707106781187));
#646 = PCURVE('',#54,#647);
#647 = DEFINITIONAL_REPRESENTATION('',(#648),#656);
#648 = B_SPLINE_CURVE_WITH_KNOTS('',6,(#649,#650,#651,#652,#653,#654,
    #655),.UNSPECIFIED.,.F.,.F.,(7,7),(0.775745457301,1.570796326795),
  .PIECEWISE_BEZIER_KNOTS.);
#649 = CARTESIAN_POINT('',(-5.488134437686,-6.430503864285));
#650 = CARTESIAN_POINT('',(-5.620642915935,-6.894448147645));
#651 = CARTESIAN_POINT('',(-5.753151394184,-7.433601373873));
#652 = CARTESIAN_POINT('',(-5.885659872432,-8.033308005227));
#653 = CARTESIAN_POINT('',(-6.018168350682,-8.67491629056));
#654 = CARTESIAN_POINT('',(-6.150676828931,-9.337457608755));
#655 = CARTESIAN_POINT('',(-6.28318530718,-10.));
#656 = ( GEOMETRIC_REPRESENTATION_CONTEXT(2) 
PARAMETRIC_REPRESENTATION_CONTEXT() REPRESENTATION_CONTEXT('2D SPACE',''
  ) );
#657 = PCURVE('',#140,#658);
#658 = DEFINITIONAL_REPRESENTATION('',(#659),#685);
#659 = B_SPLINE_CURVE_WITH_KNOTS('',3,(#660,#661,#662,#663,#664,#665,
    #666,#667,#668,#669,#670,#671,#672,#673,#674,#675,#676,#677,#678,
    #679,#680,#681,#682,#683,#684),.UNSPECIFIED.,.F.,.F.,(4,1,1,1,1,1,1,
    1,1,1,1,1,1,1,1,1,1,1,1,1,1,1,4),(1.128740900589,1.148834329053,
    1.168927757517,1.189021185981,1.209114614445,1.229208042908,
    1.249301471372,1.269394899836,1.2894883283,1.309581756764,
    1.329675185228,1.349768613692,1.369862042156,1.38995547062,
    1.410048899084,1.430142327548,1.450235756011,1.470329184475,
    1.490422612939,1.510516041403,1.530609469867,1.550702898331,
    1.570796326795),.QUASI_UNIFORM_KNOTS.);
#660 = CARTESIAN_POINT('',(-0.442055426206,5.));
#661 = CARTESIAN_POINT('',(-0.435357616718,4.96973013941));
#662 = CARTESIAN_POINT('',(-0.421961997742,4.908902443542));
#663 = CARTESIAN_POINT('',(-0.401868569278,4.816834175697));
#664 = CARTESIAN_POINT('',(-0.381775140814,4.723976257511));
#665 = CARTESIAN_POINT('',(-0.36168171235,4.630366204778));
#666 = CARTESIAN_POINT('',(-0.341588283886,4.536041803917));
#667 = CARTESIAN_POINT('',(-0.321494855423,4.441041138603));
#668 = CARTESIAN_POINT('',(-0.301401426959,4.345402563171));
#669 = CARTESIAN_POINT('',(-0.281307998495,4.249164690136));
#670 = CARTESIAN_POINT('',(-0.261214570031,4.152366373798));
#671 = CARTESIAN_POINT('',(-0.241121141567,4.055046694772));
#672 = CARTESIAN_POINT('',(-0.221027713103,3.957244944152));
#673 = CARTESIAN_POINT('',(-0.200934284639,3.859000607662));
#674 = CARTESIAN_POINT('',(-0.180840856175,3.760353349713));
#675 = CARTESIAN_POINT('',(-0.160747427711,3.661342997387));
#676 = CARTESIAN_POINT('',(-0.140653999247,3.56200952436));
#677 = CARTESIAN_POINT('',(-0.120560570783,3.462393034763));
#678 = CARTESIAN_POINT('',(-0.10046714232,3.362533746981));
#679 = CARTESIAN_POINT('',(-8.037371385564E-02,3.262471977463));
#680 = CARTESIAN_POINT('',(-6.028028539173E-02,3.162248124263));
#681 = CARTESIAN_POINT('',(-4.018685692782E-02,3.061902651407));
#682 = CARTESIAN_POINT('',(-2.009342846391E-02,2.961476070026));
#683 = CARTESIAN_POINT('',(-6.69780948797E-03,2.894497977649));
#684 = CARTESIAN_POINT('',(0.,2.861008928571));
#685 = ( GEOMETRIC_REPRESENTATION_CONTEXT(2) 
PARAMETRIC_REPRESENTATION_CONTEXT() REPRESENTATION_CONTEXT('2D SPACE',''
  ) );
#686 = ORIENTED_EDGE('',*,*,#687,.F.);
#687 = EDGE_CURVE('',#688,#638,#690,.T.);
#688 = VERTEX_POINT('',#689);
#689 = CARTESIAN_POINT('',(27.629598989793,2.818938130485,2.181061869516
    ));
#690 = SURFACE_CURVE('',#691,(#696,#706),.PCURVE_S1.);
#691 = ELLIPSE('',#692,7.071067811865,5.);
#692 = AXIS2_PLACEMENT_3D('',#693,#694,#695);
#693 = CARTESIAN_POINT('',(23.5,-2.15326596906E-21,5.));
#694 = DIRECTION('',(0.,-0.707106781187,-0.707106781187));
#695 = DIRECTION('',(0.,0.707106781187,-0.707106781187));
#696 = PCURVE('',#54,#697);
#697 = DEFINITIONAL_REPRESENTATION('',(#698),#705);
#698 = B_SPLINE_CURVE_WITH_KNOTS('',5,(#699,#700,#701,#702,#703,#704),
  .UNSPECIFIED.,.F.,.F.,(6,6),(0.971831717462,1.128741033351),
  .PIECEWISE_BEZIER_KNOTS.);
#699 = CARTESIAN_POINT('',(-5.684220697847,-7.181061869515));
#700 = CARTESIAN_POINT('',(-5.715602561024,-7.310656379992));
#701 = CARTESIAN_POINT('',(-5.746984424202,-7.443721077345));
#702 = CARTESIAN_POINT('',(-5.77836628738,-7.579990078654));
#703 = CARTESIAN_POINT('',(-5.809748150558,-7.719183227008));
#704 = CARTESIAN_POINT('',(-5.841130013735,-7.861009528571));
#705 = ( GEOMETRIC_REPRESENTATION_CONTEXT(2) 
PARAMETRIC_REPRESENTATION_CONTEXT() REPRESENTATION_CONTEXT('2D SPACE',''
  ) );
#706 = PCURVE('',#140,#707);
#707 = DEFINITIONAL_REPRESENTATION('',(#708),#734);
#708 = B_SPLINE_CURVE_WITH_KNOTS('',3,(#709,#710,#711,#712,#713,#714,
    #715,#716,#717,#718,#719,#720,#721,#722,#723,#724,#725,#726,#727,
    #728,#729,#730,#731,#732,#733),.UNSPECIFIED.,.F.,.F.,(4,1,1,1,1,1,1,
    1,1,1,1,1,1,1,1,1,1,1,1,1,1,1,4),(0.971831717462,0.978963953059,
    0.986096188655,0.993228424252,1.000360659849,1.007492895445,
    1.014625131042,1.021757366639,1.028889602235,1.036021837832,
    1.043154073429,1.050286309025,1.057418544622,1.064550780219,
    1.071683015815,1.078815251412,1.085947487009,1.093079722605,
    1.100211958202,1.107344193799,1.114476429396,1.121608664992,
    1.128740900589),.QUASI_UNIFORM_KNOTS.);
#709 = CARTESIAN_POINT('',(-0.598964609333,5.679947059056));
#710 = CARTESIAN_POINT('',(-0.596587197467,5.670129302018));
#711 = CARTESIAN_POINT('',(-0.591832373736,5.650445987008));
#712 = CARTESIAN_POINT('',(-0.58470013814,5.620779121493));
#713 = CARTESIAN_POINT('',(-0.577567902543,5.59097186997));
#714 = CARTESIAN_POINT('',(-0.570435666946,5.561025749258));
#715 = CARTESIAN_POINT('',(-0.56330343135,5.530942282523));
#716 = CARTESIAN_POINT('',(-0.556171195753,5.500723000107));
#717 = CARTESIAN_POINT('',(-0.549038960156,5.470369439212));
#718 = CARTESIAN_POINT('',(-0.541906724559,5.439883143882));
#719 = CARTESIAN_POINT('',(-0.534774488963,5.409265664911));
#720 = CARTESIAN_POINT('',(-0.527642253366,5.378518559767));
#721 = CARTESIAN_POINT('',(-0.520510017769,5.34764339251));
#722 = CARTESIAN_POINT('',(-0.513377782173,5.316641733716));
#723 = CARTESIAN_POINT('',(-0.506245546576,5.285515160396));
#724 = CARTESIAN_POINT('',(-0.499113310979,5.254265255913));
#725 = CARTESIAN_POINT('',(-0.491981075383,5.222893609906));
#726 = CARTESIAN_POINT('',(-0.484848839786,5.191401818205));
#727 = CARTESIAN_POINT('',(-0.477716604189,5.159791482751));
#728 = CARTESIAN_POINT('',(-0.470584368593,5.128064211525));
#729 = CARTESIAN_POINT('',(-0.463452132996,5.096221618416));
#730 = CARTESIAN_POINT('',(-0.456319897399,5.06426532333));
#731 = CARTESIAN_POINT('',(-0.449187661803,5.032196951393));
#732 = CARTESIAN_POINT('',(-0.444432838072,5.010744407489));
#733 = CARTESIAN_POINT('',(-0.442055426206,5.));
#734 = ( GEOMETRIC_REPRESENTATION_CONTEXT(2) 
PARAMETRIC_REPRESENTATION_CONTEXT() REPRESENTATION_CONTEXT('2D SPACE',''
  ) );
#735 = ORIENTED_EDGE('',*,*,#736,.F.);
#736 = EDGE_CURVE('',#737,#688,#739,.T.);
#737 = VERTEX_POINT('',#738);
#738 = CARTESIAN_POINT('',(27.00124286797,3.569495535715,1.430504464286)
  );
#739 = SURFACE_CURVE('',#740,(#745,#756),.PCURVE_S1.);
#740 = ELLIPSE('',#741,7.071067811865,5.);
#741 = AXIS2_PLACEMENT_3D('',#742,#743,#744);
#742 = CARTESIAN_POINT('',(23.5,0.,5.));
#743 = DIRECTION('',(0.,-0.707106781187,-0.707106781187));
#744 = DIRECTION('',(0.,0.707106781187,-0.707106781187));
#745 = PCURVE('',#54,#746);
#746 = DEFINITIONAL_REPRESENTATION('',(#747),#755);
#747 = B_SPLINE_CURVE_WITH_KNOTS('',6,(#748,#749,#750,#751,#752,#753,
    #754),.UNSPECIFIED.,.F.,.F.,(7,7),(0.775745457301,1.570796326795),
  .PIECEWISE_BEZIER_KNOTS.);
#748 = CARTESIAN_POINT('',(-5.488134437686,-6.430503864285));
#749 = CARTESIAN_POINT('',(-5.620642915935,-6.894448147645));
#750 = CARTESIAN_POINT('',(-5.753151394184,-7.433601373873));
#751 = CARTESIAN_POINT('',(-5.885659872432,-8.033308005227));
#752 = CARTESIAN_POINT('',(-6.018168350682,-8.67491629056));
#753 = CARTESIAN_POINT('',(-6.150676828931,-9.337457608755));
#754 = CARTESIAN_POINT('',(-6.28318530718,-10.));
#755 = ( GEOMETRIC_REPRESENTATION_CONTEXT(2) 
PARAMETRIC_REPRESENTATION_CONTEXT() REPRESENTATION_CONTEXT('2D SPACE',''
  ) );
#756 = PCURVE('',#140,#757);
#757 = DEFINITIONAL_REPRESENTATION('',(#758),#784);
#758 = B_SPLINE_CURVE_WITH_KNOTS('',3,(#759,#760,#761,#762,#763,#764,
    #765,#766,#767,#768,#769,#770,#771,#772,#773,#774,#775,#776,#777,
    #778,#779,#780,#781,#782,#783),.UNSPECIFIED.,.F.,.F.,(4,1,1,1,1,1,1,
    1,1,1,1,1,1,1,1,1,1,1,1,1,1,1,4),(0.775745628669,0.784658632705,
    0.793571636741,0.802484640777,0.811397644813,0.820310648849,
    0.829223652885,0.838136656921,0.847049660957,0.855962664993,
    0.864875669029,0.873788673065,0.882701677101,0.891614681138,
    0.900527685174,0.90944068921,0.918353693246,0.927266697282,
    0.936179701318,0.945092705354,0.95400570939,0.962918713426,
    0.971831717462),.QUASI_UNIFORM_KNOTS.);
#759 = CARTESIAN_POINT('',(-0.795050698126,6.430504464286));
#760 = CARTESIAN_POINT('',(-0.792079696781,6.420102268872));
#761 = CARTESIAN_POINT('',(-0.78613769409,6.399203348792));
#762 = CARTESIAN_POINT('',(-0.777224690054,6.367573895732));
#763 = CARTESIAN_POINT('',(-0.768311686018,6.335665875856));
#764 = CARTESIAN_POINT('',(-0.759398681982,6.303481825729));
#765 = CARTESIAN_POINT('',(-0.750485677946,6.271024301617));
#766 = CARTESIAN_POINT('',(-0.74157267391,6.238295882109));
#767 = CARTESIAN_POINT('',(-0.732659669874,6.205299167151));
#768 = CARTESIAN_POINT('',(-0.723746665838,6.17203677805));
#769 = CARTESIAN_POINT('',(-0.714833661802,6.138511357205));
#770 = CARTESIAN_POINT('',(-0.705920657766,6.104725567912));
#771 = CARTESIAN_POINT('',(-0.697007653729,6.070682094152));
#772 = CARTESIAN_POINT('',(-0.688094649693,6.036383640377));
#773 = CARTESIAN_POINT('',(-0.679181645657,6.001832931294));
#774 = CARTESIAN_POINT('',(-0.670268641621,5.967032711651));
#775 = CARTESIAN_POINT('',(-0.661355637585,5.931985746014));
#776 = CARTESIAN_POINT('',(-0.652442633549,5.896694818556));
#777 = CARTESIAN_POINT('',(-0.643529629513,5.861162732821));
#778 = CARTESIAN_POINT('',(-0.634616625477,5.825392311544));
#779 = CARTESIAN_POINT('',(-0.625703621441,5.789386396264));
#780 = CARTESIAN_POINT('',(-0.616790617405,5.753147847715));
#781 = CARTESIAN_POINT('',(-0.607877613369,5.716679543301));
#782 = CARTESIAN_POINT('',(-0.601935610678,5.692216104716));
#783 = CARTESIAN_POINT('',(-0.598964609333,5.679947059056));
#784 = ( GEOMETRIC_REPRESENTATION_CONTEXT(2) 
PARAMETRIC_REPRESENTATION_CONTEXT() REPRESENTATION_CONTEXT('2D SPACE',''
  ) );
#785 = ORIENTED_EDGE('',*,*,#786,.F.);
#786 = EDGE_CURVE('',#787,#737,#789,.T.);
#787 = VERTEX_POINT('',#788);
#788 = CARTESIAN_POINT('',(27.00124286797,2.842090427176,1.430504464286)
  );
#789 = SURFACE_CURVE('',#790,(#794,#800),.PCURVE_S1.);
#790 = LINE('',#791,#792);
#791 = CARTESIAN_POINT('',(27.00124286797,10.,1.430504464286));
#792 = VECTOR('',#793,1.);
#793 = DIRECTION('',(0.,1.,-1.110223024625E-15));
#794 = PCURVE('',#54,#795);
#795 = DEFINITIONAL_REPRESENTATION('',(#796),#799);
#796 = B_SPLINE_CURVE_WITH_KNOTS('',1,(#797,#798),.UNSPECIFIED.,.F.,.F.,
  (2,2),(-7.677006381071,-5.102331654583),.PIECEWISE_BEZIER_KNOTS.);
#797 = CARTESIAN_POINT('',(-5.488134609054,-7.677006381071));
#798 = CARTESIAN_POINT('',(-5.488134609054,-5.102331654583));
#799 = ( GEOMETRIC_REPRESENTATION_CONTEXT(2) 
PARAMETRIC_REPRESENTATION_CONTEXT() REPRESENTATION_CONTEXT('2D SPACE',''
  ) );
#800 = PCURVE('',#801,#806);
#801 = PLANE('',#802);
#802 = AXIS2_PLACEMENT_3D('',#803,#804,#805);
#803 = CARTESIAN_POINT('',(23.5,-2.041077998579E-16,1.430504464286));
#804 = DIRECTION('',(0.,0.,1.));
#805 = DIRECTION('',(1.,0.,0.));
#806 = DEFINITIONAL_REPRESENTATION('',(#807),#810);
#807 = B_SPLINE_CURVE_WITH_KNOTS('',1,(#808,#809),.UNSPECIFIED.,.F.,.F.,
  (2,2),(-7.677006381071,-5.102331654583),.PIECEWISE_BEZIER_KNOTS.);
#808 = CARTESIAN_POINT('',(3.50124286797,2.322993618929));
#809 = CARTESIAN_POINT('',(3.50124286797,4.897668345417));
#810 = ( GEOMETRIC_REPRESENTATION_CONTEXT(2) 
PARAMETRIC_REPRESENTATION_CONTEXT() REPRESENTATION_CONTEXT('2D SPACE',''
  ) );
#811 = ORIENTED_EDGE('',*,*,#812,.F.);
#812 = EDGE_CURVE('',#158,#787,#813,.T.);
#813 = SURFACE_CURVE('',#814,(#822,#833),.PCURVE_S1.);
#814 = B_SPLINE_CURVE_WITH_KNOTS('',6,(#815,#816,#817,#818,#819,#820,
    #821),.UNSPECIFIED.,.F.,.F.,(7,7),(0.,1.),.PIECEWISE_BEZIER_KNOTS.);
#815 = CARTESIAN_POINT('',(25.67945129849,4.312398692339,0.50000086238)
  );
#816 = CARTESIAN_POINT('',(25.996016945192,4.022324661691,0.653320764921
    ));
#817 = CARTESIAN_POINT('',(26.285961715126,3.727313613561,0.826739731502
    ));
#818 = CARTESIAN_POINT('',(26.55104334535,3.42992150985,1.015764135471)
  );
#819 = CARTESIAN_POINT('',(26.793399077871,3.131854115035,1.217697220677
    ));
#820 = CARTESIAN_POINT('',(27.01502086647,2.83399646122,1.431220229214)
  );
#821 = CARTESIAN_POINT('',(27.217381351546,2.537549857003,1.656188380092
    ));
#822 = PCURVE('',#54,#823);
#823 = DEFINITIONAL_REPRESENTATION('',(#824),#832);
#824 = B_SPLINE_CURVE_WITH_KNOTS('',6,(#825,#826,#827,#828,#829,#830,
    #831),.UNSPECIFIED.,.F.,.F.,(7,7),(0.,1.),.PIECEWISE_BEZIER_KNOTS.);
#825 = CARTESIAN_POINT('',(-5.163416187868,-5.687601307661));
#826 = CARTESIAN_POINT('',(-5.233764123498,-5.977675338309));
#827 = CARTESIAN_POINT('',(-5.301072708636,-6.272686386439));
#828 = CARTESIAN_POINT('',(-5.365891795979,-6.57007849015));
#829 = CARTESIAN_POINT('',(-5.428732083359,-6.868145884965));
#830 = CARTESIAN_POINT('',(-5.490124573976,-7.16600353878));
#831 = CARTESIAN_POINT('',(-5.550642483666,-7.462450142997));
#832 = ( GEOMETRIC_REPRESENTATION_CONTEXT(2) 
PARAMETRIC_REPRESENTATION_CONTEXT() REPRESENTATION_CONTEXT('2D SPACE',''
  ) );
#833 = PCURVE('',#834,#839);
#834 = CYLINDRICAL_SURFACE('',#835,10.230026974913);
#835 = AXIS2_PLACEMENT_3D('',#836,#837,#838);
#836 = CARTESIAN_POINT('',(18.768209273803,-3.230026974913,
    2.361008928571));
#837 = DIRECTION('',(0.,0.,1.));
#838 = DIRECTION('',(1.,-1.223188983616E-08,0.));
#839 = DEFINITIONAL_REPRESENTATION('',(#840),#848);
#840 = B_SPLINE_CURVE_WITH_KNOTS('',6,(#841,#842,#843,#844,#845,#846,
    #847),.UNSPECIFIED.,.F.,.F.,(7,7),(0.,1.),.PIECEWISE_BEZIER_KNOTS.);
#841 = CARTESIAN_POINT('',(0.829039889257,-1.861008066191));
#842 = CARTESIAN_POINT('',(0.787068557942,-1.707688163651));
#843 = CARTESIAN_POINT('',(0.746689829671,-1.53426919707));
#844 = CARTESIAN_POINT('',(0.707812324807,-1.345244793101));
#845 = CARTESIAN_POINT('',(0.670313445699,-1.143311707894));
#846 = CARTESIAN_POINT('',(0.634052179152,-0.929788699358));
#847 = CARTESIAN_POINT('',(0.598966303246,-0.704820548479));
#848 = ( GEOMETRIC_REPRESENTATION_CONTEXT(2) 
PARAMETRIC_REPRESENTATION_CONTEXT() REPRESENTATION_CONTEXT('2D SPACE',''
  ) );
#849 = ADVANCED_FACE('',(#850),#801,.F.);
#850 = FACE_BOUND('',#851,.F.);
#851 = EDGE_LOOP('',(#852,#853,#877));
#852 = ORIENTED_EDGE('',*,*,#786,.T.);
#853 = ORIENTED_EDGE('',*,*,#854,.T.);
#854 = EDGE_CURVE('',#737,#855,#857,.T.);
#855 = VERTEX_POINT('',#856);
#856 = CARTESIAN_POINT('',(25.251702283002,4.68311211821,1.430504464286)
  );
#857 = SURFACE_CURVE('',#858,(#863,#870),.PCURVE_S1.);
#858 = CIRCLE('',#859,5.);
#859 = AXIS2_PLACEMENT_3D('',#860,#861,#862);
#860 = CARTESIAN_POINT('',(23.5,0.,1.430504464286));
#861 = DIRECTION('',(0.,0.,1.));
#862 = DIRECTION('',(1.,0.,0.));
#863 = PCURVE('',#801,#864);
#864 = DEFINITIONAL_REPRESENTATION('',(#865),#869);
#865 = CIRCLE('',#866,5.);
#866 = AXIS2_PLACEMENT_2D('',#867,#868);
#867 = CARTESIAN_POINT('',(7.105427357601E-15,2.041077998579E-16));
#868 = DIRECTION('',(1.,0.));
#869 = ( GEOMETRIC_REPRESENTATION_CONTEXT(2) 
PARAMETRIC_REPRESENTATION_CONTEXT() REPRESENTATION_CONTEXT('2D SPACE',''
  ) );
#870 = PCURVE('',#140,#871);
#871 = DEFINITIONAL_REPRESENTATION('',(#872),#876);
#872 = LINE('',#873,#874);
#873 = CARTESIAN_POINT('',(-0.,6.430504464286));
#874 = VECTOR('',#875,1.);
#875 = DIRECTION('',(-1.,0.));
#876 = ( GEOMETRIC_REPRESENTATION_CONTEXT(2) 
PARAMETRIC_REPRESENTATION_CONTEXT() REPRESENTATION_CONTEXT('2D SPACE',''
  ) );
#877 = ORIENTED_EDGE('',*,*,#878,.F.);
#878 = EDGE_CURVE('',#787,#855,#879,.T.);
#879 = SURFACE_CURVE('',#880,(#885,#892),.PCURVE_S1.);
#880 = CIRCLE('',#881,10.230026974913);
#881 = AXIS2_PLACEMENT_3D('',#882,#883,#884);
#882 = CARTESIAN_POINT('',(18.768209273803,-3.230026974913,
    1.430504464286));
#883 = DIRECTION('',(-0.,0.,1.));
#884 = DIRECTION('',(1.,-1.223188983616E-08,0.));
#885 = PCURVE('',#801,#886);
#886 = DEFINITIONAL_REPRESENTATION('',(#887),#891);
#887 = CIRCLE('',#888,10.230026974913);
#888 = AXIS2_PLACEMENT_2D('',#889,#890);
#889 = CARTESIAN_POINT('',(-4.731790726197,-3.230026974913));
#890 = DIRECTION('',(1.,-1.223188983616E-08));
#891 = ( GEOMETRIC_REPRESENTATION_CONTEXT(2) 
PARAMETRIC_REPRESENTATION_CONTEXT() REPRESENTATION_CONTEXT('2D SPACE',''
  ) );
#892 = PCURVE('',#834,#893);
#893 = DEFINITIONAL_REPRESENTATION('',(#894),#898);
#894 = LINE('',#895,#896);
#895 = CARTESIAN_POINT('',(0.,-0.930504464286));
#896 = VECTOR('',#897,1.);
#897 = DIRECTION('',(1.,0.));
#898 = ( GEOMETRIC_REPRESENTATION_CONTEXT(2) 
PARAMETRIC_REPRESENTATION_CONTEXT() REPRESENTATION_CONTEXT('2D SPACE',''
  ) );
#899 = ADVANCED_FACE('',(#900),#834,.T.);
#900 = FACE_BOUND('',#901,.T.);
#901 = EDGE_LOOP('',(#902,#932,#952,#953,#954,#977));
#902 = ORIENTED_EDGE('',*,*,#903,.F.);
#903 = EDGE_CURVE('',#904,#906,#908,.T.);
#904 = VERTEX_POINT('',#905);
#905 = CARTESIAN_POINT('',(25.251702283002,4.68311211821,2.361008790342)
  );
#906 = VERTEX_POINT('',#907);
#907 = CARTESIAN_POINT('',(18.768211963761,7.,2.361008928571));
#908 = SURFACE_CURVE('',#909,(#914,#920),.PCURVE_S1.);
#909 = CIRCLE('',#910,10.230026974913);
#910 = AXIS2_PLACEMENT_3D('',#911,#912,#913);
#911 = CARTESIAN_POINT('',(18.768209273803,-3.230026974913,
    2.361008790342));
#912 = DIRECTION('',(-0.,0.,1.));
#913 = DIRECTION('',(1.,-2.574404904179E-08,0.));
#914 = PCURVE('',#834,#915);
#915 = DEFINITIONAL_REPRESENTATION('',(#916),#919);
#916 = B_SPLINE_CURVE_WITH_KNOTS('',1,(#917,#918),.UNSPECIFIED.,.F.,.F.,
  (2,2),(0.598966303246,1.570796076079),.PIECEWISE_BEZIER_KNOTS.);
#917 = CARTESIAN_POINT('',(0.598966303246,0.));
#918 = CARTESIAN_POINT('',(1.570796076079,0.));
#919 = ( GEOMETRIC_REPRESENTATION_CONTEXT(2) 
PARAMETRIC_REPRESENTATION_CONTEXT() REPRESENTATION_CONTEXT('2D SPACE',''
  ) );
#920 = PCURVE('',#921,#926);
#921 = TOROIDAL_SURFACE('',#922,9.730026974913,0.5);
#922 = AXIS2_PLACEMENT_3D('',#923,#924,#925);
#923 = CARTESIAN_POINT('',(18.768209273803,-3.230026974913,
    2.361008928571));
#924 = DIRECTION('',(0.,0.,1.));
#925 = DIRECTION('',(1.,-2.574404904179E-08,0.));
#926 = DEFINITIONAL_REPRESENTATION('',(#927),#931);
#927 = LINE('',#928,#929);
#928 = CARTESIAN_POINT('',(0.,6.28318503072));
#929 = VECTOR('',#930,1.);
#930 = DIRECTION('',(1.,0.));
#931 = ( GEOMETRIC_REPRESENTATION_CONTEXT(2) 
PARAMETRIC_REPRESENTATION_CONTEXT() REPRESENTATION_CONTEXT('2D SPACE',''
  ) );
#932 = ORIENTED_EDGE('',*,*,#933,.F.);
#933 = EDGE_CURVE('',#855,#904,#934,.T.);
#934 = SURFACE_CURVE('',#935,(#939,#945),.PCURVE_S1.);
#935 = LINE('',#936,#937);
#936 = CARTESIAN_POINT('',(25.251702283002,4.68311211821,2.361008928571)
  );
#937 = VECTOR('',#938,1.);
#938 = DIRECTION('',(0.,0.,1.));
#939 = PCURVE('',#834,#940);
#940 = DEFINITIONAL_REPRESENTATION('',(#941),#944);
#941 = B_SPLINE_CURVE_WITH_KNOTS('',1,(#942,#943),.UNSPECIFIED.,.F.,.F.,
  (2,2),(-0.930505064286,0.),.PIECEWISE_BEZIER_KNOTS.);
#942 = CARTESIAN_POINT('',(0.884377873336,-0.930505064286));
#943 = CARTESIAN_POINT('',(0.884377873336,0.));
#944 = ( GEOMETRIC_REPRESENTATION_CONTEXT(2) 
PARAMETRIC_REPRESENTATION_CONTEXT() REPRESENTATION_CONTEXT('2D SPACE',''
  ) );
#945 = PCURVE('',#140,#946);
#946 = DEFINITIONAL_REPRESENTATION('',(#947),#951);
#947 = LINE('',#948,#949);
#948 = CARTESIAN_POINT('',(-1.212861753882,5.5));
#949 = VECTOR('',#950,1.);
#950 = DIRECTION('',(-0.,-1.));
#951 = ( GEOMETRIC_REPRESENTATION_CONTEXT(2) 
PARAMETRIC_REPRESENTATION_CONTEXT() REPRESENTATION_CONTEXT('2D SPACE',''
  ) );
#952 = ORIENTED_EDGE('',*,*,#878,.F.);
#953 = ORIENTED_EDGE('',*,*,#812,.F.);
#954 = ORIENTED_EDGE('',*,*,#955,.T.);
#955 = EDGE_CURVE('',#158,#956,#958,.T.);
#956 = VERTEX_POINT('',#957);
#957 = CARTESIAN_POINT('',(18.768211963761,6.999999999999,0.50000086238)
  );
#958 = SURFACE_CURVE('',#959,(#964,#971),.PCURVE_S1.);
#959 = CIRCLE('',#960,10.230026974913);
#960 = AXIS2_PLACEMENT_3D('',#961,#962,#963);
#961 = CARTESIAN_POINT('',(18.768209273803,-3.230026974913,0.50000086238
    ));
#962 = DIRECTION('',(-0.,0.,1.));
#963 = DIRECTION('',(1.,-1.223188983616E-08,0.));
#964 = PCURVE('',#834,#965);
#965 = DEFINITIONAL_REPRESENTATION('',(#966),#970);
#966 = LINE('',#967,#968);
#967 = CARTESIAN_POINT('',(0.,-1.861008066191));
#968 = VECTOR('',#969,1.);
#969 = DIRECTION('',(1.,0.));
#970 = ( GEOMETRIC_REPRESENTATION_CONTEXT(2) 
PARAMETRIC_REPRESENTATION_CONTEXT() REPRESENTATION_CONTEXT('2D SPACE',''
  ) );
#971 = PCURVE('',#269,#972);
#972 = DEFINITIONAL_REPRESENTATION('',(#973),#976);
#973 = B_SPLINE_CURVE_WITH_KNOTS('',1,(#974,#975),.UNSPECIFIED.,.F.,.F.,
  (2,2),(0.598966303246,1.570796076079),.PIECEWISE_BEZIER_KNOTS.);
#974 = CARTESIAN_POINT('',(0.598966303246,6.283186755481));
#975 = CARTESIAN_POINT('',(1.570796076079,6.283186755481));
#976 = ( GEOMETRIC_REPRESENTATION_CONTEXT(2) 
PARAMETRIC_REPRESENTATION_CONTEXT() REPRESENTATION_CONTEXT('2D SPACE',''
  ) );
#977 = ORIENTED_EDGE('',*,*,#978,.T.);
#978 = EDGE_CURVE('',#956,#906,#979,.T.);
#979 = SURFACE_CURVE('',#980,(#984,#991),.PCURVE_S1.);
#980 = LINE('',#981,#982);
#981 = CARTESIAN_POINT('',(18.768211963761,7.,2.361008928571));
#982 = VECTOR('',#983,1.);
#983 = DIRECTION('',(0.,0.,1.));
#984 = PCURVE('',#834,#985);
#985 = DEFINITIONAL_REPRESENTATION('',(#986),#990);
#986 = LINE('',#987,#988);
#987 = CARTESIAN_POINT('',(1.570796076079,0.));
#988 = VECTOR('',#989,1.);
#989 = DIRECTION('',(0.,1.));
#990 = ( GEOMETRIC_REPRESENTATION_CONTEXT(2) 
PARAMETRIC_REPRESENTATION_CONTEXT() REPRESENTATION_CONTEXT('2D SPACE',''
  ) );
#991 = PCURVE('',#992,#997);
#992 = PLANE('',#993);
#993 = AXIS2_PLACEMENT_3D('',#994,#995,#996);
#994 = CARTESIAN_POINT('',(1.875644340786,7.,0.));
#995 = DIRECTION('',(0.,1.,0.));
#996 = DIRECTION('',(1.,0.,0.));
#997 = DEFINITIONAL_REPRESENTATION('',(#998),#1002);
#998 = LINE('',#999,#1000);
#999 = CARTESIAN_POINT('',(16.892567622975,-2.361008928571));
#1000 = VECTOR('',#1001,1.);
#1001 = DIRECTION('',(0.,-1.));
#1002 = ( GEOMETRIC_REPRESENTATION_CONTEXT(2) 
PARAMETRIC_REPRESENTATION_CONTEXT() REPRESENTATION_CONTEXT('2D SPACE',''
  ) );
#1003 = ADVANCED_FACE('',(#1004),#921,.T.);
#1004 = FACE_BOUND('',#1005,.T.);
#1005 = EDGE_LOOP('',(#1006,#1036,#1147,#1148));
#1006 = ORIENTED_EDGE('',*,*,#1007,.F.);
#1007 = EDGE_CURVE('',#1008,#1010,#1012,.T.);
#1008 = VERTEX_POINT('',#1009);
#1009 = CARTESIAN_POINT('',(23.997771480502,4.975160656019,
    2.861008928571));
#1010 = VERTEX_POINT('',#1011);
#1011 = CARTESIAN_POINT('',(18.768211963761,6.5,2.861008928571));
#1012 = SURFACE_CURVE('',#1013,(#1018,#1024),.PCURVE_S1.);
#1013 = CIRCLE('',#1014,9.730026974913);
#1014 = AXIS2_PLACEMENT_3D('',#1015,#1016,#1017);
#1015 = CARTESIAN_POINT('',(18.768209273803,-3.230026974913,
    2.861008928571));
#1016 = DIRECTION('',(-0.,0.,1.));
#1017 = DIRECTION('',(1.,-2.574404904179E-08,0.));
#1018 = PCURVE('',#921,#1019);
#1019 = DEFINITIONAL_REPRESENTATION('',(#1020),#1023);
#1020 = B_SPLINE_CURVE_WITH_KNOTS('',1,(#1021,#1022),.UNSPECIFIED.,.F.,
  .F.,(2,2),(0.598966303246,1.570796076079),.PIECEWISE_BEZIER_KNOTS.);
#1021 = CARTESIAN_POINT('',(0.598966303246,7.853981357515));
#1022 = CARTESIAN_POINT('',(1.570796076079,7.853981357515));
#1023 = ( GEOMETRIC_REPRESENTATION_CONTEXT(2) 
PARAMETRIC_REPRESENTATION_CONTEXT() REPRESENTATION_CONTEXT('2D SPACE',''
  ) );
#1024 = PCURVE('',#1025,#1030);
#1025 = PLANE('',#1026);
#1026 = AXIS2_PLACEMENT_3D('',#1027,#1028,#1029);
#1027 = CARTESIAN_POINT('',(12.376103592919,5.41771568396E-09,
    2.861008928571));
#1028 = DIRECTION('',(0.,0.,1.));
#1029 = DIRECTION('',(1.,0.,0.));
#1030 = DEFINITIONAL_REPRESENTATION('',(#1031),#1035);
#1031 = CIRCLE('',#1032,9.730026974913);
#1032 = AXIS2_PLACEMENT_2D('',#1033,#1034);
#1033 = CARTESIAN_POINT('',(6.392105680884,-3.230026980331));
#1034 = DIRECTION('',(1.,-2.574404904179E-08));
#1035 = ( GEOMETRIC_REPRESENTATION_CONTEXT(2) 
PARAMETRIC_REPRESENTATION_CONTEXT() REPRESENTATION_CONTEXT('2D SPACE',''
  ) );
#1036 = ORIENTED_EDGE('',*,*,#1037,.F.);
#1037 = EDGE_CURVE('',#904,#1008,#1038,.T.);
#1038 = SURFACE_CURVE('',#1039,(#1066,#1096),.PCURVE_S1.);
#1039 = B_SPLINE_CURVE_WITH_KNOTS('',7,(#1040,#1041,#1042,#1043,#1044,
    #1045,#1046,#1047,#1048,#1049,#1050,#1051,#1052,#1053,#1054,#1055,
    #1056,#1057,#1058,#1059,#1060,#1061,#1062,#1063,#1064,#1065),
  .UNSPECIFIED.,.F.,.F.,(8,6,6,6,8),(0.,0.238388919408,0.479572048246,
    0.738228034881,1.),.UNSPECIFIED.);
#1040 = CARTESIAN_POINT('',(25.251702283002,4.68311211821,2.361008790342
    ));
#1041 = CARTESIAN_POINT('',(25.251702299116,4.683112112183,
    2.392463138873));
#1042 = CARTESIAN_POINT('',(25.245000166356,4.685618936371,2.42392383276
    ));
#1043 = CARTESIAN_POINT('',(25.231589691947,4.690635534655,
    2.454853737914));
#1044 = CARTESIAN_POINT('',(25.212035109597,4.697879757526,2.48485699718
    ));
#1045 = CARTESIAN_POINT('',(25.187147398823,4.706915389208,2.51367535607
    ));
#1046 = CARTESIAN_POINT('',(25.157746285139,4.717320030744,
    2.541153765182));
#1047 = CARTESIAN_POINT('',(25.090992846056,4.740253348647,
    2.593589498369));
#1048 = CARTESIAN_POINT('',(25.053521137392,4.752816069082,
    2.618536951552));
#1049 = CARTESIAN_POINT('',(25.012811963697,4.766052867476,
    2.642045645389));
#1050 = CARTESIAN_POINT('',(24.96942564535,4.779663017634,2.664124598433
    ));
#1051 = CARTESIAN_POINT('',(24.923813325127,4.793409380844,
    2.684797716947));
#1052 = CARTESIAN_POINT('',(24.87631668422,4.807114566433,2.70409591066)
  );
#1053 = CARTESIAN_POINT('',(24.774470723056,4.835153826293,
    2.741306961847));
#1054 = CARTESIAN_POINT('',(24.719908534395,4.849452189477,
    2.759005597169));
#1055 = CARTESIAN_POINT('',(24.663815734815,4.863366087916,
    2.775177835336));
#1056 = CARTESIAN_POINT('',(24.606461573492,4.876762897467,
    2.789833812241));
#1057 = CARTESIAN_POINT('',(24.548075740182,4.889540230863,
    2.802970542705));
#1058 = CARTESIAN_POINT('',(24.488859869152,4.901618978826,
    2.814575046914));
#1059 = CARTESIAN_POINT('',(24.368400643157,4.924396690213,
    2.834791947457));
#1060 = CARTESIAN_POINT('',(24.307153013116,4.935075018644,
    2.843364833188));
#1061 = CARTESIAN_POINT('',(24.24543930097,4.94491228508,2.850315892572)
  );
#1062 = CARTESIAN_POINT('',(24.183448587641,4.953862204282,
    2.855606634719));
#1063 = CARTESIAN_POINT('',(24.121372482733,4.961894298757,
    2.859189062494));
#1064 = CARTESIAN_POINT('',(24.059409892128,4.968993645961,
    2.861008918086));
#1065 = CARTESIAN_POINT('',(23.997771785581,4.975160625495,
    2.861008928571));
#1066 = PCURVE('',#921,#1067);
#1067 = DEFINITIONAL_REPRESENTATION('',(#1068),#1095);
#1068 = B_SPLINE_CURVE_WITH_KNOTS('',7,(#1069,#1070,#1071,#1072,#1073,
    #1074,#1075,#1076,#1077,#1078,#1079,#1080,#1081,#1082,#1083,#1084,
    #1085,#1086,#1087,#1088,#1089,#1090,#1091,#1092,#1093,#1094),
  .UNSPECIFIED.,.F.,.F.,(8,6,6,6,8),(0.,0.238388919408,0.479572048246,
    0.738228034881,1.),.UNSPECIFIED.);
#1069 = CARTESIAN_POINT('',(0.884377886848,6.28318503072));
#1070 = CARTESIAN_POINT('',(0.884377885256,6.346093727782));
#1071 = CARTESIAN_POINT('',(0.885039956937,6.409015085547));
#1072 = CARTESIAN_POINT('',(0.886364738331,6.471281673987));
#1073 = CARTESIAN_POINT('',(0.888294020324,6.532508507251));
#1074 = CARTESIAN_POINT('',(0.890743103365,6.592473871429));
#1075 = CARTESIAN_POINT('',(0.893627309268,6.651070640862));
#1076 = CARTESIAN_POINT('',(0.900153375081,6.76618828293));
#1077 = CARTESIAN_POINT('',(0.903806682617,6.822728387911));
#1078 = CARTESIAN_POINT('',(0.907762551774,6.878047635929));
#1079 = CARTESIAN_POINT('',(0.911963231402,6.932283144876));
#1080 = CARTESIAN_POINT('',(0.916362720361,6.985577739488));
#1081 = CARTESIAN_POINT('',(0.920926611782,7.038087586132));
#1082 = CARTESIAN_POINT('',(0.930676166001,7.145664267854));
#1083 = CARTESIAN_POINT('',(0.935879641817,7.200604538383));
#1084 = CARTESIAN_POINT('',(0.9412086413,7.255009766052));
#1085 = CARTESIAN_POINT('',(0.946636989919,7.309033701334));
#1086 = CARTESIAN_POINT('',(0.952142977656,7.362810298318));
#1087 = CARTESIAN_POINT('',(0.957708064682,7.416466393491));
#1088 = CARTESIAN_POINT('',(0.968992340699,7.524434660356));
#1089 = CARTESIAN_POINT('',(0.97471149499,7.578737105422));
#1090 = CARTESIAN_POINT('',(0.980456746648,7.633157049765));
#1091 = CARTESIAN_POINT('',(0.986211582497,7.687800175766));
#1092 = CARTESIAN_POINT('',(0.991959578358,7.742760524408));
#1093 = CARTESIAN_POINT('',(0.997683863704,7.798125580435));
#1094 = CARTESIAN_POINT('',(1.003366586307,7.853981357515));
#1095 = ( GEOMETRIC_REPRESENTATION_CONTEXT(2) 
PARAMETRIC_REPRESENTATION_CONTEXT() REPRESENTATION_CONTEXT('2D SPACE',''
  ) );
#1096 = PCURVE('',#140,#1097);
#1097 = DEFINITIONAL_REPRESENTATION('',(#1098),#1146);
#1098 = B_SPLINE_CURVE_WITH_KNOTS('',3,(#1099,#1100,#1101,#1102,#1103,
    #1104,#1105,#1106,#1107,#1108,#1109,#1110,#1111,#1112,#1113,#1114,
    #1115,#1116,#1117,#1118,#1119,#1120,#1121,#1122,#1123,#1124,#1125,
    #1126,#1127,#1128,#1129,#1130,#1131,#1132,#1133,#1134,#1135,#1136,
    #1137,#1138,#1139,#1140,#1141,#1142,#1143,#1144,#1145),
  .UNSPECIFIED.,.F.,.F.,(4,1,1,1,1,1,1,1,1,1,1,1,1,1,1,1,1,1,1,1,1,1,1,1
    ,1,1,1,1,1,1,1,1,1,1,1,1,1,1,1,1,1,1,1,1,4),(0.,2.272727272727E-02,
    4.545454545455E-02,6.818181818182E-02,9.090909090909E-02,
    0.113636363636,0.136363636364,0.159090909091,0.181818181818,
    0.204545454545,0.227272727273,0.25,0.272727272727,0.295454545455,
    0.318181818182,0.340909090909,0.363636363636,0.386363636364,
    0.409090909091,0.431818181818,0.454545454545,0.477272727273,0.5,
    0.522727272727,0.545454545455,0.568181818182,0.590909090909,
    0.613636363636,0.636363636364,0.659090909091,0.681818181818,
    0.704545454545,0.727272727273,0.75,0.772727272727,0.795454545455,
    0.818181818182,0.840909090909,0.863636363636,0.886363636364,
    0.909090909091,0.931818181818,0.954545454545,0.977272727273,1.),
  .QUASI_UNIFORM_KNOTS.);
#1099 = CARTESIAN_POINT('',(-1.212861753882,5.50000013823));
#1100 = CARTESIAN_POINT('',(-1.21286115457,5.493002225452));
#1101 = CARTESIAN_POINT('',(-1.213044372585,5.479008643257));
#1102 = CARTESIAN_POINT('',(-1.213860559819,5.458107278823));
#1103 = CARTESIAN_POINT('',(-1.215208733613,5.437380926952));
#1104 = CARTESIAN_POINT('',(-1.217070714116,5.416902554099));
#1105 = CARTESIAN_POINT('',(-1.219424135446,5.396736957085));
#1106 = CARTESIAN_POINT('',(-1.222242703693,5.376939921684));
#1107 = CARTESIAN_POINT('',(-1.225497514481,5.357559001899));
#1108 = CARTESIAN_POINT('',(-1.229157994699,5.338633845469));
#1109 = CARTESIAN_POINT('',(-1.23319273544,5.320196939302));
#1110 = CARTESIAN_POINT('',(-1.237570531725,5.302273260082));
#1111 = CARTESIAN_POINT('',(-1.242260049713,5.284883920974));
#1112 = CARTESIAN_POINT('',(-1.247236418459,5.268026675505));
#1113 = CARTESIAN_POINT('',(-1.252475293415,5.251702695013));
#1114 = CARTESIAN_POINT('',(-1.25795386598,5.235911794784));
#1115 = CARTESIAN_POINT('',(-1.263650967719,5.220652594964));
#1116 = CARTESIAN_POINT('',(-1.269547057401,5.205922686104));
#1117 = CARTESIAN_POINT('',(-1.27562423219,5.191718781012));
#1118 = CARTESIAN_POINT('',(-1.281866214359,5.178036877864));
#1119 = CARTESIAN_POINT('',(-1.28825836786,5.164872353137));
#1120 = CARTESIAN_POINT('',(-1.294787577504,5.152220285135));
#1121 = CARTESIAN_POINT('',(-1.301442606968,5.14007488647));
#1122 = CARTESIAN_POINT('',(-1.308212639849,5.128432231273));
#1123 = CARTESIAN_POINT('',(-1.315086120734,5.117291581519));
#1124 = CARTESIAN_POINT('',(-1.32205442488,5.106649062352));
#1125 = CARTESIAN_POINT('',(-1.329108939684,5.096502728055));
#1126 = CARTESIAN_POINT('',(-1.336241762711,5.086851139156));
#1127 = CARTESIAN_POINT('',(-1.343445454706,5.077693658188));
#1128 = CARTESIAN_POINT('',(-1.350713050849,5.069030298359));
#1129 = CARTESIAN_POINT('',(-1.358038009097,5.060861704617));
#1130 = CARTESIAN_POINT('',(-1.365414177023,5.053189114849));
#1131 = CARTESIAN_POINT('',(-1.372835772717,5.04601433082));
#1132 = CARTESIAN_POINT('',(-1.380297316079,5.039339732678));
#1133 = CARTESIAN_POINT('',(-1.387793769592,5.033168172124));
#1134 = CARTESIAN_POINT('',(-1.395319281316,5.027503833951));
#1135 = CARTESIAN_POINT('',(-1.402868918965,5.022350789242));
#1136 = CARTESIAN_POINT('',(-1.41043768957,5.017713740977));
#1137 = CARTESIAN_POINT('',(-1.418020650222,5.013597876511));
#1138 = CARTESIAN_POINT('',(-1.425612859892,5.010008855974));
#1139 = CARTESIAN_POINT('',(-1.43320937381,5.00695276411));
#1140 = CARTESIAN_POINT('',(-1.440805226123,5.004436072456));
#1141 = CARTESIAN_POINT('',(-1.448395416621,5.002465596689));
#1142 = CARTESIAN_POINT('',(-1.455974892713,5.001048462984));
#1143 = CARTESIAN_POINT('',(-1.463538546236,5.000192043144));
#1144 = CARTESIAN_POINT('',(-1.468566952552,5.000000018151));
#1145 = CARTESIAN_POINT('',(-1.471076783518,5.));
#1146 = ( GEOMETRIC_REPRESENTATION_CONTEXT(2) 
PARAMETRIC_REPRESENTATION_CONTEXT() REPRESENTATION_CONTEXT('2D SPACE',''
  ) );
#1147 = ORIENTED_EDGE('',*,*,#903,.T.);
#1148 = ORIENTED_EDGE('',*,*,#1149,.T.);
#1149 = EDGE_CURVE('',#906,#1010,#1150,.T.);
#1150 = SURFACE_CURVE('',#1151,(#1156,#1163),.PCURVE_S1.);
#1151 = CIRCLE('',#1152,0.5);
#1152 = AXIS2_PLACEMENT_3D('',#1153,#1154,#1155);
#1153 = CARTESIAN_POINT('',(18.768211963761,6.5,2.361008928571));
#1154 = DIRECTION('',(1.,-2.76459506609E-07,0.));
#1155 = DIRECTION('',(2.76459506609E-07,1.,0.));
#1156 = PCURVE('',#921,#1157);
#1157 = DEFINITIONAL_REPRESENTATION('',(#1158),#1162);
#1158 = LINE('',#1159,#1160);
#1159 = CARTESIAN_POINT('',(1.570796076079,0.));
#1160 = VECTOR('',#1161,1.);
#1161 = DIRECTION('',(0.,1.));
#1162 = ( GEOMETRIC_REPRESENTATION_CONTEXT(2) 
PARAMETRIC_REPRESENTATION_CONTEXT() REPRESENTATION_CONTEXT('2D SPACE',''
  ) );
#1163 = PCURVE('',#1164,#1169);
#1164 = CYLINDRICAL_SURFACE('',#1165,0.5);
#1165 = AXIS2_PLACEMENT_3D('',#1166,#1167,#1168);
#1166 = CARTESIAN_POINT('',(18.768211963761,6.5,2.361008928571));
#1167 = DIRECTION('',(-1.,0.,0.));
#1168 = DIRECTION('',(0.,1.,0.));
#1169 = DEFINITIONAL_REPRESENTATION('',(#1170),#1173);
#1170 = B_SPLINE_CURVE_WITH_KNOTS('',1,(#1171,#1172),.UNSPECIFIED.,.F.,
  .F.,(2,2),(6.28318503072,7.853981357515),.PIECEWISE_BEZIER_KNOTS.);
#1171 = CARTESIAN_POINT('',(6.28318530718,0.));
#1172 = CARTESIAN_POINT('',(4.712388980385,0.));
#1173 = ( GEOMETRIC_REPRESENTATION_CONTEXT(2) 
PARAMETRIC_REPRESENTATION_CONTEXT() REPRESENTATION_CONTEXT('2D SPACE',''
  ) );
#1174 = ADVANCED_FACE('',(#1175,#1310,#2157,#2263,#3170,#4056,#4087),
  #1025,.T.);
#1175 = FACE_BOUND('',#1176,.T.);
#1176 = EDGE_LOOP('',(#1177,#1205,#1206,#1228,#1257,#1284));
#1177 = ORIENTED_EDGE('',*,*,#1178,.T.);
#1178 = EDGE_CURVE('',#1179,#1008,#1181,.T.);
#1179 = VERTEX_POINT('',#1180);
#1180 = CARTESIAN_POINT('',(24.515562820275,-4.895776971848,
    2.861008928571));
#1181 = SURFACE_CURVE('',#1182,(#1187,#1198),.PCURVE_S1.);
#1182 = CIRCLE('',#1183,5.);
#1183 = AXIS2_PLACEMENT_3D('',#1184,#1185,#1186);
#1184 = CARTESIAN_POINT('',(23.5,0.,2.861008928571));
#1185 = DIRECTION('',(0.,0.,-1.));
#1186 = DIRECTION('',(1.,0.,0.));
#1187 = PCURVE('',#1025,#1188);
#1188 = DEFINITIONAL_REPRESENTATION('',(#1189),#1197);
#1189 = ( BOUNDED_CURVE() B_SPLINE_CURVE(2,(#1190,#1191,#1192,#1193,
#1194,#1195,#1196),.UNSPECIFIED.,.T.,.F.) B_SPLINE_CURVE_WITH_KNOTS((1,2
    ,2,2,2,1),(-2.094395102393,0.,2.094395102393,4.188790204786,
6.28318530718,8.377580409573),.UNSPECIFIED.) CURVE() 
GEOMETRIC_REPRESENTATION_ITEM() RATIONAL_B_SPLINE_CURVE((1.,0.5,1.,0.5,
1.,0.5,1.)) REPRESENTATION_ITEM('') );
#1190 = CARTESIAN_POINT('',(16.123896407081,-5.41771568396E-09));
#1191 = CARTESIAN_POINT('',(16.123896407081,-8.660254043262));
#1192 = CARTESIAN_POINT('',(8.623896407081,-4.33012702434));
#1193 = CARTESIAN_POINT('',(1.123896407081,-5.417716908607E-09));
#1194 = CARTESIAN_POINT('',(8.623896407081,4.330127013504));
#1195 = CARTESIAN_POINT('',(16.123896407081,8.660254032427));
#1196 = CARTESIAN_POINT('',(16.123896407081,-5.41771568396E-09));
#1197 = ( GEOMETRIC_REPRESENTATION_CONTEXT(2) 
PARAMETRIC_REPRESENTATION_CONTEXT() REPRESENTATION_CONTEXT('2D SPACE',''
  ) );
#1198 = PCURVE('',#140,#1199);
#1199 = DEFINITIONAL_REPRESENTATION('',(#1200),#1204);
#1200 = LINE('',#1201,#1202);
#1201 = CARTESIAN_POINT('',(-6.28318530718,5.));
#1202 = VECTOR('',#1203,1.);
#1203 = DIRECTION('',(1.,-0.));
#1204 = ( GEOMETRIC_REPRESENTATION_CONTEXT(2) 
PARAMETRIC_REPRESENTATION_CONTEXT() REPRESENTATION_CONTEXT('2D SPACE',''
  ) );
#1205 = ORIENTED_EDGE('',*,*,#1007,.T.);
#1206 = ORIENTED_EDGE('',*,*,#1207,.T.);
#1207 = EDGE_CURVE('',#1010,#1208,#1210,.T.);
#1208 = VERTEX_POINT('',#1209);
#1209 = CARTESIAN_POINT('',(1.600403226131,6.5,2.861008928571));
#1210 = SURFACE_CURVE('',#1211,(#1215,#1222),.PCURVE_S1.);
#1211 = LINE('',#1212,#1213);
#1212 = CARTESIAN_POINT('',(18.768211963761,6.5,2.861008928571));
#1213 = VECTOR('',#1214,1.);
#1214 = DIRECTION('',(-1.,0.,0.));
#1215 = PCURVE('',#1025,#1216);
#1216 = DEFINITIONAL_REPRESENTATION('',(#1217),#1221);
#1217 = LINE('',#1218,#1219);
#1218 = CARTESIAN_POINT('',(6.392108370842,6.499999994582));
#1219 = VECTOR('',#1220,1.);
#1220 = DIRECTION('',(-1.,0.));
#1221 = ( GEOMETRIC_REPRESENTATION_CONTEXT(2) 
PARAMETRIC_REPRESENTATION_CONTEXT() REPRESENTATION_CONTEXT('2D SPACE',''
  ) );
#1222 = PCURVE('',#1164,#1223);
#1223 = DEFINITIONAL_REPRESENTATION('',(#1224),#1227);
#1224 = B_SPLINE_CURVE_WITH_KNOTS('',1,(#1225,#1226),.UNSPECIFIED.,.F.,
  .F.,(2,2),(0.,18.768211963761),.PIECEWISE_BEZIER_KNOTS.);
#1225 = CARTESIAN_POINT('',(4.712388980385,0.));
#1226 = CARTESIAN_POINT('',(4.712388980385,18.768211963761));
#1227 = ( GEOMETRIC_REPRESENTATION_CONTEXT(2) 
PARAMETRIC_REPRESENTATION_CONTEXT() REPRESENTATION_CONTEXT('2D SPACE',''
  ) );
#1228 = ORIENTED_EDGE('',*,*,#1229,.T.);
#1229 = EDGE_CURVE('',#1208,#1230,#1232,.T.);
#1230 = VERTEX_POINT('',#1231);
#1231 = CARTESIAN_POINT('',(1.600403226131,-6.5,2.861008928571));
#1232 = SURFACE_CURVE('',#1233,(#1238,#1245),.PCURVE_S1.);
#1233 = CIRCLE('',#1234,14.);
#1234 = AXIS2_PLACEMENT_3D('',#1235,#1236,#1237);
#1235 = CARTESIAN_POINT('',(13.999999993768,-1.463139320524E-27,
    2.861008928571));
#1236 = DIRECTION('',(0.,0.,1.));
#1237 = DIRECTION('',(1.,0.,0.));
#1238 = PCURVE('',#1025,#1239);
#1239 = DEFINITIONAL_REPRESENTATION('',(#1240),#1244);
#1240 = CIRCLE('',#1241,14.);
#1241 = AXIS2_PLACEMENT_2D('',#1242,#1243);
#1242 = CARTESIAN_POINT('',(1.623896400849,-5.41771568396E-09));
#1243 = DIRECTION('',(1.,0.));
#1244 = ( GEOMETRIC_REPRESENTATION_CONTEXT(2) 
PARAMETRIC_REPRESENTATION_CONTEXT() REPRESENTATION_CONTEXT('2D SPACE',''
  ) );
#1245 = PCURVE('',#1246,#1251);
#1246 = CYLINDRICAL_SURFACE('',#1247,14.);
#1247 = AXIS2_PLACEMENT_3D('',#1248,#1249,#1250);
#1248 = CARTESIAN_POINT('',(13.999999993768,-1.463139320524E-27,0.));
#1249 = DIRECTION('',(-0.,-0.,-1.));
#1250 = DIRECTION('',(1.,0.,0.));
#1251 = DEFINITIONAL_REPRESENTATION('',(#1252),#1256);
#1252 = LINE('',#1253,#1254);
#1253 = CARTESIAN_POINT('',(-0.,-2.861008928571));
#1254 = VECTOR('',#1255,1.);
#1255 = DIRECTION('',(-1.,0.));
#1256 = ( GEOMETRIC_REPRESENTATION_CONTEXT(2) 
PARAMETRIC_REPRESENTATION_CONTEXT() REPRESENTATION_CONTEXT('2D SPACE',''
  ) );
#1257 = ORIENTED_EDGE('',*,*,#1258,.T.);
#1258 = EDGE_CURVE('',#1230,#1259,#1261,.T.);
#1259 = VERTEX_POINT('',#1260);
#1260 = CARTESIAN_POINT('',(18.768211963761,-6.5,2.861008928571));
#1261 = SURFACE_CURVE('',#1262,(#1266,#1273),.PCURVE_S1.);
#1262 = LINE('',#1263,#1264);
#1263 = CARTESIAN_POINT('',(0.,-6.5,2.861008928571));
#1264 = VECTOR('',#1265,1.);
#1265 = DIRECTION('',(1.,0.,0.));
#1266 = PCURVE('',#1025,#1267);
#1267 = DEFINITIONAL_REPRESENTATION('',(#1268),#1272);
#1268 = LINE('',#1269,#1270);
#1269 = CARTESIAN_POINT('',(-12.37610359291,-6.500000005418));
#1270 = VECTOR('',#1271,1.);
#1271 = DIRECTION('',(1.,0.));
#1272 = ( GEOMETRIC_REPRESENTATION_CONTEXT(2) 
PARAMETRIC_REPRESENTATION_CONTEXT() REPRESENTATION_CONTEXT('2D SPACE',''
  ) );
#1273 = PCURVE('',#1274,#1279);
#1274 = CYLINDRICAL_SURFACE('',#1275,0.5);
#1275 = AXIS2_PLACEMENT_3D('',#1276,#1277,#1278);
#1276 = CARTESIAN_POINT('',(0.,-6.500000000021,2.361008928571));
#1277 = DIRECTION('',(1.,0.,0.));
#1278 = DIRECTION('',(0.,1.,0.));
#1279 = DEFINITIONAL_REPRESENTATION('',(#1280),#1283);
#1280 = B_SPLINE_CURVE_WITH_KNOTS('',1,(#1281,#1282),.UNSPECIFIED.,.F.,
  .F.,(2,2),(0.,18.768211963761),.PIECEWISE_BEZIER_KNOTS.);
#1281 = CARTESIAN_POINT('',(1.570796326753,0.));
#1282 = CARTESIAN_POINT('',(1.570796326753,18.768211963761));
#1283 = ( GEOMETRIC_REPRESENTATION_CONTEXT(2) 
PARAMETRIC_REPRESENTATION_CONTEXT() REPRESENTATION_CONTEXT('2D SPACE',''
  ) );
#1284 = ORIENTED_EDGE('',*,*,#1285,.T.);
#1285 = EDGE_CURVE('',#1259,#1179,#1286,.T.);
#1286 = SURFACE_CURVE('',#1287,(#1292,#1299),.PCURVE_S1.);
#1287 = CIRCLE('',#1288,11.097461019645);
#1288 = AXIS2_PLACEMENT_3D('',#1289,#1290,#1291);
#1289 = CARTESIAN_POINT('',(18.768209210185,4.597461019645,
    2.861008928571));
#1290 = DIRECTION('',(0.,-0.,1.));
#1291 = DIRECTION('',(1.,1.069745718673E-08,0.));
#1292 = PCURVE('',#1025,#1293);
#1293 = DEFINITIONAL_REPRESENTATION('',(#1294),#1298);
#1294 = CIRCLE('',#1295,11.097461019645);
#1295 = AXIS2_PLACEMENT_2D('',#1296,#1297);
#1296 = CARTESIAN_POINT('',(6.392105617266,4.597461014227));
#1297 = DIRECTION('',(1.,1.069745718673E-08));
#1298 = ( GEOMETRIC_REPRESENTATION_CONTEXT(2) 
PARAMETRIC_REPRESENTATION_CONTEXT() REPRESENTATION_CONTEXT('2D SPACE',''
  ) );
#1299 = PCURVE('',#1300,#1305);
#1300 = TOROIDAL_SURFACE('',#1301,11.097461019666,0.5);
#1301 = AXIS2_PLACEMENT_3D('',#1302,#1303,#1304);
#1302 = CARTESIAN_POINT('',(18.768209210185,4.597461019645,
    2.361008928571));
#1303 = DIRECTION('',(0.,0.,1.));
#1304 = DIRECTION('',(1.,1.069745718671E-08,0.));
#1305 = DEFINITIONAL_REPRESENTATION('',(#1306),#1309);
#1306 = B_SPLINE_CURVE_WITH_KNOTS('',1,(#1307,#1308),.UNSPECIFIED.,.F.,
  .F.,(2,2),(4.712389217814,5.512186799959),.PIECEWISE_BEZIER_KNOTS.);
#1307 = CARTESIAN_POINT('',(4.712389217814,7.853981882143));
#1308 = CARTESIAN_POINT('',(5.512186799959,7.853981882143));
#1309 = ( GEOMETRIC_REPRESENTATION_CONTEXT(2) 
PARAMETRIC_REPRESENTATION_CONTEXT() REPRESENTATION_CONTEXT('2D SPACE',''
  ) );
#1310 = FACE_BOUND('',#1311,.T.);
#1311 = EDGE_LOOP('',(#1312,#1340,#1379,#1424,#1469,#1508,#1547,#1592,
    #1637,#1688,#1739,#1784,#1829,#1874,#1925,#1967,#2018,#2069,#2120));
#1312 = ORIENTED_EDGE('',*,*,#1313,.F.);
#1313 = EDGE_CURVE('',#1314,#1316,#1318,.T.);
#1314 = VERTEX_POINT('',#1315);
#1315 = CARTESIAN_POINT('',(3.234872611465,-1.656050955414,
    2.861008928571));
#1316 = VERTEX_POINT('',#1317);
#1317 = CARTESIAN_POINT('',(3.248248407643,-1.827388535032,
    2.861008928571));
#1318 = SURFACE_CURVE('',#1319,(#1323,#1329),.PCURVE_S1.);
#1319 = LINE('',#1320,#1321);
#1320 = CARTESIAN_POINT('',(3.204997303771,-1.273362490185,
    2.861008928571));
#1321 = VECTOR('',#1322,1.);
#1322 = DIRECTION('',(7.783010916185E-02,-0.996966636407,0.));
#1323 = PCURVE('',#1025,#1324);
#1324 = DEFINITIONAL_REPRESENTATION('',(#1325),#1328);
#1325 = B_SPLINE_CURVE_WITH_KNOTS('',1,(#1326,#1327),.UNSPECIFIED.,.F.,
  .F.,(2,2),(0.38385283043,0.555711720548),.PIECEWISE_BEZIER_KNOTS.);
#1326 = CARTESIAN_POINT('',(-9.141230981454,-1.656050960832));
#1327 = CARTESIAN_POINT('',(-9.127855185276,-1.82738854045));
#1328 = ( GEOMETRIC_REPRESENTATION_CONTEXT(2) 
PARAMETRIC_REPRESENTATION_CONTEXT() REPRESENTATION_CONTEXT('2D SPACE',''
  ) );
#1329 = PCURVE('',#1330,#1335);
#1330 = PLANE('',#1331);
#1331 = AXIS2_PLACEMENT_3D('',#1332,#1333,#1334);
#1332 = CARTESIAN_POINT('',(3.248248407643,-1.827388535032,
    2.761008928571));
#1333 = DIRECTION('',(-0.996966636407,-7.783010916185E-02,0.));
#1334 = DIRECTION('',(-7.783010916185E-02,0.996966636407,0.));
#1335 = DEFINITIONAL_REPRESENTATION('',(#1336),#1339);
#1336 = B_SPLINE_CURVE_WITH_KNOTS('',1,(#1337,#1338),.UNSPECIFIED.,.F.,
  .F.,(2,2),(0.38385283043,0.555711720548),.PIECEWISE_BEZIER_KNOTS.);
#1337 = CARTESIAN_POINT('',(0.171858890118,-0.1));
#1338 = CARTESIAN_POINT('',(0.,-0.1));
#1339 = ( GEOMETRIC_REPRESENTATION_CONTEXT(2) 
PARAMETRIC_REPRESENTATION_CONTEXT() REPRESENTATION_CONTEXT('2D SPACE',''
  ) );
#1340 = ORIENTED_EDGE('',*,*,#1341,.F.);
#1341 = EDGE_CURVE('',#1342,#1314,#1344,.T.);
#1342 = VERTEX_POINT('',#1343);
#1343 = CARTESIAN_POINT('',(3.384554140127,-1.591082802548,
    2.861008928571));
#1344 = SURFACE_CURVE('',#1345,(#1352,#1362),.PCURVE_S1.);
#1345 = B_SPLINE_CURVE_WITH_KNOTS('',5,(#1346,#1347,#1348,#1349,#1350,
    #1351),.UNSPECIFIED.,.F.,.F.,(6,6),(0.,1.),
  .PIECEWISE_BEZIER_KNOTS.);
#1346 = CARTESIAN_POINT('',(3.384554140127,-1.591082802548,
    2.861008928571));
#1347 = CARTESIAN_POINT('',(3.36584512514,-1.607997799568,2.861008928571
    ));
#1348 = CARTESIAN_POINT('',(3.341433733288,-1.622948651538,
    2.861008928571));
#1349 = CARTESIAN_POINT('',(3.311383722398,-1.635929200391,
    2.861008928571));
#1350 = CARTESIAN_POINT('',(3.275811406684,-1.646953444107,
    2.861008928571));
#1351 = CARTESIAN_POINT('',(3.234872611465,-1.656050955414,
    2.861008928571));
#1352 = PCURVE('',#1025,#1353);
#1353 = DEFINITIONAL_REPRESENTATION('',(#1354),#1361);
#1354 = B_SPLINE_CURVE_WITH_KNOTS('',5,(#1355,#1356,#1357,#1358,#1359,
    #1360),.UNSPECIFIED.,.F.,.F.,(6,6),(0.,1.),
  .PIECEWISE_BEZIER_KNOTS.);
#1355 = CARTESIAN_POINT('',(-8.991549452792,-1.591082807965));
#1356 = CARTESIAN_POINT('',(-9.010258467779,-1.607997804986));
#1357 = CARTESIAN_POINT('',(-9.034669859631,-1.622948656956));
#1358 = CARTESIAN_POINT('',(-9.064719870521,-1.635929205809));
#1359 = CARTESIAN_POINT('',(-9.100292186235,-1.646953449525));
#1360 = CARTESIAN_POINT('',(-9.141230981454,-1.656050960832));
#1361 = ( GEOMETRIC_REPRESENTATION_CONTEXT(2) 
PARAMETRIC_REPRESENTATION_CONTEXT() REPRESENTATION_CONTEXT('2D SPACE',''
  ) );
#1362 = PCURVE('',#1363,#1370);
#1363 = SURFACE_OF_LINEAR_EXTRUSION('',#1364,#1368);
#1364 = B_SPLINE_CURVE_WITH_KNOTS('',2,(#1365,#1366,#1367),
  .UNSPECIFIED.,.F.,.F.,(3,3),(0.,1.),.PIECEWISE_BEZIER_KNOTS.);
#1365 = CARTESIAN_POINT('',(3.234872611465,-1.656050955414,
    2.761008928571));
#1366 = CARTESIAN_POINT('',(3.338057324841,-1.633121019108,
    2.761008928571));
#1367 = CARTESIAN_POINT('',(3.384554140127,-1.591082802548,
    2.761008928571));
#1368 = VECTOR('',#1369,1.);
#1369 = DIRECTION('',(-0.,-0.,-1.));
#1370 = DEFINITIONAL_REPRESENTATION('',(#1371),#1378);
#1371 = B_SPLINE_CURVE_WITH_KNOTS('',5,(#1372,#1373,#1374,#1375,#1376,
    #1377),.UNSPECIFIED.,.F.,.F.,(6,6),(0.,1.),
  .PIECEWISE_BEZIER_KNOTS.);
#1372 = CARTESIAN_POINT('',(1.,-0.1));
#1373 = CARTESIAN_POINT('',(0.798814041447,-0.1));
#1374 = CARTESIAN_POINT('',(0.597991924506,-1.E-01));
#1375 = CARTESIAN_POINT('',(0.397773199049,-0.1));
#1376 = CARTESIAN_POINT('',(0.198376271681,-1.E-01));
#1377 = CARTESIAN_POINT('',(0.,-1.E-01));
#1378 = ( GEOMETRIC_REPRESENTATION_CONTEXT(2) 
PARAMETRIC_REPRESENTATION_CONTEXT() REPRESENTATION_CONTEXT('2D SPACE',''
  ) );
#1379 = ORIENTED_EDGE('',*,*,#1380,.F.);
#1380 = EDGE_CURVE('',#1381,#1342,#1383,.T.);
#1381 = VERTEX_POINT('',#1382);
#1382 = CARTESIAN_POINT('',(3.459076433121,-1.419108280255,
    2.861008928571));
#1383 = SURFACE_CURVE('',#1384,(#1393,#1405),.PCURVE_S1.);
#1384 = B_SPLINE_CURVE_WITH_KNOTS('',4,(#1385,#1386,#1387,#1388,#1389,
    #1390,#1391,#1392),.UNSPECIFIED.,.F.,.F.,(5,3,5),(0.,0.512021447999,
    1.),.UNSPECIFIED.);
#1385 = CARTESIAN_POINT('',(3.459076433121,-1.419108280255,
    2.861008928571));
#1386 = CARTESIAN_POINT('',(3.459076431217,-1.445302080497,
    2.861008928571));
#1387 = CARTESIAN_POINT('',(3.455835029075,-1.470113476443,
    2.861008928571));
#1388 = CARTESIAN_POINT('',(3.449319516928,-1.493499346932,
    2.861008928571));
#1389 = CARTESIAN_POINT('',(3.430221379888,-1.536340079821,
    2.861008928571));
#1390 = CARTESIAN_POINT('',(3.417937981734,-1.555928054802,
    2.861008928571));
#1391 = CARTESIAN_POINT('',(3.402700510868,-1.574177206797,
    2.861008928571));
#1392 = CARTESIAN_POINT('',(3.384554140127,-1.591082802548,
    2.861008928571));
#1393 = PCURVE('',#1025,#1394);
#1394 = DEFINITIONAL_REPRESENTATION('',(#1395),#1404);
#1395 = B_SPLINE_CURVE_WITH_KNOTS('',4,(#1396,#1397,#1398,#1399,#1400,
    #1401,#1402,#1403),.UNSPECIFIED.,.F.,.F.,(5,3,5),(0.,0.512021447999,
    1.),.UNSPECIFIED.);
#1396 = CARTESIAN_POINT('',(-8.917027159798,-1.419108285672));
#1397 = CARTESIAN_POINT('',(-8.917027161702,-1.445302085915));
#1398 = CARTESIAN_POINT('',(-8.920268563844,-1.470113481861));
#1399 = CARTESIAN_POINT('',(-8.926784075991,-1.49349935235));
#1400 = CARTESIAN_POINT('',(-8.945882213031,-1.536340085238));
#1401 = CARTESIAN_POINT('',(-8.958165611185,-1.555928060219));
#1402 = CARTESIAN_POINT('',(-8.973403082051,-1.574177212215));
#1403 = CARTESIAN_POINT('',(-8.991549452792,-1.591082807965));
#1404 = ( GEOMETRIC_REPRESENTATION_CONTEXT(2) 
PARAMETRIC_REPRESENTATION_CONTEXT() REPRESENTATION_CONTEXT('2D SPACE',''
  ) );
#1405 = PCURVE('',#1406,#1413);
#1406 = SURFACE_OF_LINEAR_EXTRUSION('',#1407,#1411);
#1407 = B_SPLINE_CURVE_WITH_KNOTS('',2,(#1408,#1409,#1410),
  .UNSPECIFIED.,.F.,.F.,(3,3),(0.,1.),.PIECEWISE_BEZIER_KNOTS.);
#1408 = CARTESIAN_POINT('',(3.384554140127,-1.591082802548,
    2.761008928571));
#1409 = CARTESIAN_POINT('',(3.459076433121,-1.521656050955,
    2.761008928571));
#1410 = CARTESIAN_POINT('',(3.459076433121,-1.419108280255,
    2.761008928571));
#1411 = VECTOR('',#1412,1.);
#1412 = DIRECTION('',(-0.,-0.,-1.));
#1413 = DEFINITIONAL_REPRESENTATION('',(#1414),#1423);
#1414 = B_SPLINE_CURVE_WITH_KNOTS('',4,(#1415,#1416,#1417,#1418,#1419,
    #1420,#1421,#1422),.UNSPECIFIED.,.F.,.F.,(5,3,5),(0.,0.512021447999,
    1.),.UNSPECIFIED.);
#1415 = CARTESIAN_POINT('',(1.,-0.1));
#1416 = CARTESIAN_POINT('',(0.872284882891,-0.1));
#1417 = CARTESIAN_POINT('',(0.744285907675,-0.1));
#1418 = CARTESIAN_POINT('',(0.616142441048,-0.1));
#1419 = CARTESIAN_POINT('',(0.365874719747,-0.1));
#1420 = CARTESIAN_POINT('',(0.243749865749,-0.1));
#1421 = CARTESIAN_POINT('',(0.12175130304,-1.E-01));
#1422 = CARTESIAN_POINT('',(0.,-1.E-01));
#1423 = ( GEOMETRIC_REPRESENTATION_CONTEXT(2) 
PARAMETRIC_REPRESENTATION_CONTEXT() REPRESENTATION_CONTEXT('2D SPACE',''
  ) );
#1424 = ORIENTED_EDGE('',*,*,#1425,.F.);
#1425 = EDGE_CURVE('',#1426,#1381,#1428,.T.);
#1426 = VERTEX_POINT('',#1427);
#1427 = CARTESIAN_POINT('',(3.415127388535,-1.275159235669,
    2.861008928571));
#1428 = SURFACE_CURVE('',#1429,(#1438,#1450),.PCURVE_S1.);
#1429 = B_SPLINE_CURVE_WITH_KNOTS('',4,(#1430,#1431,#1432,#1433,#1434,
    #1435,#1436,#1437),.UNSPECIFIED.,.F.,.F.,(5,3,5),(0.,0.284867444694,
    1.),.UNSPECIFIED.);
#1430 = CARTESIAN_POINT('',(3.415127388535,-1.275159235669,
    2.861008928571));
#1431 = CARTESIAN_POINT('',(3.421388558735,-1.283961171758,
    2.861008928571));
#1432 = CARTESIAN_POINT('',(3.427056631765,-1.293041090005,
    2.861008928571));
#1433 = CARTESIAN_POINT('',(3.432130159521,-1.30239821143,2.861008928571
    ));
#1434 = CARTESIAN_POINT('',(3.447851237394,-1.336214382177,
    2.861008928571));
#1435 = CARTESIAN_POINT('',(3.455343452946,-1.362136886691,
    2.861008928571));
#1436 = CARTESIAN_POINT('',(3.459076431552,-1.389779744459,
    2.861008928571));
#1437 = CARTESIAN_POINT('',(3.459076433121,-1.419108280255,
    2.861008928571));
#1438 = PCURVE('',#1025,#1439);
#1439 = DEFINITIONAL_REPRESENTATION('',(#1440),#1449);
#1440 = B_SPLINE_CURVE_WITH_KNOTS('',4,(#1441,#1442,#1443,#1444,#1445,
    #1446,#1447,#1448),.UNSPECIFIED.,.F.,.F.,(5,3,5),(0.,0.284867444694,
    1.),.UNSPECIFIED.);
#1441 = CARTESIAN_POINT('',(-8.960976204384,-1.275159241087));
#1442 = CARTESIAN_POINT('',(-8.954715034184,-1.283961177175));
#1443 = CARTESIAN_POINT('',(-8.949046961154,-1.293041095423));
#1444 = CARTESIAN_POINT('',(-8.943973433398,-1.302398216847));
#1445 = CARTESIAN_POINT('',(-8.928252355525,-1.336214387594));
#1446 = CARTESIAN_POINT('',(-8.920760139973,-1.362136892109));
#1447 = CARTESIAN_POINT('',(-8.917027161367,-1.389779749877));
#1448 = CARTESIAN_POINT('',(-8.917027159798,-1.419108285672));
#1449 = ( GEOMETRIC_REPRESENTATION_CONTEXT(2) 
PARAMETRIC_REPRESENTATION_CONTEXT() REPRESENTATION_CONTEXT('2D SPACE',''
  ) );
#1450 = PCURVE('',#1451,#1458);
#1451 = SURFACE_OF_LINEAR_EXTRUSION('',#1452,#1456);
#1452 = B_SPLINE_CURVE_WITH_KNOTS('',2,(#1453,#1454,#1455),
  .UNSPECIFIED.,.F.,.F.,(3,3),(0.,1.),.PIECEWISE_BEZIER_KNOTS.);
#1453 = CARTESIAN_POINT('',(3.459076433121,-1.419108280255,
    2.761008928571));
#1454 = CARTESIAN_POINT('',(3.459076433121,-1.336942675159,
    2.761008928571));
#1455 = CARTESIAN_POINT('',(3.415127388535,-1.275159235669,
    2.761008928571));
#1456 = VECTOR('',#1457,1.);
#1457 = DIRECTION('',(-0.,-0.,-1.));
#1458 = DEFINITIONAL_REPRESENTATION('',(#1459),#1468);
#1459 = B_SPLINE_CURVE_WITH_KNOTS('',4,(#1460,#1461,#1462,#1463,#1464,
    #1465,#1466,#1467),.UNSPECIFIED.,.F.,.F.,(5,3,5),(0.,0.284867444694,
    1.),.UNSPECIFIED.);
#1460 = CARTESIAN_POINT('',(1.,-0.1));
#1461 = CARTESIAN_POINT('',(0.928767839156,-0.1));
#1462 = CARTESIAN_POINT('',(0.857517893489,-0.1));
#1463 = CARTESIAN_POINT('',(0.786258990085,-0.1));
#1464 = CARTESIAN_POINT('',(0.536111100559,-0.1));
#1465 = CARTESIAN_POINT('',(0.357221435162,-0.1));
#1466 = CARTESIAN_POINT('',(0.178472102099,-1.E-01));
#1467 = CARTESIAN_POINT('',(0.,-1.E-01));
#1468 = ( GEOMETRIC_REPRESENTATION_CONTEXT(2) 
PARAMETRIC_REPRESENTATION_CONTEXT() REPRESENTATION_CONTEXT('2D SPACE',''
  ) );
#1469 = ORIENTED_EDGE('',*,*,#1470,.F.);
#1470 = EDGE_CURVE('',#1471,#1426,#1473,.T.);
#1471 = VERTEX_POINT('',#1472);
#1472 = CARTESIAN_POINT('',(3.247611464968,-1.146496815287,
    2.861008928571));
#1473 = SURFACE_CURVE('',#1474,(#1481,#1491),.PCURVE_S1.);
#1474 = B_SPLINE_CURVE_WITH_KNOTS('',5,(#1475,#1476,#1477,#1478,#1479,
    #1480),.UNSPECIFIED.,.F.,.F.,(6,6),(0.,1.),
  .PIECEWISE_BEZIER_KNOTS.);
#1475 = CARTESIAN_POINT('',(3.247611464968,-1.146496815287,
    2.861008928571));
#1476 = CARTESIAN_POINT('',(3.291447065266,-1.165247305543,
    2.861008928571));
#1477 = CARTESIAN_POINT('',(3.330227400681,-1.187474109977,
    2.861008928571));
#1478 = CARTESIAN_POINT('',(3.363817697457,-1.213209015665,
    2.861008928571));
#1479 = CARTESIAN_POINT('',(3.39212919828,-1.242450702814,2.861008928571
    ));
#1480 = CARTESIAN_POINT('',(3.415127388535,-1.275159235669,
    2.861008928571));
#1481 = PCURVE('',#1025,#1482);
#1482 = DEFINITIONAL_REPRESENTATION('',(#1483),#1490);
#1483 = B_SPLINE_CURVE_WITH_KNOTS('',5,(#1484,#1485,#1486,#1487,#1488,
    #1489),.UNSPECIFIED.,.F.,.F.,(6,6),(0.,1.),
  .PIECEWISE_BEZIER_KNOTS.);
#1484 = CARTESIAN_POINT('',(-9.128492127951,-1.146496820704));
#1485 = CARTESIAN_POINT('',(-9.084656527653,-1.165247310961));
#1486 = CARTESIAN_POINT('',(-9.045876192238,-1.187474115394));
#1487 = CARTESIAN_POINT('',(-9.012285895462,-1.213209021083));
#1488 = CARTESIAN_POINT('',(-8.983974394639,-1.242450708232));
#1489 = CARTESIAN_POINT('',(-8.960976204384,-1.275159241087));
#1490 = ( GEOMETRIC_REPRESENTATION_CONTEXT(2) 
PARAMETRIC_REPRESENTATION_CONTEXT() REPRESENTATION_CONTEXT('2D SPACE',''
  ) );
#1491 = PCURVE('',#1492,#1499);
#1492 = SURFACE_OF_LINEAR_EXTRUSION('',#1493,#1497);
#1493 = B_SPLINE_CURVE_WITH_KNOTS('',2,(#1494,#1495,#1496),
  .UNSPECIFIED.,.F.,.F.,(3,3),(0.,1.),.PIECEWISE_BEZIER_KNOTS.);
#1494 = CARTESIAN_POINT('',(3.415127388535,-1.275159235669,
    2.761008928571));
#1495 = CARTESIAN_POINT('',(3.357802547771,-1.193630573248,
    2.761008928571));
#1496 = CARTESIAN_POINT('',(3.247611464968,-1.146496815287,
    2.761008928571));
#1497 = VECTOR('',#1498,1.);
#1498 = DIRECTION('',(-0.,-0.,-1.));
#1499 = DEFINITIONAL_REPRESENTATION('',(#1500),#1507);
#1500 = B_SPLINE_CURVE_WITH_KNOTS('',5,(#1501,#1502,#1503,#1504,#1505,
    #1506),.UNSPECIFIED.,.F.,.F.,(6,6),(0.,1.),
  .PIECEWISE_BEZIER_KNOTS.);
#1501 = CARTESIAN_POINT('',(1.,-0.1));
#1502 = CARTESIAN_POINT('',(0.801092786793,-0.1));
#1503 = CARTESIAN_POINT('',(0.60139723906,-1.E-01));
#1504 = CARTESIAN_POINT('',(0.401148565559,-0.1));
#1505 = CARTESIAN_POINT('',(0.200595307611,-1.E-01));
#1506 = CARTESIAN_POINT('',(0.,-1.E-01));
#1507 = ( GEOMETRIC_REPRESENTATION_CONTEXT(2) 
PARAMETRIC_REPRESENTATION_CONTEXT() REPRESENTATION_CONTEXT('2D SPACE',''
  ) );
#1508 = ORIENTED_EDGE('',*,*,#1509,.F.);
#1509 = EDGE_CURVE('',#1510,#1471,#1512,.T.);
#1510 = VERTEX_POINT('',#1511);
#1511 = CARTESIAN_POINT('',(2.93550955414,-1.098089171975,2.861008928571
    ));
#1512 = SURFACE_CURVE('',#1513,(#1520,#1530),.PCURVE_S1.);
#1513 = B_SPLINE_CURVE_WITH_KNOTS('',5,(#1514,#1515,#1516,#1517,#1518,
    #1519),.UNSPECIFIED.,.F.,.F.,(6,6),(0.,1.),
  .PIECEWISE_BEZIER_KNOTS.);
#1514 = CARTESIAN_POINT('',(2.93550955414,-1.098089171975,2.861008928571
    ));
#1515 = CARTESIAN_POINT('',(3.014375063607,-1.098833187985,
    2.861008928571));
#1516 = CARTESIAN_POINT('',(3.085668398237,-1.103813728388,
    2.861008928571));
#1517 = CARTESIAN_POINT('',(3.14870624342,-1.11329443893,2.861008928571)
  );
#1518 = CARTESIAN_POINT('',(3.202837682784,-1.127493992562,
    2.861008928571));
#1519 = CARTESIAN_POINT('',(3.247611464968,-1.146496815287,
    2.861008928571));
#1520 = PCURVE('',#1025,#1521);
#1521 = DEFINITIONAL_REPRESENTATION('',(#1522),#1529);
#1522 = B_SPLINE_CURVE_WITH_KNOTS('',5,(#1523,#1524,#1525,#1526,#1527,
    #1528),.UNSPECIFIED.,.F.,.F.,(6,6),(0.,1.),
  .PIECEWISE_BEZIER_KNOTS.);
#1523 = CARTESIAN_POINT('',(-9.440594038779,-1.098089177392));
#1524 = CARTESIAN_POINT('',(-9.361728529312,-1.098833193403));
#1525 = CARTESIAN_POINT('',(-9.290435194682,-1.103813733806));
#1526 = CARTESIAN_POINT('',(-9.227397349499,-1.113294444348));
#1527 = CARTESIAN_POINT('',(-9.173265910135,-1.12749399798));
#1528 = CARTESIAN_POINT('',(-9.128492127951,-1.146496820704));
#1529 = ( GEOMETRIC_REPRESENTATION_CONTEXT(2) 
PARAMETRIC_REPRESENTATION_CONTEXT() REPRESENTATION_CONTEXT('2D SPACE',''
  ) );
#1530 = PCURVE('',#1531,#1538);
#1531 = SURFACE_OF_LINEAR_EXTRUSION('',#1532,#1536);
#1532 = B_SPLINE_CURVE_WITH_KNOTS('',2,(#1533,#1534,#1535),
  .UNSPECIFIED.,.F.,.F.,(3,3),(0.,1.),.PIECEWISE_BEZIER_KNOTS.);
#1533 = CARTESIAN_POINT('',(3.247611464968,-1.146496815287,
    2.761008928571));
#1534 = CARTESIAN_POINT('',(3.138057324841,-1.1,2.761008928571));
#1535 = CARTESIAN_POINT('',(2.93550955414,-1.098089171975,2.761008928571
    ));
#1536 = VECTOR('',#1537,1.);
#1537 = DIRECTION('',(-0.,-0.,-1.));
#1538 = DEFINITIONAL_REPRESENTATION('',(#1539),#1546);
#1539 = B_SPLINE_CURVE_WITH_KNOTS('',5,(#1540,#1541,#1542,#1543,#1544,
    #1545),.UNSPECIFIED.,.F.,.F.,(6,6),(0.,1.),
  .PIECEWISE_BEZIER_KNOTS.);
#1540 = CARTESIAN_POINT('',(1.,-0.1));
#1541 = CARTESIAN_POINT('',(0.805316264862,-0.1));
#1542 = CARTESIAN_POINT('',(0.607572478028,-1.E-01));
#1543 = CARTESIAN_POINT('',(0.407091650292,-0.1));
#1544 = CARTESIAN_POINT('',(0.204345442042,-1.E-01));
#1545 = CARTESIAN_POINT('',(0.,-1.E-01));
#1546 = ( GEOMETRIC_REPRESENTATION_CONTEXT(2) 
PARAMETRIC_REPRESENTATION_CONTEXT() REPRESENTATION_CONTEXT('2D SPACE',''
  ) );
#1547 = ORIENTED_EDGE('',*,*,#1548,.F.);
#1548 = EDGE_CURVE('',#1549,#1510,#1551,.T.);
#1549 = VERTEX_POINT('',#1550);
#1550 = CARTESIAN_POINT('',(3.068630573248,-1.250318471338,
    2.861008928571));
#1551 = SURFACE_CURVE('',#1552,(#1561,#1573),.PCURVE_S1.);
#1552 = B_SPLINE_CURVE_WITH_KNOTS('',4,(#1553,#1554,#1555,#1556,#1557,
    #1558,#1559,#1560),.UNSPECIFIED.,.F.,.F.,(5,3,5),(0.,0.151833714764,
    1.),.UNSPECIFIED.);
#1553 = CARTESIAN_POINT('',(3.068630573248,-1.250318471338,
    2.861008928571));
#1554 = CARTESIAN_POINT('',(3.065339140267,-1.243493589184,
    2.861008928571));
#1555 = CARTESIAN_POINT('',(3.061868409761,-1.236773559079,
    2.861008928571));
#1556 = CARTESIAN_POINT('',(3.058218451615,-1.230158717557,
    2.861008928571));
#1557 = CARTESIAN_POINT('',(3.032999943499,-1.187286998691,
    2.861008928571));
#1558 = CARTESIAN_POINT('',(3.006022634275,-1.154215778027,
    2.861008928571));
#1559 = CARTESIAN_POINT('',(2.973487079426,-1.124484901294,
    2.861008928571));
#1560 = CARTESIAN_POINT('',(2.93550955414,-1.098089171975,2.861008928571
    ));
#1561 = PCURVE('',#1025,#1562);
#1562 = DEFINITIONAL_REPRESENTATION('',(#1563),#1572);
#1563 = B_SPLINE_CURVE_WITH_KNOTS('',4,(#1564,#1565,#1566,#1567,#1568,
    #1569,#1570,#1571),.UNSPECIFIED.,.F.,.F.,(5,3,5),(0.,0.151833714764,
    1.),.UNSPECIFIED.);
#1564 = CARTESIAN_POINT('',(-9.307473019671,-1.250318476755));
#1565 = CARTESIAN_POINT('',(-9.310764452652,-1.243493594601));
#1566 = CARTESIAN_POINT('',(-9.314235183158,-1.236773564497));
#1567 = CARTESIAN_POINT('',(-9.317885141304,-1.230158722974));
#1568 = CARTESIAN_POINT('',(-9.34310364942,-1.187287004109));
#1569 = CARTESIAN_POINT('',(-9.370080958644,-1.154215783445));
#1570 = CARTESIAN_POINT('',(-9.402616513493,-1.124484906711));
#1571 = CARTESIAN_POINT('',(-9.440594038779,-1.098089177392));
#1572 = ( GEOMETRIC_REPRESENTATION_CONTEXT(2) 
PARAMETRIC_REPRESENTATION_CONTEXT() REPRESENTATION_CONTEXT('2D SPACE',''
  ) );
#1573 = PCURVE('',#1574,#1581);
#1574 = SURFACE_OF_LINEAR_EXTRUSION('',#1575,#1579);
#1575 = B_SPLINE_CURVE_WITH_KNOTS('',2,(#1576,#1577,#1578),
  .UNSPECIFIED.,.F.,.F.,(3,3),(0.,1.),.PIECEWISE_BEZIER_KNOTS.);
#1576 = CARTESIAN_POINT('',(2.93550955414,-1.098089171975,2.761008928571
    ));
#1577 = CARTESIAN_POINT('',(3.025318471338,-1.16050955414,2.761008928571
    ));
#1578 = CARTESIAN_POINT('',(3.068630573248,-1.250318471338,
    2.761008928571));
#1579 = VECTOR('',#1580,1.);
#1580 = DIRECTION('',(-0.,-0.,-1.));
#1581 = DEFINITIONAL_REPRESENTATION('',(#1582),#1591);
#1582 = B_SPLINE_CURVE_WITH_KNOTS('',4,(#1583,#1584,#1585,#1586,#1587,
    #1588,#1589,#1590),.UNSPECIFIED.,.F.,.F.,(5,3,5),(0.,0.151833714764,
    1.),.UNSPECIFIED.);
#1583 = CARTESIAN_POINT('',(1.,-0.1));
#1584 = CARTESIAN_POINT('',(0.962003314509,-0.1));
#1585 = CARTESIAN_POINT('',(0.924003327116,-0.1));
#1586 = CARTESIAN_POINT('',(0.886001675407,-0.1));
#1587 = CARTESIAN_POINT('',(0.63571684594,-0.1));
#1588 = CARTESIAN_POINT('',(0.423432259953,-0.1));
#1589 = CARTESIAN_POINT('',(0.211435169451,-1.E-01));
#1590 = CARTESIAN_POINT('',(0.,-1.E-01));
#1591 = ( GEOMETRIC_REPRESENTATION_CONTEXT(2) 
PARAMETRIC_REPRESENTATION_CONTEXT() REPRESENTATION_CONTEXT('2D SPACE',''
  ) );
#1592 = ORIENTED_EDGE('',*,*,#1593,.F.);
#1593 = EDGE_CURVE('',#1594,#1549,#1596,.T.);
#1594 = VERTEX_POINT('',#1595);
#1595 = CARTESIAN_POINT('',(3.112579617834,-1.43821656051,2.861008928571
    ));
#1596 = SURFACE_CURVE('',#1597,(#1606,#1618),.PCURVE_S1.);
#1597 = B_SPLINE_CURVE_WITH_KNOTS('',4,(#1598,#1599,#1600,#1601,#1602,
    #1603,#1604,#1605),.UNSPECIFIED.,.F.,.F.,(5,3,5),(0.,0.404942214338,
    1.),.UNSPECIFIED.);
#1598 = CARTESIAN_POINT('',(3.112579617834,-1.43821656051,2.861008928571
    ));
#1599 = CARTESIAN_POINT('',(3.112579616945,-1.41836190585,2.861008928571
    ));
#1600 = CARTESIAN_POINT('',(3.111379178456,-1.398725037134,
    2.861008928571));
#1601 = CARTESIAN_POINT('',(3.108976012785,-1.379310549741,
    2.861008928571));
#1602 = CARTESIAN_POINT('',(3.10007316971,-1.331925888272,2.861008928571
    ));
#1603 = CARTESIAN_POINT('',(3.092179924374,-1.3042182311,2.861008928571)
  );
#1604 = CARTESIAN_POINT('',(3.081693568479,-1.277012421029,
    2.861008928571));
#1605 = CARTESIAN_POINT('',(3.068630573248,-1.250318471338,
    2.861008928571));
#1606 = PCURVE('',#1025,#1607);
#1607 = DEFINITIONAL_REPRESENTATION('',(#1608),#1617);
#1608 = B_SPLINE_CURVE_WITH_KNOTS('',4,(#1609,#1610,#1611,#1612,#1613,
    #1614,#1615,#1616),.UNSPECIFIED.,.F.,.F.,(5,3,5),(0.,0.404942214338,
    1.),.UNSPECIFIED.);
#1609 = CARTESIAN_POINT('',(-9.263523975085,-1.438216565927));
#1610 = CARTESIAN_POINT('',(-9.263523975974,-1.418361911268));
#1611 = CARTESIAN_POINT('',(-9.264724414463,-1.398725042552));
#1612 = CARTESIAN_POINT('',(-9.267127580134,-1.379310555158));
#1613 = CARTESIAN_POINT('',(-9.276030423209,-1.33192589369));
#1614 = CARTESIAN_POINT('',(-9.283923668545,-1.304218236518));
#1615 = CARTESIAN_POINT('',(-9.29441002444,-1.277012426447));
#1616 = CARTESIAN_POINT('',(-9.307473019671,-1.250318476755));
#1617 = ( GEOMETRIC_REPRESENTATION_CONTEXT(2) 
PARAMETRIC_REPRESENTATION_CONTEXT() REPRESENTATION_CONTEXT('2D SPACE',''
  ) );
#1618 = PCURVE('',#1619,#1626);
#1619 = SURFACE_OF_LINEAR_EXTRUSION('',#1620,#1624);
#1620 = B_SPLINE_CURVE_WITH_KNOTS('',2,(#1621,#1622,#1623),
  .UNSPECIFIED.,.F.,.F.,(3,3),(0.,1.),.PIECEWISE_BEZIER_KNOTS.);
#1621 = CARTESIAN_POINT('',(3.068630573248,-1.250318471338,
    2.761008928571));
#1622 = CARTESIAN_POINT('',(3.112579617834,-1.340127388535,
    2.761008928571));
#1623 = CARTESIAN_POINT('',(3.112579617834,-1.43821656051,2.761008928571
    ));
#1624 = VECTOR('',#1625,1.);
#1625 = DIRECTION('',(-0.,-0.,-1.));
#1626 = DEFINITIONAL_REPRESENTATION('',(#1627),#1636);
#1627 = B_SPLINE_CURVE_WITH_KNOTS('',4,(#1628,#1629,#1630,#1631,#1632,
    #1633,#1634,#1635),.UNSPECIFIED.,.F.,.F.,(5,3,5),(0.,0.404942214338,
    1.),.UNSPECIFIED.);
#1628 = CARTESIAN_POINT('',(1.,-0.1));
#1629 = CARTESIAN_POINT('',(0.898792830915,-0.1));
#1630 = CARTESIAN_POINT('',(0.797542927963,-0.1));
#1631 = CARTESIAN_POINT('',(0.696271516767,-0.1));
#1632 = CARTESIAN_POINT('',(0.446182706113,-0.1));
#1633 = CARTESIAN_POINT('',(0.297365105944,-0.1));
#1634 = CARTESIAN_POINT('',(0.148615250457,-1.E-01));
#1635 = CARTESIAN_POINT('',(0.,-1.E-01));
#1636 = ( GEOMETRIC_REPRESENTATION_CONTEXT(2) 
PARAMETRIC_REPRESENTATION_CONTEXT() REPRESENTATION_CONTEXT('2D SPACE',''
  ) );
#1637 = ORIENTED_EDGE('',*,*,#1638,.F.);
#1638 = EDGE_CURVE('',#1639,#1594,#1641,.T.);
#1639 = VERTEX_POINT('',#1640);
#1640 = CARTESIAN_POINT('',(2.985191082803,-1.731210191083,
    2.861008928571));
#1641 = SURFACE_CURVE('',#1642,(#1653,#1667),.PCURVE_S1.);
#1642 = B_SPLINE_CURVE_WITH_KNOTS('',5,(#1643,#1644,#1645,#1646,#1647,
    #1648,#1649,#1650,#1651,#1652),.UNSPECIFIED.,.F.,.F.,(6,4,6),(0.,
    0.534194905949,1.),.UNSPECIFIED.);
#1643 = CARTESIAN_POINT('',(2.985191082803,-1.731210191083,
    2.861008928571));
#1644 = CARTESIAN_POINT('',(3.012226931344,-1.705526131319,
    2.861008928571));
#1645 = CARTESIAN_POINT('',(3.035805500854,-1.678285189506,
    2.861008928571));
#1646 = CARTESIAN_POINT('',(3.05581799033,-1.649498345541,2.861008928571
    ));
#1647 = CARTESIAN_POINT('',(3.07219535382,-1.619196021819,2.861008928571
    ));
#1648 = CARTESIAN_POINT('',(3.096008907935,-1.559733679397,
    2.861008928571));
#1649 = CARTESIAN_POINT('',(3.104321398826,-1.530923449261,
    2.861008928571));
#1650 = CARTESIAN_POINT('',(3.109840434123,-1.501036152682,
    2.861008928571));
#1651 = CARTESIAN_POINT('',(3.112579615471,-1.470116090061,
    2.861008928571));
#1652 = CARTESIAN_POINT('',(3.112579617834,-1.43821656051,2.861008928571
    ));
#1653 = PCURVE('',#1025,#1654);
#1654 = DEFINITIONAL_REPRESENTATION('',(#1655),#1666);
#1655 = B_SPLINE_CURVE_WITH_KNOTS('',5,(#1656,#1657,#1658,#1659,#1660,
    #1661,#1662,#1663,#1664,#1665),.UNSPECIFIED.,.F.,.F.,(6,4,6),(0.,
    0.534194905949,1.),.UNSPECIFIED.);
#1656 = CARTESIAN_POINT('',(-9.390912510116,-1.731210196501));
#1657 = CARTESIAN_POINT('',(-9.363876661575,-1.705526136737));
#1658 = CARTESIAN_POINT('',(-9.340298092065,-1.678285194924));
#1659 = CARTESIAN_POINT('',(-9.320285602589,-1.649498350958));
#1660 = CARTESIAN_POINT('',(-9.303908239099,-1.619196027236));
#1661 = CARTESIAN_POINT('',(-9.280094684984,-1.559733684815));
#1662 = CARTESIAN_POINT('',(-9.271782194093,-1.530923454678));
#1663 = CARTESIAN_POINT('',(-9.266263158796,-1.5010361581));
#1664 = CARTESIAN_POINT('',(-9.263523977448,-1.470116095479));
#1665 = CARTESIAN_POINT('',(-9.263523975085,-1.438216565927));
#1666 = ( GEOMETRIC_REPRESENTATION_CONTEXT(2) 
PARAMETRIC_REPRESENTATION_CONTEXT() REPRESENTATION_CONTEXT('2D SPACE',''
  ) );
#1667 = PCURVE('',#1668,#1675);
#1668 = SURFACE_OF_LINEAR_EXTRUSION('',#1669,#1673);
#1669 = B_SPLINE_CURVE_WITH_KNOTS('',2,(#1670,#1671,#1672),
  .UNSPECIFIED.,.F.,.F.,(3,3),(0.,1.),.PIECEWISE_BEZIER_KNOTS.);
#1670 = CARTESIAN_POINT('',(3.112579617834,-1.43821656051,2.761008928571
    ));
#1671 = CARTESIAN_POINT('',(3.112579617834,-1.610191082803,
    2.761008928571));
#1672 = CARTESIAN_POINT('',(2.985191082803,-1.731210191083,
    2.761008928571));
#1673 = VECTOR('',#1674,1.);
#1674 = DIRECTION('',(-0.,-0.,-1.));
#1675 = DEFINITIONAL_REPRESENTATION('',(#1676),#1687);
#1676 = B_SPLINE_CURVE_WITH_KNOTS('',5,(#1677,#1678,#1679,#1680,#1681,
    #1682,#1683,#1684,#1685,#1686),.UNSPECIFIED.,.F.,.F.,(6,4,6),(0.,
    0.534194905949,1.),.UNSPECIFIED.);
#1677 = CARTESIAN_POINT('',(1.,-0.1));
#1678 = CARTESIAN_POINT('',(0.893884283865,-0.1));
#1679 = CARTESIAN_POINT('',(0.787262764793,-0.1));
#1680 = CARTESIAN_POINT('',(0.680293897355,-0.1));
#1681 = CARTESIAN_POINT('',(0.573146429734,-0.1));
#1682 = CARTESIAN_POINT('',(0.372570893463,-0.1));
#1683 = CARTESIAN_POINT('',(0.279140697919,-0.1));
#1684 = CARTESIAN_POINT('',(0.185827716817,-0.1));
#1685 = CARTESIAN_POINT('',(9.274493125992E-02,-1.E-01));
#1686 = CARTESIAN_POINT('',(0.,-1.E-01));
#1687 = ( GEOMETRIC_REPRESENTATION_CONTEXT(2) 
PARAMETRIC_REPRESENTATION_CONTEXT() REPRESENTATION_CONTEXT('2D SPACE',''
  ) );
#1688 = ORIENTED_EDGE('',*,*,#1689,.F.);
#1689 = EDGE_CURVE('',#1690,#1639,#1692,.T.);
#1690 = VERTEX_POINT('',#1691);
#1691 = CARTESIAN_POINT('',(2.65652866242,-1.852229299363,2.861008928571
    ));
#1692 = SURFACE_CURVE('',#1693,(#1704,#1718),.PCURVE_S1.);
#1693 = B_SPLINE_CURVE_WITH_KNOTS('',5,(#1694,#1695,#1696,#1697,#1698,
    #1699,#1700,#1701,#1702,#1703),.UNSPECIFIED.,.F.,.F.,(6,4,6),(0.,
    0.742085217886,1.),.UNSPECIFIED.);
#1694 = CARTESIAN_POINT('',(2.65652866242,-1.852229299363,2.861008928571
    ));
#1695 = CARTESIAN_POINT('',(2.715425947967,-1.852229295822,
    2.861008928571));
#1696 = CARTESIAN_POINT('',(2.770924034945,-1.845752683046,
    2.861008928571));
#1697 = CARTESIAN_POINT('',(2.822710256849,-1.832555231548,
    2.861008928571));
#1698 = CARTESIAN_POINT('',(2.870535322887,-1.812532453799,
    2.861008928571));
#1699 = CARTESIAN_POINT('',(2.929439872568,-1.776482082784,
    2.861008928571));
#1700 = CARTESIAN_POINT('',(2.944135705496,-1.766371069529,
    2.861008928571));
#1701 = CARTESIAN_POINT('',(2.958328881117,-1.755450773629,
    2.861008928571));
#1702 = CARTESIAN_POINT('',(2.972014936676,-1.743727527925,
    2.861008928571));
#1703 = CARTESIAN_POINT('',(2.985191082803,-1.731210191083,
    2.861008928571));
#1704 = PCURVE('',#1025,#1705);
#1705 = DEFINITIONAL_REPRESENTATION('',(#1706),#1717);
#1706 = B_SPLINE_CURVE_WITH_KNOTS('',5,(#1707,#1708,#1709,#1710,#1711,
    #1712,#1713,#1714,#1715,#1716),.UNSPECIFIED.,.F.,.F.,(6,4,6),(0.,
    0.742085217886,1.),.UNSPECIFIED.);
#1707 = CARTESIAN_POINT('',(-9.719574930499,-1.852229304781));
#1708 = CARTESIAN_POINT('',(-9.660677644952,-1.852229301239));
#1709 = CARTESIAN_POINT('',(-9.605179557974,-1.845752688464));
#1710 = CARTESIAN_POINT('',(-9.55339333607,-1.832555236966));
#1711 = CARTESIAN_POINT('',(-9.505568270032,-1.812532459216));
#1712 = CARTESIAN_POINT('',(-9.446663720351,-1.776482088202));
#1713 = CARTESIAN_POINT('',(-9.431967887423,-1.766371074947));
#1714 = CARTESIAN_POINT('',(-9.417774711802,-1.755450779046));
#1715 = CARTESIAN_POINT('',(-9.404088656243,-1.743727533343));
#1716 = CARTESIAN_POINT('',(-9.390912510116,-1.731210196501));
#1717 = ( GEOMETRIC_REPRESENTATION_CONTEXT(2) 
PARAMETRIC_REPRESENTATION_CONTEXT() REPRESENTATION_CONTEXT('2D SPACE',''
  ) );
#1718 = PCURVE('',#1719,#1726);
#1719 = SURFACE_OF_LINEAR_EXTRUSION('',#1720,#1724);
#1720 = B_SPLINE_CURVE_WITH_KNOTS('',2,(#1721,#1722,#1723),
  .UNSPECIFIED.,.F.,.F.,(3,3),(0.,1.),.PIECEWISE_BEZIER_KNOTS.);
#1721 = CARTESIAN_POINT('',(2.985191082803,-1.731210191083,
    2.761008928571));
#1722 = CARTESIAN_POINT('',(2.857802547771,-1.852229299363,
    2.761008928571));
#1723 = CARTESIAN_POINT('',(2.65652866242,-1.852229299363,2.761008928571
    ));
#1724 = VECTOR('',#1725,1.);
#1725 = DIRECTION('',(-0.,-0.,-1.));
#1726 = DEFINITIONAL_REPRESENTATION('',(#1727),#1738);
#1727 = B_SPLINE_CURVE_WITH_KNOTS('',5,(#1728,#1729,#1730,#1731,#1732,
    #1733,#1734,#1735,#1736,#1737),.UNSPECIFIED.,.F.,.F.,(6,4,6),(0.,
    0.742085217886,1.),.UNSPECIFIED.);
#1728 = CARTESIAN_POINT('',(1.,-0.1));
#1729 = CARTESIAN_POINT('',(0.853688699837,-0.1));
#1730 = CARTESIAN_POINT('',(0.705998825884,-0.1));
#1731 = CARTESIAN_POINT('',(0.557336685139,-0.1));
#1732 = CARTESIAN_POINT('',(0.408163088514,-0.1));
#1733 = CARTESIAN_POINT('',(0.207157752578,-0.1));
#1734 = CARTESIAN_POINT('',(0.155315774761,-0.1));
#1735 = CARTESIAN_POINT('',(0.103495083746,-0.1));
#1736 = CARTESIAN_POINT('',(5.171637054778E-02,-1.E-01));
#1737 = CARTESIAN_POINT('',(0.,-1.E-01));
#1738 = ( GEOMETRIC_REPRESENTATION_CONTEXT(2) 
PARAMETRIC_REPRESENTATION_CONTEXT() REPRESENTATION_CONTEXT('2D SPACE',''
  ) );
#1739 = ORIENTED_EDGE('',*,*,#1740,.F.);
#1740 = EDGE_CURVE('',#1741,#1690,#1743,.T.);
#1741 = VERTEX_POINT('',#1742);
#1742 = CARTESIAN_POINT('',(2.409394904459,-1.794904458599,
    2.861008928571));
#1743 = SURFACE_CURVE('',#1744,(#1753,#1765),.PCURVE_S1.);
#1744 = B_SPLINE_CURVE_WITH_KNOTS('',4,(#1745,#1746,#1747,#1748,#1749,
    #1750,#1751,#1752),.UNSPECIFIED.,.F.,.F.,(5,3,5),(0.,0.303809706606,
    1.),.UNSPECIFIED.);
#1745 = CARTESIAN_POINT('',(2.409394904459,-1.794904458599,
    2.861008928571));
#1746 = CARTESIAN_POINT('',(2.426717542914,-1.803614164068,
    2.861008928571));
#1747 = CARTESIAN_POINT('',(2.444341550418,-1.811445330648,
    2.861008928571));
#1748 = CARTESIAN_POINT('',(2.462263843718,-1.818394446077,
    2.861008928571));
#1749 = CARTESIAN_POINT('',(2.522224787676,-1.838360178213,
    2.861008928571));
#1750 = CARTESIAN_POINT('',(2.565515193786,-1.847621608936,
    2.861008928571));
#1751 = CARTESIAN_POINT('',(2.610304869349,-1.852229297373,
    2.861008928571));
#1752 = CARTESIAN_POINT('',(2.65652866242,-1.852229299363,2.861008928571
    ));
#1753 = PCURVE('',#1025,#1754);
#1754 = DEFINITIONAL_REPRESENTATION('',(#1755),#1764);
#1755 = B_SPLINE_CURVE_WITH_KNOTS('',4,(#1756,#1757,#1758,#1759,#1760,
    #1761,#1762,#1763),.UNSPECIFIED.,.F.,.F.,(5,3,5),(0.,0.303809706606,
    1.),.UNSPECIFIED.);
#1756 = CARTESIAN_POINT('',(-9.96670868846,-1.794904464016));
#1757 = CARTESIAN_POINT('',(-9.949386050005,-1.803614169486));
#1758 = CARTESIAN_POINT('',(-9.931762042501,-1.811445336066));
#1759 = CARTESIAN_POINT('',(-9.913839749201,-1.818394451495));
#1760 = CARTESIAN_POINT('',(-9.853878805243,-1.838360183631));
#1761 = CARTESIAN_POINT('',(-9.810588399133,-1.847621614353));
#1762 = CARTESIAN_POINT('',(-9.76579872357,-1.85222930279));
#1763 = CARTESIAN_POINT('',(-9.719574930499,-1.852229304781));
#1764 = ( GEOMETRIC_REPRESENTATION_CONTEXT(2) 
PARAMETRIC_REPRESENTATION_CONTEXT() REPRESENTATION_CONTEXT('2D SPACE',''
  ) );
#1765 = PCURVE('',#1766,#1773);
#1766 = SURFACE_OF_LINEAR_EXTRUSION('',#1767,#1771);
#1767 = B_SPLINE_CURVE_WITH_KNOTS('',2,(#1768,#1769,#1770),
  .UNSPECIFIED.,.F.,.F.,(3,3),(0.,1.),.PIECEWISE_BEZIER_KNOTS.);
#1768 = CARTESIAN_POINT('',(2.65652866242,-1.852229299363,2.761008928571
    ));
#1769 = CARTESIAN_POINT('',(2.523407643312,-1.852229299363,
    2.761008928571));
#1770 = CARTESIAN_POINT('',(2.409394904459,-1.794904458599,
    2.761008928571));
#1771 = VECTOR('',#1772,1.);
#1772 = DIRECTION('',(-0.,-0.,-1.));
#1773 = DEFINITIONAL_REPRESENTATION('',(#1774),#1783);
#1774 = B_SPLINE_CURVE_WITH_KNOTS('',4,(#1775,#1776,#1777,#1778,#1779,
    #1780,#1781,#1782),.UNSPECIFIED.,.F.,.F.,(5,3,5),(0.,0.303809706606,
    1.),.UNSPECIFIED.);
#1775 = CARTESIAN_POINT('',(1.,-0.1));
#1776 = CARTESIAN_POINT('',(0.924032005811,-0.1));
#1777 = CARTESIAN_POINT('',(0.848032000329,-0.1));
#1778 = CARTESIAN_POINT('',(0.772015961521,-0.1));
#1779 = CARTESIAN_POINT('',(0.521806834333,-0.1));
#1780 = CARTESIAN_POINT('',(0.347613645325,-0.1));
#1781 = CARTESIAN_POINT('',(0.173615684604,-1.E-01));
#1782 = CARTESIAN_POINT('',(0.,-1.E-01));
#1783 = ( GEOMETRIC_REPRESENTATION_CONTEXT(2) 
PARAMETRIC_REPRESENTATION_CONTEXT() REPRESENTATION_CONTEXT('2D SPACE',''
  ) );
#1784 = ORIENTED_EDGE('',*,*,#1785,.F.);
#1785 = EDGE_CURVE('',#1786,#1741,#1788,.T.);
#1786 = VERTEX_POINT('',#1787);
#1787 = CARTESIAN_POINT('',(2.23550955414,-1.638853503185,2.861008928571
    ));
#1788 = SURFACE_CURVE('',#1789,(#1798,#1810),.PCURVE_S1.);
#1789 = B_SPLINE_CURVE_WITH_KNOTS('',4,(#1790,#1791,#1792,#1793,#1794,
    #1795,#1796,#1797),.UNSPECIFIED.,.F.,.F.,(5,3,5),(0.,0.223723105724,
    1.),.UNSPECIFIED.);
#1790 = CARTESIAN_POINT('',(2.23550955414,-1.638853503185,2.861008928571
    ));
#1791 = CARTESIAN_POINT('',(2.24228461759,-1.649978869085,2.861008928571
    ));
#1792 = CARTESIAN_POINT('',(2.249503518917,-1.660750851816,
    2.861008928571));
#1793 = CARTESIAN_POINT('',(2.257165859175,-1.671167349916,
    2.861008928571));
#1794 = CARTESIAN_POINT('',(2.293391852706,-1.716131566409,
    2.861008928571));
#1795 = CARTESIAN_POINT('',(2.326838117714,-1.746738602719,
    2.861008928571));
#1796 = CARTESIAN_POINT('',(2.365558176471,-1.772986091933,
    2.861008928571));
#1797 = CARTESIAN_POINT('',(2.409394904459,-1.794904458599,
    2.861008928571));
#1798 = PCURVE('',#1025,#1799);
#1799 = DEFINITIONAL_REPRESENTATION('',(#1800),#1809);
#1800 = B_SPLINE_CURVE_WITH_KNOTS('',4,(#1801,#1802,#1803,#1804,#1805,
    #1806,#1807,#1808),.UNSPECIFIED.,.F.,.F.,(5,3,5),(0.,0.223723105724,
    1.),.UNSPECIFIED.);
#1801 = CARTESIAN_POINT('',(-10.14059403877,-1.638853508602));
#1802 = CARTESIAN_POINT('',(-10.13381897532,-1.649978874502));
#1803 = CARTESIAN_POINT('',(-10.126600074,-1.660750857234));
#1804 = CARTESIAN_POINT('',(-10.11893773374,-1.671167355334));
#1805 = CARTESIAN_POINT('',(-10.08271174021,-1.716131571827));
#1806 = CARTESIAN_POINT('',(-10.0492654752,-1.746738608137));
#1807 = CARTESIAN_POINT('',(-10.01054541644,-1.77298609735));
#1808 = CARTESIAN_POINT('',(-9.96670868846,-1.794904464016));
#1809 = ( GEOMETRIC_REPRESENTATION_CONTEXT(2) 
PARAMETRIC_REPRESENTATION_CONTEXT() REPRESENTATION_CONTEXT('2D SPACE',''
  ) );
#1810 = PCURVE('',#1811,#1818);
#1811 = SURFACE_OF_LINEAR_EXTRUSION('',#1812,#1816);
#1812 = B_SPLINE_CURVE_WITH_KNOTS('',2,(#1813,#1814,#1815),
  .UNSPECIFIED.,.F.,.F.,(3,3),(0.,1.),.PIECEWISE_BEZIER_KNOTS.);
#1813 = CARTESIAN_POINT('',(2.409394904459,-1.794904458599,
    2.761008928571));
#1814 = CARTESIAN_POINT('',(2.29601910828,-1.73821656051,2.761008928571)
  );
#1815 = CARTESIAN_POINT('',(2.23550955414,-1.638853503185,2.761008928571
    ));
#1816 = VECTOR('',#1817,1.);
#1817 = DIRECTION('',(-0.,-0.,-1.));
#1818 = DEFINITIONAL_REPRESENTATION('',(#1819),#1828);
#1819 = B_SPLINE_CURVE_WITH_KNOTS('',4,(#1820,#1821,#1822,#1823,#1824,
    #1825,#1826,#1827),.UNSPECIFIED.,.F.,.F.,(5,3,5),(0.,0.223723105724,
    1.),.UNSPECIFIED.);
#1820 = CARTESIAN_POINT('',(1.,-0.1));
#1821 = CARTESIAN_POINT('',(0.944016585856,-0.1));
#1822 = CARTESIAN_POINT('',(0.88801665575,-0.1));
#1823 = CARTESIAN_POINT('',(0.832008385695,-0.1));
#1824 = CARTESIAN_POINT('',(0.581661486954,-0.1));
#1825 = CARTESIAN_POINT('',(0.387320485614,-0.1));
#1826 = CARTESIAN_POINT('',(0.193324904916,-1.E-01));
#1827 = CARTESIAN_POINT('',(0.,-1.E-01));
#1828 = ( GEOMETRIC_REPRESENTATION_CONTEXT(2) 
PARAMETRIC_REPRESENTATION_CONTEXT() REPRESENTATION_CONTEXT('2D SPACE',''
  ) );
#1829 = ORIENTED_EDGE('',*,*,#1830,.F.);
#1830 = EDGE_CURVE('',#1831,#1786,#1833,.T.);
#1831 = VERTEX_POINT('',#1832);
#1832 = CARTESIAN_POINT('',(2.175,-1.413375796178,2.861008928571));
#1833 = SURFACE_CURVE('',#1834,(#1843,#1855),.PCURVE_S1.);
#1834 = B_SPLINE_CURVE_WITH_KNOTS('',4,(#1835,#1836,#1837,#1838,#1839,
    #1840,#1841,#1842),.UNSPECIFIED.,.F.,.F.,(5,3,5),(0.,0.772262612648,
    1.),.UNSPECIFIED.);
#1835 = CARTESIAN_POINT('',(2.175,-1.413375796178,2.861008928571));
#1836 = CARTESIAN_POINT('',(2.175000002328,-1.461896875807,
    2.861008928571));
#1837 = CARTESIAN_POINT('',(2.1809710283,-1.507936298864,2.861008928571)
  );
#1838 = CARTESIAN_POINT('',(2.1930017876,-1.55137802899,2.861008928571)
  );
#1839 = CARTESIAN_POINT('',(2.216388830063,-1.604177769143,
    2.861008928571));
#1840 = CARTESIAN_POINT('',(2.222239333798,-1.615970382652,
    2.861008928571));
#1841 = CARTESIAN_POINT('',(2.228613467196,-1.627529401081,
    2.861008928571));
#1842 = CARTESIAN_POINT('',(2.23550955414,-1.638853503185,2.861008928571
    ));
#1843 = PCURVE('',#1025,#1844);
#1844 = DEFINITIONAL_REPRESENTATION('',(#1845),#1854);
#1845 = B_SPLINE_CURVE_WITH_KNOTS('',4,(#1846,#1847,#1848,#1849,#1850,
    #1851,#1852,#1853),.UNSPECIFIED.,.F.,.F.,(5,3,5),(0.,0.772262612648,
    1.),.UNSPECIFIED.);
#1846 = CARTESIAN_POINT('',(-10.20110359291,-1.413375801596));
#1847 = CARTESIAN_POINT('',(-10.20110359059,-1.461896881225));
#1848 = CARTESIAN_POINT('',(-10.19513256461,-1.507936304281));
#1849 = CARTESIAN_POINT('',(-10.18310180531,-1.551378034408));
#1850 = CARTESIAN_POINT('',(-10.15971476285,-1.60417777456));
#1851 = CARTESIAN_POINT('',(-10.15386425912,-1.615970388069));
#1852 = CARTESIAN_POINT('',(-10.14749012572,-1.627529406499));
#1853 = CARTESIAN_POINT('',(-10.14059403877,-1.638853508602));
#1854 = ( GEOMETRIC_REPRESENTATION_CONTEXT(2) 
PARAMETRIC_REPRESENTATION_CONTEXT() REPRESENTATION_CONTEXT('2D SPACE',''
  ) );
#1855 = PCURVE('',#1856,#1863);
#1856 = SURFACE_OF_LINEAR_EXTRUSION('',#1857,#1861);
#1857 = B_SPLINE_CURVE_WITH_KNOTS('',2,(#1858,#1859,#1860),
  .UNSPECIFIED.,.F.,.F.,(3,3),(0.,1.),.PIECEWISE_BEZIER_KNOTS.);
#1858 = CARTESIAN_POINT('',(2.23550955414,-1.638853503185,2.761008928571
    ));
#1859 = CARTESIAN_POINT('',(2.175,-1.53949044586,2.761008928571));
#1860 = CARTESIAN_POINT('',(2.175,-1.413375796178,2.761008928571));
#1861 = VECTOR('',#1862,1.);
#1862 = DIRECTION('',(-0.,-0.,-1.));
#1863 = DEFINITIONAL_REPRESENTATION('',(#1864),#1873);
#1864 = B_SPLINE_CURVE_WITH_KNOTS('',4,(#1865,#1866,#1867,#1868,#1869,
    #1870,#1871,#1872),.UNSPECIFIED.,.F.,.F.,(5,3,5),(0.,0.772262612648,
    1.),.UNSPECIFIED.);
#1865 = CARTESIAN_POINT('',(1.,-0.1));
#1866 = CARTESIAN_POINT('',(0.807631069107,-0.1));
#1867 = CARTESIAN_POINT('',(0.61463507226,-0.1));
#1868 = CARTESIAN_POINT('',(0.421316563045,-0.1));
#1869 = CARTESIAN_POINT('',(0.170991660766,-0.1));
#1870 = CARTESIAN_POINT('',(0.113983406615,-0.1));
#1871 = CARTESIAN_POINT('',(5.698346097584E-02,-1.E-01));
#1872 = CARTESIAN_POINT('',(0.,-1.E-01));
#1873 = ( GEOMETRIC_REPRESENTATION_CONTEXT(2) 
PARAMETRIC_REPRESENTATION_CONTEXT() REPRESENTATION_CONTEXT('2D SPACE',''
  ) );
#1874 = ORIENTED_EDGE('',*,*,#1875,.F.);
#1875 = EDGE_CURVE('',#1876,#1831,#1878,.T.);
#1876 = VERTEX_POINT('',#1877);
#1877 = CARTESIAN_POINT('',(2.332324840764,-1.063057324841,
    2.861008928571));
#1878 = SURFACE_CURVE('',#1879,(#1890,#1904),.PCURVE_S1.);
#1879 = B_SPLINE_CURVE_WITH_KNOTS('',5,(#1880,#1881,#1882,#1883,#1884,
    #1885,#1886,#1887,#1888,#1889),.UNSPECIFIED.,.F.,.F.,(6,4,6),(0.,
    0.451590372244,1.),.UNSPECIFIED.);
#1880 = CARTESIAN_POINT('',(2.332324840764,-1.063057324841,
    2.861008928571));
#1881 = CARTESIAN_POINT('',(2.304086947027,-1.087408224912,
    2.861008928571));
#1882 = CARTESIAN_POINT('',(2.278864527062,-1.113480671475,
    2.861008928571));
#1883 = CARTESIAN_POINT('',(2.256773215777,-1.141268229373,
    2.861008928571));
#1884 = CARTESIAN_POINT('',(2.237890229672,-1.170740452866,
    2.861008928571));
#1885 = CARTESIAN_POINT('',(2.20324611046,-1.239602793551,2.861008928571
    ));
#1886 = CARTESIAN_POINT('',(2.18902118283,-1.279766685379,2.861008928571
    ));
#1887 = CARTESIAN_POINT('',(2.179625558685,-1.322222812584,
    2.861008928571));
#1888 = CARTESIAN_POINT('',(2.175000003412,-1.366819917336,
    2.861008928571));
#1889 = CARTESIAN_POINT('',(2.175,-1.413375796178,2.861008928571));
#1890 = PCURVE('',#1025,#1891);
#1891 = DEFINITIONAL_REPRESENTATION('',(#1892),#1903);
#1892 = B_SPLINE_CURVE_WITH_KNOTS('',5,(#1893,#1894,#1895,#1896,#1897,
    #1898,#1899,#1900,#1901,#1902),.UNSPECIFIED.,.F.,.F.,(6,4,6),(0.,
    0.451590372244,1.),.UNSPECIFIED.);
#1893 = CARTESIAN_POINT('',(-10.04377875215,-1.063057330258));
#1894 = CARTESIAN_POINT('',(-10.07201664589,-1.08740823033));
#1895 = CARTESIAN_POINT('',(-10.09723906585,-1.113480676892));
#1896 = CARTESIAN_POINT('',(-10.11933037714,-1.141268234791));
#1897 = CARTESIAN_POINT('',(-10.13821336324,-1.170740458284));
#1898 = CARTESIAN_POINT('',(-10.17285748245,-1.239602798969));
#1899 = CARTESIAN_POINT('',(-10.18708241008,-1.279766690797));
#1900 = CARTESIAN_POINT('',(-10.19647803423,-1.322222818002));
#1901 = CARTESIAN_POINT('',(-10.2011035895,-1.366819922754));
#1902 = CARTESIAN_POINT('',(-10.20110359291,-1.413375801596));
#1903 = ( GEOMETRIC_REPRESENTATION_CONTEXT(2) 
PARAMETRIC_REPRESENTATION_CONTEXT() REPRESENTATION_CONTEXT('2D SPACE',''
  ) );
#1904 = PCURVE('',#1905,#1912);
#1905 = SURFACE_OF_LINEAR_EXTRUSION('',#1906,#1910);
#1906 = B_SPLINE_CURVE_WITH_KNOTS('',2,(#1907,#1908,#1909),
  .UNSPECIFIED.,.F.,.F.,(3,3),(0.,1.),.PIECEWISE_BEZIER_KNOTS.);
#1907 = CARTESIAN_POINT('',(2.175,-1.413375796178,2.761008928571));
#1908 = CARTESIAN_POINT('',(2.175,-1.19872611465,2.761008928571));
#1909 = CARTESIAN_POINT('',(2.332324840764,-1.063057324841,
    2.761008928571));
#1910 = VECTOR('',#1911,1.);
#1911 = DIRECTION('',(-0.,-0.,-1.));
#1912 = DEFINITIONAL_REPRESENTATION('',(#1913),#1924);
#1913 = B_SPLINE_CURVE_WITH_KNOTS('',5,(#1914,#1915,#1916,#1917,#1918,
    #1919,#1920,#1921,#1922,#1923),.UNSPECIFIED.,.F.,.F.,(6,4,6),(0.,
    0.451590372244,1.),.UNSPECIFIED.);
#1914 = CARTESIAN_POINT('',(1.,-0.1));
#1915 = CARTESIAN_POINT('',(0.910256077732,-0.1));
#1916 = CARTESIAN_POINT('',(0.820028331294,-0.1));
#1917 = CARTESIAN_POINT('',(0.729466974489,-0.1));
#1918 = CARTESIAN_POINT('',(0.638733224183,-0.1));
#1919 = CARTESIAN_POINT('',(0.437813918193,-0.1));
#1920 = CARTESIAN_POINT('',(0.327622394252,-1.E-01));
#1921 = CARTESIAN_POINT('',(0.217738795953,-0.1));
#1922 = CARTESIAN_POINT('',(0.108446190611,-1.E-01));
#1923 = CARTESIAN_POINT('',(0.,-1.E-01));
#1924 = ( GEOMETRIC_REPRESENTATION_CONTEXT(2) 
PARAMETRIC_REPRESENTATION_CONTEXT() REPRESENTATION_CONTEXT('2D SPACE',''
  ) );
#1925 = ORIENTED_EDGE('',*,*,#1926,.F.);
#1926 = EDGE_CURVE('',#1927,#1876,#1929,.T.);
#1927 = VERTEX_POINT('',#1928);
#1928 = CARTESIAN_POINT('',(2.852707006369,-0.927388535032,
    2.861008928571));
#1929 = SURFACE_CURVE('',#1930,(#1938,#1949),.PCURVE_S1.);
#1930 = B_SPLINE_CURVE_WITH_KNOTS('',6,(#1931,#1932,#1933,#1934,#1935,
    #1936,#1937),.UNSPECIFIED.,.F.,.F.,(7,7),(0.,1.),
  .PIECEWISE_BEZIER_KNOTS.);
#1931 = CARTESIAN_POINT('',(2.852707006369,-0.927388535032,
    2.861008928571));
#1932 = CARTESIAN_POINT('',(2.740901991901,-0.927388539217,
    2.861008928571));
#1933 = CARTESIAN_POINT('',(2.636684501576,-0.935135109063,
    2.861008928571));
#1934 = CARTESIAN_POINT('',(2.541743795618,-0.951692481012,
    2.861008928571));
#1935 = CARTESIAN_POINT('',(2.458120084526,-0.97813958167,2.861008928571
    ));
#1936 = CARTESIAN_POINT('',(2.387906925793,-1.015319496635,
    2.861008928571));
#1937 = CARTESIAN_POINT('',(2.332324840764,-1.063057324841,
    2.861008928571));
#1938 = PCURVE('',#1025,#1939);
#1939 = DEFINITIONAL_REPRESENTATION('',(#1940),#1948);
#1940 = B_SPLINE_CURVE_WITH_KNOTS('',6,(#1941,#1942,#1943,#1944,#1945,
    #1946,#1947),.UNSPECIFIED.,.F.,.F.,(7,7),(0.,1.),
  .PIECEWISE_BEZIER_KNOTS.);
#1941 = CARTESIAN_POINT('',(-9.52339658655,-0.92738854045));
#1942 = CARTESIAN_POINT('',(-9.635201601018,-0.927388544635));
#1943 = CARTESIAN_POINT('',(-9.739419091343,-0.935135114481));
#1944 = CARTESIAN_POINT('',(-9.834359797301,-0.95169248643));
#1945 = CARTESIAN_POINT('',(-9.917983508393,-0.978139587088));
#1946 = CARTESIAN_POINT('',(-9.988196667126,-1.015319502053));
#1947 = CARTESIAN_POINT('',(-10.04377875215,-1.063057330258));
#1948 = ( GEOMETRIC_REPRESENTATION_CONTEXT(2) 
PARAMETRIC_REPRESENTATION_CONTEXT() REPRESENTATION_CONTEXT('2D SPACE',''
  ) );
#1949 = PCURVE('',#1950,#1957);
#1950 = SURFACE_OF_LINEAR_EXTRUSION('',#1951,#1955);
#1951 = B_SPLINE_CURVE_WITH_KNOTS('',2,(#1952,#1953,#1954),
  .UNSPECIFIED.,.F.,.F.,(3,3),(0.,1.),.PIECEWISE_BEZIER_KNOTS.);
#1952 = CARTESIAN_POINT('',(2.332324840764,-1.063057324841,
    2.761008928571));
#1953 = CARTESIAN_POINT('',(2.490286624204,-0.927388535032,
    2.761008928571));
#1954 = CARTESIAN_POINT('',(2.852707006369,-0.927388535032,
    2.761008928571));
#1955 = VECTOR('',#1956,1.);
#1956 = DIRECTION('',(-0.,-0.,-1.));
#1957 = DEFINITIONAL_REPRESENTATION('',(#1958),#1966);
#1958 = B_SPLINE_CURVE_WITH_KNOTS('',6,(#1959,#1960,#1961,#1962,#1963,
    #1964,#1965),.UNSPECIFIED.,.F.,.F.,(7,7),(0.,1.),
  .PIECEWISE_BEZIER_KNOTS.);
#1959 = CARTESIAN_POINT('',(1.,-0.1));
#1960 = CARTESIAN_POINT('',(0.845752299984,-0.1));
#1961 = CARTESIAN_POINT('',(0.685866289006,-0.1));
#1962 = CARTESIAN_POINT('',(0.520459801138,-1.E-01));
#1963 = CARTESIAN_POINT('',(0.350104303291,-0.1));
#1964 = CARTESIAN_POINT('',(0.17593520605,-1.E-01));
#1965 = CARTESIAN_POINT('',(0.,-1.E-01));
#1966 = ( GEOMETRIC_REPRESENTATION_CONTEXT(2) 
PARAMETRIC_REPRESENTATION_CONTEXT() REPRESENTATION_CONTEXT('2D SPACE',''
  ) );
#1967 = ORIENTED_EDGE('',*,*,#1968,.F.);
#1968 = EDGE_CURVE('',#1969,#1927,#1971,.T.);
#1969 = VERTEX_POINT('',#1970);
#1970 = CARTESIAN_POINT('',(3.441878980892,-1.077070063694,
    2.861008928571));
#1971 = SURFACE_CURVE('',#1972,(#1983,#1997),.PCURVE_S1.);
#1972 = B_SPLINE_CURVE_WITH_KNOTS('',5,(#1973,#1974,#1975,#1976,#1977,
    #1978,#1979,#1980,#1981,#1982),.UNSPECIFIED.,.F.,.F.,(6,4,6),(0.,
    0.450974679243,1.),.UNSPECIFIED.);
#1973 = CARTESIAN_POINT('',(3.441878980892,-1.077070063694,
    2.861008928571));
#1974 = CARTESIAN_POINT('',(3.406503600437,-1.04830462225,2.861008928571
    ));
#1975 = CARTESIAN_POINT('',(3.366278538043,-1.023199380697,
    2.861008928571));
#1976 = CARTESIAN_POINT('',(3.321504568152,-1.001780644869,
    2.861008928571));
#1977 = CARTESIAN_POINT('',(3.272607840025,-0.983920828382,
    2.861008928571));
#1978 = CARTESIAN_POINT('',(3.156007441585,-0.951797623653,
    2.861008928571));
#1979 = CARTESIAN_POINT('',(3.086524577832,-0.939160381263,
    2.861008928571));
#1980 = CARTESIAN_POINT('',(3.012343781224,-0.931176367155,
    2.861008928571));
#1981 = CARTESIAN_POINT('',(2.934214742266,-0.927388538044,
    2.861008928571));
#1982 = CARTESIAN_POINT('',(2.852707006369,-0.927388535032,
    2.861008928571));
#1983 = PCURVE('',#1025,#1984);
#1984 = DEFINITIONAL_REPRESENTATION('',(#1985),#1996);
#1985 = B_SPLINE_CURVE_WITH_KNOTS('',5,(#1986,#1987,#1988,#1989,#1990,
    #1991,#1992,#1993,#1994,#1995),.UNSPECIFIED.,.F.,.F.,(6,4,6),(0.,
    0.450974679243,1.),.UNSPECIFIED.);
#1986 = CARTESIAN_POINT('',(-8.934224612027,-1.077070069112));
#1987 = CARTESIAN_POINT('',(-8.969599992482,-1.048304627668));
#1988 = CARTESIAN_POINT('',(-9.009825054876,-1.023199386115));
#1989 = CARTESIAN_POINT('',(-9.054599024767,-1.001780650286));
#1990 = CARTESIAN_POINT('',(-9.103495752894,-0.983920833799));
#1991 = CARTESIAN_POINT('',(-9.220096151334,-0.951797629071));
#1992 = CARTESIAN_POINT('',(-9.289579015087,-0.939160386681));
#1993 = CARTESIAN_POINT('',(-9.363759811695,-0.931176372573));
#1994 = CARTESIAN_POINT('',(-9.441888850653,-0.927388543461));
#1995 = CARTESIAN_POINT('',(-9.52339658655,-0.92738854045));
#1996 = ( GEOMETRIC_REPRESENTATION_CONTEXT(2) 
PARAMETRIC_REPRESENTATION_CONTEXT() REPRESENTATION_CONTEXT('2D SPACE',''
  ) );
#1997 = PCURVE('',#1998,#2005);
#1998 = SURFACE_OF_LINEAR_EXTRUSION('',#1999,#2003);
#1999 = B_SPLINE_CURVE_WITH_KNOTS('',2,(#2000,#2001,#2002),
  .UNSPECIFIED.,.F.,.F.,(3,3),(0.,1.),.PIECEWISE_BEZIER_KNOTS.);
#2000 = CARTESIAN_POINT('',(2.852707006369,-0.927388535032,
    2.761008928571));
#2001 = CARTESIAN_POINT('',(3.257802547771,-0.927388535032,
    2.761008928571));
#2002 = CARTESIAN_POINT('',(3.441878980892,-1.077070063694,
    2.761008928571));
#2003 = VECTOR('',#2004,1.);
#2004 = DIRECTION('',(-0.,-0.,-1.));
#2005 = DEFINITIONAL_REPRESENTATION('',(#2006),#2017);
#2006 = B_SPLINE_CURVE_WITH_KNOTS('',5,(#2007,#2008,#2009,#2010,#2011,
    #2012,#2013,#2014,#2015,#2016),.UNSPECIFIED.,.F.,.F.,(6,4,6),(0.,
    0.450974679243,1.),.UNSPECIFIED.);
#2007 = CARTESIAN_POINT('',(1.,-0.1));
#2008 = CARTESIAN_POINT('',(0.903911175355,-0.1));
#2009 = CARTESIAN_POINT('',(0.808507317077,-0.1));
#2010 = CARTESIAN_POINT('',(0.714207607178,-0.1));
#2011 = CARTESIAN_POINT('',(0.621305502045,-0.1));
#2012 = CARTESIAN_POINT('',(0.418842911023,-0.1));
#2013 = CARTESIAN_POINT('',(0.31005010404,-1.E-01));
#2014 = CARTESIAN_POINT('',(0.203939385605,-0.1));
#2015 = CARTESIAN_POINT('',(0.100603107185,-1.E-01));
#2016 = CARTESIAN_POINT('',(0.,-1.E-01));
#2017 = ( GEOMETRIC_REPRESENTATION_CONTEXT(2) 
PARAMETRIC_REPRESENTATION_CONTEXT() REPRESENTATION_CONTEXT('2D SPACE',''
  ) );
#2018 = ORIENTED_EDGE('',*,*,#2019,.F.);
#2019 = EDGE_CURVE('',#2020,#1969,#2022,.T.);
#2020 = VERTEX_POINT('',#2021);
#2021 = CARTESIAN_POINT('',(3.601751592357,-1.429936305732,
    2.861008928571));
#2022 = SURFACE_CURVE('',#2023,(#2034,#2048),.PCURVE_S1.);
#2023 = B_SPLINE_CURVE_WITH_KNOTS('',5,(#2024,#2025,#2026,#2027,#2028,
    #2029,#2030,#2031,#2032,#2033),.UNSPECIFIED.,.F.,.F.,(6,4,6),(0.,
    0.594875696268,1.),.UNSPECIFIED.);
#2024 = CARTESIAN_POINT('',(3.601751592357,-1.429936305732,
    2.861008928571));
#2025 = CARTESIAN_POINT('',(3.601751588609,-1.377976387414,
    2.861008928571));
#2026 = CARTESIAN_POINT('',(3.596260861163,-1.328608954907,
    2.861008928571));
#2027 = CARTESIAN_POINT('',(3.585062100254,-1.282107191643,
    2.861008928571));
#2028 = CARTESIAN_POINT('',(3.56806112169,-1.238695700441,2.861008928571
    ));
#2029 = CARTESIAN_POINT('',(3.52987105574,-1.171161881054,2.861008928571
    ));
#2030 = CARTESIAN_POINT('',(3.511746588205,-1.145302502781,
    2.861008928571));
#2031 = CARTESIAN_POINT('',(3.490996081412,-1.12098829079,2.861008928571
    ));
#2032 = CARTESIAN_POINT('',(3.467677282408,-1.098243175289,
    2.861008928571));
#2033 = CARTESIAN_POINT('',(3.441878980892,-1.077070063694,
    2.861008928571));
#2034 = PCURVE('',#1025,#2035);
#2035 = DEFINITIONAL_REPRESENTATION('',(#2036),#2047);
#2036 = B_SPLINE_CURVE_WITH_KNOTS('',5,(#2037,#2038,#2039,#2040,#2041,
    #2042,#2043,#2044,#2045,#2046),.UNSPECIFIED.,.F.,.F.,(6,4,6),(0.,
    0.594875696268,1.),.UNSPECIFIED.);
#2037 = CARTESIAN_POINT('',(-8.774352000562,-1.42993631115));
#2038 = CARTESIAN_POINT('',(-8.77435200431,-1.377976392832));
#2039 = CARTESIAN_POINT('',(-8.779842731756,-1.328608960324));
#2040 = CARTESIAN_POINT('',(-8.791041492665,-1.282107197061));
#2041 = CARTESIAN_POINT('',(-8.808042471229,-1.238695705859));
#2042 = CARTESIAN_POINT('',(-8.846232537179,-1.171161886471));
#2043 = CARTESIAN_POINT('',(-8.864357004714,-1.145302508199));
#2044 = CARTESIAN_POINT('',(-8.885107511507,-1.120988296208));
#2045 = CARTESIAN_POINT('',(-8.908426310511,-1.098243180707));
#2046 = CARTESIAN_POINT('',(-8.934224612027,-1.077070069112));
#2047 = ( GEOMETRIC_REPRESENTATION_CONTEXT(2) 
PARAMETRIC_REPRESENTATION_CONTEXT() REPRESENTATION_CONTEXT('2D SPACE',''
  ) );
#2048 = PCURVE('',#2049,#2056);
#2049 = SURFACE_OF_LINEAR_EXTRUSION('',#2050,#2054);
#2050 = B_SPLINE_CURVE_WITH_KNOTS('',2,(#2051,#2052,#2053),
  .UNSPECIFIED.,.F.,.F.,(3,3),(0.,1.),.PIECEWISE_BEZIER_KNOTS.);
#2051 = CARTESIAN_POINT('',(3.441878980892,-1.077070063694,
    2.761008928571));
#2052 = CARTESIAN_POINT('',(3.601751592357,-1.208280254777,
    2.761008928571));
#2053 = CARTESIAN_POINT('',(3.601751592357,-1.429936305732,
    2.761008928571));
#2054 = VECTOR('',#2055,1.);
#2055 = DIRECTION('',(-0.,-0.,-1.));
#2056 = DEFINITIONAL_REPRESENTATION('',(#2057),#2068);
#2057 = B_SPLINE_CURVE_WITH_KNOTS('',5,(#2058,#2059,#2060,#2061,#2062,
    #2063,#2064,#2065,#2066,#2067),.UNSPECIFIED.,.F.,.F.,(6,4,6),(0.,
    0.594875696268,1.),.UNSPECIFIED.);
#2058 = CARTESIAN_POINT('',(1.,-0.1));
#2059 = CARTESIAN_POINT('',(0.882791558781,-0.1));
#2060 = CARTESIAN_POINT('',(0.764424069514,-0.1));
#2061 = CARTESIAN_POINT('',(0.645236442972,-0.1));
#2062 = CARTESIAN_POINT('',(0.525615132244,-0.1));
#2063 = CARTESIAN_POINT('',(0.324539289014,-0.1));
#2064 = CARTESIAN_POINT('',(0.243077355208,-0.1));
#2065 = CARTESIAN_POINT('',(0.161749680255,-0.1));
#2066 = CARTESIAN_POINT('',(8.068393910676E-02,-1.E-01));
#2067 = CARTESIAN_POINT('',(0.,-1.E-01));
#2068 = ( GEOMETRIC_REPRESENTATION_CONTEXT(2) 
PARAMETRIC_REPRESENTATION_CONTEXT() REPRESENTATION_CONTEXT('2D SPACE',''
  ) );
#2069 = ORIENTED_EDGE('',*,*,#2070,.F.);
#2070 = EDGE_CURVE('',#2071,#2020,#2073,.T.);
#2071 = VERTEX_POINT('',#2072);
#2072 = CARTESIAN_POINT('',(3.507484076433,-1.700636942675,
    2.861008928571));
#2073 = SURFACE_CURVE('',#2074,(#2085,#2099),.PCURVE_S1.);
#2074 = B_SPLINE_CURVE_WITH_KNOTS('',5,(#2075,#2076,#2077,#2078,#2079,
    #2080,#2081,#2082,#2083,#2084),.UNSPECIFIED.,.F.,.F.,(6,4,6),(0.,
    0.21226435777,1.),.UNSPECIFIED.);
#2075 = CARTESIAN_POINT('',(3.507484076433,-1.700636942675,
    2.861008928571));
#2076 = CARTESIAN_POINT('',(3.515510144363,-1.691634729944,
    2.861008928571));
#2077 = CARTESIAN_POINT('',(3.523113270228,-1.682359487287,
    2.861008928571));
#2078 = CARTESIAN_POINT('',(3.530291182754,-1.672812208397,
    2.861008928571));
#2079 = CARTESIAN_POINT('',(3.537042197187,-1.662994271908,
    2.861008928571));
#2080 = CARTESIAN_POINT('',(3.566830608987,-1.615474138935,
    2.861008928571));
#2081 = CARTESIAN_POINT('',(3.584402211906,-1.574336446172,
    2.861008928571));
#2082 = CARTESIAN_POINT('',(3.59602123852,-1.529587074363,2.861008928571
    ));
#2083 = CARTESIAN_POINT('',(3.601751589417,-1.481384537488,
    2.861008928571));
#2084 = CARTESIAN_POINT('',(3.601751592357,-1.429936305732,
    2.861008928571));
#2085 = PCURVE('',#1025,#2086);
#2086 = DEFINITIONAL_REPRESENTATION('',(#2087),#2098);
#2087 = B_SPLINE_CURVE_WITH_KNOTS('',5,(#2088,#2089,#2090,#2091,#2092,
    #2093,#2094,#2095,#2096,#2097),.UNSPECIFIED.,.F.,.F.,(6,4,6),(0.,
    0.21226435777,1.),.UNSPECIFIED.);
#2088 = CARTESIAN_POINT('',(-8.868619516486,-1.700636948093));
#2089 = CARTESIAN_POINT('',(-8.860593448556,-1.691634735362));
#2090 = CARTESIAN_POINT('',(-8.852990322691,-1.682359492705));
#2091 = CARTESIAN_POINT('',(-8.845812410165,-1.672812213814));
#2092 = CARTESIAN_POINT('',(-8.839061395732,-1.662994277326));
#2093 = CARTESIAN_POINT('',(-8.809272983932,-1.615474144353));
#2094 = CARTESIAN_POINT('',(-8.791701381013,-1.57433645159));
#2095 = CARTESIAN_POINT('',(-8.780082354399,-1.52958707978));
#2096 = CARTESIAN_POINT('',(-8.774352003502,-1.481384542906));
#2097 = CARTESIAN_POINT('',(-8.774352000562,-1.42993631115));
#2098 = ( GEOMETRIC_REPRESENTATION_CONTEXT(2) 
PARAMETRIC_REPRESENTATION_CONTEXT() REPRESENTATION_CONTEXT('2D SPACE',''
  ) );
#2099 = PCURVE('',#2100,#2107);
#2100 = SURFACE_OF_LINEAR_EXTRUSION('',#2101,#2105);
#2101 = B_SPLINE_CURVE_WITH_KNOTS('',2,(#2102,#2103,#2104),
  .UNSPECIFIED.,.F.,.F.,(3,3),(0.,1.),.PIECEWISE_BEZIER_KNOTS.);
#2102 = CARTESIAN_POINT('',(3.601751592357,-1.429936305732,
    2.761008928571));
#2103 = CARTESIAN_POINT('',(3.601751592357,-1.594904458599,
    2.761008928571));
#2104 = CARTESIAN_POINT('',(3.507484076433,-1.700636942675,
    2.761008928571));
#2105 = VECTOR('',#2106,1.);
#2106 = DIRECTION('',(-0.,-0.,-1.));
#2107 = DEFINITIONAL_REPRESENTATION('',(#2108),#2119);
#2108 = B_SPLINE_CURVE_WITH_KNOTS('',5,(#2109,#2110,#2111,#2112,#2113,
    #2114,#2115,#2116,#2117,#2118),.UNSPECIFIED.,.F.,.F.,(6,4,6),(0.,
    0.21226435777,1.),.UNSPECIFIED.);
#2109 = CARTESIAN_POINT('',(1.,-0.1));
#2110 = CARTESIAN_POINT('',(0.957429297601,-0.1));
#2111 = CARTESIAN_POINT('',(0.914836584057,-0.1));
#2112 = CARTESIAN_POINT('',(0.872229196874,-0.1));
#2113 = CARTESIAN_POINT('',(0.829614523235,-0.1));
#2114 = CARTESIAN_POINT('',(0.628852964948,-0.1));
#2115 = CARTESIAN_POINT('',(0.470703324537,-1.E-01));
#2116 = CARTESIAN_POINT('',(0.312944035827,-0.1));
#2117 = CARTESIAN_POINT('',(0.155933835437,-1.E-01));
#2118 = CARTESIAN_POINT('',(0.,-1.E-01));
#2119 = ( GEOMETRIC_REPRESENTATION_CONTEXT(2) 
PARAMETRIC_REPRESENTATION_CONTEXT() REPRESENTATION_CONTEXT('2D SPACE',''
  ) );
#2120 = ORIENTED_EDGE('',*,*,#2121,.F.);
#2121 = EDGE_CURVE('',#1316,#2071,#2122,.T.);
#2122 = SURFACE_CURVE('',#2123,(#2130,#2140),.PCURVE_S1.);
#2123 = B_SPLINE_CURVE_WITH_KNOTS('',5,(#2124,#2125,#2126,#2127,#2128,
    #2129),.UNSPECIFIED.,.F.,.F.,(6,6),(0.,1.),
  .PIECEWISE_BEZIER_KNOTS.);
#2124 = CARTESIAN_POINT('',(3.248248407643,-1.827388535032,
    2.861008928571));
#2125 = CARTESIAN_POINT('',(3.313766990121,-1.819072711235,
    2.861008928571));
#2126 = CARTESIAN_POINT('',(3.372841184628,-1.802393925617,
    2.861008928571));
#2127 = CARTESIAN_POINT('',(3.424990270558,-1.777078279361,
    2.861008928571));
#2128 = CARTESIAN_POINT('',(3.469901190665,-1.743077473683,
    2.861008928571));
#2129 = CARTESIAN_POINT('',(3.507484076433,-1.700636942675,
    2.861008928571));
#2130 = PCURVE('',#1025,#2131);
#2131 = DEFINITIONAL_REPRESENTATION('',(#2132),#2139);
#2132 = B_SPLINE_CURVE_WITH_KNOTS('',5,(#2133,#2134,#2135,#2136,#2137,
    #2138),.UNSPECIFIED.,.F.,.F.,(6,6),(0.,1.),
  .PIECEWISE_BEZIER_KNOTS.);
#2133 = CARTESIAN_POINT('',(-9.127855185276,-1.82738854045));
#2134 = CARTESIAN_POINT('',(-9.062336602798,-1.819072716653));
#2135 = CARTESIAN_POINT('',(-9.003262408291,-1.802393931035));
#2136 = CARTESIAN_POINT('',(-8.951113322361,-1.777078284779));
#2137 = CARTESIAN_POINT('',(-8.906202402254,-1.7430774791));
#2138 = CARTESIAN_POINT('',(-8.868619516486,-1.700636948093));
#2139 = ( GEOMETRIC_REPRESENTATION_CONTEXT(2) 
PARAMETRIC_REPRESENTATION_CONTEXT() REPRESENTATION_CONTEXT('2D SPACE',''
  ) );
#2140 = PCURVE('',#2141,#2148);
#2141 = SURFACE_OF_LINEAR_EXTRUSION('',#2142,#2146);
#2142 = B_SPLINE_CURVE_WITH_KNOTS('',2,(#2143,#2144,#2145),
  .UNSPECIFIED.,.F.,.F.,(3,3),(0.,1.),.PIECEWISE_BEZIER_KNOTS.);
#2143 = CARTESIAN_POINT('',(3.507484076433,-1.700636942675,
    2.761008928571));
#2144 = CARTESIAN_POINT('',(3.413853503185,-1.806369426752,
    2.761008928571));
#2145 = CARTESIAN_POINT('',(3.248248407643,-1.827388535032,
    2.761008928571));
#2146 = VECTOR('',#2147,1.);
#2147 = DIRECTION('',(-0.,-0.,-1.));
#2148 = DEFINITIONAL_REPRESENTATION('',(#2149),#2156);
#2149 = B_SPLINE_CURVE_WITH_KNOTS('',5,(#2150,#2151,#2152,#2153,#2154,
    #2155),.UNSPECIFIED.,.F.,.F.,(6,6),(0.,1.),
  .PIECEWISE_BEZIER_KNOTS.);
#2150 = CARTESIAN_POINT('',(1.,-0.1));
#2151 = CARTESIAN_POINT('',(0.802184271229,-0.1));
#2152 = CARTESIAN_POINT('',(0.602567132809,-1.E-01));
#2153 = CARTESIAN_POINT('',(0.401824494848,-0.1));
#2154 = CARTESIAN_POINT('',(0.200697707892,-1.E-01));
#2155 = CARTESIAN_POINT('',(0.,-1.E-01));
#2156 = ( GEOMETRIC_REPRESENTATION_CONTEXT(2) 
PARAMETRIC_REPRESENTATION_CONTEXT() REPRESENTATION_CONTEXT('2D SPACE',''
  ) );
#2157 = FACE_BOUND('',#2158,.T.);
#2158 = EDGE_LOOP('',(#2159,#2187,#2213,#2239));
#2159 = ORIENTED_EDGE('',*,*,#2160,.F.);
#2160 = EDGE_CURVE('',#2161,#2163,#2165,.T.);
#2161 = VERTEX_POINT('',#2162);
#2162 = CARTESIAN_POINT('',(2.786464968153,-0.263694267516,
    2.861008928571));
#2163 = VERTEX_POINT('',#2164);
#2164 = CARTESIAN_POINT('',(2.623407643312,-0.263694267516,
    2.861008928571));
#2165 = SURFACE_CURVE('',#2166,(#2170,#2176),.PCURVE_S1.);
#2166 = LINE('',#2167,#2168);
#2167 = CARTESIAN_POINT('',(7.499755618116,-0.263694267516,
    2.861008928571));
#2168 = VECTOR('',#2169,1.);
#2169 = DIRECTION('',(-1.,-2.22044604925E-16,0.));
#2170 = PCURVE('',#1025,#2171);
#2171 = DEFINITIONAL_REPRESENTATION('',(#2172),#2175);
#2172 = B_SPLINE_CURVE_WITH_KNOTS('',1,(#2173,#2174),.UNSPECIFIED.,.F.,
  .F.,(2,2),(4.713290649963,4.876347974803),.PIECEWISE_BEZIER_KNOTS.);
#2173 = CARTESIAN_POINT('',(-9.589638624766,-0.263694272934));
#2174 = CARTESIAN_POINT('',(-9.752695949607,-0.263694272934));
#2175 = ( GEOMETRIC_REPRESENTATION_CONTEXT(2) 
PARAMETRIC_REPRESENTATION_CONTEXT() REPRESENTATION_CONTEXT('2D SPACE',''
  ) );
#2176 = PCURVE('',#2177,#2182);
#2177 = PLANE('',#2178);
#2178 = AXIS2_PLACEMENT_3D('',#2179,#2180,#2181);
#2179 = CARTESIAN_POINT('',(2.623407643312,-0.263694267516,
    2.761008928571));
#2180 = DIRECTION('',(-2.22044604925E-16,1.,0.));
#2181 = DIRECTION('',(1.,2.22044604925E-16,0.));
#2182 = DEFINITIONAL_REPRESENTATION('',(#2183),#2186);
#2183 = B_SPLINE_CURVE_WITH_KNOTS('',1,(#2184,#2185),.UNSPECIFIED.,.F.,
  .F.,(2,2),(4.713290649963,4.876347974803),.PIECEWISE_BEZIER_KNOTS.);
#2184 = CARTESIAN_POINT('',(0.163057324841,-0.1));
#2185 = CARTESIAN_POINT('',(0.,-0.1));
#2186 = ( GEOMETRIC_REPRESENTATION_CONTEXT(2) 
PARAMETRIC_REPRESENTATION_CONTEXT() REPRESENTATION_CONTEXT('2D SPACE',''
  ) );
#2187 = ORIENTED_EDGE('',*,*,#2188,.F.);
#2188 = EDGE_CURVE('',#2189,#2161,#2191,.T.);
#2189 = VERTEX_POINT('',#2190);
#2190 = CARTESIAN_POINT('',(2.786464968153,-0.791719745223,
    2.861008928571));
#2191 = SURFACE_CURVE('',#2192,(#2196,#2202),.PCURVE_S1.);
#2192 = LINE('',#2193,#2194);
#2193 = CARTESIAN_POINT('',(2.786464968153,-0.131847131049,
    2.861008928571));
#2194 = VECTOR('',#2195,1.);
#2195 = DIRECTION('',(-2.22044604925E-16,1.,0.));
#2196 = PCURVE('',#1025,#2197);
#2197 = DEFINITIONAL_REPRESENTATION('',(#2198),#2201);
#2198 = B_SPLINE_CURVE_WITH_KNOTS('',1,(#2199,#2200),.UNSPECIFIED.,.F.,
  .F.,(2,2),(-0.659872614174,-0.131847136467),.PIECEWISE_BEZIER_KNOTS.);
#2199 = CARTESIAN_POINT('',(-9.589638624766,-0.791719750641));
#2200 = CARTESIAN_POINT('',(-9.589638624766,-0.263694272934));
#2201 = ( GEOMETRIC_REPRESENTATION_CONTEXT(2) 
PARAMETRIC_REPRESENTATION_CONTEXT() REPRESENTATION_CONTEXT('2D SPACE',''
  ) );
#2202 = PCURVE('',#2203,#2208);
#2203 = PLANE('',#2204);
#2204 = AXIS2_PLACEMENT_3D('',#2205,#2206,#2207);
#2205 = CARTESIAN_POINT('',(2.786464968153,-0.263694267516,
    2.761008928571));
#2206 = DIRECTION('',(1.,2.22044604925E-16,0.));
#2207 = DIRECTION('',(2.22044604925E-16,-1.,0.));
#2208 = DEFINITIONAL_REPRESENTATION('',(#2209),#2212);
#2209 = B_SPLINE_CURVE_WITH_KNOTS('',1,(#2210,#2211),.UNSPECIFIED.,.F.,
  .F.,(2,2),(-0.659872614174,-0.131847136467),.PIECEWISE_BEZIER_KNOTS.);
#2210 = CARTESIAN_POINT('',(0.528025477707,-0.1));
#2211 = CARTESIAN_POINT('',(0.,-0.1));
#2212 = ( GEOMETRIC_REPRESENTATION_CONTEXT(2) 
PARAMETRIC_REPRESENTATION_CONTEXT() REPRESENTATION_CONTEXT('2D SPACE',''
  ) );
#2213 = ORIENTED_EDGE('',*,*,#2214,.F.);
#2214 = EDGE_CURVE('',#2215,#2189,#2217,.T.);
#2215 = VERTEX_POINT('',#2216);
#2216 = CARTESIAN_POINT('',(2.623407643312,-0.791719745223,
    2.861008928571));
#2217 = SURFACE_CURVE('',#2218,(#2222,#2228),.PCURVE_S1.);
#2218 = LINE('',#2219,#2220);
#2219 = CARTESIAN_POINT('',(7.581284280536,-0.791719745223,
    2.861008928571));
#2220 = VECTOR('',#2221,1.);
#2221 = DIRECTION('',(1.,2.22044604925E-16,0.));
#2222 = PCURVE('',#1025,#2223);
#2223 = DEFINITIONAL_REPRESENTATION('',(#2224),#2227);
#2224 = B_SPLINE_CURVE_WITH_KNOTS('',1,(#2225,#2226),.UNSPECIFIED.,.F.,
  .F.,(2,2),(-4.957876637224,-4.794819312383),.PIECEWISE_BEZIER_KNOTS.);
#2225 = CARTESIAN_POINT('',(-9.752695949607,-0.791719750641));
#2226 = CARTESIAN_POINT('',(-9.589638624766,-0.791719750641));
#2227 = ( GEOMETRIC_REPRESENTATION_CONTEXT(2) 
PARAMETRIC_REPRESENTATION_CONTEXT() REPRESENTATION_CONTEXT('2D SPACE',''
  ) );
#2228 = PCURVE('',#2229,#2234);
#2229 = PLANE('',#2230);
#2230 = AXIS2_PLACEMENT_3D('',#2231,#2232,#2233);
#2231 = CARTESIAN_POINT('',(2.786464968153,-0.791719745223,
    2.761008928571));
#2232 = DIRECTION('',(2.22044604925E-16,-1.,0.));
#2233 = DIRECTION('',(-1.,-2.22044604925E-16,0.));
#2234 = DEFINITIONAL_REPRESENTATION('',(#2235),#2238);
#2235 = B_SPLINE_CURVE_WITH_KNOTS('',1,(#2236,#2237),.UNSPECIFIED.,.F.,
  .F.,(2,2),(-4.957876637224,-4.794819312383),.PIECEWISE_BEZIER_KNOTS.);
#2236 = CARTESIAN_POINT('',(0.163057324841,-0.1));
#2237 = CARTESIAN_POINT('',(0.,-0.1));
#2238 = ( GEOMETRIC_REPRESENTATION_CONTEXT(2) 
PARAMETRIC_REPRESENTATION_CONTEXT() REPRESENTATION_CONTEXT('2D SPACE',''
  ) );
#2239 = ORIENTED_EDGE('',*,*,#2240,.F.);
#2240 = EDGE_CURVE('',#2163,#2215,#2241,.T.);
#2241 = SURFACE_CURVE('',#2242,(#2246,#2252),.PCURVE_S1.);
#2242 = LINE('',#2243,#2244);
#2243 = CARTESIAN_POINT('',(2.623407643312,-0.395859869903,
    2.861008928571));
#2244 = VECTOR('',#2245,1.);
#2245 = DIRECTION('',(2.22044604925E-16,-1.,0.));
#2246 = PCURVE('',#1025,#2247);
#2247 = DEFINITIONAL_REPRESENTATION('',(#2248),#2251);
#2248 = B_SPLINE_CURVE_WITH_KNOTS('',1,(#2249,#2250),.UNSPECIFIED.,.F.,
  .F.,(2,2),(-0.132165602387,0.39585987532),.PIECEWISE_BEZIER_KNOTS.);
#2249 = CARTESIAN_POINT('',(-9.752695949607,-0.263694272934));
#2250 = CARTESIAN_POINT('',(-9.752695949607,-0.791719750641));
#2251 = ( GEOMETRIC_REPRESENTATION_CONTEXT(2) 
PARAMETRIC_REPRESENTATION_CONTEXT() REPRESENTATION_CONTEXT('2D SPACE',''
  ) );
#2252 = PCURVE('',#2253,#2258);
#2253 = PLANE('',#2254);
#2254 = AXIS2_PLACEMENT_3D('',#2255,#2256,#2257);
#2255 = CARTESIAN_POINT('',(2.623407643312,-0.791719745223,
    2.761008928571));
#2256 = DIRECTION('',(-1.,-2.22044604925E-16,0.));
#2257 = DIRECTION('',(-2.22044604925E-16,1.,0.));
#2258 = DEFINITIONAL_REPRESENTATION('',(#2259),#2262);
#2259 = B_SPLINE_CURVE_WITH_KNOTS('',1,(#2260,#2261),.UNSPECIFIED.,.F.,
  .F.,(2,2),(-0.132165602387,0.39585987532),.PIECEWISE_BEZIER_KNOTS.);
#2260 = CARTESIAN_POINT('',(0.528025477707,-0.1));
#2261 = CARTESIAN_POINT('',(0.,-0.1));
#2262 = ( GEOMETRIC_REPRESENTATION_CONTEXT(2) 
PARAMETRIC_REPRESENTATION_CONTEXT() REPRESENTATION_CONTEXT('2D SPACE',''
  ) );
#2263 = FACE_BOUND('',#2264,.T.);
#2264 = EDGE_LOOP('',(#2265,#2293,#2332,#2377,#2422,#2473,#2524,#2569,
    #2614,#2659,#2685,#2711,#2737,#2763,#2789,#2815,#2866,#2917,#2968,
    #3019,#3070,#3121));
#2265 = ORIENTED_EDGE('',*,*,#2266,.F.);
#2266 = EDGE_CURVE('',#2267,#2269,#2271,.T.);
#2267 = VERTEX_POINT('',#2268);
#2268 = CARTESIAN_POINT('',(2.597929936306,0.637579617834,2.861008928571
    ));
#2269 = VERTEX_POINT('',#2270);
#2270 = CARTESIAN_POINT('',(2.582643312102,0.817834394904,2.861008928571
    ));
#2271 = SURFACE_CURVE('',#2272,(#2276,#2282),.PCURVE_S1.);
#2272 = LINE('',#2273,#2274);
#2273 = CARTESIAN_POINT('',(2.652039979152,-4.679707244609E-04,
    2.861008928571));
#2274 = VECTOR('',#2275,1.);
#2275 = DIRECTION('',(-8.450232778878E-02,0.996423281843,0.));
#2276 = PCURVE('',#1025,#2277);
#2277 = DEFINITIONAL_REPRESENTATION('',(#2278),#2281);
#2278 = B_SPLINE_CURVE_WITH_KNOTS('',1,(#2279,#2280),.UNSPECIFIED.,.F.,
  .F.,(2,2),(0.640337896741,0.821239708606),.PIECEWISE_BEZIER_KNOTS.);
#2279 = CARTESIAN_POINT('',(-9.778173656613,0.637579612417));
#2280 = CARTESIAN_POINT('',(-9.793460280817,0.817834389487));
#2281 = ( GEOMETRIC_REPRESENTATION_CONTEXT(2) 
PARAMETRIC_REPRESENTATION_CONTEXT() REPRESENTATION_CONTEXT('2D SPACE',''
  ) );
#2282 = PCURVE('',#2283,#2288);
#2283 = PLANE('',#2284);
#2284 = AXIS2_PLACEMENT_3D('',#2285,#2286,#2287);
#2285 = CARTESIAN_POINT('',(2.582643312102,0.817834394904,2.761008928571
    ));
#2286 = DIRECTION('',(0.996423281843,8.450232778878E-02,0.));
#2287 = DIRECTION('',(8.450232778878E-02,-0.996423281843,0.));
#2288 = DEFINITIONAL_REPRESENTATION('',(#2289),#2292);
#2289 = B_SPLINE_CURVE_WITH_KNOTS('',1,(#2290,#2291),.UNSPECIFIED.,.F.,
  .F.,(2,2),(0.640337896741,0.821239708606),.PIECEWISE_BEZIER_KNOTS.);
#2290 = CARTESIAN_POINT('',(0.180901811865,-0.1));
#2291 = CARTESIAN_POINT('',(0.,-0.1));
#2292 = ( GEOMETRIC_REPRESENTATION_CONTEXT(2) 
PARAMETRIC_REPRESENTATION_CONTEXT() REPRESENTATION_CONTEXT('2D SPACE',''
  ) );
#2293 = ORIENTED_EDGE('',*,*,#2294,.F.);
#2294 = EDGE_CURVE('',#2295,#2267,#2297,.T.);
#2295 = VERTEX_POINT('',#2296);
#2296 = CARTESIAN_POINT('',(2.388375796178,0.544585987261,2.861008928571
    ));
#2297 = SURFACE_CURVE('',#2298,(#2305,#2315),.PCURVE_S1.);
#2298 = B_SPLINE_CURVE_WITH_KNOTS('',5,(#2299,#2300,#2301,#2302,#2303,
    #2304),.UNSPECIFIED.,.F.,.F.,(6,6),(0.,1.),
  .PIECEWISE_BEZIER_KNOTS.);
#2299 = CARTESIAN_POINT('',(2.388375796178,0.544585987261,2.861008928571
    ));
#2300 = CARTESIAN_POINT('',(2.416844142158,0.573823743075,2.861008928571
    ));
#2301 = CARTESIAN_POINT('',(2.452191215223,0.597740633391,2.861008928571
    ));
#2302 = CARTESIAN_POINT('',(2.49432010778,0.616284856427,2.861008928571)
  );
#2303 = CARTESIAN_POINT('',(2.543004872172,0.629517220638,2.861008928571
    ));
#2304 = CARTESIAN_POINT('',(2.597929936306,0.637579617834,2.861008928571
    ));
#2305 = PCURVE('',#1025,#2306);
#2306 = DEFINITIONAL_REPRESENTATION('',(#2307),#2314);
#2307 = B_SPLINE_CURVE_WITH_KNOTS('',5,(#2308,#2309,#2310,#2311,#2312,
    #2313),.UNSPECIFIED.,.F.,.F.,(6,6),(0.,1.),
  .PIECEWISE_BEZIER_KNOTS.);
#2308 = CARTESIAN_POINT('',(-9.987727796741,0.544585981843));
#2309 = CARTESIAN_POINT('',(-9.959259450761,0.573823737658));
#2310 = CARTESIAN_POINT('',(-9.923912377696,0.597740627973));
#2311 = CARTESIAN_POINT('',(-9.881783485139,0.616284851009));
#2312 = CARTESIAN_POINT('',(-9.833098720747,0.62951721522));
#2313 = CARTESIAN_POINT('',(-9.778173656613,0.637579612417));
#2314 = ( GEOMETRIC_REPRESENTATION_CONTEXT(2) 
PARAMETRIC_REPRESENTATION_CONTEXT() REPRESENTATION_CONTEXT('2D SPACE',''
  ) );
#2315 = PCURVE('',#2316,#2323);
#2316 = SURFACE_OF_LINEAR_EXTRUSION('',#2317,#2321);
#2317 = B_SPLINE_CURVE_WITH_KNOTS('',2,(#2318,#2319,#2320),
  .UNSPECIFIED.,.F.,.F.,(3,3),(0.,1.),.PIECEWISE_BEZIER_KNOTS.);
#2318 = CARTESIAN_POINT('',(2.597929936306,0.637579617834,2.761008928571
    ));
#2319 = CARTESIAN_POINT('',(2.459076433121,0.617197452229,2.761008928571
    ));
#2320 = CARTESIAN_POINT('',(2.388375796178,0.544585987261,2.761008928571
    ));
#2321 = VECTOR('',#2322,1.);
#2322 = DIRECTION('',(-0.,-0.,-1.));
#2323 = DEFINITIONAL_REPRESENTATION('',(#2324),#2331);
#2324 = B_SPLINE_CURVE_WITH_KNOTS('',5,(#2325,#2326,#2327,#2328,#2329,
    #2330),.UNSPECIFIED.,.F.,.F.,(6,6),(0.,1.),
  .PIECEWISE_BEZIER_KNOTS.);
#2325 = CARTESIAN_POINT('',(1.,-0.1));
#2326 = CARTESIAN_POINT('',(0.798669824868,-0.1));
#2327 = CARTESIAN_POINT('',(0.597534130256,-1.E-01));
#2328 = CARTESIAN_POINT('',(0.397090053831,-0.1));
#2329 = CARTESIAN_POINT('',(0.197780630554,-1.E-01));
#2330 = CARTESIAN_POINT('',(0.,-1.E-01));
#2331 = ( GEOMETRIC_REPRESENTATION_CONTEXT(2) 
PARAMETRIC_REPRESENTATION_CONTEXT() REPRESENTATION_CONTEXT('2D SPACE',''
  ) );
#2332 = ORIENTED_EDGE('',*,*,#2333,.F.);
#2333 = EDGE_CURVE('',#2334,#2295,#2336,.T.);
#2334 = VERTEX_POINT('',#2335);
#2335 = CARTESIAN_POINT('',(2.317675159236,0.368152866242,2.861008928571
    ));
#2336 = SURFACE_CURVE('',#2337,(#2346,#2358),.PCURVE_S1.);
#2337 = B_SPLINE_CURVE_WITH_KNOTS('',4,(#2338,#2339,#2340,#2341,#2342,
    #2343,#2344,#2345),.UNSPECIFIED.,.F.,.F.,(5,3,5),(0.,0.524045318313,
    1.),.UNSPECIFIED.);
#2338 = CARTESIAN_POINT('',(2.317675159236,0.368152866242,2.861008928571
    ));
#2339 = CARTESIAN_POINT('',(2.317675161084,0.395131218567,2.861008928571
    ));
#2340 = CARTESIAN_POINT('',(2.320897167603,0.420801085347,2.861008928571
    ));
#2341 = CARTESIAN_POINT('',(2.327371411314,0.445122308353,2.861008928571
    ));
#2342 = CARTESIAN_POINT('',(2.345912643668,0.488913075339,2.861008928571
    ));
#2343 = CARTESIAN_POINT('',(2.357411892903,0.508623101321,2.861008928571
    ));
#2344 = CARTESIAN_POINT('',(2.371577850785,0.527182708051,2.861008928571
    ));
#2345 = CARTESIAN_POINT('',(2.388375796178,0.544585987261,2.861008928571
    ));
#2346 = PCURVE('',#1025,#2347);
#2347 = DEFINITIONAL_REPRESENTATION('',(#2348),#2357);
#2348 = B_SPLINE_CURVE_WITH_KNOTS('',4,(#2349,#2350,#2351,#2352,#2353,
    #2354,#2355,#2356),.UNSPECIFIED.,.F.,.F.,(5,3,5),(0.,0.524045318313,
    1.),.UNSPECIFIED.);
#2349 = CARTESIAN_POINT('',(-10.05842843368,0.368152860824));
#2350 = CARTESIAN_POINT('',(-10.05842843183,0.395131213149));
#2351 = CARTESIAN_POINT('',(-10.05520642531,0.420801079929));
#2352 = CARTESIAN_POINT('',(-10.0487321816,0.445122302935));
#2353 = CARTESIAN_POINT('',(-10.03019094925,0.488913069921));
#2354 = CARTESIAN_POINT('',(-10.01869170001,0.508623095903));
#2355 = CARTESIAN_POINT('',(-10.00452574213,0.527182702633));
#2356 = CARTESIAN_POINT('',(-9.987727796741,0.544585981843));
#2357 = ( GEOMETRIC_REPRESENTATION_CONTEXT(2) 
PARAMETRIC_REPRESENTATION_CONTEXT() REPRESENTATION_CONTEXT('2D SPACE',''
  ) );
#2358 = PCURVE('',#2359,#2366);
#2359 = SURFACE_OF_LINEAR_EXTRUSION('',#2360,#2364);
#2360 = B_SPLINE_CURVE_WITH_KNOTS('',2,(#2361,#2362,#2363),
  .UNSPECIFIED.,.F.,.F.,(3,3),(0.,1.),.PIECEWISE_BEZIER_KNOTS.);
#2361 = CARTESIAN_POINT('',(2.388375796178,0.544585987261,2.761008928571
    ));
#2362 = CARTESIAN_POINT('',(2.317675159236,0.471337579618,2.761008928571
    ));
#2363 = CARTESIAN_POINT('',(2.317675159236,0.368152866242,2.761008928571
    ));
#2364 = VECTOR('',#2365,1.);
#2365 = DIRECTION('',(-0.,-0.,-1.));
#2366 = DEFINITIONAL_REPRESENTATION('',(#2367),#2376);
#2367 = B_SPLINE_CURVE_WITH_KNOTS('',4,(#2368,#2369,#2370,#2371,#2372,
    #2373,#2374,#2375),.UNSPECIFIED.,.F.,.F.,(5,3,5),(0.,0.524045318313,
    1.),.UNSPECIFIED.);
#2368 = CARTESIAN_POINT('',(1.,-0.1));
#2369 = CARTESIAN_POINT('',(0.869271560559,-0.1));
#2370 = CARTESIAN_POINT('',(0.738272796662,-0.1));
#2371 = CARTESIAN_POINT('',(0.607136271898,-0.1));
#2372 = CARTESIAN_POINT('',(0.356897852976,-0.1));
#2373 = CARTESIAN_POINT('',(0.237795533186,-0.1));
#2374 = CARTESIAN_POINT('',(0.118796292364,-1.E-01));
#2375 = CARTESIAN_POINT('',(0.,-1.E-01));
#2376 = ( GEOMETRIC_REPRESENTATION_CONTEXT(2) 
PARAMETRIC_REPRESENTATION_CONTEXT() REPRESENTATION_CONTEXT('2D SPACE',''
  ) );
#2377 = ORIENTED_EDGE('',*,*,#2378,.F.);
#2378 = EDGE_CURVE('',#2379,#2334,#2381,.T.);
#2379 = VERTEX_POINT('',#2380);
#2380 = CARTESIAN_POINT('',(2.41576433121,0.157961783439,2.861008928571)
  );
#2381 = SURFACE_CURVE('',#2382,(#2391,#2403),.PCURVE_S1.);
#2382 = B_SPLINE_CURVE_WITH_KNOTS('',4,(#2383,#2384,#2385,#2386,#2387,
    #2388,#2389,#2390),.UNSPECIFIED.,.F.,.F.,(5,3,5),(0.,0.573242229098,
    1.),.UNSPECIFIED.);
#2383 = CARTESIAN_POINT('',(2.41576433121,0.157961783439,2.861008928571)
  );
#2384 = CARTESIAN_POINT('',(2.387789393088,0.182485271699,2.861008928571
    ));
#2385 = CARTESIAN_POINT('',(2.365006591888,0.209191840756,2.861008928571
    ));
#2386 = CARTESIAN_POINT('',(2.347586810802,0.238071155021,2.861008928571
    ));
#2387 = CARTESIAN_POINT('',(2.326605888046,0.292113989299,2.861008928571
    ));
#2388 = CARTESIAN_POINT('',(2.32064064775,0.316341420625,2.861008928571)
  );
#2389 = CARTESIAN_POINT('',(2.317675161325,0.341703070164,2.861008928571
    ));
#2390 = CARTESIAN_POINT('',(2.317675159236,0.368152866242,2.861008928571
    ));
#2391 = PCURVE('',#1025,#2392);
#2392 = DEFINITIONAL_REPRESENTATION('',(#2393),#2402);
#2393 = B_SPLINE_CURVE_WITH_KNOTS('',4,(#2394,#2395,#2396,#2397,#2398,
    #2399,#2400,#2401),.UNSPECIFIED.,.F.,.F.,(5,3,5),(0.,0.573242229098,
    1.),.UNSPECIFIED.);
#2394 = CARTESIAN_POINT('',(-9.960339261709,0.157961778022));
#2395 = CARTESIAN_POINT('',(-9.988314199831,0.182485266281));
#2396 = CARTESIAN_POINT('',(-10.01109700103,0.209191835339));
#2397 = CARTESIAN_POINT('',(-10.02851678211,0.238071149603));
#2398 = CARTESIAN_POINT('',(-10.04949770487,0.292113983881));
#2399 = CARTESIAN_POINT('',(-10.05546294516,0.316341415207));
#2400 = CARTESIAN_POINT('',(-10.05842843159,0.341703064746));
#2401 = CARTESIAN_POINT('',(-10.05842843368,0.368152860824));
#2402 = ( GEOMETRIC_REPRESENTATION_CONTEXT(2) 
PARAMETRIC_REPRESENTATION_CONTEXT() REPRESENTATION_CONTEXT('2D SPACE',''
  ) );
#2403 = PCURVE('',#2404,#2411);
#2404 = SURFACE_OF_LINEAR_EXTRUSION('',#2405,#2409);
#2405 = B_SPLINE_CURVE_WITH_KNOTS('',2,(#2406,#2407,#2408),
  .UNSPECIFIED.,.F.,.F.,(3,3),(0.,1.),.PIECEWISE_BEZIER_KNOTS.);
#2406 = CARTESIAN_POINT('',(2.317675159236,0.368152866242,2.761008928571
    ));
#2407 = CARTESIAN_POINT('',(2.317675159236,0.243949044586,2.761008928571
    ));
#2408 = CARTESIAN_POINT('',(2.41576433121,0.157961783439,2.761008928571)
  );
#2409 = VECTOR('',#2410,1.);
#2410 = DIRECTION('',(-0.,-0.,-1.));
#2411 = DEFINITIONAL_REPRESENTATION('',(#2412),#2421);
#2412 = B_SPLINE_CURVE_WITH_KNOTS('',4,(#2413,#2414,#2415,#2416,#2417,
    #2418,#2419,#2420),.UNSPECIFIED.,.F.,.F.,(5,3,5),(0.,0.573242229098,
    1.),.UNSPECIFIED.);
#2413 = CARTESIAN_POINT('',(1.,-0.1));
#2414 = CARTESIAN_POINT('',(0.857400463496,-0.1));
#2415 = CARTESIAN_POINT('',(0.714156138824,-0.1));
#2416 = CARTESIAN_POINT('',(0.570576651959,-0.1));
#2417 = CARTESIAN_POINT('',(0.320112459562,-0.1));
#2418 = CARTESIAN_POINT('',(0.213225446877,-0.1));
#2419 = CARTESIAN_POINT('',(0.106477387489,-1.E-01));
#2420 = CARTESIAN_POINT('',(0.,-1.E-01));
#2421 = ( GEOMETRIC_REPRESENTATION_CONTEXT(2) 
PARAMETRIC_REPRESENTATION_CONTEXT() REPRESENTATION_CONTEXT('2D SPACE',''
  ) );
#2422 = ORIENTED_EDGE('',*,*,#2423,.F.);
#2423 = EDGE_CURVE('',#2424,#2379,#2426,.T.);
#2424 = VERTEX_POINT('',#2425);
#2425 = CARTESIAN_POINT('',(2.676910828025,7.197452229299E-02,
    2.861008928571));
#2426 = SURFACE_CURVE('',#2427,(#2438,#2452),.PCURVE_S1.);
#2427 = B_SPLINE_CURVE_WITH_KNOTS('',5,(#2428,#2429,#2430,#2431,#2432,
    #2433,#2434,#2435,#2436,#2437),.UNSPECIFIED.,.F.,.F.,(6,4,6),(0.,
    0.903499383057,1.),.UNSPECIFIED.);
#2428 = CARTESIAN_POINT('',(2.676910828025,7.197452229299E-02,
    2.861008928571));
#2429 = CARTESIAN_POINT('',(2.618910928025,7.197452536358E-02,
    2.861008928571));
#2430 = CARTESIAN_POINT('',(2.565500095113,7.882760780602E-02,
    2.861008928571));
#2431 = CARTESIAN_POINT('',(2.516994338871,9.276421221208E-02,
    2.861008928571));
#2432 = CARTESIAN_POINT('',(2.473627662561,0.113880798533,2.861008928571
    ));
#2433 = CARTESIAN_POINT('',(2.431445933984,0.145102192718,2.861008928571
    ));
#2434 = CARTESIAN_POINT('',(2.42743530693,0.148195993902,2.861008928571)
  );
#2435 = CARTESIAN_POINT('',(2.423484753152,0.151370611817,2.861008928571
    ));
#2436 = CARTESIAN_POINT('',(2.419594393307,0.154625923453,2.861008928571
    ));
#2437 = CARTESIAN_POINT('',(2.41576433121,0.157961783439,2.861008928571)
  );
#2438 = PCURVE('',#1025,#2439);
#2439 = DEFINITIONAL_REPRESENTATION('',(#2440),#2451);
#2440 = B_SPLINE_CURVE_WITH_KNOTS('',5,(#2441,#2442,#2443,#2444,#2445,
    #2446,#2447,#2448,#2449,#2450),.UNSPECIFIED.,.F.,.F.,(6,4,6),(0.,
    0.903499383057,1.),.UNSPECIFIED.);
#2441 = CARTESIAN_POINT('',(-9.699192764894,7.197451687528E-02));
#2442 = CARTESIAN_POINT('',(-9.757192664894,7.197451994586E-02));
#2443 = CARTESIAN_POINT('',(-9.810603497806,7.882760238831E-02));
#2444 = CARTESIAN_POINT('',(-9.859109254048,9.276420679436E-02));
#2445 = CARTESIAN_POINT('',(-9.902475930358,0.113880793115));
#2446 = CARTESIAN_POINT('',(-9.944657658935,0.1451021873));
#2447 = CARTESIAN_POINT('',(-9.948668285989,0.148195988484));
#2448 = CARTESIAN_POINT('',(-9.952618839767,0.151370606399));
#2449 = CARTESIAN_POINT('',(-9.956509199612,0.154625918035));
#2450 = CARTESIAN_POINT('',(-9.960339261709,0.157961778022));
#2451 = ( GEOMETRIC_REPRESENTATION_CONTEXT(2) 
PARAMETRIC_REPRESENTATION_CONTEXT() REPRESENTATION_CONTEXT('2D SPACE',''
  ) );
#2452 = PCURVE('',#2453,#2460);
#2453 = SURFACE_OF_LINEAR_EXTRUSION('',#2454,#2458);
#2454 = B_SPLINE_CURVE_WITH_KNOTS('',2,(#2455,#2456,#2457),
  .UNSPECIFIED.,.F.,.F.,(3,3),(0.,1.),.PIECEWISE_BEZIER_KNOTS.);
#2455 = CARTESIAN_POINT('',(2.41576433121,0.157961783439,2.761008928571)
  );
#2456 = CARTESIAN_POINT('',(2.51449044586,7.197452229299E-02,
    2.761008928571));
#2457 = CARTESIAN_POINT('',(2.676910828025,7.197452229299E-02,
    2.761008928571));
#2458 = VECTOR('',#2459,1.);
#2459 = DIRECTION('',(-0.,-0.,-1.));
#2460 = DEFINITIONAL_REPRESENTATION('',(#2461),#2472);
#2461 = B_SPLINE_CURVE_WITH_KNOTS('',5,(#2462,#2463,#2464,#2465,#2466,
    #2467,#2468,#2469,#2470,#2471),.UNSPECIFIED.,.F.,.F.,(6,4,6),(0.,
    0.903499383057,1.),.UNSPECIFIED.);
#2462 = CARTESIAN_POINT('',(1.,-0.1));
#2463 = CARTESIAN_POINT('',(0.821451281231,-0.1));
#2464 = CARTESIAN_POINT('',(0.641402479791,-0.1));
#2465 = CARTESIAN_POINT('',(0.460300926744,-0.1));
#2466 = CARTESIAN_POINT('',(0.278647025565,-0.1));
#2467 = CARTESIAN_POINT('',(7.759871388772E-02,-0.1));
#2468 = CARTESIAN_POINT('',(5.819741846398E-02,-0.1));
#2469 = CARTESIAN_POINT('',(3.879676652612E-02,-0.1));
#2470 = CARTESIAN_POINT('',(1.939741001202E-02,-1.E-01));
#2471 = CARTESIAN_POINT('',(0.,-1.E-01));
#2472 = ( GEOMETRIC_REPRESENTATION_CONTEXT(2) 
PARAMETRIC_REPRESENTATION_CONTEXT() REPRESENTATION_CONTEXT('2D SPACE',''
  ) );
#2473 = ORIENTED_EDGE('',*,*,#2474,.F.);
#2474 = EDGE_CURVE('',#2475,#2424,#2477,.T.);
#2475 = VERTEX_POINT('',#2476);
#2476 = CARTESIAN_POINT('',(2.920859872611,0.154777070064,2.861008928571
    ));
#2477 = SURFACE_CURVE('',#2478,(#2489,#2503),.PCURVE_S1.);
#2478 = B_SPLINE_CURVE_WITH_KNOTS('',5,(#2479,#2480,#2481,#2482,#2483,
    #2484,#2485,#2486,#2487,#2488),.UNSPECIFIED.,.F.,.F.,(6,4,6),(0.,
    8.953399836889E-02,1.),.UNSPECIFIED.);
#2479 = CARTESIAN_POINT('',(2.920859872611,0.154777070064,2.861008928571
    ));
#2480 = CARTESIAN_POINT('',(2.917650047537,0.151796518726,2.861008928571
    ));
#2481 = CARTESIAN_POINT('',(2.914386820586,0.148882766734,2.861008928571
    ));
#2482 = CARTESIAN_POINT('',(2.911070264134,0.14603592253,2.861008928571)
  );
#2483 = CARTESIAN_POINT('',(2.907700463295,0.143256078727,2.861008928571
    ));
#2484 = CARTESIAN_POINT('',(2.869469763963,0.112957346691,2.861008928571
    ));
#2485 = CARTESIAN_POINT('',(2.829164799318,9.230649006672E-02,
    2.861008928571));
#2486 = CARTESIAN_POINT('',(2.783468539458,7.867687947062E-02,
    2.861008928571));
#2487 = CARTESIAN_POINT('',(2.732611348687,7.197452527286E-02,
    2.861008928571));
#2488 = CARTESIAN_POINT('',(2.676910828025,7.197452229299E-02,
    2.861008928571));
#2489 = PCURVE('',#1025,#2490);
#2490 = DEFINITIONAL_REPRESENTATION('',(#2491),#2502);
#2491 = B_SPLINE_CURVE_WITH_KNOTS('',5,(#2492,#2493,#2494,#2495,#2496,
    #2497,#2498,#2499,#2500,#2501),.UNSPECIFIED.,.F.,.F.,(6,4,6),(0.,
    8.953399836889E-02,1.),.UNSPECIFIED.);
#2492 = CARTESIAN_POINT('',(-9.455243720308,0.154777064646));
#2493 = CARTESIAN_POINT('',(-9.458453545382,0.151796513308));
#2494 = CARTESIAN_POINT('',(-9.461716772333,0.148882761316));
#2495 = CARTESIAN_POINT('',(-9.465033328785,0.146035917113));
#2496 = CARTESIAN_POINT('',(-9.468403129624,0.143256073309));
#2497 = CARTESIAN_POINT('',(-9.506633828956,0.112957341273));
#2498 = CARTESIAN_POINT('',(-9.546938793601,9.2306484649E-02));
#2499 = CARTESIAN_POINT('',(-9.592635053461,7.867687405291E-02));
#2500 = CARTESIAN_POINT('',(-9.643492244232,7.197451985514E-02));
#2501 = CARTESIAN_POINT('',(-9.699192764894,7.197451687528E-02));
#2502 = ( GEOMETRIC_REPRESENTATION_CONTEXT(2) 
PARAMETRIC_REPRESENTATION_CONTEXT() REPRESENTATION_CONTEXT('2D SPACE',''
  ) );
#2503 = PCURVE('',#2504,#2511);
#2504 = SURFACE_OF_LINEAR_EXTRUSION('',#2505,#2509);
#2505 = B_SPLINE_CURVE_WITH_KNOTS('',2,(#2506,#2507,#2508),
  .UNSPECIFIED.,.F.,.F.,(3,3),(0.,1.),.PIECEWISE_BEZIER_KNOTS.);
#2506 = CARTESIAN_POINT('',(2.676910828025,7.197452229299E-02,
    2.761008928571));
#2507 = CARTESIAN_POINT('',(2.831687898089,7.197452229299E-02,
    2.761008928571));
#2508 = CARTESIAN_POINT('',(2.920859872611,0.154777070064,2.761008928571
    ));
#2509 = VECTOR('',#2510,1.);
#2510 = DIRECTION('',(-0.,-0.,-1.));
#2511 = DEFINITIONAL_REPRESENTATION('',(#2512),#2523);
#2512 = B_SPLINE_CURVE_WITH_KNOTS('',5,(#2513,#2514,#2515,#2516,#2517,
    #2518,#2519,#2520,#2521,#2522),.UNSPECIFIED.,.F.,.F.,(6,4,6),(0.,
    8.953399836889E-02,1.),.UNSPECIFIED.);
#2513 = CARTESIAN_POINT('',(1.,-0.1));
#2514 = CARTESIAN_POINT('',(0.982002053583,-0.1));
#2515 = CARTESIAN_POINT('',(0.964002568694,-0.1));
#2516 = CARTESIAN_POINT('',(0.946002056697,-0.1));
#2517 = CARTESIAN_POINT('',(0.928001029589,-0.1));
#2518 = CARTESIAN_POINT('',(0.726948581168,-0.1));
#2519 = CARTESIAN_POINT('',(0.543889174572,-1.E-01));
#2520 = CARTESIAN_POINT('',(0.361384410931,-0.1));
#2521 = CARTESIAN_POINT('',(0.179937903591,-1.E-01));
#2522 = CARTESIAN_POINT('',(0.,-1.E-01));
#2523 = ( GEOMETRIC_REPRESENTATION_CONTEXT(2) 
PARAMETRIC_REPRESENTATION_CONTEXT() REPRESENTATION_CONTEXT('2D SPACE',''
  ) );
#2524 = ORIENTED_EDGE('',*,*,#2525,.F.);
#2525 = EDGE_CURVE('',#2526,#2475,#2528,.T.);
#2526 = VERTEX_POINT('',#2527);
#2527 = CARTESIAN_POINT('',(3.010668789809,0.370700636943,2.861008928571
    ));
#2528 = SURFACE_CURVE('',#2529,(#2538,#2550),.PCURVE_S1.);
#2529 = B_SPLINE_CURVE_WITH_KNOTS('',4,(#2530,#2531,#2532,#2533,#2534,
    #2535,#2536,#2537),.UNSPECIFIED.,.F.,.F.,(5,3,5),(0.,0.642446205399,
    1.),.UNSPECIFIED.);
#2530 = CARTESIAN_POINT('',(3.010668789809,0.370700636943,2.861008928571
    ));
#2531 = CARTESIAN_POINT('',(3.010668786942,0.328002173931,2.861008928571
    ));
#2532 = CARTESIAN_POINT('',(3.004568149136,0.288573590719,2.861008928571
    ));
#2533 = CARTESIAN_POINT('',(2.992212702409,0.252614586788,2.861008928571
    ));
#2534 = CARTESIAN_POINT('',(2.963323256115,0.202190659615,2.861008928571
    ));
#2535 = CARTESIAN_POINT('',(2.95107195372,0.185265204535,2.861008928571)
  );
#2536 = CARTESIAN_POINT('',(2.936907964837,0.169459369596,2.861008928571
    ));
#2537 = CARTESIAN_POINT('',(2.920859872611,0.154777070064,2.861008928571
    ));
#2538 = PCURVE('',#1025,#2539);
#2539 = DEFINITIONAL_REPRESENTATION('',(#2540),#2549);
#2540 = B_SPLINE_CURVE_WITH_KNOTS('',4,(#2541,#2542,#2543,#2544,#2545,
    #2546,#2547,#2548),.UNSPECIFIED.,.F.,.F.,(5,3,5),(0.,0.642446205399,
    1.),.UNSPECIFIED.);
#2541 = CARTESIAN_POINT('',(-9.36543480311,0.370700631525));
#2542 = CARTESIAN_POINT('',(-9.365434805977,0.328002168513));
#2543 = CARTESIAN_POINT('',(-9.371535443783,0.288573585301));
#2544 = CARTESIAN_POINT('',(-9.38389089051,0.252614581371));
#2545 = CARTESIAN_POINT('',(-9.412780336804,0.202190654198));
#2546 = CARTESIAN_POINT('',(-9.425031639199,0.185265199117));
#2547 = CARTESIAN_POINT('',(-9.439195628082,0.169459364178));
#2548 = CARTESIAN_POINT('',(-9.455243720308,0.154777064646));
#2549 = ( GEOMETRIC_REPRESENTATION_CONTEXT(2) 
PARAMETRIC_REPRESENTATION_CONTEXT() REPRESENTATION_CONTEXT('2D SPACE',''
  ) );
#2550 = PCURVE('',#2551,#2558);
#2551 = SURFACE_OF_LINEAR_EXTRUSION('',#2552,#2556);
#2552 = B_SPLINE_CURVE_WITH_KNOTS('',2,(#2553,#2554,#2555),
  .UNSPECIFIED.,.F.,.F.,(3,3),(0.,1.),.PIECEWISE_BEZIER_KNOTS.);
#2553 = CARTESIAN_POINT('',(2.920859872611,0.154777070064,2.761008928571
    ));
#2554 = CARTESIAN_POINT('',(3.010668789809,0.236942675159,2.761008928571
    ));
#2555 = CARTESIAN_POINT('',(3.010668789809,0.370700636943,2.761008928571
    ));
#2556 = VECTOR('',#2557,1.);
#2557 = DIRECTION('',(-0.,-0.,-1.));
#2558 = DEFINITIONAL_REPRESENTATION('',(#2559),#2568);
#2559 = B_SPLINE_CURVE_WITH_KNOTS('',4,(#2560,#2561,#2562,#2563,#2564,
    #2565,#2566,#2567),.UNSPECIFIED.,.F.,.F.,(5,3,5),(0.,0.642446205399,
    1.),.UNSPECIFIED.);
#2560 = CARTESIAN_POINT('',(1.,-0.1));
#2561 = CARTESIAN_POINT('',(0.840389072585,-0.1));
#2562 = CARTESIAN_POINT('',(0.679900663681,-0.1));
#2563 = CARTESIAN_POINT('',(0.518950193223,-0.1));
#2564 = CARTESIAN_POINT('',(0.268423080026,-0.1));
#2565 = CARTESIAN_POINT('',(0.178845469138,-0.1));
#2566 = CARTESIAN_POINT('',(8.934577061321E-02,-1.E-01));
#2567 = CARTESIAN_POINT('',(0.,-1.E-01));
#2568 = ( GEOMETRIC_REPRESENTATION_CONTEXT(2) 
PARAMETRIC_REPRESENTATION_CONTEXT() REPRESENTATION_CONTEXT('2D SPACE',''
  ) );
#2569 = ORIENTED_EDGE('',*,*,#2570,.F.);
#2570 = EDGE_CURVE('',#2571,#2526,#2573,.T.);
#2571 = VERTEX_POINT('',#2572);
#2572 = CARTESIAN_POINT('',(2.970541401274,0.52101910828,2.861008928571)
  );
#2573 = SURFACE_CURVE('',#2574,(#2583,#2595),.PCURVE_S1.);
#2574 = B_SPLINE_CURVE_WITH_KNOTS('',4,(#2575,#2576,#2577,#2578,#2579,
    #2580,#2581,#2582),.UNSPECIFIED.,.F.,.F.,(5,3,5),(0.,0.264889069063,
    1.),.UNSPECIFIED.);
#2575 = CARTESIAN_POINT('',(2.970541401274,0.52101910828,2.861008928571)
  );
#2576 = CARTESIAN_POINT('',(2.975857354736,0.512159184739,2.861008928571
    ));
#2577 = CARTESIAN_POINT('',(2.980704737126,0.503103966266,2.861008928571
    ));
#2578 = CARTESIAN_POINT('',(2.985082721939,0.493854062139,2.861008928571
    ));
#2579 = CARTESIAN_POINT('',(2.99983700913,0.458202249294,2.861008928571)
  );
#2580 = CARTESIAN_POINT('',(3.007065350256,0.430501072535,2.861008928571
    ));
#2581 = CARTESIAN_POINT('',(3.010668788336,0.401324261548,2.861008928571
    ));
#2582 = CARTESIAN_POINT('',(3.010668789809,0.370700636943,2.861008928571
    ));
#2583 = PCURVE('',#1025,#2584);
#2584 = DEFINITIONAL_REPRESENTATION('',(#2585),#2594);
#2585 = B_SPLINE_CURVE_WITH_KNOTS('',4,(#2586,#2587,#2588,#2589,#2590,
    #2591,#2592,#2593),.UNSPECIFIED.,.F.,.F.,(5,3,5),(0.,0.264889069063,
    1.),.UNSPECIFIED.);
#2586 = CARTESIAN_POINT('',(-9.405562191645,0.521019102863));
#2587 = CARTESIAN_POINT('',(-9.400246238183,0.512159179321));
#2588 = CARTESIAN_POINT('',(-9.395398855793,0.503103960848));
#2589 = CARTESIAN_POINT('',(-9.39102087098,0.493854056721));
#2590 = CARTESIAN_POINT('',(-9.376266583789,0.458202243877));
#2591 = CARTESIAN_POINT('',(-9.369038242663,0.430501067117));
#2592 = CARTESIAN_POINT('',(-9.365434804583,0.40132425613));
#2593 = CARTESIAN_POINT('',(-9.36543480311,0.370700631525));
#2594 = ( GEOMETRIC_REPRESENTATION_CONTEXT(2) 
PARAMETRIC_REPRESENTATION_CONTEXT() REPRESENTATION_CONTEXT('2D SPACE',''
  ) );
#2595 = PCURVE('',#2596,#2603);
#2596 = SURFACE_OF_LINEAR_EXTRUSION('',#2597,#2601);
#2597 = B_SPLINE_CURVE_WITH_KNOTS('',2,(#2598,#2599,#2600),
  .UNSPECIFIED.,.F.,.F.,(3,3),(0.,1.),.PIECEWISE_BEZIER_KNOTS.);
#2598 = CARTESIAN_POINT('',(3.010668789809,0.370700636943,2.761008928571
    ));
#2599 = CARTESIAN_POINT('',(3.010668789809,0.454140127389,2.761008928571
    ));
#2600 = CARTESIAN_POINT('',(2.970541401274,0.52101910828,2.761008928571)
  );
#2601 = VECTOR('',#2602,1.);
#2602 = DIRECTION('',(-0.,-0.,-1.));
#2603 = DEFINITIONAL_REPRESENTATION('',(#2604),#2613);
#2604 = B_SPLINE_CURVE_WITH_KNOTS('',4,(#2605,#2606,#2607,#2608,#2609,
    #2610,#2611,#2612),.UNSPECIFIED.,.F.,.F.,(5,3,5),(0.,0.264889069063,
    1.),.UNSPECIFIED.);
#2605 = CARTESIAN_POINT('',(1.,-0.1));
#2606 = CARTESIAN_POINT('',(0.933761525638,-0.1));
#2607 = CARTESIAN_POINT('',(0.867511567545,-0.1));
#2608 = CARTESIAN_POINT('',(0.801255820709,-0.1));
#2609 = CARTESIAN_POINT('',(0.551129150916,-0.1));
#2610 = CARTESIAN_POINT('',(0.367257572215,-0.1));
#2611 = CARTESIAN_POINT('',(0.183507983148,-1.E-01));
#2612 = CARTESIAN_POINT('',(0.,-1.E-01));
#2613 = ( GEOMETRIC_REPRESENTATION_CONTEXT(2) 
PARAMETRIC_REPRESENTATION_CONTEXT() REPRESENTATION_CONTEXT('2D SPACE',''
  ) );
#2614 = ORIENTED_EDGE('',*,*,#2615,.F.);
#2615 = EDGE_CURVE('',#2616,#2571,#2618,.T.);
#2616 = VERTEX_POINT('',#2617);
#2617 = CARTESIAN_POINT('',(2.867993630573,0.626114649682,2.861008928571
    ));
#2618 = SURFACE_CURVE('',#2619,(#2628,#2640),.PCURVE_S1.);
#2619 = B_SPLINE_CURVE_WITH_KNOTS('',4,(#2620,#2621,#2622,#2623,#2624,
    #2625,#2626,#2627),.UNSPECIFIED.,.F.,.F.,(5,3,5),(0.,0.284920628226,
    1.),.UNSPECIFIED.);
#2620 = CARTESIAN_POINT('',(2.867993630573,0.626114649682,2.861008928571
    ));
#2621 = CARTESIAN_POINT('',(2.876977996187,0.620669579001,2.861008928571
    ));
#2622 = CARTESIAN_POINT('',(2.885644723982,0.614835813388,2.861008928571
    ));
#2623 = CARTESIAN_POINT('',(2.893992948792,0.608613493612,2.861008928571
    ));
#2624 = CARTESIAN_POINT('',(2.922173208133,0.585412686575,2.861008928571
    ));
#2625 = CARTESIAN_POINT('',(2.940314450926,0.566377870387,2.861008928571
    ));
#2626 = CARTESIAN_POINT('',(2.956436546766,0.544906359432,2.861008928571
    ));
#2627 = CARTESIAN_POINT('',(2.970541401274,0.52101910828,2.861008928571)
  );
#2628 = PCURVE('',#1025,#2629);
#2629 = DEFINITIONAL_REPRESENTATION('',(#2630),#2639);
#2630 = B_SPLINE_CURVE_WITH_KNOTS('',4,(#2631,#2632,#2633,#2634,#2635,
    #2636,#2637,#2638),.UNSPECIFIED.,.F.,.F.,(5,3,5),(0.,0.284920628226,
    1.),.UNSPECIFIED.);
#2631 = CARTESIAN_POINT('',(-9.508109962346,0.626114644264));
#2632 = CARTESIAN_POINT('',(-9.499125596732,0.620669573583));
#2633 = CARTESIAN_POINT('',(-9.490458868937,0.61483580797));
#2634 = CARTESIAN_POINT('',(-9.482110644127,0.608613488194));
#2635 = CARTESIAN_POINT('',(-9.453930384786,0.585412681157));
#2636 = CARTESIAN_POINT('',(-9.435789141993,0.56637786497));
#2637 = CARTESIAN_POINT('',(-9.419667046153,0.544906354015));
#2638 = CARTESIAN_POINT('',(-9.405562191645,0.521019102863));
#2639 = ( GEOMETRIC_REPRESENTATION_CONTEXT(2) 
PARAMETRIC_REPRESENTATION_CONTEXT() REPRESENTATION_CONTEXT('2D SPACE',''
  ) );
#2640 = PCURVE('',#2641,#2648);
#2641 = SURFACE_OF_LINEAR_EXTRUSION('',#2642,#2646);
#2642 = B_SPLINE_CURVE_WITH_KNOTS('',2,(#2643,#2644,#2645),
  .UNSPECIFIED.,.F.,.F.,(3,3),(0.,1.),.PIECEWISE_BEZIER_KNOTS.);
#2643 = CARTESIAN_POINT('',(2.970541401274,0.52101910828,2.761008928571)
  );
#2644 = CARTESIAN_POINT('',(2.931050955414,0.587898089172,2.761008928571
    ));
#2645 = CARTESIAN_POINT('',(2.867993630573,0.626114649682,2.761008928571
    ));
#2646 = VECTOR('',#2647,1.);
#2647 = DIRECTION('',(-0.,-0.,-1.));
#2648 = DEFINITIONAL_REPRESENTATION('',(#2649),#2658);
#2649 = B_SPLINE_CURVE_WITH_KNOTS('',4,(#2650,#2651,#2652,#2653,#2654,
    #2655,#2656,#2657),.UNSPECIFIED.,.F.,.F.,(5,3,5),(0.,0.284920628226,
    1.),.UNSPECIFIED.);
#2650 = CARTESIAN_POINT('',(1.,-0.1));
#2651 = CARTESIAN_POINT('',(0.928760330601,-0.1));
#2652 = CARTESIAN_POINT('',(0.857510310887,-0.1));
#2653 = CARTESIAN_POINT('',(0.786255131965,-0.1));
#2654 = CARTESIAN_POINT('',(0.536167476296,-0.1));
#2655 = CARTESIAN_POINT('',(0.357335171003,-0.1));
#2656 = CARTESIAN_POINT('',(0.17858564722,-1.E-01));
#2657 = CARTESIAN_POINT('',(0.,-1.E-01));
#2658 = ( GEOMETRIC_REPRESENTATION_CONTEXT(2) 
PARAMETRIC_REPRESENTATION_CONTEXT() REPRESENTATION_CONTEXT('2D SPACE',''
  ) );
#2659 = ORIENTED_EDGE('',*,*,#2660,.F.);
#2660 = EDGE_CURVE('',#2661,#2616,#2663,.T.);
#2661 = VERTEX_POINT('',#2662);
#2662 = CARTESIAN_POINT('',(2.889012738854,0.787261146497,2.861008928571
    ));
#2663 = SURFACE_CURVE('',#2664,(#2668,#2674),.PCURVE_S1.);
#2664 = LINE('',#2665,#2666);
#2665 = CARTESIAN_POINT('',(2.907371956974,0.928015152085,2.861008928571
    ));
#2666 = VECTOR('',#2667,1.);
#2667 = DIRECTION('',(-0.129339184068,-0.991600411186,0.));
#2668 = PCURVE('',#1025,#2669);
#2669 = DEFINITIONAL_REPRESENTATION('',(#2670),#2673);
#2670 = B_SPLINE_CURVE_WITH_KNOTS('',1,(#2671,#2672),.UNSPECIFIED.,.F.,
  .F.,(2,2),(0.141946296109,0.304457822927),.PIECEWISE_BEZIER_KNOTS.);
#2671 = CARTESIAN_POINT('',(-9.487090854065,0.787261141079));
#2672 = CARTESIAN_POINT('',(-9.508109962346,0.626114644264));
#2673 = ( GEOMETRIC_REPRESENTATION_CONTEXT(2) 
PARAMETRIC_REPRESENTATION_CONTEXT() REPRESENTATION_CONTEXT('2D SPACE',''
  ) );
#2674 = PCURVE('',#2675,#2680);
#2675 = PLANE('',#2676);
#2676 = AXIS2_PLACEMENT_3D('',#2677,#2678,#2679);
#2677 = CARTESIAN_POINT('',(2.867993630573,0.626114649682,2.761008928571
    ));
#2678 = DIRECTION('',(-0.991600411186,0.129339184068,0.));
#2679 = DIRECTION('',(0.129339184068,0.991600411186,0.));
#2680 = DEFINITIONAL_REPRESENTATION('',(#2681),#2684);
#2681 = B_SPLINE_CURVE_WITH_KNOTS('',1,(#2682,#2683),.UNSPECIFIED.,.F.,
  .F.,(2,2),(0.141946296109,0.304457822927),.PIECEWISE_BEZIER_KNOTS.);
#2682 = CARTESIAN_POINT('',(0.162511526818,-0.1));
#2683 = CARTESIAN_POINT('',(0.,-0.1));
#2684 = ( GEOMETRIC_REPRESENTATION_CONTEXT(2) 
PARAMETRIC_REPRESENTATION_CONTEXT() REPRESENTATION_CONTEXT('2D SPACE',''
  ) );
#2685 = ORIENTED_EDGE('',*,*,#2686,.F.);
#2686 = EDGE_CURVE('',#2687,#2661,#2689,.T.);
#2687 = VERTEX_POINT('',#2688);
#2688 = CARTESIAN_POINT('',(3.601751592357,0.651592356688,2.861008928571
    ));
#2689 = SURFACE_CURVE('',#2690,(#2694,#2700),.PCURVE_S1.);
#2690 = LINE('',#2691,#2692);
#2691 = CARTESIAN_POINT('',(7.539004069347,-9.785784670703E-02,
    2.861008928571));
#2692 = VECTOR('',#2693,1.);
#2693 = DIRECTION('',(-0.982361610847,0.186991084102,0.));
#2694 = PCURVE('',#1025,#2695);
#2695 = DEFINITIONAL_REPRESENTATION('',(#2696),#2699);
#2696 = B_SPLINE_CURVE_WITH_KNOTS('',1,(#2697,#2698),.UNSPECIFIED.,.F.,
  .F.,(2,2),(4.007946191622,4.733482333948),.PIECEWISE_BEZIER_KNOTS.);
#2697 = CARTESIAN_POINT('',(-8.774352000562,0.65159235127));
#2698 = CARTESIAN_POINT('',(-9.487090854065,0.787261141079));
#2699 = ( GEOMETRIC_REPRESENTATION_CONTEXT(2) 
PARAMETRIC_REPRESENTATION_CONTEXT() REPRESENTATION_CONTEXT('2D SPACE',''
  ) );
#2700 = PCURVE('',#2701,#2706);
#2701 = PLANE('',#2702);
#2702 = AXIS2_PLACEMENT_3D('',#2703,#2704,#2705);
#2703 = CARTESIAN_POINT('',(2.889012738854,0.787261146497,2.761008928571
    ));
#2704 = DIRECTION('',(0.186991084102,0.982361610847,0.));
#2705 = DIRECTION('',(0.982361610847,-0.186991084102,0.));
#2706 = DEFINITIONAL_REPRESENTATION('',(#2707),#2710);
#2707 = B_SPLINE_CURVE_WITH_KNOTS('',1,(#2708,#2709),.UNSPECIFIED.,.F.,
  .F.,(2,2),(4.007946191622,4.733482333948),.PIECEWISE_BEZIER_KNOTS.);
#2708 = CARTESIAN_POINT('',(0.725536142326,-0.1));
#2709 = CARTESIAN_POINT('',(0.,-0.1));
#2710 = ( GEOMETRIC_REPRESENTATION_CONTEXT(2) 
PARAMETRIC_REPRESENTATION_CONTEXT() REPRESENTATION_CONTEXT('2D SPACE',''
  ) );
#2711 = ORIENTED_EDGE('',*,*,#2712,.F.);
#2712 = EDGE_CURVE('',#2713,#2687,#2715,.T.);
#2713 = VERTEX_POINT('',#2714);
#2714 = CARTESIAN_POINT('',(3.601751592357,-4.458598726115E-02,
    2.861008928571));
#2715 = SURFACE_CURVE('',#2716,(#2720,#2726),.PCURVE_S1.);
#2716 = LINE('',#2717,#2718);
#2717 = CARTESIAN_POINT('',(3.601751592357,0.325796181053,2.861008928571
    ));
#2718 = VECTOR('',#2719,1.);
#2719 = DIRECTION('',(-2.22044604925E-16,1.,0.));
#2720 = PCURVE('',#1025,#2721);
#2721 = DEFINITIONAL_REPRESENTATION('',(#2722),#2725);
#2722 = B_SPLINE_CURVE_WITH_KNOTS('',1,(#2723,#2724),.UNSPECIFIED.,.F.,
  .F.,(2,2),(-0.370382168314,0.325796175635),.PIECEWISE_BEZIER_KNOTS.);
#2723 = CARTESIAN_POINT('',(-8.774352000562,-4.458599267886E-02));
#2724 = CARTESIAN_POINT('',(-8.774352000562,0.65159235127));
#2725 = ( GEOMETRIC_REPRESENTATION_CONTEXT(2) 
PARAMETRIC_REPRESENTATION_CONTEXT() REPRESENTATION_CONTEXT('2D SPACE',''
  ) );
#2726 = PCURVE('',#2727,#2732);
#2727 = PLANE('',#2728);
#2728 = AXIS2_PLACEMENT_3D('',#2729,#2730,#2731);
#2729 = CARTESIAN_POINT('',(3.601751592357,0.651592356688,2.761008928571
    ));
#2730 = DIRECTION('',(1.,2.22044604925E-16,0.));
#2731 = DIRECTION('',(2.22044604925E-16,-1.,0.));
#2732 = DEFINITIONAL_REPRESENTATION('',(#2733),#2736);
#2733 = B_SPLINE_CURVE_WITH_KNOTS('',1,(#2734,#2735),.UNSPECIFIED.,.F.,
  .F.,(2,2),(-0.370382168314,0.325796175635),.PIECEWISE_BEZIER_KNOTS.);
#2734 = CARTESIAN_POINT('',(0.696178343949,-0.1));
#2735 = CARTESIAN_POINT('',(0.,-0.1));
#2736 = ( GEOMETRIC_REPRESENTATION_CONTEXT(2) 
PARAMETRIC_REPRESENTATION_CONTEXT() REPRESENTATION_CONTEXT('2D SPACE',''
  ) );
#2737 = ORIENTED_EDGE('',*,*,#2738,.F.);
#2738 = EDGE_CURVE('',#2739,#2713,#2741,.T.);
#2739 = VERTEX_POINT('',#2740);
#2740 = CARTESIAN_POINT('',(3.438694267516,-4.458598726115E-02,
    2.861008928571));
#2741 = SURFACE_CURVE('',#2742,(#2746,#2752),.PCURVE_S1.);
#2742 = LINE('',#2743,#2744);
#2743 = CARTESIAN_POINT('',(7.988927592638,-4.458598726114E-02,
    2.861008928571));
#2744 = VECTOR('',#2745,1.);
#2745 = DIRECTION('',(1.,2.22044604925E-16,0.));
#2746 = PCURVE('',#1025,#2747);
#2747 = DEFINITIONAL_REPRESENTATION('',(#2748),#2751);
#2748 = B_SPLINE_CURVE_WITH_KNOTS('',1,(#2749,#2750),.UNSPECIFIED.,.F.,
  .F.,(2,2),(-4.550233325122,-4.387176000281),.PIECEWISE_BEZIER_KNOTS.);
#2749 = CARTESIAN_POINT('',(-8.937409325403,-4.458599267886E-02));
#2750 = CARTESIAN_POINT('',(-8.774352000562,-4.458599267886E-02));
#2751 = ( GEOMETRIC_REPRESENTATION_CONTEXT(2) 
PARAMETRIC_REPRESENTATION_CONTEXT() REPRESENTATION_CONTEXT('2D SPACE',''
  ) );
#2752 = PCURVE('',#2753,#2758);
#2753 = PLANE('',#2754);
#2754 = AXIS2_PLACEMENT_3D('',#2755,#2756,#2757);
#2755 = CARTESIAN_POINT('',(3.601751592357,-4.458598726115E-02,
    2.761008928571));
#2756 = DIRECTION('',(2.22044604925E-16,-1.,0.));
#2757 = DIRECTION('',(-1.,-2.22044604925E-16,0.));
#2758 = DEFINITIONAL_REPRESENTATION('',(#2759),#2762);
#2759 = B_SPLINE_CURVE_WITH_KNOTS('',1,(#2760,#2761),.UNSPECIFIED.,.F.,
  .F.,(2,2),(-4.550233325122,-4.387176000281),.PIECEWISE_BEZIER_KNOTS.);
#2760 = CARTESIAN_POINT('',(0.163057324841,-0.1));
#2761 = CARTESIAN_POINT('',(0.,-0.1));
#2762 = ( GEOMETRIC_REPRESENTATION_CONTEXT(2) 
PARAMETRIC_REPRESENTATION_CONTEXT() REPRESENTATION_CONTEXT('2D SPACE',''
  ) );
#2763 = ORIENTED_EDGE('',*,*,#2764,.F.);
#2764 = EDGE_CURVE('',#2765,#2739,#2767,.T.);
#2765 = VERTEX_POINT('',#2766);
#2766 = CARTESIAN_POINT('',(3.438694267516,0.514012738854,2.861008928571
    ));
#2767 = SURFACE_CURVE('',#2768,(#2772,#2778),.PCURVE_S1.);
#2768 = LINE('',#2769,#2770);
#2769 = CARTESIAN_POINT('',(3.438694267516,-2.229299092172E-02,
    2.861008928571));
#2770 = VECTOR('',#2771,1.);
#2771 = DIRECTION('',(2.22044604925E-16,-1.,0.));
#2772 = PCURVE('',#1025,#2773);
#2773 = DEFINITIONAL_REPRESENTATION('',(#2774),#2777);
#2774 = B_SPLINE_CURVE_WITH_KNOTS('',1,(#2775,#2776),.UNSPECIFIED.,.F.,
  .F.,(2,2),(-0.536305729775,2.229299633943E-02),
  .PIECEWISE_BEZIER_KNOTS.);
#2775 = CARTESIAN_POINT('',(-8.937409325403,0.514012733436));
#2776 = CARTESIAN_POINT('',(-8.937409325403,-4.458599267886E-02));
#2777 = ( GEOMETRIC_REPRESENTATION_CONTEXT(2) 
PARAMETRIC_REPRESENTATION_CONTEXT() REPRESENTATION_CONTEXT('2D SPACE',''
  ) );
#2778 = PCURVE('',#2779,#2784);
#2779 = PLANE('',#2780);
#2780 = AXIS2_PLACEMENT_3D('',#2781,#2782,#2783);
#2781 = CARTESIAN_POINT('',(3.438694267516,-4.458598726115E-02,
    2.761008928571));
#2782 = DIRECTION('',(-1.,-2.22044604925E-16,0.));
#2783 = DIRECTION('',(-2.22044604925E-16,1.,0.));
#2784 = DEFINITIONAL_REPRESENTATION('',(#2785),#2788);
#2785 = B_SPLINE_CURVE_WITH_KNOTS('',1,(#2786,#2787),.UNSPECIFIED.,.F.,
  .F.,(2,2),(-0.536305729775,2.229299633943E-02),
  .PIECEWISE_BEZIER_KNOTS.);
#2786 = CARTESIAN_POINT('',(0.558598726115,-0.1));
#2787 = CARTESIAN_POINT('',(0.,-0.1));
#2788 = ( GEOMETRIC_REPRESENTATION_CONTEXT(2) 
PARAMETRIC_REPRESENTATION_CONTEXT() REPRESENTATION_CONTEXT('2D SPACE',''
  ) );
#2789 = ORIENTED_EDGE('',*,*,#2790,.F.);
#2790 = EDGE_CURVE('',#2791,#2765,#2793,.T.);
#2791 = VERTEX_POINT('',#2792);
#2792 = CARTESIAN_POINT('',(3.067356687898,0.589808917197,2.861008928571
    ));
#2793 = SURFACE_CURVE('',#2794,(#2798,#2804),.PCURVE_S1.);
#2794 = LINE('',#2795,#2796);
#2795 = CARTESIAN_POINT('',(7.779024418073,-0.371920859631,
    2.861008928571));
#2796 = VECTOR('',#2797,1.);
#2797 = DIRECTION('',(0.979797338463,-0.199992938726,0.));
#2798 = PCURVE('',#1025,#2799);
#2799 = DEFINITIONAL_REPRESENTATION('',(#2800),#2803);
#2800 = B_SPLINE_CURVE_WITH_KNOTS('',1,(#2801,#2802),.UNSPECIFIED.,.F.,
  .F.,(2,2),(-4.808818666077,-4.429824393445),.PIECEWISE_BEZIER_KNOTS.);
#2801 = CARTESIAN_POINT('',(-9.308746905021,0.58980891178));
#2802 = CARTESIAN_POINT('',(-8.937409325403,0.514012733436));
#2803 = ( GEOMETRIC_REPRESENTATION_CONTEXT(2) 
PARAMETRIC_REPRESENTATION_CONTEXT() REPRESENTATION_CONTEXT('2D SPACE',''
  ) );
#2804 = PCURVE('',#2805,#2810);
#2805 = PLANE('',#2806);
#2806 = AXIS2_PLACEMENT_3D('',#2807,#2808,#2809);
#2807 = CARTESIAN_POINT('',(3.438694267516,0.514012738854,2.761008928571
    ));
#2808 = DIRECTION('',(-0.199992938726,-0.979797338463,0.));
#2809 = DIRECTION('',(-0.979797338463,0.199992938726,0.));
#2810 = DEFINITIONAL_REPRESENTATION('',(#2811),#2814);
#2811 = B_SPLINE_CURVE_WITH_KNOTS('',1,(#2812,#2813),.UNSPECIFIED.,.F.,
  .F.,(2,2),(-4.808818666077,-4.429824393445),.PIECEWISE_BEZIER_KNOTS.);
#2812 = CARTESIAN_POINT('',(0.378994272632,-0.1));
#2813 = CARTESIAN_POINT('',(0.,-0.1));
#2814 = ( GEOMETRIC_REPRESENTATION_CONTEXT(2) 
PARAMETRIC_REPRESENTATION_CONTEXT() REPRESENTATION_CONTEXT('2D SPACE',''
  ) );
#2815 = ORIENTED_EDGE('',*,*,#2816,.F.);
#2816 = EDGE_CURVE('',#2817,#2791,#2819,.T.);
#2817 = VERTEX_POINT('',#2818);
#2818 = CARTESIAN_POINT('',(3.153343949045,0.324840764331,2.861008928571
    ));
#2819 = SURFACE_CURVE('',#2820,(#2831,#2845),.PCURVE_S1.);
#2820 = B_SPLINE_CURVE_WITH_KNOTS('',5,(#2821,#2822,#2823,#2824,#2825,
    #2826,#2827,#2828,#2829,#2830),.UNSPECIFIED.,.F.,.F.,(6,4,6),(0.,
    0.233556121132,1.),.UNSPECIFIED.);
#2821 = CARTESIAN_POINT('',(3.153343949045,0.324840764331,2.861008928571
    ));
#2822 = CARTESIAN_POINT('',(3.15334394824,0.33783078945,2.861008928571)
  );
#2823 = CARTESIAN_POINT('',(3.152873600268,0.350756123848,2.861008928571
    ));
#2824 = CARTESIAN_POINT('',(3.151932178702,0.363615005088,2.861008928571
    ));
#2825 = CARTESIAN_POINT('',(3.150519441413,0.376405734094,2.861008928571
    ));
#2826 = CARTESIAN_POINT('',(3.142453667627,0.430872048243,2.861008928571
    ));
#2827 = CARTESIAN_POINT('',(3.131198619467,0.471866299712,2.861008928571
    ));
#2828 = CARTESIAN_POINT('',(3.114878970429,0.512050459794,2.861008928571
    ));
#2829 = CARTESIAN_POINT('',(3.093560206348,0.551377085906,2.861008928571
    ));
#2830 = CARTESIAN_POINT('',(3.067356687898,0.589808917197,2.861008928571
    ));
#2831 = PCURVE('',#1025,#2832);
#2832 = DEFINITIONAL_REPRESENTATION('',(#2833),#2844);
#2833 = B_SPLINE_CURVE_WITH_KNOTS('',5,(#2834,#2835,#2836,#2837,#2838,
    #2839,#2840,#2841,#2842,#2843),.UNSPECIFIED.,.F.,.F.,(6,4,6),(0.,
    0.233556121132,1.),.UNSPECIFIED.);
#2834 = CARTESIAN_POINT('',(-9.222759643874,0.324840758913));
#2835 = CARTESIAN_POINT('',(-9.222759644679,0.337830784032));
#2836 = CARTESIAN_POINT('',(-9.223229992651,0.35075611843));
#2837 = CARTESIAN_POINT('',(-9.224171414217,0.36361499967));
#2838 = CARTESIAN_POINT('',(-9.225584151506,0.376405728677));
#2839 = CARTESIAN_POINT('',(-9.233649925292,0.430872042825));
#2840 = CARTESIAN_POINT('',(-9.244904973452,0.471866294294));
#2841 = CARTESIAN_POINT('',(-9.26122462249,0.512050454376));
#2842 = CARTESIAN_POINT('',(-9.282543386571,0.551377080488));
#2843 = CARTESIAN_POINT('',(-9.308746905021,0.58980891178));
#2844 = ( GEOMETRIC_REPRESENTATION_CONTEXT(2) 
PARAMETRIC_REPRESENTATION_CONTEXT() REPRESENTATION_CONTEXT('2D SPACE',''
  ) );
#2845 = PCURVE('',#2846,#2853);
#2846 = SURFACE_OF_LINEAR_EXTRUSION('',#2847,#2851);
#2847 = B_SPLINE_CURVE_WITH_KNOTS('',2,(#2848,#2849,#2850),
  .UNSPECIFIED.,.F.,.F.,(3,3),(0.,1.),.PIECEWISE_BEZIER_KNOTS.);
#2848 = CARTESIAN_POINT('',(3.067356687898,0.589808917197,2.761008928571
    ));
#2849 = CARTESIAN_POINT('',(3.153343949045,0.463694267516,2.761008928571
    ));
#2850 = CARTESIAN_POINT('',(3.153343949045,0.324840764331,2.761008928571
    ));
#2851 = VECTOR('',#2852,1.);
#2852 = DIRECTION('',(-0.,-0.,-1.));
#2853 = DEFINITIONAL_REPRESENTATION('',(#2854),#2865);
#2854 = B_SPLINE_CURVE_WITH_KNOTS('',5,(#2855,#2856,#2857,#2858,#2859,
    #2860,#2861,#2862,#2863,#2864),.UNSPECIFIED.,.F.,.F.,(6,4,6),(0.,
    0.233556121132,1.),.UNSPECIFIED.);
#2855 = CARTESIAN_POINT('',(1.,-0.1));
#2856 = CARTESIAN_POINT('',(0.95322399169,-0.1));
#2857 = CARTESIAN_POINT('',(0.906430013572,-0.1));
#2858 = CARTESIAN_POINT('',(0.859624024514,-0.1));
#2859 = CARTESIAN_POINT('',(0.812812013575,-0.1));
#2860 = CARTESIAN_POINT('',(0.612380471262,-0.1));
#2861 = CARTESIAN_POINT('',(0.458759334479,-1.E-01));
#2862 = CARTESIAN_POINT('',(0.305353461064,-0.1));
#2863 = CARTESIAN_POINT('',(0.15236862252,-1.E-01));
#2864 = CARTESIAN_POINT('',(0.,-1.E-01));
#2865 = ( GEOMETRIC_REPRESENTATION_CONTEXT(2) 
PARAMETRIC_REPRESENTATION_CONTEXT() REPRESENTATION_CONTEXT('2D SPACE',''
  ) );
#2866 = ORIENTED_EDGE('',*,*,#2867,.F.);
#2867 = EDGE_CURVE('',#2868,#2817,#2870,.T.);
#2868 = VERTEX_POINT('',#2869);
#2869 = CARTESIAN_POINT('',(3.022770700637,1.528662420382E-02,
    2.861008928571));
#2870 = SURFACE_CURVE('',#2871,(#2882,#2896),.PCURVE_S1.);
#2871 = B_SPLINE_CURVE_WITH_KNOTS('',5,(#2872,#2873,#2874,#2875,#2876,
    #2877,#2878,#2879,#2880,#2881),.UNSPECIFIED.,.F.,.F.,(6,4,6),(0.,
    0.482896703383,1.),.UNSPECIFIED.);
#2872 = CARTESIAN_POINT('',(3.022770700637,1.528662420382E-02,
    2.861008928571));
#2873 = CARTESIAN_POINT('',(3.047855963026,3.951532018165E-02,
    2.861008928571));
#2874 = CARTESIAN_POINT('',(3.070034277381,6.516751649609E-02,
    2.861008928571));
#2875 = CARTESIAN_POINT('',(3.089221053269,9.223378722461E-02,
    2.861008928571));
#2876 = CARTESIAN_POINT('',(3.105364005885,0.120687862913,2.861008928571
    ));
#2877 = CARTESIAN_POINT('',(3.132448784212,0.18239623129,2.861008928571)
  );
#2878 = CARTESIAN_POINT('',(3.142941828819,0.215848442836,2.861008928571
    ));
#2879 = CARTESIAN_POINT('',(3.149898531669,0.250789710979,2.861008928571
    ));
#2880 = CARTESIAN_POINT('',(3.153343946362,0.287148935362,2.861008928571
    ));
#2881 = CARTESIAN_POINT('',(3.153343949045,0.324840764331,2.861008928571
    ));
#2882 = PCURVE('',#1025,#2883);
#2883 = DEFINITIONAL_REPRESENTATION('',(#2884),#2895);
#2884 = B_SPLINE_CURVE_WITH_KNOTS('',5,(#2885,#2886,#2887,#2888,#2889,
    #2890,#2891,#2892,#2893,#2894),.UNSPECIFIED.,.F.,.F.,(6,4,6),(0.,
    0.482896703383,1.),.UNSPECIFIED.);
#2885 = CARTESIAN_POINT('',(-9.353332892282,1.528661878611E-02));
#2886 = CARTESIAN_POINT('',(-9.328247629893,3.951531476393E-02));
#2887 = CARTESIAN_POINT('',(-9.306069315538,6.516751107838E-02));
#2888 = CARTESIAN_POINT('',(-9.28688253965,9.223378180689E-02));
#2889 = CARTESIAN_POINT('',(-9.270739587034,0.120687857495));
#2890 = CARTESIAN_POINT('',(-9.243654808707,0.182396225872));
#2891 = CARTESIAN_POINT('',(-9.2331617641,0.215848437418));
#2892 = CARTESIAN_POINT('',(-9.22620506125,0.250789705561));
#2893 = CARTESIAN_POINT('',(-9.222759646557,0.287148929944));
#2894 = CARTESIAN_POINT('',(-9.222759643874,0.324840758913));
#2895 = ( GEOMETRIC_REPRESENTATION_CONTEXT(2) 
PARAMETRIC_REPRESENTATION_CONTEXT() REPRESENTATION_CONTEXT('2D SPACE',''
  ) );
#2896 = PCURVE('',#2897,#2904);
#2897 = SURFACE_OF_LINEAR_EXTRUSION('',#2898,#2902);
#2898 = B_SPLINE_CURVE_WITH_KNOTS('',2,(#2899,#2900,#2901),
  .UNSPECIFIED.,.F.,.F.,(3,3),(0.,1.),.PIECEWISE_BEZIER_KNOTS.);
#2899 = CARTESIAN_POINT('',(3.153343949045,0.324840764331,2.761008928571
    ));
#2900 = CARTESIAN_POINT('',(3.153343949045,0.141401273885,2.761008928571
    ));
#2901 = CARTESIAN_POINT('',(3.022770700637,1.528662420382E-02,
    2.761008928571));
#2902 = VECTOR('',#2903,1.);
#2903 = DIRECTION('',(-0.,-0.,-1.));
#2904 = DEFINITIONAL_REPRESENTATION('',(#2905),#2916);
#2905 = B_SPLINE_CURVE_WITH_KNOTS('',5,(#2906,#2907,#2908,#2909,#2910,
    #2911,#2912,#2913,#2914,#2915),.UNSPECIFIED.,.F.,.F.,(6,4,6),(0.,
    0.482896703383,1.),.UNSPECIFIED.);
#2906 = CARTESIAN_POINT('',(1.,-0.1));
#2907 = CARTESIAN_POINT('',(0.903941790515,-0.1));
#2908 = CARTESIAN_POINT('',(0.8074821428,-0.1));
#2909 = CARTESIAN_POINT('',(0.710747973872,-0.1));
#2910 = CARTESIAN_POINT('',(0.613873452659,-0.1));
#2911 = CARTESIAN_POINT('',(0.413264394903,-0.1));
#2912 = CARTESIAN_POINT('',(0.309527424298,-1.E-01));
#2913 = CARTESIAN_POINT('',(0.205963490826,-0.1));
#2914 = CARTESIAN_POINT('',(0.102736412034,-1.E-01));
#2915 = CARTESIAN_POINT('',(0.,-1.E-01));
#2916 = ( GEOMETRIC_REPRESENTATION_CONTEXT(2) 
PARAMETRIC_REPRESENTATION_CONTEXT() REPRESENTATION_CONTEXT('2D SPACE',''
  ) );
#2917 = ORIENTED_EDGE('',*,*,#2918,.F.);
#2918 = EDGE_CURVE('',#2919,#2868,#2921,.T.);
#2919 = VERTEX_POINT('',#2920);
#2920 = CARTESIAN_POINT('',(2.687101910828,-0.110828025478,
    2.861008928571));
#2921 = SURFACE_CURVE('',#2922,(#2933,#2947),.PCURVE_S1.);
#2922 = B_SPLINE_CURVE_WITH_KNOTS('',5,(#2923,#2924,#2925,#2926,#2927,
    #2928,#2929,#2930,#2931,#2932),.UNSPECIFIED.,.F.,.F.,(6,4,6),(0.,
    0.712098078673,1.),.UNSPECIFIED.);
#2923 = CARTESIAN_POINT('',(2.687101910828,-0.110828025478,
    2.861008928571));
#2924 = CARTESIAN_POINT('',(2.744700726739,-0.110828021936,
    2.861008928571));
#2925 = CARTESIAN_POINT('',(2.799158430998,-0.104611342165,
    2.861008928571));
#2926 = CARTESIAN_POINT('',(2.85018250982,-9.194801850463E-02,
    2.861008928571));
#2927 = CARTESIAN_POINT('',(2.897537447432,-7.273950625385E-02,
    2.861008928571));
#2928 = CARTESIAN_POINT('',(2.958677535429,-3.669800387314E-02,
    2.861008928571));
#2929 = CARTESIAN_POINT('',(2.975656306336,-2.52659562898E-02,
    2.861008928571));
#2930 = CARTESIAN_POINT('',(2.992002055804,-1.278386171216E-02,
    2.861008928571));
#2931 = CARTESIAN_POINT('',(3.007708137167,7.383944541029E-04,
    2.861008928571));
#2932 = CARTESIAN_POINT('',(3.022770700637,1.528662420382E-02,
    2.861008928571));
#2933 = PCURVE('',#1025,#2934);
#2934 = DEFINITIONAL_REPRESENTATION('',(#2935),#2946);
#2935 = B_SPLINE_CURVE_WITH_KNOTS('',5,(#2936,#2937,#2938,#2939,#2940,
    #2941,#2942,#2943,#2944,#2945),.UNSPECIFIED.,.F.,.F.,(6,4,6),(0.,
    0.712098078673,1.),.UNSPECIFIED.);
#2936 = CARTESIAN_POINT('',(-9.689001682091,-0.110828030895));
#2937 = CARTESIAN_POINT('',(-9.63140286618,-0.110828027354));
#2938 = CARTESIAN_POINT('',(-9.576945161921,-0.104611347582));
#2939 = CARTESIAN_POINT('',(-9.525921083099,-9.194802392235E-02));
#2940 = CARTESIAN_POINT('',(-9.478566145487,-7.273951167156E-02));
#2941 = CARTESIAN_POINT('',(-9.41742605749,-3.669800929086E-02));
#2942 = CARTESIAN_POINT('',(-9.400447286583,-2.526596170751E-02));
#2943 = CARTESIAN_POINT('',(-9.384101537115,-1.278386712988E-02));
#2944 = CARTESIAN_POINT('',(-9.368395455752,7.383890363873E-04));
#2945 = CARTESIAN_POINT('',(-9.353332892282,1.528661878611E-02));
#2946 = ( GEOMETRIC_REPRESENTATION_CONTEXT(2) 
PARAMETRIC_REPRESENTATION_CONTEXT() REPRESENTATION_CONTEXT('2D SPACE',''
  ) );
#2947 = PCURVE('',#2948,#2955);
#2948 = SURFACE_OF_LINEAR_EXTRUSION('',#2949,#2953);
#2949 = B_SPLINE_CURVE_WITH_KNOTS('',2,(#2950,#2951,#2952),
  .UNSPECIFIED.,.F.,.F.,(3,3),(0.,1.),.PIECEWISE_BEZIER_KNOTS.);
#2950 = CARTESIAN_POINT('',(3.022770700637,1.528662420382E-02,
    2.761008928571));
#2951 = CARTESIAN_POINT('',(2.892197452229,-0.110828025478,
    2.761008928571));
#2952 = CARTESIAN_POINT('',(2.687101910828,-0.110828025478,
    2.761008928571));
#2953 = VECTOR('',#2954,1.);
#2954 = DIRECTION('',(-0.,-0.,-1.));
#2955 = DEFINITIONAL_REPRESENTATION('',(#2956),#2967);
#2956 = B_SPLINE_CURVE_WITH_KNOTS('',5,(#2957,#2958,#2959,#2960,#2961,
    #2962,#2963,#2964,#2965,#2966),.UNSPECIFIED.,.F.,.F.,(6,4,6),(0.,
    0.712098078673,1.),.UNSPECIFIED.);
#2957 = CARTESIAN_POINT('',(1.,-0.1));
#2958 = CARTESIAN_POINT('',(0.859580521327,-0.1));
#2959 = CARTESIAN_POINT('',(0.717863162542,-0.1));
#2960 = CARTESIAN_POINT('',(0.575229754975,-0.1));
#2961 = CARTESIAN_POINT('',(0.432112499178,-0.1));
#2962 = CARTESIAN_POINT('',(0.231139482308,-0.1));
#2963 = CARTESIAN_POINT('',(0.173278468876,-0.1));
#2964 = CARTESIAN_POINT('',(0.115448024427,-0.1));
#2965 = CARTESIAN_POINT('',(5.767859341195E-02,-1.E-01));
#2966 = CARTESIAN_POINT('',(0.,-1.E-01));
#2967 = ( GEOMETRIC_REPRESENTATION_CONTEXT(2) 
PARAMETRIC_REPRESENTATION_CONTEXT() REPRESENTATION_CONTEXT('2D SPACE',''
  ) );
#2968 = ORIENTED_EDGE('',*,*,#2969,.F.);
#2969 = EDGE_CURVE('',#2970,#2919,#2972,.T.);
#2970 = VERTEX_POINT('',#2971);
#2971 = CARTESIAN_POINT('',(2.349522292994,0.,2.861008928571));
#2972 = SURFACE_CURVE('',#2973,(#2984,#2998),.PCURVE_S1.);
#2973 = B_SPLINE_CURVE_WITH_KNOTS('',5,(#2974,#2975,#2976,#2977,#2978,
    #2979,#2980,#2981,#2982,#2983),.UNSPECIFIED.,.F.,.F.,(6,4,6),(0.,
    0.320316509076,1.),.UNSPECIFIED.);
#2974 = CARTESIAN_POINT('',(2.349522292994,5.102835839809E-18,
    2.861008928571));
#2975 = CARTESIAN_POINT('',(2.36780819382,-1.420422459403E-02,
    2.861008928571));
#2976 = CARTESIAN_POINT('',(2.38665535107,-2.729012943146E-02,
    2.861008928571));
#2977 = CARTESIAN_POINT('',(2.406058537439,-3.924506820656E-02,
    2.861008928571));
#2978 = CARTESIAN_POINT('',(2.426010408852,-5.006045450092E-02,
    2.861008928571));
#2979 = CARTESIAN_POINT('',(2.489981809096,-8.02534261664E-02,
    2.861008928571));
#2980 = CARTESIAN_POINT('',(2.535891017727,-9.562441761745E-02,
    2.861008928571));
#2981 = CARTESIAN_POINT('',(2.584136609002,-0.105800243533,
    2.861008928571));
#2982 = CARTESIAN_POINT('',(2.634591452253,-0.110828022492,
    2.861008928571));
#2983 = CARTESIAN_POINT('',(2.687101910828,-0.110828025478,
    2.861008928571));
#2984 = PCURVE('',#1025,#2985);
#2985 = DEFINITIONAL_REPRESENTATION('',(#2986),#2997);
#2986 = B_SPLINE_CURVE_WITH_KNOTS('',5,(#2987,#2988,#2989,#2990,#2991,
    #2992,#2993,#2994,#2995,#2996),.UNSPECIFIED.,.F.,.F.,(6,4,6),(0.,
    0.320316509076,1.),.UNSPECIFIED.);
#2987 = CARTESIAN_POINT('',(-10.02658129992,-5.417715678857E-09));
#2988 = CARTESIAN_POINT('',(-10.00829539909,-1.420423001174E-02));
#2989 = CARTESIAN_POINT('',(-9.989448241849,-2.729013484917E-02));
#2990 = CARTESIAN_POINT('',(-9.97004505548,-3.924507362427E-02));
#2991 = CARTESIAN_POINT('',(-9.950093184067,-5.006045991863E-02));
#2992 = CARTESIAN_POINT('',(-9.886121783823,-8.025343158411E-02));
#2993 = CARTESIAN_POINT('',(-9.840212575192,-9.562442303517E-02));
#2994 = CARTESIAN_POINT('',(-9.791966983917,-0.105800248951));
#2995 = CARTESIAN_POINT('',(-9.741512140666,-0.11082802791));
#2996 = CARTESIAN_POINT('',(-9.689001682091,-0.110828030895));
#2997 = ( GEOMETRIC_REPRESENTATION_CONTEXT(2) 
PARAMETRIC_REPRESENTATION_CONTEXT() REPRESENTATION_CONTEXT('2D SPACE',''
  ) );
#2998 = PCURVE('',#2999,#3006);
#2999 = SURFACE_OF_LINEAR_EXTRUSION('',#3000,#3004);
#3000 = B_SPLINE_CURVE_WITH_KNOTS('',2,(#3001,#3002,#3003),
  .UNSPECIFIED.,.F.,.F.,(3,3),(0.,1.),.PIECEWISE_BEZIER_KNOTS.);
#3001 = CARTESIAN_POINT('',(2.687101910828,-0.110828025478,
    2.761008928571));
#3002 = CARTESIAN_POINT('',(2.492197452229,-0.110828025478,
    2.761008928571));
#3003 = CARTESIAN_POINT('',(2.349522292994,0.,2.761008928571));
#3004 = VECTOR('',#3005,1.);
#3005 = DIRECTION('',(-0.,-0.,-1.));
#3006 = DEFINITIONAL_REPRESENTATION('',(#3007),#3018);
#3007 = B_SPLINE_CURVE_WITH_KNOTS('',5,(#3008,#3009,#3010,#3011,#3012,
    #3013,#3014,#3015,#3016,#3017),.UNSPECIFIED.,.F.,.F.,(6,4,6),(0.,
    0.320316509076,1.),.UNSPECIFIED.);
#3008 = CARTESIAN_POINT('',(1.,-0.1));
#3009 = CARTESIAN_POINT('',(0.935917715969,-0.1));
#3010 = CARTESIAN_POINT('',(0.871747614114,-0.1));
#3011 = CARTESIAN_POINT('',(0.807518393259,-0.1));
#3012 = CARTESIAN_POINT('',(0.74325927426,-0.1));
#3013 = CARTESIAN_POINT('',(0.542647465504,-0.1));
#3014 = CARTESIAN_POINT('',(0.406290889615,-1.E-01));
#3015 = CARTESIAN_POINT('',(0.270221412744,-0.1));
#3016 = CARTESIAN_POINT('',(0.134708206163,-1.E-01));
#3017 = CARTESIAN_POINT('',(0.,-1.E-01));
#3018 = ( GEOMETRIC_REPRESENTATION_CONTEXT(2) 
PARAMETRIC_REPRESENTATION_CONTEXT() REPRESENTATION_CONTEXT('2D SPACE',''
  ) );
#3019 = ORIENTED_EDGE('',*,*,#3020,.F.);
#3020 = EDGE_CURVE('',#3021,#2970,#3023,.T.);
#3021 = VERTEX_POINT('',#3022);
#3022 = CARTESIAN_POINT('',(2.175,0.368152866242,2.861008928571));
#3023 = SURFACE_CURVE('',#3024,(#3035,#3049),.PCURVE_S1.);
#3024 = B_SPLINE_CURVE_WITH_KNOTS('',5,(#3025,#3026,#3027,#3028,#3029,
    #3030,#3031,#3032,#3033,#3034),.UNSPECIFIED.,.F.,.F.,(6,4,6),(0.,
    0.570780900399,1.),.UNSPECIFIED.);
#3025 = CARTESIAN_POINT('',(2.175,0.368152866242,2.861008928571));
#3026 = CARTESIAN_POINT('',(2.175000003922,0.315767992943,2.861008928571
    ));
#3027 = CARTESIAN_POINT('',(2.180507803641,0.265921966837,2.861008928571
    ));
#3028 = CARTESIAN_POINT('',(2.191757662069,0.21890716446,2.861008928571)
  );
#3029 = CARTESIAN_POINT('',(2.2088533399,0.174967340166,2.861008928571)
  );
#3030 = CARTESIAN_POINT('',(2.248884379968,0.103655802404,2.861008928571
    ));
#3031 = CARTESIAN_POINT('',(2.269321102001,7.487551507375E-02,
    2.861008928571));
#3032 = CARTESIAN_POINT('',(2.292974951184,4.799107710222E-02,
    2.861008928571));
#3033 = CARTESIAN_POINT('',(2.319753671349,2.303266013973E-02,
    2.861008928571));
#3034 = CARTESIAN_POINT('',(2.349522292994,0.,2.861008928571));
#3035 = PCURVE('',#1025,#3036);
#3036 = DEFINITIONAL_REPRESENTATION('',(#3037),#3048);
#3037 = B_SPLINE_CURVE_WITH_KNOTS('',5,(#3038,#3039,#3040,#3041,#3042,
    #3043,#3044,#3045,#3046,#3047),.UNSPECIFIED.,.F.,.F.,(6,4,6),(0.,
    0.570780900399,1.),.UNSPECIFIED.);
#3038 = CARTESIAN_POINT('',(-10.20110359291,0.368152860824));
#3039 = CARTESIAN_POINT('',(-10.20110358899,0.315767987525));
#3040 = CARTESIAN_POINT('',(-10.19559578927,0.26592196142));
#3041 = CARTESIAN_POINT('',(-10.18434593085,0.218907159042));
#3042 = CARTESIAN_POINT('',(-10.16725025301,0.174967334748));
#3043 = CARTESIAN_POINT('',(-10.12721921295,0.103655796986));
#3044 = CARTESIAN_POINT('',(-10.10678249091,7.487550965604E-02));
#3045 = CARTESIAN_POINT('',(-10.08312864173,4.79910716845E-02));
#3046 = CARTESIAN_POINT('',(-10.05634992157,2.303265472201E-02));
#3047 = CARTESIAN_POINT('',(-10.02658129992,-5.41771568396E-09));
#3048 = ( GEOMETRIC_REPRESENTATION_CONTEXT(2) 
PARAMETRIC_REPRESENTATION_CONTEXT() REPRESENTATION_CONTEXT('2D SPACE',''
  ) );
#3049 = PCURVE('',#3050,#3057);
#3050 = SURFACE_OF_LINEAR_EXTRUSION('',#3051,#3055);
#3051 = B_SPLINE_CURVE_WITH_KNOTS('',2,(#3052,#3053,#3054),
  .UNSPECIFIED.,.F.,.F.,(3,3),(0.,1.),.PIECEWISE_BEZIER_KNOTS.);
#3052 = CARTESIAN_POINT('',(2.349522292994,0.,2.761008928571));
#3053 = CARTESIAN_POINT('',(2.175,0.135031847134,2.761008928571));
#3054 = CARTESIAN_POINT('',(2.175,0.368152866242,2.761008928571));
#3055 = VECTOR('',#3056,1.);
#3056 = DIRECTION('',(-0.,-0.,-1.));
#3057 = DEFINITIONAL_REPRESENTATION('',(#3058),#3069);
#3058 = B_SPLINE_CURVE_WITH_KNOTS('',5,(#3059,#3060,#3061,#3062,#3063,
    #3064,#3065,#3066,#3067,#3068),.UNSPECIFIED.,.F.,.F.,(6,4,6),(0.,
    0.570780900399,1.),.UNSPECIFIED.);
#3059 = CARTESIAN_POINT('',(1.,-0.1));
#3060 = CARTESIAN_POINT('',(0.887644461011,-0.1));
#3061 = CARTESIAN_POINT('',(0.774094745571,-0.1));
#3062 = CARTESIAN_POINT('',(0.659695547008,-0.1));
#3063 = CARTESIAN_POINT('',(0.54484459072,-0.1));
#3064 = CARTESIAN_POINT('',(0.343638505093,-0.1));
#3065 = CARTESIAN_POINT('',(0.257274306133,-1.E-01));
#3066 = CARTESIAN_POINT('',(0.171098170449,-0.1));
#3067 = CARTESIAN_POINT('',(8.528602309567E-02,-1.E-01));
#3068 = CARTESIAN_POINT('',(0.,-1.E-01));
#3069 = ( GEOMETRIC_REPRESENTATION_CONTEXT(2) 
PARAMETRIC_REPRESENTATION_CONTEXT() REPRESENTATION_CONTEXT('2D SPACE',''
  ) );
#3070 = ORIENTED_EDGE('',*,*,#3071,.F.);
#3071 = EDGE_CURVE('',#3072,#3021,#3074,.T.);
#3072 = VERTEX_POINT('',#3073);
#3073 = CARTESIAN_POINT('',(2.286464968153,0.68025477707,2.861008928571)
  );
#3074 = SURFACE_CURVE('',#3075,(#3086,#3100),.PCURVE_S1.);
#3075 = B_SPLINE_CURVE_WITH_KNOTS('',5,(#3076,#3077,#3078,#3079,#3080,
    #3081,#3082,#3083,#3084,#3085),.UNSPECIFIED.,.F.,.F.,(6,4,6),(0.,
    0.227008884821,1.),.UNSPECIFIED.);
#3076 = CARTESIAN_POINT('',(2.286464968153,0.68025477707,2.861008928571)
  );
#3077 = CARTESIAN_POINT('',(2.276310364347,0.669229776911,2.861008928571
    ));
#3078 = CARTESIAN_POINT('',(2.266725705054,0.657832404458,2.861008928571
    ));
#3079 = CARTESIAN_POINT('',(2.25771559992,0.646064429949,2.861008928571)
  );
#3080 = CARTESIAN_POINT('',(2.249283427966,0.633928447002,2.861008928571
    ));
#3081 = CARTESIAN_POINT('',(2.214694075253,0.578861992662,2.861008928571
    ));
#3082 = CARTESIAN_POINT('',(2.194681391357,0.532066671533,2.861008928571
    ));
#3083 = CARTESIAN_POINT('',(2.18148294666,0.481181762434,2.861008928571)
  );
#3084 = CARTESIAN_POINT('',(2.1750000034,0.426443577812,2.861008928571)
  );
#3085 = CARTESIAN_POINT('',(2.175,0.368152866242,2.861008928571));
#3086 = PCURVE('',#1025,#3087);
#3087 = DEFINITIONAL_REPRESENTATION('',(#3088),#3099);
#3088 = B_SPLINE_CURVE_WITH_KNOTS('',5,(#3089,#3090,#3091,#3092,#3093,
    #3094,#3095,#3096,#3097,#3098),.UNSPECIFIED.,.F.,.F.,(6,4,6),(0.,
    0.227008884821,1.),.UNSPECIFIED.);
#3089 = CARTESIAN_POINT('',(-10.08963862476,0.680254771652));
#3090 = CARTESIAN_POINT('',(-10.09979322857,0.669229771494));
#3091 = CARTESIAN_POINT('',(-10.10937788786,0.65783239904));
#3092 = CARTESIAN_POINT('',(-10.11838799299,0.646064424532));
#3093 = CARTESIAN_POINT('',(-10.12682016495,0.633928441585));
#3094 = CARTESIAN_POINT('',(-10.16140951766,0.578861987244));
#3095 = CARTESIAN_POINT('',(-10.18142220156,0.532066666115));
#3096 = CARTESIAN_POINT('',(-10.19462064625,0.481181757017));
#3097 = CARTESIAN_POINT('',(-10.20110358951,0.426443572394));
#3098 = CARTESIAN_POINT('',(-10.20110359291,0.368152860824));
#3099 = ( GEOMETRIC_REPRESENTATION_CONTEXT(2) 
PARAMETRIC_REPRESENTATION_CONTEXT() REPRESENTATION_CONTEXT('2D SPACE',''
  ) );
#3100 = PCURVE('',#3101,#3108);
#3101 = SURFACE_OF_LINEAR_EXTRUSION('',#3102,#3106);
#3102 = B_SPLINE_CURVE_WITH_KNOTS('',2,(#3103,#3104,#3105),
  .UNSPECIFIED.,.F.,.F.,(3,3),(0.,1.),.PIECEWISE_BEZIER_KNOTS.);
#3103 = CARTESIAN_POINT('',(2.175,0.368152866242,2.761008928571));
#3104 = CARTESIAN_POINT('',(2.175,0.55923566879,2.761008928571));
#3105 = CARTESIAN_POINT('',(2.286464968153,0.68025477707,2.761008928571)
  );
#3106 = VECTOR('',#3107,1.);
#3107 = DIRECTION('',(-0.,-0.,-1.));
#3108 = DEFINITIONAL_REPRESENTATION('',(#3109),#3120);
#3109 = B_SPLINE_CURVE_WITH_KNOTS('',5,(#3110,#3111,#3112,#3113,#3114,
    #3115,#3116,#3117,#3118,#3119),.UNSPECIFIED.,.F.,.F.,(6,4,6),(0.,
    0.227008884821,1.),.UNSPECIFIED.);
#3110 = CARTESIAN_POINT('',(1.,-0.1));
#3111 = CARTESIAN_POINT('',(0.954449344087,-0.1));
#3112 = CARTESIAN_POINT('',(0.908861737025,-0.1));
#3113 = CARTESIAN_POINT('',(0.863249392713,-0.1));
#3114 = CARTESIAN_POINT('',(0.817624655462,-0.1));
#3115 = CARTESIAN_POINT('',(0.616642850287,-0.1));
#3116 = CARTESIAN_POINT('',(0.461278993248,-1.E-01));
#3117 = CARTESIAN_POINT('',(0.306421848734,-0.1));
#3118 = CARTESIAN_POINT('',(0.152527367533,-1.E-01));
#3119 = CARTESIAN_POINT('',(0.,-1.E-01));
#3120 = ( GEOMETRIC_REPRESENTATION_CONTEXT(2) 
PARAMETRIC_REPRESENTATION_CONTEXT() REPRESENTATION_CONTEXT('2D SPACE',''
  ) );
#3121 = ORIENTED_EDGE('',*,*,#3122,.F.);
#3122 = EDGE_CURVE('',#2269,#3072,#3123,.T.);
#3123 = SURFACE_CURVE('',#3124,(#3135,#3149),.PCURVE_S1.);
#3124 = B_SPLINE_CURVE_WITH_KNOTS('',5,(#3125,#3126,#3127,#3128,#3129,
    #3130,#3131,#3132,#3133,#3134),.UNSPECIFIED.,.F.,.F.,(6,4,6),(0.,
    0.726844968117,1.),.UNSPECIFIED.);
#3125 = CARTESIAN_POINT('',(2.582643312102,0.817834394904,2.861008928571
    ));
#3126 = CARTESIAN_POINT('',(2.529713015634,0.812889346745,2.861008928571
    ));
#3127 = CARTESIAN_POINT('',(2.480116116053,0.802576047305,2.861008928571
    ));
#3128 = CARTESIAN_POINT('',(2.434078337271,0.786749804122,2.861008928571
    ));
#3129 = CARTESIAN_POINT('',(2.391772752438,0.765359580908,2.861008928571
    ));
#3130 = CARTESIAN_POINT('',(2.338842100644,0.728374977854,2.861008928571
    ));
#3131 = CARTESIAN_POINT('',(2.324925017883,0.717496683645,2.861008928571
    ));
#3132 = CARTESIAN_POINT('',(2.3115543365,0.705846304584,2.861008928571)
  );
#3133 = CARTESIAN_POINT('',(2.298733656606,0.693429673491,2.861008928571
    ));
#3134 = CARTESIAN_POINT('',(2.286464968153,0.68025477707,2.861008928571)
  );
#3135 = PCURVE('',#1025,#3136);
#3136 = DEFINITIONAL_REPRESENTATION('',(#3137),#3148);
#3137 = B_SPLINE_CURVE_WITH_KNOTS('',5,(#3138,#3139,#3140,#3141,#3142,
    #3143,#3144,#3145,#3146,#3147),.UNSPECIFIED.,.F.,.F.,(6,4,6),(0.,
    0.726844968117,1.),.UNSPECIFIED.);
#3138 = CARTESIAN_POINT('',(-9.793460280817,0.817834389487));
#3139 = CARTESIAN_POINT('',(-9.846390577285,0.812889341328));
#3140 = CARTESIAN_POINT('',(-9.895987476866,0.802576041887));
#3141 = CARTESIAN_POINT('',(-9.942025255648,0.786749798704));
#3142 = CARTESIAN_POINT('',(-9.984330840481,0.76535957549));
#3143 = CARTESIAN_POINT('',(-10.03726149227,0.728374972436));
#3144 = CARTESIAN_POINT('',(-10.05117857503,0.717496678227));
#3145 = CARTESIAN_POINT('',(-10.06454925641,0.705846299166));
#3146 = CARTESIAN_POINT('',(-10.07736993631,0.693429668073));
#3147 = CARTESIAN_POINT('',(-10.08963862476,0.680254771652));
#3148 = ( GEOMETRIC_REPRESENTATION_CONTEXT(2) 
PARAMETRIC_REPRESENTATION_CONTEXT() REPRESENTATION_CONTEXT('2D SPACE',''
  ) );
#3149 = PCURVE('',#3150,#3157);
#3150 = SURFACE_OF_LINEAR_EXTRUSION('',#3151,#3155);
#3151 = B_SPLINE_CURVE_WITH_KNOTS('',2,(#3152,#3153,#3154),
  .UNSPECIFIED.,.F.,.F.,(3,3),(0.,1.),.PIECEWISE_BEZIER_KNOTS.);
#3152 = CARTESIAN_POINT('',(2.286464968153,0.68025477707,2.761008928571)
  );
#3153 = CARTESIAN_POINT('',(2.398566878981,0.800636942675,2.761008928571
    ));
#3154 = CARTESIAN_POINT('',(2.582643312102,0.817834394904,2.761008928571
    ));
#3155 = VECTOR('',#3156,1.);
#3156 = DIRECTION('',(-0.,-0.,-1.));
#3157 = DEFINITIONAL_REPRESENTATION('',(#3158),#3169);
#3158 = B_SPLINE_CURVE_WITH_KNOTS('',5,(#3159,#3160,#3161,#3162,#3163,
    #3164,#3165,#3166,#3167,#3168),.UNSPECIFIED.,.F.,.F.,(6,4,6),(0.,
    0.726844968117,1.),.UNSPECIFIED.);
#3159 = CARTESIAN_POINT('',(1.,-0.1));
#3160 = CARTESIAN_POINT('',(0.856227389787,-0.1));
#3161 = CARTESIAN_POINT('',(0.711406379806,-0.1));
#3162 = CARTESIAN_POINT('',(0.565855211161,-0.1));
#3163 = CARTESIAN_POINT('',(0.419924453105,-0.1));
#3164 = CARTESIAN_POINT('',(0.219160246836,-0.1));
#3165 = CARTESIAN_POINT('',(0.16432067711,-0.1));
#3166 = CARTESIAN_POINT('',(0.109501121356,-0.1));
#3167 = CARTESIAN_POINT('',(5.47211353263E-02,-1.E-01));
#3168 = CARTESIAN_POINT('',(0.,-1.E-01));
#3169 = ( GEOMETRIC_REPRESENTATION_CONTEXT(2) 
PARAMETRIC_REPRESENTATION_CONTEXT() REPRESENTATION_CONTEXT('2D SPACE',''
  ) );
#3170 = FACE_BOUND('',#3171,.T.);
#3171 = EDGE_LOOP('',(#3172,#3200,#3226,#3271,#3307,#3346,#3388,#3427,
    #3472,#3517,#3562,#3601,#3627,#3678,#3729,#3780,#3831,#3876,#3912,
    #3954,#3996,#4032));
#3172 = ORIENTED_EDGE('',*,*,#3173,.F.);
#3173 = EDGE_CURVE('',#3174,#3176,#3178,.T.);
#3174 = VERTEX_POINT('',#3175);
#3175 = CARTESIAN_POINT('',(2.175,1.014649681529,2.861008928571));
#3176 = VERTEX_POINT('',#3177);
#3177 = CARTESIAN_POINT('',(2.338057324841,1.014649681529,2.861008928571
    ));
#3178 = SURFACE_CURVE('',#3179,(#3183,#3189),.PCURVE_S1.);
#3179 = LINE('',#3180,#3181);
#3180 = CARTESIAN_POINT('',(7.35708045888,1.014649681529,2.861008928571)
  );
#3181 = VECTOR('',#3182,1.);
#3182 = DIRECTION('',(1.,2.22044604925E-16,0.));
#3183 = PCURVE('',#1025,#3184);
#3184 = DEFINITIONAL_REPRESENTATION('',(#3185),#3188);
#3185 = B_SPLINE_CURVE_WITH_KNOTS('',1,(#3186,#3187),.UNSPECIFIED.,.F.,
  .F.,(2,2),(-5.18208045888,-5.019023134039),.PIECEWISE_BEZIER_KNOTS.);
#3186 = CARTESIAN_POINT('',(-10.20110359291,1.014649676111));
#3187 = CARTESIAN_POINT('',(-10.03804626807,1.014649676111));
#3188 = ( GEOMETRIC_REPRESENTATION_CONTEXT(2) 
PARAMETRIC_REPRESENTATION_CONTEXT() REPRESENTATION_CONTEXT('2D SPACE',''
  ) );
#3189 = PCURVE('',#3190,#3195);
#3190 = PLANE('',#3191);
#3191 = AXIS2_PLACEMENT_3D('',#3192,#3193,#3194);
#3192 = CARTESIAN_POINT('',(2.338057324841,1.014649681529,2.761008928571
    ));
#3193 = DIRECTION('',(2.22044604925E-16,-1.,0.));
#3194 = DIRECTION('',(-1.,-2.22044604925E-16,0.));
#3195 = DEFINITIONAL_REPRESENTATION('',(#3196),#3199);
#3196 = B_SPLINE_CURVE_WITH_KNOTS('',1,(#3197,#3198),.UNSPECIFIED.,.F.,
  .F.,(2,2),(-5.18208045888,-5.019023134039),.PIECEWISE_BEZIER_KNOTS.);
#3197 = CARTESIAN_POINT('',(0.163057324841,-0.1));
#3198 = CARTESIAN_POINT('',(0.,-0.1));
#3199 = ( GEOMETRIC_REPRESENTATION_CONTEXT(2) 
PARAMETRIC_REPRESENTATION_CONTEXT() REPRESENTATION_CONTEXT('2D SPACE',''
  ) );
#3200 = ORIENTED_EDGE('',*,*,#3201,.F.);
#3201 = EDGE_CURVE('',#3202,#3174,#3204,.T.);
#3202 = VERTEX_POINT('',#3203);
#3203 = CARTESIAN_POINT('',(2.175,1.94076433121,2.861008928571));
#3204 = SURFACE_CURVE('',#3205,(#3209,#3215),.PCURVE_S1.);
#3205 = LINE('',#3206,#3207);
#3206 = CARTESIAN_POINT('',(2.175,0.507324843473,2.861008928571));
#3207 = VECTOR('',#3208,1.);
#3208 = DIRECTION('',(2.22044604925E-16,-1.,0.));
#3209 = PCURVE('',#1025,#3210);
#3210 = DEFINITIONAL_REPRESENTATION('',(#3211),#3214);
#3211 = B_SPLINE_CURVE_WITH_KNOTS('',1,(#3212,#3213),.UNSPECIFIED.,.F.,
  .F.,(2,2),(-1.433439487737,-0.507324838055),.PIECEWISE_BEZIER_KNOTS.);
#3212 = CARTESIAN_POINT('',(-10.20110359291,1.940764325792));
#3213 = CARTESIAN_POINT('',(-10.20110359291,1.014649676111));
#3214 = ( GEOMETRIC_REPRESENTATION_CONTEXT(2) 
PARAMETRIC_REPRESENTATION_CONTEXT() REPRESENTATION_CONTEXT('2D SPACE',''
  ) );
#3215 = PCURVE('',#3216,#3221);
#3216 = PLANE('',#3217);
#3217 = AXIS2_PLACEMENT_3D('',#3218,#3219,#3220);
#3218 = CARTESIAN_POINT('',(2.175,1.014649681529,2.761008928571));
#3219 = DIRECTION('',(-1.,-2.22044604925E-16,0.));
#3220 = DIRECTION('',(-2.22044604925E-16,1.,0.));
#3221 = DEFINITIONAL_REPRESENTATION('',(#3222),#3225);
#3222 = B_SPLINE_CURVE_WITH_KNOTS('',1,(#3223,#3224),.UNSPECIFIED.,.F.,
  .F.,(2,2),(-1.433439487737,-0.507324838055),.PIECEWISE_BEZIER_KNOTS.);
#3223 = CARTESIAN_POINT('',(0.926114649682,-0.1));
#3224 = CARTESIAN_POINT('',(0.,-0.1));
#3225 = ( GEOMETRIC_REPRESENTATION_CONTEXT(2) 
PARAMETRIC_REPRESENTATION_CONTEXT() REPRESENTATION_CONTEXT('2D SPACE',''
  ) );
#3226 = ORIENTED_EDGE('',*,*,#3227,.F.);
#3227 = EDGE_CURVE('',#3228,#3202,#3230,.T.);
#3228 = VERTEX_POINT('',#3229);
#3229 = CARTESIAN_POINT('',(2.295382165605,1.920382165605,2.861008928571
    ));
#3230 = SURFACE_CURVE('',#3231,(#3240,#3252),.PCURVE_S1.);
#3231 = B_SPLINE_CURVE_WITH_KNOTS('',4,(#3232,#3233,#3234,#3235,#3236,
    #3237,#3238,#3239),.UNSPECIFIED.,.F.,.F.,(5,3,5),(0.,0.461993129153,
    1.),.UNSPECIFIED.);
#3232 = CARTESIAN_POINT('',(2.295382165605,1.920382165605,2.861008928571
    ));
#3233 = CARTESIAN_POINT('',(2.281995282719,1.925530966117,2.861008928571
    ));
#3234 = CARTESIAN_POINT('',(2.268447561183,1.929819914008,2.861008928571
    ));
#3235 = CARTESIAN_POINT('',(2.254740013008,1.933247908929,2.861008928571
    ));
#3236 = CARTESIAN_POINT('',(2.224726154419,1.938803883941,2.861008928571
    ));
#3237 = CARTESIAN_POINT('',(2.208363342231,1.940625165745,2.861008928571
    ));
#3238 = CARTESIAN_POINT('',(2.191787240689,1.941278225686,2.861008928571
    ));
#3239 = CARTESIAN_POINT('',(2.175,1.94076433121,2.861008928571));
#3240 = PCURVE('',#1025,#3241);
#3241 = DEFINITIONAL_REPRESENTATION('',(#3242),#3251);
#3242 = B_SPLINE_CURVE_WITH_KNOTS('',4,(#3243,#3244,#3245,#3246,#3247,
    #3248,#3249,#3250),.UNSPECIFIED.,.F.,.F.,(5,3,5),(0.,0.461993129153,
    1.),.UNSPECIFIED.);
#3243 = CARTESIAN_POINT('',(-10.08072142731,1.920382160187));
#3244 = CARTESIAN_POINT('',(-10.0941083102,1.925530960699));
#3245 = CARTESIAN_POINT('',(-10.10765603173,1.92981990859));
#3246 = CARTESIAN_POINT('',(-10.12136357991,1.933247903511));
#3247 = CARTESIAN_POINT('',(-10.1513774385,1.938803878523));
#3248 = CARTESIAN_POINT('',(-10.16774025068,1.940625160327));
#3249 = CARTESIAN_POINT('',(-10.18431635223,1.941278220268));
#3250 = CARTESIAN_POINT('',(-10.20110359291,1.940764325792));
#3251 = ( GEOMETRIC_REPRESENTATION_CONTEXT(2) 
PARAMETRIC_REPRESENTATION_CONTEXT() REPRESENTATION_CONTEXT('2D SPACE',''
  ) );
#3252 = PCURVE('',#3253,#3260);
#3253 = SURFACE_OF_LINEAR_EXTRUSION('',#3254,#3258);
#3254 = B_SPLINE_CURVE_WITH_KNOTS('',2,(#3255,#3256,#3257),
  .UNSPECIFIED.,.F.,.F.,(3,3),(0.,1.),.PIECEWISE_BEZIER_KNOTS.);
#3255 = CARTESIAN_POINT('',(2.175,1.94076433121,2.761008928571));
#3256 = CARTESIAN_POINT('',(2.237420382166,1.942675159236,2.761008928571
    ));
#3257 = CARTESIAN_POINT('',(2.295382165605,1.920382165605,2.761008928571
    ));
#3258 = VECTOR('',#3259,1.);
#3259 = DIRECTION('',(-0.,-0.,-1.));
#3260 = DEFINITIONAL_REPRESENTATION('',(#3261),#3270);
#3261 = B_SPLINE_CURVE_WITH_KNOTS('',4,(#3262,#3263,#3264,#3265,#3266,
    #3267,#3268,#3269),.UNSPECIFIED.,.F.,.F.,(5,3,5),(0.,0.461993129153,
    1.),.UNSPECIFIED.);
#3262 = CARTESIAN_POINT('',(1.,-0.1));
#3263 = CARTESIAN_POINT('',(0.88451974742,-0.1));
#3264 = CARTESIAN_POINT('',(0.769019800866,-0.1));
#3265 = CARTESIAN_POINT('',(0.653509945578,-0.1));
#3266 = CARTESIAN_POINT('',(0.403484699987,-0.1));
#3267 = CARTESIAN_POINT('',(0.268969271667,-0.1));
#3268 = CARTESIAN_POINT('',(0.134469224848,-1.E-01));
#3269 = CARTESIAN_POINT('',(0.,-1.E-01));
#3270 = ( GEOMETRIC_REPRESENTATION_CONTEXT(2) 
PARAMETRIC_REPRESENTATION_CONTEXT() REPRESENTATION_CONTEXT('2D SPACE',''
  ) );
#3271 = ORIENTED_EDGE('',*,*,#3272,.F.);
#3272 = EDGE_CURVE('',#3273,#3228,#3275,.T.);
#3273 = VERTEX_POINT('',#3274);
#3274 = CARTESIAN_POINT('',(2.483280254777,1.807643312102,2.861008928571
    ));
#3275 = SURFACE_CURVE('',#3276,(#3282,#3291),.PCURVE_S1.);
#3276 = B_SPLINE_CURVE_WITH_KNOTS('',4,(#3277,#3278,#3279,#3280,#3281),
  .UNSPECIFIED.,.F.,.F.,(5,5),(0.,1.),.PIECEWISE_BEZIER_KNOTS.);
#3277 = CARTESIAN_POINT('',(2.483280254777,1.807643312102,2.861008928571
    ));
#3278 = CARTESIAN_POINT('',(2.437313001667,1.846319205565,2.861008928571
    ));
#3279 = CARTESIAN_POINT('',(2.390645485938,1.878094384668,2.861008928571
    ));
#3280 = CARTESIAN_POINT('',(2.343317674827,1.902805810024,2.861008928571
    ));
#3281 = CARTESIAN_POINT('',(2.295382165605,1.920382165605,2.861008928571
    ));
#3282 = PCURVE('',#1025,#3283);
#3283 = DEFINITIONAL_REPRESENTATION('',(#3284),#3290);
#3284 = B_SPLINE_CURVE_WITH_KNOTS('',4,(#3285,#3286,#3287,#3288,#3289),
  .UNSPECIFIED.,.F.,.F.,(5,5),(0.,1.),.PIECEWISE_BEZIER_KNOTS.);
#3285 = CARTESIAN_POINT('',(-9.892823338142,1.807643306684));
#3286 = CARTESIAN_POINT('',(-9.938790591252,1.846319200147));
#3287 = CARTESIAN_POINT('',(-9.985458106981,1.87809437925));
#3288 = CARTESIAN_POINT('',(-10.03278591809,1.902805804606));
#3289 = CARTESIAN_POINT('',(-10.08072142731,1.920382160187));
#3290 = ( GEOMETRIC_REPRESENTATION_CONTEXT(2) 
PARAMETRIC_REPRESENTATION_CONTEXT() REPRESENTATION_CONTEXT('2D SPACE',''
  ) );
#3291 = PCURVE('',#3292,#3299);
#3292 = SURFACE_OF_LINEAR_EXTRUSION('',#3293,#3297);
#3293 = B_SPLINE_CURVE_WITH_KNOTS('',2,(#3294,#3295,#3296),
  .UNSPECIFIED.,.F.,.F.,(3,3),(0.,1.),.PIECEWISE_BEZIER_KNOTS.);
#3294 = CARTESIAN_POINT('',(2.295382165605,1.920382165605,2.761008928571
    ));
#3295 = CARTESIAN_POINT('',(2.390923566879,1.885350318471,2.761008928571
    ));
#3296 = CARTESIAN_POINT('',(2.483280254777,1.807643312102,2.761008928571
    ));
#3297 = VECTOR('',#3298,1.);
#3298 = DIRECTION('',(-0.,-0.,-1.));
#3299 = DEFINITIONAL_REPRESENTATION('',(#3300),#3306);
#3300 = B_SPLINE_CURVE_WITH_KNOTS('',4,(#3301,#3302,#3303,#3304,#3305),
  .UNSPECIFIED.,.F.,.F.,(5,5),(0.,1.),.PIECEWISE_BEZIER_KNOTS.);
#3301 = CARTESIAN_POINT('',(1.,-0.1));
#3302 = CARTESIAN_POINT('',(0.751142802986,-0.1));
#3303 = CARTESIAN_POINT('',(0.501341779476,-0.1));
#3304 = CARTESIAN_POINT('',(0.250862499099,-1.E-01));
#3305 = CARTESIAN_POINT('',(0.,-1.E-01));
#3306 = ( GEOMETRIC_REPRESENTATION_CONTEXT(2) 
PARAMETRIC_REPRESENTATION_CONTEXT() REPRESENTATION_CONTEXT('2D SPACE',''
  ) );
#3307 = ORIENTED_EDGE('',*,*,#3308,.F.);
#3308 = EDGE_CURVE('',#3309,#3273,#3311,.T.);
#3309 = VERTEX_POINT('',#3310);
#3310 = CARTESIAN_POINT('',(2.697929936306,1.582165605096,2.861008928571
    ));
#3311 = SURFACE_CURVE('',#3312,(#3319,#3329),.PCURVE_S1.);
#3312 = B_SPLINE_CURVE_WITH_KNOTS('',5,(#3313,#3314,#3315,#3316,#3317,
    #3318),.UNSPECIFIED.,.F.,.F.,(6,6),(0.,1.),
  .PIECEWISE_BEZIER_KNOTS.);
#3313 = CARTESIAN_POINT('',(2.697929936306,1.582165605096,2.861008928571
    ));
#3314 = CARTESIAN_POINT('',(2.650279841634,1.639794775849,2.861008928571
    ));
#3315 = CARTESIAN_POINT('',(2.604823457484,1.691498816223,2.861008928571
    ));
#3316 = CARTESIAN_POINT('',(2.56172885359,1.736922340393,2.861008928571)
  );
#3317 = CARTESIAN_POINT('',(2.521164635459,1.775727016969,2.861008928571
    ));
#3318 = CARTESIAN_POINT('',(2.483280254777,1.807643312102,2.861008928571
    ));
#3319 = PCURVE('',#1025,#3320);
#3320 = DEFINITIONAL_REPRESENTATION('',(#3321),#3328);
#3321 = B_SPLINE_CURVE_WITH_KNOTS('',5,(#3322,#3323,#3324,#3325,#3326,
    #3327),.UNSPECIFIED.,.F.,.F.,(6,6),(0.,1.),
  .PIECEWISE_BEZIER_KNOTS.);
#3322 = CARTESIAN_POINT('',(-9.678173656613,1.582165599678));
#3323 = CARTESIAN_POINT('',(-9.725823751285,1.639794770432));
#3324 = CARTESIAN_POINT('',(-9.771280135435,1.691498810805));
#3325 = CARTESIAN_POINT('',(-9.814374739329,1.736922334975));
#3326 = CARTESIAN_POINT('',(-9.85493895746,1.775727011552));
#3327 = CARTESIAN_POINT('',(-9.892823338142,1.807643306684));
#3328 = ( GEOMETRIC_REPRESENTATION_CONTEXT(2) 
PARAMETRIC_REPRESENTATION_CONTEXT() REPRESENTATION_CONTEXT('2D SPACE',''
  ) );
#3329 = PCURVE('',#3330,#3337);
#3330 = SURFACE_OF_LINEAR_EXTRUSION('',#3331,#3335);
#3331 = B_SPLINE_CURVE_WITH_KNOTS('',2,(#3332,#3333,#3334),
  .UNSPECIFIED.,.F.,.F.,(3,3),(0.,1.),.PIECEWISE_BEZIER_KNOTS.);
#3332 = CARTESIAN_POINT('',(2.483280254777,1.807643312102,2.761008928571
    ));
#3333 = CARTESIAN_POINT('',(2.57627388535,1.729299363057,2.761008928571)
  );
#3334 = CARTESIAN_POINT('',(2.697929936306,1.582165605096,2.761008928571
    ));
#3335 = VECTOR('',#3336,1.);
#3336 = DIRECTION('',(-0.,-0.,-1.));
#3337 = DEFINITIONAL_REPRESENTATION('',(#3338),#3345);
#3338 = B_SPLINE_CURVE_WITH_KNOTS('',5,(#3339,#3340,#3341,#3342,#3343,
    #3344),.UNSPECIFIED.,.F.,.F.,(6,6),(0.,1.),
  .PIECEWISE_BEZIER_KNOTS.);
#3339 = CARTESIAN_POINT('',(1.,-0.1));
#3340 = CARTESIAN_POINT('',(0.804160601052,-0.1));
#3341 = CARTESIAN_POINT('',(0.606042060838,-1.E-01));
#3342 = CARTESIAN_POINT('',(0.405810014829,-0.1));
#3343 = CARTESIAN_POINT('',(0.2036934104,-1.E-01));
#3344 = CARTESIAN_POINT('',(0.,-1.E-01));
#3345 = ( GEOMETRIC_REPRESENTATION_CONTEXT(2) 
PARAMETRIC_REPRESENTATION_CONTEXT() REPRESENTATION_CONTEXT('2D SPACE',''
  ) );
#3346 = ORIENTED_EDGE('',*,*,#3347,.F.);
#3347 = EDGE_CURVE('',#3348,#3309,#3350,.T.);
#3348 = VERTEX_POINT('',#3349);
#3349 = CARTESIAN_POINT('',(3.000477707006,1.273885350318,2.861008928571
    ));
#3350 = SURFACE_CURVE('',#3351,(#3359,#3370),.PCURVE_S1.);
#3351 = B_SPLINE_CURVE_WITH_KNOTS('',6,(#3352,#3353,#3354,#3355,#3356,
    #3357,#3358),.UNSPECIFIED.,.F.,.F.,(7,7),(0.,1.),
  .PIECEWISE_BEZIER_KNOTS.);
#3352 = CARTESIAN_POINT('',(3.000477707006,1.273885350318,2.861008928571
    ));
#3353 = CARTESIAN_POINT('',(2.961316873092,1.302081153914,2.861008928571
    ));
#3354 = CARTESIAN_POINT('',(2.916899671254,1.340759948895,2.861008928571
    ));
#3355 = CARTESIAN_POINT('',(2.867762324644,1.389124525629,2.861008928571
    ));
#3356 = CARTESIAN_POINT('',(2.814524189429,1.446132726473,2.861008928571
    ));
#3357 = CARTESIAN_POINT('',(2.757755069963,1.510774280583,2.861008928571
    ));
#3358 = CARTESIAN_POINT('',(2.697929936306,1.582165605096,2.861008928571
    ));
#3359 = PCURVE('',#1025,#3360);
#3360 = DEFINITIONAL_REPRESENTATION('',(#3361),#3369);
#3361 = B_SPLINE_CURVE_WITH_KNOTS('',6,(#3362,#3363,#3364,#3365,#3366,
    #3367,#3368),.UNSPECIFIED.,.F.,.F.,(7,7),(0.,1.),
  .PIECEWISE_BEZIER_KNOTS.);
#3362 = CARTESIAN_POINT('',(-9.375625885913,1.273885344901));
#3363 = CARTESIAN_POINT('',(-9.414786719827,1.302081148496));
#3364 = CARTESIAN_POINT('',(-9.459203921665,1.340759943477));
#3365 = CARTESIAN_POINT('',(-9.508341268275,1.389124520211));
#3366 = CARTESIAN_POINT('',(-9.56157940349,1.446132721055));
#3367 = CARTESIAN_POINT('',(-9.618348522956,1.510774275165));
#3368 = CARTESIAN_POINT('',(-9.678173656613,1.582165599678));
#3369 = ( GEOMETRIC_REPRESENTATION_CONTEXT(2) 
PARAMETRIC_REPRESENTATION_CONTEXT() REPRESENTATION_CONTEXT('2D SPACE',''
  ) );
#3370 = PCURVE('',#3371,#3378);
#3371 = SURFACE_OF_LINEAR_EXTRUSION('',#3372,#3376);
#3372 = B_SPLINE_CURVE_WITH_KNOTS('',2,(#3373,#3374,#3375),
  .UNSPECIFIED.,.F.,.F.,(3,3),(0.,1.),.PIECEWISE_BEZIER_KNOTS.);
#3373 = CARTESIAN_POINT('',(2.697929936306,1.582165605096,2.761008928571
    ));
#3374 = CARTESIAN_POINT('',(2.889012738854,1.354140127389,2.761008928571
    ));
#3375 = CARTESIAN_POINT('',(3.000477707006,1.273885350318,2.761008928571
    ));
#3376 = VECTOR('',#3377,1.);
#3377 = DIRECTION('',(-0.,-0.,-1.));
#3378 = DEFINITIONAL_REPRESENTATION('',(#3379),#3387);
#3379 = B_SPLINE_CURVE_WITH_KNOTS('',6,(#3380,#3381,#3382,#3383,#3384,
    #3385,#3386),.UNSPECIFIED.,.F.,.F.,(7,7),(0.,1.),
  .PIECEWISE_BEZIER_KNOTS.);
#3380 = CARTESIAN_POINT('',(1.,-0.1));
#3381 = CARTESIAN_POINT('',(0.824335700419,-0.1));
#3382 = CARTESIAN_POINT('',(0.651542781255,-0.1));
#3383 = CARTESIAN_POINT('',(0.482403164648,-1.E-01));
#3384 = CARTESIAN_POINT('',(0.317340811429,-0.1));
#3385 = CARTESIAN_POINT('',(0.156542439593,-1.E-01));
#3386 = CARTESIAN_POINT('',(0.,-1.E-01));
#3387 = ( GEOMETRIC_REPRESENTATION_CONTEXT(2) 
PARAMETRIC_REPRESENTATION_CONTEXT() REPRESENTATION_CONTEXT('2D SPACE',''
  ) );
#3388 = ORIENTED_EDGE('',*,*,#3389,.F.);
#3389 = EDGE_CURVE('',#3390,#3348,#3392,.T.);
#3390 = VERTEX_POINT('',#3391);
#3391 = CARTESIAN_POINT('',(3.211305732484,1.193630573248,2.861008928571
    ));
#3392 = SURFACE_CURVE('',#3393,(#3400,#3410),.PCURVE_S1.);
#3393 = B_SPLINE_CURVE_WITH_KNOTS('',5,(#3394,#3395,#3396,#3397,#3398,
    #3399),.UNSPECIFIED.,.F.,.F.,(6,6),(0.,1.),
  .PIECEWISE_BEZIER_KNOTS.);
#3394 = CARTESIAN_POINT('',(3.211305732484,1.193630573248,2.861008928571
    ));
#3395 = CARTESIAN_POINT('',(3.171302165447,1.193630576479,2.861008928571
    ));
#3396 = CARTESIAN_POINT('',(3.130118342857,1.20176071129,2.861008928571)
  );
#3397 = CARTESIAN_POINT('',(3.087847846081,1.21798387825,2.861008928571)
  );
#3398 = CARTESIAN_POINT('',(3.044596619302,1.242119736298,2.861008928571
    ));
#3399 = CARTESIAN_POINT('',(3.000477707006,1.273885350318,2.861008928571
    ));
#3400 = PCURVE('',#1025,#3401);
#3401 = DEFINITIONAL_REPRESENTATION('',(#3402),#3409);
#3402 = B_SPLINE_CURVE_WITH_KNOTS('',5,(#3403,#3404,#3405,#3406,#3407,
    #3408),.UNSPECIFIED.,.F.,.F.,(6,6),(0.,1.),
  .PIECEWISE_BEZIER_KNOTS.);
#3403 = CARTESIAN_POINT('',(-9.164797860435,1.193630567831));
#3404 = CARTESIAN_POINT('',(-9.204801427472,1.193630571062));
#3405 = CARTESIAN_POINT('',(-9.245985250062,1.201760705872));
#3406 = CARTESIAN_POINT('',(-9.288255746838,1.217983872832));
#3407 = CARTESIAN_POINT('',(-9.331506973617,1.24211973088));
#3408 = CARTESIAN_POINT('',(-9.375625885913,1.273885344901));
#3409 = ( GEOMETRIC_REPRESENTATION_CONTEXT(2) 
PARAMETRIC_REPRESENTATION_CONTEXT() REPRESENTATION_CONTEXT('2D SPACE',''
  ) );
#3410 = PCURVE('',#3411,#3418);
#3411 = SURFACE_OF_LINEAR_EXTRUSION('',#3412,#3416);
#3412 = B_SPLINE_CURVE_WITH_KNOTS('',2,(#3413,#3414,#3415),
  .UNSPECIFIED.,.F.,.F.,(3,3),(0.,1.),.PIECEWISE_BEZIER_KNOTS.);
#3413 = CARTESIAN_POINT('',(3.000477707006,1.273885350318,2.761008928571
    ));
#3414 = CARTESIAN_POINT('',(3.111942675159,1.193630573248,2.761008928571
    ));
#3415 = CARTESIAN_POINT('',(3.211305732484,1.193630573248,2.761008928571
    ));
#3416 = VECTOR('',#3417,1.);
#3417 = DIRECTION('',(-0.,-0.,-1.));
#3418 = DEFINITIONAL_REPRESENTATION('',(#3419),#3426);
#3419 = B_SPLINE_CURVE_WITH_KNOTS('',5,(#3420,#3421,#3422,#3423,#3424,
    #3425),.UNSPECIFIED.,.F.,.F.,(6,6),(0.,1.),
  .PIECEWISE_BEZIER_KNOTS.);
#3420 = CARTESIAN_POINT('',(1.,-0.1));
#3421 = CARTESIAN_POINT('',(0.798700001655,-0.1));
#3422 = CARTESIAN_POINT('',(0.597630051936,-1.E-01));
#3423 = CARTESIAN_POINT('',(0.397232905984,-0.1));
#3424 = CARTESIAN_POINT('',(0.197904837302,-1.E-01));
#3425 = CARTESIAN_POINT('',(0.,-1.E-01));
#3426 = ( GEOMETRIC_REPRESENTATION_CONTEXT(2) 
PARAMETRIC_REPRESENTATION_CONTEXT() REPRESENTATION_CONTEXT('2D SPACE',''
  ) );
#3427 = ORIENTED_EDGE('',*,*,#3428,.F.);
#3428 = EDGE_CURVE('',#3429,#3390,#3431,.T.);
#3429 = VERTEX_POINT('',#3430);
#3430 = CARTESIAN_POINT('',(3.387101910828,1.266878980892,2.861008928571
    ));
#3431 = SURFACE_CURVE('',#3432,(#3441,#3453),.PCURVE_S1.);
#3432 = B_SPLINE_CURVE_WITH_KNOTS('',4,(#3433,#3434,#3435,#3436,#3437,
    #3438,#3439,#3440),.UNSPECIFIED.,.F.,.F.,(5,3,5),(0.,0.46392774582,
    1.),.UNSPECIFIED.);
#3433 = CARTESIAN_POINT('',(3.387101910828,1.266878980892,2.861008928571
    ));
#3434 = CARTESIAN_POINT('',(3.370581157062,1.249915709419,2.861008928571
    ));
#3435 = CARTESIAN_POINT('',(3.352846758127,1.235541156925,2.861008928571
    ));
#3436 = CARTESIAN_POINT('',(3.333903602837,1.223791310987,2.861008928571
    ));
#3437 = CARTESIAN_POINT('',(3.290505058547,1.204140054302,2.861008928571
    ));
#3438 = CARTESIAN_POINT('',(3.265650458818,1.197121227869,2.861008928571
    ));
#3439 = CARTESIAN_POINT('',(3.239234241842,1.193630575207,2.861008928571
    ));
#3440 = CARTESIAN_POINT('',(3.211305732484,1.193630573248,2.861008928571
    ));
#3441 = PCURVE('',#1025,#3442);
#3442 = DEFINITIONAL_REPRESENTATION('',(#3443),#3452);
#3443 = B_SPLINE_CURVE_WITH_KNOTS('',4,(#3444,#3445,#3446,#3447,#3448,
    #3449,#3450,#3451),.UNSPECIFIED.,.F.,.F.,(5,3,5),(0.,0.46392774582,
    1.),.UNSPECIFIED.);
#3444 = CARTESIAN_POINT('',(-8.989001682091,1.266878975474));
#3445 = CARTESIAN_POINT('',(-9.005522435857,1.249915704002));
#3446 = CARTESIAN_POINT('',(-9.023256834792,1.235541151507));
#3447 = CARTESIAN_POINT('',(-9.042199990082,1.223791305569));
#3448 = CARTESIAN_POINT('',(-9.085598534372,1.204140048884));
#3449 = CARTESIAN_POINT('',(-9.110453134101,1.197121222451));
#3450 = CARTESIAN_POINT('',(-9.136869351077,1.193630569789));
#3451 = CARTESIAN_POINT('',(-9.164797860435,1.193630567831));
#3452 = ( GEOMETRIC_REPRESENTATION_CONTEXT(2) 
PARAMETRIC_REPRESENTATION_CONTEXT() REPRESENTATION_CONTEXT('2D SPACE',''
  ) );
#3453 = PCURVE('',#3454,#3461);
#3454 = SURFACE_OF_LINEAR_EXTRUSION('',#3455,#3459);
#3455 = B_SPLINE_CURVE_WITH_KNOTS('',2,(#3456,#3457,#3458),
  .UNSPECIFIED.,.F.,.F.,(3,3),(0.,1.),.PIECEWISE_BEZIER_KNOTS.);
#3456 = CARTESIAN_POINT('',(3.211305732484,1.193630573248,2.761008928571
    ));
#3457 = CARTESIAN_POINT('',(3.31576433121,1.193630573248,2.761008928571)
  );
#3458 = CARTESIAN_POINT('',(3.387101910828,1.266878980892,2.761008928571
    ));
#3459 = VECTOR('',#3460,1.);
#3460 = DIRECTION('',(-0.,-0.,-1.));
#3461 = DEFINITIONAL_REPRESENTATION('',(#3462),#3471);
#3462 = B_SPLINE_CURVE_WITH_KNOTS('',4,(#3463,#3464,#3465,#3466,#3467,
    #3468,#3469,#3470),.UNSPECIFIED.,.F.,.F.,(5,3,5),(0.,0.46392774582,
    1.),.UNSPECIFIED.);
#3463 = CARTESIAN_POINT('',(1.,-0.1));
#3464 = CARTESIAN_POINT('',(0.884207222283,-0.1));
#3465 = CARTESIAN_POINT('',(0.768208171558,-0.1));
#3466 = CARTESIAN_POINT('',(0.652104138951,-0.1));
#3467 = CARTESIAN_POINT('',(0.401840730485,-0.1));
#3468 = CARTESIAN_POINT('',(0.267680736555,-0.1));
#3469 = CARTESIAN_POINT('',(0.13368219842,-1.E-01));
#3470 = CARTESIAN_POINT('',(0.,-1.E-01));
#3471 = ( GEOMETRIC_REPRESENTATION_CONTEXT(2) 
PARAMETRIC_REPRESENTATION_CONTEXT() REPRESENTATION_CONTEXT('2D SPACE',''
  ) );
#3472 = ORIENTED_EDGE('',*,*,#3473,.F.);
#3473 = EDGE_CURVE('',#3474,#3429,#3476,.T.);
#3474 = VERTEX_POINT('',#3475);
#3475 = CARTESIAN_POINT('',(3.459076433121,1.457324840764,2.861008928571
    ));
#3476 = SURFACE_CURVE('',#3477,(#3486,#3498),.PCURVE_S1.);
#3477 = B_SPLINE_CURVE_WITH_KNOTS('',4,(#3478,#3479,#3480,#3481,#3482,
    #3483,#3484,#3485),.UNSPECIFIED.,.F.,.F.,(5,3,5),(0.,0.738422832005,
    1.),.UNSPECIFIED.);
#3478 = CARTESIAN_POINT('',(3.459076433121,1.457324840764,2.861008928571
    ));
#3479 = CARTESIAN_POINT('',(3.459076430478,1.414060625307,2.861008928571
    ));
#3480 = CARTESIAN_POINT('',(3.452608435954,1.374645959382,2.861008928571
    ));
#3481 = CARTESIAN_POINT('',(3.439525397648,1.339275612116,2.861008928571
    ));
#3482 = CARTESIAN_POINT('',(3.412915364216,1.29696389121,2.861008928571)
  );
#3483 = CARTESIAN_POINT('',(3.405130830764,1.286413833475,2.861008928571
    ));
#3484 = CARTESIAN_POINT('',(3.396524567833,1.276385025784,2.861008928571
    ));
#3485 = CARTESIAN_POINT('',(3.387101910828,1.266878980892,2.861008928571
    ));
#3486 = PCURVE('',#1025,#3487);
#3487 = DEFINITIONAL_REPRESENTATION('',(#3488),#3497);
#3488 = B_SPLINE_CURVE_WITH_KNOTS('',4,(#3489,#3490,#3491,#3492,#3493,
    #3494,#3495,#3496),.UNSPECIFIED.,.F.,.F.,(5,3,5),(0.,0.738422832005,
    1.),.UNSPECIFIED.);
#3489 = CARTESIAN_POINT('',(-8.917027159798,1.457324835347));
#3490 = CARTESIAN_POINT('',(-8.917027162441,1.41406061989));
#3491 = CARTESIAN_POINT('',(-8.923495156965,1.374645953964));
#3492 = CARTESIAN_POINT('',(-8.936578195271,1.339275606698));
#3493 = CARTESIAN_POINT('',(-8.963188228703,1.296963885792));
#3494 = CARTESIAN_POINT('',(-8.970972762155,1.286413828058));
#3495 = CARTESIAN_POINT('',(-8.979579025086,1.276385020367));
#3496 = CARTESIAN_POINT('',(-8.989001682091,1.266878975474));
#3497 = ( GEOMETRIC_REPRESENTATION_CONTEXT(2) 
PARAMETRIC_REPRESENTATION_CONTEXT() REPRESENTATION_CONTEXT('2D SPACE',''
  ) );
#3498 = PCURVE('',#3499,#3506);
#3499 = SURFACE_OF_LINEAR_EXTRUSION('',#3500,#3504);
#3500 = B_SPLINE_CURVE_WITH_KNOTS('',2,(#3501,#3502,#3503),
  .UNSPECIFIED.,.F.,.F.,(3,3),(0.,1.),.PIECEWISE_BEZIER_KNOTS.);
#3501 = CARTESIAN_POINT('',(3.387101910828,1.266878980892,2.761008928571
    ));
#3502 = CARTESIAN_POINT('',(3.459076433121,1.33949044586,2.761008928571)
  );
#3503 = CARTESIAN_POINT('',(3.459076433121,1.457324840764,2.761008928571
    ));
#3504 = VECTOR('',#3505,1.);
#3505 = DIRECTION('',(-0.,-0.,-1.));
#3506 = DEFINITIONAL_REPRESENTATION('',(#3507),#3516);
#3507 = B_SPLINE_CURVE_WITH_KNOTS('',4,(#3508,#3509,#3510,#3511,#3512,
    #3513,#3514,#3515),.UNSPECIFIED.,.F.,.F.,(5,3,5),(0.,0.738422832005,
    1.),.UNSPECIFIED.);
#3508 = CARTESIAN_POINT('',(1.,-0.1));
#3509 = CARTESIAN_POINT('',(0.816419403042,-0.1));
#3510 = CARTESIAN_POINT('',(0.63192901243,-0.1));
#3511 = CARTESIAN_POINT('',(0.44696322462,-0.1));
#3512 = CARTESIAN_POINT('',(0.196479062155,-0.1));
#3513 = CARTESIAN_POINT('',(0.130958189479,-0.1));
#3514 = CARTESIAN_POINT('',(6.545828750795E-02,-1.E-01));
#3515 = CARTESIAN_POINT('',(0.,-1.E-01));
#3516 = ( GEOMETRIC_REPRESENTATION_CONTEXT(2) 
PARAMETRIC_REPRESENTATION_CONTEXT() REPRESENTATION_CONTEXT('2D SPACE',''
  ) );
#3517 = ORIENTED_EDGE('',*,*,#3518,.F.);
#3518 = EDGE_CURVE('',#3519,#3474,#3521,.T.);
#3519 = VERTEX_POINT('',#3520);
#3520 = CARTESIAN_POINT('',(3.377547770701,1.656050955414,2.861008928571
    ));
#3521 = SURFACE_CURVE('',#3522,(#3531,#3543),.PCURVE_S1.);
#3522 = B_SPLINE_CURVE_WITH_KNOTS('',4,(#3523,#3524,#3525,#3526,#3527,
    #3528,#3529,#3530),.UNSPECIFIED.,.F.,.F.,(5,3,5),(0.,0.323550591068,
    1.),.UNSPECIFIED.);
#3523 = CARTESIAN_POINT('',(3.377547770701,1.656050955414,2.861008928571
    ));
#3524 = CARTESIAN_POINT('',(3.390739404406,1.643992975721,2.861008928571
    ));
#3525 = CARTESIAN_POINT('',(3.402524067708,1.631053264246,2.861008928571
    ));
#3526 = CARTESIAN_POINT('',(3.412886026484,1.61723431204,2.861008928571)
  );
#3527 = CARTESIAN_POINT('',(3.44049767315,1.571834393002,2.861008928571)
  );
#3528 = CARTESIAN_POINT('',(3.452932646461,1.537319196675,2.861008928571
    ));
#3529 = CARTESIAN_POINT('',(3.45907643038,1.499084851389,2.861008928571)
  );
#3530 = CARTESIAN_POINT('',(3.459076433121,1.457324840764,2.861008928571
    ));
#3531 = PCURVE('',#1025,#3532);
#3532 = DEFINITIONAL_REPRESENTATION('',(#3533),#3542);
#3533 = B_SPLINE_CURVE_WITH_KNOTS('',4,(#3534,#3535,#3536,#3537,#3538,
    #3539,#3540,#3541),.UNSPECIFIED.,.F.,.F.,(5,3,5),(0.,0.323550591068,
    1.),.UNSPECIFIED.);
#3534 = CARTESIAN_POINT('',(-8.998555822218,1.656050949996));
#3535 = CARTESIAN_POINT('',(-8.985364188513,1.643992970303));
#3536 = CARTESIAN_POINT('',(-8.973579525211,1.631053258828));
#3537 = CARTESIAN_POINT('',(-8.963217566435,1.617234306623));
#3538 = CARTESIAN_POINT('',(-8.935605919769,1.571834387585));
#3539 = CARTESIAN_POINT('',(-8.923170946458,1.537319191257));
#3540 = CARTESIAN_POINT('',(-8.917027162539,1.499084845971));
#3541 = CARTESIAN_POINT('',(-8.917027159798,1.457324835347));
#3542 = ( GEOMETRIC_REPRESENTATION_CONTEXT(2) 
PARAMETRIC_REPRESENTATION_CONTEXT() REPRESENTATION_CONTEXT('2D SPACE',''
  ) );
#3543 = PCURVE('',#3544,#3551);
#3544 = SURFACE_OF_LINEAR_EXTRUSION('',#3545,#3549);
#3545 = B_SPLINE_CURVE_WITH_KNOTS('',2,(#3546,#3547,#3548),
  .UNSPECIFIED.,.F.,.F.,(3,3),(0.,1.),.PIECEWISE_BEZIER_KNOTS.);
#3546 = CARTESIAN_POINT('',(3.459076433121,1.457324840764,2.761008928571
    ));
#3547 = CARTESIAN_POINT('',(3.459076433121,1.58152866242,2.761008928571)
  );
#3548 = CARTESIAN_POINT('',(3.377547770701,1.656050955414,2.761008928571
    ));
#3549 = VECTOR('',#3550,1.);
#3550 = DIRECTION('',(-0.,-0.,-1.));
#3551 = DEFINITIONAL_REPRESENTATION('',(#3552),#3561);
#3552 = B_SPLINE_CURVE_WITH_KNOTS('',4,(#3553,#3554,#3555,#3556,#3557,
    #3558,#3559,#3560),.UNSPECIFIED.,.F.,.F.,(5,3,5),(0.,0.323550591068,
    1.),.UNSPECIFIED.);
#3553 = CARTESIAN_POINT('',(1.,-0.1));
#3554 = CARTESIAN_POINT('',(0.919098175827,-0.1));
#3555 = CARTESIAN_POINT('',(0.838098290293,-0.1));
#3556 = CARTESIAN_POINT('',(0.75704896924,-0.1));
#3557 = CARTESIAN_POINT('',(0.506550371872,-0.1));
#3558 = CARTESIAN_POINT('',(0.337100037623,-0.1));
#3559 = CARTESIAN_POINT('',(0.168110818725,-1.E-01));
#3560 = CARTESIAN_POINT('',(0.,-1.E-01));
#3561 = ( GEOMETRIC_REPRESENTATION_CONTEXT(2) 
PARAMETRIC_REPRESENTATION_CONTEXT() REPRESENTATION_CONTEXT('2D SPACE',''
  ) );
#3562 = ORIENTED_EDGE('',*,*,#3563,.F.);
#3563 = EDGE_CURVE('',#3564,#3519,#3566,.T.);
#3564 = VERTEX_POINT('',#3565);
#3565 = CARTESIAN_POINT('',(3.153343949045,1.731210191083,2.861008928571
    ));
#3566 = SURFACE_CURVE('',#3567,(#3574,#3584),.PCURVE_S1.);
#3567 = B_SPLINE_CURVE_WITH_KNOTS('',5,(#3568,#3569,#3570,#3571,#3572,
    #3573),.UNSPECIFIED.,.F.,.F.,(6,6),(0.,1.),
  .PIECEWISE_BEZIER_KNOTS.);
#3568 = CARTESIAN_POINT('',(3.153343949045,1.731210191083,2.861008928571
    ));
#3569 = CARTESIAN_POINT('',(3.210051740043,1.730958153522,2.861008928571
    ));
#3570 = CARTESIAN_POINT('',(3.261115404643,1.72347375822,2.861008928571)
  );
#3571 = CARTESIAN_POINT('',(3.306187152748,1.708520722517,2.861008928571
    ));
#3572 = CARTESIAN_POINT('',(3.345027863612,1.686010234615,2.861008928571
    ));
#3573 = CARTESIAN_POINT('',(3.377547770701,1.656050955414,2.861008928571
    ));
#3574 = PCURVE('',#1025,#3575);
#3575 = DEFINITIONAL_REPRESENTATION('',(#3576),#3583);
#3576 = B_SPLINE_CURVE_WITH_KNOTS('',5,(#3577,#3578,#3579,#3580,#3581,
    #3582),.UNSPECIFIED.,.F.,.F.,(6,6),(0.,1.),
  .PIECEWISE_BEZIER_KNOTS.);
#3577 = CARTESIAN_POINT('',(-9.222759643874,1.731210185665));
#3578 = CARTESIAN_POINT('',(-9.166051852876,1.730958148104));
#3579 = CARTESIAN_POINT('',(-9.114988188276,1.723473752802));
#3580 = CARTESIAN_POINT('',(-9.069916440171,1.708520717099));
#3581 = CARTESIAN_POINT('',(-9.031075729307,1.686010229197));
#3582 = CARTESIAN_POINT('',(-8.998555822218,1.656050949996));
#3583 = ( GEOMETRIC_REPRESENTATION_CONTEXT(2) 
PARAMETRIC_REPRESENTATION_CONTEXT() REPRESENTATION_CONTEXT('2D SPACE',''
  ) );
#3584 = PCURVE('',#3585,#3592);
#3585 = SURFACE_OF_LINEAR_EXTRUSION('',#3586,#3590);
#3586 = B_SPLINE_CURVE_WITH_KNOTS('',2,(#3587,#3588,#3589),
  .UNSPECIFIED.,.F.,.F.,(3,3),(0.,1.),.PIECEWISE_BEZIER_KNOTS.);
#3587 = CARTESIAN_POINT('',(3.377547770701,1.656050955414,2.761008928571
    ));
#3588 = CARTESIAN_POINT('',(3.296656050955,1.730573248408,2.761008928571
    ));
#3589 = CARTESIAN_POINT('',(3.153343949045,1.731210191083,2.761008928571
    ));
#3590 = VECTOR('',#3591,1.);
#3591 = DIRECTION('',(-0.,-0.,-1.));
#3592 = DEFINITIONAL_REPRESENTATION('',(#3593),#3600);
#3593 = B_SPLINE_CURVE_WITH_KNOTS('',5,(#3594,#3595,#3596,#3597,#3598,
    #3599),.UNSPECIFIED.,.F.,.F.,(6,6),(0.,1.),
  .PIECEWISE_BEZIER_KNOTS.);
#3594 = CARTESIAN_POINT('',(1.,-0.1));
#3595 = CARTESIAN_POINT('',(0.802152809456,-0.1));
#3596 = CARTESIAN_POINT('',(0.602685986452,-1.E-01));
#3597 = CARTESIAN_POINT('',(0.402114552789,-0.1));
#3598 = CARTESIAN_POINT('',(0.201008859014,-1.E-01));
#3599 = CARTESIAN_POINT('',(0.,-1.E-01));
#3600 = ( GEOMETRIC_REPRESENTATION_CONTEXT(2) 
PARAMETRIC_REPRESENTATION_CONTEXT() REPRESENTATION_CONTEXT('2D SPACE',''
  ) );
#3601 = ORIENTED_EDGE('',*,*,#3602,.F.);
#3602 = EDGE_CURVE('',#3603,#3564,#3605,.T.);
#3603 = VERTEX_POINT('',#3604);
#3604 = CARTESIAN_POINT('',(3.172452229299,1.908280254777,2.861008928571
    ));
#3605 = SURFACE_CURVE('',#3606,(#3610,#3616),.PCURVE_S1.);
#3606 = LINE('',#3607,#3608);
#3607 = CARTESIAN_POINT('',(3.114091613087,1.367471877879,2.861008928571
    ));
#3608 = VECTOR('',#3609,1.);
#3609 = DIRECTION('',(-0.107290757576,-0.99422768687,0.));
#3610 = PCURVE('',#1025,#3611);
#3611 = DEFINITIONAL_REPRESENTATION('',(#3612),#3615);
#3612 = B_SPLINE_CURVE_WITH_KNOTS('',1,(#3613,#3614),.UNSPECIFIED.,.F.,
  .F.,(2,2),(-0.543948216329,-0.365850114624),.PIECEWISE_BEZIER_KNOTS.);
#3613 = CARTESIAN_POINT('',(-9.20365136362,1.908280249359));
#3614 = CARTESIAN_POINT('',(-9.222759643874,1.731210185665));
#3615 = ( GEOMETRIC_REPRESENTATION_CONTEXT(2) 
PARAMETRIC_REPRESENTATION_CONTEXT() REPRESENTATION_CONTEXT('2D SPACE',''
  ) );
#3616 = PCURVE('',#3617,#3622);
#3617 = PLANE('',#3618);
#3618 = AXIS2_PLACEMENT_3D('',#3619,#3620,#3621);
#3619 = CARTESIAN_POINT('',(3.153343949045,1.731210191083,2.761008928571
    ));
#3620 = DIRECTION('',(-0.99422768687,0.107290757576,0.));
#3621 = DIRECTION('',(0.107290757576,0.99422768687,0.));
#3622 = DEFINITIONAL_REPRESENTATION('',(#3623),#3626);
#3623 = B_SPLINE_CURVE_WITH_KNOTS('',1,(#3624,#3625),.UNSPECIFIED.,.F.,
  .F.,(2,2),(-0.543948216329,-0.365850114624),.PIECEWISE_BEZIER_KNOTS.);
#3624 = CARTESIAN_POINT('',(0.178098101705,-0.1));
#3625 = CARTESIAN_POINT('',(0.,-0.1));
#3626 = ( GEOMETRIC_REPRESENTATION_CONTEXT(2) 
PARAMETRIC_REPRESENTATION_CONTEXT() REPRESENTATION_CONTEXT('2D SPACE',''
  ) );
#3627 = ORIENTED_EDGE('',*,*,#3628,.F.);
#3628 = EDGE_CURVE('',#3629,#3603,#3631,.T.);
#3629 = VERTEX_POINT('',#3630);
#3630 = CARTESIAN_POINT('',(3.491560509554,1.771337579618,2.861008928571
    ));
#3631 = SURFACE_CURVE('',#3632,(#3643,#3657),.PCURVE_S1.);
#3632 = B_SPLINE_CURVE_WITH_KNOTS('',5,(#3633,#3634,#3635,#3636,#3637,
    #3638,#3639,#3640,#3641,#3642),.UNSPECIFIED.,.F.,.F.,(6,4,6),(0.,
    4.453749796914E-02,1.),.UNSPECIFIED.);
#3633 = CARTESIAN_POINT('',(3.491560509554,1.771337579618,2.861008928571
    ));
#3634 = CARTESIAN_POINT('',(3.489588629965,1.77346996066,2.861008928571)
  );
#3635 = CARTESIAN_POINT('',(3.487596431054,1.775582171527,2.861008928571
    ));
#3636 = CARTESIAN_POINT('',(3.485583933476,1.777674182728,2.861008928571
    ));
#3637 = CARTESIAN_POINT('',(3.483551160286,1.779745967138,2.861008928571
    ));
#3638 = CARTESIAN_POINT('',(3.437454647537,1.825809014125,2.861008928571
    ));
#3639 = CARTESIAN_POINT('',(3.384085636571,1.86050579902,2.861008928571)
  );
#3640 = CARTESIAN_POINT('',(3.321653351337,1.885616637554,2.861008928571
    ));
#3641 = CARTESIAN_POINT('',(3.250822469734,1.901372235593,2.861008928571
    ));
#3642 = CARTESIAN_POINT('',(3.172452229299,1.908280254777,2.861008928571
    ));
#3643 = PCURVE('',#1025,#3644);
#3644 = DEFINITIONAL_REPRESENTATION('',(#3645),#3656);
#3645 = B_SPLINE_CURVE_WITH_KNOTS('',5,(#3646,#3647,#3648,#3649,#3650,
    #3651,#3652,#3653,#3654,#3655),.UNSPECIFIED.,.F.,.F.,(6,4,6),(0.,
    4.453749796914E-02,1.),.UNSPECIFIED.);
#3646 = CARTESIAN_POINT('',(-8.884543083365,1.7713375742));
#3647 = CARTESIAN_POINT('',(-8.886514962954,1.773469955242));
#3648 = CARTESIAN_POINT('',(-8.888507161865,1.775582166109));
#3649 = CARTESIAN_POINT('',(-8.890519659443,1.777674177311));
#3650 = CARTESIAN_POINT('',(-8.892552432633,1.779745961721));
#3651 = CARTESIAN_POINT('',(-8.938648945382,1.825809008707));
#3652 = CARTESIAN_POINT('',(-8.992017956348,1.860505793602));
#3653 = CARTESIAN_POINT('',(-9.054450241582,1.885616632136));
#3654 = CARTESIAN_POINT('',(-9.125281123185,1.901372230176));
#3655 = CARTESIAN_POINT('',(-9.20365136362,1.908280249359));
#3656 = ( GEOMETRIC_REPRESENTATION_CONTEXT(2) 
PARAMETRIC_REPRESENTATION_CONTEXT() REPRESENTATION_CONTEXT('2D SPACE',''
  ) );
#3657 = PCURVE('',#3658,#3665);
#3658 = SURFACE_OF_LINEAR_EXTRUSION('',#3659,#3663);
#3659 = B_SPLINE_CURVE_WITH_KNOTS('',2,(#3660,#3661,#3662),
  .UNSPECIFIED.,.F.,.F.,(3,3),(0.,1.),.PIECEWISE_BEZIER_KNOTS.);
#3660 = CARTESIAN_POINT('',(3.172452229299,1.908280254777,2.761008928571
    ));
#3661 = CARTESIAN_POINT('',(3.382006369427,1.889808917197,2.761008928571
    ));
#3662 = CARTESIAN_POINT('',(3.491560509554,1.771337579618,2.761008928571
    ));
#3663 = VECTOR('',#3664,1.);
#3664 = DIRECTION('',(-0.,-0.,-1.));
#3665 = DEFINITIONAL_REPRESENTATION('',(#3666),#3677);
#3666 = B_SPLINE_CURVE_WITH_KNOTS('',5,(#3667,#3668,#3669,#3670,#3671,
    #3672,#3673,#3674,#3675,#3676),.UNSPECIFIED.,.F.,.F.,(6,4,6),(0.,
    4.453749796914E-02,1.),.UNSPECIFIED.);
#3667 = CARTESIAN_POINT('',(1.,-0.1));
#3668 = CARTESIAN_POINT('',(0.991000434091,-0.1));
#3669 = CARTESIAN_POINT('',(0.982000541142,-0.1));
#3670 = CARTESIAN_POINT('',(0.973000431108,-0.1));
#3671 = CARTESIAN_POINT('',(0.964000214024,-0.1));
#3672 = CARTESIAN_POINT('',(0.761918497846,-0.1));
#3673 = CARTESIAN_POINT('',(0.568813330943,-1.E-01));
#3674 = CARTESIAN_POINT('',(0.376854246702,-0.1));
#3675 = CARTESIAN_POINT('',(0.186992831846,-1.E-01));
#3676 = CARTESIAN_POINT('',(0.,-1.E-01));
#3677 = ( GEOMETRIC_REPRESENTATION_CONTEXT(2) 
PARAMETRIC_REPRESENTATION_CONTEXT() REPRESENTATION_CONTEXT('2D SPACE',''
  ) );
#3678 = ORIENTED_EDGE('',*,*,#3679,.F.);
#3679 = EDGE_CURVE('',#3680,#3629,#3682,.T.);
#3680 = VERTEX_POINT('',#3681);
#3681 = CARTESIAN_POINT('',(3.601751592357,1.453503184713,2.861008928571
    ));
#3682 = SURFACE_CURVE('',#3683,(#3694,#3708),.PCURVE_S1.);
#3683 = B_SPLINE_CURVE_WITH_KNOTS('',5,(#3684,#3685,#3686,#3687,#3688,
    #3689,#3690,#3691,#3692,#3693),.UNSPECIFIED.,.F.,.F.,(6,4,6),(0.,
    0.864946040615,1.),.UNSPECIFIED.);
#3684 = CARTESIAN_POINT('',(3.601751592357,1.453503184713,2.861008928571
    ));
#3685 = CARTESIAN_POINT('',(3.60175158861,1.521286763083,2.861008928571)
  );
#3686 = CARTESIAN_POINT('',(3.593790270219,1.584034196233,2.861008928571
    ));
#3687 = CARTESIAN_POINT('',(3.57748781278,1.641237179359,2.861008928571)
  );
#3688 = CARTESIAN_POINT('',(3.552671100056,1.692499078448,2.861008928571
    ));
#3689 = CARTESIAN_POINT('',(3.514314128997,1.744662013453,2.861008928571
    ));
#3690 = CARTESIAN_POINT('',(3.508929982993,1.751557128741,2.861008928571
    ));
#3691 = CARTESIAN_POINT('',(3.503342494952,1.758301811956,2.861008928571
    ));
#3692 = CARTESIAN_POINT('',(3.497552376865,1.764895455298,2.861008928571
    ));
#3693 = CARTESIAN_POINT('',(3.491560509554,1.771337579618,2.861008928571
    ));
#3694 = PCURVE('',#1025,#3695);
#3695 = DEFINITIONAL_REPRESENTATION('',(#3696),#3707);
#3696 = B_SPLINE_CURVE_WITH_KNOTS('',5,(#3697,#3698,#3699,#3700,#3701,
    #3702,#3703,#3704,#3705,#3706),.UNSPECIFIED.,.F.,.F.,(6,4,6),(0.,
    0.864946040615,1.),.UNSPECIFIED.);
#3697 = CARTESIAN_POINT('',(-8.774352000562,1.453503179296));
#3698 = CARTESIAN_POINT('',(-8.774352004309,1.521286757666));
#3699 = CARTESIAN_POINT('',(-8.7823133227,1.584034190815));
#3700 = CARTESIAN_POINT('',(-8.798615780139,1.641237173941));
#3701 = CARTESIAN_POINT('',(-8.823432492863,1.69249907303));
#3702 = CARTESIAN_POINT('',(-8.861789463922,1.744662008036));
#3703 = CARTESIAN_POINT('',(-8.867173609926,1.751557123323));
#3704 = CARTESIAN_POINT('',(-8.872761097967,1.758301806539));
#3705 = CARTESIAN_POINT('',(-8.878551216054,1.76489544988));
#3706 = CARTESIAN_POINT('',(-8.884543083365,1.7713375742));
#3707 = ( GEOMETRIC_REPRESENTATION_CONTEXT(2) 
PARAMETRIC_REPRESENTATION_CONTEXT() REPRESENTATION_CONTEXT('2D SPACE',''
  ) );
#3708 = PCURVE('',#3709,#3716);
#3709 = SURFACE_OF_LINEAR_EXTRUSION('',#3710,#3714);
#3710 = B_SPLINE_CURVE_WITH_KNOTS('',2,(#3711,#3712,#3713),
  .UNSPECIFIED.,.F.,.F.,(3,3),(0.,1.),.PIECEWISE_BEZIER_KNOTS.);
#3711 = CARTESIAN_POINT('',(3.491560509554,1.771337579618,2.761008928571
    ));
#3712 = CARTESIAN_POINT('',(3.601751592357,1.652866242038,2.761008928571
    ));
#3713 = CARTESIAN_POINT('',(3.601751592357,1.453503184713,2.761008928571
    ));
#3714 = VECTOR('',#3715,1.);
#3715 = DIRECTION('',(-0.,-0.,-1.));
#3716 = DEFINITIONAL_REPRESENTATION('',(#3717),#3728);
#3717 = B_SPLINE_CURVE_WITH_KNOTS('',5,(#3718,#3719,#3720,#3721,#3722,
    #3723,#3724,#3725,#3726,#3727),.UNSPECIFIED.,.F.,.F.,(6,4,6),(0.,
    0.864946040615,1.),.UNSPECIFIED.);
#3718 = CARTESIAN_POINT('',(1.,-0.1));
#3719 = CARTESIAN_POINT('',(0.829999644794,-0.1));
#3720 = CARTESIAN_POINT('',(0.65797211343,-0.1));
#3721 = CARTESIAN_POINT('',(0.484492924197,-0.1));
#3722 = CARTESIAN_POINT('',(0.310238101747,-0.1));
#3723 = CARTESIAN_POINT('',(0.108794204018,-0.1));
#3724 = CARTESIAN_POINT('',(8.158846489942E-02,-0.1));
#3725 = CARTESIAN_POINT('',(5.438562968047E-02,-0.1));
#3726 = CARTESIAN_POINT('',(2.718853357976E-02,-1.E-01));
#3727 = CARTESIAN_POINT('',(0.,-1.E-01));
#3728 = ( GEOMETRIC_REPRESENTATION_CONTEXT(2) 
PARAMETRIC_REPRESENTATION_CONTEXT() REPRESENTATION_CONTEXT('2D SPACE',''
  ) );
#3729 = ORIENTED_EDGE('',*,*,#3730,.F.);
#3730 = EDGE_CURVE('',#3731,#3680,#3733,.T.);
#3731 = VERTEX_POINT('',#3732);
#3732 = CARTESIAN_POINT('',(3.488375796178,1.134394904459,2.861008928571
    ));
#3733 = SURFACE_CURVE('',#3734,(#3745,#3759),.PCURVE_S1.);
#3734 = B_SPLINE_CURVE_WITH_KNOTS('',5,(#3735,#3736,#3737,#3738,#3739,
    #3740,#3741,#3742,#3743,#3744),.UNSPECIFIED.,.F.,.F.,(6,4,6),(0.,
    0.145944307499,1.),.UNSPECIFIED.);
#3735 = CARTESIAN_POINT('',(3.488375796178,1.134394904459,2.861008928571
    ));
#3736 = CARTESIAN_POINT('',(3.495038846575,1.141282553246,2.861008928571
    ));
#3737 = CARTESIAN_POINT('',(3.501459747612,1.148355745664,2.861008928571
    ));
#3738 = CARTESIAN_POINT('',(3.507637251704,1.155613874298,2.861008928571
    ));
#3739 = CARTESIAN_POINT('',(3.513570364059,1.163056134973,2.861008928571
    ));
#3740 = CARTESIAN_POINT('',(3.552543988405,1.215304776314,2.861008928571
    ));
#3741 = CARTESIAN_POINT('',(3.577437985665,1.266203324286,2.861008928571
    ));
#3742 = CARTESIAN_POINT('',(3.593779276136,1.323166764232,2.861008928571
    ));
#3743 = CARTESIAN_POINT('',(3.601751588554,1.38577772025,2.861008928571)
  );
#3744 = CARTESIAN_POINT('',(3.601751592357,1.453503184713,2.861008928571
    ));
#3745 = PCURVE('',#1025,#3746);
#3746 = DEFINITIONAL_REPRESENTATION('',(#3747),#3758);
#3747 = B_SPLINE_CURVE_WITH_KNOTS('',5,(#3748,#3749,#3750,#3751,#3752,
    #3753,#3754,#3755,#3756,#3757),.UNSPECIFIED.,.F.,.F.,(6,4,6),(0.,
    0.145944307499,1.),.UNSPECIFIED.);
#3748 = CARTESIAN_POINT('',(-8.887727796741,1.134394899041));
#3749 = CARTESIAN_POINT('',(-8.881064746344,1.141282547829));
#3750 = CARTESIAN_POINT('',(-8.874643845307,1.148355740246));
#3751 = CARTESIAN_POINT('',(-8.868466341215,1.15561386888));
#3752 = CARTESIAN_POINT('',(-8.86253322886,1.163056129556));
#3753 = CARTESIAN_POINT('',(-8.823559604514,1.215304770896));
#3754 = CARTESIAN_POINT('',(-8.798665607254,1.266203318869));
#3755 = CARTESIAN_POINT('',(-8.782324316783,1.323166758814));
#3756 = CARTESIAN_POINT('',(-8.774352004365,1.385777714832));
#3757 = CARTESIAN_POINT('',(-8.774352000562,1.453503179296));
#3758 = ( GEOMETRIC_REPRESENTATION_CONTEXT(2) 
PARAMETRIC_REPRESENTATION_CONTEXT() REPRESENTATION_CONTEXT('2D SPACE',''
  ) );
#3759 = PCURVE('',#3760,#3767);
#3760 = SURFACE_OF_LINEAR_EXTRUSION('',#3761,#3765);
#3761 = B_SPLINE_CURVE_WITH_KNOTS('',2,(#3762,#3763,#3764),
  .UNSPECIFIED.,.F.,.F.,(3,3),(0.,1.),.PIECEWISE_BEZIER_KNOTS.);
#3762 = CARTESIAN_POINT('',(3.601751592357,1.453503184713,2.761008928571
    ));
#3763 = CARTESIAN_POINT('',(3.601751592357,1.251592356688,2.761008928571
    ));
#3764 = CARTESIAN_POINT('',(3.488375796178,1.134394904459,2.761008928571
    ));
#3765 = VECTOR('',#3766,1.);
#3766 = DIRECTION('',(-0.,-0.,-1.));
#3767 = DEFINITIONAL_REPRESENTATION('',(#3768),#3779);
#3768 = B_SPLINE_CURVE_WITH_KNOTS('',5,(#3769,#3770,#3771,#3772,#3773,
    #3774,#3775,#3776,#3777,#3778),.UNSPECIFIED.,.F.,.F.,(6,4,6),(0.,
    0.145944307499,1.),.UNSPECIFIED.);
#3769 = CARTESIAN_POINT('',(1.,-0.1));
#3770 = CARTESIAN_POINT('',(0.970615196155,-0.1));
#3771 = CARTESIAN_POINT('',(0.94121897191,-0.1));
#3772 = CARTESIAN_POINT('',(0.911815139833,-0.1));
#3773 = CARTESIAN_POINT('',(0.882407531999,-0.1));
#3774 = CARTESIAN_POINT('',(0.680909217315,-0.1));
#3775 = CARTESIAN_POINT('',(0.50880572084,-1.E-01));
#3776 = CARTESIAN_POINT('',(0.337508554724,-0.1));
#3777 = CARTESIAN_POINT('',(0.167711330707,-1.E-01));
#3778 = CARTESIAN_POINT('',(0.,-1.E-01));
#3779 = ( GEOMETRIC_REPRESENTATION_CONTEXT(2) 
PARAMETRIC_REPRESENTATION_CONTEXT() REPRESENTATION_CONTEXT('2D SPACE',''
  ) );
#3780 = ORIENTED_EDGE('',*,*,#3781,.F.);
#3781 = EDGE_CURVE('',#3782,#3731,#3784,.T.);
#3782 = VERTEX_POINT('',#3783);
#3783 = CARTESIAN_POINT('',(3.206847133758,1.016560509554,2.861008928571
    ));
#3784 = SURFACE_CURVE('',#3785,(#3796,#3810),.PCURVE_S1.);
#3785 = B_SPLINE_CURVE_WITH_KNOTS('',5,(#3786,#3787,#3788,#3789,#3790,
    #3791,#3792,#3793,#3794,#3795),.UNSPECIFIED.,.F.,.F.,(6,4,6),(0.,
    0.54622895973,1.),.UNSPECIFIED.);
#3786 = CARTESIAN_POINT('',(3.206847133758,1.016560509554,2.861008928571
    ));
#3787 = CARTESIAN_POINT('',(3.243349666314,1.016560512112,2.861008928571
    ));
#3788 = CARTESIAN_POINT('',(3.278403318557,1.020030981033,2.861008928571
    ));
#3789 = CARTESIAN_POINT('',(3.311927207666,1.027034496005,2.861008928571
    ));
#3790 = CARTESIAN_POINT('',(3.343855416613,1.037594634316,2.861008928571
    ));
#3791 = CARTESIAN_POINT('',(3.399298698267,1.063397355791,2.861008928571
    ));
#3792 = CARTESIAN_POINT('',(3.423323412447,1.077545112903,2.861008928571
    ));
#3793 = CARTESIAN_POINT('',(3.44618722696,1.094118976218,2.861008928571)
  );
#3794 = CARTESIAN_POINT('',(3.467873457995,1.113086297709,2.861008928571
    ));
#3795 = CARTESIAN_POINT('',(3.488375796178,1.134394904459,2.861008928571
    ));
#3796 = PCURVE('',#1025,#3797);
#3797 = DEFINITIONAL_REPRESENTATION('',(#3798),#3809);
#3798 = B_SPLINE_CURVE_WITH_KNOTS('',5,(#3799,#3800,#3801,#3802,#3803,
    #3804,#3805,#3806,#3807,#3808),.UNSPECIFIED.,.F.,.F.,(6,4,6),(0.,
    0.54622895973,1.),.UNSPECIFIED.);
#3799 = CARTESIAN_POINT('',(-9.169256459161,1.016560504136));
#3800 = CARTESIAN_POINT('',(-9.132753926605,1.016560506694));
#3801 = CARTESIAN_POINT('',(-9.097700274362,1.020030975616));
#3802 = CARTESIAN_POINT('',(-9.064176385253,1.027034490587));
#3803 = CARTESIAN_POINT('',(-9.032248176306,1.037594628898));
#3804 = CARTESIAN_POINT('',(-8.976804894652,1.063397350373));
#3805 = CARTESIAN_POINT('',(-8.952780180472,1.077545107485));
#3806 = CARTESIAN_POINT('',(-8.929916365959,1.094118970801));
#3807 = CARTESIAN_POINT('',(-8.908230134924,1.113086292291));
#3808 = CARTESIAN_POINT('',(-8.887727796741,1.134394899041));
#3809 = ( GEOMETRIC_REPRESENTATION_CONTEXT(2) 
PARAMETRIC_REPRESENTATION_CONTEXT() REPRESENTATION_CONTEXT('2D SPACE',''
  ) );
#3810 = PCURVE('',#3811,#3818);
#3811 = SURFACE_OF_LINEAR_EXTRUSION('',#3812,#3816);
#3812 = B_SPLINE_CURVE_WITH_KNOTS('',2,(#3813,#3814,#3815),
  .UNSPECIFIED.,.F.,.F.,(3,3),(0.,1.),.PIECEWISE_BEZIER_KNOTS.);
#3813 = CARTESIAN_POINT('',(3.488375796178,1.134394904459,2.761008928571
    ));
#3814 = CARTESIAN_POINT('',(3.375,1.016560509554,2.761008928571));
#3815 = CARTESIAN_POINT('',(3.206847133758,1.016560509554,2.761008928571
    ));
#3816 = VECTOR('',#3817,1.);
#3817 = DIRECTION('',(-0.,-0.,-1.));
#3818 = DEFINITIONAL_REPRESENTATION('',(#3819),#3830);
#3819 = B_SPLINE_CURVE_WITH_KNOTS('',5,(#3820,#3821,#3822,#3823,#3824,
    #3825,#3826,#3827,#3828,#3829),.UNSPECIFIED.,.F.,.F.,(6,4,6),(0.,
    0.54622895973,1.),.UNSPECIFIED.);
#3820 = CARTESIAN_POINT('',(1.,-0.1));
#3821 = CARTESIAN_POINT('',(0.891460268979,-0.1));
#3822 = CARTESIAN_POINT('',(0.782431644821,-0.1));
#3823 = CARTESIAN_POINT('',(0.673068129432,-0.1));
#3824 = CARTESIAN_POINT('',(0.563533135947,-0.1));
#3825 = CARTESIAN_POINT('',(0.363007085477,-0.1));
#3826 = CARTESIAN_POINT('',(0.272013961001,-0.1));
#3827 = CARTESIAN_POINT('',(0.181119223591,-0.1));
#3828 = CARTESIAN_POINT('',(9.041761065502E-02,-1.E-01));
#3829 = CARTESIAN_POINT('',(0.,-1.E-01));
#3830 = ( GEOMETRIC_REPRESENTATION_CONTEXT(2) 
PARAMETRIC_REPRESENTATION_CONTEXT() REPRESENTATION_CONTEXT('2D SPACE',''
  ) );
#3831 = ORIENTED_EDGE('',*,*,#3832,.F.);
#3832 = EDGE_CURVE('',#3833,#3782,#3835,.T.);
#3833 = VERTEX_POINT('',#3834);
#3834 = CARTESIAN_POINT('',(3.038694267516,1.050955414013,2.861008928571
    ));
#3835 = SURFACE_CURVE('',#3836,(#3845,#3857),.PCURVE_S1.);
#3836 = B_SPLINE_CURVE_WITH_KNOTS('',4,(#3837,#3838,#3839,#3840,#3841,
    #3842,#3843,#3844),.UNSPECIFIED.,.F.,.F.,(5,3,5),(0.,0.81707303821,
    1.),.UNSPECIFIED.);
#3837 = CARTESIAN_POINT('',(3.038694267516,1.050955414013,2.861008928571
    ));
#3838 = CARTESIAN_POINT('',(3.072484379286,1.036919522878,2.861008928571
    ));
#3839 = CARTESIAN_POINT('',(3.106591990118,1.026687741144,2.861008928571
    ));
#3840 = CARTESIAN_POINT('',(3.141001255659,1.020284891546,2.861008928571
    ));
#3841 = CARTESIAN_POINT('',(3.18346133231,1.017136420215,2.861008928571)
  );
#3842 = CARTESIAN_POINT('',(3.191242646649,1.016752464665,2.861008928571
    ));
#3843 = CARTESIAN_POINT('',(3.19903798208,1.016560509869,2.861008928571)
  );
#3844 = CARTESIAN_POINT('',(3.206847133758,1.016560509554,2.861008928571
    ));
#3845 = PCURVE('',#1025,#3846);
#3846 = DEFINITIONAL_REPRESENTATION('',(#3847),#3856);
#3847 = B_SPLINE_CURVE_WITH_KNOTS('',4,(#3848,#3849,#3850,#3851,#3852,
    #3853,#3854,#3855),.UNSPECIFIED.,.F.,.F.,(5,3,5),(0.,0.81707303821,
    1.),.UNSPECIFIED.);
#3848 = CARTESIAN_POINT('',(-9.337409325403,1.050955408595));
#3849 = CARTESIAN_POINT('',(-9.303619213633,1.03691951746));
#3850 = CARTESIAN_POINT('',(-9.269511602801,1.026687735726));
#3851 = CARTESIAN_POINT('',(-9.23510233726,1.020284886129));
#3852 = CARTESIAN_POINT('',(-9.192642260609,1.017136414797));
#3853 = CARTESIAN_POINT('',(-9.18486094627,1.016752459247));
#3854 = CARTESIAN_POINT('',(-9.177065610839,1.016560504451));
#3855 = CARTESIAN_POINT('',(-9.169256459161,1.016560504136));
#3856 = ( GEOMETRIC_REPRESENTATION_CONTEXT(2) 
PARAMETRIC_REPRESENTATION_CONTEXT() REPRESENTATION_CONTEXT('2D SPACE',''
  ) );
#3857 = PCURVE('',#3858,#3865);
#3858 = SURFACE_OF_LINEAR_EXTRUSION('',#3859,#3863);
#3859 = B_SPLINE_CURVE_WITH_KNOTS('',2,(#3860,#3861,#3862),
  .UNSPECIFIED.,.F.,.F.,(3,3),(0.,1.),.PIECEWISE_BEZIER_KNOTS.);
#3860 = CARTESIAN_POINT('',(3.206847133758,1.016560509554,2.761008928571
    ));
#3861 = CARTESIAN_POINT('',(3.121496815287,1.016560509554,2.761008928571
    ));
#3862 = CARTESIAN_POINT('',(3.038694267516,1.050955414013,2.761008928571
    ));
#3863 = VECTOR('',#3864,1.);
#3864 = DIRECTION('',(-0.,-0.,-1.));
#3865 = DEFINITIONAL_REPRESENTATION('',(#3866),#3875);
#3866 = B_SPLINE_CURVE_WITH_KNOTS('',4,(#3867,#3868,#3869,#3870,#3871,
    #3872,#3873,#3874),.UNSPECIFIED.,.F.,.F.,(5,3,5),(0.,0.81707303821,
    1.),.UNSPECIFIED.);
#3867 = CARTESIAN_POINT('',(1.,-0.1));
#3868 = CARTESIAN_POINT('',(0.795959710323,-0.1));
#3869 = CARTESIAN_POINT('',(0.591710205374,-0.1));
#3870 = CARTESIAN_POINT('',(0.387355076295,-0.1));
#3871 = CARTESIAN_POINT('',(0.137248822951,-0.1));
#3872 = CARTESIAN_POINT('',(9.14976433962E-02,-0.1));
#3873 = CARTESIAN_POINT('',(4.574764242628E-02,-1.E-01));
#3874 = CARTESIAN_POINT('',(0.,-1.E-01));
#3875 = ( GEOMETRIC_REPRESENTATION_CONTEXT(2) 
PARAMETRIC_REPRESENTATION_CONTEXT() REPRESENTATION_CONTEXT('2D SPACE',''
  ) );
#3876 = ORIENTED_EDGE('',*,*,#3877,.F.);
#3877 = EDGE_CURVE('',#3878,#3833,#3880,.T.);
#3878 = VERTEX_POINT('',#3879);
#3879 = CARTESIAN_POINT('',(2.865445859873,1.165605095541,2.861008928571
    ));
#3880 = SURFACE_CURVE('',#3881,(#3887,#3896),.PCURVE_S1.);
#3881 = B_SPLINE_CURVE_WITH_KNOTS('',4,(#3882,#3883,#3884,#3885,#3886),
  .UNSPECIFIED.,.F.,.F.,(5,5),(0.,1.),.PIECEWISE_BEZIER_KNOTS.);
#3882 = CARTESIAN_POINT('',(2.865445859873,1.165605095541,2.861008928571
    ));
#3883 = CARTESIAN_POINT('',(2.910661899477,1.125764391203,2.861008928571
    ));
#3884 = CARTESIAN_POINT('',(2.954667102372,1.093233770878,2.861008928571
    ));
#3885 = CARTESIAN_POINT('',(2.997370574551,1.06825370621,2.861008928571)
  );
#3886 = CARTESIAN_POINT('',(3.038694267516,1.050955414013,2.861008928571
    ));
#3887 = PCURVE('',#1025,#3888);
#3888 = DEFINITIONAL_REPRESENTATION('',(#3889),#3895);
#3889 = B_SPLINE_CURVE_WITH_KNOTS('',4,(#3890,#3891,#3892,#3893,#3894),
  .UNSPECIFIED.,.F.,.F.,(5,5),(0.,1.),.PIECEWISE_BEZIER_KNOTS.);
#3890 = CARTESIAN_POINT('',(-9.510657733046,1.165605090124));
#3891 = CARTESIAN_POINT('',(-9.465441693442,1.125764385786));
#3892 = CARTESIAN_POINT('',(-9.421436490547,1.09323376546));
#3893 = CARTESIAN_POINT('',(-9.378733018368,1.068253700792));
#3894 = CARTESIAN_POINT('',(-9.337409325403,1.050955408595));
#3895 = ( GEOMETRIC_REPRESENTATION_CONTEXT(2) 
PARAMETRIC_REPRESENTATION_CONTEXT() REPRESENTATION_CONTEXT('2D SPACE',''
  ) );
#3896 = PCURVE('',#3897,#3904);
#3897 = SURFACE_OF_LINEAR_EXTRUSION('',#3898,#3902);
#3898 = B_SPLINE_CURVE_WITH_KNOTS('',2,(#3899,#3900,#3901),
  .UNSPECIFIED.,.F.,.F.,(3,3),(0.,1.),.PIECEWISE_BEZIER_KNOTS.);
#3899 = CARTESIAN_POINT('',(3.038694267516,1.050955414013,2.761008928571
    ));
#3900 = CARTESIAN_POINT('',(2.95652866242,1.085350318471,2.761008928571)
  );
#3901 = CARTESIAN_POINT('',(2.865445859873,1.165605095541,2.761008928571
    ));
#3902 = VECTOR('',#3903,1.);
#3903 = DIRECTION('',(-0.,-0.,-1.));
#3904 = DEFINITIONAL_REPRESENTATION('',(#3905),#3911);
#3905 = B_SPLINE_CURVE_WITH_KNOTS('',4,(#3906,#3907,#3908,#3909,#3910),
  .UNSPECIFIED.,.F.,.F.,(5,5),(0.,1.),.PIECEWISE_BEZIER_KNOTS.);
#3906 = CARTESIAN_POINT('',(1.,-0.1));
#3907 = CARTESIAN_POINT('',(0.751786073868,-0.1));
#3908 = CARTESIAN_POINT('',(0.502177242381,-0.1));
#3909 = CARTESIAN_POINT('',(0.251465880819,-1.E-01));
#3910 = CARTESIAN_POINT('',(0.,-1.E-01));
#3911 = ( GEOMETRIC_REPRESENTATION_CONTEXT(2) 
PARAMETRIC_REPRESENTATION_CONTEXT() REPRESENTATION_CONTEXT('2D SPACE',''
  ) );
#3912 = ORIENTED_EDGE('',*,*,#3913,.F.);
#3913 = EDGE_CURVE('',#3914,#3878,#3916,.T.);
#3914 = VERTEX_POINT('',#3915);
#3915 = CARTESIAN_POINT('',(2.615127388535,1.430573248408,2.861008928571
    ));
#3916 = SURFACE_CURVE('',#3917,(#3925,#3936),.PCURVE_S1.);
#3917 = B_SPLINE_CURVE_WITH_KNOTS('',6,(#3918,#3919,#3920,#3921,#3922,
    #3923,#3924),.UNSPECIFIED.,.F.,.F.,(7,7),(0.,1.),
  .PIECEWISE_BEZIER_KNOTS.);
#3918 = CARTESIAN_POINT('',(2.615127388535,1.430573248408,2.861008928571
    ));
#3919 = CARTESIAN_POINT('',(2.665988858086,1.371370498694,2.861008928571
    ));
#3920 = CARTESIAN_POINT('',(2.71363838157,1.317522641865,2.861008928571)
  );
#3921 = CARTESIAN_POINT('',(2.757750248658,1.269523237433,2.861008928571
    ));
#3922 = CARTESIAN_POINT('',(2.797976419811,1.22788882088,2.861008928571)
  );
#3923 = CARTESIAN_POINT('',(2.833972073329,1.193117148311,2.861008928571
    ));
#3924 = CARTESIAN_POINT('',(2.865445859873,1.165605095541,2.861008928571
    ));
#3925 = PCURVE('',#1025,#3926);
#3926 = DEFINITIONAL_REPRESENTATION('',(#3927),#3935);
#3927 = B_SPLINE_CURVE_WITH_KNOTS('',6,(#3928,#3929,#3930,#3931,#3932,
    #3933,#3934),.UNSPECIFIED.,.F.,.F.,(7,7),(0.,1.),
  .PIECEWISE_BEZIER_KNOTS.);
#3928 = CARTESIAN_POINT('',(-9.760976204384,1.43057324299));
#3929 = CARTESIAN_POINT('',(-9.710114734833,1.371370493276));
#3930 = CARTESIAN_POINT('',(-9.662465211349,1.317522636447));
#3931 = CARTESIAN_POINT('',(-9.618353344261,1.269523232015));
#3932 = CARTESIAN_POINT('',(-9.578127173108,1.227888815463));
#3933 = CARTESIAN_POINT('',(-9.54213151959,1.193117142893));
#3934 = CARTESIAN_POINT('',(-9.510657733046,1.165605090124));
#3935 = ( GEOMETRIC_REPRESENTATION_CONTEXT(2) 
PARAMETRIC_REPRESENTATION_CONTEXT() REPRESENTATION_CONTEXT('2D SPACE',''
  ) );
#3936 = PCURVE('',#3937,#3944);
#3937 = SURFACE_OF_LINEAR_EXTRUSION('',#3938,#3942);
#3938 = B_SPLINE_CURVE_WITH_KNOTS('',2,(#3939,#3940,#3941),
  .UNSPECIFIED.,.F.,.F.,(3,3),(0.,1.),.PIECEWISE_BEZIER_KNOTS.);
#3939 = CARTESIAN_POINT('',(2.865445859873,1.165605095541,2.761008928571
    ));
#3940 = CARTESIAN_POINT('',(2.774363057325,1.245222929936,2.761008928571
    ));
#3941 = CARTESIAN_POINT('',(2.615127388535,1.430573248408,2.761008928571
    ));
#3942 = VECTOR('',#3943,1.);
#3943 = DIRECTION('',(-0.,-0.,-1.));
#3944 = DEFINITIONAL_REPRESENTATION('',(#3945),#3953);
#3945 = B_SPLINE_CURVE_WITH_KNOTS('',6,(#3946,#3947,#3948,#3949,#3950,
    #3951,#3952),.UNSPECIFIED.,.F.,.F.,(7,7),(0.,1.),
  .PIECEWISE_BEZIER_KNOTS.);
#3946 = CARTESIAN_POINT('',(1.,-0.1));
#3947 = CARTESIAN_POINT('',(0.840294978775,-0.1));
#3948 = CARTESIAN_POINT('',(0.677575817246,-0.1));
#3949 = CARTESIAN_POINT('',(0.511937737068,-1.E-01));
#3950 = CARTESIAN_POINT('',(0.343570512843,-0.1));
#3951 = CARTESIAN_POINT('',(0.172775668446,-1.E-01));
#3952 = CARTESIAN_POINT('',(0.,-1.E-01));
#3953 = ( GEOMETRIC_REPRESENTATION_CONTEXT(2) 
PARAMETRIC_REPRESENTATION_CONTEXT() REPRESENTATION_CONTEXT('2D SPACE',''
  ) );
#3954 = ORIENTED_EDGE('',*,*,#3955,.F.);
#3955 = EDGE_CURVE('',#3956,#3914,#3958,.T.);
#3956 = VERTEX_POINT('',#3957);
#3957 = CARTESIAN_POINT('',(2.433598726115,1.629299363057,2.861008928571
    ));
#3958 = SURFACE_CURVE('',#3959,(#3967,#3978),.PCURVE_S1.);
#3959 = B_SPLINE_CURVE_WITH_KNOTS('',6,(#3960,#3961,#3962,#3963,#3964,
    #3965,#3966),.UNSPECIFIED.,.F.,.F.,(7,7),(0.,1.),
  .PIECEWISE_BEZIER_KNOTS.);
#3960 = CARTESIAN_POINT('',(2.433598726115,1.629299363057,2.861008928571
    ));
#3961 = CARTESIAN_POINT('',(2.449998289254,1.61421176388,2.861008928571)
  );
#3962 = CARTESIAN_POINT('',(2.472359622763,1.591396378365,2.861008928571
    ));
#3963 = CARTESIAN_POINT('',(2.500452021925,1.561126230897,2.861008928571
    ));
#3964 = CARTESIAN_POINT('',(2.53390094174,1.523866147056,2.861008928571)
  );
#3965 = CARTESIAN_POINT('',(2.572273106877,1.480161773964,2.861008928571
    ));
#3966 = CARTESIAN_POINT('',(2.615127388535,1.430573248408,2.861008928571
    ));
#3967 = PCURVE('',#1025,#3968);
#3968 = DEFINITIONAL_REPRESENTATION('',(#3969),#3977);
#3969 = B_SPLINE_CURVE_WITH_KNOTS('',6,(#3970,#3971,#3972,#3973,#3974,
    #3975,#3976),.UNSPECIFIED.,.F.,.F.,(7,7),(0.,1.),
  .PIECEWISE_BEZIER_KNOTS.);
#3970 = CARTESIAN_POINT('',(-9.942504866804,1.62929935764));
#3971 = CARTESIAN_POINT('',(-9.926105303665,1.614211758462));
#3972 = CARTESIAN_POINT('',(-9.903743970156,1.591396372948));
#3973 = CARTESIAN_POINT('',(-9.875651570994,1.561126225479));
#3974 = CARTESIAN_POINT('',(-9.842202651179,1.523866141638));
#3975 = CARTESIAN_POINT('',(-9.803830486042,1.480161768546));
#3976 = CARTESIAN_POINT('',(-9.760976204384,1.43057324299));
#3977 = ( GEOMETRIC_REPRESENTATION_CONTEXT(2) 
PARAMETRIC_REPRESENTATION_CONTEXT() REPRESENTATION_CONTEXT('2D SPACE',''
  ) );
#3978 = PCURVE('',#3979,#3986);
#3979 = SURFACE_OF_LINEAR_EXTRUSION('',#3980,#3984);
#3980 = B_SPLINE_CURVE_WITH_KNOTS('',2,(#3981,#3982,#3983),
  .UNSPECIFIED.,.F.,.F.,(3,3),(0.,1.),.PIECEWISE_BEZIER_KNOTS.);
#3981 = CARTESIAN_POINT('',(2.615127388535,1.430573248408,2.761008928571
    ));
#3982 = CARTESIAN_POINT('',(2.481369426752,1.585350318471,2.761008928571
    ));
#3983 = CARTESIAN_POINT('',(2.433598726115,1.629299363057,2.761008928571
    ));
#3984 = VECTOR('',#3985,1.);
#3985 = DIRECTION('',(-0.,-0.,-1.));
#3986 = DEFINITIONAL_REPRESENTATION('',(#3987),#3995);
#3987 = B_SPLINE_CURVE_WITH_KNOTS('',6,(#3988,#3989,#3990,#3991,#3992,
    #3993,#3994),.UNSPECIFIED.,.F.,.F.,(7,7),(0.,1.),
  .PIECEWISE_BEZIER_KNOTS.);
#3988 = CARTESIAN_POINT('',(1.,-0.1));
#3989 = CARTESIAN_POINT('',(0.828351270034,-0.1));
#3990 = CARTESIAN_POINT('',(0.657943220773,-0.1));
#3991 = CARTESIAN_POINT('',(0.489466132787,-1.E-01));
#3992 = CARTESIAN_POINT('',(0.32342849627,-0.1));
#3993 = CARTESIAN_POINT('',(0.160193396498,-1.E-01));
#3994 = CARTESIAN_POINT('',(0.,-1.E-01));
#3995 = ( GEOMETRIC_REPRESENTATION_CONTEXT(2) 
PARAMETRIC_REPRESENTATION_CONTEXT() REPRESENTATION_CONTEXT('2D SPACE',''
  ) );
#3996 = ORIENTED_EDGE('',*,*,#3997,.F.);
#3997 = EDGE_CURVE('',#3998,#3956,#4000,.T.);
#3998 = VERTEX_POINT('',#3999);
#3999 = CARTESIAN_POINT('',(2.338057324841,1.701910828025,2.861008928571
    ));
#4000 = SURFACE_CURVE('',#4001,(#4007,#4016),.PCURVE_S1.);
#4001 = B_SPLINE_CURVE_WITH_KNOTS('',4,(#4002,#4003,#4004,#4005,#4006),
  .UNSPECIFIED.,.F.,.F.,(5,5),(0.,1.),.PIECEWISE_BEZIER_KNOTS.);
#4002 = CARTESIAN_POINT('',(2.338057324841,1.701910828025,2.861008928571
    ));
#4003 = CARTESIAN_POINT('',(2.362282878979,1.687566749114,2.861008928571
    ));
#4004 = CARTESIAN_POINT('',(2.38628371898,1.670677438341,2.861008928571)
  );
#4005 = CARTESIAN_POINT('',(2.410056592202,1.651250811423,2.861008928571
    ));
#4006 = CARTESIAN_POINT('',(2.433598726115,1.629299363057,2.861008928571
    ));
#4007 = PCURVE('',#1025,#4008);
#4008 = DEFINITIONAL_REPRESENTATION('',(#4009),#4015);
#4009 = B_SPLINE_CURVE_WITH_KNOTS('',4,(#4010,#4011,#4012,#4013,#4014),
  .UNSPECIFIED.,.F.,.F.,(5,5),(0.,1.),.PIECEWISE_BEZIER_KNOTS.);
#4010 = CARTESIAN_POINT('',(-10.03804626807,1.701910822608));
#4011 = CARTESIAN_POINT('',(-10.01382071394,1.687566743697));
#4012 = CARTESIAN_POINT('',(-9.989819873939,1.670677432923));
#4013 = CARTESIAN_POINT('',(-9.966047000717,1.651250806006));
#4014 = CARTESIAN_POINT('',(-9.942504866804,1.62929935764));
#4015 = ( GEOMETRIC_REPRESENTATION_CONTEXT(2) 
PARAMETRIC_REPRESENTATION_CONTEXT() REPRESENTATION_CONTEXT('2D SPACE',''
  ) );
#4016 = PCURVE('',#4017,#4024);
#4017 = SURFACE_OF_LINEAR_EXTRUSION('',#4018,#4022);
#4018 = B_SPLINE_CURVE_WITH_KNOTS('',2,(#4019,#4020,#4021),
  .UNSPECIFIED.,.F.,.F.,(3,3),(0.,1.),.PIECEWISE_BEZIER_KNOTS.);
#4019 = CARTESIAN_POINT('',(2.433598726115,1.629299363057,2.761008928571
    ));
#4020 = CARTESIAN_POINT('',(2.386464968153,1.673248407643,2.761008928571
    ));
#4021 = CARTESIAN_POINT('',(2.338057324841,1.701910828025,2.761008928571
    ));
#4022 = VECTOR('',#4023,1.);
#4023 = DIRECTION('',(-0.,-0.,-1.));
#4024 = DEFINITIONAL_REPRESENTATION('',(#4025),#4031);
#4025 = B_SPLINE_CURVE_WITH_KNOTS('',4,(#4026,#4027,#4028,#4029,#4030),
  .UNSPECIFIED.,.F.,.F.,(5,5),(0.,1.),.PIECEWISE_BEZIER_KNOTS.);
#4026 = CARTESIAN_POINT('',(1.,-0.1));
#4027 = CARTESIAN_POINT('',(0.749775525673,-0.1));
#4028 = CARTESIAN_POINT('',(0.499675189451,-0.1));
#4029 = CARTESIAN_POINT('',(0.249737500967,-1.E-01));
#4030 = CARTESIAN_POINT('',(0.,-1.E-01));
#4031 = ( GEOMETRIC_REPRESENTATION_CONTEXT(2) 
PARAMETRIC_REPRESENTATION_CONTEXT() REPRESENTATION_CONTEXT('2D SPACE',''
  ) );
#4032 = ORIENTED_EDGE('',*,*,#4033,.F.);
#4033 = EDGE_CURVE('',#3176,#3998,#4034,.T.);
#4034 = SURFACE_CURVE('',#4035,(#4039,#4045),.PCURVE_S1.);
#4035 = LINE('',#4036,#4037);
#4036 = CARTESIAN_POINT('',(2.338057324841,0.850955416722,2.861008928571
    ));
#4037 = VECTOR('',#4038,1.);
#4038 = DIRECTION('',(-2.22044604925E-16,1.,0.));
#4039 = PCURVE('',#1025,#4040);
#4040 = DEFINITIONAL_REPRESENTATION('',(#4041),#4044);
#4041 = B_SPLINE_CURVE_WITH_KNOTS('',1,(#4042,#4043),.UNSPECIFIED.,.F.,
  .F.,(2,2),(0.163694264807,0.850955411304),.PIECEWISE_BEZIER_KNOTS.);
#4042 = CARTESIAN_POINT('',(-10.03804626807,1.014649676111));
#4043 = CARTESIAN_POINT('',(-10.03804626807,1.701910822608));
#4044 = ( GEOMETRIC_REPRESENTATION_CONTEXT(2) 
PARAMETRIC_REPRESENTATION_CONTEXT() REPRESENTATION_CONTEXT('2D SPACE',''
  ) );
#4045 = PCURVE('',#4046,#4051);
#4046 = PLANE('',#4047);
#4047 = AXIS2_PLACEMENT_3D('',#4048,#4049,#4050);
#4048 = CARTESIAN_POINT('',(2.338057324841,1.701910828025,2.761008928571
    ));
#4049 = DIRECTION('',(1.,2.22044604925E-16,0.));
#4050 = DIRECTION('',(2.22044604925E-16,-1.,0.));
#4051 = DEFINITIONAL_REPRESENTATION('',(#4052),#4055);
#4052 = B_SPLINE_CURVE_WITH_KNOTS('',1,(#4053,#4054),.UNSPECIFIED.,.F.,
  .F.,(2,2),(0.163694264807,0.850955411304),.PIECEWISE_BEZIER_KNOTS.);
#4053 = CARTESIAN_POINT('',(0.687261146497,-0.1));
#4054 = CARTESIAN_POINT('',(0.,-0.1));
#4055 = ( GEOMETRIC_REPRESENTATION_CONTEXT(2) 
PARAMETRIC_REPRESENTATION_CONTEXT() REPRESENTATION_CONTEXT('2D SPACE',''
  ) );
#4056 = FACE_BOUND('',#4057,.T.);
#4057 = EDGE_LOOP('',(#4058));
#4058 = ORIENTED_EDGE('',*,*,#4059,.F.);
#4059 = EDGE_CURVE('',#4060,#4060,#4062,.T.);
#4060 = VERTEX_POINT('',#4061);
#4061 = CARTESIAN_POINT('',(10.65,0.,2.861008928571));
#4062 = SURFACE_CURVE('',#4063,(#4068,#4075),.PCURVE_S1.);
#4063 = CIRCLE('',#4064,3.15);
#4064 = AXIS2_PLACEMENT_3D('',#4065,#4066,#4067);
#4065 = CARTESIAN_POINT('',(7.5,0.,2.861008928571));
#4066 = DIRECTION('',(0.,0.,1.));
#4067 = DIRECTION('',(1.,0.,0.));
#4068 = PCURVE('',#1025,#4069);
#4069 = DEFINITIONAL_REPRESENTATION('',(#4070),#4074);
#4070 = CIRCLE('',#4071,3.15);
#4071 = AXIS2_PLACEMENT_2D('',#4072,#4073);
#4072 = CARTESIAN_POINT('',(-4.876103592919,-5.41771568396E-09));
#4073 = DIRECTION('',(1.,0.));
#4074 = ( GEOMETRIC_REPRESENTATION_CONTEXT(2) 
PARAMETRIC_REPRESENTATION_CONTEXT() REPRESENTATION_CONTEXT('2D SPACE',''
  ) );
#4075 = PCURVE('',#4076,#4081);
#4076 = CYLINDRICAL_SURFACE('',#4077,3.15);
#4077 = AXIS2_PLACEMENT_3D('',#4078,#4079,#4080);
#4078 = CARTESIAN_POINT('',(7.5,0.,0.));
#4079 = DIRECTION('',(-0.,-0.,-1.));
#4080 = DIRECTION('',(1.,0.,0.));
#4081 = DEFINITIONAL_REPRESENTATION('',(#4082),#4086);
#4082 = LINE('',#4083,#4084);
#4083 = CARTESIAN_POINT('',(-0.,-2.861008928571));
#4084 = VECTOR('',#4085,1.);
#4085 = DIRECTION('',(-1.,0.));
#4086 = ( GEOMETRIC_REPRESENTATION_CONTEXT(2) 
PARAMETRIC_REPRESENTATION_CONTEXT() REPRESENTATION_CONTEXT('2D SPACE',''
  ) );
#4087 = FACE_BOUND('',#4088,.T.);
#4088 = EDGE_LOOP('',(#4089,#4117,#4143,#4169,#4195,#4221,#4247,#4273,
    #4299,#4325,#4351,#4377,#4403,#4429,#4455,#4481,#4507,#4533,#4559,
    #4585,#4611,#4637));
#4089 = ORIENTED_EDGE('',*,*,#4090,.F.);
#4090 = EDGE_CURVE('',#4091,#4093,#4095,.T.);
#4091 = VERTEX_POINT('',#4092);
#4092 = CARTESIAN_POINT('',(12.075,1.65,2.861008928571));
#4093 = VERTEX_POINT('',#4094);
#4094 = CARTESIAN_POINT('',(12.075,0.35,2.861008928571));
#4095 = SURFACE_CURVE('',#4096,(#4100,#4106),.PCURVE_S1.);
#4096 = LINE('',#4097,#4098);
#4097 = CARTESIAN_POINT('',(12.075,0.175000002709,2.861008928571));
#4098 = VECTOR('',#4099,1.);
#4099 = DIRECTION('',(1.588472942925E-15,-1.,0.));
#4100 = PCURVE('',#1025,#4101);
#4101 = DEFINITIONAL_REPRESENTATION('',(#4102),#4105);
#4102 = B_SPLINE_CURVE_WITH_KNOTS('',1,(#4103,#4104),.UNSPECIFIED.,.F.,
  .F.,(2,2),(-1.474999997291,-0.174999997291),.PIECEWISE_BEZIER_KNOTS.);
#4103 = CARTESIAN_POINT('',(-0.301103592919,1.649999994582));
#4104 = CARTESIAN_POINT('',(-0.301103592919,0.349999994582));
#4105 = ( GEOMETRIC_REPRESENTATION_CONTEXT(2) 
PARAMETRIC_REPRESENTATION_CONTEXT() REPRESENTATION_CONTEXT('2D SPACE',''
  ) );
#4106 = PCURVE('',#4107,#4112);
#4107 = PLANE('',#4108);
#4108 = AXIS2_PLACEMENT_3D('',#4109,#4110,#4111);
#4109 = CARTESIAN_POINT('',(12.075,0.35,2.761008928571));
#4110 = DIRECTION('',(-1.,-1.588472942925E-15,0.));
#4111 = DIRECTION('',(-1.588472942925E-15,1.,0.));
#4112 = DEFINITIONAL_REPRESENTATION('',(#4113),#4116);
#4113 = B_SPLINE_CURVE_WITH_KNOTS('',1,(#4114,#4115),.UNSPECIFIED.,.F.,
  .F.,(2,2),(-1.474999997291,-0.174999997291),.PIECEWISE_BEZIER_KNOTS.);
#4114 = CARTESIAN_POINT('',(1.3,-0.1));
#4115 = CARTESIAN_POINT('',(0.,-0.1));
#4116 = ( GEOMETRIC_REPRESENTATION_CONTEXT(2) 
PARAMETRIC_REPRESENTATION_CONTEXT() REPRESENTATION_CONTEXT('2D SPACE',''
  ) );
#4117 = ORIENTED_EDGE('',*,*,#4118,.F.);
#4118 = EDGE_CURVE('',#4119,#4091,#4121,.T.);
#4119 = VERTEX_POINT('',#4120);
#4120 = CARTESIAN_POINT('',(15.075,1.65,2.861008928571));
#4121 = SURFACE_CURVE('',#4122,(#4126,#4132),.PCURVE_S1.);
#4122 = LINE('',#4123,#4124);
#4123 = CARTESIAN_POINT('',(12.225551796459,1.65,2.861008928571));
#4124 = VECTOR('',#4125,1.);
#4125 = DIRECTION('',(-1.,-2.22044604925E-16,0.));
#4126 = PCURVE('',#1025,#4127);
#4127 = DEFINITIONAL_REPRESENTATION('',(#4128),#4131);
#4128 = B_SPLINE_CURVE_WITH_KNOTS('',1,(#4129,#4130),.UNSPECIFIED.,.F.,
  .F.,(2,2),(-2.84944820354,0.15055179646),.PIECEWISE_BEZIER_KNOTS.);
#4129 = CARTESIAN_POINT('',(2.698896407081,1.649999994582));
#4130 = CARTESIAN_POINT('',(-0.301103592919,1.649999994582));
#4131 = ( GEOMETRIC_REPRESENTATION_CONTEXT(2) 
PARAMETRIC_REPRESENTATION_CONTEXT() REPRESENTATION_CONTEXT('2D SPACE',''
  ) );
#4132 = PCURVE('',#4133,#4138);
#4133 = PLANE('',#4134);
#4134 = AXIS2_PLACEMENT_3D('',#4135,#4136,#4137);
#4135 = CARTESIAN_POINT('',(12.075,1.65,2.761008928571));
#4136 = DIRECTION('',(-2.22044604925E-16,1.,0.));
#4137 = DIRECTION('',(1.,2.22044604925E-16,0.));
#4138 = DEFINITIONAL_REPRESENTATION('',(#4139),#4142);
#4139 = B_SPLINE_CURVE_WITH_KNOTS('',1,(#4140,#4141),.UNSPECIFIED.,.F.,
  .F.,(2,2),(-2.84944820354,0.15055179646),.PIECEWISE_BEZIER_KNOTS.);
#4140 = CARTESIAN_POINT('',(3.,-0.1));
#4141 = CARTESIAN_POINT('',(0.,-0.1));
#4142 = ( GEOMETRIC_REPRESENTATION_CONTEXT(2) 
PARAMETRIC_REPRESENTATION_CONTEXT() REPRESENTATION_CONTEXT('2D SPACE',''
  ) );
#4143 = ORIENTED_EDGE('',*,*,#4144,.F.);
#4144 = EDGE_CURVE('',#4145,#4119,#4147,.T.);
#4145 = VERTEX_POINT('',#4146);
#4146 = CARTESIAN_POINT('',(15.075,-0.65,2.861008928571));
#4147 = SURFACE_CURVE('',#4148,(#4152,#4158),.PCURVE_S1.);
#4148 = LINE('',#4149,#4150);
#4149 = CARTESIAN_POINT('',(15.075,0.825000002709,2.861008928571));
#4150 = VECTOR('',#4151,1.);
#4151 = DIRECTION('',(-2.22044604925E-16,1.,0.));
#4152 = PCURVE('',#1025,#4153);
#4153 = DEFINITIONAL_REPRESENTATION('',(#4154),#4157);
#4154 = B_SPLINE_CURVE_WITH_KNOTS('',1,(#4155,#4156),.UNSPECIFIED.,.F.,
  .F.,(2,2),(-1.475000002709,0.824999997291),.PIECEWISE_BEZIER_KNOTS.);
#4155 = CARTESIAN_POINT('',(2.698896407081,-0.650000005418));
#4156 = CARTESIAN_POINT('',(2.698896407081,1.649999994582));
#4157 = ( GEOMETRIC_REPRESENTATION_CONTEXT(2) 
PARAMETRIC_REPRESENTATION_CONTEXT() REPRESENTATION_CONTEXT('2D SPACE',''
  ) );
#4158 = PCURVE('',#4159,#4164);
#4159 = PLANE('',#4160);
#4160 = AXIS2_PLACEMENT_3D('',#4161,#4162,#4163);
#4161 = CARTESIAN_POINT('',(15.075,1.65,2.761008928571));
#4162 = DIRECTION('',(1.,2.22044604925E-16,0.));
#4163 = DIRECTION('',(2.22044604925E-16,-1.,0.));
#4164 = DEFINITIONAL_REPRESENTATION('',(#4165),#4168);
#4165 = B_SPLINE_CURVE_WITH_KNOTS('',1,(#4166,#4167),.UNSPECIFIED.,.F.,
  .F.,(2,2),(-1.475000002709,0.824999997291),.PIECEWISE_BEZIER_KNOTS.);
#4166 = CARTESIAN_POINT('',(2.3,-0.1));
#4167 = CARTESIAN_POINT('',(0.,-0.1));
#4168 = ( GEOMETRIC_REPRESENTATION_CONTEXT(2) 
PARAMETRIC_REPRESENTATION_CONTEXT() REPRESENTATION_CONTEXT('2D SPACE',''
  ) );
#4169 = ORIENTED_EDGE('',*,*,#4170,.F.);
#4170 = EDGE_CURVE('',#4171,#4145,#4173,.T.);
#4171 = VERTEX_POINT('',#4172);
#4172 = CARTESIAN_POINT('',(13.775,-0.65,2.861008928571));
#4173 = SURFACE_CURVE('',#4174,(#4178,#4184),.PCURVE_S1.);
#4174 = LINE('',#4175,#4176);
#4175 = CARTESIAN_POINT('',(13.725551796459,-0.65,2.861008928571));
#4176 = VECTOR('',#4177,1.);
#4177 = DIRECTION('',(1.,2.22044604925E-16,0.));
#4178 = PCURVE('',#1025,#4179);
#4179 = DEFINITIONAL_REPRESENTATION('',(#4180),#4183);
#4180 = B_SPLINE_CURVE_WITH_KNOTS('',1,(#4181,#4182),.UNSPECIFIED.,.F.,
  .F.,(2,2),(4.94482035405E-02,1.34944820354),.PIECEWISE_BEZIER_KNOTS.);
#4181 = CARTESIAN_POINT('',(1.398896407081,-0.650000005418));
#4182 = CARTESIAN_POINT('',(2.698896407081,-0.650000005418));
#4183 = ( GEOMETRIC_REPRESENTATION_CONTEXT(2) 
PARAMETRIC_REPRESENTATION_CONTEXT() REPRESENTATION_CONTEXT('2D SPACE',''
  ) );
#4184 = PCURVE('',#4185,#4190);
#4185 = PLANE('',#4186);
#4186 = AXIS2_PLACEMENT_3D('',#4187,#4188,#4189);
#4187 = CARTESIAN_POINT('',(15.075,-0.65,2.761008928571));
#4188 = DIRECTION('',(2.22044604925E-16,-1.,0.));
#4189 = DIRECTION('',(-1.,-2.22044604925E-16,0.));
#4190 = DEFINITIONAL_REPRESENTATION('',(#4191),#4194);
#4191 = B_SPLINE_CURVE_WITH_KNOTS('',1,(#4192,#4193),.UNSPECIFIED.,.F.,
  .F.,(2,2),(4.94482035405E-02,1.34944820354),.PIECEWISE_BEZIER_KNOTS.);
#4192 = CARTESIAN_POINT('',(1.3,-0.1));
#4193 = CARTESIAN_POINT('',(0.,-0.1));
#4194 = ( GEOMETRIC_REPRESENTATION_CONTEXT(2) 
PARAMETRIC_REPRESENTATION_CONTEXT() REPRESENTATION_CONTEXT('2D SPACE',''
  ) );
#4195 = ORIENTED_EDGE('',*,*,#4196,.F.);
#4196 = EDGE_CURVE('',#4197,#4171,#4199,.T.);
#4197 = VERTEX_POINT('',#4198);
#4198 = CARTESIAN_POINT('',(13.775,0.65,2.861008928571));
#4199 = SURFACE_CURVE('',#4200,(#4204,#4210),.PCURVE_S1.);
#4200 = LINE('',#4201,#4202);
#4201 = CARTESIAN_POINT('',(13.775,-0.324999997291,2.861008928571));
#4202 = VECTOR('',#4203,1.);
#4203 = DIRECTION('',(2.22044604925E-16,-1.,0.));
#4204 = PCURVE('',#1025,#4205);
#4205 = DEFINITIONAL_REPRESENTATION('',(#4206),#4209);
#4206 = B_SPLINE_CURVE_WITH_KNOTS('',1,(#4207,#4208),.UNSPECIFIED.,.F.,
  .F.,(2,2),(-0.974999997291,0.325000002709),.PIECEWISE_BEZIER_KNOTS.);
#4207 = CARTESIAN_POINT('',(1.398896407081,0.649999994582));
#4208 = CARTESIAN_POINT('',(1.398896407081,-0.650000005418));
#4209 = ( GEOMETRIC_REPRESENTATION_CONTEXT(2) 
PARAMETRIC_REPRESENTATION_CONTEXT() REPRESENTATION_CONTEXT('2D SPACE',''
  ) );
#4210 = PCURVE('',#4211,#4216);
#4211 = PLANE('',#4212);
#4212 = AXIS2_PLACEMENT_3D('',#4213,#4214,#4215);
#4213 = CARTESIAN_POINT('',(13.775,-0.65,2.761008928571));
#4214 = DIRECTION('',(-1.,-2.22044604925E-16,0.));
#4215 = DIRECTION('',(-2.22044604925E-16,1.,0.));
#4216 = DEFINITIONAL_REPRESENTATION('',(#4217),#4220);
#4217 = B_SPLINE_CURVE_WITH_KNOTS('',1,(#4218,#4219),.UNSPECIFIED.,.F.,
  .F.,(2,2),(-0.974999997291,0.325000002709),.PIECEWISE_BEZIER_KNOTS.);
#4218 = CARTESIAN_POINT('',(1.3,-0.1));
#4219 = CARTESIAN_POINT('',(0.,-0.1));
#4220 = ( GEOMETRIC_REPRESENTATION_CONTEXT(2) 
PARAMETRIC_REPRESENTATION_CONTEXT() REPRESENTATION_CONTEXT('2D SPACE',''
  ) );
#4221 = ORIENTED_EDGE('',*,*,#4222,.F.);
#4222 = EDGE_CURVE('',#4223,#4197,#4225,.T.);
#4223 = VERTEX_POINT('',#4224);
#4224 = CARTESIAN_POINT('',(14.075,0.65,2.861008928571));
#4225 = SURFACE_CURVE('',#4226,(#4230,#4236),.PCURVE_S1.);
#4226 = LINE('',#4227,#4228);
#4227 = CARTESIAN_POINT('',(13.075551796459,0.65,2.861008928571));
#4228 = VECTOR('',#4229,1.);
#4229 = DIRECTION('',(-1.,-2.22044604925E-16,0.));
#4230 = PCURVE('',#1025,#4231);
#4231 = DEFINITIONAL_REPRESENTATION('',(#4232),#4235);
#4232 = B_SPLINE_CURVE_WITH_KNOTS('',1,(#4233,#4234),.UNSPECIFIED.,.F.,
  .F.,(2,2),(-0.99944820354,-0.699448203541),.PIECEWISE_BEZIER_KNOTS.);
#4233 = CARTESIAN_POINT('',(1.698896407081,0.649999994582));
#4234 = CARTESIAN_POINT('',(1.398896407081,0.649999994582));
#4235 = ( GEOMETRIC_REPRESENTATION_CONTEXT(2) 
PARAMETRIC_REPRESENTATION_CONTEXT() REPRESENTATION_CONTEXT('2D SPACE',''
  ) );
#4236 = PCURVE('',#4237,#4242);
#4237 = PLANE('',#4238);
#4238 = AXIS2_PLACEMENT_3D('',#4239,#4240,#4241);
#4239 = CARTESIAN_POINT('',(13.775,0.65,2.761008928571));
#4240 = DIRECTION('',(-2.22044604925E-16,1.,0.));
#4241 = DIRECTION('',(1.,2.22044604925E-16,0.));
#4242 = DEFINITIONAL_REPRESENTATION('',(#4243),#4246);
#4243 = B_SPLINE_CURVE_WITH_KNOTS('',1,(#4244,#4245),.UNSPECIFIED.,.F.,
  .F.,(2,2),(-0.99944820354,-0.699448203541),.PIECEWISE_BEZIER_KNOTS.);
#4244 = CARTESIAN_POINT('',(0.3,-0.1));
#4245 = CARTESIAN_POINT('',(0.,-0.1));
#4246 = ( GEOMETRIC_REPRESENTATION_CONTEXT(2) 
PARAMETRIC_REPRESENTATION_CONTEXT() REPRESENTATION_CONTEXT('2D SPACE',''
  ) );
#4247 = ORIENTED_EDGE('',*,*,#4248,.T.);
#4248 = EDGE_CURVE('',#4223,#4249,#4251,.T.);
#4249 = VERTEX_POINT('',#4250);
#4250 = CARTESIAN_POINT('',(14.075,-0.35,2.861008928571));
#4251 = SURFACE_CURVE('',#4252,(#4256,#4262),.PCURVE_S1.);
#4252 = LINE('',#4253,#4254);
#4253 = CARTESIAN_POINT('',(14.075,-0.174999997291,2.861008928571));
#4254 = VECTOR('',#4255,1.);
#4255 = DIRECTION('',(2.22044604925E-16,-1.,0.));
#4256 = PCURVE('',#1025,#4257);
#4257 = DEFINITIONAL_REPRESENTATION('',(#4258),#4261);
#4258 = B_SPLINE_CURVE_WITH_KNOTS('',1,(#4259,#4260),.UNSPECIFIED.,.F.,
  .F.,(2,2),(-0.824999997291,0.175000002709),.PIECEWISE_BEZIER_KNOTS.);
#4259 = CARTESIAN_POINT('',(1.698896407081,0.649999994582));
#4260 = CARTESIAN_POINT('',(1.698896407081,-0.350000005418));
#4261 = ( GEOMETRIC_REPRESENTATION_CONTEXT(2) 
PARAMETRIC_REPRESENTATION_CONTEXT() REPRESENTATION_CONTEXT('2D SPACE',''
  ) );
#4262 = PCURVE('',#4263,#4268);
#4263 = PLANE('',#4264);
#4264 = AXIS2_PLACEMENT_3D('',#4265,#4266,#4267);
#4265 = CARTESIAN_POINT('',(14.075,-0.35,2.761008928571));
#4266 = DIRECTION('',(-1.,-2.22044604925E-16,0.));
#4267 = DIRECTION('',(-2.22044604925E-16,1.,0.));
#4268 = DEFINITIONAL_REPRESENTATION('',(#4269),#4272);
#4269 = B_SPLINE_CURVE_WITH_KNOTS('',1,(#4270,#4271),.UNSPECIFIED.,.F.,
  .F.,(2,2),(-0.824999997291,0.175000002709),.PIECEWISE_BEZIER_KNOTS.);
#4270 = CARTESIAN_POINT('',(1.,-0.1));
#4271 = CARTESIAN_POINT('',(0.,-0.1));
#4272 = ( GEOMETRIC_REPRESENTATION_CONTEXT(2) 
PARAMETRIC_REPRESENTATION_CONTEXT() REPRESENTATION_CONTEXT('2D SPACE',''
  ) );
#4273 = ORIENTED_EDGE('',*,*,#4274,.T.);
#4274 = EDGE_CURVE('',#4249,#4275,#4277,.T.);
#4275 = VERTEX_POINT('',#4276);
#4276 = CARTESIAN_POINT('',(14.775,-0.35,2.861008928571));
#4277 = SURFACE_CURVE('',#4278,(#4282,#4288),.PCURVE_S1.);
#4278 = LINE('',#4279,#4280);
#4279 = CARTESIAN_POINT('',(13.575551796459,-0.35,2.861008928571));
#4280 = VECTOR('',#4281,1.);
#4281 = DIRECTION('',(1.,2.22044604925E-16,0.));
#4282 = PCURVE('',#1025,#4283);
#4283 = DEFINITIONAL_REPRESENTATION('',(#4284),#4287);
#4284 = B_SPLINE_CURVE_WITH_KNOTS('',1,(#4285,#4286),.UNSPECIFIED.,.F.,
  .F.,(2,2),(0.49944820354,1.199448203541),.PIECEWISE_BEZIER_KNOTS.);
#4285 = CARTESIAN_POINT('',(1.698896407081,-0.350000005418));
#4286 = CARTESIAN_POINT('',(2.398896407081,-0.350000005418));
#4287 = ( GEOMETRIC_REPRESENTATION_CONTEXT(2) 
PARAMETRIC_REPRESENTATION_CONTEXT() REPRESENTATION_CONTEXT('2D SPACE',''
  ) );
#4288 = PCURVE('',#4289,#4294);
#4289 = PLANE('',#4290);
#4290 = AXIS2_PLACEMENT_3D('',#4291,#4292,#4293);
#4291 = CARTESIAN_POINT('',(14.775,-0.35,2.761008928571));
#4292 = DIRECTION('',(2.22044604925E-16,-1.,0.));
#4293 = DIRECTION('',(-1.,-2.22044604925E-16,0.));
#4294 = DEFINITIONAL_REPRESENTATION('',(#4295),#4298);
#4295 = B_SPLINE_CURVE_WITH_KNOTS('',1,(#4296,#4297),.UNSPECIFIED.,.F.,
  .F.,(2,2),(0.49944820354,1.199448203541),.PIECEWISE_BEZIER_KNOTS.);
#4296 = CARTESIAN_POINT('',(0.7,-0.1));
#4297 = CARTESIAN_POINT('',(0.,-0.1));
#4298 = ( GEOMETRIC_REPRESENTATION_CONTEXT(2) 
PARAMETRIC_REPRESENTATION_CONTEXT() REPRESENTATION_CONTEXT('2D SPACE',''
  ) );
#4299 = ORIENTED_EDGE('',*,*,#4300,.T.);
#4300 = EDGE_CURVE('',#4275,#4301,#4303,.T.);
#4301 = VERTEX_POINT('',#4302);
#4302 = CARTESIAN_POINT('',(14.775,1.35,2.861008928571));
#4303 = SURFACE_CURVE('',#4304,(#4308,#4314),.PCURVE_S1.);
#4304 = LINE('',#4305,#4306);
#4305 = CARTESIAN_POINT('',(14.775,0.675000002709,2.861008928571));
#4306 = VECTOR('',#4307,1.);
#4307 = DIRECTION('',(-2.22044604925E-16,1.,0.));
#4308 = PCURVE('',#1025,#4309);
#4309 = DEFINITIONAL_REPRESENTATION('',(#4310),#4313);
#4310 = B_SPLINE_CURVE_WITH_KNOTS('',1,(#4311,#4312),.UNSPECIFIED.,.F.,
  .F.,(2,2),(-1.025000002709,0.674999997291),.PIECEWISE_BEZIER_KNOTS.);
#4311 = CARTESIAN_POINT('',(2.398896407081,-0.350000005418));
#4312 = CARTESIAN_POINT('',(2.398896407081,1.349999994582));
#4313 = ( GEOMETRIC_REPRESENTATION_CONTEXT(2) 
PARAMETRIC_REPRESENTATION_CONTEXT() REPRESENTATION_CONTEXT('2D SPACE',''
  ) );
#4314 = PCURVE('',#4315,#4320);
#4315 = PLANE('',#4316);
#4316 = AXIS2_PLACEMENT_3D('',#4317,#4318,#4319);
#4317 = CARTESIAN_POINT('',(14.775,1.35,2.761008928571));
#4318 = DIRECTION('',(1.,2.22044604925E-16,0.));
#4319 = DIRECTION('',(2.22044604925E-16,-1.,0.));
#4320 = DEFINITIONAL_REPRESENTATION('',(#4321),#4324);
#4321 = B_SPLINE_CURVE_WITH_KNOTS('',1,(#4322,#4323),.UNSPECIFIED.,.F.,
  .F.,(2,2),(-1.025000002709,0.674999997291),.PIECEWISE_BEZIER_KNOTS.);
#4322 = CARTESIAN_POINT('',(1.7,-0.1));
#4323 = CARTESIAN_POINT('',(0.,-0.1));
#4324 = ( GEOMETRIC_REPRESENTATION_CONTEXT(2) 
PARAMETRIC_REPRESENTATION_CONTEXT() REPRESENTATION_CONTEXT('2D SPACE',''
  ) );
#4325 = ORIENTED_EDGE('',*,*,#4326,.F.);
#4326 = EDGE_CURVE('',#4327,#4301,#4329,.T.);
#4327 = VERTEX_POINT('',#4328);
#4328 = CARTESIAN_POINT('',(12.375,1.35,2.861008928571));
#4329 = SURFACE_CURVE('',#4330,(#4334,#4340),.PCURVE_S1.);
#4330 = LINE('',#4331,#4332);
#4331 = CARTESIAN_POINT('',(13.575551796459,1.35,2.861008928571));
#4332 = VECTOR('',#4333,1.);
#4333 = DIRECTION('',(1.,2.22044604925E-16,0.));
#4334 = PCURVE('',#1025,#4335);
#4335 = DEFINITIONAL_REPRESENTATION('',(#4336),#4339);
#4336 = B_SPLINE_CURVE_WITH_KNOTS('',1,(#4337,#4338),.UNSPECIFIED.,.F.,
  .F.,(2,2),(-1.20055179646,1.199448203541),.PIECEWISE_BEZIER_KNOTS.);
#4337 = CARTESIAN_POINT('',(-1.103592919002E-03,1.349999994582));
#4338 = CARTESIAN_POINT('',(2.398896407081,1.349999994582));
#4339 = ( GEOMETRIC_REPRESENTATION_CONTEXT(2) 
PARAMETRIC_REPRESENTATION_CONTEXT() REPRESENTATION_CONTEXT('2D SPACE',''
  ) );
#4340 = PCURVE('',#4341,#4346);
#4341 = PLANE('',#4342);
#4342 = AXIS2_PLACEMENT_3D('',#4343,#4344,#4345);
#4343 = CARTESIAN_POINT('',(14.775,1.35,2.761008928571));
#4344 = DIRECTION('',(2.22044604925E-16,-1.,0.));
#4345 = DIRECTION('',(-1.,-2.22044604925E-16,0.));
#4346 = DEFINITIONAL_REPRESENTATION('',(#4347),#4350);
#4347 = B_SPLINE_CURVE_WITH_KNOTS('',1,(#4348,#4349),.UNSPECIFIED.,.F.,
  .F.,(2,2),(-1.20055179646,1.199448203541),.PIECEWISE_BEZIER_KNOTS.);
#4348 = CARTESIAN_POINT('',(2.4,-0.1));
#4349 = CARTESIAN_POINT('',(0.,-0.1));
#4350 = ( GEOMETRIC_REPRESENTATION_CONTEXT(2) 
PARAMETRIC_REPRESENTATION_CONTEXT() REPRESENTATION_CONTEXT('2D SPACE',''
  ) );
#4351 = ORIENTED_EDGE('',*,*,#4352,.F.);
#4352 = EDGE_CURVE('',#4353,#4327,#4355,.T.);
#4353 = VERTEX_POINT('',#4354);
#4354 = CARTESIAN_POINT('',(12.375,0.65,2.861008928571));
#4355 = SURFACE_CURVE('',#4356,(#4360,#4366),.PCURVE_S1.);
#4356 = LINE('',#4357,#4358);
#4357 = CARTESIAN_POINT('',(12.375,0.675000002709,2.861008928571));
#4358 = VECTOR('',#4359,1.);
#4359 = DIRECTION('',(-2.22044604925E-16,1.,0.));
#4360 = PCURVE('',#1025,#4361);
#4361 = DEFINITIONAL_REPRESENTATION('',(#4362),#4365);
#4362 = B_SPLINE_CURVE_WITH_KNOTS('',1,(#4363,#4364),.UNSPECIFIED.,.F.,
  .F.,(2,2),(-2.500000270886E-02,0.674999997291),
  .PIECEWISE_BEZIER_KNOTS.);
#4363 = CARTESIAN_POINT('',(-1.103592919002E-03,0.649999994582));
#4364 = CARTESIAN_POINT('',(-1.103592919002E-03,1.349999994582));
#4365 = ( GEOMETRIC_REPRESENTATION_CONTEXT(2) 
PARAMETRIC_REPRESENTATION_CONTEXT() REPRESENTATION_CONTEXT('2D SPACE',''
  ) );
#4366 = PCURVE('',#4367,#4372);
#4367 = PLANE('',#4368);
#4368 = AXIS2_PLACEMENT_3D('',#4369,#4370,#4371);
#4369 = CARTESIAN_POINT('',(12.375,1.35,2.761008928571));
#4370 = DIRECTION('',(1.,2.22044604925E-16,0.));
#4371 = DIRECTION('',(2.22044604925E-16,-1.,0.));
#4372 = DEFINITIONAL_REPRESENTATION('',(#4373),#4376);
#4373 = B_SPLINE_CURVE_WITH_KNOTS('',1,(#4374,#4375),.UNSPECIFIED.,.F.,
  .F.,(2,2),(-2.500000270886E-02,0.674999997291),
  .PIECEWISE_BEZIER_KNOTS.);
#4374 = CARTESIAN_POINT('',(0.7,-0.1));
#4375 = CARTESIAN_POINT('',(0.,-0.1));
#4376 = ( GEOMETRIC_REPRESENTATION_CONTEXT(2) 
PARAMETRIC_REPRESENTATION_CONTEXT() REPRESENTATION_CONTEXT('2D SPACE',''
  ) );
#4377 = ORIENTED_EDGE('',*,*,#4378,.F.);
#4378 = EDGE_CURVE('',#4379,#4353,#4381,.T.);
#4379 = VERTEX_POINT('',#4380);
#4380 = CARTESIAN_POINT('',(13.075,0.65,2.861008928571));
#4381 = SURFACE_CURVE('',#4382,(#4386,#4392),.PCURVE_S1.);
#4382 = LINE('',#4383,#4384);
#4383 = CARTESIAN_POINT('',(12.375551796459,0.65,2.861008928571));
#4384 = VECTOR('',#4385,1.);
#4385 = DIRECTION('',(-1.,-2.22044604925E-16,0.));
#4386 = PCURVE('',#1025,#4387);
#4387 = DEFINITIONAL_REPRESENTATION('',(#4388),#4391);
#4388 = B_SPLINE_CURVE_WITH_KNOTS('',1,(#4389,#4390),.UNSPECIFIED.,.F.,
  .F.,(2,2),(-0.699448203541,5.517964595008E-04),
  .PIECEWISE_BEZIER_KNOTS.);
#4389 = CARTESIAN_POINT('',(0.698896407081,0.649999994582));
#4390 = CARTESIAN_POINT('',(-1.103592919002E-03,0.649999994582));
#4391 = ( GEOMETRIC_REPRESENTATION_CONTEXT(2) 
PARAMETRIC_REPRESENTATION_CONTEXT() REPRESENTATION_CONTEXT('2D SPACE',''
  ) );
#4392 = PCURVE('',#4393,#4398);
#4393 = PLANE('',#4394);
#4394 = AXIS2_PLACEMENT_3D('',#4395,#4396,#4397);
#4395 = CARTESIAN_POINT('',(12.375,0.65,2.761008928571));
#4396 = DIRECTION('',(-2.22044604925E-16,1.,0.));
#4397 = DIRECTION('',(1.,2.22044604925E-16,0.));
#4398 = DEFINITIONAL_REPRESENTATION('',(#4399),#4402);
#4399 = B_SPLINE_CURVE_WITH_KNOTS('',1,(#4400,#4401),.UNSPECIFIED.,.F.,
  .F.,(2,2),(-0.699448203541,5.517964595008E-04),
  .PIECEWISE_BEZIER_KNOTS.);
#4400 = CARTESIAN_POINT('',(0.7,-0.1));
#4401 = CARTESIAN_POINT('',(0.,-0.1));
#4402 = ( GEOMETRIC_REPRESENTATION_CONTEXT(2) 
PARAMETRIC_REPRESENTATION_CONTEXT() REPRESENTATION_CONTEXT('2D SPACE',''
  ) );
#4403 = ORIENTED_EDGE('',*,*,#4404,.F.);
#4404 = EDGE_CURVE('',#4405,#4379,#4407,.T.);
#4405 = VERTEX_POINT('',#4406);
#4406 = CARTESIAN_POINT('',(13.075,-0.65,2.861008928571));
#4407 = SURFACE_CURVE('',#4408,(#4412,#4418),.PCURVE_S1.);
#4408 = LINE('',#4409,#4410);
#4409 = CARTESIAN_POINT('',(13.075,0.325000002709,2.861008928571));
#4410 = VECTOR('',#4411,1.);
#4411 = DIRECTION('',(-2.22044604925E-16,1.,0.));
#4412 = PCURVE('',#1025,#4413);
#4413 = DEFINITIONAL_REPRESENTATION('',(#4414),#4417);
#4414 = B_SPLINE_CURVE_WITH_KNOTS('',1,(#4415,#4416),.UNSPECIFIED.,.F.,
  .F.,(2,2),(-0.975000002709,0.324999997291),.PIECEWISE_BEZIER_KNOTS.);
#4415 = CARTESIAN_POINT('',(0.698896407081,-0.650000005418));
#4416 = CARTESIAN_POINT('',(0.698896407081,0.649999994582));
#4417 = ( GEOMETRIC_REPRESENTATION_CONTEXT(2) 
PARAMETRIC_REPRESENTATION_CONTEXT() REPRESENTATION_CONTEXT('2D SPACE',''
  ) );
#4418 = PCURVE('',#4419,#4424);
#4419 = PLANE('',#4420);
#4420 = AXIS2_PLACEMENT_3D('',#4421,#4422,#4423);
#4421 = CARTESIAN_POINT('',(13.075,0.65,2.761008928571));
#4422 = DIRECTION('',(1.,2.22044604925E-16,0.));
#4423 = DIRECTION('',(2.22044604925E-16,-1.,0.));
#4424 = DEFINITIONAL_REPRESENTATION('',(#4425),#4428);
#4425 = B_SPLINE_CURVE_WITH_KNOTS('',1,(#4426,#4427),.UNSPECIFIED.,.F.,
  .F.,(2,2),(-0.975000002709,0.324999997291),.PIECEWISE_BEZIER_KNOTS.);
#4426 = CARTESIAN_POINT('',(1.3,-0.1));
#4427 = CARTESIAN_POINT('',(0.,-0.1));
#4428 = ( GEOMETRIC_REPRESENTATION_CONTEXT(2) 
PARAMETRIC_REPRESENTATION_CONTEXT() REPRESENTATION_CONTEXT('2D SPACE',''
  ) );
#4429 = ORIENTED_EDGE('',*,*,#4430,.T.);
#4430 = EDGE_CURVE('',#4405,#4431,#4433,.T.);
#4431 = VERTEX_POINT('',#4432);
#4432 = CARTESIAN_POINT('',(12.375,-0.65,2.861008928571));
#4433 = SURFACE_CURVE('',#4434,(#4438,#4444),.PCURVE_S1.);
#4434 = LINE('',#4435,#4436);
#4435 = CARTESIAN_POINT('',(12.375551796459,-0.65,2.861008928571));
#4436 = VECTOR('',#4437,1.);
#4437 = DIRECTION('',(-1.,-2.22044604925E-16,0.));
#4438 = PCURVE('',#1025,#4439);
#4439 = DEFINITIONAL_REPRESENTATION('',(#4440),#4443);
#4440 = B_SPLINE_CURVE_WITH_KNOTS('',1,(#4441,#4442),.UNSPECIFIED.,.F.,
  .F.,(2,2),(-0.699448203541,5.517964595008E-04),
  .PIECEWISE_BEZIER_KNOTS.);
#4441 = CARTESIAN_POINT('',(0.698896407081,-0.650000005418));
#4442 = CARTESIAN_POINT('',(-1.103592919002E-03,-0.650000005418));
#4443 = ( GEOMETRIC_REPRESENTATION_CONTEXT(2) 
PARAMETRIC_REPRESENTATION_CONTEXT() REPRESENTATION_CONTEXT('2D SPACE',''
  ) );
#4444 = PCURVE('',#4445,#4450);
#4445 = PLANE('',#4446);
#4446 = AXIS2_PLACEMENT_3D('',#4447,#4448,#4449);
#4447 = CARTESIAN_POINT('',(12.375,-0.65,2.761008928571));
#4448 = DIRECTION('',(-2.22044604925E-16,1.,0.));
#4449 = DIRECTION('',(1.,2.22044604925E-16,0.));
#4450 = DEFINITIONAL_REPRESENTATION('',(#4451),#4454);
#4451 = B_SPLINE_CURVE_WITH_KNOTS('',1,(#4452,#4453),.UNSPECIFIED.,.F.,
  .F.,(2,2),(-0.699448203541,5.517964595008E-04),
  .PIECEWISE_BEZIER_KNOTS.);
#4452 = CARTESIAN_POINT('',(0.7,-0.1));
#4453 = CARTESIAN_POINT('',(0.,-0.1));
#4454 = ( GEOMETRIC_REPRESENTATION_CONTEXT(2) 
PARAMETRIC_REPRESENTATION_CONTEXT() REPRESENTATION_CONTEXT('2D SPACE',''
  ) );
#4455 = ORIENTED_EDGE('',*,*,#4456,.T.);
#4456 = EDGE_CURVE('',#4431,#4457,#4459,.T.);
#4457 = VERTEX_POINT('',#4458);
#4458 = CARTESIAN_POINT('',(12.375,-1.35,2.861008928571));
#4459 = SURFACE_CURVE('',#4460,(#4464,#4470),.PCURVE_S1.);
#4460 = LINE('',#4461,#4462);
#4461 = CARTESIAN_POINT('',(12.375,-0.674999997291,2.861008928571));
#4462 = VECTOR('',#4463,1.);
#4463 = DIRECTION('',(2.22044604925E-16,-1.,0.));
#4464 = PCURVE('',#1025,#4465);
#4465 = DEFINITIONAL_REPRESENTATION('',(#4466),#4469);
#4466 = B_SPLINE_CURVE_WITH_KNOTS('',1,(#4467,#4468),.UNSPECIFIED.,.F.,
  .F.,(2,2),(-2.499999729114E-02,0.675000002709),
  .PIECEWISE_BEZIER_KNOTS.);
#4467 = CARTESIAN_POINT('',(-1.103592919002E-03,-0.650000005418));
#4468 = CARTESIAN_POINT('',(-1.103592919001E-03,-1.350000005418));
#4469 = ( GEOMETRIC_REPRESENTATION_CONTEXT(2) 
PARAMETRIC_REPRESENTATION_CONTEXT() REPRESENTATION_CONTEXT('2D SPACE',''
  ) );
#4470 = PCURVE('',#4471,#4476);
#4471 = PLANE('',#4472);
#4472 = AXIS2_PLACEMENT_3D('',#4473,#4474,#4475);
#4473 = CARTESIAN_POINT('',(12.375,-1.35,2.761008928571));
#4474 = DIRECTION('',(-1.,-2.22044604925E-16,0.));
#4475 = DIRECTION('',(-2.22044604925E-16,1.,0.));
#4476 = DEFINITIONAL_REPRESENTATION('',(#4477),#4480);
#4477 = B_SPLINE_CURVE_WITH_KNOTS('',1,(#4478,#4479),.UNSPECIFIED.,.F.,
  .F.,(2,2),(-2.499999729114E-02,0.675000002709),
  .PIECEWISE_BEZIER_KNOTS.);
#4478 = CARTESIAN_POINT('',(0.7,-0.1));
#4479 = CARTESIAN_POINT('',(0.,-0.1));
#4480 = ( GEOMETRIC_REPRESENTATION_CONTEXT(2) 
PARAMETRIC_REPRESENTATION_CONTEXT() REPRESENTATION_CONTEXT('2D SPACE',''
  ) );
#4481 = ORIENTED_EDGE('',*,*,#4482,.T.);
#4482 = EDGE_CURVE('',#4457,#4483,#4485,.T.);
#4483 = VERTEX_POINT('',#4484);
#4484 = CARTESIAN_POINT('',(15.075,-1.35,2.861008928571));
#4485 = SURFACE_CURVE('',#4486,(#4490,#4496),.PCURVE_S1.);
#4486 = LINE('',#4487,#4488);
#4487 = CARTESIAN_POINT('',(13.725551796459,-1.35,2.861008928571));
#4488 = VECTOR('',#4489,1.);
#4489 = DIRECTION('',(1.,2.22044604925E-16,0.));
#4490 = PCURVE('',#1025,#4491);
#4491 = DEFINITIONAL_REPRESENTATION('',(#4492),#4495);
#4492 = B_SPLINE_CURVE_WITH_KNOTS('',1,(#4493,#4494),.UNSPECIFIED.,.F.,
  .F.,(2,2),(-1.35055179646,1.349448203541),.PIECEWISE_BEZIER_KNOTS.);
#4493 = CARTESIAN_POINT('',(-1.103592919002E-03,-1.350000005418));
#4494 = CARTESIAN_POINT('',(2.698896407081,-1.350000005418));
#4495 = ( GEOMETRIC_REPRESENTATION_CONTEXT(2) 
PARAMETRIC_REPRESENTATION_CONTEXT() REPRESENTATION_CONTEXT('2D SPACE',''
  ) );
#4496 = PCURVE('',#4497,#4502);
#4497 = PLANE('',#4498);
#4498 = AXIS2_PLACEMENT_3D('',#4499,#4500,#4501);
#4499 = CARTESIAN_POINT('',(15.075,-1.35,2.761008928571));
#4500 = DIRECTION('',(2.22044604925E-16,-1.,0.));
#4501 = DIRECTION('',(-1.,-2.22044604925E-16,0.));
#4502 = DEFINITIONAL_REPRESENTATION('',(#4503),#4506);
#4503 = B_SPLINE_CURVE_WITH_KNOTS('',1,(#4504,#4505),.UNSPECIFIED.,.F.,
  .F.,(2,2),(-1.35055179646,1.349448203541),.PIECEWISE_BEZIER_KNOTS.);
#4504 = CARTESIAN_POINT('',(2.7,-0.1));
#4505 = CARTESIAN_POINT('',(0.,-0.1));
#4506 = ( GEOMETRIC_REPRESENTATION_CONTEXT(2) 
PARAMETRIC_REPRESENTATION_CONTEXT() REPRESENTATION_CONTEXT('2D SPACE',''
  ) );
#4507 = ORIENTED_EDGE('',*,*,#4508,.F.);
#4508 = EDGE_CURVE('',#4509,#4483,#4511,.T.);
#4509 = VERTEX_POINT('',#4510);
#4510 = CARTESIAN_POINT('',(15.075,-1.65,2.861008928571));
#4511 = SURFACE_CURVE('',#4512,(#4516,#4522),.PCURVE_S1.);
#4512 = LINE('',#4513,#4514);
#4513 = CARTESIAN_POINT('',(15.075,-0.674999997291,2.861008928571));
#4514 = VECTOR('',#4515,1.);
#4515 = DIRECTION('',(5.699144859742E-15,1.,0.));
#4516 = PCURVE('',#1025,#4517);
#4517 = DEFINITIONAL_REPRESENTATION('',(#4518),#4521);
#4518 = B_SPLINE_CURVE_WITH_KNOTS('',1,(#4519,#4520),.UNSPECIFIED.,.F.,
  .F.,(2,2),(-0.975000002709,-0.675000002709),.PIECEWISE_BEZIER_KNOTS.);
#4519 = CARTESIAN_POINT('',(2.698896407081,-1.650000005418));
#4520 = CARTESIAN_POINT('',(2.698896407081,-1.350000005418));
#4521 = ( GEOMETRIC_REPRESENTATION_CONTEXT(2) 
PARAMETRIC_REPRESENTATION_CONTEXT() REPRESENTATION_CONTEXT('2D SPACE',''
  ) );
#4522 = PCURVE('',#4523,#4528);
#4523 = PLANE('',#4524);
#4524 = AXIS2_PLACEMENT_3D('',#4525,#4526,#4527);
#4525 = CARTESIAN_POINT('',(15.075,-1.35,2.761008928571));
#4526 = DIRECTION('',(1.,-5.699144859742E-15,0.));
#4527 = DIRECTION('',(-5.699144859742E-15,-1.,0.));
#4528 = DEFINITIONAL_REPRESENTATION('',(#4529),#4532);
#4529 = B_SPLINE_CURVE_WITH_KNOTS('',1,(#4530,#4531),.UNSPECIFIED.,.F.,
  .F.,(2,2),(-0.975000002709,-0.675000002709),.PIECEWISE_BEZIER_KNOTS.);
#4530 = CARTESIAN_POINT('',(0.3,-0.1));
#4531 = CARTESIAN_POINT('',(0.,-0.1));
#4532 = ( GEOMETRIC_REPRESENTATION_CONTEXT(2) 
PARAMETRIC_REPRESENTATION_CONTEXT() REPRESENTATION_CONTEXT('2D SPACE',''
  ) );
#4533 = ORIENTED_EDGE('',*,*,#4534,.F.);
#4534 = EDGE_CURVE('',#4535,#4509,#4537,.T.);
#4535 = VERTEX_POINT('',#4536);
#4536 = CARTESIAN_POINT('',(12.075,-1.65,2.861008928571));
#4537 = SURFACE_CURVE('',#4538,(#4542,#4548),.PCURVE_S1.);
#4538 = LINE('',#4539,#4540);
#4539 = CARTESIAN_POINT('',(13.725551796459,-1.65,2.861008928571));
#4540 = VECTOR('',#4541,1.);
#4541 = DIRECTION('',(1.,2.22044604925E-16,0.));
#4542 = PCURVE('',#1025,#4543);
#4543 = DEFINITIONAL_REPRESENTATION('',(#4544),#4547);
#4544 = B_SPLINE_CURVE_WITH_KNOTS('',1,(#4545,#4546),.UNSPECIFIED.,.F.,
  .F.,(2,2),(-1.65055179646,1.34944820354),.PIECEWISE_BEZIER_KNOTS.);
#4545 = CARTESIAN_POINT('',(-0.301103592919,-1.650000005418));
#4546 = CARTESIAN_POINT('',(2.698896407081,-1.650000005418));
#4547 = ( GEOMETRIC_REPRESENTATION_CONTEXT(2) 
PARAMETRIC_REPRESENTATION_CONTEXT() REPRESENTATION_CONTEXT('2D SPACE',''
  ) );
#4548 = PCURVE('',#4549,#4554);
#4549 = PLANE('',#4550);
#4550 = AXIS2_PLACEMENT_3D('',#4551,#4552,#4553);
#4551 = CARTESIAN_POINT('',(15.075,-1.65,2.761008928571));
#4552 = DIRECTION('',(2.22044604925E-16,-1.,0.));
#4553 = DIRECTION('',(-1.,-2.22044604925E-16,0.));
#4554 = DEFINITIONAL_REPRESENTATION('',(#4555),#4558);
#4555 = B_SPLINE_CURVE_WITH_KNOTS('',1,(#4556,#4557),.UNSPECIFIED.,.F.,
  .F.,(2,2),(-1.65055179646,1.34944820354),.PIECEWISE_BEZIER_KNOTS.);
#4556 = CARTESIAN_POINT('',(3.,-0.1));
#4557 = CARTESIAN_POINT('',(0.,-0.1));
#4558 = ( GEOMETRIC_REPRESENTATION_CONTEXT(2) 
PARAMETRIC_REPRESENTATION_CONTEXT() REPRESENTATION_CONTEXT('2D SPACE',''
  ) );
#4559 = ORIENTED_EDGE('',*,*,#4560,.F.);
#4560 = EDGE_CURVE('',#4561,#4535,#4563,.T.);
#4561 = VERTEX_POINT('',#4562);
#4562 = CARTESIAN_POINT('',(12.075,-0.35,2.861008928571));
#4563 = SURFACE_CURVE('',#4564,(#4568,#4574),.PCURVE_S1.);
#4564 = LINE('',#4565,#4566);
#4565 = CARTESIAN_POINT('',(12.075,-0.824999997291,2.861008928571));
#4566 = VECTOR('',#4567,1.);
#4567 = DIRECTION('',(2.22044604925E-16,-1.,0.));
#4568 = PCURVE('',#1025,#4569);
#4569 = DEFINITIONAL_REPRESENTATION('',(#4570),#4573);
#4570 = B_SPLINE_CURVE_WITH_KNOTS('',1,(#4571,#4572),.UNSPECIFIED.,.F.,
  .F.,(2,2),(-0.474999997291,0.825000002709),.PIECEWISE_BEZIER_KNOTS.);
#4571 = CARTESIAN_POINT('',(-0.301103592919,-0.350000005418));
#4572 = CARTESIAN_POINT('',(-0.301103592919,-1.650000005418));
#4573 = ( GEOMETRIC_REPRESENTATION_CONTEXT(2) 
PARAMETRIC_REPRESENTATION_CONTEXT() REPRESENTATION_CONTEXT('2D SPACE',''
  ) );
#4574 = PCURVE('',#4575,#4580);
#4575 = PLANE('',#4576);
#4576 = AXIS2_PLACEMENT_3D('',#4577,#4578,#4579);
#4577 = CARTESIAN_POINT('',(12.075,-1.65,2.761008928571));
#4578 = DIRECTION('',(-1.,-2.22044604925E-16,0.));
#4579 = DIRECTION('',(-2.22044604925E-16,1.,0.));
#4580 = DEFINITIONAL_REPRESENTATION('',(#4581),#4584);
#4581 = B_SPLINE_CURVE_WITH_KNOTS('',1,(#4582,#4583),.UNSPECIFIED.,.F.,
  .F.,(2,2),(-0.474999997291,0.825000002709),.PIECEWISE_BEZIER_KNOTS.);
#4582 = CARTESIAN_POINT('',(1.3,-0.1));
#4583 = CARTESIAN_POINT('',(0.,-0.1));
#4584 = ( GEOMETRIC_REPRESENTATION_CONTEXT(2) 
PARAMETRIC_REPRESENTATION_CONTEXT() REPRESENTATION_CONTEXT('2D SPACE',''
  ) );
#4585 = ORIENTED_EDGE('',*,*,#4586,.T.);
#4586 = EDGE_CURVE('',#4561,#4587,#4589,.T.);
#4587 = VERTEX_POINT('',#4588);
#4588 = CARTESIAN_POINT('',(12.775,-0.35,2.861008928571));
#4589 = SURFACE_CURVE('',#4590,(#4594,#4600),.PCURVE_S1.);
#4590 = LINE('',#4591,#4592);
#4591 = CARTESIAN_POINT('',(12.575551796459,-0.35,2.861008928571));
#4592 = VECTOR('',#4593,1.);
#4593 = DIRECTION('',(1.,2.22044604925E-16,0.));
#4594 = PCURVE('',#1025,#4595);
#4595 = DEFINITIONAL_REPRESENTATION('',(#4596),#4599);
#4596 = B_SPLINE_CURVE_WITH_KNOTS('',1,(#4597,#4598),.UNSPECIFIED.,.F.,
  .F.,(2,2),(-0.50055179646,0.199448203541),.PIECEWISE_BEZIER_KNOTS.);
#4597 = CARTESIAN_POINT('',(-0.301103592919,-0.350000005418));
#4598 = CARTESIAN_POINT('',(0.398896407081,-0.350000005418));
#4599 = ( GEOMETRIC_REPRESENTATION_CONTEXT(2) 
PARAMETRIC_REPRESENTATION_CONTEXT() REPRESENTATION_CONTEXT('2D SPACE',''
  ) );
#4600 = PCURVE('',#4601,#4606);
#4601 = PLANE('',#4602);
#4602 = AXIS2_PLACEMENT_3D('',#4603,#4604,#4605);
#4603 = CARTESIAN_POINT('',(12.775,-0.35,2.761008928571));
#4604 = DIRECTION('',(2.22044604925E-16,-1.,0.));
#4605 = DIRECTION('',(-1.,-2.22044604925E-16,0.));
#4606 = DEFINITIONAL_REPRESENTATION('',(#4607),#4610);
#4607 = B_SPLINE_CURVE_WITH_KNOTS('',1,(#4608,#4609),.UNSPECIFIED.,.F.,
  .F.,(2,2),(-0.50055179646,0.199448203541),.PIECEWISE_BEZIER_KNOTS.);
#4608 = CARTESIAN_POINT('',(0.7,-0.1));
#4609 = CARTESIAN_POINT('',(0.,-0.1));
#4610 = ( GEOMETRIC_REPRESENTATION_CONTEXT(2) 
PARAMETRIC_REPRESENTATION_CONTEXT() REPRESENTATION_CONTEXT('2D SPACE',''
  ) );
#4611 = ORIENTED_EDGE('',*,*,#4612,.T.);
#4612 = EDGE_CURVE('',#4587,#4613,#4615,.T.);
#4613 = VERTEX_POINT('',#4614);
#4614 = CARTESIAN_POINT('',(12.775,0.35,2.861008928571));
#4615 = SURFACE_CURVE('',#4616,(#4620,#4626),.PCURVE_S1.);
#4616 = LINE('',#4617,#4618);
#4617 = CARTESIAN_POINT('',(12.775,0.175000002709,2.861008928571));
#4618 = VECTOR('',#4619,1.);
#4619 = DIRECTION('',(-2.22044604925E-16,1.,0.));
#4620 = PCURVE('',#1025,#4621);
#4621 = DEFINITIONAL_REPRESENTATION('',(#4622),#4625);
#4622 = B_SPLINE_CURVE_WITH_KNOTS('',1,(#4623,#4624),.UNSPECIFIED.,.F.,
  .F.,(2,2),(-0.525000002709,0.174999997291),.PIECEWISE_BEZIER_KNOTS.);
#4623 = CARTESIAN_POINT('',(0.398896407081,-0.350000005418));
#4624 = CARTESIAN_POINT('',(0.398896407081,0.349999994582));
#4625 = ( GEOMETRIC_REPRESENTATION_CONTEXT(2) 
PARAMETRIC_REPRESENTATION_CONTEXT() REPRESENTATION_CONTEXT('2D SPACE',''
  ) );
#4626 = PCURVE('',#4627,#4632);
#4627 = PLANE('',#4628);
#4628 = AXIS2_PLACEMENT_3D('',#4629,#4630,#4631);
#4629 = CARTESIAN_POINT('',(12.775,0.35,2.761008928571));
#4630 = DIRECTION('',(1.,2.22044604925E-16,0.));
#4631 = DIRECTION('',(2.22044604925E-16,-1.,0.));
#4632 = DEFINITIONAL_REPRESENTATION('',(#4633),#4636);
#4633 = B_SPLINE_CURVE_WITH_KNOTS('',1,(#4634,#4635),.UNSPECIFIED.,.F.,
  .F.,(2,2),(-0.525000002709,0.174999997291),.PIECEWISE_BEZIER_KNOTS.);
#4634 = CARTESIAN_POINT('',(0.7,-0.1));
#4635 = CARTESIAN_POINT('',(0.,-0.1));
#4636 = ( GEOMETRIC_REPRESENTATION_CONTEXT(2) 
PARAMETRIC_REPRESENTATION_CONTEXT() REPRESENTATION_CONTEXT('2D SPACE',''
  ) );
#4637 = ORIENTED_EDGE('',*,*,#4638,.T.);
#4638 = EDGE_CURVE('',#4613,#4093,#4639,.T.);
#4639 = SURFACE_CURVE('',#4640,(#4644,#4650),.PCURVE_S1.);
#4640 = LINE('',#4641,#4642);
#4641 = CARTESIAN_POINT('',(12.225551796459,0.35,2.861008928571));
#4642 = VECTOR('',#4643,1.);
#4643 = DIRECTION('',(-1.,-2.22044604925E-16,0.));
#4644 = PCURVE('',#1025,#4645);
#4645 = DEFINITIONAL_REPRESENTATION('',(#4646),#4649);
#4646 = B_SPLINE_CURVE_WITH_KNOTS('',1,(#4647,#4648),.UNSPECIFIED.,.F.,
  .F.,(2,2),(-0.54944820354,0.150551796459),.PIECEWISE_BEZIER_KNOTS.);
#4647 = CARTESIAN_POINT('',(0.398896407081,0.349999994582));
#4648 = CARTESIAN_POINT('',(-0.301103592919,0.349999994582));
#4649 = ( GEOMETRIC_REPRESENTATION_CONTEXT(2) 
PARAMETRIC_REPRESENTATION_CONTEXT() REPRESENTATION_CONTEXT('2D SPACE',''
  ) );
#4650 = PCURVE('',#4651,#4656);
#4651 = PLANE('',#4652);
#4652 = AXIS2_PLACEMENT_3D('',#4653,#4654,#4655);
#4653 = CARTESIAN_POINT('',(12.075,0.35,2.761008928571));
#4654 = DIRECTION('',(-2.22044604925E-16,1.,0.));
#4655 = DIRECTION('',(1.,2.22044604925E-16,0.));
#4656 = DEFINITIONAL_REPRESENTATION('',(#4657),#4660);
#4657 = B_SPLINE_CURVE_WITH_KNOTS('',1,(#4658,#4659),.UNSPECIFIED.,.F.,
  .F.,(2,2),(-0.54944820354,0.150551796459),.PIECEWISE_BEZIER_KNOTS.);
#4658 = CARTESIAN_POINT('',(0.7,-0.1));
#4659 = CARTESIAN_POINT('',(0.,-0.1));
#4660 = ( GEOMETRIC_REPRESENTATION_CONTEXT(2) 
PARAMETRIC_REPRESENTATION_CONTEXT() REPRESENTATION_CONTEXT('2D SPACE',''
  ) );
#4661 = ADVANCED_FACE('',(#4662),#1300,.T.);
#4662 = FACE_BOUND('',#4663,.T.);
#4663 = EDGE_LOOP('',(#4664,#4665,#4688,#4711));
#4664 = ORIENTED_EDGE('',*,*,#1285,.F.);
#4665 = ORIENTED_EDGE('',*,*,#4666,.T.);
#4666 = EDGE_CURVE('',#1259,#4667,#4669,.T.);
#4667 = VERTEX_POINT('',#4668);
#4668 = CARTESIAN_POINT('',(18.768211963761,-6.999999999985,
    2.361001734169));
#4669 = SURFACE_CURVE('',#4670,(#4675,#4681),.PCURVE_S1.);
#4670 = CIRCLE('',#4671,0.5);
#4671 = AXIS2_PLACEMENT_3D('',#4672,#4673,#4674);
#4672 = CARTESIAN_POINT('',(18.768211963761,-6.500000000021,
    2.361008928571));
#4673 = DIRECTION('',(1.,0.,0.));
#4674 = DIRECTION('',(0.,1.,0.));
#4675 = PCURVE('',#1300,#4676);
#4676 = DEFINITIONAL_REPRESENTATION('',(#4677),#4680);
#4677 = B_SPLINE_CURVE_WITH_KNOTS('',1,(#4678,#4679),.UNSPECIFIED.,.F.,
  .F.,(2,2),(1.570796326753,3.141607042394),.PIECEWISE_BEZIER_KNOTS.);
#4678 = CARTESIAN_POINT('',(4.712389217814,7.853981882143));
#4679 = CARTESIAN_POINT('',(4.712389217814,6.283171166502));
#4680 = ( GEOMETRIC_REPRESENTATION_CONTEXT(2) 
PARAMETRIC_REPRESENTATION_CONTEXT() REPRESENTATION_CONTEXT('2D SPACE',''
  ) );
#4681 = PCURVE('',#1274,#4682);
#4682 = DEFINITIONAL_REPRESENTATION('',(#4683),#4687);
#4683 = LINE('',#4684,#4685);
#4684 = CARTESIAN_POINT('',(0.,18.768211963761));
#4685 = VECTOR('',#4686,1.);
#4686 = DIRECTION('',(1.,0.));
#4687 = ( GEOMETRIC_REPRESENTATION_CONTEXT(2) 
PARAMETRIC_REPRESENTATION_CONTEXT() REPRESENTATION_CONTEXT('2D SPACE',''
  ) );
#4688 = ORIENTED_EDGE('',*,*,#4689,.T.);
#4689 = EDGE_CURVE('',#4667,#4690,#4692,.T.);
#4690 = VERTEX_POINT('',#4691);
#4691 = CARTESIAN_POINT('',(27.086084717887,-3.484249760911,
    2.361001734169));
#4692 = SURFACE_CURVE('',#4693,(#4698,#4705),.PCURVE_S1.);
#4693 = CIRCLE('',#4694,11.597461019616);
#4694 = AXIS2_PLACEMENT_3D('',#4695,#4696,#4697);
#4695 = CARTESIAN_POINT('',(18.768209210185,4.597461019645,
    2.361001858233));
#4696 = DIRECTION('',(0.,-0.,1.));
#4697 = DIRECTION('',(1.,1.069745718671E-08,0.));
#4698 = PCURVE('',#1300,#4699);
#4699 = DEFINITIONAL_REPRESENTATION('',(#4700),#4704);
#4700 = LINE('',#4701,#4702);
#4701 = CARTESIAN_POINT('',(0.,6.283171166502));
#4702 = VECTOR('',#4703,1.);
#4703 = DIRECTION('',(1.,0.));
#4704 = ( GEOMETRIC_REPRESENTATION_CONTEXT(2) 
PARAMETRIC_REPRESENTATION_CONTEXT() REPRESENTATION_CONTEXT('2D SPACE',''
  ) );
#4705 = PCURVE('',#496,#4706);
#4706 = DEFINITIONAL_REPRESENTATION('',(#4707),#4710);
#4707 = B_SPLINE_CURVE_WITH_KNOTS('',1,(#4708,#4709),.UNSPECIFIED.,.F.,
  .F.,(2,2),(4.712389217814,5.512186799959),.PIECEWISE_BEZIER_KNOTS.);
#4708 = CARTESIAN_POINT('',(4.712389217814,1.861008928305));
#4709 = CARTESIAN_POINT('',(5.512186799959,1.861008928305));
#4710 = ( GEOMETRIC_REPRESENTATION_CONTEXT(2) 
PARAMETRIC_REPRESENTATION_CONTEXT() REPRESENTATION_CONTEXT('2D SPACE',''
  ) );
#4711 = ORIENTED_EDGE('',*,*,#4712,.F.);
#4712 = EDGE_CURVE('',#1179,#4690,#4713,.T.);
#4713 = SURFACE_CURVE('',#4714,(#4747,#4783),.PCURVE_S1.);
#4714 = B_SPLINE_CURVE_WITH_KNOTS('',6,(#4715,#4716,#4717,#4718,#4719,
    #4720,#4721,#4722,#4723,#4724,#4725,#4726,#4727,#4728,#4729,#4730,
    #4731,#4732,#4733,#4734,#4735,#4736,#4737,#4738,#4739,#4740,#4741,
    #4742,#4743,#4744,#4745,#4746),.UNSPECIFIED.,.F.,.F.,(7,5,5,5,5,5,7)
  ,(0.,0.203149069866,0.578653502332,0.964771953033,0.981222700593,
    0.988900311937,1.),.UNSPECIFIED.);
#4715 = CARTESIAN_POINT('',(24.515562455863,-4.89577704744,
    2.861008928571));
#4716 = CARTESIAN_POINT('',(24.611598811466,-4.875855608322,
    2.861008933468));
#4717 = CARTESIAN_POINT('',(24.708254945333,-4.853447640954,
    2.858443388331));
#4718 = CARTESIAN_POINT('',(24.805144228113,-4.828533358556,
    2.853571546157));
#4719 = CARTESIAN_POINT('',(24.901960693959,-4.801125490388,
    2.846627214249));
#4720 = CARTESIAN_POINT('',(24.998467495913,-4.771253326764,
    2.837818621617));
#4721 = CARTESIAN_POINT('',(25.271966528481,-4.679230726498,
    2.807937760082));
#4722 = CARTESIAN_POINT('',(25.447721200713,-4.61121612207,
    2.782807650053));
#4723 = CARTESIAN_POINT('',(25.620646132986,-4.535095510726,
    2.753093327287));
#4724 = CARTESIAN_POINT('',(25.789972065793,-4.451181025918,2.7196874551
    ));
#4725 = CARTESIAN_POINT('',(25.955140634306,-4.359794242217,
    2.683332052762));
#4726 = CARTESIAN_POINT('',(26.280925701557,-4.159808900352,
    2.604858323253));
#4727 = CARTESIAN_POINT('',(26.441243920071,-4.050819755781,
    2.562615431929));
#4728 = CARTESIAN_POINT('',(26.596263189797,-3.934537775652,
    2.518593070594));
#4729 = CARTESIAN_POINT('',(26.745598371838,-3.811286570319,
    2.473368279837));
#4730 = CARTESIAN_POINT('',(26.888911675867,-3.681386429426,
    2.427472110406));
#4731 = CARTESIAN_POINT('',(27.031736340648,-3.539336968914,
    2.379457797816));
#4732 = CARTESIAN_POINT('',(27.037561290432,-3.533520699033,
    2.377495442944));
#4733 = CARTESIAN_POINT('',(27.043374721662,-3.527692949604,
    2.375532849394));
#4734 = CARTESIAN_POINT('',(27.04917660989,-3.521853745421,
    2.373570057432));
#4735 = CARTESIAN_POINT('',(27.054966930735,-3.516003111289,
    2.371607107335));
#4736 = CARTESIAN_POINT('',(27.063442609465,-3.507405241394,
    2.368727869908));
#4737 = CARTESIAN_POINT('',(27.066137061336,-3.504666899093,
    2.36781166561));
#4738 = CARTESIAN_POINT('',(27.068829008379,-3.501926052189,
    2.366895432018));
#4739 = CARTESIAN_POINT('',(27.071518443895,-3.499182707363,
    2.365979174679));
#4740 = CARTESIAN_POINT('',(27.074205361605,-3.496436870918,
    2.365062899153));
#4741 = CARTESIAN_POINT('',(27.080770641956,-3.489715240269,
    2.362821913533));
#4742 = CARTESIAN_POINT('',(27.081704174295,-3.488753902555,
    2.36254897223));
#4743 = CARTESIAN_POINT('',(27.084088020201,-3.486303114367,
    2.361646969317));
#4744 = CARTESIAN_POINT('',(27.086426954608,-3.483899782769,
    2.36082073385));
#4745 = CARTESIAN_POINT('',(27.086422784037,-3.483901817527,
    2.36097242741));
#4746 = CARTESIAN_POINT('',(27.086064270781,-3.484270805476,
    2.361013229785));
#4747 = PCURVE('',#1300,#4748);
#4748 = DEFINITIONAL_REPRESENTATION('',(#4749),#4782);
#4749 = B_SPLINE_CURVE_WITH_KNOTS('',6,(#4750,#4751,#4752,#4753,#4754,
    #4755,#4756,#4757,#4758,#4759,#4760,#4761,#4762,#4763,#4764,#4765,
    #4766,#4767,#4768,#4769,#4770,#4771,#4772,#4773,#4774,#4775,#4776,
    #4777,#4778,#4779,#4780,#4781),.UNSPECIFIED.,.F.,.F.,(7,5,5,5,5,5,7)
  ,(0.,0.203149069866,0.578653502332,0.964771953033,0.981222700593,
    0.988900311937,1.),.UNSPECIFIED.);
#4750 = CARTESIAN_POINT('',(5.256780925939,7.853981882143));
#4751 = CARTESIAN_POINT('',(5.265113538271,7.788591084704));
#4752 = CARTESIAN_POINT('',(5.273551040722,7.724962846114));
#4753 = CARTESIAN_POINT('',(5.282067220796,7.662918321594));
#4754 = CARTESIAN_POINT('',(5.29064232261,7.602306523672));
#4755 = CARTESIAN_POINT('',(5.299262162285,7.542992188944));
#4756 = CARTESIAN_POINT('',(5.323915452394,7.377360819209));
#4757 = CARTESIAN_POINT('',(5.340029043321,7.273895233087));
#4758 = CARTESIAN_POINT('',(5.35620048125,7.173605282177));
#4759 = CARTESIAN_POINT('',(5.372397504059,7.075918208516));
#4760 = CARTESIAN_POINT('',(5.388602667173,6.98032866097));
#4761 = CARTESIAN_POINT('',(5.421483115185,6.789750789743));
#4762 = CARTESIAN_POINT('',(5.43815494582,6.694877253664));
#4763 = CARTESIAN_POINT('',(5.454823270087,6.601254437784));
#4764 = CARTESIAN_POINT('',(5.471486357172,6.508485612509));
#4765 = CARTESIAN_POINT('',(5.488145342153,6.416199855868));
#4766 = CARTESIAN_POINT('',(5.505514217832,6.320091118212));
#4767 = CARTESIAN_POINT('',(5.506223985157,6.31616389048));
#4768 = CARTESIAN_POINT('',(5.506933751361,6.312236832041));
#4769 = CARTESIAN_POINT('',(5.507643516633,6.308309914361));
#4770 = CARTESIAN_POINT('',(5.508353281164,6.304383108962));
#4771 = CARTESIAN_POINT('',(5.509394294052,6.298623775154));
#4772 = CARTESIAN_POINT('',(5.509725546163,6.296791162842));
#4773 = CARTESIAN_POINT('',(5.510056800944,6.294958550466));
#4774 = CARTESIAN_POINT('',(5.510388057903,6.293125938042));
#4775 = CARTESIAN_POINT('',(5.510719316598,6.291293325615));
#4776 = CARTESIAN_POINT('',(5.511529486406,6.286811266123));
#4777 = CARTESIAN_POINT('',(5.511645030107,6.286265401452));
#4778 = CARTESIAN_POINT('',(5.511939829984,6.284461394585));
#4779 = CARTESIAN_POINT('',(5.512228996777,6.282808911528));
#4780 = CARTESIAN_POINT('',(5.512228620165,6.283112304857));
#4781 = CARTESIAN_POINT('',(5.512184259218,6.283193909608));
#4782 = ( GEOMETRIC_REPRESENTATION_CONTEXT(2) 
PARAMETRIC_REPRESENTATION_CONTEXT() REPRESENTATION_CONTEXT('2D SPACE',''
  ) );
#4783 = PCURVE('',#140,#4784);
#4784 = DEFINITIONAL_REPRESENTATION('',(#4785),#4833);
#4785 = B_SPLINE_CURVE_WITH_KNOTS('',3,(#4786,#4787,#4788,#4789,#4790,
    #4791,#4792,#4793,#4794,#4795,#4796,#4797,#4798,#4799,#4800,#4801,
    #4802,#4803,#4804,#4805,#4806,#4807,#4808,#4809,#4810,#4811,#4812,
    #4813,#4814,#4815,#4816,#4817,#4818,#4819,#4820,#4821,#4822,#4823,
    #4824,#4825,#4826,#4827,#4828,#4829,#4830,#4831,#4832),
  .UNSPECIFIED.,.F.,.F.,(4,1,1,1,1,1,1,1,1,1,1,1,1,1,1,1,1,1,1,1,1,1,1,1
    ,1,1,1,1,1,1,1,1,1,1,1,1,1,1,1,1,1,1,1,1,4),(1.284755424391E-07,
    2.272739828292E-02,4.545466809029E-02,6.818193789766E-02,
    9.090920770504E-02,0.113636477512,0.13636374732,0.159091017127,
    0.181818286935,0.204545556742,0.227272826549,0.250000096357,
    0.272727366164,0.295454635971,0.318181905779,0.340909175586,
    0.363636445394,0.386363715201,0.409090985008,0.431818254816,
    0.454545524623,0.47727279443,0.500000064238,0.522727334045,
    0.545454603853,0.56818187366,0.590909143467,0.613636413275,
    0.636363683082,0.659090952889,0.681818222697,0.704545492504,
    0.727272762312,0.750000032119,0.772727301926,0.795454571734,
    0.818181841541,0.840909111348,0.863636381156,0.886363650963,
    0.909090920771,0.931818190578,0.954545460385,0.977272730193,1.),
  .QUASI_UNIFORM_KNOTS.);
#4786 = CARTESIAN_POINT('',(-4.916924684563,5.));
#4787 = CARTESIAN_POINT('',(-4.92131386638,5.000000120469));
#4788 = CARTESIAN_POINT('',(-4.930119790076,5.000321010359));
#4789 = CARTESIAN_POINT('',(-4.943402443565,5.001723026193));
#4790 = CARTESIAN_POINT('',(-4.956749623551,5.004003893105));
#4791 = CARTESIAN_POINT('',(-4.970153240807,5.007123755372));
#4792 = CARTESIAN_POINT('',(-4.983605921063,5.011044054524));
#4793 = CARTESIAN_POINT('',(-4.997101074652,5.015727708889));
#4794 = CARTESIAN_POINT('',(-5.010632867054,5.021139082392));
#4795 = CARTESIAN_POINT('',(-5.024196089317,5.027243939867));
#4796 = CARTESIAN_POINT('',(-5.037786538982,5.034009667043));
#4797 = CARTESIAN_POINT('',(-5.051399455883,5.041404437414));
#4798 = CARTESIAN_POINT('',(-5.065030995889,5.049397871053));
#4799 = CARTESIAN_POINT('',(-5.078678393372,5.057961227077));
#4800 = CARTESIAN_POINT('',(-5.092338930864,5.067066788011));
#4801 = CARTESIAN_POINT('',(-5.106010198155,5.076687950995));
#4802 = CARTESIAN_POINT('',(-5.119690007219,5.086799133569));
#4803 = CARTESIAN_POINT('',(-5.133376400701,5.097375733112));
#4804 = CARTESIAN_POINT('',(-5.147067636643,5.108394075885));
#4805 = CARTESIAN_POINT('',(-5.160762180885,5.119831372836));
#4806 = CARTESIAN_POINT('',(-5.174458698671,5.131665677543));
#4807 = CARTESIAN_POINT('',(-5.188156047792,5.143875847643));
#4808 = CARTESIAN_POINT('',(-5.201853272275,5.156441509008));
#4809 = CARTESIAN_POINT('',(-5.215549598075,5.16934302424));
#4810 = CARTESIAN_POINT('',(-5.229244425787,5.182561459954));
#4811 = CARTESIAN_POINT('',(-5.242937338659,5.196078573406));
#4812 = CARTESIAN_POINT('',(-5.256628057528,5.209876741734));
#4813 = CARTESIAN_POINT('',(-5.270316597696,5.223939120249));
#4814 = CARTESIAN_POINT('',(-5.284001842037,5.238248072091));
#4815 = CARTESIAN_POINT('',(-5.297683822545,5.252787525315));
#4816 = CARTESIAN_POINT('',(-5.311362464585,5.267541661786));
#4817 = CARTESIAN_POINT('',(-5.325037770072,5.282495075684));
#4818 = CARTESIAN_POINT('',(-5.338709767011,5.297632697644));
#4819 = CARTESIAN_POINT('',(-5.352378520374,5.312939781));
#4820 = CARTESIAN_POINT('',(-5.366044132058,5.328401878779));
#4821 = CARTESIAN_POINT('',(-5.379706723932,5.344004800315));
#4822 = CARTESIAN_POINT('',(-5.39336650022,5.359734663391));
#4823 = CARTESIAN_POINT('',(-5.407023510215,5.375577589421));
#4824 = CARTESIAN_POINT('',(-5.420678531045,5.391520735684));
#4825 = CARTESIAN_POINT('',(-5.434329770649,5.407548341071));
#4826 = CARTESIAN_POINT('',(-5.447985170556,5.423656385487));
#4827 = CARTESIAN_POINT('',(-5.461616489926,5.439797785859));
#4828 = CARTESIAN_POINT('',(-5.475330665418,5.456086836846));
#4829 = CARTESIAN_POINT('',(-5.488730287117,5.472036140871));
#4830 = CARTESIAN_POINT('',(-5.503300335023,5.489404340917));
#4831 = CARTESIAN_POINT('',(-5.510100482379,5.497513385672));
#4832 = CARTESIAN_POINT('',(-5.512183410974,5.499995698786));
#4833 = ( GEOMETRIC_REPRESENTATION_CONTEXT(2) 
PARAMETRIC_REPRESENTATION_CONTEXT() REPRESENTATION_CONTEXT('2D SPACE',''
  ) );
#4834 = ADVANCED_FACE('',(#4835),#86,.T.);
#4835 = FACE_BOUND('',#4836,.T.);
#4836 = EDGE_LOOP('',(#4837,#4858,#4878,#4899,#4900));
#4837 = ORIENTED_EDGE('',*,*,#4838,.F.);
#4838 = EDGE_CURVE('',#4839,#72,#4841,.T.);
#4839 = VERTEX_POINT('',#4840);
#4840 = CARTESIAN_POINT('',(27.086084726097,-3.484249752422,
    2.861008928571));
#4841 = SURFACE_CURVE('',#4842,(#4846,#4852),.PCURVE_S1.);
#4842 = LINE('',#4843,#4844);
#4843 = CARTESIAN_POINT('',(22.548628164783,0.924379545038,
    2.861008928571));
#4844 = VECTOR('',#4845,1.);
#4845 = DIRECTION('',(0.717215044367,-0.696851906888,0.));
#4846 = PCURVE('',#86,#4847);
#4847 = DEFINITIONAL_REPRESENTATION('',(#4848),#4851);
#4848 = B_SPLINE_CURVE_WITH_KNOTS('',1,(#4849,#4850),.UNSPECIFIED.,.F.,
  .F.,(2,2),(5.826493717598,7.326493841661),.PIECEWISE_BEZIER_KNOTS.);
#4849 = CARTESIAN_POINT('',(0.82523829966,-1.430504513002));
#4850 = CARTESIAN_POINT('',(-0.674761824403,-1.430504513002));
#4851 = ( GEOMETRIC_REPRESENTATION_CONTEXT(2) 
PARAMETRIC_REPRESENTATION_CONTEXT() REPRESENTATION_CONTEXT('2D SPACE',''
  ) );
#4852 = PCURVE('',#114,#4853);
#4853 = DEFINITIONAL_REPRESENTATION('',(#4854),#4857);
#4854 = B_SPLINE_CURVE_WITH_KNOTS('',1,(#4855,#4856),.UNSPECIFIED.,.F.,
  .F.,(2,2),(5.826493717598,7.326493841661),.PIECEWISE_BEZIER_KNOTS.);
#4855 = CARTESIAN_POINT('',(14.351373522034,-3.135823717961));
#4856 = CARTESIAN_POINT('',(15.427196177564,-4.181101664747));
#4857 = ( GEOMETRIC_REPRESENTATION_CONTEXT(2) 
PARAMETRIC_REPRESENTATION_CONTEXT() REPRESENTATION_CONTEXT('2D SPACE',''
  ) );
#4858 = ORIENTED_EDGE('',*,*,#4859,.T.);
#4859 = EDGE_CURVE('',#4839,#4690,#4860,.T.);
#4860 = SURFACE_CURVE('',#4861,(#4865,#4871),.PCURVE_S1.);
#4861 = LINE('',#4862,#4863);
#4862 = CARTESIAN_POINT('',(27.086084726097,-3.484249752422,
    1.430504464286));
#4863 = VECTOR('',#4864,1.);
#4864 = DIRECTION('',(-0.,-0.,-1.));
#4865 = PCURVE('',#86,#4866);
#4866 = DEFINITIONAL_REPRESENTATION('',(#4867),#4870);
#4867 = B_SPLINE_CURVE_WITH_KNOTS('',1,(#4868,#4869),.UNSPECIFIED.,.F.,
  .F.,(2,2),(-1.716605357143,6.694106058358E-07),
  .PIECEWISE_BEZIER_KNOTS.);
#4868 = CARTESIAN_POINT('',(0.325238175624,-1.716605405859));
#4869 = CARTESIAN_POINT('',(0.325238175624,6.206943439224E-07));
#4870 = ( GEOMETRIC_REPRESENTATION_CONTEXT(2) 
PARAMETRIC_REPRESENTATION_CONTEXT() REPRESENTATION_CONTEXT('2D SPACE',''
  ) );
#4871 = PCURVE('',#140,#4872);
#4872 = DEFINITIONAL_REPRESENTATION('',(#4873),#4877);
#4873 = LINE('',#4874,#4875);
#4874 = CARTESIAN_POINT('',(-5.512189281752,6.430504464286));
#4875 = VECTOR('',#4876,1.);
#4876 = DIRECTION('',(-0.,1.));
#4877 = ( GEOMETRIC_REPRESENTATION_CONTEXT(2) 
PARAMETRIC_REPRESENTATION_CONTEXT() REPRESENTATION_CONTEXT('2D SPACE',''
  ) );
#4878 = ORIENTED_EDGE('',*,*,#4879,.F.);
#4879 = EDGE_CURVE('',#473,#4690,#4880,.T.);
#4880 = SURFACE_CURVE('',#4881,(#4885,#4892),.PCURVE_S1.);
#4881 = LINE('',#4882,#4883);
#4882 = CARTESIAN_POINT('',(27.086084717887,-3.484249760911,
    0.499992805864));
#4883 = VECTOR('',#4884,1.);
#4884 = DIRECTION('',(0.,0.,1.));
#4885 = PCURVE('',#86,#4886);
#4886 = DEFINITIONAL_REPRESENTATION('',(#4887),#4891);
#4887 = LINE('',#4888,#4889);
#4888 = CARTESIAN_POINT('',(0.325238175597,0.930511609705));
#4889 = VECTOR('',#4890,1.);
#4890 = DIRECTION('',(1.577721810442E-30,-1.));
#4891 = ( GEOMETRIC_REPRESENTATION_CONTEXT(2) 
PARAMETRIC_REPRESENTATION_CONTEXT() REPRESENTATION_CONTEXT('2D SPACE',''
  ) );
#4892 = PCURVE('',#496,#4893);
#4893 = DEFINITIONAL_REPRESENTATION('',(#4894),#4898);
#4894 = LINE('',#4895,#4896);
#4895 = CARTESIAN_POINT('',(5.512186799959,0.));
#4896 = VECTOR('',#4897,1.);
#4897 = DIRECTION('',(0.,1.));
#4898 = ( GEOMETRIC_REPRESENTATION_CONTEXT(2) 
PARAMETRIC_REPRESENTATION_CONTEXT() REPRESENTATION_CONTEXT('2D SPACE',''
  ) );
#4899 = ORIENTED_EDGE('',*,*,#512,.T.);
#4900 = ORIENTED_EDGE('',*,*,#71,.F.);
#4901 = ADVANCED_FACE('',(#4902),#114,.T.);
#4902 = FACE_BOUND('',#4903,.T.);
#4903 = EDGE_LOOP('',(#4904,#4905,#4931));
#4904 = ORIENTED_EDGE('',*,*,#97,.T.);
#4905 = ORIENTED_EDGE('',*,*,#4906,.T.);
#4906 = EDGE_CURVE('',#98,#4839,#4907,.T.);
#4907 = SURFACE_CURVE('',#4908,(#4913,#4924),.PCURVE_S1.);
#4908 = CIRCLE('',#4909,5.);
#4909 = AXIS2_PLACEMENT_3D('',#4910,#4911,#4912);
#4910 = CARTESIAN_POINT('',(23.5,0.,2.861008928571));
#4911 = DIRECTION('',(0.,0.,-1.));
#4912 = DIRECTION('',(1.,0.,0.));
#4913 = PCURVE('',#114,#4914);
#4914 = DEFINITIONAL_REPRESENTATION('',(#4915),#4923);
#4915 = ( BOUNDED_CURVE() B_SPLINE_CURVE(2,(#4916,#4917,#4918,#4919,
#4920,#4921,#4922),.UNSPECIFIED.,.T.,.F.) B_SPLINE_CURVE_WITH_KNOTS((1,2
    ,2,2,2,1),(-2.094395102393,0.,2.094395102393,4.188790204786,
6.28318530718,8.377580409573),.UNSPECIFIED.) CURVE() 
GEOMETRIC_REPRESENTATION_ITEM() RATIONAL_B_SPLINE_CURVE((1.,0.5,1.,0.5,
1.,0.5,1.)) REPRESENTATION_ITEM('') );
#4916 = CARTESIAN_POINT('',(16.123896407081,-5.41771568396E-09));
#4917 = CARTESIAN_POINT('',(16.123896407081,-8.660254043262));
#4918 = CARTESIAN_POINT('',(8.623896407081,-4.33012702434));
#4919 = CARTESIAN_POINT('',(1.123896407081,-5.417716908607E-09));
#4920 = CARTESIAN_POINT('',(8.623896407081,4.330127013504));
#4921 = CARTESIAN_POINT('',(16.123896407081,8.660254032427));
#4922 = CARTESIAN_POINT('',(16.123896407081,-5.41771568396E-09));
#4923 = ( GEOMETRIC_REPRESENTATION_CONTEXT(2) 
PARAMETRIC_REPRESENTATION_CONTEXT() REPRESENTATION_CONTEXT('2D SPACE',''
  ) );
#4924 = PCURVE('',#140,#4925);
#4925 = DEFINITIONAL_REPRESENTATION('',(#4926),#4930);
#4926 = LINE('',#4927,#4928);
#4927 = CARTESIAN_POINT('',(-6.28318530718,5.));
#4928 = VECTOR('',#4929,1.);
#4929 = DIRECTION('',(1.,-0.));
#4930 = ( GEOMETRIC_REPRESENTATION_CONTEXT(2) 
PARAMETRIC_REPRESENTATION_CONTEXT() REPRESENTATION_CONTEXT('2D SPACE',''
  ) );
#4931 = ORIENTED_EDGE('',*,*,#4838,.T.);
#4932 = ADVANCED_FACE('',(#4933),#269,.T.);
#4933 = FACE_BOUND('',#4934,.T.);
#4934 = EDGE_LOOP('',(#4935,#4936,#4937,#4961));
#4935 = ORIENTED_EDGE('',*,*,#955,.F.);
#4936 = ORIENTED_EDGE('',*,*,#155,.F.);
#4937 = ORIENTED_EDGE('',*,*,#4938,.T.);
#4938 = EDGE_CURVE('',#156,#4939,#4941,.T.);
#4939 = VERTEX_POINT('',#4940);
#4940 = CARTESIAN_POINT('',(18.768211963761,6.5,0.));
#4941 = SURFACE_CURVE('',#4942,(#4947,#4954),.PCURVE_S1.);
#4942 = CIRCLE('',#4943,9.730026836683);
#4943 = AXIS2_PLACEMENT_3D('',#4944,#4945,#4946);
#4944 = CARTESIAN_POINT('',(18.768209273803,-3.230026974913,
    1.909583602355E-14));
#4945 = DIRECTION('',(-0.,0.,1.));
#4946 = DIRECTION('',(1.,-2.574404904179E-08,0.));
#4947 = PCURVE('',#269,#4948);
#4948 = DEFINITIONAL_REPRESENTATION('',(#4949),#4953);
#4949 = LINE('',#4950,#4951);
#4950 = CARTESIAN_POINT('',(0.,4.712388703925));
#4951 = VECTOR('',#4952,1.);
#4952 = DIRECTION('',(1.,0.));
#4953 = ( GEOMETRIC_REPRESENTATION_CONTEXT(2) 
PARAMETRIC_REPRESENTATION_CONTEXT() REPRESENTATION_CONTEXT('2D SPACE',''
  ) );
#4954 = PCURVE('',#345,#4955);
#4955 = DEFINITIONAL_REPRESENTATION('',(#4956),#4960);
#4956 = CIRCLE('',#4957,9.730026836683);
#4957 = AXIS2_PLACEMENT_2D('',#4958,#4959);
#4958 = CARTESIAN_POINT('',(6.392105680884,-3.230026980331));
#4959 = DIRECTION('',(1.,-2.574404904179E-08));
#4960 = ( GEOMETRIC_REPRESENTATION_CONTEXT(2) 
PARAMETRIC_REPRESENTATION_CONTEXT() REPRESENTATION_CONTEXT('2D SPACE',''
  ) );
#4961 = ORIENTED_EDGE('',*,*,#4962,.T.);
#4962 = EDGE_CURVE('',#4939,#956,#4963,.T.);
#4963 = SURFACE_CURVE('',#4964,(#4969,#4976),.PCURVE_S1.);
#4964 = CIRCLE('',#4965,0.5);
#4965 = AXIS2_PLACEMENT_3D('',#4966,#4967,#4968);
#4966 = CARTESIAN_POINT('',(18.768211963761,6.5,0.5));
#4967 = DIRECTION('',(1.,-2.76459506609E-07,0.));
#4968 = DIRECTION('',(2.76459506609E-07,1.,0.));
#4969 = PCURVE('',#269,#4970);
#4970 = DEFINITIONAL_REPRESENTATION('',(#4971),#4975);
#4971 = LINE('',#4972,#4973);
#4972 = CARTESIAN_POINT('',(1.570796076079,0.));
#4973 = VECTOR('',#4974,1.);
#4974 = DIRECTION('',(0.,1.));
#4975 = ( GEOMETRIC_REPRESENTATION_CONTEXT(2) 
PARAMETRIC_REPRESENTATION_CONTEXT() REPRESENTATION_CONTEXT('2D SPACE',''
  ) );
#4976 = PCURVE('',#4977,#4982);
#4977 = CYLINDRICAL_SURFACE('',#4978,0.5);
#4978 = AXIS2_PLACEMENT_3D('',#4979,#4980,#4981);
#4979 = CARTESIAN_POINT('',(18.768211963761,6.5,0.5));
#4980 = DIRECTION('',(-1.,0.,0.));
#4981 = DIRECTION('',(0.,1.,0.));
#4982 = DEFINITIONAL_REPRESENTATION('',(#4983),#4986);
#4983 = B_SPLINE_CURVE_WITH_KNOTS('',1,(#4984,#4985),.UNSPECIFIED.,.F.,
  .F.,(2,2),(4.712388703925,6.283186755481),.PIECEWISE_BEZIER_KNOTS.);
#4984 = CARTESIAN_POINT('',(7.853981633974,0.));
#4985 = CARTESIAN_POINT('',(6.283183582419,0.));
#4986 = ( GEOMETRIC_REPRESENTATION_CONTEXT(2) 
PARAMETRIC_REPRESENTATION_CONTEXT() REPRESENTATION_CONTEXT('2D SPACE',''
  ) );
#4987 = ADVANCED_FACE('',(#4988),#496,.T.);
#4988 = FACE_BOUND('',#4989,.T.);
#4989 = EDGE_LOOP('',(#4990,#4991,#5018,#5039,#5040));
#4990 = ORIENTED_EDGE('',*,*,#4689,.F.);
#4991 = ORIENTED_EDGE('',*,*,#4992,.T.);
#4992 = EDGE_CURVE('',#4667,#4993,#4995,.T.);
#4993 = VERTEX_POINT('',#4994);
#4994 = CARTESIAN_POINT('',(18.768211963761,-6.999999999985,
    0.499992805864));
#4995 = SURFACE_CURVE('',#4996,(#5000,#5006),.PCURVE_S1.);
#4996 = LINE('',#4997,#4998);
#4997 = CARTESIAN_POINT('',(18.768211963761,-7.,0.499992805864));
#4998 = VECTOR('',#4999,1.);
#4999 = DIRECTION('',(0.,0.,-1.));
#5000 = PCURVE('',#496,#5001);
#5001 = DEFINITIONAL_REPRESENTATION('',(#5002),#5005);
#5002 = B_SPLINE_CURVE_WITH_KNOTS('',1,(#5003,#5004),.UNSPECIFIED.,.F.,
  .F.,(2,2),(-1.861008928305,-0.),.PIECEWISE_BEZIER_KNOTS.);
#5003 = CARTESIAN_POINT('',(4.712389217814,1.861008928305));
#5004 = CARTESIAN_POINT('',(4.712389217814,0.));
#5005 = ( GEOMETRIC_REPRESENTATION_CONTEXT(2) 
PARAMETRIC_REPRESENTATION_CONTEXT() REPRESENTATION_CONTEXT('2D SPACE',''
  ) );
#5006 = PCURVE('',#5007,#5012);
#5007 = PLANE('',#5008);
#5008 = AXIS2_PLACEMENT_3D('',#5009,#5010,#5011);
#5009 = CARTESIAN_POINT('',(1.875644340786,-7.,0.));
#5010 = DIRECTION('',(0.,1.,0.));
#5011 = DIRECTION('',(1.,0.,0.));
#5012 = DEFINITIONAL_REPRESENTATION('',(#5013),#5017);
#5013 = LINE('',#5014,#5015);
#5014 = CARTESIAN_POINT('',(16.892567622975,-0.499992805864));
#5015 = VECTOR('',#5016,1.);
#5016 = DIRECTION('',(0.,1.));
#5017 = ( GEOMETRIC_REPRESENTATION_CONTEXT(2) 
PARAMETRIC_REPRESENTATION_CONTEXT() REPRESENTATION_CONTEXT('2D SPACE',''
  ) );
#5018 = ORIENTED_EDGE('',*,*,#5019,.T.);
#5019 = EDGE_CURVE('',#4993,#358,#5020,.T.);
#5020 = SURFACE_CURVE('',#5021,(#5026,#5033),.PCURVE_S1.);
#5021 = CIRCLE('',#5022,11.597461019645);
#5022 = AXIS2_PLACEMENT_3D('',#5023,#5024,#5025);
#5023 = CARTESIAN_POINT('',(18.768209210185,4.597461019645,
    0.499992805864));
#5024 = DIRECTION('',(0.,0.,1.));
#5025 = DIRECTION('',(1.,0.,0.));
#5026 = PCURVE('',#496,#5027);
#5027 = DEFINITIONAL_REPRESENTATION('',(#5028),#5032);
#5028 = LINE('',#5029,#5030);
#5029 = CARTESIAN_POINT('',(0.,0.));
#5030 = VECTOR('',#5031,1.);
#5031 = DIRECTION('',(1.,0.));
#5032 = ( GEOMETRIC_REPRESENTATION_CONTEXT(2) 
PARAMETRIC_REPRESENTATION_CONTEXT() REPRESENTATION_CONTEXT('2D SPACE',''
  ) );
#5033 = PCURVE('',#431,#5034);
#5034 = DEFINITIONAL_REPRESENTATION('',(#5035),#5038);
#5035 = B_SPLINE_CURVE_WITH_KNOTS('',1,(#5036,#5037),.UNSPECIFIED.,.F.,
  .F.,(2,2),(4.712389217814,5.512186799959),.PIECEWISE_BEZIER_KNOTS.);
#5036 = CARTESIAN_POINT('',(4.712389217814,6.283171167035));
#5037 = CARTESIAN_POINT('',(5.512186799959,6.283171167035));
#5038 = ( GEOMETRIC_REPRESENTATION_CONTEXT(2) 
PARAMETRIC_REPRESENTATION_CONTEXT() REPRESENTATION_CONTEXT('2D SPACE',''
  ) );
#5039 = ORIENTED_EDGE('',*,*,#472,.T.);
#5040 = ORIENTED_EDGE('',*,*,#4879,.T.);
#5041 = ADVANCED_FACE('',(#5042),#431,.T.);
#5042 = FACE_BOUND('',#5043,.T.);
#5043 = EDGE_LOOP('',(#5044,#5045,#5073,#5095));
#5044 = ORIENTED_EDGE('',*,*,#5019,.F.);
#5045 = ORIENTED_EDGE('',*,*,#5046,.T.);
#5046 = EDGE_CURVE('',#4993,#5047,#5049,.T.);
#5047 = VERTEX_POINT('',#5048);
#5048 = CARTESIAN_POINT('',(18.768211963761,-6.5,-4.440892098501E-16));
#5049 = SURFACE_CURVE('',#5050,(#5055,#5061),.PCURVE_S1.);
#5050 = CIRCLE('',#5051,0.5);
#5051 = AXIS2_PLACEMENT_3D('',#5052,#5053,#5054);
#5052 = CARTESIAN_POINT('',(18.768211963761,-6.500000000021,0.5));
#5053 = DIRECTION('',(1.,0.,0.));
#5054 = DIRECTION('',(0.,1.,0.));
#5055 = PCURVE('',#431,#5056);
#5056 = DEFINITIONAL_REPRESENTATION('',(#5057),#5060);
#5057 = B_SPLINE_CURVE_WITH_KNOTS('',1,(#5058,#5059),.UNSPECIFIED.,.F.,
  .F.,(2,2),(3.141607041861,4.712388980427),.PIECEWISE_BEZIER_KNOTS.);
#5058 = CARTESIAN_POINT('',(4.712389217814,6.283171167035));
#5059 = CARTESIAN_POINT('',(4.712389217814,4.712389228469));
#5060 = ( GEOMETRIC_REPRESENTATION_CONTEXT(2) 
PARAMETRIC_REPRESENTATION_CONTEXT() REPRESENTATION_CONTEXT('2D SPACE',''
  ) );
#5061 = PCURVE('',#5062,#5067);
#5062 = CYLINDRICAL_SURFACE('',#5063,0.5);
#5063 = AXIS2_PLACEMENT_3D('',#5064,#5065,#5066);
#5064 = CARTESIAN_POINT('',(0.,-6.500000000021,0.5));
#5065 = DIRECTION('',(1.,0.,0.));
#5066 = DIRECTION('',(0.,1.,0.));
#5067 = DEFINITIONAL_REPRESENTATION('',(#5068),#5072);
#5068 = LINE('',#5069,#5070);
#5069 = CARTESIAN_POINT('',(0.,18.768211963761));
#5070 = VECTOR('',#5071,1.);
#5071 = DIRECTION('',(1.,0.));
#5072 = ( GEOMETRIC_REPRESENTATION_CONTEXT(2) 
PARAMETRIC_REPRESENTATION_CONTEXT() REPRESENTATION_CONTEXT('2D SPACE',''
  ) );
#5073 = ORIENTED_EDGE('',*,*,#5074,.T.);
#5074 = EDGE_CURVE('',#5047,#330,#5075,.T.);
#5075 = SURFACE_CURVE('',#5076,(#5081,#5088),.PCURVE_S1.);
#5076 = CIRCLE('',#5077,11.097461143708);
#5077 = AXIS2_PLACEMENT_3D('',#5078,#5079,#5080);
#5078 = CARTESIAN_POINT('',(18.768209210185,4.597461019645,
    1.493249968121E-14));
#5079 = DIRECTION('',(0.,-0.,1.));
#5080 = DIRECTION('',(1.,1.069745718671E-08,0.));
#5081 = PCURVE('',#431,#5082);
#5082 = DEFINITIONAL_REPRESENTATION('',(#5083),#5087);
#5083 = LINE('',#5084,#5085);
#5084 = CARTESIAN_POINT('',(0.,4.712389228469));
#5085 = VECTOR('',#5086,1.);
#5086 = DIRECTION('',(1.,0.));
#5087 = ( GEOMETRIC_REPRESENTATION_CONTEXT(2) 
PARAMETRIC_REPRESENTATION_CONTEXT() REPRESENTATION_CONTEXT('2D SPACE',''
  ) );
#5088 = PCURVE('',#345,#5089);
#5089 = DEFINITIONAL_REPRESENTATION('',(#5090),#5094);
#5090 = CIRCLE('',#5091,11.097461143708);
#5091 = AXIS2_PLACEMENT_2D('',#5092,#5093);
#5092 = CARTESIAN_POINT('',(6.392105617266,4.597461014227));
#5093 = DIRECTION('',(1.,1.069745718671E-08));
#5094 = ( GEOMETRIC_REPRESENTATION_CONTEXT(2) 
PARAMETRIC_REPRESENTATION_CONTEXT() REPRESENTATION_CONTEXT('2D SPACE',''
  ) );
#5095 = ORIENTED_EDGE('',*,*,#357,.F.);
#5096 = ADVANCED_FACE('',(#5097,#5170),#345,.F.);
#5097 = FACE_BOUND('',#5098,.F.);
#5098 = EDGE_LOOP('',(#5099,#5100,#5101,#5124,#5148,#5169));
#5099 = ORIENTED_EDGE('',*,*,#329,.F.);
#5100 = ORIENTED_EDGE('',*,*,#4938,.T.);
#5101 = ORIENTED_EDGE('',*,*,#5102,.T.);
#5102 = EDGE_CURVE('',#4939,#5103,#5105,.T.);
#5103 = VERTEX_POINT('',#5104);
#5104 = CARTESIAN_POINT('',(1.600403226131,6.5,0.));
#5105 = SURFACE_CURVE('',#5106,(#5110,#5117),.PCURVE_S1.);
#5106 = LINE('',#5107,#5108);
#5107 = CARTESIAN_POINT('',(18.768211963761,6.5,0.));
#5108 = VECTOR('',#5109,1.);
#5109 = DIRECTION('',(-1.,0.,0.));
#5110 = PCURVE('',#345,#5111);
#5111 = DEFINITIONAL_REPRESENTATION('',(#5112),#5116);
#5112 = LINE('',#5113,#5114);
#5113 = CARTESIAN_POINT('',(6.392108370842,6.499999994582));
#5114 = VECTOR('',#5115,1.);
#5115 = DIRECTION('',(-1.,0.));
#5116 = ( GEOMETRIC_REPRESENTATION_CONTEXT(2) 
PARAMETRIC_REPRESENTATION_CONTEXT() REPRESENTATION_CONTEXT('2D SPACE',''
  ) );
#5117 = PCURVE('',#4977,#5118);
#5118 = DEFINITIONAL_REPRESENTATION('',(#5119),#5123);
#5119 = LINE('',#5120,#5121);
#5120 = CARTESIAN_POINT('',(7.853981633974,0.));
#5121 = VECTOR('',#5122,1.);
#5122 = DIRECTION('',(0.,1.));
#5123 = ( GEOMETRIC_REPRESENTATION_CONTEXT(2) 
PARAMETRIC_REPRESENTATION_CONTEXT() REPRESENTATION_CONTEXT('2D SPACE',''
  ) );
#5124 = ORIENTED_EDGE('',*,*,#5125,.T.);
#5125 = EDGE_CURVE('',#5103,#5126,#5128,.T.);
#5126 = VERTEX_POINT('',#5127);
#5127 = CARTESIAN_POINT('',(1.600403226131,-6.5,-2.22044604925E-16));
#5128 = SURFACE_CURVE('',#5129,(#5134,#5141),.PCURVE_S1.);
#5129 = CIRCLE('',#5130,14.);
#5130 = AXIS2_PLACEMENT_3D('',#5131,#5132,#5133);
#5131 = CARTESIAN_POINT('',(13.999999993768,-1.463139320524E-27,0.));
#5132 = DIRECTION('',(0.,0.,1.));
#5133 = DIRECTION('',(1.,0.,0.));
#5134 = PCURVE('',#345,#5135);
#5135 = DEFINITIONAL_REPRESENTATION('',(#5136),#5140);
#5136 = CIRCLE('',#5137,14.);
#5137 = AXIS2_PLACEMENT_2D('',#5138,#5139);
#5138 = CARTESIAN_POINT('',(1.623896400849,-5.41771568396E-09));
#5139 = DIRECTION('',(1.,0.));
#5140 = ( GEOMETRIC_REPRESENTATION_CONTEXT(2) 
PARAMETRIC_REPRESENTATION_CONTEXT() REPRESENTATION_CONTEXT('2D SPACE',''
  ) );
#5141 = PCURVE('',#1246,#5142);
#5142 = DEFINITIONAL_REPRESENTATION('',(#5143),#5147);
#5143 = LINE('',#5144,#5145);
#5144 = CARTESIAN_POINT('',(-0.,0.));
#5145 = VECTOR('',#5146,1.);
#5146 = DIRECTION('',(-1.,0.));
#5147 = ( GEOMETRIC_REPRESENTATION_CONTEXT(2) 
PARAMETRIC_REPRESENTATION_CONTEXT() REPRESENTATION_CONTEXT('2D SPACE',''
  ) );
#5148 = ORIENTED_EDGE('',*,*,#5149,.T.);
#5149 = EDGE_CURVE('',#5126,#5047,#5150,.T.);
#5150 = SURFACE_CURVE('',#5151,(#5155,#5162),.PCURVE_S1.);
#5151 = LINE('',#5152,#5153);
#5152 = CARTESIAN_POINT('',(0.,-6.5,-4.440892098501E-16));
#5153 = VECTOR('',#5154,1.);
#5154 = DIRECTION('',(1.,0.,0.));
#5155 = PCURVE('',#345,#5156);
#5156 = DEFINITIONAL_REPRESENTATION('',(#5157),#5161);
#5157 = LINE('',#5158,#5159);
#5158 = CARTESIAN_POINT('',(-12.37610359291,-6.500000005418));
#5159 = VECTOR('',#5160,1.);
#5160 = DIRECTION('',(1.,0.));
#5161 = ( GEOMETRIC_REPRESENTATION_CONTEXT(2) 
PARAMETRIC_REPRESENTATION_CONTEXT() REPRESENTATION_CONTEXT('2D SPACE',''
  ) );
#5162 = PCURVE('',#5062,#5163);
#5163 = DEFINITIONAL_REPRESENTATION('',(#5164),#5168);
#5164 = LINE('',#5165,#5166);
#5165 = CARTESIAN_POINT('',(4.712388980427,0.));
#5166 = VECTOR('',#5167,1.);
#5167 = DIRECTION('',(0.,1.));
#5168 = ( GEOMETRIC_REPRESENTATION_CONTEXT(2) 
PARAMETRIC_REPRESENTATION_CONTEXT() REPRESENTATION_CONTEXT('2D SPACE',''
  ) );
#5169 = ORIENTED_EDGE('',*,*,#5074,.T.);
#5170 = FACE_BOUND('',#5171,.F.);
#5171 = EDGE_LOOP('',(#5172));
#5172 = ORIENTED_EDGE('',*,*,#5173,.F.);
#5173 = EDGE_CURVE('',#5174,#5174,#5176,.T.);
#5174 = VERTEX_POINT('',#5175);
#5175 = CARTESIAN_POINT('',(10.65,0.,0.));
#5176 = SURFACE_CURVE('',#5177,(#5182,#5189),.PCURVE_S1.);
#5177 = CIRCLE('',#5178,3.15);
#5178 = AXIS2_PLACEMENT_3D('',#5179,#5180,#5181);
#5179 = CARTESIAN_POINT('',(7.5,0.,0.));
#5180 = DIRECTION('',(0.,0.,1.));
#5181 = DIRECTION('',(1.,0.,0.));
#5182 = PCURVE('',#345,#5183);
#5183 = DEFINITIONAL_REPRESENTATION('',(#5184),#5188);
#5184 = CIRCLE('',#5185,3.15);
#5185 = AXIS2_PLACEMENT_2D('',#5186,#5187);
#5186 = CARTESIAN_POINT('',(-4.876103592919,-5.41771568396E-09));
#5187 = DIRECTION('',(1.,0.));
#5188 = ( GEOMETRIC_REPRESENTATION_CONTEXT(2) 
PARAMETRIC_REPRESENTATION_CONTEXT() REPRESENTATION_CONTEXT('2D SPACE',''
  ) );
#5189 = PCURVE('',#5190,#5195);
#5190 = CYLINDRICAL_SURFACE('',#5191,3.15);
#5191 = AXIS2_PLACEMENT_3D('',#5192,#5193,#5194);
#5192 = CARTESIAN_POINT('',(7.5,0.,0.));
#5193 = DIRECTION('',(-0.,-0.,-1.));
#5194 = DIRECTION('',(1.,0.,0.));
#5195 = DEFINITIONAL_REPRESENTATION('',(#5196),#5200);
#5196 = LINE('',#5197,#5198);
#5197 = CARTESIAN_POINT('',(-0.,0.));
#5198 = VECTOR('',#5199,1.);
#5199 = DIRECTION('',(-1.,0.));
#5200 = ( GEOMETRIC_REPRESENTATION_CONTEXT(2) 
PARAMETRIC_REPRESENTATION_CONTEXT() REPRESENTATION_CONTEXT('2D SPACE',''
  ) );
#5201 = ADVANCED_FACE('',(#5202),#992,.T.);
#5202 = FACE_BOUND('',#5203,.T.);
#5203 = EDGE_LOOP('',(#5204,#5226,#5249,#5270));
#5204 = ORIENTED_EDGE('',*,*,#5205,.T.);
#5205 = EDGE_CURVE('',#956,#5206,#5208,.T.);
#5206 = VERTEX_POINT('',#5207);
#5207 = CARTESIAN_POINT('',(1.875644340786,7.,0.50000086238));
#5208 = SURFACE_CURVE('',#5209,(#5213,#5220),.PCURVE_S1.);
#5209 = LINE('',#5210,#5211);
#5210 = CARTESIAN_POINT('',(18.768211963761,7.,0.50000086238));
#5211 = VECTOR('',#5212,1.);
#5212 = DIRECTION('',(-1.,0.,0.));
#5213 = PCURVE('',#992,#5214);
#5214 = DEFINITIONAL_REPRESENTATION('',(#5215),#5219);
#5215 = LINE('',#5216,#5217);
#5216 = CARTESIAN_POINT('',(16.892567622975,-0.50000086238));
#5217 = VECTOR('',#5218,1.);
#5218 = DIRECTION('',(-1.,0.));
#5219 = ( GEOMETRIC_REPRESENTATION_CONTEXT(2) 
PARAMETRIC_REPRESENTATION_CONTEXT() REPRESENTATION_CONTEXT('2D SPACE',''
  ) );
#5220 = PCURVE('',#4977,#5221);
#5221 = DEFINITIONAL_REPRESENTATION('',(#5222),#5225);
#5222 = B_SPLINE_CURVE_WITH_KNOTS('',1,(#5223,#5224),.UNSPECIFIED.,.F.,
  .F.,(2,2),(0.,18.768211963761),.PIECEWISE_BEZIER_KNOTS.);
#5223 = CARTESIAN_POINT('',(6.283183582419,0.));
#5224 = CARTESIAN_POINT('',(6.283183582419,18.768211963761));
#5225 = ( GEOMETRIC_REPRESENTATION_CONTEXT(2) 
PARAMETRIC_REPRESENTATION_CONTEXT() REPRESENTATION_CONTEXT('2D SPACE',''
  ) );
#5226 = ORIENTED_EDGE('',*,*,#5227,.T.);
#5227 = EDGE_CURVE('',#5206,#5228,#5230,.T.);
#5228 = VERTEX_POINT('',#5229);
#5229 = CARTESIAN_POINT('',(1.875644340786,7.,2.361008928571));
#5230 = SURFACE_CURVE('',#5231,(#5235,#5242),.PCURVE_S1.);
#5231 = LINE('',#5232,#5233);
#5232 = CARTESIAN_POINT('',(1.875644340786,7.,0.));
#5233 = VECTOR('',#5234,1.);
#5234 = DIRECTION('',(0.,0.,1.));
#5235 = PCURVE('',#992,#5236);
#5236 = DEFINITIONAL_REPRESENTATION('',(#5237),#5241);
#5237 = LINE('',#5238,#5239);
#5238 = CARTESIAN_POINT('',(-4.440892098501E-16,0.));
#5239 = VECTOR('',#5240,1.);
#5240 = DIRECTION('',(0.,-1.));
#5241 = ( GEOMETRIC_REPRESENTATION_CONTEXT(2) 
PARAMETRIC_REPRESENTATION_CONTEXT() REPRESENTATION_CONTEXT('2D SPACE',''
  ) );
#5242 = PCURVE('',#1246,#5243);
#5243 = DEFINITIONAL_REPRESENTATION('',(#5244),#5248);
#5244 = LINE('',#5245,#5246);
#5245 = CARTESIAN_POINT('',(-2.617993877991,0.));
#5246 = VECTOR('',#5247,1.);
#5247 = DIRECTION('',(-0.,-1.));
#5248 = ( GEOMETRIC_REPRESENTATION_CONTEXT(2) 
PARAMETRIC_REPRESENTATION_CONTEXT() REPRESENTATION_CONTEXT('2D SPACE',''
  ) );
#5249 = ORIENTED_EDGE('',*,*,#5250,.F.);
#5250 = EDGE_CURVE('',#906,#5228,#5251,.T.);
#5251 = SURFACE_CURVE('',#5252,(#5256,#5263),.PCURVE_S1.);
#5252 = LINE('',#5253,#5254);
#5253 = CARTESIAN_POINT('',(18.768211963761,7.,2.361008928571));
#5254 = VECTOR('',#5255,1.);
#5255 = DIRECTION('',(-1.,0.,0.));
#5256 = PCURVE('',#992,#5257);
#5257 = DEFINITIONAL_REPRESENTATION('',(#5258),#5262);
#5258 = LINE('',#5259,#5260);
#5259 = CARTESIAN_POINT('',(16.892567622975,-2.361008928571));
#5260 = VECTOR('',#5261,1.);
#5261 = DIRECTION('',(-1.,0.));
#5262 = ( GEOMETRIC_REPRESENTATION_CONTEXT(2) 
PARAMETRIC_REPRESENTATION_CONTEXT() REPRESENTATION_CONTEXT('2D SPACE',''
  ) );
#5263 = PCURVE('',#1164,#5264);
#5264 = DEFINITIONAL_REPRESENTATION('',(#5265),#5269);
#5265 = LINE('',#5266,#5267);
#5266 = CARTESIAN_POINT('',(6.28318530718,0.));
#5267 = VECTOR('',#5268,1.);
#5268 = DIRECTION('',(0.,1.));
#5269 = ( GEOMETRIC_REPRESENTATION_CONTEXT(2) 
PARAMETRIC_REPRESENTATION_CONTEXT() REPRESENTATION_CONTEXT('2D SPACE',''
  ) );
#5270 = ORIENTED_EDGE('',*,*,#978,.F.);
#5271 = ADVANCED_FACE('',(#5272),#1164,.T.);
#5272 = FACE_BOUND('',#5273,.T.);
#5273 = EDGE_LOOP('',(#5274,#5275,#5276,#5277));
#5274 = ORIENTED_EDGE('',*,*,#1207,.F.);
#5275 = ORIENTED_EDGE('',*,*,#1149,.F.);
#5276 = ORIENTED_EDGE('',*,*,#5250,.T.);
#5277 = ORIENTED_EDGE('',*,*,#5278,.F.);
#5278 = EDGE_CURVE('',#1208,#5228,#5279,.T.);
#5279 = SURFACE_CURVE('',#5280,(#5293,#5309),.PCURVE_S1.);
#5280 = B_SPLINE_CURVE_WITH_KNOTS('',6,(#5281,#5282,#5283,#5284,#5285,
    #5286,#5287,#5288,#5289,#5290,#5291,#5292),.UNSPECIFIED.,.F.,.F.,(7,
    5,7),(0.,0.384103189773,1.),.UNSPECIFIED.);
#5281 = CARTESIAN_POINT('',(1.600403226131,6.5,2.861008928571));
#5282 = CARTESIAN_POINT('',(1.627365375136,6.551433811403,2.861008923759
    ));
#5283 = CARTESIAN_POINT('',(1.654597224784,6.602759546496,2.854659882559
    ));
#5284 = CARTESIAN_POINT('',(1.681569631276,6.652966411375,2.842011846128
    ));
#5285 = CARTESIAN_POINT('',(1.707723031769,6.701067849198,2.823341546832
    ));
#5286 = CARTESIAN_POINT('',(1.732501182272,6.746162395606,2.799138187846
    ));
#5287 = CARTESIAN_POINT('',(1.792162246665,6.853790323508,2.723496013202
    ));
#5288 = CARTESIAN_POINT('',(1.824131095608,6.910446989637,2.664419848684
    ));
#5289 = CARTESIAN_POINT('',(1.849531722975,6.954774149763,2.595379370669
    ));
#5290 = CARTESIAN_POINT('',(1.86695198647,6.984943727525,2.519499880237)
  );
#5291 = CARTESIAN_POINT('',(1.875644335508,6.999999990858,2.440213930235
    ));
#5292 = CARTESIAN_POINT('',(1.875644340786,7.,2.361008986283));
#5293 = PCURVE('',#1164,#5294);
#5294 = DEFINITIONAL_REPRESENTATION('',(#5295),#5308);
#5295 = B_SPLINE_CURVE_WITH_KNOTS('',6,(#5296,#5297,#5298,#5299,#5300,
    #5301,#5302,#5303,#5304,#5305,#5306,#5307),.UNSPECIFIED.,.F.,.F.,(7,
    5,7),(0.,0.384103189773,1.),.UNSPECIFIED.);
#5296 = CARTESIAN_POINT('',(4.712388980385,17.16780873763));
#5297 = CARTESIAN_POINT('',(4.81525660319,17.140846588625));
#5298 = CARTESIAN_POINT('',(4.917907932595,17.113614738977));
#5299 = CARTESIAN_POINT('',(5.020281683052,17.086642332485));
#5300 = CARTESIAN_POINT('',(5.122319534772,17.060488931992));
#5301 = CARTESIAN_POINT('',(5.223941686332,17.035710781489));
#5302 = CARTESIAN_POINT('',(5.487042499325,16.976049717096));
#5303 = CARTESIAN_POINT('',(5.647686556857,16.944080868153));
#5304 = CARTESIAN_POINT('',(5.807282435842,16.918680240786));
#5305 = CARTESIAN_POINT('',(5.966205161749,16.901259977291));
#5306 = CARTESIAN_POINT('',(6.124775303853,16.892567628253));
#5307 = CARTESIAN_POINT('',(6.283185191756,16.892567622975));
#5308 = ( GEOMETRIC_REPRESENTATION_CONTEXT(2) 
PARAMETRIC_REPRESENTATION_CONTEXT() REPRESENTATION_CONTEXT('2D SPACE',''
  ) );
#5309 = PCURVE('',#1246,#5310);
#5310 = DEFINITIONAL_REPRESENTATION('',(#5311),#5324);
#5311 = B_SPLINE_CURVE_WITH_KNOTS('',6,(#5312,#5313,#5314,#5315,#5316,
    #5317,#5318,#5319,#5320,#5321,#5322,#5323),.UNSPECIFIED.,.F.,.F.,(7,
    5,7),(0.,0.384103189773,1.),.UNSPECIFIED.);
#5312 = CARTESIAN_POINT('',(-2.658764690845,-2.861008928571));
#5313 = CARTESIAN_POINT('',(-2.654616667936,-2.861008923757));
#5314 = CARTESIAN_POINT('',(-2.650466537951,-2.854659882562));
#5315 = CARTESIAN_POINT('',(-2.646395667949,-2.842011846126));
#5316 = CARTESIAN_POINT('',(-2.64248489379,-2.823341546833));
#5317 = CARTESIAN_POINT('',(-2.638809660613,-2.799138187846));
#5318 = CARTESIAN_POINT('',(-2.630019820272,-2.723496013202));
#5319 = CARTESIAN_POINT('',(-2.625373263815,-2.664419848684));
#5320 = CARTESIAN_POINT('',(-2.621724108705,-2.595379370669));
#5321 = CARTESIAN_POINT('',(-2.619235680989,-2.519499880237));
#5322 = CARTESIAN_POINT('',(-2.617993878746,-2.440213930235));
#5323 = CARTESIAN_POINT('',(-2.617993877991,-2.361008986283));
#5324 = ( GEOMETRIC_REPRESENTATION_CONTEXT(2) 
PARAMETRIC_REPRESENTATION_CONTEXT() REPRESENTATION_CONTEXT('2D SPACE',''
  ) );
#5325 = ADVANCED_FACE('',(#5326),#1274,.T.);
#5326 = FACE_BOUND('',#5327,.T.);
#5327 = EDGE_LOOP('',(#5328,#5329,#5379,#5405,#5426));
#5328 = ORIENTED_EDGE('',*,*,#1258,.F.);
#5329 = ORIENTED_EDGE('',*,*,#5330,.T.);
#5330 = EDGE_CURVE('',#1230,#5331,#5333,.T.);
#5331 = VERTEX_POINT('',#5332);
#5332 = CARTESIAN_POINT('',(1.875644340786,-7.,2.36101352864));
#5333 = SURFACE_CURVE('',#5334,(#5347,#5363),.PCURVE_S1.);
#5334 = B_SPLINE_CURVE_WITH_KNOTS('',6,(#5335,#5336,#5337,#5338,#5339,
    #5340,#5341,#5342,#5343,#5344,#5345,#5346),.UNSPECIFIED.,.F.,.F.,(7,
    5,7),(0.,0.384109008679,1.),.UNSPECIFIED.);
#5335 = CARTESIAN_POINT('',(1.600403226131,-6.5,2.861008928571));
#5336 = CARTESIAN_POINT('',(1.627365624889,-6.551434287839,
    2.861008923761));
#5337 = CARTESIAN_POINT('',(1.654597728805,-6.602760496448,
    2.854659764939));
#5338 = CARTESIAN_POINT('',(1.681570379619,-6.652967804335,
    2.842011495081));
#5339 = CARTESIAN_POINT('',(1.70772399903,-6.701069628196,2.823340856337
    ));
#5340 = CARTESIAN_POINT('',(1.732502328058,-6.746164480868,2.79913706888
    ));
#5341 = CARTESIAN_POINT('',(1.792162818543,-6.853791325862,
    2.723494753032));
#5342 = CARTESIAN_POINT('',(1.824131071781,-6.910446931524,
    2.664419382442));
#5343 = CARTESIAN_POINT('',(1.849531297238,-6.954773402823,
    2.595380033733));
#5344 = CARTESIAN_POINT('',(1.866951421442,-6.984942748937,
    2.519501862611));
#5345 = CARTESIAN_POINT('',(1.87564392008,-6.999999271315,2.44021725943)
  );
#5346 = CARTESIAN_POINT('',(1.875644340786,-7.,2.36101352864));
#5347 = PCURVE('',#1274,#5348);
#5348 = DEFINITIONAL_REPRESENTATION('',(#5349),#5362);
#5349 = B_SPLINE_CURVE_WITH_KNOTS('',6,(#5350,#5351,#5352,#5353,#5354,
    #5355,#5356,#5357,#5358,#5359,#5360,#5361),.UNSPECIFIED.,.F.,.F.,(7,
    5,7),(0.,0.384109008679,1.),.UNSPECIFIED.);
#5350 = CARTESIAN_POINT('',(1.570796326753,1.600403226131));
#5351 = CARTESIAN_POINT('',(1.67366490243,1.627365624889));
#5352 = CARTESIAN_POINT('',(1.77631717886,1.654597728805));
#5353 = CARTESIAN_POINT('',(1.878691869819,1.681570379619));
#5354 = CARTESIAN_POINT('',(1.980730654976,1.70772399903));
#5355 = CARTESIAN_POINT('',(2.082353731642,1.732502328058));
#5356 = CARTESIAN_POINT('',(2.345452935063,1.792162818543));
#5357 = CARTESIAN_POINT('',(2.506094521303,1.824131071781));
#5358 = CARTESIAN_POINT('',(2.665687963912,1.849531297238));
#5359 = CARTESIAN_POINT('',(2.824608269655,1.866951421442));
#5360 = CARTESIAN_POINT('',(2.983175991865,1.87564392008));
#5361 = CARTESIAN_POINT('',(3.141583453453,1.875644340786));
#5362 = ( GEOMETRIC_REPRESENTATION_CONTEXT(2) 
PARAMETRIC_REPRESENTATION_CONTEXT() REPRESENTATION_CONTEXT('2D SPACE',''
  ) );
#5363 = PCURVE('',#1246,#5364);
#5364 = DEFINITIONAL_REPRESENTATION('',(#5365),#5378);
#5365 = B_SPLINE_CURVE_WITH_KNOTS('',6,(#5366,#5367,#5368,#5369,#5370,
    #5371,#5372,#5373,#5374,#5375,#5376,#5377),.UNSPECIFIED.,.F.,.F.,(7,
    5,7),(0.,0.384109008679,1.),.UNSPECIFIED.);
#5366 = CARTESIAN_POINT('',(-3.624420616335,-2.861008928571));
#5367 = CARTESIAN_POINT('',(-3.628568677667,-2.86100892376));
#5368 = CARTESIAN_POINT('',(-3.632718846041,-2.854659764942));
#5369 = CARTESIAN_POINT('',(-3.636789752175,-2.842011495078));
#5370 = CARTESIAN_POINT('',(-3.640700558027,-2.823340856338));
#5371 = CARTESIAN_POINT('',(-3.644375816517,-2.79913706888));
#5372 = CARTESIAN_POINT('',(-3.653165569331,-2.723494753032));
#5373 = CARTESIAN_POINT('',(-3.657812038916,-2.664419382442));
#5374 = CARTESIAN_POINT('',(-3.661461137066,-2.595380033733));
#5375 = CARTESIAN_POINT('',(-3.663949545476,-2.519501862611));
#5376 = CARTESIAN_POINT('',(-3.665191369087,-2.44021725943));
#5377 = CARTESIAN_POINT('',(-3.665191429188,-2.36101352864));
#5378 = ( GEOMETRIC_REPRESENTATION_CONTEXT(2) 
PARAMETRIC_REPRESENTATION_CONTEXT() REPRESENTATION_CONTEXT('2D SPACE',''
  ) );
#5379 = ORIENTED_EDGE('',*,*,#5380,.F.);
#5380 = EDGE_CURVE('',#5381,#5331,#5383,.T.);
#5381 = VERTEX_POINT('',#5382);
#5382 = CARTESIAN_POINT('',(1.875644340786,-6.999999999985,
    2.361001734169));
#5383 = SURFACE_CURVE('',#5384,(#5388,#5398),.PCURVE_S1.);
#5384 = LINE('',#5385,#5386);
#5385 = CARTESIAN_POINT('',(1.875644340786,-7.,0.));
#5386 = VECTOR('',#5387,1.);
#5387 = DIRECTION('',(0.,0.,1.));
#5388 = PCURVE('',#1274,#5389);
#5389 = DEFINITIONAL_REPRESENTATION('',(#5390),#5397);
#5390 = B_SPLINE_CURVE_WITH_KNOTS('',5,(#5391,#5392,#5393,#5394,#5395,
    #5396),.UNSPECIFIED.,.F.,.F.,(6,6),(2.361001734169,2.36101352864),
  .PIECEWISE_BEZIER_KNOTS.);
#5391 = CARTESIAN_POINT('',(3.141607042394,1.875644340786));
#5392 = CARTESIAN_POINT('',(3.141602324606,1.875644340786));
#5393 = CARTESIAN_POINT('',(3.141597606817,1.875644340786));
#5394 = CARTESIAN_POINT('',(3.141592889029,1.875644340786));
#5395 = CARTESIAN_POINT('',(3.141588171241,1.875644340786));
#5396 = CARTESIAN_POINT('',(3.141583453453,1.875644340786));
#5397 = ( GEOMETRIC_REPRESENTATION_CONTEXT(2) 
PARAMETRIC_REPRESENTATION_CONTEXT() REPRESENTATION_CONTEXT('2D SPACE',''
  ) );
#5398 = PCURVE('',#1246,#5399);
#5399 = DEFINITIONAL_REPRESENTATION('',(#5400),#5404);
#5400 = LINE('',#5401,#5402);
#5401 = CARTESIAN_POINT('',(-3.665191429188,0.));
#5402 = VECTOR('',#5403,1.);
#5403 = DIRECTION('',(-0.,-1.));
#5404 = ( GEOMETRIC_REPRESENTATION_CONTEXT(2) 
PARAMETRIC_REPRESENTATION_CONTEXT() REPRESENTATION_CONTEXT('2D SPACE',''
  ) );
#5405 = ORIENTED_EDGE('',*,*,#5406,.T.);
#5406 = EDGE_CURVE('',#5381,#4667,#5407,.T.);
#5407 = SURFACE_CURVE('',#5408,(#5412,#5419),.PCURVE_S1.);
#5408 = LINE('',#5409,#5410);
#5409 = CARTESIAN_POINT('',(0.,-6.999999999969,2.361001734169));
#5410 = VECTOR('',#5411,1.);
#5411 = DIRECTION('',(1.,0.,0.));
#5412 = PCURVE('',#1274,#5413);
#5413 = DEFINITIONAL_REPRESENTATION('',(#5414),#5418);
#5414 = LINE('',#5415,#5416);
#5415 = CARTESIAN_POINT('',(3.141607042394,0.));
#5416 = VECTOR('',#5417,1.);
#5417 = DIRECTION('',(0.,1.));
#5418 = ( GEOMETRIC_REPRESENTATION_CONTEXT(2) 
PARAMETRIC_REPRESENTATION_CONTEXT() REPRESENTATION_CONTEXT('2D SPACE',''
  ) );
#5419 = PCURVE('',#5007,#5420);
#5420 = DEFINITIONAL_REPRESENTATION('',(#5421),#5425);
#5421 = LINE('',#5422,#5423);
#5422 = CARTESIAN_POINT('',(-1.875644340786,-2.361001734169));
#5423 = VECTOR('',#5424,1.);
#5424 = DIRECTION('',(1.,0.));
#5425 = ( GEOMETRIC_REPRESENTATION_CONTEXT(2) 
PARAMETRIC_REPRESENTATION_CONTEXT() REPRESENTATION_CONTEXT('2D SPACE',''
  ) );
#5426 = ORIENTED_EDGE('',*,*,#4666,.F.);
#5427 = ADVANCED_FACE('',(#5428,#5555),#1246,.T.);
#5428 = FACE_BOUND('',#5429,.F.);
#5429 = EDGE_LOOP('',(#5430,#5478,#5479,#5480,#5481,#5482,#5483,#5506,
    #5554));
#5430 = ORIENTED_EDGE('',*,*,#5431,.F.);
#5431 = EDGE_CURVE('',#5206,#5103,#5432,.T.);
#5432 = SURFACE_CURVE('',#5433,(#5446,#5462),.PCURVE_S1.);
#5433 = B_SPLINE_CURVE_WITH_KNOTS('',6,(#5434,#5435,#5436,#5437,#5438,
    #5439,#5440,#5441,#5442,#5443,#5444,#5445),.UNSPECIFIED.,.F.,.F.,(7,
    5,7),(0.,0.61589764196,1.),.UNSPECIFIED.);
#5434 = CARTESIAN_POINT('',(1.875644340786,7.,0.499999942288));
#5435 = CARTESIAN_POINT('',(1.875644335508,6.999999990858,0.42079503028)
  );
#5436 = CARTESIAN_POINT('',(1.866951994007,6.984943740401,0.341508957601
    ));
#5437 = CARTESIAN_POINT('',(1.849531678251,6.954774073136,0.265629323122
    ));
#5438 = CARTESIAN_POINT('',(1.824130987371,6.910446800311,0.196588792565
    ));
#5439 = CARTESIAN_POINT('',(1.792162080234,6.853790029366,0.137512593023
    ));
#5440 = CARTESIAN_POINT('',(1.732500936774,6.746161948927,
    6.187049890141E-02));
#5441 = CARTESIAN_POINT('',(1.707722825165,6.701067469268,
    3.766723586155E-02));
#5442 = CARTESIAN_POINT('',(1.681569517625,6.652966196778,
    1.899706392007E-02));
#5443 = CARTESIAN_POINT('',(1.654597247401,6.602759584816,
    6.349094095135E-03));
#5444 = CARTESIAN_POINT('',(1.627365477177,6.551434006059,
    4.812767477522E-09));
#5445 = CARTESIAN_POINT('',(1.600403226131,6.5,0.));
#5446 = PCURVE('',#1246,#5447);
#5447 = DEFINITIONAL_REPRESENTATION('',(#5448),#5461);
#5448 = B_SPLINE_CURVE_WITH_KNOTS('',6,(#5449,#5450,#5451,#5452,#5453,
    #5454,#5455,#5456,#5457,#5458,#5459,#5460),.UNSPECIFIED.,.F.,.F.,(7,
    5,7),(0.,0.61589764196,1.),.UNSPECIFIED.);
#5449 = CARTESIAN_POINT('',(-2.617993877991,-0.499999942288));
#5450 = CARTESIAN_POINT('',(-2.617993878746,-0.42079503028));
#5451 = CARTESIAN_POINT('',(-2.619235679924,-0.341508957601));
#5452 = CARTESIAN_POINT('',(-2.621724115042,-0.265629323122));
#5453 = CARTESIAN_POINT('',(-2.625373279393,-0.196588792565));
#5454 = CARTESIAN_POINT('',(-2.630019844412,-0.137512593023));
#5455 = CARTESIAN_POINT('',(-2.638809697019,-6.187049890141E-02));
#5456 = CARTESIAN_POINT('',(-2.64248492468,-3.766723586068E-02));
#5457 = CARTESIAN_POINT('',(-2.646395685293,-1.899706392242E-02));
#5458 = CARTESIAN_POINT('',(-2.650466534777,-6.349094092518E-03));
#5459 = CARTESIAN_POINT('',(-2.654616652237,-4.814014353816E-09));
#5460 = CARTESIAN_POINT('',(-2.658764690845,0.));
#5461 = ( GEOMETRIC_REPRESENTATION_CONTEXT(2) 
PARAMETRIC_REPRESENTATION_CONTEXT() REPRESENTATION_CONTEXT('2D SPACE',''
  ) );
#5462 = PCURVE('',#4977,#5463);
#5463 = DEFINITIONAL_REPRESENTATION('',(#5464),#5477);
#5464 = B_SPLINE_CURVE_WITH_KNOTS('',6,(#5465,#5466,#5467,#5468,#5469,
    #5470,#5471,#5472,#5473,#5474,#5475,#5476),.UNSPECIFIED.,.F.,.F.,(7,
    5,7),(0.,0.61589764196,1.),.UNSPECIFIED.);
#5465 = CARTESIAN_POINT('',(6.283185422603,16.892567622975));
#5466 = CARTESIAN_POINT('',(6.44159524662,16.892567628253));
#5467 = CARTESIAN_POINT('',(6.600165633635,16.901259969754));
#5468 = CARTESIAN_POINT('',(6.759088641151,16.91868028551));
#5469 = CARTESIAN_POINT('',(6.91868473371,16.94408097639));
#5470 = CARTESIAN_POINT('',(7.079328967041,16.976049883527));
#5471 = CARTESIAN_POINT('',(7.342429937027,17.035711026987));
#5472 = CARTESIAN_POINT('',(7.444051883336,17.060489138596));
#5473 = CARTESIAN_POINT('',(7.546089338438,17.086642446136));
#5474 = CARTESIAN_POINT('',(7.648462605137,17.11361471636));
#5475 = CARTESIAN_POINT('',(7.751113621857,17.140846486584));
#5476 = CARTESIAN_POINT('',(7.853981633974,17.16780873763));
#5477 = ( GEOMETRIC_REPRESENTATION_CONTEXT(2) 
PARAMETRIC_REPRESENTATION_CONTEXT() REPRESENTATION_CONTEXT('2D SPACE',''
  ) );
#5478 = ORIENTED_EDGE('',*,*,#5227,.T.);
#5479 = ORIENTED_EDGE('',*,*,#5278,.F.);
#5480 = ORIENTED_EDGE('',*,*,#1229,.T.);
#5481 = ORIENTED_EDGE('',*,*,#5330,.T.);
#5482 = ORIENTED_EDGE('',*,*,#5380,.F.);
#5483 = ORIENTED_EDGE('',*,*,#5484,.F.);
#5484 = EDGE_CURVE('',#5485,#5381,#5487,.T.);
#5485 = VERTEX_POINT('',#5486);
#5486 = CARTESIAN_POINT('',(1.875644340786,-7.,0.499992805864));
#5487 = SURFACE_CURVE('',#5488,(#5492,#5499),.PCURVE_S1.);
#5488 = LINE('',#5489,#5490);
#5489 = CARTESIAN_POINT('',(1.875644340786,-7.,0.));
#5490 = VECTOR('',#5491,1.);
#5491 = DIRECTION('',(0.,0.,1.));
#5492 = PCURVE('',#1246,#5493);
#5493 = DEFINITIONAL_REPRESENTATION('',(#5494),#5498);
#5494 = LINE('',#5495,#5496);
#5495 = CARTESIAN_POINT('',(-3.665191429188,0.));
#5496 = VECTOR('',#5497,1.);
#5497 = DIRECTION('',(-0.,-1.));
#5498 = ( GEOMETRIC_REPRESENTATION_CONTEXT(2) 
PARAMETRIC_REPRESENTATION_CONTEXT() REPRESENTATION_CONTEXT('2D SPACE',''
  ) );
#5499 = PCURVE('',#5007,#5500);
#5500 = DEFINITIONAL_REPRESENTATION('',(#5501),#5505);
#5501 = LINE('',#5502,#5503);
#5502 = CARTESIAN_POINT('',(6.661338147751E-16,0.));
#5503 = VECTOR('',#5504,1.);
#5504 = DIRECTION('',(0.,-1.));
#5505 = ( GEOMETRIC_REPRESENTATION_CONTEXT(2) 
PARAMETRIC_REPRESENTATION_CONTEXT() REPRESENTATION_CONTEXT('2D SPACE',''
  ) );
#5506 = ORIENTED_EDGE('',*,*,#5507,.T.);
#5507 = EDGE_CURVE('',#5485,#5126,#5508,.T.);
#5508 = SURFACE_CURVE('',#5509,(#5522,#5538),.PCURVE_S1.);
#5509 = B_SPLINE_CURVE_WITH_KNOTS('',6,(#5510,#5511,#5512,#5513,#5514,
    #5515,#5516,#5517,#5518,#5519,#5520,#5521),.UNSPECIFIED.,.F.,.F.,(7,
    5,7),(0.,0.605941092707,1.),.UNSPECIFIED.);
#5510 = CARTESIAN_POINT('',(1.875644340786,-6.999999999985,
    0.499992805864));
#5511 = CARTESIAN_POINT('',(1.875643688953,-6.999998870976,
    0.422067097687));
#5512 = CARTESIAN_POINT('',(1.867229192526,-6.985423946708,
    0.344067777273));
#5513 = CARTESIAN_POINT('',(1.85036897061,-6.956223973864,0.269311486299
    ));
#5514 = CARTESIAN_POINT('',(1.825761327436,-6.913291707036,
    0.201064741261));
#5515 = CARTESIAN_POINT('',(1.794728974625,-6.858337421299,0.14231282049
    ));
#5516 = CARTESIAN_POINT('',(1.735698897385,-6.751978694364,
    6.503961739428E-02));
#5517 = CARTESIAN_POINT('',(1.710426950683,-6.706038533517,
    3.962418261163E-02));
#5518 = CARTESIAN_POINT('',(1.683663646871,-6.656862910831,
    1.99923435569E-02));
#5519 = CARTESIAN_POINT('',(1.656008177036,-6.605418422698,
    6.682571132397E-03));
#5520 = CARTESIAN_POINT('',(1.628064488703,-6.5527674616,
    4.935306866364E-09));
#5521 = CARTESIAN_POINT('',(1.600403226131,-6.5,-4.440892098501E-16));
#5522 = PCURVE('',#1246,#5523);
#5523 = DEFINITIONAL_REPRESENTATION('',(#5524),#5537);
#5524 = B_SPLINE_CURVE_WITH_KNOTS('',6,(#5525,#5526,#5527,#5528,#5529,
    #5530,#5531,#5532,#5533,#5534,#5535,#5536),.UNSPECIFIED.,.F.,.F.,(7,
    5,7),(0.,0.605941092707,1.),.UNSPECIFIED.);
#5525 = CARTESIAN_POINT('',(-3.665191429188,-0.499992805864));
#5526 = CARTESIAN_POINT('',(-3.665191336069,-0.422067097687));
#5527 = CARTESIAN_POINT('',(-3.663989231862,-0.344067777273));
#5528 = CARTESIAN_POINT('',(-3.661580786294,-0.269311486299));
#5529 = CARTESIAN_POINT('',(-3.658046233855,-0.201064741261));
#5530 = CARTESIAN_POINT('',(-3.653538441669,-0.14231282049));
#5531 = CARTESIAN_POINT('',(-3.644849741285,-6.503961739428E-02));
#5532 = CARTESIAN_POINT('',(-3.641104587162,-3.962418261074E-02));
#5533 = CARTESIAN_POINT('',(-3.637105598973,-1.999234355931E-02));
#5534 = CARTESIAN_POINT('',(-3.632933770188,-6.682571129712E-03));
#5535 = CARTESIAN_POINT('',(-3.628676195177,-4.93658663947E-09));
#5536 = CARTESIAN_POINT('',(-3.624420616335,4.440892098501E-16));
#5537 = ( GEOMETRIC_REPRESENTATION_CONTEXT(2) 
PARAMETRIC_REPRESENTATION_CONTEXT() REPRESENTATION_CONTEXT('2D SPACE',''
  ) );
#5538 = PCURVE('',#5062,#5539);
#5539 = DEFINITIONAL_REPRESENTATION('',(#5540),#5553);
#5540 = B_SPLINE_CURVE_WITH_KNOTS('',6,(#5541,#5542,#5543,#5544,#5545,
    #5546,#5547,#5548,#5549,#5550,#5551,#5552),.UNSPECIFIED.,.F.,.F.,(7,
    5,7),(0.,0.605941092707,1.),.UNSPECIFIED.);
#5541 = CARTESIAN_POINT('',(3.141607041861,1.875644340786));
#5542 = CARTESIAN_POINT('',(3.297458458231,1.875643688953));
#5543 = CARTESIAN_POINT('',(3.453455947314,1.867229192526));
#5544 = CARTESIAN_POINT('',(3.609791055363,1.85036897061));
#5545 = CARTESIAN_POINT('',(3.766771351265,1.825761327436));
#5546 = CARTESIAN_POINT('',(3.924754820696,1.794728974625));
#5547 = CARTESIAN_POINT('',(4.187686954235,1.735698897385));
#5548 = CARTESIAN_POINT('',(4.291897233411,1.710426950683));
#5549 = CARTESIAN_POINT('',(4.396546782775,1.683663646871));
#5550 = CARTESIAN_POINT('',(4.501552300714,1.656008177036));
#5551 = CARTESIAN_POINT('',(4.606854057227,1.628064488703));
#5552 = CARTESIAN_POINT('',(4.712388980427,1.600403226131));
#5553 = ( GEOMETRIC_REPRESENTATION_CONTEXT(2) 
PARAMETRIC_REPRESENTATION_CONTEXT() REPRESENTATION_CONTEXT('2D SPACE',''
  ) );
#5554 = ORIENTED_EDGE('',*,*,#5125,.F.);
#5555 = FACE_BOUND('',#5556,.F.);
#5556 = EDGE_LOOP('',(#5557,#5585,#5614,#5638,#5664,#5697));
#5557 = ORIENTED_EDGE('',*,*,#5558,.F.);
#5558 = EDGE_CURVE('',#5559,#5561,#5563,.T.);
#5559 = VERTEX_POINT('',#5560);
#5560 = CARTESIAN_POINT('',(1.125606804185,-5.5,1.440504464286));
#5561 = VERTEX_POINT('',#5562);
#5562 = CARTESIAN_POINT('',(1.125606804185,-5.5,1.420504464286));
#5563 = SURFACE_CURVE('',#5564,(#5568,#5574),.PCURVE_S1.);
#5564 = LINE('',#5565,#5566);
#5565 = CARTESIAN_POINT('',(1.125606804185,-5.5,0.));
#5566 = VECTOR('',#5567,1.);
#5567 = DIRECTION('',(-0.,-0.,-1.));
#5568 = PCURVE('',#1246,#5569);
#5569 = DEFINITIONAL_REPRESENTATION('',(#5570),#5573);
#5570 = B_SPLINE_CURVE_WITH_KNOTS('',1,(#5571,#5572),.UNSPECIFIED.,.F.,
  .F.,(2,2),(-1.442504464286,-1.418504464286),.PIECEWISE_BEZIER_KNOTS.);
#5571 = CARTESIAN_POINT('',(-3.545329134634,-1.442504464286));
#5572 = CARTESIAN_POINT('',(-3.545329134634,-1.418504464286));
#5573 = ( GEOMETRIC_REPRESENTATION_CONTEXT(2) 
PARAMETRIC_REPRESENTATION_CONTEXT() REPRESENTATION_CONTEXT('2D SPACE',''
  ) );
#5574 = PCURVE('',#5575,#5580);
#5575 = PLANE('',#5576);
#5576 = AXIS2_PLACEMENT_3D('',#5577,#5578,#5579);
#5577 = CARTESIAN_POINT('',(0.,-5.5,1.440504464286));
#5578 = DIRECTION('',(0.,1.,0.));
#5579 = DIRECTION('',(0.,0.,-1.));
#5580 = DEFINITIONAL_REPRESENTATION('',(#5581),#5584);
#5581 = B_SPLINE_CURVE_WITH_KNOTS('',1,(#5582,#5583),.UNSPECIFIED.,.F.,
  .F.,(2,2),(-1.442504464286,-1.418504464286),.PIECEWISE_BEZIER_KNOTS.);
#5582 = CARTESIAN_POINT('',(-2.E-03,-1.125606804185));
#5583 = CARTESIAN_POINT('',(2.2E-02,-1.125606804185));
#5584 = ( GEOMETRIC_REPRESENTATION_CONTEXT(2) 
PARAMETRIC_REPRESENTATION_CONTEXT() REPRESENTATION_CONTEXT('2D SPACE',''
  ) );
#5585 = ORIENTED_EDGE('',*,*,#5586,.T.);
#5586 = EDGE_CURVE('',#5559,#5587,#5589,.T.);
#5587 = VERTEX_POINT('',#5588);
#5588 = CARTESIAN_POINT('',(0.,-4.177170392419E-04,1.440504464286));
#5589 = SURFACE_CURVE('',#5590,(#5595,#5602),.PCURVE_S1.);
#5590 = CIRCLE('',#5591,14.);
#5591 = AXIS2_PLACEMENT_3D('',#5592,#5593,#5594);
#5592 = CARTESIAN_POINT('',(13.999999993768,-1.463139320524E-27,
    1.440504464286));
#5593 = DIRECTION('',(0.,0.,-1.));
#5594 = DIRECTION('',(1.,0.,0.));
#5595 = PCURVE('',#1246,#5596);
#5596 = DEFINITIONAL_REPRESENTATION('',(#5597),#5601);
#5597 = LINE('',#5598,#5599);
#5598 = CARTESIAN_POINT('',(-6.28318530718,-1.440504464286));
#5599 = VECTOR('',#5600,1.);
#5600 = DIRECTION('',(1.,-0.));
#5601 = ( GEOMETRIC_REPRESENTATION_CONTEXT(2) 
PARAMETRIC_REPRESENTATION_CONTEXT() REPRESENTATION_CONTEXT('2D SPACE',''
  ) );
#5602 = PCURVE('',#5603,#5608);
#5603 = PLANE('',#5604);
#5604 = AXIS2_PLACEMENT_3D('',#5605,#5606,#5607);
#5605 = CARTESIAN_POINT('',(0.,5.5,1.440504464286));
#5606 = DIRECTION('',(0.,0.,-1.));
#5607 = DIRECTION('',(0.,-1.,0.));
#5608 = DEFINITIONAL_REPRESENTATION('',(#5609),#5613);
#5609 = CIRCLE('',#5610,14.);
#5610 = AXIS2_PLACEMENT_2D('',#5611,#5612);
#5611 = CARTESIAN_POINT('',(5.5,-13.99999999376));
#5612 = DIRECTION('',(0.,-1.));
#5613 = ( GEOMETRIC_REPRESENTATION_CONTEXT(2) 
PARAMETRIC_REPRESENTATION_CONTEXT() REPRESENTATION_CONTEXT('2D SPACE',''
  ) );
#5614 = ORIENTED_EDGE('',*,*,#5615,.T.);
#5615 = EDGE_CURVE('',#5587,#5616,#5618,.T.);
#5616 = VERTEX_POINT('',#5617);
#5617 = CARTESIAN_POINT('',(1.125606804185,5.5,1.440504464286));
#5618 = SURFACE_CURVE('',#5619,(#5624,#5631),.PCURVE_S1.);
#5619 = CIRCLE('',#5620,14.);
#5620 = AXIS2_PLACEMENT_3D('',#5621,#5622,#5623);
#5621 = CARTESIAN_POINT('',(13.999999993768,-1.463139320524E-27,
    1.440504464286));
#5622 = DIRECTION('',(0.,0.,-1.));
#5623 = DIRECTION('',(1.,0.,0.));
#5624 = PCURVE('',#1246,#5625);
#5625 = DEFINITIONAL_REPRESENTATION('',(#5626),#5630);
#5626 = LINE('',#5627,#5628);
#5627 = CARTESIAN_POINT('',(-6.28318530718,-1.440504464286));
#5628 = VECTOR('',#5629,1.);
#5629 = DIRECTION('',(1.,-0.));
#5630 = ( GEOMETRIC_REPRESENTATION_CONTEXT(2) 
PARAMETRIC_REPRESENTATION_CONTEXT() REPRESENTATION_CONTEXT('2D SPACE',''
  ) );
#5631 = PCURVE('',#5603,#5632);
#5632 = DEFINITIONAL_REPRESENTATION('',(#5633),#5637);
#5633 = CIRCLE('',#5634,14.);
#5634 = AXIS2_PLACEMENT_2D('',#5635,#5636);
#5635 = CARTESIAN_POINT('',(5.5,-13.99999999376));
#5636 = DIRECTION('',(0.,-1.));
#5637 = ( GEOMETRIC_REPRESENTATION_CONTEXT(2) 
PARAMETRIC_REPRESENTATION_CONTEXT() REPRESENTATION_CONTEXT('2D SPACE',''
  ) );
#5638 = ORIENTED_EDGE('',*,*,#5639,.T.);
#5639 = EDGE_CURVE('',#5616,#5640,#5642,.T.);
#5640 = VERTEX_POINT('',#5641);
#5641 = CARTESIAN_POINT('',(1.125606804185,5.5,1.420504464286));
#5642 = SURFACE_CURVE('',#5643,(#5647,#5653),.PCURVE_S1.);
#5643 = LINE('',#5644,#5645);
#5644 = CARTESIAN_POINT('',(1.125606804185,5.5,0.));
#5645 = VECTOR('',#5646,1.);
#5646 = DIRECTION('',(-0.,-0.,-1.));
#5647 = PCURVE('',#1246,#5648);
#5648 = DEFINITIONAL_REPRESENTATION('',(#5649),#5652);
#5649 = B_SPLINE_CURVE_WITH_KNOTS('',1,(#5650,#5651),.UNSPECIFIED.,.F.,
  .F.,(2,2),(-1.442504464286,-1.418504464286),.PIECEWISE_BEZIER_KNOTS.);
#5650 = CARTESIAN_POINT('',(-2.737856172546,-1.442504464286));
#5651 = CARTESIAN_POINT('',(-2.737856172546,-1.418504464286));
#5652 = ( GEOMETRIC_REPRESENTATION_CONTEXT(2) 
PARAMETRIC_REPRESENTATION_CONTEXT() REPRESENTATION_CONTEXT('2D SPACE',''
  ) );
#5653 = PCURVE('',#5654,#5659);
#5654 = PLANE('',#5655);
#5655 = AXIS2_PLACEMENT_3D('',#5656,#5657,#5658);
#5656 = CARTESIAN_POINT('',(0.,5.5,1.420504464286));
#5657 = DIRECTION('',(0.,-1.,0.));
#5658 = DIRECTION('',(0.,0.,1.));
#5659 = DEFINITIONAL_REPRESENTATION('',(#5660),#5663);
#5660 = B_SPLINE_CURVE_WITH_KNOTS('',1,(#5661,#5662),.UNSPECIFIED.,.F.,
  .F.,(2,2),(-1.442504464286,-1.418504464286),.PIECEWISE_BEZIER_KNOTS.);
#5661 = CARTESIAN_POINT('',(2.2E-02,-1.125606804185));
#5662 = CARTESIAN_POINT('',(-2.E-03,-1.125606804185));
#5663 = ( GEOMETRIC_REPRESENTATION_CONTEXT(2) 
PARAMETRIC_REPRESENTATION_CONTEXT() REPRESENTATION_CONTEXT('2D SPACE',''
  ) );
#5664 = ORIENTED_EDGE('',*,*,#5665,.F.);
#5665 = EDGE_CURVE('',#5666,#5640,#5668,.T.);
#5666 = VERTEX_POINT('',#5667);
#5667 = CARTESIAN_POINT('',(0.,4.177170392419E-04,1.420504464286));
#5668 = SURFACE_CURVE('',#5669,(#5674,#5681),.PCURVE_S1.);
#5669 = CIRCLE('',#5670,14.);
#5670 = AXIS2_PLACEMENT_3D('',#5671,#5672,#5673);
#5671 = CARTESIAN_POINT('',(13.999999993768,-1.463139320524E-27,
    1.420504464286));
#5672 = DIRECTION('',(0.,0.,-1.));
#5673 = DIRECTION('',(1.,0.,0.));
#5674 = PCURVE('',#1246,#5675);
#5675 = DEFINITIONAL_REPRESENTATION('',(#5676),#5680);
#5676 = LINE('',#5677,#5678);
#5677 = CARTESIAN_POINT('',(-6.28318530718,-1.420504464286));
#5678 = VECTOR('',#5679,1.);
#5679 = DIRECTION('',(1.,-0.));
#5680 = ( GEOMETRIC_REPRESENTATION_CONTEXT(2) 
PARAMETRIC_REPRESENTATION_CONTEXT() REPRESENTATION_CONTEXT('2D SPACE',''
  ) );
#5681 = PCURVE('',#5682,#5687);
#5682 = PLANE('',#5683);
#5683 = AXIS2_PLACEMENT_3D('',#5684,#5685,#5686);
#5684 = CARTESIAN_POINT('',(0.,-5.5,1.420504464286));
#5685 = DIRECTION('',(0.,0.,1.));
#5686 = DIRECTION('',(0.,1.,0.));
#5687 = DEFINITIONAL_REPRESENTATION('',(#5688),#5696);
#5688 = ( BOUNDED_CURVE() B_SPLINE_CURVE(2,(#5689,#5690,#5691,#5692,
#5693,#5694,#5695),.UNSPECIFIED.,.T.,.F.) B_SPLINE_CURVE_WITH_KNOTS((1,2
    ,2,2,2,1),(-2.094395102393,0.,2.094395102393,4.188790204786,
6.28318530718,8.377580409573),.UNSPECIFIED.) CURVE() 
GEOMETRIC_REPRESENTATION_ITEM() RATIONAL_B_SPLINE_CURVE((1.,0.5,1.,0.5,
1.,0.5,1.)) REPRESENTATION_ITEM('') );
#5689 = CARTESIAN_POINT('',(5.5,-27.99999999376));
#5690 = CARTESIAN_POINT('',(-18.74871130596,-27.99999999376));
#5691 = CARTESIAN_POINT('',(-6.624355652982,-6.999999993768));
#5692 = CARTESIAN_POINT('',(5.5,14.000000006232));
#5693 = CARTESIAN_POINT('',(17.624355652982,-6.999999993768));
#5694 = CARTESIAN_POINT('',(29.748711305964,-27.99999999376));
#5695 = CARTESIAN_POINT('',(5.5,-27.99999999376));
#5696 = ( GEOMETRIC_REPRESENTATION_CONTEXT(2) 
PARAMETRIC_REPRESENTATION_CONTEXT() REPRESENTATION_CONTEXT('2D SPACE',''
  ) );
#5697 = ORIENTED_EDGE('',*,*,#5698,.F.);
#5698 = EDGE_CURVE('',#5561,#5666,#5699,.T.);
#5699 = SURFACE_CURVE('',#5700,(#5705,#5712),.PCURVE_S1.);
#5700 = CIRCLE('',#5701,14.);
#5701 = AXIS2_PLACEMENT_3D('',#5702,#5703,#5704);
#5702 = CARTESIAN_POINT('',(13.999999993768,-1.463139320524E-27,
    1.420504464286));
#5703 = DIRECTION('',(0.,0.,-1.));
#5704 = DIRECTION('',(1.,0.,0.));
#5705 = PCURVE('',#1246,#5706);
#5706 = DEFINITIONAL_REPRESENTATION('',(#5707),#5711);
#5707 = LINE('',#5708,#5709);
#5708 = CARTESIAN_POINT('',(-6.28318530718,-1.420504464286));
#5709 = VECTOR('',#5710,1.);
#5710 = DIRECTION('',(1.,-0.));
#5711 = ( GEOMETRIC_REPRESENTATION_CONTEXT(2) 
PARAMETRIC_REPRESENTATION_CONTEXT() REPRESENTATION_CONTEXT('2D SPACE',''
  ) );
#5712 = PCURVE('',#5682,#5713);
#5713 = DEFINITIONAL_REPRESENTATION('',(#5714),#5722);
#5714 = ( BOUNDED_CURVE() B_SPLINE_CURVE(2,(#5715,#5716,#5717,#5718,
#5719,#5720,#5721),.UNSPECIFIED.,.T.,.F.) B_SPLINE_CURVE_WITH_KNOTS((1,2
    ,2,2,2,1),(-2.094395102393,0.,2.094395102393,4.188790204786,
6.28318530718,8.377580409573),.UNSPECIFIED.) CURVE() 
GEOMETRIC_REPRESENTATION_ITEM() RATIONAL_B_SPLINE_CURVE((1.,0.5,1.,0.5,
1.,0.5,1.)) REPRESENTATION_ITEM('') );
#5715 = CARTESIAN_POINT('',(5.5,-27.99999999376));
#5716 = CARTESIAN_POINT('',(-18.74871130596,-27.99999999376));
#5717 = CARTESIAN_POINT('',(-6.624355652982,-6.999999993768));
#5718 = CARTESIAN_POINT('',(5.5,14.000000006232));
#5719 = CARTESIAN_POINT('',(17.624355652982,-6.999999993768));
#5720 = CARTESIAN_POINT('',(29.748711305964,-27.99999999376));
#5721 = CARTESIAN_POINT('',(5.5,-27.99999999376));
#5722 = ( GEOMETRIC_REPRESENTATION_CONTEXT(2) 
PARAMETRIC_REPRESENTATION_CONTEXT() REPRESENTATION_CONTEXT('2D SPACE',''
  ) );
#5723 = ADVANCED_FACE('',(#5724),#1330,.F.);
#5724 = FACE_BOUND('',#5725,.F.);
#5725 = EDGE_LOOP('',(#5726,#5756,#5777,#5778));
#5726 = ORIENTED_EDGE('',*,*,#5727,.F.);
#5727 = EDGE_CURVE('',#5728,#5730,#5732,.T.);
#5728 = VERTEX_POINT('',#5729);
#5729 = CARTESIAN_POINT('',(3.248248407643,-1.827388535032,
    2.761008928571));
#5730 = VERTEX_POINT('',#5731);
#5731 = CARTESIAN_POINT('',(3.234872611465,-1.656050955414,
    2.761008928571));
#5732 = SURFACE_CURVE('',#5733,(#5737,#5744),.PCURVE_S1.);
#5733 = LINE('',#5734,#5735);
#5734 = CARTESIAN_POINT('',(3.248248407643,-1.827388535032,
    2.761008928571));
#5735 = VECTOR('',#5736,1.);
#5736 = DIRECTION('',(-7.783010916185E-02,0.996966636407,0.));
#5737 = PCURVE('',#1330,#5738);
#5738 = DEFINITIONAL_REPRESENTATION('',(#5739),#5743);
#5739 = LINE('',#5740,#5741);
#5740 = CARTESIAN_POINT('',(0.,0.));
#5741 = VECTOR('',#5742,1.);
#5742 = DIRECTION('',(1.,0.));
#5743 = ( GEOMETRIC_REPRESENTATION_CONTEXT(2) 
PARAMETRIC_REPRESENTATION_CONTEXT() REPRESENTATION_CONTEXT('2D SPACE',''
  ) );
#5744 = PCURVE('',#5745,#5750);
#5745 = PLANE('',#5746);
#5746 = AXIS2_PLACEMENT_3D('',#5747,#5748,#5749);
#5747 = CARTESIAN_POINT('',(2.984649112182,-1.378681427092,
    2.761008928571));
#5748 = DIRECTION('',(0.,0.,1.));
#5749 = DIRECTION('',(2.22044604925E-16,-1.,0.));
#5750 = DEFINITIONAL_REPRESENTATION('',(#5751),#5755);
#5751 = LINE('',#5752,#5753);
#5752 = CARTESIAN_POINT('',(0.44870710794,0.263599295462));
#5753 = VECTOR('',#5754,1.);
#5754 = DIRECTION('',(-0.996966636407,-7.783010916185E-02));
#5755 = ( GEOMETRIC_REPRESENTATION_CONTEXT(2) 
PARAMETRIC_REPRESENTATION_CONTEXT() REPRESENTATION_CONTEXT('2D SPACE',''
  ) );
#5756 = ORIENTED_EDGE('',*,*,#5757,.T.);
#5757 = EDGE_CURVE('',#5728,#1316,#5758,.T.);
#5758 = SURFACE_CURVE('',#5759,(#5763,#5770),.PCURVE_S1.);
#5759 = LINE('',#5760,#5761);
#5760 = CARTESIAN_POINT('',(3.248248407643,-1.827388535032,
    2.761008928571));
#5761 = VECTOR('',#5762,1.);
#5762 = DIRECTION('',(0.,0.,1.));
#5763 = PCURVE('',#1330,#5764);
#5764 = DEFINITIONAL_REPRESENTATION('',(#5765),#5769);
#5765 = LINE('',#5766,#5767);
#5766 = CARTESIAN_POINT('',(0.,0.));
#5767 = VECTOR('',#5768,1.);
#5768 = DIRECTION('',(0.,-1.));
#5769 = ( GEOMETRIC_REPRESENTATION_CONTEXT(2) 
PARAMETRIC_REPRESENTATION_CONTEXT() REPRESENTATION_CONTEXT('2D SPACE',''
  ) );
#5770 = PCURVE('',#2141,#5771);
#5771 = DEFINITIONAL_REPRESENTATION('',(#5772),#5776);
#5772 = LINE('',#5773,#5774);
#5773 = CARTESIAN_POINT('',(1.,0.));
#5774 = VECTOR('',#5775,1.);
#5775 = DIRECTION('',(0.,-1.));
#5776 = ( GEOMETRIC_REPRESENTATION_CONTEXT(2) 
PARAMETRIC_REPRESENTATION_CONTEXT() REPRESENTATION_CONTEXT('2D SPACE',''
  ) );
#5777 = ORIENTED_EDGE('',*,*,#1313,.F.);
#5778 = ORIENTED_EDGE('',*,*,#5779,.F.);
#5779 = EDGE_CURVE('',#5730,#1314,#5780,.T.);
#5780 = SURFACE_CURVE('',#5781,(#5785,#5792),.PCURVE_S1.);
#5781 = LINE('',#5782,#5783);
#5782 = CARTESIAN_POINT('',(3.234872611465,-1.656050955414,
    2.761008928571));
#5783 = VECTOR('',#5784,1.);
#5784 = DIRECTION('',(0.,0.,1.));
#5785 = PCURVE('',#1330,#5786);
#5786 = DEFINITIONAL_REPRESENTATION('',(#5787),#5791);
#5787 = LINE('',#5788,#5789);
#5788 = CARTESIAN_POINT('',(0.171858890118,0.));
#5789 = VECTOR('',#5790,1.);
#5790 = DIRECTION('',(0.,-1.));
#5791 = ( GEOMETRIC_REPRESENTATION_CONTEXT(2) 
PARAMETRIC_REPRESENTATION_CONTEXT() REPRESENTATION_CONTEXT('2D SPACE',''
  ) );
#5792 = PCURVE('',#1363,#5793);
#5793 = DEFINITIONAL_REPRESENTATION('',(#5794),#5798);
#5794 = LINE('',#5795,#5796);
#5795 = CARTESIAN_POINT('',(0.,0.));
#5796 = VECTOR('',#5797,1.);
#5797 = DIRECTION('',(0.,-1.));
#5798 = ( GEOMETRIC_REPRESENTATION_CONTEXT(2) 
PARAMETRIC_REPRESENTATION_CONTEXT() REPRESENTATION_CONTEXT('2D SPACE',''
  ) );
#5799 = ADVANCED_FACE('',(#5800),#1363,.F.);
#5800 = FACE_BOUND('',#5801,.F.);
#5801 = EDGE_LOOP('',(#5802,#5825,#5826,#5827));
#5802 = ORIENTED_EDGE('',*,*,#5803,.F.);
#5803 = EDGE_CURVE('',#5730,#5804,#5806,.T.);
#5804 = VERTEX_POINT('',#5805);
#5805 = CARTESIAN_POINT('',(3.384554140127,-1.591082802548,
    2.761008928571));
#5806 = SURFACE_CURVE('',#5807,(#5811,#5818),.PCURVE_S1.);
#5807 = B_SPLINE_CURVE_WITH_KNOTS('',2,(#5808,#5809,#5810),
  .UNSPECIFIED.,.F.,.F.,(3,3),(0.,1.),.PIECEWISE_BEZIER_KNOTS.);
#5808 = CARTESIAN_POINT('',(3.234872611465,-1.656050955414,
    2.761008928571));
#5809 = CARTESIAN_POINT('',(3.338057324841,-1.633121019108,
    2.761008928571));
#5810 = CARTESIAN_POINT('',(3.384554140127,-1.591082802548,
    2.761008928571));
#5811 = PCURVE('',#1363,#5812);
#5812 = DEFINITIONAL_REPRESENTATION('',(#5813),#5817);
#5813 = LINE('',#5814,#5815);
#5814 = CARTESIAN_POINT('',(0.,0.));
#5815 = VECTOR('',#5816,1.);
#5816 = DIRECTION('',(1.,0.));
#5817 = ( GEOMETRIC_REPRESENTATION_CONTEXT(2) 
PARAMETRIC_REPRESENTATION_CONTEXT() REPRESENTATION_CONTEXT('2D SPACE',''
  ) );
#5818 = PCURVE('',#5745,#5819);
#5819 = DEFINITIONAL_REPRESENTATION('',(#5820),#5824);
#5820 = B_SPLINE_CURVE_WITH_KNOTS('',2,(#5821,#5822,#5823),
  .UNSPECIFIED.,.F.,.F.,(3,3),(0.,1.),.PIECEWISE_BEZIER_KNOTS.);
#5821 = CARTESIAN_POINT('',(0.277369528322,0.250223499283));
#5822 = CARTESIAN_POINT('',(0.254439592016,0.353408212659));
#5823 = CARTESIAN_POINT('',(0.212401375456,0.399905027946));
#5824 = ( GEOMETRIC_REPRESENTATION_CONTEXT(2) 
PARAMETRIC_REPRESENTATION_CONTEXT() REPRESENTATION_CONTEXT('2D SPACE',''
  ) );
#5825 = ORIENTED_EDGE('',*,*,#5779,.T.);
#5826 = ORIENTED_EDGE('',*,*,#1341,.F.);
#5827 = ORIENTED_EDGE('',*,*,#5828,.F.);
#5828 = EDGE_CURVE('',#5804,#1342,#5829,.T.);
#5829 = SURFACE_CURVE('',#5830,(#5834,#5841),.PCURVE_S1.);
#5830 = LINE('',#5831,#5832);
#5831 = CARTESIAN_POINT('',(3.384554140127,-1.591082802548,
    2.761008928571));
#5832 = VECTOR('',#5833,1.);
#5833 = DIRECTION('',(0.,0.,1.));
#5834 = PCURVE('',#1363,#5835);
#5835 = DEFINITIONAL_REPRESENTATION('',(#5836),#5840);
#5836 = LINE('',#5837,#5838);
#5837 = CARTESIAN_POINT('',(1.,0.));
#5838 = VECTOR('',#5839,1.);
#5839 = DIRECTION('',(0.,-1.));
#5840 = ( GEOMETRIC_REPRESENTATION_CONTEXT(2) 
PARAMETRIC_REPRESENTATION_CONTEXT() REPRESENTATION_CONTEXT('2D SPACE',''
  ) );
#5841 = PCURVE('',#1406,#5842);
#5842 = DEFINITIONAL_REPRESENTATION('',(#5843),#5847);
#5843 = LINE('',#5844,#5845);
#5844 = CARTESIAN_POINT('',(0.,0.));
#5845 = VECTOR('',#5846,1.);
#5846 = DIRECTION('',(0.,-1.));
#5847 = ( GEOMETRIC_REPRESENTATION_CONTEXT(2) 
PARAMETRIC_REPRESENTATION_CONTEXT() REPRESENTATION_CONTEXT('2D SPACE',''
  ) );
#5848 = ADVANCED_FACE('',(#5849),#2141,.F.);
#5849 = FACE_BOUND('',#5850,.F.);
#5850 = EDGE_LOOP('',(#5851,#5874,#5895,#5896));
#5851 = ORIENTED_EDGE('',*,*,#5852,.F.);
#5852 = EDGE_CURVE('',#5853,#5728,#5855,.T.);
#5853 = VERTEX_POINT('',#5854);
#5854 = CARTESIAN_POINT('',(3.507484076433,-1.700636942675,
    2.761008928571));
#5855 = SURFACE_CURVE('',#5856,(#5860,#5867),.PCURVE_S1.);
#5856 = B_SPLINE_CURVE_WITH_KNOTS('',2,(#5857,#5858,#5859),
  .UNSPECIFIED.,.F.,.F.,(3,3),(0.,1.),.PIECEWISE_BEZIER_KNOTS.);
#5857 = CARTESIAN_POINT('',(3.507484076433,-1.700636942675,
    2.761008928571));
#5858 = CARTESIAN_POINT('',(3.413853503185,-1.806369426752,
    2.761008928571));
#5859 = CARTESIAN_POINT('',(3.248248407643,-1.827388535032,
    2.761008928571));
#5860 = PCURVE('',#2141,#5861);
#5861 = DEFINITIONAL_REPRESENTATION('',(#5862),#5866);
#5862 = LINE('',#5863,#5864);
#5863 = CARTESIAN_POINT('',(0.,0.));
#5864 = VECTOR('',#5865,1.);
#5865 = DIRECTION('',(1.,0.));
#5866 = ( GEOMETRIC_REPRESENTATION_CONTEXT(2) 
PARAMETRIC_REPRESENTATION_CONTEXT() REPRESENTATION_CONTEXT('2D SPACE',''
  ) );
#5867 = PCURVE('',#5745,#5868);
#5868 = DEFINITIONAL_REPRESENTATION('',(#5869),#5873);
#5869 = B_SPLINE_CURVE_WITH_KNOTS('',2,(#5870,#5871,#5872),
  .UNSPECIFIED.,.F.,.F.,(3,3),(0.,1.),.PIECEWISE_BEZIER_KNOTS.);
#5870 = CARTESIAN_POINT('',(0.321955515583,0.522834964252));
#5871 = CARTESIAN_POINT('',(0.42768799966,0.429204391003));
#5872 = CARTESIAN_POINT('',(0.44870710794,0.263599295462));
#5873 = ( GEOMETRIC_REPRESENTATION_CONTEXT(2) 
PARAMETRIC_REPRESENTATION_CONTEXT() REPRESENTATION_CONTEXT('2D SPACE',''
  ) );
#5874 = ORIENTED_EDGE('',*,*,#5875,.T.);
#5875 = EDGE_CURVE('',#5853,#2071,#5876,.T.);
#5876 = SURFACE_CURVE('',#5877,(#5881,#5888),.PCURVE_S1.);
#5877 = LINE('',#5878,#5879);
#5878 = CARTESIAN_POINT('',(3.507484076433,-1.700636942675,
    2.761008928571));
#5879 = VECTOR('',#5880,1.);
#5880 = DIRECTION('',(0.,0.,1.));
#5881 = PCURVE('',#2141,#5882);
#5882 = DEFINITIONAL_REPRESENTATION('',(#5883),#5887);
#5883 = LINE('',#5884,#5885);
#5884 = CARTESIAN_POINT('',(0.,0.));
#5885 = VECTOR('',#5886,1.);
#5886 = DIRECTION('',(0.,-1.));
#5887 = ( GEOMETRIC_REPRESENTATION_CONTEXT(2) 
PARAMETRIC_REPRESENTATION_CONTEXT() REPRESENTATION_CONTEXT('2D SPACE',''
  ) );
#5888 = PCURVE('',#2100,#5889);
#5889 = DEFINITIONAL_REPRESENTATION('',(#5890),#5894);
#5890 = LINE('',#5891,#5892);
#5891 = CARTESIAN_POINT('',(1.,0.));
#5892 = VECTOR('',#5893,1.);
#5893 = DIRECTION('',(0.,-1.));
#5894 = ( GEOMETRIC_REPRESENTATION_CONTEXT(2) 
PARAMETRIC_REPRESENTATION_CONTEXT() REPRESENTATION_CONTEXT('2D SPACE',''
  ) );
#5895 = ORIENTED_EDGE('',*,*,#2121,.F.);
#5896 = ORIENTED_EDGE('',*,*,#5757,.F.);
#5897 = ADVANCED_FACE('',(#5898),#1406,.F.);
#5898 = FACE_BOUND('',#5899,.F.);
#5899 = EDGE_LOOP('',(#5900,#5923,#5924,#5925));
#5900 = ORIENTED_EDGE('',*,*,#5901,.F.);
#5901 = EDGE_CURVE('',#5804,#5902,#5904,.T.);
#5902 = VERTEX_POINT('',#5903);
#5903 = CARTESIAN_POINT('',(3.459076433121,-1.419108280255,
    2.761008928571));
#5904 = SURFACE_CURVE('',#5905,(#5909,#5916),.PCURVE_S1.);
#5905 = B_SPLINE_CURVE_WITH_KNOTS('',2,(#5906,#5907,#5908),
  .UNSPECIFIED.,.F.,.F.,(3,3),(0.,1.),.PIECEWISE_BEZIER_KNOTS.);
#5906 = CARTESIAN_POINT('',(3.384554140127,-1.591082802548,
    2.761008928571));
#5907 = CARTESIAN_POINT('',(3.459076433121,-1.521656050955,
    2.761008928571));
#5908 = CARTESIAN_POINT('',(3.459076433121,-1.419108280255,
    2.761008928571));
#5909 = PCURVE('',#1406,#5910);
#5910 = DEFINITIONAL_REPRESENTATION('',(#5911),#5915);
#5911 = LINE('',#5912,#5913);
#5912 = CARTESIAN_POINT('',(0.,0.));
#5913 = VECTOR('',#5914,1.);
#5914 = DIRECTION('',(1.,0.));
#5915 = ( GEOMETRIC_REPRESENTATION_CONTEXT(2) 
PARAMETRIC_REPRESENTATION_CONTEXT() REPRESENTATION_CONTEXT('2D SPACE',''
  ) );
#5916 = PCURVE('',#5745,#5917);
#5917 = DEFINITIONAL_REPRESENTATION('',(#5918),#5922);
#5918 = B_SPLINE_CURVE_WITH_KNOTS('',2,(#5919,#5920,#5921),
  .UNSPECIFIED.,.F.,.F.,(3,3),(0.,1.),.PIECEWISE_BEZIER_KNOTS.);
#5919 = CARTESIAN_POINT('',(0.212401375456,0.399905027946));
#5920 = CARTESIAN_POINT('',(0.142974623864,0.474427320939));
#5921 = CARTESIAN_POINT('',(4.042685316294E-02,0.474427320939));
#5922 = ( GEOMETRIC_REPRESENTATION_CONTEXT(2) 
PARAMETRIC_REPRESENTATION_CONTEXT() REPRESENTATION_CONTEXT('2D SPACE',''
  ) );
#5923 = ORIENTED_EDGE('',*,*,#5828,.T.);
#5924 = ORIENTED_EDGE('',*,*,#1380,.F.);
#5925 = ORIENTED_EDGE('',*,*,#5926,.F.);
#5926 = EDGE_CURVE('',#5902,#1381,#5927,.T.);
#5927 = SURFACE_CURVE('',#5928,(#5932,#5939),.PCURVE_S1.);
#5928 = LINE('',#5929,#5930);
#5929 = CARTESIAN_POINT('',(3.459076433121,-1.419108280255,
    2.761008928571));
#5930 = VECTOR('',#5931,1.);
#5931 = DIRECTION('',(0.,0.,1.));
#5932 = PCURVE('',#1406,#5933);
#5933 = DEFINITIONAL_REPRESENTATION('',(#5934),#5938);
#5934 = LINE('',#5935,#5936);
#5935 = CARTESIAN_POINT('',(1.,0.));
#5936 = VECTOR('',#5937,1.);
#5937 = DIRECTION('',(0.,-1.));
#5938 = ( GEOMETRIC_REPRESENTATION_CONTEXT(2) 
PARAMETRIC_REPRESENTATION_CONTEXT() REPRESENTATION_CONTEXT('2D SPACE',''
  ) );
#5939 = PCURVE('',#1451,#5940);
#5940 = DEFINITIONAL_REPRESENTATION('',(#5941),#5945);
#5941 = LINE('',#5942,#5943);
#5942 = CARTESIAN_POINT('',(0.,0.));
#5943 = VECTOR('',#5944,1.);
#5944 = DIRECTION('',(0.,-1.));
#5945 = ( GEOMETRIC_REPRESENTATION_CONTEXT(2) 
PARAMETRIC_REPRESENTATION_CONTEXT() REPRESENTATION_CONTEXT('2D SPACE',''
  ) );
#5946 = ADVANCED_FACE('',(#5947),#2100,.F.);
#5947 = FACE_BOUND('',#5948,.F.);
#5948 = EDGE_LOOP('',(#5949,#5972,#5993,#5994));
#5949 = ORIENTED_EDGE('',*,*,#5950,.F.);
#5950 = EDGE_CURVE('',#5951,#5853,#5953,.T.);
#5951 = VERTEX_POINT('',#5952);
#5952 = CARTESIAN_POINT('',(3.601751592357,-1.429936305732,
    2.761008928571));
#5953 = SURFACE_CURVE('',#5954,(#5958,#5965),.PCURVE_S1.);
#5954 = B_SPLINE_CURVE_WITH_KNOTS('',2,(#5955,#5956,#5957),
  .UNSPECIFIED.,.F.,.F.,(3,3),(0.,1.),.PIECEWISE_BEZIER_KNOTS.);
#5955 = CARTESIAN_POINT('',(3.601751592357,-1.429936305732,
    2.761008928571));
#5956 = CARTESIAN_POINT('',(3.601751592357,-1.594904458599,
    2.761008928571));
#5957 = CARTESIAN_POINT('',(3.507484076433,-1.700636942675,
    2.761008928571));
#5958 = PCURVE('',#2100,#5959);
#5959 = DEFINITIONAL_REPRESENTATION('',(#5960),#5964);
#5960 = LINE('',#5961,#5962);
#5961 = CARTESIAN_POINT('',(0.,0.));
#5962 = VECTOR('',#5963,1.);
#5963 = DIRECTION('',(1.,0.));
#5964 = ( GEOMETRIC_REPRESENTATION_CONTEXT(2) 
PARAMETRIC_REPRESENTATION_CONTEXT() REPRESENTATION_CONTEXT('2D SPACE',''
  ) );
#5965 = PCURVE('',#5745,#5966);
#5966 = DEFINITIONAL_REPRESENTATION('',(#5967),#5971);
#5967 = B_SPLINE_CURVE_WITH_KNOTS('',2,(#5968,#5969,#5970),
  .UNSPECIFIED.,.F.,.F.,(3,3),(0.,1.),.PIECEWISE_BEZIER_KNOTS.);
#5968 = CARTESIAN_POINT('',(5.125487864064E-02,0.617102480175));
#5969 = CARTESIAN_POINT('',(0.216223031507,0.617102480175));
#5970 = CARTESIAN_POINT('',(0.321955515583,0.522834964252));
#5971 = ( GEOMETRIC_REPRESENTATION_CONTEXT(2) 
PARAMETRIC_REPRESENTATION_CONTEXT() REPRESENTATION_CONTEXT('2D SPACE',''
  ) );
#5972 = ORIENTED_EDGE('',*,*,#5973,.T.);
#5973 = EDGE_CURVE('',#5951,#2020,#5974,.T.);
#5974 = SURFACE_CURVE('',#5975,(#5979,#5986),.PCURVE_S1.);
#5975 = LINE('',#5976,#5977);
#5976 = CARTESIAN_POINT('',(3.601751592357,-1.429936305732,
    2.761008928571));
#5977 = VECTOR('',#5978,1.);
#5978 = DIRECTION('',(0.,0.,1.));
#5979 = PCURVE('',#2100,#5980);
#5980 = DEFINITIONAL_REPRESENTATION('',(#5981),#5985);
#5981 = LINE('',#5982,#5983);
#5982 = CARTESIAN_POINT('',(0.,0.));
#5983 = VECTOR('',#5984,1.);
#5984 = DIRECTION('',(0.,-1.));
#5985 = ( GEOMETRIC_REPRESENTATION_CONTEXT(2) 
PARAMETRIC_REPRESENTATION_CONTEXT() REPRESENTATION_CONTEXT('2D SPACE',''
  ) );
#5986 = PCURVE('',#2049,#5987);
#5987 = DEFINITIONAL_REPRESENTATION('',(#5988),#5992);
#5988 = LINE('',#5989,#5990);
#5989 = CARTESIAN_POINT('',(1.,0.));
#5990 = VECTOR('',#5991,1.);
#5991 = DIRECTION('',(0.,-1.));
#5992 = ( GEOMETRIC_REPRESENTATION_CONTEXT(2) 
PARAMETRIC_REPRESENTATION_CONTEXT() REPRESENTATION_CONTEXT('2D SPACE',''
  ) );
#5993 = ORIENTED_EDGE('',*,*,#2070,.F.);
#5994 = ORIENTED_EDGE('',*,*,#5875,.F.);
#5995 = ADVANCED_FACE('',(#5996),#1451,.F.);
#5996 = FACE_BOUND('',#5997,.F.);
#5997 = EDGE_LOOP('',(#5998,#6021,#6022,#6023));
#5998 = ORIENTED_EDGE('',*,*,#5999,.F.);
#5999 = EDGE_CURVE('',#5902,#6000,#6002,.T.);
#6000 = VERTEX_POINT('',#6001);
#6001 = CARTESIAN_POINT('',(3.415127388535,-1.275159235669,
    2.761008928571));
#6002 = SURFACE_CURVE('',#6003,(#6007,#6014),.PCURVE_S1.);
#6003 = B_SPLINE_CURVE_WITH_KNOTS('',2,(#6004,#6005,#6006),
  .UNSPECIFIED.,.F.,.F.,(3,3),(0.,1.),.PIECEWISE_BEZIER_KNOTS.);
#6004 = CARTESIAN_POINT('',(3.459076433121,-1.419108280255,
    2.761008928571));
#6005 = CARTESIAN_POINT('',(3.459076433121,-1.336942675159,
    2.761008928571));
#6006 = CARTESIAN_POINT('',(3.415127388535,-1.275159235669,
    2.761008928571));
#6007 = PCURVE('',#1451,#6008);
#6008 = DEFINITIONAL_REPRESENTATION('',(#6009),#6013);
#6009 = LINE('',#6010,#6011);
#6010 = CARTESIAN_POINT('',(0.,0.));
#6011 = VECTOR('',#6012,1.);
#6012 = DIRECTION('',(1.,0.));
#6013 = ( GEOMETRIC_REPRESENTATION_CONTEXT(2) 
PARAMETRIC_REPRESENTATION_CONTEXT() REPRESENTATION_CONTEXT('2D SPACE',''
  ) );
#6014 = PCURVE('',#5745,#6015);
#6015 = DEFINITIONAL_REPRESENTATION('',(#6016),#6020);
#6016 = B_SPLINE_CURVE_WITH_KNOTS('',2,(#6017,#6018,#6019),
  .UNSPECIFIED.,.F.,.F.,(3,3),(0.,1.),.PIECEWISE_BEZIER_KNOTS.);
#6017 = CARTESIAN_POINT('',(4.042685316294E-02,0.474427320939));
#6018 = CARTESIAN_POINT('',(-4.17387519326E-02,0.474427320939));
#6019 = CARTESIAN_POINT('',(-0.103522191423,0.430478276353));
#6020 = ( GEOMETRIC_REPRESENTATION_CONTEXT(2) 
PARAMETRIC_REPRESENTATION_CONTEXT() REPRESENTATION_CONTEXT('2D SPACE',''
  ) );
#6021 = ORIENTED_EDGE('',*,*,#5926,.T.);
#6022 = ORIENTED_EDGE('',*,*,#1425,.F.);
#6023 = ORIENTED_EDGE('',*,*,#6024,.F.);
#6024 = EDGE_CURVE('',#6000,#1426,#6025,.T.);
#6025 = SURFACE_CURVE('',#6026,(#6030,#6037),.PCURVE_S1.);
#6026 = LINE('',#6027,#6028);
#6027 = CARTESIAN_POINT('',(3.415127388535,-1.275159235669,
    2.761008928571));
#6028 = VECTOR('',#6029,1.);
#6029 = DIRECTION('',(0.,0.,1.));
#6030 = PCURVE('',#1451,#6031);
#6031 = DEFINITIONAL_REPRESENTATION('',(#6032),#6036);
#6032 = LINE('',#6033,#6034);
#6033 = CARTESIAN_POINT('',(1.,0.));
#6034 = VECTOR('',#6035,1.);
#6035 = DIRECTION('',(0.,-1.));
#6036 = ( GEOMETRIC_REPRESENTATION_CONTEXT(2) 
PARAMETRIC_REPRESENTATION_CONTEXT() REPRESENTATION_CONTEXT('2D SPACE',''
  ) );
#6037 = PCURVE('',#1492,#6038);
#6038 = DEFINITIONAL_REPRESENTATION('',(#6039),#6043);
#6039 = LINE('',#6040,#6041);
#6040 = CARTESIAN_POINT('',(0.,0.));
#6041 = VECTOR('',#6042,1.);
#6042 = DIRECTION('',(0.,-1.));
#6043 = ( GEOMETRIC_REPRESENTATION_CONTEXT(2) 
PARAMETRIC_REPRESENTATION_CONTEXT() REPRESENTATION_CONTEXT('2D SPACE',''
  ) );
#6044 = ADVANCED_FACE('',(#6045),#2049,.F.);
#6045 = FACE_BOUND('',#6046,.F.);
#6046 = EDGE_LOOP('',(#6047,#6070,#6091,#6092));
#6047 = ORIENTED_EDGE('',*,*,#6048,.F.);
#6048 = EDGE_CURVE('',#6049,#5951,#6051,.T.);
#6049 = VERTEX_POINT('',#6050);
#6050 = CARTESIAN_POINT('',(3.441878980892,-1.077070063694,
    2.761008928571));
#6051 = SURFACE_CURVE('',#6052,(#6056,#6063),.PCURVE_S1.);
#6052 = B_SPLINE_CURVE_WITH_KNOTS('',2,(#6053,#6054,#6055),
  .UNSPECIFIED.,.F.,.F.,(3,3),(0.,1.),.PIECEWISE_BEZIER_KNOTS.);
#6053 = CARTESIAN_POINT('',(3.441878980892,-1.077070063694,
    2.761008928571));
#6054 = CARTESIAN_POINT('',(3.601751592357,-1.208280254777,
    2.761008928571));
#6055 = CARTESIAN_POINT('',(3.601751592357,-1.429936305732,
    2.761008928571));
#6056 = PCURVE('',#2049,#6057);
#6057 = DEFINITIONAL_REPRESENTATION('',(#6058),#6062);
#6058 = LINE('',#6059,#6060);
#6059 = CARTESIAN_POINT('',(0.,0.));
#6060 = VECTOR('',#6061,1.);
#6061 = DIRECTION('',(1.,0.));
#6062 = ( GEOMETRIC_REPRESENTATION_CONTEXT(2) 
PARAMETRIC_REPRESENTATION_CONTEXT() REPRESENTATION_CONTEXT('2D SPACE',''
  ) );
#6063 = PCURVE('',#5745,#6064);
#6064 = DEFINITIONAL_REPRESENTATION('',(#6065),#6069);
#6065 = B_SPLINE_CURVE_WITH_KNOTS('',2,(#6066,#6067,#6068),
  .UNSPECIFIED.,.F.,.F.,(3,3),(0.,1.),.PIECEWISE_BEZIER_KNOTS.);
#6066 = CARTESIAN_POINT('',(-0.301611363398,0.45722986871));
#6067 = CARTESIAN_POINT('',(-0.170401172315,0.617102480175));
#6068 = CARTESIAN_POINT('',(5.125487864064E-02,0.617102480175));
#6069 = ( GEOMETRIC_REPRESENTATION_CONTEXT(2) 
PARAMETRIC_REPRESENTATION_CONTEXT() REPRESENTATION_CONTEXT('2D SPACE',''
  ) );
#6070 = ORIENTED_EDGE('',*,*,#6071,.T.);
#6071 = EDGE_CURVE('',#6049,#1969,#6072,.T.);
#6072 = SURFACE_CURVE('',#6073,(#6077,#6084),.PCURVE_S1.);
#6073 = LINE('',#6074,#6075);
#6074 = CARTESIAN_POINT('',(3.441878980892,-1.077070063694,
    2.761008928571));
#6075 = VECTOR('',#6076,1.);
#6076 = DIRECTION('',(0.,0.,1.));
#6077 = PCURVE('',#2049,#6078);
#6078 = DEFINITIONAL_REPRESENTATION('',(#6079),#6083);
#6079 = LINE('',#6080,#6081);
#6080 = CARTESIAN_POINT('',(0.,0.));
#6081 = VECTOR('',#6082,1.);
#6082 = DIRECTION('',(0.,-1.));
#6083 = ( GEOMETRIC_REPRESENTATION_CONTEXT(2) 
PARAMETRIC_REPRESENTATION_CONTEXT() REPRESENTATION_CONTEXT('2D SPACE',''
  ) );
#6084 = PCURVE('',#1998,#6085);
#6085 = DEFINITIONAL_REPRESENTATION('',(#6086),#6090);
#6086 = LINE('',#6087,#6088);
#6087 = CARTESIAN_POINT('',(1.,0.));
#6088 = VECTOR('',#6089,1.);
#6089 = DIRECTION('',(0.,-1.));
#6090 = ( GEOMETRIC_REPRESENTATION_CONTEXT(2) 
PARAMETRIC_REPRESENTATION_CONTEXT() REPRESENTATION_CONTEXT('2D SPACE',''
  ) );
#6091 = ORIENTED_EDGE('',*,*,#2019,.F.);
#6092 = ORIENTED_EDGE('',*,*,#5973,.F.);
#6093 = ADVANCED_FACE('',(#6094),#1492,.F.);
#6094 = FACE_BOUND('',#6095,.F.);
#6095 = EDGE_LOOP('',(#6096,#6119,#6120,#6121));
#6096 = ORIENTED_EDGE('',*,*,#6097,.F.);
#6097 = EDGE_CURVE('',#6000,#6098,#6100,.T.);
#6098 = VERTEX_POINT('',#6099);
#6099 = CARTESIAN_POINT('',(3.247611464968,-1.146496815287,
    2.761008928571));
#6100 = SURFACE_CURVE('',#6101,(#6105,#6112),.PCURVE_S1.);
#6101 = B_SPLINE_CURVE_WITH_KNOTS('',2,(#6102,#6103,#6104),
  .UNSPECIFIED.,.F.,.F.,(3,3),(0.,1.),.PIECEWISE_BEZIER_KNOTS.);
#6102 = CARTESIAN_POINT('',(3.415127388535,-1.275159235669,
    2.761008928571));
#6103 = CARTESIAN_POINT('',(3.357802547771,-1.193630573248,
    2.761008928571));
#6104 = CARTESIAN_POINT('',(3.247611464968,-1.146496815287,
    2.761008928571));
#6105 = PCURVE('',#1492,#6106);
#6106 = DEFINITIONAL_REPRESENTATION('',(#6107),#6111);
#6107 = LINE('',#6108,#6109);
#6108 = CARTESIAN_POINT('',(0.,0.));
#6109 = VECTOR('',#6110,1.);
#6110 = DIRECTION('',(1.,0.));
#6111 = ( GEOMETRIC_REPRESENTATION_CONTEXT(2) 
PARAMETRIC_REPRESENTATION_CONTEXT() REPRESENTATION_CONTEXT('2D SPACE',''
  ) );
#6112 = PCURVE('',#5745,#6113);
#6113 = DEFINITIONAL_REPRESENTATION('',(#6114),#6118);
#6114 = B_SPLINE_CURVE_WITH_KNOTS('',2,(#6115,#6116,#6117),
  .UNSPECIFIED.,.F.,.F.,(3,3),(0.,1.),.PIECEWISE_BEZIER_KNOTS.);
#6115 = CARTESIAN_POINT('',(-0.103522191423,0.430478276353));
#6116 = CARTESIAN_POINT('',(-0.185050853843,0.373153435589));
#6117 = CARTESIAN_POINT('',(-0.232184611805,0.262962352787));
#6118 = ( GEOMETRIC_REPRESENTATION_CONTEXT(2) 
PARAMETRIC_REPRESENTATION_CONTEXT() REPRESENTATION_CONTEXT('2D SPACE',''
  ) );
#6119 = ORIENTED_EDGE('',*,*,#6024,.T.);
#6120 = ORIENTED_EDGE('',*,*,#1470,.F.);
#6121 = ORIENTED_EDGE('',*,*,#6122,.F.);
#6122 = EDGE_CURVE('',#6098,#1471,#6123,.T.);
#6123 = SURFACE_CURVE('',#6124,(#6128,#6135),.PCURVE_S1.);
#6124 = LINE('',#6125,#6126);
#6125 = CARTESIAN_POINT('',(3.247611464968,-1.146496815287,
    2.761008928571));
#6126 = VECTOR('',#6127,1.);
#6127 = DIRECTION('',(0.,0.,1.));
#6128 = PCURVE('',#1492,#6129);
#6129 = DEFINITIONAL_REPRESENTATION('',(#6130),#6134);
#6130 = LINE('',#6131,#6132);
#6131 = CARTESIAN_POINT('',(1.,0.));
#6132 = VECTOR('',#6133,1.);
#6133 = DIRECTION('',(0.,-1.));
#6134 = ( GEOMETRIC_REPRESENTATION_CONTEXT(2) 
PARAMETRIC_REPRESENTATION_CONTEXT() REPRESENTATION_CONTEXT('2D SPACE',''
  ) );
#6135 = PCURVE('',#1531,#6136);
#6136 = DEFINITIONAL_REPRESENTATION('',(#6137),#6141);
#6137 = LINE('',#6138,#6139);
#6138 = CARTESIAN_POINT('',(0.,0.));
#6139 = VECTOR('',#6140,1.);
#6140 = DIRECTION('',(0.,-1.));
#6141 = ( GEOMETRIC_REPRESENTATION_CONTEXT(2) 
PARAMETRIC_REPRESENTATION_CONTEXT() REPRESENTATION_CONTEXT('2D SPACE',''
  ) );
#6142 = ADVANCED_FACE('',(#6143),#1998,.F.);
#6143 = FACE_BOUND('',#6144,.F.);
#6144 = EDGE_LOOP('',(#6145,#6168,#6189,#6190));
#6145 = ORIENTED_EDGE('',*,*,#6146,.F.);
#6146 = EDGE_CURVE('',#6147,#6049,#6149,.T.);
#6147 = VERTEX_POINT('',#6148);
#6148 = CARTESIAN_POINT('',(2.852707006369,-0.927388535032,
    2.761008928571));
#6149 = SURFACE_CURVE('',#6150,(#6154,#6161),.PCURVE_S1.);
#6150 = B_SPLINE_CURVE_WITH_KNOTS('',2,(#6151,#6152,#6153),
  .UNSPECIFIED.,.F.,.F.,(3,3),(0.,1.),.PIECEWISE_BEZIER_KNOTS.);
#6151 = CARTESIAN_POINT('',(2.852707006369,-0.927388535032,
    2.761008928571));
#6152 = CARTESIAN_POINT('',(3.257802547771,-0.927388535032,
    2.761008928571));
#6153 = CARTESIAN_POINT('',(3.441878980892,-1.077070063694,
    2.761008928571));
#6154 = PCURVE('',#1998,#6155);
#6155 = DEFINITIONAL_REPRESENTATION('',(#6156),#6160);
#6156 = LINE('',#6157,#6158);
#6157 = CARTESIAN_POINT('',(0.,0.));
#6158 = VECTOR('',#6159,1.);
#6159 = DIRECTION('',(1.,0.));
#6160 = ( GEOMETRIC_REPRESENTATION_CONTEXT(2) 
PARAMETRIC_REPRESENTATION_CONTEXT() REPRESENTATION_CONTEXT('2D SPACE',''
  ) );
#6161 = PCURVE('',#5745,#6162);
#6162 = DEFINITIONAL_REPRESENTATION('',(#6163),#6167);
#6163 = B_SPLINE_CURVE_WITH_KNOTS('',2,(#6164,#6165,#6166),
  .UNSPECIFIED.,.F.,.F.,(3,3),(0.,1.),.PIECEWISE_BEZIER_KNOTS.);
#6164 = CARTESIAN_POINT('',(-0.45129289206,-0.131942105812));
#6165 = CARTESIAN_POINT('',(-0.45129289206,0.273153435589));
#6166 = CARTESIAN_POINT('',(-0.301611363398,0.45722986871));
#6167 = ( GEOMETRIC_REPRESENTATION_CONTEXT(2) 
PARAMETRIC_REPRESENTATION_CONTEXT() REPRESENTATION_CONTEXT('2D SPACE',''
  ) );
#6168 = ORIENTED_EDGE('',*,*,#6169,.T.);
#6169 = EDGE_CURVE('',#6147,#1927,#6170,.T.);
#6170 = SURFACE_CURVE('',#6171,(#6175,#6182),.PCURVE_S1.);
#6171 = LINE('',#6172,#6173);
#6172 = CARTESIAN_POINT('',(2.852707006369,-0.927388535032,
    2.761008928571));
#6173 = VECTOR('',#6174,1.);
#6174 = DIRECTION('',(0.,0.,1.));
#6175 = PCURVE('',#1998,#6176);
#6176 = DEFINITIONAL_REPRESENTATION('',(#6177),#6181);
#6177 = LINE('',#6178,#6179);
#6178 = CARTESIAN_POINT('',(0.,0.));
#6179 = VECTOR('',#6180,1.);
#6180 = DIRECTION('',(0.,-1.));
#6181 = ( GEOMETRIC_REPRESENTATION_CONTEXT(2) 
PARAMETRIC_REPRESENTATION_CONTEXT() REPRESENTATION_CONTEXT('2D SPACE',''
  ) );
#6182 = PCURVE('',#1950,#6183);
#6183 = DEFINITIONAL_REPRESENTATION('',(#6184),#6188);
#6184 = LINE('',#6185,#6186);
#6185 = CARTESIAN_POINT('',(1.,0.));
#6186 = VECTOR('',#6187,1.);
#6187 = DIRECTION('',(0.,-1.));
#6188 = ( GEOMETRIC_REPRESENTATION_CONTEXT(2) 
PARAMETRIC_REPRESENTATION_CONTEXT() REPRESENTATION_CONTEXT('2D SPACE',''
  ) );
#6189 = ORIENTED_EDGE('',*,*,#1968,.F.);
#6190 = ORIENTED_EDGE('',*,*,#6071,.F.);
#6191 = ADVANCED_FACE('',(#6192),#1531,.F.);
#6192 = FACE_BOUND('',#6193,.F.);
#6193 = EDGE_LOOP('',(#6194,#6217,#6218,#6219));
#6194 = ORIENTED_EDGE('',*,*,#6195,.F.);
#6195 = EDGE_CURVE('',#6098,#6196,#6198,.T.);
#6196 = VERTEX_POINT('',#6197);
#6197 = CARTESIAN_POINT('',(2.93550955414,-1.098089171975,2.761008928571
    ));
#6198 = SURFACE_CURVE('',#6199,(#6203,#6210),.PCURVE_S1.);
#6199 = B_SPLINE_CURVE_WITH_KNOTS('',2,(#6200,#6201,#6202),
  .UNSPECIFIED.,.F.,.F.,(3,3),(0.,1.),.PIECEWISE_BEZIER_KNOTS.);
#6200 = CARTESIAN_POINT('',(3.247611464968,-1.146496815287,
    2.761008928571));
#6201 = CARTESIAN_POINT('',(3.138057324841,-1.1,2.761008928571));
#6202 = CARTESIAN_POINT('',(2.93550955414,-1.098089171975,2.761008928571
    ));
#6203 = PCURVE('',#1531,#6204);
#6204 = DEFINITIONAL_REPRESENTATION('',(#6205),#6209);
#6205 = LINE('',#6206,#6207);
#6206 = CARTESIAN_POINT('',(0.,0.));
#6207 = VECTOR('',#6208,1.);
#6208 = DIRECTION('',(1.,0.));
#6209 = ( GEOMETRIC_REPRESENTATION_CONTEXT(2) 
PARAMETRIC_REPRESENTATION_CONTEXT() REPRESENTATION_CONTEXT('2D SPACE',''
  ) );
#6210 = PCURVE('',#5745,#6211);
#6211 = DEFINITIONAL_REPRESENTATION('',(#6212),#6216);
#6212 = B_SPLINE_CURVE_WITH_KNOTS('',2,(#6213,#6214,#6215),
  .UNSPECIFIED.,.F.,.F.,(3,3),(0.,1.),.PIECEWISE_BEZIER_KNOTS.);
#6213 = CARTESIAN_POINT('',(-0.232184611805,0.262962352787));
#6214 = CARTESIAN_POINT('',(-0.278681427092,0.153408212659));
#6215 = CARTESIAN_POINT('',(-0.280592255117,-4.913955804146E-02));
#6216 = ( GEOMETRIC_REPRESENTATION_CONTEXT(2) 
PARAMETRIC_REPRESENTATION_CONTEXT() REPRESENTATION_CONTEXT('2D SPACE',''
  ) );
#6217 = ORIENTED_EDGE('',*,*,#6122,.T.);
#6218 = ORIENTED_EDGE('',*,*,#1509,.F.);
#6219 = ORIENTED_EDGE('',*,*,#6220,.F.);
#6220 = EDGE_CURVE('',#6196,#1510,#6221,.T.);
#6221 = SURFACE_CURVE('',#6222,(#6226,#6233),.PCURVE_S1.);
#6222 = LINE('',#6223,#6224);
#6223 = CARTESIAN_POINT('',(2.93550955414,-1.098089171975,2.761008928571
    ));
#6224 = VECTOR('',#6225,1.);
#6225 = DIRECTION('',(0.,0.,1.));
#6226 = PCURVE('',#1531,#6227);
#6227 = DEFINITIONAL_REPRESENTATION('',(#6228),#6232);
#6228 = LINE('',#6229,#6230);
#6229 = CARTESIAN_POINT('',(1.,0.));
#6230 = VECTOR('',#6231,1.);
#6231 = DIRECTION('',(0.,-1.));
#6232 = ( GEOMETRIC_REPRESENTATION_CONTEXT(2) 
PARAMETRIC_REPRESENTATION_CONTEXT() REPRESENTATION_CONTEXT('2D SPACE',''
  ) );
#6233 = PCURVE('',#1574,#6234);
#6234 = DEFINITIONAL_REPRESENTATION('',(#6235),#6239);
#6235 = LINE('',#6236,#6237);
#6236 = CARTESIAN_POINT('',(0.,0.));
#6237 = VECTOR('',#6238,1.);
#6238 = DIRECTION('',(0.,-1.));
#6239 = ( GEOMETRIC_REPRESENTATION_CONTEXT(2) 
PARAMETRIC_REPRESENTATION_CONTEXT() REPRESENTATION_CONTEXT('2D SPACE',''
  ) );
#6240 = ADVANCED_FACE('',(#6241),#1950,.F.);
#6241 = FACE_BOUND('',#6242,.F.);
#6242 = EDGE_LOOP('',(#6243,#6266,#6287,#6288));
#6243 = ORIENTED_EDGE('',*,*,#6244,.F.);
#6244 = EDGE_CURVE('',#6245,#6147,#6247,.T.);
#6245 = VERTEX_POINT('',#6246);
#6246 = CARTESIAN_POINT('',(2.332324840764,-1.063057324841,
    2.761008928571));
#6247 = SURFACE_CURVE('',#6248,(#6252,#6259),.PCURVE_S1.);
#6248 = B_SPLINE_CURVE_WITH_KNOTS('',2,(#6249,#6250,#6251),
  .UNSPECIFIED.,.F.,.F.,(3,3),(0.,1.),.PIECEWISE_BEZIER_KNOTS.);
#6249 = CARTESIAN_POINT('',(2.332324840764,-1.063057324841,
    2.761008928571));
#6250 = CARTESIAN_POINT('',(2.490286624204,-0.927388535032,
    2.761008928571));
#6251 = CARTESIAN_POINT('',(2.852707006369,-0.927388535032,
    2.761008928571));
#6252 = PCURVE('',#1950,#6253);
#6253 = DEFINITIONAL_REPRESENTATION('',(#6254),#6258);
#6254 = LINE('',#6255,#6256);
#6255 = CARTESIAN_POINT('',(0.,0.));
#6256 = VECTOR('',#6257,1.);
#6257 = DIRECTION('',(1.,0.));
#6258 = ( GEOMETRIC_REPRESENTATION_CONTEXT(2) 
PARAMETRIC_REPRESENTATION_CONTEXT() REPRESENTATION_CONTEXT('2D SPACE',''
  ) );
#6259 = PCURVE('',#5745,#6260);
#6260 = DEFINITIONAL_REPRESENTATION('',(#6261),#6265);
#6261 = B_SPLINE_CURVE_WITH_KNOTS('',2,(#6262,#6263,#6264),
  .UNSPECIFIED.,.F.,.F.,(3,3),(0.,1.),.PIECEWISE_BEZIER_KNOTS.);
#6262 = CARTESIAN_POINT('',(-0.315624102251,-0.652324271417));
#6263 = CARTESIAN_POINT('',(-0.45129289206,-0.494362487978));
#6264 = CARTESIAN_POINT('',(-0.45129289206,-0.131942105812));
#6265 = ( GEOMETRIC_REPRESENTATION_CONTEXT(2) 
PARAMETRIC_REPRESENTATION_CONTEXT() REPRESENTATION_CONTEXT('2D SPACE',''
  ) );
#6266 = ORIENTED_EDGE('',*,*,#6267,.T.);
#6267 = EDGE_CURVE('',#6245,#1876,#6268,.T.);
#6268 = SURFACE_CURVE('',#6269,(#6273,#6280),.PCURVE_S1.);
#6269 = LINE('',#6270,#6271);
#6270 = CARTESIAN_POINT('',(2.332324840764,-1.063057324841,
    2.761008928571));
#6271 = VECTOR('',#6272,1.);
#6272 = DIRECTION('',(0.,0.,1.));
#6273 = PCURVE('',#1950,#6274);
#6274 = DEFINITIONAL_REPRESENTATION('',(#6275),#6279);
#6275 = LINE('',#6276,#6277);
#6276 = CARTESIAN_POINT('',(0.,0.));
#6277 = VECTOR('',#6278,1.);
#6278 = DIRECTION('',(0.,-1.));
#6279 = ( GEOMETRIC_REPRESENTATION_CONTEXT(2) 
PARAMETRIC_REPRESENTATION_CONTEXT() REPRESENTATION_CONTEXT('2D SPACE',''
  ) );
#6280 = PCURVE('',#1905,#6281);
#6281 = DEFINITIONAL_REPRESENTATION('',(#6282),#6286);
#6282 = LINE('',#6283,#6284);
#6283 = CARTESIAN_POINT('',(1.,0.));
#6284 = VECTOR('',#6285,1.);
#6285 = DIRECTION('',(0.,-1.));
#6286 = ( GEOMETRIC_REPRESENTATION_CONTEXT(2) 
PARAMETRIC_REPRESENTATION_CONTEXT() REPRESENTATION_CONTEXT('2D SPACE',''
  ) );
#6287 = ORIENTED_EDGE('',*,*,#1926,.F.);
#6288 = ORIENTED_EDGE('',*,*,#6169,.F.);
#6289 = ADVANCED_FACE('',(#6290),#1574,.F.);
#6290 = FACE_BOUND('',#6291,.F.);
#6291 = EDGE_LOOP('',(#6292,#6315,#6316,#6317));
#6292 = ORIENTED_EDGE('',*,*,#6293,.F.);
#6293 = EDGE_CURVE('',#6196,#6294,#6296,.T.);
#6294 = VERTEX_POINT('',#6295);
#6295 = CARTESIAN_POINT('',(3.068630573248,-1.250318471338,
    2.761008928571));
#6296 = SURFACE_CURVE('',#6297,(#6301,#6308),.PCURVE_S1.);
#6297 = B_SPLINE_CURVE_WITH_KNOTS('',2,(#6298,#6299,#6300),
  .UNSPECIFIED.,.F.,.F.,(3,3),(0.,1.),.PIECEWISE_BEZIER_KNOTS.);
#6298 = CARTESIAN_POINT('',(2.93550955414,-1.098089171975,2.761008928571
    ));
#6299 = CARTESIAN_POINT('',(3.025318471338,-1.16050955414,2.761008928571
    ));
#6300 = CARTESIAN_POINT('',(3.068630573248,-1.250318471338,
    2.761008928571));
#6301 = PCURVE('',#1574,#6302);
#6302 = DEFINITIONAL_REPRESENTATION('',(#6303),#6307);
#6303 = LINE('',#6304,#6305);
#6304 = CARTESIAN_POINT('',(0.,0.));
#6305 = VECTOR('',#6306,1.);
#6306 = DIRECTION('',(1.,0.));
#6307 = ( GEOMETRIC_REPRESENTATION_CONTEXT(2) 
PARAMETRIC_REPRESENTATION_CONTEXT() REPRESENTATION_CONTEXT('2D SPACE',''
  ) );
#6308 = PCURVE('',#5745,#6309);
#6309 = DEFINITIONAL_REPRESENTATION('',(#6310),#6314);
#6310 = B_SPLINE_CURVE_WITH_KNOTS('',2,(#6311,#6312,#6313),
  .UNSPECIFIED.,.F.,.F.,(3,3),(0.,1.),.PIECEWISE_BEZIER_KNOTS.);
#6311 = CARTESIAN_POINT('',(-0.280592255117,-4.913955804146E-02));
#6312 = CARTESIAN_POINT('',(-0.218171872952,4.066935915599E-02));
#6313 = CARTESIAN_POINT('',(-0.128362955754,8.398146106682E-02));
#6314 = ( GEOMETRIC_REPRESENTATION_CONTEXT(2) 
PARAMETRIC_REPRESENTATION_CONTEXT() REPRESENTATION_CONTEXT('2D SPACE',''
  ) );
#6315 = ORIENTED_EDGE('',*,*,#6220,.T.);
#6316 = ORIENTED_EDGE('',*,*,#1548,.F.);
#6317 = ORIENTED_EDGE('',*,*,#6318,.F.);
#6318 = EDGE_CURVE('',#6294,#1549,#6319,.T.);
#6319 = SURFACE_CURVE('',#6320,(#6324,#6331),.PCURVE_S1.);
#6320 = LINE('',#6321,#6322);
#6321 = CARTESIAN_POINT('',(3.068630573248,-1.250318471338,
    2.761008928571));
#6322 = VECTOR('',#6323,1.);
#6323 = DIRECTION('',(0.,0.,1.));
#6324 = PCURVE('',#1574,#6325);
#6325 = DEFINITIONAL_REPRESENTATION('',(#6326),#6330);
#6326 = LINE('',#6327,#6328);
#6327 = CARTESIAN_POINT('',(1.,0.));
#6328 = VECTOR('',#6329,1.);
#6329 = DIRECTION('',(0.,-1.));
#6330 = ( GEOMETRIC_REPRESENTATION_CONTEXT(2) 
PARAMETRIC_REPRESENTATION_CONTEXT() REPRESENTATION_CONTEXT('2D SPACE',''
  ) );
#6331 = PCURVE('',#1619,#6332);
#6332 = DEFINITIONAL_REPRESENTATION('',(#6333),#6337);
#6333 = LINE('',#6334,#6335);
#6334 = CARTESIAN_POINT('',(0.,0.));
#6335 = VECTOR('',#6336,1.);
#6336 = DIRECTION('',(0.,-1.));
#6337 = ( GEOMETRIC_REPRESENTATION_CONTEXT(2) 
PARAMETRIC_REPRESENTATION_CONTEXT() REPRESENTATION_CONTEXT('2D SPACE',''
  ) );
#6338 = ADVANCED_FACE('',(#6339),#1905,.F.);
#6339 = FACE_BOUND('',#6340,.F.);
#6340 = EDGE_LOOP('',(#6341,#6364,#6385,#6386));
#6341 = ORIENTED_EDGE('',*,*,#6342,.F.);
#6342 = EDGE_CURVE('',#6343,#6245,#6345,.T.);
#6343 = VERTEX_POINT('',#6344);
#6344 = CARTESIAN_POINT('',(2.175,-1.413375796178,2.761008928571));
#6345 = SURFACE_CURVE('',#6346,(#6350,#6357),.PCURVE_S1.);
#6346 = B_SPLINE_CURVE_WITH_KNOTS('',2,(#6347,#6348,#6349),
  .UNSPECIFIED.,.F.,.F.,(3,3),(0.,1.),.PIECEWISE_BEZIER_KNOTS.);
#6347 = CARTESIAN_POINT('',(2.175,-1.413375796178,2.761008928571));
#6348 = CARTESIAN_POINT('',(2.175,-1.19872611465,2.761008928571));
#6349 = CARTESIAN_POINT('',(2.332324840764,-1.063057324841,
    2.761008928571));
#6350 = PCURVE('',#1905,#6351);
#6351 = DEFINITIONAL_REPRESENTATION('',(#6352),#6356);
#6352 = LINE('',#6353,#6354);
#6353 = CARTESIAN_POINT('',(0.,0.));
#6354 = VECTOR('',#6355,1.);
#6355 = DIRECTION('',(1.,0.));
#6356 = ( GEOMETRIC_REPRESENTATION_CONTEXT(2) 
PARAMETRIC_REPRESENTATION_CONTEXT() REPRESENTATION_CONTEXT('2D SPACE',''
  ) );
#6357 = PCURVE('',#5745,#6358);
#6358 = DEFINITIONAL_REPRESENTATION('',(#6359),#6363);
#6359 = B_SPLINE_CURVE_WITH_KNOTS('',2,(#6360,#6361,#6362),
  .UNSPECIFIED.,.F.,.F.,(3,3),(0.,1.),.PIECEWISE_BEZIER_KNOTS.);
#6360 = CARTESIAN_POINT('',(3.46943690865E-02,-0.809649112182));
#6361 = CARTESIAN_POINT('',(-0.179955312442,-0.809649112182));
#6362 = CARTESIAN_POINT('',(-0.315624102251,-0.652324271417));
#6363 = ( GEOMETRIC_REPRESENTATION_CONTEXT(2) 
PARAMETRIC_REPRESENTATION_CONTEXT() REPRESENTATION_CONTEXT('2D SPACE',''
  ) );
#6364 = ORIENTED_EDGE('',*,*,#6365,.T.);
#6365 = EDGE_CURVE('',#6343,#1831,#6366,.T.);
#6366 = SURFACE_CURVE('',#6367,(#6371,#6378),.PCURVE_S1.);
#6367 = LINE('',#6368,#6369);
#6368 = CARTESIAN_POINT('',(2.175,-1.413375796178,2.761008928571));
#6369 = VECTOR('',#6370,1.);
#6370 = DIRECTION('',(0.,0.,1.));
#6371 = PCURVE('',#1905,#6372);
#6372 = DEFINITIONAL_REPRESENTATION('',(#6373),#6377);
#6373 = LINE('',#6374,#6375);
#6374 = CARTESIAN_POINT('',(0.,0.));
#6375 = VECTOR('',#6376,1.);
#6376 = DIRECTION('',(0.,-1.));
#6377 = ( GEOMETRIC_REPRESENTATION_CONTEXT(2) 
PARAMETRIC_REPRESENTATION_CONTEXT() REPRESENTATION_CONTEXT('2D SPACE',''
  ) );
#6378 = PCURVE('',#1856,#6379);
#6379 = DEFINITIONAL_REPRESENTATION('',(#6380),#6384);
#6380 = LINE('',#6381,#6382);
#6381 = CARTESIAN_POINT('',(1.,0.));
#6382 = VECTOR('',#6383,1.);
#6383 = DIRECTION('',(0.,-1.));
#6384 = ( GEOMETRIC_REPRESENTATION_CONTEXT(2) 
PARAMETRIC_REPRESENTATION_CONTEXT() REPRESENTATION_CONTEXT('2D SPACE',''
  ) );
#6385 = ORIENTED_EDGE('',*,*,#1875,.F.);
#6386 = ORIENTED_EDGE('',*,*,#6267,.F.);
#6387 = ADVANCED_FACE('',(#6388),#1619,.F.);
#6388 = FACE_BOUND('',#6389,.F.);
#6389 = EDGE_LOOP('',(#6390,#6413,#6414,#6415));
#6390 = ORIENTED_EDGE('',*,*,#6391,.F.);
#6391 = EDGE_CURVE('',#6294,#6392,#6394,.T.);
#6392 = VERTEX_POINT('',#6393);
#6393 = CARTESIAN_POINT('',(3.112579617834,-1.43821656051,2.761008928571
    ));
#6394 = SURFACE_CURVE('',#6395,(#6399,#6406),.PCURVE_S1.);
#6395 = B_SPLINE_CURVE_WITH_KNOTS('',2,(#6396,#6397,#6398),
  .UNSPECIFIED.,.F.,.F.,(3,3),(0.,1.),.PIECEWISE_BEZIER_KNOTS.);
#6396 = CARTESIAN_POINT('',(3.068630573248,-1.250318471338,
    2.761008928571));
#6397 = CARTESIAN_POINT('',(3.112579617834,-1.340127388535,
    2.761008928571));
#6398 = CARTESIAN_POINT('',(3.112579617834,-1.43821656051,2.761008928571
    ));
#6399 = PCURVE('',#1619,#6400);
#6400 = DEFINITIONAL_REPRESENTATION('',(#6401),#6405);
#6401 = LINE('',#6402,#6403);
#6402 = CARTESIAN_POINT('',(0.,0.));
#6403 = VECTOR('',#6404,1.);
#6404 = DIRECTION('',(1.,0.));
#6405 = ( GEOMETRIC_REPRESENTATION_CONTEXT(2) 
PARAMETRIC_REPRESENTATION_CONTEXT() REPRESENTATION_CONTEXT('2D SPACE',''
  ) );
#6406 = PCURVE('',#5745,#6407);
#6407 = DEFINITIONAL_REPRESENTATION('',(#6408),#6412);
#6408 = B_SPLINE_CURVE_WITH_KNOTS('',2,(#6409,#6410,#6411),
  .UNSPECIFIED.,.F.,.F.,(3,3),(0.,1.),.PIECEWISE_BEZIER_KNOTS.);
#6409 = CARTESIAN_POINT('',(-0.128362955754,8.398146106682E-02));
#6410 = CARTESIAN_POINT('',(-3.855403855681E-02,0.127930505653));
#6411 = CARTESIAN_POINT('',(5.953513341771E-02,0.127930505653));
#6412 = ( GEOMETRIC_REPRESENTATION_CONTEXT(2) 
PARAMETRIC_REPRESENTATION_CONTEXT() REPRESENTATION_CONTEXT('2D SPACE',''
  ) );
#6413 = ORIENTED_EDGE('',*,*,#6318,.T.);
#6414 = ORIENTED_EDGE('',*,*,#1593,.F.);
#6415 = ORIENTED_EDGE('',*,*,#6416,.F.);
#6416 = EDGE_CURVE('',#6392,#1594,#6417,.T.);
#6417 = SURFACE_CURVE('',#6418,(#6422,#6429),.PCURVE_S1.);
#6418 = LINE('',#6419,#6420);
#6419 = CARTESIAN_POINT('',(3.112579617834,-1.43821656051,2.761008928571
    ));
#6420 = VECTOR('',#6421,1.);
#6421 = DIRECTION('',(0.,0.,1.));
#6422 = PCURVE('',#1619,#6423);
#6423 = DEFINITIONAL_REPRESENTATION('',(#6424),#6428);
#6424 = LINE('',#6425,#6426);
#6425 = CARTESIAN_POINT('',(1.,0.));
#6426 = VECTOR('',#6427,1.);
#6427 = DIRECTION('',(0.,-1.));
#6428 = ( GEOMETRIC_REPRESENTATION_CONTEXT(2) 
PARAMETRIC_REPRESENTATION_CONTEXT() REPRESENTATION_CONTEXT('2D SPACE',''
  ) );
#6429 = PCURVE('',#1668,#6430);
#6430 = DEFINITIONAL_REPRESENTATION('',(#6431),#6435);
#6431 = LINE('',#6432,#6433);
#6432 = CARTESIAN_POINT('',(0.,0.));
#6433 = VECTOR('',#6434,1.);
#6434 = DIRECTION('',(0.,-1.));
#6435 = ( GEOMETRIC_REPRESENTATION_CONTEXT(2) 
PARAMETRIC_REPRESENTATION_CONTEXT() REPRESENTATION_CONTEXT('2D SPACE',''
  ) );
#6436 = ADVANCED_FACE('',(#6437),#1856,.F.);
#6437 = FACE_BOUND('',#6438,.F.);
#6438 = EDGE_LOOP('',(#6439,#6462,#6483,#6484));
#6439 = ORIENTED_EDGE('',*,*,#6440,.F.);
#6440 = EDGE_CURVE('',#6441,#6343,#6443,.T.);
#6441 = VERTEX_POINT('',#6442);
#6442 = CARTESIAN_POINT('',(2.23550955414,-1.638853503185,2.761008928571
    ));
#6443 = SURFACE_CURVE('',#6444,(#6448,#6455),.PCURVE_S1.);
#6444 = B_SPLINE_CURVE_WITH_KNOTS('',2,(#6445,#6446,#6447),
  .UNSPECIFIED.,.F.,.F.,(3,3),(0.,1.),.PIECEWISE_BEZIER_KNOTS.);
#6445 = CARTESIAN_POINT('',(2.23550955414,-1.638853503185,2.761008928571
    ));
#6446 = CARTESIAN_POINT('',(2.175,-1.53949044586,2.761008928571));
#6447 = CARTESIAN_POINT('',(2.175,-1.413375796178,2.761008928571));
#6448 = PCURVE('',#1856,#6449);
#6449 = DEFINITIONAL_REPRESENTATION('',(#6450),#6454);
#6450 = LINE('',#6451,#6452);
#6451 = CARTESIAN_POINT('',(0.,0.));
#6452 = VECTOR('',#6453,1.);
#6453 = DIRECTION('',(1.,0.));
#6454 = ( GEOMETRIC_REPRESENTATION_CONTEXT(2) 
PARAMETRIC_REPRESENTATION_CONTEXT() REPRESENTATION_CONTEXT('2D SPACE',''
  ) );
#6455 = PCURVE('',#5745,#6456);
#6456 = DEFINITIONAL_REPRESENTATION('',(#6457),#6461);
#6457 = B_SPLINE_CURVE_WITH_KNOTS('',2,(#6458,#6459,#6460),
  .UNSPECIFIED.,.F.,.F.,(3,3),(0.,1.),.PIECEWISE_BEZIER_KNOTS.);
#6458 = CARTESIAN_POINT('',(0.260172076093,-0.749139558041));
#6459 = CARTESIAN_POINT('',(0.160809018768,-0.809649112182));
#6460 = CARTESIAN_POINT('',(3.46943690865E-02,-0.809649112182));
#6461 = ( GEOMETRIC_REPRESENTATION_CONTEXT(2) 
PARAMETRIC_REPRESENTATION_CONTEXT() REPRESENTATION_CONTEXT('2D SPACE',''
  ) );
#6462 = ORIENTED_EDGE('',*,*,#6463,.T.);
#6463 = EDGE_CURVE('',#6441,#1786,#6464,.T.);
#6464 = SURFACE_CURVE('',#6465,(#6469,#6476),.PCURVE_S1.);
#6465 = LINE('',#6466,#6467);
#6466 = CARTESIAN_POINT('',(2.23550955414,-1.638853503185,2.761008928571
    ));
#6467 = VECTOR('',#6468,1.);
#6468 = DIRECTION('',(0.,0.,1.));
#6469 = PCURVE('',#1856,#6470);
#6470 = DEFINITIONAL_REPRESENTATION('',(#6471),#6475);
#6471 = LINE('',#6472,#6473);
#6472 = CARTESIAN_POINT('',(0.,0.));
#6473 = VECTOR('',#6474,1.);
#6474 = DIRECTION('',(0.,-1.));
#6475 = ( GEOMETRIC_REPRESENTATION_CONTEXT(2) 
PARAMETRIC_REPRESENTATION_CONTEXT() REPRESENTATION_CONTEXT('2D SPACE',''
  ) );
#6476 = PCURVE('',#1811,#6477);
#6477 = DEFINITIONAL_REPRESENTATION('',(#6478),#6482);
#6478 = LINE('',#6479,#6480);
#6479 = CARTESIAN_POINT('',(1.,0.));
#6480 = VECTOR('',#6481,1.);
#6481 = DIRECTION('',(0.,-1.));
#6482 = ( GEOMETRIC_REPRESENTATION_CONTEXT(2) 
PARAMETRIC_REPRESENTATION_CONTEXT() REPRESENTATION_CONTEXT('2D SPACE',''
  ) );
#6483 = ORIENTED_EDGE('',*,*,#1830,.F.);
#6484 = ORIENTED_EDGE('',*,*,#6365,.F.);
#6485 = ADVANCED_FACE('',(#6486),#1668,.F.);
#6486 = FACE_BOUND('',#6487,.F.);
#6487 = EDGE_LOOP('',(#6488,#6511,#6512,#6513));
#6488 = ORIENTED_EDGE('',*,*,#6489,.F.);
#6489 = EDGE_CURVE('',#6392,#6490,#6492,.T.);
#6490 = VERTEX_POINT('',#6491);
#6491 = CARTESIAN_POINT('',(2.985191082803,-1.731210191083,
    2.761008928571));
#6492 = SURFACE_CURVE('',#6493,(#6497,#6504),.PCURVE_S1.);
#6493 = B_SPLINE_CURVE_WITH_KNOTS('',2,(#6494,#6495,#6496),
  .UNSPECIFIED.,.F.,.F.,(3,3),(0.,1.),.PIECEWISE_BEZIER_KNOTS.);
#6494 = CARTESIAN_POINT('',(3.112579617834,-1.43821656051,2.761008928571
    ));
#6495 = CARTESIAN_POINT('',(3.112579617834,-1.610191082803,
    2.761008928571));
#6496 = CARTESIAN_POINT('',(2.985191082803,-1.731210191083,
    2.761008928571));
#6497 = PCURVE('',#1668,#6498);
#6498 = DEFINITIONAL_REPRESENTATION('',(#6499),#6503);
#6499 = LINE('',#6500,#6501);
#6500 = CARTESIAN_POINT('',(0.,0.));
#6501 = VECTOR('',#6502,1.);
#6502 = DIRECTION('',(1.,0.));
#6503 = ( GEOMETRIC_REPRESENTATION_CONTEXT(2) 
PARAMETRIC_REPRESENTATION_CONTEXT() REPRESENTATION_CONTEXT('2D SPACE',''
  ) );
#6504 = PCURVE('',#5745,#6505);
#6505 = DEFINITIONAL_REPRESENTATION('',(#6506),#6510);
#6506 = B_SPLINE_CURVE_WITH_KNOTS('',2,(#6507,#6508,#6509),
  .UNSPECIFIED.,.F.,.F.,(3,3),(0.,1.),.PIECEWISE_BEZIER_KNOTS.);
#6507 = CARTESIAN_POINT('',(5.953513341771E-02,0.127930505653));
#6508 = CARTESIAN_POINT('',(0.231509655711,0.127930505653));
#6509 = CARTESIAN_POINT('',(0.352528763991,5.41970620956E-04));
#6510 = ( GEOMETRIC_REPRESENTATION_CONTEXT(2) 
PARAMETRIC_REPRESENTATION_CONTEXT() REPRESENTATION_CONTEXT('2D SPACE',''
  ) );
#6511 = ORIENTED_EDGE('',*,*,#6416,.T.);
#6512 = ORIENTED_EDGE('',*,*,#1638,.F.);
#6513 = ORIENTED_EDGE('',*,*,#6514,.F.);
#6514 = EDGE_CURVE('',#6490,#1639,#6515,.T.);
#6515 = SURFACE_CURVE('',#6516,(#6520,#6527),.PCURVE_S1.);
#6516 = LINE('',#6517,#6518);
#6517 = CARTESIAN_POINT('',(2.985191082803,-1.731210191083,
    2.761008928571));
#6518 = VECTOR('',#6519,1.);
#6519 = DIRECTION('',(0.,0.,1.));
#6520 = PCURVE('',#1668,#6521);
#6521 = DEFINITIONAL_REPRESENTATION('',(#6522),#6526);
#6522 = LINE('',#6523,#6524);
#6523 = CARTESIAN_POINT('',(1.,0.));
#6524 = VECTOR('',#6525,1.);
#6525 = DIRECTION('',(0.,-1.));
#6526 = ( GEOMETRIC_REPRESENTATION_CONTEXT(2) 
PARAMETRIC_REPRESENTATION_CONTEXT() REPRESENTATION_CONTEXT('2D SPACE',''
  ) );
#6527 = PCURVE('',#1719,#6528);
#6528 = DEFINITIONAL_REPRESENTATION('',(#6529),#6533);
#6529 = LINE('',#6530,#6531);
#6530 = CARTESIAN_POINT('',(0.,0.));
#6531 = VECTOR('',#6532,1.);
#6532 = DIRECTION('',(0.,-1.));
#6533 = ( GEOMETRIC_REPRESENTATION_CONTEXT(2) 
PARAMETRIC_REPRESENTATION_CONTEXT() REPRESENTATION_CONTEXT('2D SPACE',''
  ) );
#6534 = ADVANCED_FACE('',(#6535),#1811,.F.);
#6535 = FACE_BOUND('',#6536,.F.);
#6536 = EDGE_LOOP('',(#6537,#6560,#6581,#6582));
#6537 = ORIENTED_EDGE('',*,*,#6538,.F.);
#6538 = EDGE_CURVE('',#6539,#6441,#6541,.T.);
#6539 = VERTEX_POINT('',#6540);
#6540 = CARTESIAN_POINT('',(2.409394904459,-1.794904458599,
    2.761008928571));
#6541 = SURFACE_CURVE('',#6542,(#6546,#6553),.PCURVE_S1.);
#6542 = B_SPLINE_CURVE_WITH_KNOTS('',2,(#6543,#6544,#6545),
  .UNSPECIFIED.,.F.,.F.,(3,3),(0.,1.),.PIECEWISE_BEZIER_KNOTS.);
#6543 = CARTESIAN_POINT('',(2.409394904459,-1.794904458599,
    2.761008928571));
#6544 = CARTESIAN_POINT('',(2.29601910828,-1.73821656051,2.761008928571)
  );
#6545 = CARTESIAN_POINT('',(2.23550955414,-1.638853503185,2.761008928571
    ));
#6546 = PCURVE('',#1811,#6547);
#6547 = DEFINITIONAL_REPRESENTATION('',(#6548),#6552);
#6548 = LINE('',#6549,#6550);
#6549 = CARTESIAN_POINT('',(0.,0.));
#6550 = VECTOR('',#6551,1.);
#6551 = DIRECTION('',(1.,0.));
#6552 = ( GEOMETRIC_REPRESENTATION_CONTEXT(2) 
PARAMETRIC_REPRESENTATION_CONTEXT() REPRESENTATION_CONTEXT('2D SPACE',''
  ) );
#6553 = PCURVE('',#5745,#6554);
#6554 = DEFINITIONAL_REPRESENTATION('',(#6555),#6559);
#6555 = B_SPLINE_CURVE_WITH_KNOTS('',2,(#6556,#6557,#6558),
  .UNSPECIFIED.,.F.,.F.,(3,3),(0.,1.),.PIECEWISE_BEZIER_KNOTS.);
#6556 = CARTESIAN_POINT('',(0.416223031507,-0.575254207723));
#6557 = CARTESIAN_POINT('',(0.359535133418,-0.688630003901));
#6558 = CARTESIAN_POINT('',(0.260172076093,-0.749139558041));
#6559 = ( GEOMETRIC_REPRESENTATION_CONTEXT(2) 
PARAMETRIC_REPRESENTATION_CONTEXT() REPRESENTATION_CONTEXT('2D SPACE',''
  ) );
#6560 = ORIENTED_EDGE('',*,*,#6561,.T.);
#6561 = EDGE_CURVE('',#6539,#1741,#6562,.T.);
#6562 = SURFACE_CURVE('',#6563,(#6567,#6574),.PCURVE_S1.);
#6563 = LINE('',#6564,#6565);
#6564 = CARTESIAN_POINT('',(2.409394904459,-1.794904458599,
    2.761008928571));
#6565 = VECTOR('',#6566,1.);
#6566 = DIRECTION('',(0.,0.,1.));
#6567 = PCURVE('',#1811,#6568);
#6568 = DEFINITIONAL_REPRESENTATION('',(#6569),#6573);
#6569 = LINE('',#6570,#6571);
#6570 = CARTESIAN_POINT('',(0.,0.));
#6571 = VECTOR('',#6572,1.);
#6572 = DIRECTION('',(0.,-1.));
#6573 = ( GEOMETRIC_REPRESENTATION_CONTEXT(2) 
PARAMETRIC_REPRESENTATION_CONTEXT() REPRESENTATION_CONTEXT('2D SPACE',''
  ) );
#6574 = PCURVE('',#1766,#6575);
#6575 = DEFINITIONAL_REPRESENTATION('',(#6576),#6580);
#6576 = LINE('',#6577,#6578);
#6577 = CARTESIAN_POINT('',(1.,0.));
#6578 = VECTOR('',#6579,1.);
#6579 = DIRECTION('',(0.,-1.));
#6580 = ( GEOMETRIC_REPRESENTATION_CONTEXT(2) 
PARAMETRIC_REPRESENTATION_CONTEXT() REPRESENTATION_CONTEXT('2D SPACE',''
  ) );
#6581 = ORIENTED_EDGE('',*,*,#1785,.F.);
#6582 = ORIENTED_EDGE('',*,*,#6463,.F.);
#6583 = ADVANCED_FACE('',(#6584),#1719,.F.);
#6584 = FACE_BOUND('',#6585,.F.);
#6585 = EDGE_LOOP('',(#6586,#6609,#6610,#6611));
#6586 = ORIENTED_EDGE('',*,*,#6587,.F.);
#6587 = EDGE_CURVE('',#6490,#6588,#6590,.T.);
#6588 = VERTEX_POINT('',#6589);
#6589 = CARTESIAN_POINT('',(2.65652866242,-1.852229299363,2.761008928571
    ));
#6590 = SURFACE_CURVE('',#6591,(#6595,#6602),.PCURVE_S1.);
#6591 = B_SPLINE_CURVE_WITH_KNOTS('',2,(#6592,#6593,#6594),
  .UNSPECIFIED.,.F.,.F.,(3,3),(0.,1.),.PIECEWISE_BEZIER_KNOTS.);
#6592 = CARTESIAN_POINT('',(2.985191082803,-1.731210191083,
    2.761008928571));
#6593 = CARTESIAN_POINT('',(2.857802547771,-1.852229299363,
    2.761008928571));
#6594 = CARTESIAN_POINT('',(2.65652866242,-1.852229299363,2.761008928571
    ));
#6595 = PCURVE('',#1719,#6596);
#6596 = DEFINITIONAL_REPRESENTATION('',(#6597),#6601);
#6597 = LINE('',#6598,#6599);
#6598 = CARTESIAN_POINT('',(0.,0.));
#6599 = VECTOR('',#6600,1.);
#6600 = DIRECTION('',(1.,0.));
#6601 = ( GEOMETRIC_REPRESENTATION_CONTEXT(2) 
PARAMETRIC_REPRESENTATION_CONTEXT() REPRESENTATION_CONTEXT('2D SPACE',''
  ) );
#6602 = PCURVE('',#5745,#6603);
#6603 = DEFINITIONAL_REPRESENTATION('',(#6604),#6608);
#6604 = B_SPLINE_CURVE_WITH_KNOTS('',2,(#6605,#6606,#6607),
  .UNSPECIFIED.,.F.,.F.,(3,3),(0.,1.),.PIECEWISE_BEZIER_KNOTS.);
#6605 = CARTESIAN_POINT('',(0.352528763991,5.41970620956E-04));
#6606 = CARTESIAN_POINT('',(0.473547872271,-0.126846564411));
#6607 = CARTESIAN_POINT('',(0.473547872271,-0.328120449761));
#6608 = ( GEOMETRIC_REPRESENTATION_CONTEXT(2) 
PARAMETRIC_REPRESENTATION_CONTEXT() REPRESENTATION_CONTEXT('2D SPACE',''
  ) );
#6609 = ORIENTED_EDGE('',*,*,#6514,.T.);
#6610 = ORIENTED_EDGE('',*,*,#1689,.F.);
#6611 = ORIENTED_EDGE('',*,*,#6612,.F.);
#6612 = EDGE_CURVE('',#6588,#1690,#6613,.T.);
#6613 = SURFACE_CURVE('',#6614,(#6618,#6625),.PCURVE_S1.);
#6614 = LINE('',#6615,#6616);
#6615 = CARTESIAN_POINT('',(2.65652866242,-1.852229299363,2.761008928571
    ));
#6616 = VECTOR('',#6617,1.);
#6617 = DIRECTION('',(0.,0.,1.));
#6618 = PCURVE('',#1719,#6619);
#6619 = DEFINITIONAL_REPRESENTATION('',(#6620),#6624);
#6620 = LINE('',#6621,#6622);
#6621 = CARTESIAN_POINT('',(1.,0.));
#6622 = VECTOR('',#6623,1.);
#6623 = DIRECTION('',(0.,-1.));
#6624 = ( GEOMETRIC_REPRESENTATION_CONTEXT(2) 
PARAMETRIC_REPRESENTATION_CONTEXT() REPRESENTATION_CONTEXT('2D SPACE',''
  ) );
#6625 = PCURVE('',#1766,#6626);
#6626 = DEFINITIONAL_REPRESENTATION('',(#6627),#6631);
#6627 = LINE('',#6628,#6629);
#6628 = CARTESIAN_POINT('',(0.,0.));
#6629 = VECTOR('',#6630,1.);
#6630 = DIRECTION('',(0.,-1.));
#6631 = ( GEOMETRIC_REPRESENTATION_CONTEXT(2) 
PARAMETRIC_REPRESENTATION_CONTEXT() REPRESENTATION_CONTEXT('2D SPACE',''
  ) );
#6632 = ADVANCED_FACE('',(#6633),#1766,.F.);
#6633 = FACE_BOUND('',#6634,.F.);
#6634 = EDGE_LOOP('',(#6635,#6656,#6657,#6658));
#6635 = ORIENTED_EDGE('',*,*,#6636,.F.);
#6636 = EDGE_CURVE('',#6588,#6539,#6637,.T.);
#6637 = SURFACE_CURVE('',#6638,(#6642,#6649),.PCURVE_S1.);
#6638 = B_SPLINE_CURVE_WITH_KNOTS('',2,(#6639,#6640,#6641),
  .UNSPECIFIED.,.F.,.F.,(3,3),(0.,1.),.PIECEWISE_BEZIER_KNOTS.);
#6639 = CARTESIAN_POINT('',(2.65652866242,-1.852229299363,2.761008928571
    ));
#6640 = CARTESIAN_POINT('',(2.523407643312,-1.852229299363,
    2.761008928571));
#6641 = CARTESIAN_POINT('',(2.409394904459,-1.794904458599,
    2.761008928571));
#6642 = PCURVE('',#1766,#6643);
#6643 = DEFINITIONAL_REPRESENTATION('',(#6644),#6648);
#6644 = LINE('',#6645,#6646);
#6645 = CARTESIAN_POINT('',(0.,0.));
#6646 = VECTOR('',#6647,1.);
#6647 = DIRECTION('',(1.,0.));
#6648 = ( GEOMETRIC_REPRESENTATION_CONTEXT(2) 
PARAMETRIC_REPRESENTATION_CONTEXT() REPRESENTATION_CONTEXT('2D SPACE',''
  ) );
#6649 = PCURVE('',#5745,#6650);
#6650 = DEFINITIONAL_REPRESENTATION('',(#6651),#6655);
#6651 = B_SPLINE_CURVE_WITH_KNOTS('',2,(#6652,#6653,#6654),
  .UNSPECIFIED.,.F.,.F.,(3,3),(0.,1.),.PIECEWISE_BEZIER_KNOTS.);
#6652 = CARTESIAN_POINT('',(0.473547872271,-0.328120449761));
#6653 = CARTESIAN_POINT('',(0.473547872271,-0.461241468869));
#6654 = CARTESIAN_POINT('',(0.416223031507,-0.575254207723));
#6655 = ( GEOMETRIC_REPRESENTATION_CONTEXT(2) 
PARAMETRIC_REPRESENTATION_CONTEXT() REPRESENTATION_CONTEXT('2D SPACE',''
  ) );
#6656 = ORIENTED_EDGE('',*,*,#6612,.T.);
#6657 = ORIENTED_EDGE('',*,*,#1740,.F.);
#6658 = ORIENTED_EDGE('',*,*,#6561,.F.);
#6659 = ADVANCED_FACE('',(#6660),#2177,.F.);
#6660 = FACE_BOUND('',#6661,.F.);
#6661 = EDGE_LOOP('',(#6662,#6692,#6713,#6714));
#6662 = ORIENTED_EDGE('',*,*,#6663,.F.);
#6663 = EDGE_CURVE('',#6664,#6666,#6668,.T.);
#6664 = VERTEX_POINT('',#6665);
#6665 = CARTESIAN_POINT('',(2.623407643312,-0.263694267516,
    2.761008928571));
#6666 = VERTEX_POINT('',#6667);
#6667 = CARTESIAN_POINT('',(2.786464968153,-0.263694267516,
    2.761008928571));
#6668 = SURFACE_CURVE('',#6669,(#6673,#6680),.PCURVE_S1.);
#6669 = LINE('',#6670,#6671);
#6670 = CARTESIAN_POINT('',(2.623407643312,-0.263694267516,
    2.761008928571));
#6671 = VECTOR('',#6672,1.);
#6672 = DIRECTION('',(1.,2.22044604925E-16,0.));
#6673 = PCURVE('',#2177,#6674);
#6674 = DEFINITIONAL_REPRESENTATION('',(#6675),#6679);
#6675 = LINE('',#6676,#6677);
#6676 = CARTESIAN_POINT('',(0.,0.));
#6677 = VECTOR('',#6678,1.);
#6678 = DIRECTION('',(1.,0.));
#6679 = ( GEOMETRIC_REPRESENTATION_CONTEXT(2) 
PARAMETRIC_REPRESENTATION_CONTEXT() REPRESENTATION_CONTEXT('2D SPACE',''
  ) );
#6680 = PCURVE('',#6681,#6686);
#6681 = PLANE('',#6682);
#6682 = AXIS2_PLACEMENT_3D('',#6683,#6684,#6685);
#6683 = CARTESIAN_POINT('',(2.704936305732,-0.527707006369,
    2.761008928571));
#6684 = DIRECTION('',(0.,0.,1.));
#6685 = DIRECTION('',(2.22044604925E-16,-1.,0.));
#6686 = DEFINITIONAL_REPRESENTATION('',(#6687),#6691);
#6687 = LINE('',#6688,#6689);
#6688 = CARTESIAN_POINT('',(-0.264012738854,-8.152866242038E-02));
#6689 = VECTOR('',#6690,1.);
#6690 = DIRECTION('',(0.,1.));
#6691 = ( GEOMETRIC_REPRESENTATION_CONTEXT(2) 
PARAMETRIC_REPRESENTATION_CONTEXT() REPRESENTATION_CONTEXT('2D SPACE',''
  ) );
#6692 = ORIENTED_EDGE('',*,*,#6693,.T.);
#6693 = EDGE_CURVE('',#6664,#2163,#6694,.T.);
#6694 = SURFACE_CURVE('',#6695,(#6699,#6706),.PCURVE_S1.);
#6695 = LINE('',#6696,#6697);
#6696 = CARTESIAN_POINT('',(2.623407643312,-0.263694267516,
    2.761008928571));
#6697 = VECTOR('',#6698,1.);
#6698 = DIRECTION('',(0.,0.,1.));
#6699 = PCURVE('',#2177,#6700);
#6700 = DEFINITIONAL_REPRESENTATION('',(#6701),#6705);
#6701 = LINE('',#6702,#6703);
#6702 = CARTESIAN_POINT('',(0.,0.));
#6703 = VECTOR('',#6704,1.);
#6704 = DIRECTION('',(0.,-1.));
#6705 = ( GEOMETRIC_REPRESENTATION_CONTEXT(2) 
PARAMETRIC_REPRESENTATION_CONTEXT() REPRESENTATION_CONTEXT('2D SPACE',''
  ) );
#6706 = PCURVE('',#2253,#6707);
#6707 = DEFINITIONAL_REPRESENTATION('',(#6708),#6712);
#6708 = LINE('',#6709,#6710);
#6709 = CARTESIAN_POINT('',(0.528025477707,0.));
#6710 = VECTOR('',#6711,1.);
#6711 = DIRECTION('',(0.,-1.));
#6712 = ( GEOMETRIC_REPRESENTATION_CONTEXT(2) 
PARAMETRIC_REPRESENTATION_CONTEXT() REPRESENTATION_CONTEXT('2D SPACE',''
  ) );
#6713 = ORIENTED_EDGE('',*,*,#2160,.F.);
#6714 = ORIENTED_EDGE('',*,*,#6715,.F.);
#6715 = EDGE_CURVE('',#6666,#2161,#6716,.T.);
#6716 = SURFACE_CURVE('',#6717,(#6721,#6728),.PCURVE_S1.);
#6717 = LINE('',#6718,#6719);
#6718 = CARTESIAN_POINT('',(2.786464968153,-0.263694267516,
    2.761008928571));
#6719 = VECTOR('',#6720,1.);
#6720 = DIRECTION('',(0.,0.,1.));
#6721 = PCURVE('',#2177,#6722);
#6722 = DEFINITIONAL_REPRESENTATION('',(#6723),#6727);
#6723 = LINE('',#6724,#6725);
#6724 = CARTESIAN_POINT('',(0.163057324841,0.));
#6725 = VECTOR('',#6726,1.);
#6726 = DIRECTION('',(0.,-1.));
#6727 = ( GEOMETRIC_REPRESENTATION_CONTEXT(2) 
PARAMETRIC_REPRESENTATION_CONTEXT() REPRESENTATION_CONTEXT('2D SPACE',''
  ) );
#6728 = PCURVE('',#2203,#6729);
#6729 = DEFINITIONAL_REPRESENTATION('',(#6730),#6734);
#6730 = LINE('',#6731,#6732);
#6731 = CARTESIAN_POINT('',(0.,0.));
#6732 = VECTOR('',#6733,1.);
#6733 = DIRECTION('',(0.,-1.));
#6734 = ( GEOMETRIC_REPRESENTATION_CONTEXT(2) 
PARAMETRIC_REPRESENTATION_CONTEXT() REPRESENTATION_CONTEXT('2D SPACE',''
  ) );
#6735 = ADVANCED_FACE('',(#6736),#2203,.F.);
#6736 = FACE_BOUND('',#6737,.F.);
#6737 = EDGE_LOOP('',(#6738,#6761,#6762,#6763));
#6738 = ORIENTED_EDGE('',*,*,#6739,.F.);
#6739 = EDGE_CURVE('',#6666,#6740,#6742,.T.);
#6740 = VERTEX_POINT('',#6741);
#6741 = CARTESIAN_POINT('',(2.786464968153,-0.791719745223,
    2.761008928571));
#6742 = SURFACE_CURVE('',#6743,(#6747,#6754),.PCURVE_S1.);
#6743 = LINE('',#6744,#6745);
#6744 = CARTESIAN_POINT('',(2.786464968153,-0.263694267516,
    2.761008928571));
#6745 = VECTOR('',#6746,1.);
#6746 = DIRECTION('',(2.22044604925E-16,-1.,0.));
#6747 = PCURVE('',#2203,#6748);
#6748 = DEFINITIONAL_REPRESENTATION('',(#6749),#6753);
#6749 = LINE('',#6750,#6751);
#6750 = CARTESIAN_POINT('',(0.,0.));
#6751 = VECTOR('',#6752,1.);
#6752 = DIRECTION('',(1.,0.));
#6753 = ( GEOMETRIC_REPRESENTATION_CONTEXT(2) 
PARAMETRIC_REPRESENTATION_CONTEXT() REPRESENTATION_CONTEXT('2D SPACE',''
  ) );
#6754 = PCURVE('',#6681,#6755);
#6755 = DEFINITIONAL_REPRESENTATION('',(#6756),#6760);
#6756 = LINE('',#6757,#6758);
#6757 = CARTESIAN_POINT('',(-0.264012738854,8.152866242038E-02));
#6758 = VECTOR('',#6759,1.);
#6759 = DIRECTION('',(1.,0.));
#6760 = ( GEOMETRIC_REPRESENTATION_CONTEXT(2) 
PARAMETRIC_REPRESENTATION_CONTEXT() REPRESENTATION_CONTEXT('2D SPACE',''
  ) );
#6761 = ORIENTED_EDGE('',*,*,#6715,.T.);
#6762 = ORIENTED_EDGE('',*,*,#2188,.F.);
#6763 = ORIENTED_EDGE('',*,*,#6764,.F.);
#6764 = EDGE_CURVE('',#6740,#2189,#6765,.T.);
#6765 = SURFACE_CURVE('',#6766,(#6770,#6777),.PCURVE_S1.);
#6766 = LINE('',#6767,#6768);
#6767 = CARTESIAN_POINT('',(2.786464968153,-0.791719745223,
    2.761008928571));
#6768 = VECTOR('',#6769,1.);
#6769 = DIRECTION('',(0.,0.,1.));
#6770 = PCURVE('',#2203,#6771);
#6771 = DEFINITIONAL_REPRESENTATION('',(#6772),#6776);
#6772 = LINE('',#6773,#6774);
#6773 = CARTESIAN_POINT('',(0.528025477707,0.));
#6774 = VECTOR('',#6775,1.);
#6775 = DIRECTION('',(0.,-1.));
#6776 = ( GEOMETRIC_REPRESENTATION_CONTEXT(2) 
PARAMETRIC_REPRESENTATION_CONTEXT() REPRESENTATION_CONTEXT('2D SPACE',''
  ) );
#6777 = PCURVE('',#2229,#6778);
#6778 = DEFINITIONAL_REPRESENTATION('',(#6779),#6783);
#6779 = LINE('',#6780,#6781);
#6780 = CARTESIAN_POINT('',(0.,0.));
#6781 = VECTOR('',#6782,1.);
#6782 = DIRECTION('',(0.,-1.));
#6783 = ( GEOMETRIC_REPRESENTATION_CONTEXT(2) 
PARAMETRIC_REPRESENTATION_CONTEXT() REPRESENTATION_CONTEXT('2D SPACE',''
  ) );
#6784 = ADVANCED_FACE('',(#6785),#2253,.F.);
#6785 = FACE_BOUND('',#6786,.F.);
#6786 = EDGE_LOOP('',(#6787,#6810,#6831,#6832));
#6787 = ORIENTED_EDGE('',*,*,#6788,.F.);
#6788 = EDGE_CURVE('',#6789,#6664,#6791,.T.);
#6789 = VERTEX_POINT('',#6790);
#6790 = CARTESIAN_POINT('',(2.623407643312,-0.791719745223,
    2.761008928571));
#6791 = SURFACE_CURVE('',#6792,(#6796,#6803),.PCURVE_S1.);
#6792 = LINE('',#6793,#6794);
#6793 = CARTESIAN_POINT('',(2.623407643312,-0.791719745223,
    2.761008928571));
#6794 = VECTOR('',#6795,1.);
#6795 = DIRECTION('',(-2.22044604925E-16,1.,0.));
#6796 = PCURVE('',#2253,#6797);
#6797 = DEFINITIONAL_REPRESENTATION('',(#6798),#6802);
#6798 = LINE('',#6799,#6800);
#6799 = CARTESIAN_POINT('',(0.,0.));
#6800 = VECTOR('',#6801,1.);
#6801 = DIRECTION('',(1.,0.));
#6802 = ( GEOMETRIC_REPRESENTATION_CONTEXT(2) 
PARAMETRIC_REPRESENTATION_CONTEXT() REPRESENTATION_CONTEXT('2D SPACE',''
  ) );
#6803 = PCURVE('',#6681,#6804);
#6804 = DEFINITIONAL_REPRESENTATION('',(#6805),#6809);
#6805 = LINE('',#6806,#6807);
#6806 = CARTESIAN_POINT('',(0.264012738854,-8.152866242038E-02));
#6807 = VECTOR('',#6808,1.);
#6808 = DIRECTION('',(-1.,0.));
#6809 = ( GEOMETRIC_REPRESENTATION_CONTEXT(2) 
PARAMETRIC_REPRESENTATION_CONTEXT() REPRESENTATION_CONTEXT('2D SPACE',''
  ) );
#6810 = ORIENTED_EDGE('',*,*,#6811,.T.);
#6811 = EDGE_CURVE('',#6789,#2215,#6812,.T.);
#6812 = SURFACE_CURVE('',#6813,(#6817,#6824),.PCURVE_S1.);
#6813 = LINE('',#6814,#6815);
#6814 = CARTESIAN_POINT('',(2.623407643312,-0.791719745223,
    2.761008928571));
#6815 = VECTOR('',#6816,1.);
#6816 = DIRECTION('',(0.,0.,1.));
#6817 = PCURVE('',#2253,#6818);
#6818 = DEFINITIONAL_REPRESENTATION('',(#6819),#6823);
#6819 = LINE('',#6820,#6821);
#6820 = CARTESIAN_POINT('',(0.,0.));
#6821 = VECTOR('',#6822,1.);
#6822 = DIRECTION('',(0.,-1.));
#6823 = ( GEOMETRIC_REPRESENTATION_CONTEXT(2) 
PARAMETRIC_REPRESENTATION_CONTEXT() REPRESENTATION_CONTEXT('2D SPACE',''
  ) );
#6824 = PCURVE('',#2229,#6825);
#6825 = DEFINITIONAL_REPRESENTATION('',(#6826),#6830);
#6826 = LINE('',#6827,#6828);
#6827 = CARTESIAN_POINT('',(0.163057324841,-0.));
#6828 = VECTOR('',#6829,1.);
#6829 = DIRECTION('',(0.,-1.));
#6830 = ( GEOMETRIC_REPRESENTATION_CONTEXT(2) 
PARAMETRIC_REPRESENTATION_CONTEXT() REPRESENTATION_CONTEXT('2D SPACE',''
  ) );
#6831 = ORIENTED_EDGE('',*,*,#2240,.F.);
#6832 = ORIENTED_EDGE('',*,*,#6693,.F.);
#6833 = ADVANCED_FACE('',(#6834),#2229,.F.);
#6834 = FACE_BOUND('',#6835,.F.);
#6835 = EDGE_LOOP('',(#6836,#6857,#6858,#6859));
#6836 = ORIENTED_EDGE('',*,*,#6837,.F.);
#6837 = EDGE_CURVE('',#6740,#6789,#6838,.T.);
#6838 = SURFACE_CURVE('',#6839,(#6843,#6850),.PCURVE_S1.);
#6839 = LINE('',#6840,#6841);
#6840 = CARTESIAN_POINT('',(2.786464968153,-0.791719745223,
    2.761008928571));
#6841 = VECTOR('',#6842,1.);
#6842 = DIRECTION('',(-1.,-2.22044604925E-16,0.));
#6843 = PCURVE('',#2229,#6844);
#6844 = DEFINITIONAL_REPRESENTATION('',(#6845),#6849);
#6845 = LINE('',#6846,#6847);
#6846 = CARTESIAN_POINT('',(0.,0.));
#6847 = VECTOR('',#6848,1.);
#6848 = DIRECTION('',(1.,0.));
#6849 = ( GEOMETRIC_REPRESENTATION_CONTEXT(2) 
PARAMETRIC_REPRESENTATION_CONTEXT() REPRESENTATION_CONTEXT('2D SPACE',''
  ) );
#6850 = PCURVE('',#6681,#6851);
#6851 = DEFINITIONAL_REPRESENTATION('',(#6852),#6856);
#6852 = LINE('',#6853,#6854);
#6853 = CARTESIAN_POINT('',(0.264012738854,8.152866242038E-02));
#6854 = VECTOR('',#6855,1.);
#6855 = DIRECTION('',(0.,-1.));
#6856 = ( GEOMETRIC_REPRESENTATION_CONTEXT(2) 
PARAMETRIC_REPRESENTATION_CONTEXT() REPRESENTATION_CONTEXT('2D SPACE',''
  ) );
#6857 = ORIENTED_EDGE('',*,*,#6764,.T.);
#6858 = ORIENTED_EDGE('',*,*,#2214,.F.);
#6859 = ORIENTED_EDGE('',*,*,#6811,.F.);
#6860 = ADVANCED_FACE('',(#6861),#2283,.F.);
#6861 = FACE_BOUND('',#6862,.F.);
#6862 = EDGE_LOOP('',(#6863,#6893,#6914,#6915));
#6863 = ORIENTED_EDGE('',*,*,#6864,.F.);
#6864 = EDGE_CURVE('',#6865,#6867,#6869,.T.);
#6865 = VERTEX_POINT('',#6866);
#6866 = CARTESIAN_POINT('',(2.582643312102,0.817834394904,2.761008928571
    ));
#6867 = VERTEX_POINT('',#6868);
#6868 = CARTESIAN_POINT('',(2.597929936306,0.637579617834,2.761008928571
    ));
#6869 = SURFACE_CURVE('',#6870,(#6874,#6881),.PCURVE_S1.);
#6870 = LINE('',#6871,#6872);
#6871 = CARTESIAN_POINT('',(2.582643312102,0.817834394904,2.761008928571
    ));
#6872 = VECTOR('',#6873,1.);
#6873 = DIRECTION('',(8.450232778878E-02,-0.996423281843,0.));
#6874 = PCURVE('',#2283,#6875);
#6875 = DEFINITIONAL_REPRESENTATION('',(#6876),#6880);
#6876 = LINE('',#6877,#6878);
#6877 = CARTESIAN_POINT('',(0.,0.));
#6878 = VECTOR('',#6879,1.);
#6879 = DIRECTION('',(1.,0.));
#6880 = ( GEOMETRIC_REPRESENTATION_CONTEXT(2) 
PARAMETRIC_REPRESENTATION_CONTEXT() REPRESENTATION_CONTEXT('2D SPACE',''
  ) );
#6881 = PCURVE('',#6882,#6887);
#6882 = PLANE('',#6883);
#6883 = AXIS2_PLACEMENT_3D('',#6884,#6885,#6886);
#6884 = CARTESIAN_POINT('',(2.915313069635,0.356720464861,2.761008928571
    ));
#6885 = DIRECTION('',(0.,0.,1.));
#6886 = DIRECTION('',(2.22044604925E-16,-1.,0.));
#6887 = DEFINITIONAL_REPRESENTATION('',(#6888),#6892);
#6888 = LINE('',#6889,#6890);
#6889 = CARTESIAN_POINT('',(-0.461113930043,-0.332669757533));
#6890 = VECTOR('',#6891,1.);
#6891 = DIRECTION('',(0.996423281843,8.450232778878E-02));
#6892 = ( GEOMETRIC_REPRESENTATION_CONTEXT(2) 
PARAMETRIC_REPRESENTATION_CONTEXT() REPRESENTATION_CONTEXT('2D SPACE',''
  ) );
#6893 = ORIENTED_EDGE('',*,*,#6894,.T.);
#6894 = EDGE_CURVE('',#6865,#2269,#6895,.T.);
#6895 = SURFACE_CURVE('',#6896,(#6900,#6907),.PCURVE_S1.);
#6896 = LINE('',#6897,#6898);
#6897 = CARTESIAN_POINT('',(2.582643312102,0.817834394904,2.761008928571
    ));
#6898 = VECTOR('',#6899,1.);
#6899 = DIRECTION('',(0.,0.,1.));
#6900 = PCURVE('',#2283,#6901);
#6901 = DEFINITIONAL_REPRESENTATION('',(#6902),#6906);
#6902 = LINE('',#6903,#6904);
#6903 = CARTESIAN_POINT('',(0.,0.));
#6904 = VECTOR('',#6905,1.);
#6905 = DIRECTION('',(0.,-1.));
#6906 = ( GEOMETRIC_REPRESENTATION_CONTEXT(2) 
PARAMETRIC_REPRESENTATION_CONTEXT() REPRESENTATION_CONTEXT('2D SPACE',''
  ) );
#6907 = PCURVE('',#3150,#6908);
#6908 = DEFINITIONAL_REPRESENTATION('',(#6909),#6913);
#6909 = LINE('',#6910,#6911);
#6910 = CARTESIAN_POINT('',(1.,0.));
#6911 = VECTOR('',#6912,1.);
#6912 = DIRECTION('',(0.,-1.));
#6913 = ( GEOMETRIC_REPRESENTATION_CONTEXT(2) 
PARAMETRIC_REPRESENTATION_CONTEXT() REPRESENTATION_CONTEXT('2D SPACE',''
  ) );
#6914 = ORIENTED_EDGE('',*,*,#2266,.F.);
#6915 = ORIENTED_EDGE('',*,*,#6916,.F.);
#6916 = EDGE_CURVE('',#6867,#2267,#6917,.T.);
#6917 = SURFACE_CURVE('',#6918,(#6922,#6929),.PCURVE_S1.);
#6918 = LINE('',#6919,#6920);
#6919 = CARTESIAN_POINT('',(2.597929936306,0.637579617834,2.761008928571
    ));
#6920 = VECTOR('',#6921,1.);
#6921 = DIRECTION('',(0.,0.,1.));
#6922 = PCURVE('',#2283,#6923);
#6923 = DEFINITIONAL_REPRESENTATION('',(#6924),#6928);
#6924 = LINE('',#6925,#6926);
#6925 = CARTESIAN_POINT('',(0.180901811865,0.));
#6926 = VECTOR('',#6927,1.);
#6927 = DIRECTION('',(0.,-1.));
#6928 = ( GEOMETRIC_REPRESENTATION_CONTEXT(2) 
PARAMETRIC_REPRESENTATION_CONTEXT() REPRESENTATION_CONTEXT('2D SPACE',''
  ) );
#6929 = PCURVE('',#2316,#6930);
#6930 = DEFINITIONAL_REPRESENTATION('',(#6931),#6935);
#6931 = LINE('',#6932,#6933);
#6932 = CARTESIAN_POINT('',(0.,0.));
#6933 = VECTOR('',#6934,1.);
#6934 = DIRECTION('',(0.,-1.));
#6935 = ( GEOMETRIC_REPRESENTATION_CONTEXT(2) 
PARAMETRIC_REPRESENTATION_CONTEXT() REPRESENTATION_CONTEXT('2D SPACE',''
  ) );
#6936 = ADVANCED_FACE('',(#6937),#2316,.F.);
#6937 = FACE_BOUND('',#6938,.F.);
#6938 = EDGE_LOOP('',(#6939,#6962,#6963,#6964));
#6939 = ORIENTED_EDGE('',*,*,#6940,.F.);
#6940 = EDGE_CURVE('',#6867,#6941,#6943,.T.);
#6941 = VERTEX_POINT('',#6942);
#6942 = CARTESIAN_POINT('',(2.388375796178,0.544585987261,2.761008928571
    ));
#6943 = SURFACE_CURVE('',#6944,(#6948,#6955),.PCURVE_S1.);
#6944 = B_SPLINE_CURVE_WITH_KNOTS('',2,(#6945,#6946,#6947),
  .UNSPECIFIED.,.F.,.F.,(3,3),(0.,1.),.PIECEWISE_BEZIER_KNOTS.);
#6945 = CARTESIAN_POINT('',(2.597929936306,0.637579617834,2.761008928571
    ));
#6946 = CARTESIAN_POINT('',(2.459076433121,0.617197452229,2.761008928571
    ));
#6947 = CARTESIAN_POINT('',(2.388375796178,0.544585987261,2.761008928571
    ));
#6948 = PCURVE('',#2316,#6949);
#6949 = DEFINITIONAL_REPRESENTATION('',(#6950),#6954);
#6950 = LINE('',#6951,#6952);
#6951 = CARTESIAN_POINT('',(0.,0.));
#6952 = VECTOR('',#6953,1.);
#6953 = DIRECTION('',(1.,0.));
#6954 = ( GEOMETRIC_REPRESENTATION_CONTEXT(2) 
PARAMETRIC_REPRESENTATION_CONTEXT() REPRESENTATION_CONTEXT('2D SPACE',''
  ) );
#6955 = PCURVE('',#6882,#6956);
#6956 = DEFINITIONAL_REPRESENTATION('',(#6957),#6961);
#6957 = B_SPLINE_CURVE_WITH_KNOTS('',2,(#6958,#6959,#6960),
  .UNSPECIFIED.,.F.,.F.,(3,3),(0.,1.),.PIECEWISE_BEZIER_KNOTS.);
#6958 = CARTESIAN_POINT('',(-0.280859152973,-0.317383133329));
#6959 = CARTESIAN_POINT('',(-0.260476987368,-0.456236636514));
#6960 = CARTESIAN_POINT('',(-0.1878655224,-0.526937273456));
#6961 = ( GEOMETRIC_REPRESENTATION_CONTEXT(2) 
PARAMETRIC_REPRESENTATION_CONTEXT() REPRESENTATION_CONTEXT('2D SPACE',''
  ) );
#6962 = ORIENTED_EDGE('',*,*,#6916,.T.);
#6963 = ORIENTED_EDGE('',*,*,#2294,.F.);
#6964 = ORIENTED_EDGE('',*,*,#6965,.F.);
#6965 = EDGE_CURVE('',#6941,#2295,#6966,.T.);
#6966 = SURFACE_CURVE('',#6967,(#6971,#6978),.PCURVE_S1.);
#6967 = LINE('',#6968,#6969);
#6968 = CARTESIAN_POINT('',(2.388375796178,0.544585987261,2.761008928571
    ));
#6969 = VECTOR('',#6970,1.);
#6970 = DIRECTION('',(0.,0.,1.));
#6971 = PCURVE('',#2316,#6972);
#6972 = DEFINITIONAL_REPRESENTATION('',(#6973),#6977);
#6973 = LINE('',#6974,#6975);
#6974 = CARTESIAN_POINT('',(1.,0.));
#6975 = VECTOR('',#6976,1.);
#6976 = DIRECTION('',(0.,-1.));
#6977 = ( GEOMETRIC_REPRESENTATION_CONTEXT(2) 
PARAMETRIC_REPRESENTATION_CONTEXT() REPRESENTATION_CONTEXT('2D SPACE',''
  ) );
#6978 = PCURVE('',#2359,#6979);
#6979 = DEFINITIONAL_REPRESENTATION('',(#6980),#6984);
#6980 = LINE('',#6981,#6982);
#6981 = CARTESIAN_POINT('',(0.,0.));
#6982 = VECTOR('',#6983,1.);
#6983 = DIRECTION('',(0.,-1.));
#6984 = ( GEOMETRIC_REPRESENTATION_CONTEXT(2) 
PARAMETRIC_REPRESENTATION_CONTEXT() REPRESENTATION_CONTEXT('2D SPACE',''
  ) );
#6985 = ADVANCED_FACE('',(#6986),#3150,.F.);
#6986 = FACE_BOUND('',#6987,.F.);
#6987 = EDGE_LOOP('',(#6988,#7011,#7032,#7033));
#6988 = ORIENTED_EDGE('',*,*,#6989,.F.);
#6989 = EDGE_CURVE('',#6990,#6865,#6992,.T.);
#6990 = VERTEX_POINT('',#6991);
#6991 = CARTESIAN_POINT('',(2.286464968153,0.68025477707,2.761008928571)
  );
#6992 = SURFACE_CURVE('',#6993,(#6997,#7004),.PCURVE_S1.);
#6993 = B_SPLINE_CURVE_WITH_KNOTS('',2,(#6994,#6995,#6996),
  .UNSPECIFIED.,.F.,.F.,(3,3),(0.,1.),.PIECEWISE_BEZIER_KNOTS.);
#6994 = CARTESIAN_POINT('',(2.286464968153,0.68025477707,2.761008928571)
  );
#6995 = CARTESIAN_POINT('',(2.398566878981,0.800636942675,2.761008928571
    ));
#6996 = CARTESIAN_POINT('',(2.582643312102,0.817834394904,2.761008928571
    ));
#6997 = PCURVE('',#3150,#6998);
#6998 = DEFINITIONAL_REPRESENTATION('',(#6999),#7003);
#6999 = LINE('',#7000,#7001);
#7000 = CARTESIAN_POINT('',(0.,0.));
#7001 = VECTOR('',#7002,1.);
#7002 = DIRECTION('',(1.,0.));
#7003 = ( GEOMETRIC_REPRESENTATION_CONTEXT(2) 
PARAMETRIC_REPRESENTATION_CONTEXT() REPRESENTATION_CONTEXT('2D SPACE',''
  ) );
#7004 = PCURVE('',#6882,#7005);
#7005 = DEFINITIONAL_REPRESENTATION('',(#7006),#7010);
#7006 = B_SPLINE_CURVE_WITH_KNOTS('',2,(#7007,#7008,#7009),
  .UNSPECIFIED.,.F.,.F.,(3,3),(0.,1.),.PIECEWISE_BEZIER_KNOTS.);
#7007 = CARTESIAN_POINT('',(-0.323534312209,-0.628848101482));
#7008 = CARTESIAN_POINT('',(-0.443916477814,-0.516746190654));
#7009 = CARTESIAN_POINT('',(-0.461113930043,-0.332669757533));
#7010 = ( GEOMETRIC_REPRESENTATION_CONTEXT(2) 
PARAMETRIC_REPRESENTATION_CONTEXT() REPRESENTATION_CONTEXT('2D SPACE',''
  ) );
#7011 = ORIENTED_EDGE('',*,*,#7012,.T.);
#7012 = EDGE_CURVE('',#6990,#3072,#7013,.T.);
#7013 = SURFACE_CURVE('',#7014,(#7018,#7025),.PCURVE_S1.);
#7014 = LINE('',#7015,#7016);
#7015 = CARTESIAN_POINT('',(2.286464968153,0.68025477707,2.761008928571)
  );
#7016 = VECTOR('',#7017,1.);
#7017 = DIRECTION('',(0.,0.,1.));
#7018 = PCURVE('',#3150,#7019);
#7019 = DEFINITIONAL_REPRESENTATION('',(#7020),#7024);
#7020 = LINE('',#7021,#7022);
#7021 = CARTESIAN_POINT('',(0.,0.));
#7022 = VECTOR('',#7023,1.);
#7023 = DIRECTION('',(0.,-1.));
#7024 = ( GEOMETRIC_REPRESENTATION_CONTEXT(2) 
PARAMETRIC_REPRESENTATION_CONTEXT() REPRESENTATION_CONTEXT('2D SPACE',''
  ) );
#7025 = PCURVE('',#3101,#7026);
#7026 = DEFINITIONAL_REPRESENTATION('',(#7027),#7031);
#7027 = LINE('',#7028,#7029);
#7028 = CARTESIAN_POINT('',(1.,0.));
#7029 = VECTOR('',#7030,1.);
#7030 = DIRECTION('',(0.,-1.));
#7031 = ( GEOMETRIC_REPRESENTATION_CONTEXT(2) 
PARAMETRIC_REPRESENTATION_CONTEXT() REPRESENTATION_CONTEXT('2D SPACE',''
  ) );
#7032 = ORIENTED_EDGE('',*,*,#3122,.F.);
#7033 = ORIENTED_EDGE('',*,*,#6894,.F.);
#7034 = ADVANCED_FACE('',(#7035),#2359,.F.);
#7035 = FACE_BOUND('',#7036,.F.);
#7036 = EDGE_LOOP('',(#7037,#7060,#7061,#7062));
#7037 = ORIENTED_EDGE('',*,*,#7038,.F.);
#7038 = EDGE_CURVE('',#6941,#7039,#7041,.T.);
#7039 = VERTEX_POINT('',#7040);
#7040 = CARTESIAN_POINT('',(2.317675159236,0.368152866242,2.761008928571
    ));
#7041 = SURFACE_CURVE('',#7042,(#7046,#7053),.PCURVE_S1.);
#7042 = B_SPLINE_CURVE_WITH_KNOTS('',2,(#7043,#7044,#7045),
  .UNSPECIFIED.,.F.,.F.,(3,3),(0.,1.),.PIECEWISE_BEZIER_KNOTS.);
#7043 = CARTESIAN_POINT('',(2.388375796178,0.544585987261,2.761008928571
    ));
#7044 = CARTESIAN_POINT('',(2.317675159236,0.471337579618,2.761008928571
    ));
#7045 = CARTESIAN_POINT('',(2.317675159236,0.368152866242,2.761008928571
    ));
#7046 = PCURVE('',#2359,#7047);
#7047 = DEFINITIONAL_REPRESENTATION('',(#7048),#7052);
#7048 = LINE('',#7049,#7050);
#7049 = CARTESIAN_POINT('',(0.,0.));
#7050 = VECTOR('',#7051,1.);
#7051 = DIRECTION('',(1.,0.));
#7052 = ( GEOMETRIC_REPRESENTATION_CONTEXT(2) 
PARAMETRIC_REPRESENTATION_CONTEXT() REPRESENTATION_CONTEXT('2D SPACE',''
  ) );
#7053 = PCURVE('',#6882,#7054);
#7054 = DEFINITIONAL_REPRESENTATION('',(#7055),#7059);
#7055 = B_SPLINE_CURVE_WITH_KNOTS('',2,(#7056,#7057,#7058),
  .UNSPECIFIED.,.F.,.F.,(3,3),(0.,1.),.PIECEWISE_BEZIER_KNOTS.);
#7056 = CARTESIAN_POINT('',(-0.1878655224,-0.526937273456));
#7057 = CARTESIAN_POINT('',(-0.114617114756,-0.597637910399));
#7058 = CARTESIAN_POINT('',(-1.143240138065E-02,-0.597637910399));
#7059 = ( GEOMETRIC_REPRESENTATION_CONTEXT(2) 
PARAMETRIC_REPRESENTATION_CONTEXT() REPRESENTATION_CONTEXT('2D SPACE',''
  ) );
#7060 = ORIENTED_EDGE('',*,*,#6965,.T.);
#7061 = ORIENTED_EDGE('',*,*,#2333,.F.);
#7062 = ORIENTED_EDGE('',*,*,#7063,.F.);
#7063 = EDGE_CURVE('',#7039,#2334,#7064,.T.);
#7064 = SURFACE_CURVE('',#7065,(#7069,#7076),.PCURVE_S1.);
#7065 = LINE('',#7066,#7067);
#7066 = CARTESIAN_POINT('',(2.317675159236,0.368152866242,2.761008928571
    ));
#7067 = VECTOR('',#7068,1.);
#7068 = DIRECTION('',(0.,0.,1.));
#7069 = PCURVE('',#2359,#7070);
#7070 = DEFINITIONAL_REPRESENTATION('',(#7071),#7075);
#7071 = LINE('',#7072,#7073);
#7072 = CARTESIAN_POINT('',(1.,0.));
#7073 = VECTOR('',#7074,1.);
#7074 = DIRECTION('',(0.,-1.));
#7075 = ( GEOMETRIC_REPRESENTATION_CONTEXT(2) 
PARAMETRIC_REPRESENTATION_CONTEXT() REPRESENTATION_CONTEXT('2D SPACE',''
  ) );
#7076 = PCURVE('',#2404,#7077);
#7077 = DEFINITIONAL_REPRESENTATION('',(#7078),#7082);
#7078 = LINE('',#7079,#7080);
#7079 = CARTESIAN_POINT('',(0.,0.));
#7080 = VECTOR('',#7081,1.);
#7081 = DIRECTION('',(0.,-1.));
#7082 = ( GEOMETRIC_REPRESENTATION_CONTEXT(2) 
PARAMETRIC_REPRESENTATION_CONTEXT() REPRESENTATION_CONTEXT('2D SPACE',''
  ) );
#7083 = ADVANCED_FACE('',(#7084),#3101,.F.);
#7084 = FACE_BOUND('',#7085,.F.);
#7085 = EDGE_LOOP('',(#7086,#7109,#7130,#7131));
#7086 = ORIENTED_EDGE('',*,*,#7087,.F.);
#7087 = EDGE_CURVE('',#7088,#6990,#7090,.T.);
#7088 = VERTEX_POINT('',#7089);
#7089 = CARTESIAN_POINT('',(2.175,0.368152866242,2.761008928571));
#7090 = SURFACE_CURVE('',#7091,(#7095,#7102),.PCURVE_S1.);
#7091 = B_SPLINE_CURVE_WITH_KNOTS('',2,(#7092,#7093,#7094),
  .UNSPECIFIED.,.F.,.F.,(3,3),(0.,1.),.PIECEWISE_BEZIER_KNOTS.);
#7092 = CARTESIAN_POINT('',(2.175,0.368152866242,2.761008928571));
#7093 = CARTESIAN_POINT('',(2.175,0.55923566879,2.761008928571));
#7094 = CARTESIAN_POINT('',(2.286464968153,0.68025477707,2.761008928571)
  );
#7095 = PCURVE('',#3101,#7096);
#7096 = DEFINITIONAL_REPRESENTATION('',(#7097),#7101);
#7097 = LINE('',#7098,#7099);
#7098 = CARTESIAN_POINT('',(0.,0.));
#7099 = VECTOR('',#7100,1.);
#7100 = DIRECTION('',(1.,0.));
#7101 = ( GEOMETRIC_REPRESENTATION_CONTEXT(2) 
PARAMETRIC_REPRESENTATION_CONTEXT() REPRESENTATION_CONTEXT('2D SPACE',''
  ) );
#7102 = PCURVE('',#6882,#7103);
#7103 = DEFINITIONAL_REPRESENTATION('',(#7104),#7108);
#7104 = B_SPLINE_CURVE_WITH_KNOTS('',2,(#7105,#7106,#7107),
  .UNSPECIFIED.,.F.,.F.,(3,3),(0.,1.),.PIECEWISE_BEZIER_KNOTS.);
#7105 = CARTESIAN_POINT('',(-1.143240138065E-02,-0.740313069635));
#7106 = CARTESIAN_POINT('',(-0.202515203928,-0.740313069635));
#7107 = CARTESIAN_POINT('',(-0.323534312209,-0.628848101482));
#7108 = ( GEOMETRIC_REPRESENTATION_CONTEXT(2) 
PARAMETRIC_REPRESENTATION_CONTEXT() REPRESENTATION_CONTEXT('2D SPACE',''
  ) );
#7109 = ORIENTED_EDGE('',*,*,#7110,.T.);
#7110 = EDGE_CURVE('',#7088,#3021,#7111,.T.);
#7111 = SURFACE_CURVE('',#7112,(#7116,#7123),.PCURVE_S1.);
#7112 = LINE('',#7113,#7114);
#7113 = CARTESIAN_POINT('',(2.175,0.368152866242,2.761008928571));
#7114 = VECTOR('',#7115,1.);
#7115 = DIRECTION('',(0.,0.,1.));
#7116 = PCURVE('',#3101,#7117);
#7117 = DEFINITIONAL_REPRESENTATION('',(#7118),#7122);
#7118 = LINE('',#7119,#7120);
#7119 = CARTESIAN_POINT('',(0.,0.));
#7120 = VECTOR('',#7121,1.);
#7121 = DIRECTION('',(0.,-1.));
#7122 = ( GEOMETRIC_REPRESENTATION_CONTEXT(2) 
PARAMETRIC_REPRESENTATION_CONTEXT() REPRESENTATION_CONTEXT('2D SPACE',''
  ) );
#7123 = PCURVE('',#3050,#7124);
#7124 = DEFINITIONAL_REPRESENTATION('',(#7125),#7129);
#7125 = LINE('',#7126,#7127);
#7126 = CARTESIAN_POINT('',(1.,0.));
#7127 = VECTOR('',#7128,1.);
#7128 = DIRECTION('',(0.,-1.));
#7129 = ( GEOMETRIC_REPRESENTATION_CONTEXT(2) 
PARAMETRIC_REPRESENTATION_CONTEXT() REPRESENTATION_CONTEXT('2D SPACE',''
  ) );
#7130 = ORIENTED_EDGE('',*,*,#3071,.F.);
#7131 = ORIENTED_EDGE('',*,*,#7012,.F.);
#7132 = ADVANCED_FACE('',(#7133),#2404,.F.);
#7133 = FACE_BOUND('',#7134,.F.);
#7134 = EDGE_LOOP('',(#7135,#7158,#7159,#7160));
#7135 = ORIENTED_EDGE('',*,*,#7136,.F.);
#7136 = EDGE_CURVE('',#7039,#7137,#7139,.T.);
#7137 = VERTEX_POINT('',#7138);
#7138 = CARTESIAN_POINT('',(2.41576433121,0.157961783439,2.761008928571)
  );
#7139 = SURFACE_CURVE('',#7140,(#7144,#7151),.PCURVE_S1.);
#7140 = B_SPLINE_CURVE_WITH_KNOTS('',2,(#7141,#7142,#7143),
  .UNSPECIFIED.,.F.,.F.,(3,3),(0.,1.),.PIECEWISE_BEZIER_KNOTS.);
#7141 = CARTESIAN_POINT('',(2.317675159236,0.368152866242,2.761008928571
    ));
#7142 = CARTESIAN_POINT('',(2.317675159236,0.243949044586,2.761008928571
    ));
#7143 = CARTESIAN_POINT('',(2.41576433121,0.157961783439,2.761008928571)
  );
#7144 = PCURVE('',#2404,#7145);
#7145 = DEFINITIONAL_REPRESENTATION('',(#7146),#7150);
#7146 = LINE('',#7147,#7148);
#7147 = CARTESIAN_POINT('',(0.,0.));
#7148 = VECTOR('',#7149,1.);
#7149 = DIRECTION('',(1.,0.));
#7150 = ( GEOMETRIC_REPRESENTATION_CONTEXT(2) 
PARAMETRIC_REPRESENTATION_CONTEXT() REPRESENTATION_CONTEXT('2D SPACE',''
  ) );
#7151 = PCURVE('',#6882,#7152);
#7152 = DEFINITIONAL_REPRESENTATION('',(#7153),#7157);
#7153 = B_SPLINE_CURVE_WITH_KNOTS('',2,(#7154,#7155,#7156),
  .UNSPECIFIED.,.F.,.F.,(3,3),(0.,1.),.PIECEWISE_BEZIER_KNOTS.);
#7154 = CARTESIAN_POINT('',(-1.143240138065E-02,-0.597637910399));
#7155 = CARTESIAN_POINT('',(0.112771420275,-0.597637910399));
#7156 = CARTESIAN_POINT('',(0.198758681422,-0.499548738424));
#7157 = ( GEOMETRIC_REPRESENTATION_CONTEXT(2) 
PARAMETRIC_REPRESENTATION_CONTEXT() REPRESENTATION_CONTEXT('2D SPACE',''
  ) );
#7158 = ORIENTED_EDGE('',*,*,#7063,.T.);
#7159 = ORIENTED_EDGE('',*,*,#2378,.F.);
#7160 = ORIENTED_EDGE('',*,*,#7161,.F.);
#7161 = EDGE_CURVE('',#7137,#2379,#7162,.T.);
#7162 = SURFACE_CURVE('',#7163,(#7167,#7174),.PCURVE_S1.);
#7163 = LINE('',#7164,#7165);
#7164 = CARTESIAN_POINT('',(2.41576433121,0.157961783439,2.761008928571)
  );
#7165 = VECTOR('',#7166,1.);
#7166 = DIRECTION('',(0.,0.,1.));
#7167 = PCURVE('',#2404,#7168);
#7168 = DEFINITIONAL_REPRESENTATION('',(#7169),#7173);
#7169 = LINE('',#7170,#7171);
#7170 = CARTESIAN_POINT('',(1.,0.));
#7171 = VECTOR('',#7172,1.);
#7172 = DIRECTION('',(0.,-1.));
#7173 = ( GEOMETRIC_REPRESENTATION_CONTEXT(2) 
PARAMETRIC_REPRESENTATION_CONTEXT() REPRESENTATION_CONTEXT('2D SPACE',''
  ) );
#7174 = PCURVE('',#2453,#7175);
#7175 = DEFINITIONAL_REPRESENTATION('',(#7176),#7180);
#7176 = LINE('',#7177,#7178);
#7177 = CARTESIAN_POINT('',(0.,0.));
#7178 = VECTOR('',#7179,1.);
#7179 = DIRECTION('',(0.,-1.));
#7180 = ( GEOMETRIC_REPRESENTATION_CONTEXT(2) 
PARAMETRIC_REPRESENTATION_CONTEXT() REPRESENTATION_CONTEXT('2D SPACE',''
  ) );
#7181 = ADVANCED_FACE('',(#7182),#3050,.F.);
#7182 = FACE_BOUND('',#7183,.F.);
#7183 = EDGE_LOOP('',(#7184,#7207,#7228,#7229));
#7184 = ORIENTED_EDGE('',*,*,#7185,.F.);
#7185 = EDGE_CURVE('',#7186,#7088,#7188,.T.);
#7186 = VERTEX_POINT('',#7187);
#7187 = CARTESIAN_POINT('',(2.349522292994,0.,2.761008928571));
#7188 = SURFACE_CURVE('',#7189,(#7193,#7200),.PCURVE_S1.);
#7189 = B_SPLINE_CURVE_WITH_KNOTS('',2,(#7190,#7191,#7192),
  .UNSPECIFIED.,.F.,.F.,(3,3),(0.,1.),.PIECEWISE_BEZIER_KNOTS.);
#7190 = CARTESIAN_POINT('',(2.349522292994,0.,2.761008928571));
#7191 = CARTESIAN_POINT('',(2.175,0.135031847134,2.761008928571));
#7192 = CARTESIAN_POINT('',(2.175,0.368152866242,2.761008928571));
#7193 = PCURVE('',#3050,#7194);
#7194 = DEFINITIONAL_REPRESENTATION('',(#7195),#7199);
#7195 = LINE('',#7196,#7197);
#7196 = CARTESIAN_POINT('',(0.,0.));
#7197 = VECTOR('',#7198,1.);
#7198 = DIRECTION('',(1.,0.));
#7199 = ( GEOMETRIC_REPRESENTATION_CONTEXT(2) 
PARAMETRIC_REPRESENTATION_CONTEXT() REPRESENTATION_CONTEXT('2D SPACE',''
  ) );
#7200 = PCURVE('',#6882,#7201);
#7201 = DEFINITIONAL_REPRESENTATION('',(#7202),#7206);
#7202 = B_SPLINE_CURVE_WITH_KNOTS('',2,(#7203,#7204,#7205),
  .UNSPECIFIED.,.F.,.F.,(3,3),(0.,1.),.PIECEWISE_BEZIER_KNOTS.);
#7203 = CARTESIAN_POINT('',(0.356720464861,-0.565790776641));
#7204 = CARTESIAN_POINT('',(0.221688617728,-0.740313069635));
#7205 = CARTESIAN_POINT('',(-1.143240138065E-02,-0.740313069635));
#7206 = ( GEOMETRIC_REPRESENTATION_CONTEXT(2) 
PARAMETRIC_REPRESENTATION_CONTEXT() REPRESENTATION_CONTEXT('2D SPACE',''
  ) );
#7207 = ORIENTED_EDGE('',*,*,#7208,.T.);
#7208 = EDGE_CURVE('',#7186,#2970,#7209,.T.);
#7209 = SURFACE_CURVE('',#7210,(#7214,#7221),.PCURVE_S1.);
#7210 = LINE('',#7211,#7212);
#7211 = CARTESIAN_POINT('',(2.349522292994,0.,2.761008928571));
#7212 = VECTOR('',#7213,1.);
#7213 = DIRECTION('',(0.,0.,1.));
#7214 = PCURVE('',#3050,#7215);
#7215 = DEFINITIONAL_REPRESENTATION('',(#7216),#7220);
#7216 = LINE('',#7217,#7218);
#7217 = CARTESIAN_POINT('',(0.,0.));
#7218 = VECTOR('',#7219,1.);
#7219 = DIRECTION('',(0.,-1.));
#7220 = ( GEOMETRIC_REPRESENTATION_CONTEXT(2) 
PARAMETRIC_REPRESENTATION_CONTEXT() REPRESENTATION_CONTEXT('2D SPACE',''
  ) );
#7221 = PCURVE('',#2999,#7222);
#7222 = DEFINITIONAL_REPRESENTATION('',(#7223),#7227);
#7223 = LINE('',#7224,#7225);
#7224 = CARTESIAN_POINT('',(1.,0.));
#7225 = VECTOR('',#7226,1.);
#7226 = DIRECTION('',(0.,-1.));
#7227 = ( GEOMETRIC_REPRESENTATION_CONTEXT(2) 
PARAMETRIC_REPRESENTATION_CONTEXT() REPRESENTATION_CONTEXT('2D SPACE',''
  ) );
#7228 = ORIENTED_EDGE('',*,*,#3020,.F.);
#7229 = ORIENTED_EDGE('',*,*,#7110,.F.);
#7230 = ADVANCED_FACE('',(#7231),#2453,.F.);
#7231 = FACE_BOUND('',#7232,.F.);
#7232 = EDGE_LOOP('',(#7233,#7256,#7257,#7258));
#7233 = ORIENTED_EDGE('',*,*,#7234,.F.);
#7234 = EDGE_CURVE('',#7137,#7235,#7237,.T.);
#7235 = VERTEX_POINT('',#7236);
#7236 = CARTESIAN_POINT('',(2.676910828025,7.197452229299E-02,
    2.761008928571));
#7237 = SURFACE_CURVE('',#7238,(#7242,#7249),.PCURVE_S1.);
#7238 = B_SPLINE_CURVE_WITH_KNOTS('',2,(#7239,#7240,#7241),
  .UNSPECIFIED.,.F.,.F.,(3,3),(0.,1.),.PIECEWISE_BEZIER_KNOTS.);
#7239 = CARTESIAN_POINT('',(2.41576433121,0.157961783439,2.761008928571)
  );
#7240 = CARTESIAN_POINT('',(2.51449044586,7.197452229299E-02,
    2.761008928571));
#7241 = CARTESIAN_POINT('',(2.676910828025,7.197452229299E-02,
    2.761008928571));
#7242 = PCURVE('',#2453,#7243);
#7243 = DEFINITIONAL_REPRESENTATION('',(#7244),#7248);
#7244 = LINE('',#7245,#7246);
#7245 = CARTESIAN_POINT('',(0.,0.));
#7246 = VECTOR('',#7247,1.);
#7247 = DIRECTION('',(1.,0.));
#7248 = ( GEOMETRIC_REPRESENTATION_CONTEXT(2) 
PARAMETRIC_REPRESENTATION_CONTEXT() REPRESENTATION_CONTEXT('2D SPACE',''
  ) );
#7249 = PCURVE('',#6882,#7250);
#7250 = DEFINITIONAL_REPRESENTATION('',(#7251),#7255);
#7251 = B_SPLINE_CURVE_WITH_KNOTS('',2,(#7252,#7253,#7254),
  .UNSPECIFIED.,.F.,.F.,(3,3),(0.,1.),.PIECEWISE_BEZIER_KNOTS.);
#7252 = CARTESIAN_POINT('',(0.198758681422,-0.499548738424));
#7253 = CARTESIAN_POINT('',(0.284745942568,-0.400822623775));
#7254 = CARTESIAN_POINT('',(0.284745942568,-0.238402241609));
#7255 = ( GEOMETRIC_REPRESENTATION_CONTEXT(2) 
PARAMETRIC_REPRESENTATION_CONTEXT() REPRESENTATION_CONTEXT('2D SPACE',''
  ) );
#7256 = ORIENTED_EDGE('',*,*,#7161,.T.);
#7257 = ORIENTED_EDGE('',*,*,#2423,.F.);
#7258 = ORIENTED_EDGE('',*,*,#7259,.F.);
#7259 = EDGE_CURVE('',#7235,#2424,#7260,.T.);
#7260 = SURFACE_CURVE('',#7261,(#7265,#7272),.PCURVE_S1.);
#7261 = LINE('',#7262,#7263);
#7262 = CARTESIAN_POINT('',(2.676910828025,7.197452229299E-02,
    2.761008928571));
#7263 = VECTOR('',#7264,1.);
#7264 = DIRECTION('',(0.,0.,1.));
#7265 = PCURVE('',#2453,#7266);
#7266 = DEFINITIONAL_REPRESENTATION('',(#7267),#7271);
#7267 = LINE('',#7268,#7269);
#7268 = CARTESIAN_POINT('',(1.,0.));
#7269 = VECTOR('',#7270,1.);
#7270 = DIRECTION('',(0.,-1.));
#7271 = ( GEOMETRIC_REPRESENTATION_CONTEXT(2) 
PARAMETRIC_REPRESENTATION_CONTEXT() REPRESENTATION_CONTEXT('2D SPACE',''
  ) );
#7272 = PCURVE('',#2504,#7273);
#7273 = DEFINITIONAL_REPRESENTATION('',(#7274),#7278);
#7274 = LINE('',#7275,#7276);
#7275 = CARTESIAN_POINT('',(0.,0.));
#7276 = VECTOR('',#7277,1.);
#7277 = DIRECTION('',(0.,-1.));
#7278 = ( GEOMETRIC_REPRESENTATION_CONTEXT(2) 
PARAMETRIC_REPRESENTATION_CONTEXT() REPRESENTATION_CONTEXT('2D SPACE',''
  ) );
#7279 = ADVANCED_FACE('',(#7280),#2999,.F.);
#7280 = FACE_BOUND('',#7281,.F.);
#7281 = EDGE_LOOP('',(#7282,#7305,#7326,#7327));
#7282 = ORIENTED_EDGE('',*,*,#7283,.F.);
#7283 = EDGE_CURVE('',#7284,#7186,#7286,.T.);
#7284 = VERTEX_POINT('',#7285);
#7285 = CARTESIAN_POINT('',(2.687101910828,-0.110828025478,
    2.761008928571));
#7286 = SURFACE_CURVE('',#7287,(#7291,#7298),.PCURVE_S1.);
#7287 = B_SPLINE_CURVE_WITH_KNOTS('',2,(#7288,#7289,#7290),
  .UNSPECIFIED.,.F.,.F.,(3,3),(0.,1.),.PIECEWISE_BEZIER_KNOTS.);
#7288 = CARTESIAN_POINT('',(2.687101910828,-0.110828025478,
    2.761008928571));
#7289 = CARTESIAN_POINT('',(2.492197452229,-0.110828025478,
    2.761008928571));
#7290 = CARTESIAN_POINT('',(2.349522292994,0.,2.761008928571));
#7291 = PCURVE('',#2999,#7292);
#7292 = DEFINITIONAL_REPRESENTATION('',(#7293),#7297);
#7293 = LINE('',#7294,#7295);
#7294 = CARTESIAN_POINT('',(0.,0.));
#7295 = VECTOR('',#7296,1.);
#7296 = DIRECTION('',(1.,0.));
#7297 = ( GEOMETRIC_REPRESENTATION_CONTEXT(2) 
PARAMETRIC_REPRESENTATION_CONTEXT() REPRESENTATION_CONTEXT('2D SPACE',''
  ) );
#7298 = PCURVE('',#6882,#7299);
#7299 = DEFINITIONAL_REPRESENTATION('',(#7300),#7304);
#7300 = B_SPLINE_CURVE_WITH_KNOTS('',2,(#7301,#7302,#7303),
  .UNSPECIFIED.,.F.,.F.,(3,3),(0.,1.),.PIECEWISE_BEZIER_KNOTS.);
#7301 = CARTESIAN_POINT('',(0.467548490339,-0.228211158807));
#7302 = CARTESIAN_POINT('',(0.467548490339,-0.423115617405));
#7303 = CARTESIAN_POINT('',(0.356720464861,-0.565790776641));
#7304 = ( GEOMETRIC_REPRESENTATION_CONTEXT(2) 
PARAMETRIC_REPRESENTATION_CONTEXT() REPRESENTATION_CONTEXT('2D SPACE',''
  ) );
#7305 = ORIENTED_EDGE('',*,*,#7306,.T.);
#7306 = EDGE_CURVE('',#7284,#2919,#7307,.T.);
#7307 = SURFACE_CURVE('',#7308,(#7312,#7319),.PCURVE_S1.);
#7308 = LINE('',#7309,#7310);
#7309 = CARTESIAN_POINT('',(2.687101910828,-0.110828025478,
    2.761008928571));
#7310 = VECTOR('',#7311,1.);
#7311 = DIRECTION('',(0.,0.,1.));
#7312 = PCURVE('',#2999,#7313);
#7313 = DEFINITIONAL_REPRESENTATION('',(#7314),#7318);
#7314 = LINE('',#7315,#7316);
#7315 = CARTESIAN_POINT('',(0.,0.));
#7316 = VECTOR('',#7317,1.);
#7317 = DIRECTION('',(0.,-1.));
#7318 = ( GEOMETRIC_REPRESENTATION_CONTEXT(2) 
PARAMETRIC_REPRESENTATION_CONTEXT() REPRESENTATION_CONTEXT('2D SPACE',''
  ) );
#7319 = PCURVE('',#2948,#7320);
#7320 = DEFINITIONAL_REPRESENTATION('',(#7321),#7325);
#7321 = LINE('',#7322,#7323);
#7322 = CARTESIAN_POINT('',(1.,0.));
#7323 = VECTOR('',#7324,1.);
#7324 = DIRECTION('',(0.,-1.));
#7325 = ( GEOMETRIC_REPRESENTATION_CONTEXT(2) 
PARAMETRIC_REPRESENTATION_CONTEXT() REPRESENTATION_CONTEXT('2D SPACE',''
  ) );
#7326 = ORIENTED_EDGE('',*,*,#2969,.F.);
#7327 = ORIENTED_EDGE('',*,*,#7208,.F.);
#7328 = ADVANCED_FACE('',(#7329),#2504,.F.);
#7329 = FACE_BOUND('',#7330,.F.);
#7330 = EDGE_LOOP('',(#7331,#7354,#7355,#7356));
#7331 = ORIENTED_EDGE('',*,*,#7332,.F.);
#7332 = EDGE_CURVE('',#7235,#7333,#7335,.T.);
#7333 = VERTEX_POINT('',#7334);
#7334 = CARTESIAN_POINT('',(2.920859872611,0.154777070064,2.761008928571
    ));
#7335 = SURFACE_CURVE('',#7336,(#7340,#7347),.PCURVE_S1.);
#7336 = B_SPLINE_CURVE_WITH_KNOTS('',2,(#7337,#7338,#7339),
  .UNSPECIFIED.,.F.,.F.,(3,3),(0.,1.),.PIECEWISE_BEZIER_KNOTS.);
#7337 = CARTESIAN_POINT('',(2.676910828025,7.197452229299E-02,
    2.761008928571));
#7338 = CARTESIAN_POINT('',(2.831687898089,7.197452229299E-02,
    2.761008928571));
#7339 = CARTESIAN_POINT('',(2.920859872611,0.154777070064,2.761008928571
    ));
#7340 = PCURVE('',#2504,#7341);
#7341 = DEFINITIONAL_REPRESENTATION('',(#7342),#7346);
#7342 = LINE('',#7343,#7344);
#7343 = CARTESIAN_POINT('',(0.,0.));
#7344 = VECTOR('',#7345,1.);
#7345 = DIRECTION('',(1.,0.));
#7346 = ( GEOMETRIC_REPRESENTATION_CONTEXT(2) 
PARAMETRIC_REPRESENTATION_CONTEXT() REPRESENTATION_CONTEXT('2D SPACE',''
  ) );
#7347 = PCURVE('',#6882,#7348);
#7348 = DEFINITIONAL_REPRESENTATION('',(#7349),#7353);
#7349 = B_SPLINE_CURVE_WITH_KNOTS('',2,(#7350,#7351,#7352),
  .UNSPECIFIED.,.F.,.F.,(3,3),(0.,1.),.PIECEWISE_BEZIER_KNOTS.);
#7350 = CARTESIAN_POINT('',(0.284745942568,-0.238402241609));
#7351 = CARTESIAN_POINT('',(0.284745942568,-8.362517154542E-02));
#7352 = CARTESIAN_POINT('',(0.201943394798,5.546802976873E-03));
#7353 = ( GEOMETRIC_REPRESENTATION_CONTEXT(2) 
PARAMETRIC_REPRESENTATION_CONTEXT() REPRESENTATION_CONTEXT('2D SPACE',''
  ) );
#7354 = ORIENTED_EDGE('',*,*,#7259,.T.);
#7355 = ORIENTED_EDGE('',*,*,#2474,.F.);
#7356 = ORIENTED_EDGE('',*,*,#7357,.F.);
#7357 = EDGE_CURVE('',#7333,#2475,#7358,.T.);
#7358 = SURFACE_CURVE('',#7359,(#7363,#7370),.PCURVE_S1.);
#7359 = LINE('',#7360,#7361);
#7360 = CARTESIAN_POINT('',(2.920859872611,0.154777070064,2.761008928571
    ));
#7361 = VECTOR('',#7362,1.);
#7362 = DIRECTION('',(0.,0.,1.));
#7363 = PCURVE('',#2504,#7364);
#7364 = DEFINITIONAL_REPRESENTATION('',(#7365),#7369);
#7365 = LINE('',#7366,#7367);
#7366 = CARTESIAN_POINT('',(1.,0.));
#7367 = VECTOR('',#7368,1.);
#7368 = DIRECTION('',(0.,-1.));
#7369 = ( GEOMETRIC_REPRESENTATION_CONTEXT(2) 
PARAMETRIC_REPRESENTATION_CONTEXT() REPRESENTATION_CONTEXT('2D SPACE',''
  ) );
#7370 = PCURVE('',#2551,#7371);
#7371 = DEFINITIONAL_REPRESENTATION('',(#7372),#7376);
#7372 = LINE('',#7373,#7374);
#7373 = CARTESIAN_POINT('',(0.,0.));
#7374 = VECTOR('',#7375,1.);
#7375 = DIRECTION('',(0.,-1.));
#7376 = ( GEOMETRIC_REPRESENTATION_CONTEXT(2) 
PARAMETRIC_REPRESENTATION_CONTEXT() REPRESENTATION_CONTEXT('2D SPACE',''
  ) );
#7377 = ADVANCED_FACE('',(#7378),#2948,.F.);
#7378 = FACE_BOUND('',#7379,.F.);
#7379 = EDGE_LOOP('',(#7380,#7403,#7424,#7425));
#7380 = ORIENTED_EDGE('',*,*,#7381,.F.);
#7381 = EDGE_CURVE('',#7382,#7284,#7384,.T.);
#7382 = VERTEX_POINT('',#7383);
#7383 = CARTESIAN_POINT('',(3.022770700637,1.528662420382E-02,
    2.761008928571));
#7384 = SURFACE_CURVE('',#7385,(#7389,#7396),.PCURVE_S1.);
#7385 = B_SPLINE_CURVE_WITH_KNOTS('',2,(#7386,#7387,#7388),
  .UNSPECIFIED.,.F.,.F.,(3,3),(0.,1.),.PIECEWISE_BEZIER_KNOTS.);
#7386 = CARTESIAN_POINT('',(3.022770700637,1.528662420382E-02,
    2.761008928571));
#7387 = CARTESIAN_POINT('',(2.892197452229,-0.110828025478,
    2.761008928571));
#7388 = CARTESIAN_POINT('',(2.687101910828,-0.110828025478,
    2.761008928571));
#7389 = PCURVE('',#2948,#7390);
#7390 = DEFINITIONAL_REPRESENTATION('',(#7391),#7395);
#7391 = LINE('',#7392,#7393);
#7392 = CARTESIAN_POINT('',(0.,0.));
#7393 = VECTOR('',#7394,1.);
#7394 = DIRECTION('',(1.,0.));
#7395 = ( GEOMETRIC_REPRESENTATION_CONTEXT(2) 
PARAMETRIC_REPRESENTATION_CONTEXT() REPRESENTATION_CONTEXT('2D SPACE',''
  ) );
#7396 = PCURVE('',#6882,#7397);
#7397 = DEFINITIONAL_REPRESENTATION('',(#7398),#7402);
#7398 = B_SPLINE_CURVE_WITH_KNOTS('',2,(#7399,#7400,#7401),
  .UNSPECIFIED.,.F.,.F.,(3,3),(0.,1.),.PIECEWISE_BEZIER_KNOTS.);
#7399 = CARTESIAN_POINT('',(0.341433840658,0.107457631002));
#7400 = CARTESIAN_POINT('',(0.467548490339,-2.311561740529E-02));
#7401 = CARTESIAN_POINT('',(0.467548490339,-0.228211158807));
#7402 = ( GEOMETRIC_REPRESENTATION_CONTEXT(2) 
PARAMETRIC_REPRESENTATION_CONTEXT() REPRESENTATION_CONTEXT('2D SPACE',''
  ) );
#7403 = ORIENTED_EDGE('',*,*,#7404,.T.);
#7404 = EDGE_CURVE('',#7382,#2868,#7405,.T.);
#7405 = SURFACE_CURVE('',#7406,(#7410,#7417),.PCURVE_S1.);
#7406 = LINE('',#7407,#7408);
#7407 = CARTESIAN_POINT('',(3.022770700637,1.528662420382E-02,
    2.761008928571));
#7408 = VECTOR('',#7409,1.);
#7409 = DIRECTION('',(0.,0.,1.));
#7410 = PCURVE('',#2948,#7411);
#7411 = DEFINITIONAL_REPRESENTATION('',(#7412),#7416);
#7412 = LINE('',#7413,#7414);
#7413 = CARTESIAN_POINT('',(0.,0.));
#7414 = VECTOR('',#7415,1.);
#7415 = DIRECTION('',(0.,-1.));
#7416 = ( GEOMETRIC_REPRESENTATION_CONTEXT(2) 
PARAMETRIC_REPRESENTATION_CONTEXT() REPRESENTATION_CONTEXT('2D SPACE',''
  ) );
#7417 = PCURVE('',#2897,#7418);
#7418 = DEFINITIONAL_REPRESENTATION('',(#7419),#7423);
#7419 = LINE('',#7420,#7421);
#7420 = CARTESIAN_POINT('',(1.,0.));
#7421 = VECTOR('',#7422,1.);
#7422 = DIRECTION('',(0.,-1.));
#7423 = ( GEOMETRIC_REPRESENTATION_CONTEXT(2) 
PARAMETRIC_REPRESENTATION_CONTEXT() REPRESENTATION_CONTEXT('2D SPACE',''
  ) );
#7424 = ORIENTED_EDGE('',*,*,#2918,.F.);
#7425 = ORIENTED_EDGE('',*,*,#7306,.F.);
#7426 = ADVANCED_FACE('',(#7427),#2551,.F.);
#7427 = FACE_BOUND('',#7428,.F.);
#7428 = EDGE_LOOP('',(#7429,#7452,#7453,#7454));
#7429 = ORIENTED_EDGE('',*,*,#7430,.F.);
#7430 = EDGE_CURVE('',#7333,#7431,#7433,.T.);
#7431 = VERTEX_POINT('',#7432);
#7432 = CARTESIAN_POINT('',(3.010668789809,0.370700636943,2.761008928571
    ));
#7433 = SURFACE_CURVE('',#7434,(#7438,#7445),.PCURVE_S1.);
#7434 = B_SPLINE_CURVE_WITH_KNOTS('',2,(#7435,#7436,#7437),
  .UNSPECIFIED.,.F.,.F.,(3,3),(0.,1.),.PIECEWISE_BEZIER_KNOTS.);
#7435 = CARTESIAN_POINT('',(2.920859872611,0.154777070064,2.761008928571
    ));
#7436 = CARTESIAN_POINT('',(3.010668789809,0.236942675159,2.761008928571
    ));
#7437 = CARTESIAN_POINT('',(3.010668789809,0.370700636943,2.761008928571
    ));
#7438 = PCURVE('',#2551,#7439);
#7439 = DEFINITIONAL_REPRESENTATION('',(#7440),#7444);
#7440 = LINE('',#7441,#7442);
#7441 = CARTESIAN_POINT('',(0.,0.));
#7442 = VECTOR('',#7443,1.);
#7443 = DIRECTION('',(1.,0.));
#7444 = ( GEOMETRIC_REPRESENTATION_CONTEXT(2) 
PARAMETRIC_REPRESENTATION_CONTEXT() REPRESENTATION_CONTEXT('2D SPACE',''
  ) );
#7445 = PCURVE('',#6882,#7446);
#7446 = DEFINITIONAL_REPRESENTATION('',(#7447),#7451);
#7447 = B_SPLINE_CURVE_WITH_KNOTS('',2,(#7448,#7449,#7450),
  .UNSPECIFIED.,.F.,.F.,(3,3),(0.,1.),.PIECEWISE_BEZIER_KNOTS.);
#7448 = CARTESIAN_POINT('',(0.201943394798,5.546802976873E-03));
#7449 = CARTESIAN_POINT('',(0.119777789702,9.535572017433E-02));
#7450 = CARTESIAN_POINT('',(-1.398017208128E-02,9.535572017433E-02));
#7451 = ( GEOMETRIC_REPRESENTATION_CONTEXT(2) 
PARAMETRIC_REPRESENTATION_CONTEXT() REPRESENTATION_CONTEXT('2D SPACE',''
  ) );
#7452 = ORIENTED_EDGE('',*,*,#7357,.T.);
#7453 = ORIENTED_EDGE('',*,*,#2525,.F.);
#7454 = ORIENTED_EDGE('',*,*,#7455,.F.);
#7455 = EDGE_CURVE('',#7431,#2526,#7456,.T.);
#7456 = SURFACE_CURVE('',#7457,(#7461,#7468),.PCURVE_S1.);
#7457 = LINE('',#7458,#7459);
#7458 = CARTESIAN_POINT('',(3.010668789809,0.370700636943,2.761008928571
    ));
#7459 = VECTOR('',#7460,1.);
#7460 = DIRECTION('',(0.,0.,1.));
#7461 = PCURVE('',#2551,#7462);
#7462 = DEFINITIONAL_REPRESENTATION('',(#7463),#7467);
#7463 = LINE('',#7464,#7465);
#7464 = CARTESIAN_POINT('',(1.,0.));
#7465 = VECTOR('',#7466,1.);
#7466 = DIRECTION('',(0.,-1.));
#7467 = ( GEOMETRIC_REPRESENTATION_CONTEXT(2) 
PARAMETRIC_REPRESENTATION_CONTEXT() REPRESENTATION_CONTEXT('2D SPACE',''
  ) );
#7468 = PCURVE('',#2596,#7469);
#7469 = DEFINITIONAL_REPRESENTATION('',(#7470),#7474);
#7470 = LINE('',#7471,#7472);
#7471 = CARTESIAN_POINT('',(0.,0.));
#7472 = VECTOR('',#7473,1.);
#7473 = DIRECTION('',(0.,-1.));
#7474 = ( GEOMETRIC_REPRESENTATION_CONTEXT(2) 
PARAMETRIC_REPRESENTATION_CONTEXT() REPRESENTATION_CONTEXT('2D SPACE',''
  ) );
#7475 = ADVANCED_FACE('',(#7476),#2897,.F.);
#7476 = FACE_BOUND('',#7477,.F.);
#7477 = EDGE_LOOP('',(#7478,#7501,#7522,#7523));
#7478 = ORIENTED_EDGE('',*,*,#7479,.F.);
#7479 = EDGE_CURVE('',#7480,#7382,#7482,.T.);
#7480 = VERTEX_POINT('',#7481);
#7481 = CARTESIAN_POINT('',(3.153343949045,0.324840764331,2.761008928571
    ));
#7482 = SURFACE_CURVE('',#7483,(#7487,#7494),.PCURVE_S1.);
#7483 = B_SPLINE_CURVE_WITH_KNOTS('',2,(#7484,#7485,#7486),
  .UNSPECIFIED.,.F.,.F.,(3,3),(0.,1.),.PIECEWISE_BEZIER_KNOTS.);
#7484 = CARTESIAN_POINT('',(3.153343949045,0.324840764331,2.761008928571
    ));
#7485 = CARTESIAN_POINT('',(3.153343949045,0.141401273885,2.761008928571
    ));
#7486 = CARTESIAN_POINT('',(3.022770700637,1.528662420382E-02,
    2.761008928571));
#7487 = PCURVE('',#2897,#7488);
#7488 = DEFINITIONAL_REPRESENTATION('',(#7489),#7493);
#7489 = LINE('',#7490,#7491);
#7490 = CARTESIAN_POINT('',(0.,0.));
#7491 = VECTOR('',#7492,1.);
#7492 = DIRECTION('',(1.,0.));
#7493 = ( GEOMETRIC_REPRESENTATION_CONTEXT(2) 
PARAMETRIC_REPRESENTATION_CONTEXT() REPRESENTATION_CONTEXT('2D SPACE',''
  ) );
#7494 = PCURVE('',#6882,#7495);
#7495 = DEFINITIONAL_REPRESENTATION('',(#7496),#7500);
#7496 = B_SPLINE_CURVE_WITH_KNOTS('',2,(#7497,#7498,#7499),
  .UNSPECIFIED.,.F.,.F.,(3,3),(0.,1.),.PIECEWISE_BEZIER_KNOTS.);
#7497 = CARTESIAN_POINT('',(3.187970053018E-02,0.23803087941));
#7498 = CARTESIAN_POINT('',(0.215319190976,0.23803087941));
#7499 = CARTESIAN_POINT('',(0.341433840658,0.107457631002));
#7500 = ( GEOMETRIC_REPRESENTATION_CONTEXT(2) 
PARAMETRIC_REPRESENTATION_CONTEXT() REPRESENTATION_CONTEXT('2D SPACE',''
  ) );
#7501 = ORIENTED_EDGE('',*,*,#7502,.T.);
#7502 = EDGE_CURVE('',#7480,#2817,#7503,.T.);
#7503 = SURFACE_CURVE('',#7504,(#7508,#7515),.PCURVE_S1.);
#7504 = LINE('',#7505,#7506);
#7505 = CARTESIAN_POINT('',(3.153343949045,0.324840764331,2.761008928571
    ));
#7506 = VECTOR('',#7507,1.);
#7507 = DIRECTION('',(0.,0.,1.));
#7508 = PCURVE('',#2897,#7509);
#7509 = DEFINITIONAL_REPRESENTATION('',(#7510),#7514);
#7510 = LINE('',#7511,#7512);
#7511 = CARTESIAN_POINT('',(0.,0.));
#7512 = VECTOR('',#7513,1.);
#7513 = DIRECTION('',(0.,-1.));
#7514 = ( GEOMETRIC_REPRESENTATION_CONTEXT(2) 
PARAMETRIC_REPRESENTATION_CONTEXT() REPRESENTATION_CONTEXT('2D SPACE',''
  ) );
#7515 = PCURVE('',#2846,#7516);
#7516 = DEFINITIONAL_REPRESENTATION('',(#7517),#7521);
#7517 = LINE('',#7518,#7519);
#7518 = CARTESIAN_POINT('',(1.,0.));
#7519 = VECTOR('',#7520,1.);
#7520 = DIRECTION('',(0.,-1.));
#7521 = ( GEOMETRIC_REPRESENTATION_CONTEXT(2) 
PARAMETRIC_REPRESENTATION_CONTEXT() REPRESENTATION_CONTEXT('2D SPACE',''
  ) );
#7522 = ORIENTED_EDGE('',*,*,#2867,.F.);
#7523 = ORIENTED_EDGE('',*,*,#7404,.F.);
#7524 = ADVANCED_FACE('',(#7525),#2596,.F.);
#7525 = FACE_BOUND('',#7526,.F.);
#7526 = EDGE_LOOP('',(#7527,#7550,#7551,#7552));
#7527 = ORIENTED_EDGE('',*,*,#7528,.F.);
#7528 = EDGE_CURVE('',#7431,#7529,#7531,.T.);
#7529 = VERTEX_POINT('',#7530);
#7530 = CARTESIAN_POINT('',(2.970541401274,0.52101910828,2.761008928571)
  );
#7531 = SURFACE_CURVE('',#7532,(#7536,#7543),.PCURVE_S1.);
#7532 = B_SPLINE_CURVE_WITH_KNOTS('',2,(#7533,#7534,#7535),
  .UNSPECIFIED.,.F.,.F.,(3,3),(0.,1.),.PIECEWISE_BEZIER_KNOTS.);
#7533 = CARTESIAN_POINT('',(3.010668789809,0.370700636943,2.761008928571
    ));
#7534 = CARTESIAN_POINT('',(3.010668789809,0.454140127389,2.761008928571
    ));
#7535 = CARTESIAN_POINT('',(2.970541401274,0.52101910828,2.761008928571)
  );
#7536 = PCURVE('',#2596,#7537);
#7537 = DEFINITIONAL_REPRESENTATION('',(#7538),#7542);
#7538 = LINE('',#7539,#7540);
#7539 = CARTESIAN_POINT('',(0.,0.));
#7540 = VECTOR('',#7541,1.);
#7541 = DIRECTION('',(1.,0.));
#7542 = ( GEOMETRIC_REPRESENTATION_CONTEXT(2) 
PARAMETRIC_REPRESENTATION_CONTEXT() REPRESENTATION_CONTEXT('2D SPACE',''
  ) );
#7543 = PCURVE('',#6882,#7544);
#7544 = DEFINITIONAL_REPRESENTATION('',(#7545),#7549);
#7545 = B_SPLINE_CURVE_WITH_KNOTS('',2,(#7546,#7547,#7548),
  .UNSPECIFIED.,.F.,.F.,(3,3),(0.,1.),.PIECEWISE_BEZIER_KNOTS.);
#7546 = CARTESIAN_POINT('',(-1.398017208128E-02,9.535572017433E-02));
#7547 = CARTESIAN_POINT('',(-9.741966252714E-02,9.535572017433E-02));
#7548 = CARTESIAN_POINT('',(-0.164298643419,5.522833163929E-02));
#7549 = ( GEOMETRIC_REPRESENTATION_CONTEXT(2) 
PARAMETRIC_REPRESENTATION_CONTEXT() REPRESENTATION_CONTEXT('2D SPACE',''
  ) );
#7550 = ORIENTED_EDGE('',*,*,#7455,.T.);
#7551 = ORIENTED_EDGE('',*,*,#2570,.F.);
#7552 = ORIENTED_EDGE('',*,*,#7553,.F.);
#7553 = EDGE_CURVE('',#7529,#2571,#7554,.T.);
#7554 = SURFACE_CURVE('',#7555,(#7559,#7566),.PCURVE_S1.);
#7555 = LINE('',#7556,#7557);
#7556 = CARTESIAN_POINT('',(2.970541401274,0.52101910828,2.761008928571)
  );
#7557 = VECTOR('',#7558,1.);
#7558 = DIRECTION('',(0.,0.,1.));
#7559 = PCURVE('',#2596,#7560);
#7560 = DEFINITIONAL_REPRESENTATION('',(#7561),#7565);
#7561 = LINE('',#7562,#7563);
#7562 = CARTESIAN_POINT('',(1.,0.));
#7563 = VECTOR('',#7564,1.);
#7564 = DIRECTION('',(0.,-1.));
#7565 = ( GEOMETRIC_REPRESENTATION_CONTEXT(2) 
PARAMETRIC_REPRESENTATION_CONTEXT() REPRESENTATION_CONTEXT('2D SPACE',''
  ) );
#7566 = PCURVE('',#2641,#7567);
#7567 = DEFINITIONAL_REPRESENTATION('',(#7568),#7572);
#7568 = LINE('',#7569,#7570);
#7569 = CARTESIAN_POINT('',(0.,0.));
#7570 = VECTOR('',#7571,1.);
#7571 = DIRECTION('',(0.,-1.));
#7572 = ( GEOMETRIC_REPRESENTATION_CONTEXT(2) 
PARAMETRIC_REPRESENTATION_CONTEXT() REPRESENTATION_CONTEXT('2D SPACE',''
  ) );
#7573 = ADVANCED_FACE('',(#7574),#2846,.F.);
#7574 = FACE_BOUND('',#7575,.F.);
#7575 = EDGE_LOOP('',(#7576,#7599,#7620,#7621));
#7576 = ORIENTED_EDGE('',*,*,#7577,.F.);
#7577 = EDGE_CURVE('',#7578,#7480,#7580,.T.);
#7578 = VERTEX_POINT('',#7579);
#7579 = CARTESIAN_POINT('',(3.067356687898,0.589808917197,2.761008928571
    ));
#7580 = SURFACE_CURVE('',#7581,(#7585,#7592),.PCURVE_S1.);
#7581 = B_SPLINE_CURVE_WITH_KNOTS('',2,(#7582,#7583,#7584),
  .UNSPECIFIED.,.F.,.F.,(3,3),(0.,1.),.PIECEWISE_BEZIER_KNOTS.);
#7582 = CARTESIAN_POINT('',(3.067356687898,0.589808917197,2.761008928571
    ));
#7583 = CARTESIAN_POINT('',(3.153343949045,0.463694267516,2.761008928571
    ));
#7584 = CARTESIAN_POINT('',(3.153343949045,0.324840764331,2.761008928571
    ));
#7585 = PCURVE('',#2846,#7586);
#7586 = DEFINITIONAL_REPRESENTATION('',(#7587),#7591);
#7587 = LINE('',#7588,#7589);
#7588 = CARTESIAN_POINT('',(0.,0.));
#7589 = VECTOR('',#7590,1.);
#7590 = DIRECTION('',(1.,0.));
#7591 = ( GEOMETRIC_REPRESENTATION_CONTEXT(2) 
PARAMETRIC_REPRESENTATION_CONTEXT() REPRESENTATION_CONTEXT('2D SPACE',''
  ) );
#7592 = PCURVE('',#6882,#7593);
#7593 = DEFINITIONAL_REPRESENTATION('',(#7594),#7598);
#7594 = B_SPLINE_CURVE_WITH_KNOTS('',2,(#7595,#7596,#7597),
  .UNSPECIFIED.,.F.,.F.,(3,3),(0.,1.),.PIECEWISE_BEZIER_KNOTS.);
#7595 = CARTESIAN_POINT('',(-0.233088452336,0.152043618263));
#7596 = CARTESIAN_POINT('',(-0.106973802655,0.23803087941));
#7597 = CARTESIAN_POINT('',(3.187970053018E-02,0.23803087941));
#7598 = ( GEOMETRIC_REPRESENTATION_CONTEXT(2) 
PARAMETRIC_REPRESENTATION_CONTEXT() REPRESENTATION_CONTEXT('2D SPACE',''
  ) );
#7599 = ORIENTED_EDGE('',*,*,#7600,.T.);
#7600 = EDGE_CURVE('',#7578,#2791,#7601,.T.);
#7601 = SURFACE_CURVE('',#7602,(#7606,#7613),.PCURVE_S1.);
#7602 = LINE('',#7603,#7604);
#7603 = CARTESIAN_POINT('',(3.067356687898,0.589808917197,2.761008928571
    ));
#7604 = VECTOR('',#7605,1.);
#7605 = DIRECTION('',(0.,0.,1.));
#7606 = PCURVE('',#2846,#7607);
#7607 = DEFINITIONAL_REPRESENTATION('',(#7608),#7612);
#7608 = LINE('',#7609,#7610);
#7609 = CARTESIAN_POINT('',(0.,0.));
#7610 = VECTOR('',#7611,1.);
#7611 = DIRECTION('',(0.,-1.));
#7612 = ( GEOMETRIC_REPRESENTATION_CONTEXT(2) 
PARAMETRIC_REPRESENTATION_CONTEXT() REPRESENTATION_CONTEXT('2D SPACE',''
  ) );
#7613 = PCURVE('',#2805,#7614);
#7614 = DEFINITIONAL_REPRESENTATION('',(#7615),#7619);
#7615 = LINE('',#7616,#7617);
#7616 = CARTESIAN_POINT('',(0.378994272632,0.));
#7617 = VECTOR('',#7618,1.);
#7618 = DIRECTION('',(0.,-1.));
#7619 = ( GEOMETRIC_REPRESENTATION_CONTEXT(2) 
PARAMETRIC_REPRESENTATION_CONTEXT() REPRESENTATION_CONTEXT('2D SPACE',''
  ) );
#7620 = ORIENTED_EDGE('',*,*,#2816,.F.);
#7621 = ORIENTED_EDGE('',*,*,#7502,.F.);
#7622 = ADVANCED_FACE('',(#7623),#2641,.F.);
#7623 = FACE_BOUND('',#7624,.F.);
#7624 = EDGE_LOOP('',(#7625,#7648,#7649,#7650));
#7625 = ORIENTED_EDGE('',*,*,#7626,.F.);
#7626 = EDGE_CURVE('',#7529,#7627,#7629,.T.);
#7627 = VERTEX_POINT('',#7628);
#7628 = CARTESIAN_POINT('',(2.867993630573,0.626114649682,2.761008928571
    ));
#7629 = SURFACE_CURVE('',#7630,(#7634,#7641),.PCURVE_S1.);
#7630 = B_SPLINE_CURVE_WITH_KNOTS('',2,(#7631,#7632,#7633),
  .UNSPECIFIED.,.F.,.F.,(3,3),(0.,1.),.PIECEWISE_BEZIER_KNOTS.);
#7631 = CARTESIAN_POINT('',(2.970541401274,0.52101910828,2.761008928571)
  );
#7632 = CARTESIAN_POINT('',(2.931050955414,0.587898089172,2.761008928571
    ));
#7633 = CARTESIAN_POINT('',(2.867993630573,0.626114649682,2.761008928571
    ));
#7634 = PCURVE('',#2641,#7635);
#7635 = DEFINITIONAL_REPRESENTATION('',(#7636),#7640);
#7636 = LINE('',#7637,#7638);
#7637 = CARTESIAN_POINT('',(0.,0.));
#7638 = VECTOR('',#7639,1.);
#7639 = DIRECTION('',(1.,0.));
#7640 = ( GEOMETRIC_REPRESENTATION_CONTEXT(2) 
PARAMETRIC_REPRESENTATION_CONTEXT() REPRESENTATION_CONTEXT('2D SPACE',''
  ) );
#7641 = PCURVE('',#6882,#7642);
#7642 = DEFINITIONAL_REPRESENTATION('',(#7643),#7647);
#7643 = B_SPLINE_CURVE_WITH_KNOTS('',2,(#7644,#7645,#7646),
  .UNSPECIFIED.,.F.,.F.,(3,3),(0.,1.),.PIECEWISE_BEZIER_KNOTS.);
#7644 = CARTESIAN_POINT('',(-0.164298643419,5.522833163929E-02));
#7645 = CARTESIAN_POINT('',(-0.231177624311,1.573788577942E-02));
#7646 = CARTESIAN_POINT('',(-0.26939418482,-4.731943906134E-02));
#7647 = ( GEOMETRIC_REPRESENTATION_CONTEXT(2) 
PARAMETRIC_REPRESENTATION_CONTEXT() REPRESENTATION_CONTEXT('2D SPACE',''
  ) );
#7648 = ORIENTED_EDGE('',*,*,#7553,.T.);
#7649 = ORIENTED_EDGE('',*,*,#2615,.F.);
#7650 = ORIENTED_EDGE('',*,*,#7651,.F.);
#7651 = EDGE_CURVE('',#7627,#2616,#7652,.T.);
#7652 = SURFACE_CURVE('',#7653,(#7657,#7664),.PCURVE_S1.);
#7653 = LINE('',#7654,#7655);
#7654 = CARTESIAN_POINT('',(2.867993630573,0.626114649682,2.761008928571
    ));
#7655 = VECTOR('',#7656,1.);
#7656 = DIRECTION('',(0.,0.,1.));
#7657 = PCURVE('',#2641,#7658);
#7658 = DEFINITIONAL_REPRESENTATION('',(#7659),#7663);
#7659 = LINE('',#7660,#7661);
#7660 = CARTESIAN_POINT('',(1.,0.));
#7661 = VECTOR('',#7662,1.);
#7662 = DIRECTION('',(0.,-1.));
#7663 = ( GEOMETRIC_REPRESENTATION_CONTEXT(2) 
PARAMETRIC_REPRESENTATION_CONTEXT() REPRESENTATION_CONTEXT('2D SPACE',''
  ) );
#7664 = PCURVE('',#2675,#7665);
#7665 = DEFINITIONAL_REPRESENTATION('',(#7666),#7670);
#7666 = LINE('',#7667,#7668);
#7667 = CARTESIAN_POINT('',(0.,0.));
#7668 = VECTOR('',#7669,1.);
#7669 = DIRECTION('',(0.,-1.));
#7670 = ( GEOMETRIC_REPRESENTATION_CONTEXT(2) 
PARAMETRIC_REPRESENTATION_CONTEXT() REPRESENTATION_CONTEXT('2D SPACE',''
  ) );
#7671 = ADVANCED_FACE('',(#7672),#2805,.F.);
#7672 = FACE_BOUND('',#7673,.F.);
#7673 = EDGE_LOOP('',(#7674,#7697,#7718,#7719));
#7674 = ORIENTED_EDGE('',*,*,#7675,.F.);
#7675 = EDGE_CURVE('',#7676,#7578,#7678,.T.);
#7676 = VERTEX_POINT('',#7677);
#7677 = CARTESIAN_POINT('',(3.438694267516,0.514012738854,2.761008928571
    ));
#7678 = SURFACE_CURVE('',#7679,(#7683,#7690),.PCURVE_S1.);
#7679 = LINE('',#7680,#7681);
#7680 = CARTESIAN_POINT('',(3.438694267516,0.514012738854,2.761008928571
    ));
#7681 = VECTOR('',#7682,1.);
#7682 = DIRECTION('',(-0.979797338463,0.199992938726,0.));
#7683 = PCURVE('',#2805,#7684);
#7684 = DEFINITIONAL_REPRESENTATION('',(#7685),#7689);
#7685 = LINE('',#7686,#7687);
#7686 = CARTESIAN_POINT('',(0.,0.));
#7687 = VECTOR('',#7688,1.);
#7688 = DIRECTION('',(1.,0.));
#7689 = ( GEOMETRIC_REPRESENTATION_CONTEXT(2) 
PARAMETRIC_REPRESENTATION_CONTEXT() REPRESENTATION_CONTEXT('2D SPACE',''
  ) );
#7690 = PCURVE('',#6882,#7691);
#7691 = DEFINITIONAL_REPRESENTATION('',(#7692),#7696);
#7692 = LINE('',#7693,#7694);
#7693 = CARTESIAN_POINT('',(-0.157292273992,0.523381197881));
#7694 = VECTOR('',#7695,1.);
#7695 = DIRECTION('',(-0.199992938726,-0.979797338463));
#7696 = ( GEOMETRIC_REPRESENTATION_CONTEXT(2) 
PARAMETRIC_REPRESENTATION_CONTEXT() REPRESENTATION_CONTEXT('2D SPACE',''
  ) );
#7697 = ORIENTED_EDGE('',*,*,#7698,.T.);
#7698 = EDGE_CURVE('',#7676,#2765,#7699,.T.);
#7699 = SURFACE_CURVE('',#7700,(#7704,#7711),.PCURVE_S1.);
#7700 = LINE('',#7701,#7702);
#7701 = CARTESIAN_POINT('',(3.438694267516,0.514012738854,2.761008928571
    ));
#7702 = VECTOR('',#7703,1.);
#7703 = DIRECTION('',(0.,0.,1.));
#7704 = PCURVE('',#2805,#7705);
#7705 = DEFINITIONAL_REPRESENTATION('',(#7706),#7710);
#7706 = LINE('',#7707,#7708);
#7707 = CARTESIAN_POINT('',(0.,0.));
#7708 = VECTOR('',#7709,1.);
#7709 = DIRECTION('',(0.,-1.));
#7710 = ( GEOMETRIC_REPRESENTATION_CONTEXT(2) 
PARAMETRIC_REPRESENTATION_CONTEXT() REPRESENTATION_CONTEXT('2D SPACE',''
  ) );
#7711 = PCURVE('',#2779,#7712);
#7712 = DEFINITIONAL_REPRESENTATION('',(#7713),#7717);
#7713 = LINE('',#7714,#7715);
#7714 = CARTESIAN_POINT('',(0.558598726115,0.));
#7715 = VECTOR('',#7716,1.);
#7716 = DIRECTION('',(0.,-1.));
#7717 = ( GEOMETRIC_REPRESENTATION_CONTEXT(2) 
PARAMETRIC_REPRESENTATION_CONTEXT() REPRESENTATION_CONTEXT('2D SPACE',''
  ) );
#7718 = ORIENTED_EDGE('',*,*,#2790,.F.);
#7719 = ORIENTED_EDGE('',*,*,#7600,.F.);
#7720 = ADVANCED_FACE('',(#7721),#2675,.F.);
#7721 = FACE_BOUND('',#7722,.F.);
#7722 = EDGE_LOOP('',(#7723,#7746,#7747,#7748));
#7723 = ORIENTED_EDGE('',*,*,#7724,.F.);
#7724 = EDGE_CURVE('',#7627,#7725,#7727,.T.);
#7725 = VERTEX_POINT('',#7726);
#7726 = CARTESIAN_POINT('',(2.889012738854,0.787261146497,2.761008928571
    ));
#7727 = SURFACE_CURVE('',#7728,(#7732,#7739),.PCURVE_S1.);
#7728 = LINE('',#7729,#7730);
#7729 = CARTESIAN_POINT('',(2.867993630573,0.626114649682,2.761008928571
    ));
#7730 = VECTOR('',#7731,1.);
#7731 = DIRECTION('',(0.129339184068,0.991600411186,0.));
#7732 = PCURVE('',#2675,#7733);
#7733 = DEFINITIONAL_REPRESENTATION('',(#7734),#7738);
#7734 = LINE('',#7735,#7736);
#7735 = CARTESIAN_POINT('',(0.,0.));
#7736 = VECTOR('',#7737,1.);
#7737 = DIRECTION('',(1.,0.));
#7738 = ( GEOMETRIC_REPRESENTATION_CONTEXT(2) 
PARAMETRIC_REPRESENTATION_CONTEXT() REPRESENTATION_CONTEXT('2D SPACE',''
  ) );
#7739 = PCURVE('',#6882,#7740);
#7740 = DEFINITIONAL_REPRESENTATION('',(#7741),#7745);
#7741 = LINE('',#7742,#7743);
#7742 = CARTESIAN_POINT('',(-0.26939418482,-4.731943906134E-02));
#7743 = VECTOR('',#7744,1.);
#7744 = DIRECTION('',(-0.991600411186,0.129339184068));
#7745 = ( GEOMETRIC_REPRESENTATION_CONTEXT(2) 
PARAMETRIC_REPRESENTATION_CONTEXT() REPRESENTATION_CONTEXT('2D SPACE',''
  ) );
#7746 = ORIENTED_EDGE('',*,*,#7651,.T.);
#7747 = ORIENTED_EDGE('',*,*,#2660,.F.);
#7748 = ORIENTED_EDGE('',*,*,#7749,.F.);
#7749 = EDGE_CURVE('',#7725,#2661,#7750,.T.);
#7750 = SURFACE_CURVE('',#7751,(#7755,#7762),.PCURVE_S1.);
#7751 = LINE('',#7752,#7753);
#7752 = CARTESIAN_POINT('',(2.889012738854,0.787261146497,2.761008928571
    ));
#7753 = VECTOR('',#7754,1.);
#7754 = DIRECTION('',(0.,0.,1.));
#7755 = PCURVE('',#2675,#7756);
#7756 = DEFINITIONAL_REPRESENTATION('',(#7757),#7761);
#7757 = LINE('',#7758,#7759);
#7758 = CARTESIAN_POINT('',(0.162511526818,0.));
#7759 = VECTOR('',#7760,1.);
#7760 = DIRECTION('',(0.,-1.));
#7761 = ( GEOMETRIC_REPRESENTATION_CONTEXT(2) 
PARAMETRIC_REPRESENTATION_CONTEXT() REPRESENTATION_CONTEXT('2D SPACE',''
  ) );
#7762 = PCURVE('',#2701,#7763);
#7763 = DEFINITIONAL_REPRESENTATION('',(#7764),#7768);
#7764 = LINE('',#7765,#7766);
#7765 = CARTESIAN_POINT('',(0.,0.));
#7766 = VECTOR('',#7767,1.);
#7767 = DIRECTION('',(0.,-1.));
#7768 = ( GEOMETRIC_REPRESENTATION_CONTEXT(2) 
PARAMETRIC_REPRESENTATION_CONTEXT() REPRESENTATION_CONTEXT('2D SPACE',''
  ) );
#7769 = ADVANCED_FACE('',(#7770),#2779,.F.);
#7770 = FACE_BOUND('',#7771,.F.);
#7771 = EDGE_LOOP('',(#7772,#7795,#7816,#7817));
#7772 = ORIENTED_EDGE('',*,*,#7773,.F.);
#7773 = EDGE_CURVE('',#7774,#7676,#7776,.T.);
#7774 = VERTEX_POINT('',#7775);
#7775 = CARTESIAN_POINT('',(3.438694267516,-4.458598726115E-02,
    2.761008928571));
#7776 = SURFACE_CURVE('',#7777,(#7781,#7788),.PCURVE_S1.);
#7777 = LINE('',#7778,#7779);
#7778 = CARTESIAN_POINT('',(3.438694267516,-4.458598726115E-02,
    2.761008928571));
#7779 = VECTOR('',#7780,1.);
#7780 = DIRECTION('',(-2.22044604925E-16,1.,0.));
#7781 = PCURVE('',#2779,#7782);
#7782 = DEFINITIONAL_REPRESENTATION('',(#7783),#7787);
#7783 = LINE('',#7784,#7785);
#7784 = CARTESIAN_POINT('',(0.,0.));
#7785 = VECTOR('',#7786,1.);
#7786 = DIRECTION('',(1.,0.));
#7787 = ( GEOMETRIC_REPRESENTATION_CONTEXT(2) 
PARAMETRIC_REPRESENTATION_CONTEXT() REPRESENTATION_CONTEXT('2D SPACE',''
  ) );
#7788 = PCURVE('',#6882,#7789);
#7789 = DEFINITIONAL_REPRESENTATION('',(#7790),#7794);
#7790 = LINE('',#7791,#7792);
#7791 = CARTESIAN_POINT('',(0.401306452123,0.523381197881));
#7792 = VECTOR('',#7793,1.);
#7793 = DIRECTION('',(-1.,0.));
#7794 = ( GEOMETRIC_REPRESENTATION_CONTEXT(2) 
PARAMETRIC_REPRESENTATION_CONTEXT() REPRESENTATION_CONTEXT('2D SPACE',''
  ) );
#7795 = ORIENTED_EDGE('',*,*,#7796,.T.);
#7796 = EDGE_CURVE('',#7774,#2739,#7797,.T.);
#7797 = SURFACE_CURVE('',#7798,(#7802,#7809),.PCURVE_S1.);
#7798 = LINE('',#7799,#7800);
#7799 = CARTESIAN_POINT('',(3.438694267516,-4.458598726115E-02,
    2.761008928571));
#7800 = VECTOR('',#7801,1.);
#7801 = DIRECTION('',(0.,0.,1.));
#7802 = PCURVE('',#2779,#7803);
#7803 = DEFINITIONAL_REPRESENTATION('',(#7804),#7808);
#7804 = LINE('',#7805,#7806);
#7805 = CARTESIAN_POINT('',(0.,0.));
#7806 = VECTOR('',#7807,1.);
#7807 = DIRECTION('',(0.,-1.));
#7808 = ( GEOMETRIC_REPRESENTATION_CONTEXT(2) 
PARAMETRIC_REPRESENTATION_CONTEXT() REPRESENTATION_CONTEXT('2D SPACE',''
  ) );
#7809 = PCURVE('',#2753,#7810);
#7810 = DEFINITIONAL_REPRESENTATION('',(#7811),#7815);
#7811 = LINE('',#7812,#7813);
#7812 = CARTESIAN_POINT('',(0.163057324841,0.));
#7813 = VECTOR('',#7814,1.);
#7814 = DIRECTION('',(0.,-1.));
#7815 = ( GEOMETRIC_REPRESENTATION_CONTEXT(2) 
PARAMETRIC_REPRESENTATION_CONTEXT() REPRESENTATION_CONTEXT('2D SPACE',''
  ) );
#7816 = ORIENTED_EDGE('',*,*,#2764,.F.);
#7817 = ORIENTED_EDGE('',*,*,#7698,.F.);
#7818 = ADVANCED_FACE('',(#7819),#2701,.F.);
#7819 = FACE_BOUND('',#7820,.F.);
#7820 = EDGE_LOOP('',(#7821,#7844,#7845,#7846));
#7821 = ORIENTED_EDGE('',*,*,#7822,.F.);
#7822 = EDGE_CURVE('',#7725,#7823,#7825,.T.);
#7823 = VERTEX_POINT('',#7824);
#7824 = CARTESIAN_POINT('',(3.601751592357,0.651592356688,2.761008928571
    ));
#7825 = SURFACE_CURVE('',#7826,(#7830,#7837),.PCURVE_S1.);
#7826 = LINE('',#7827,#7828);
#7827 = CARTESIAN_POINT('',(2.889012738854,0.787261146497,2.761008928571
    ));
#7828 = VECTOR('',#7829,1.);
#7829 = DIRECTION('',(0.982361610847,-0.186991084102,0.));
#7830 = PCURVE('',#2701,#7831);
#7831 = DEFINITIONAL_REPRESENTATION('',(#7832),#7836);
#7832 = LINE('',#7833,#7834);
#7833 = CARTESIAN_POINT('',(0.,0.));
#7834 = VECTOR('',#7835,1.);
#7835 = DIRECTION('',(1.,0.));
#7836 = ( GEOMETRIC_REPRESENTATION_CONTEXT(2) 
PARAMETRIC_REPRESENTATION_CONTEXT() REPRESENTATION_CONTEXT('2D SPACE',''
  ) );
#7837 = PCURVE('',#6882,#7838);
#7838 = DEFINITIONAL_REPRESENTATION('',(#7839),#7843);
#7839 = LINE('',#7840,#7841);
#7840 = CARTESIAN_POINT('',(-0.430540681635,-2.630033078109E-02));
#7841 = VECTOR('',#7842,1.);
#7842 = DIRECTION('',(0.186991084102,0.982361610847));
#7843 = ( GEOMETRIC_REPRESENTATION_CONTEXT(2) 
PARAMETRIC_REPRESENTATION_CONTEXT() REPRESENTATION_CONTEXT('2D SPACE',''
  ) );
#7844 = ORIENTED_EDGE('',*,*,#7749,.T.);
#7845 = ORIENTED_EDGE('',*,*,#2686,.F.);
#7846 = ORIENTED_EDGE('',*,*,#7847,.F.);
#7847 = EDGE_CURVE('',#7823,#2687,#7848,.T.);
#7848 = SURFACE_CURVE('',#7849,(#7853,#7860),.PCURVE_S1.);
#7849 = LINE('',#7850,#7851);
#7850 = CARTESIAN_POINT('',(3.601751592357,0.651592356688,2.761008928571
    ));
#7851 = VECTOR('',#7852,1.);
#7852 = DIRECTION('',(0.,0.,1.));
#7853 = PCURVE('',#2701,#7854);
#7854 = DEFINITIONAL_REPRESENTATION('',(#7855),#7859);
#7855 = LINE('',#7856,#7857);
#7856 = CARTESIAN_POINT('',(0.725536142326,0.));
#7857 = VECTOR('',#7858,1.);
#7858 = DIRECTION('',(0.,-1.));
#7859 = ( GEOMETRIC_REPRESENTATION_CONTEXT(2) 
PARAMETRIC_REPRESENTATION_CONTEXT() REPRESENTATION_CONTEXT('2D SPACE',''
  ) );
#7860 = PCURVE('',#2727,#7861);
#7861 = DEFINITIONAL_REPRESENTATION('',(#7862),#7866);
#7862 = LINE('',#7863,#7864);
#7863 = CARTESIAN_POINT('',(0.,0.));
#7864 = VECTOR('',#7865,1.);
#7865 = DIRECTION('',(0.,-1.));
#7866 = ( GEOMETRIC_REPRESENTATION_CONTEXT(2) 
PARAMETRIC_REPRESENTATION_CONTEXT() REPRESENTATION_CONTEXT('2D SPACE',''
  ) );
#7867 = ADVANCED_FACE('',(#7868),#2753,.F.);
#7868 = FACE_BOUND('',#7869,.F.);
#7869 = EDGE_LOOP('',(#7870,#7893,#7914,#7915));
#7870 = ORIENTED_EDGE('',*,*,#7871,.F.);
#7871 = EDGE_CURVE('',#7872,#7774,#7874,.T.);
#7872 = VERTEX_POINT('',#7873);
#7873 = CARTESIAN_POINT('',(3.601751592357,-4.458598726115E-02,
    2.761008928571));
#7874 = SURFACE_CURVE('',#7875,(#7879,#7886),.PCURVE_S1.);
#7875 = LINE('',#7876,#7877);
#7876 = CARTESIAN_POINT('',(3.601751592357,-4.458598726115E-02,
    2.761008928571));
#7877 = VECTOR('',#7878,1.);
#7878 = DIRECTION('',(-1.,-2.22044604925E-16,0.));
#7879 = PCURVE('',#2753,#7880);
#7880 = DEFINITIONAL_REPRESENTATION('',(#7881),#7885);
#7881 = LINE('',#7882,#7883);
#7882 = CARTESIAN_POINT('',(0.,0.));
#7883 = VECTOR('',#7884,1.);
#7884 = DIRECTION('',(1.,0.));
#7885 = ( GEOMETRIC_REPRESENTATION_CONTEXT(2) 
PARAMETRIC_REPRESENTATION_CONTEXT() REPRESENTATION_CONTEXT('2D SPACE',''
  ) );
#7886 = PCURVE('',#6882,#7887);
#7887 = DEFINITIONAL_REPRESENTATION('',(#7888),#7892);
#7888 = LINE('',#7889,#7890);
#7889 = CARTESIAN_POINT('',(0.401306452123,0.686438522722));
#7890 = VECTOR('',#7891,1.);
#7891 = DIRECTION('',(0.,-1.));
#7892 = ( GEOMETRIC_REPRESENTATION_CONTEXT(2) 
PARAMETRIC_REPRESENTATION_CONTEXT() REPRESENTATION_CONTEXT('2D SPACE',''
  ) );
#7893 = ORIENTED_EDGE('',*,*,#7894,.T.);
#7894 = EDGE_CURVE('',#7872,#2713,#7895,.T.);
#7895 = SURFACE_CURVE('',#7896,(#7900,#7907),.PCURVE_S1.);
#7896 = LINE('',#7897,#7898);
#7897 = CARTESIAN_POINT('',(3.601751592357,-4.458598726115E-02,
    2.761008928571));
#7898 = VECTOR('',#7899,1.);
#7899 = DIRECTION('',(0.,0.,1.));
#7900 = PCURVE('',#2753,#7901);
#7901 = DEFINITIONAL_REPRESENTATION('',(#7902),#7906);
#7902 = LINE('',#7903,#7904);
#7903 = CARTESIAN_POINT('',(0.,0.));
#7904 = VECTOR('',#7905,1.);
#7905 = DIRECTION('',(0.,-1.));
#7906 = ( GEOMETRIC_REPRESENTATION_CONTEXT(2) 
PARAMETRIC_REPRESENTATION_CONTEXT() REPRESENTATION_CONTEXT('2D SPACE',''
  ) );
#7907 = PCURVE('',#2727,#7908);
#7908 = DEFINITIONAL_REPRESENTATION('',(#7909),#7913);
#7909 = LINE('',#7910,#7911);
#7910 = CARTESIAN_POINT('',(0.696178343949,0.));
#7911 = VECTOR('',#7912,1.);
#7912 = DIRECTION('',(0.,-1.));
#7913 = ( GEOMETRIC_REPRESENTATION_CONTEXT(2) 
PARAMETRIC_REPRESENTATION_CONTEXT() REPRESENTATION_CONTEXT('2D SPACE',''
  ) );
#7914 = ORIENTED_EDGE('',*,*,#2738,.F.);
#7915 = ORIENTED_EDGE('',*,*,#7796,.F.);
#7916 = ADVANCED_FACE('',(#7917),#2727,.F.);
#7917 = FACE_BOUND('',#7918,.F.);
#7918 = EDGE_LOOP('',(#7919,#7940,#7941,#7942));
#7919 = ORIENTED_EDGE('',*,*,#7920,.F.);
#7920 = EDGE_CURVE('',#7823,#7872,#7921,.T.);
#7921 = SURFACE_CURVE('',#7922,(#7926,#7933),.PCURVE_S1.);
#7922 = LINE('',#7923,#7924);
#7923 = CARTESIAN_POINT('',(3.601751592357,0.651592356688,2.761008928571
    ));
#7924 = VECTOR('',#7925,1.);
#7925 = DIRECTION('',(2.22044604925E-16,-1.,0.));
#7926 = PCURVE('',#2727,#7927);
#7927 = DEFINITIONAL_REPRESENTATION('',(#7928),#7932);
#7928 = LINE('',#7929,#7930);
#7929 = CARTESIAN_POINT('',(0.,0.));
#7930 = VECTOR('',#7931,1.);
#7931 = DIRECTION('',(1.,0.));
#7932 = ( GEOMETRIC_REPRESENTATION_CONTEXT(2) 
PARAMETRIC_REPRESENTATION_CONTEXT() REPRESENTATION_CONTEXT('2D SPACE',''
  ) );
#7933 = PCURVE('',#6882,#7934);
#7934 = DEFINITIONAL_REPRESENTATION('',(#7935),#7939);
#7935 = LINE('',#7936,#7937);
#7936 = CARTESIAN_POINT('',(-0.294871891827,0.686438522722));
#7937 = VECTOR('',#7938,1.);
#7938 = DIRECTION('',(1.,0.));
#7939 = ( GEOMETRIC_REPRESENTATION_CONTEXT(2) 
PARAMETRIC_REPRESENTATION_CONTEXT() REPRESENTATION_CONTEXT('2D SPACE',''
  ) );
#7940 = ORIENTED_EDGE('',*,*,#7847,.T.);
#7941 = ORIENTED_EDGE('',*,*,#2712,.F.);
#7942 = ORIENTED_EDGE('',*,*,#7894,.F.);
#7943 = ADVANCED_FACE('',(#7944),#3190,.F.);
#7944 = FACE_BOUND('',#7945,.F.);
#7945 = EDGE_LOOP('',(#7946,#7976,#7997,#7998));
#7946 = ORIENTED_EDGE('',*,*,#7947,.F.);
#7947 = EDGE_CURVE('',#7948,#7950,#7952,.T.);
#7948 = VERTEX_POINT('',#7949);
#7949 = CARTESIAN_POINT('',(2.338057324841,1.014649681529,2.761008928571
    ));
#7950 = VERTEX_POINT('',#7951);
#7951 = CARTESIAN_POINT('',(2.175,1.014649681529,2.761008928571));
#7952 = SURFACE_CURVE('',#7953,(#7957,#7964),.PCURVE_S1.);
#7953 = LINE('',#7954,#7955);
#7954 = CARTESIAN_POINT('',(2.338057324841,1.014649681529,2.761008928571
    ));
#7955 = VECTOR('',#7956,1.);
#7956 = DIRECTION('',(-1.,-2.22044604925E-16,0.));
#7957 = PCURVE('',#3190,#7958);
#7958 = DEFINITIONAL_REPRESENTATION('',(#7959),#7963);
#7959 = LINE('',#7960,#7961);
#7960 = CARTESIAN_POINT('',(0.,0.));
#7961 = VECTOR('',#7962,1.);
#7962 = DIRECTION('',(1.,0.));
#7963 = ( GEOMETRIC_REPRESENTATION_CONTEXT(2) 
PARAMETRIC_REPRESENTATION_CONTEXT() REPRESENTATION_CONTEXT('2D SPACE',''
  ) );
#7964 = PCURVE('',#7965,#7970);
#7965 = PLANE('',#7966);
#7966 = AXIS2_PLACEMENT_3D('',#7967,#7968,#7969);
#7967 = CARTESIAN_POINT('',(2.838262993474,1.452377443521,2.761008928571
    ));
#7968 = DIRECTION('',(0.,0.,1.));
#7969 = DIRECTION('',(2.22044604925E-16,-1.,0.));
#7970 = DEFINITIONAL_REPRESENTATION('',(#7971),#7975);
#7971 = LINE('',#7972,#7973);
#7972 = CARTESIAN_POINT('',(0.437727761992,-0.500205668633));
#7973 = VECTOR('',#7974,1.);
#7974 = DIRECTION('',(0.,-1.));
#7975 = ( GEOMETRIC_REPRESENTATION_CONTEXT(2) 
PARAMETRIC_REPRESENTATION_CONTEXT() REPRESENTATION_CONTEXT('2D SPACE',''
  ) );
#7976 = ORIENTED_EDGE('',*,*,#7977,.T.);
#7977 = EDGE_CURVE('',#7948,#3176,#7978,.T.);
#7978 = SURFACE_CURVE('',#7979,(#7983,#7990),.PCURVE_S1.);
#7979 = LINE('',#7980,#7981);
#7980 = CARTESIAN_POINT('',(2.338057324841,1.014649681529,2.761008928571
    ));
#7981 = VECTOR('',#7982,1.);
#7982 = DIRECTION('',(0.,0.,1.));
#7983 = PCURVE('',#3190,#7984);
#7984 = DEFINITIONAL_REPRESENTATION('',(#7985),#7989);
#7985 = LINE('',#7986,#7987);
#7986 = CARTESIAN_POINT('',(0.,0.));
#7987 = VECTOR('',#7988,1.);
#7988 = DIRECTION('',(0.,-1.));
#7989 = ( GEOMETRIC_REPRESENTATION_CONTEXT(2) 
PARAMETRIC_REPRESENTATION_CONTEXT() REPRESENTATION_CONTEXT('2D SPACE',''
  ) );
#7990 = PCURVE('',#4046,#7991);
#7991 = DEFINITIONAL_REPRESENTATION('',(#7992),#7996);
#7992 = LINE('',#7993,#7994);
#7993 = CARTESIAN_POINT('',(0.687261146497,0.));
#7994 = VECTOR('',#7995,1.);
#7995 = DIRECTION('',(0.,-1.));
#7996 = ( GEOMETRIC_REPRESENTATION_CONTEXT(2) 
PARAMETRIC_REPRESENTATION_CONTEXT() REPRESENTATION_CONTEXT('2D SPACE',''
  ) );
#7997 = ORIENTED_EDGE('',*,*,#3173,.F.);
#7998 = ORIENTED_EDGE('',*,*,#7999,.F.);
#7999 = EDGE_CURVE('',#7950,#3174,#8000,.T.);
#8000 = SURFACE_CURVE('',#8001,(#8005,#8012),.PCURVE_S1.);
#8001 = LINE('',#8002,#8003);
#8002 = CARTESIAN_POINT('',(2.175,1.014649681529,2.761008928571));
#8003 = VECTOR('',#8004,1.);
#8004 = DIRECTION('',(0.,0.,1.));
#8005 = PCURVE('',#3190,#8006);
#8006 = DEFINITIONAL_REPRESENTATION('',(#8007),#8011);
#8007 = LINE('',#8008,#8009);
#8008 = CARTESIAN_POINT('',(0.163057324841,-0.));
#8009 = VECTOR('',#8010,1.);
#8010 = DIRECTION('',(0.,-1.));
#8011 = ( GEOMETRIC_REPRESENTATION_CONTEXT(2) 
PARAMETRIC_REPRESENTATION_CONTEXT() REPRESENTATION_CONTEXT('2D SPACE',''
  ) );
#8012 = PCURVE('',#3216,#8013);
#8013 = DEFINITIONAL_REPRESENTATION('',(#8014),#8018);
#8014 = LINE('',#8015,#8016);
#8015 = CARTESIAN_POINT('',(0.,0.));
#8016 = VECTOR('',#8017,1.);
#8017 = DIRECTION('',(0.,-1.));
#8018 = ( GEOMETRIC_REPRESENTATION_CONTEXT(2) 
PARAMETRIC_REPRESENTATION_CONTEXT() REPRESENTATION_CONTEXT('2D SPACE',''
  ) );
#8019 = ADVANCED_FACE('',(#8020),#3216,.F.);
#8020 = FACE_BOUND('',#8021,.F.);
#8021 = EDGE_LOOP('',(#8022,#8045,#8046,#8047));
#8022 = ORIENTED_EDGE('',*,*,#8023,.F.);
#8023 = EDGE_CURVE('',#7950,#8024,#8026,.T.);
#8024 = VERTEX_POINT('',#8025);
#8025 = CARTESIAN_POINT('',(2.175,1.94076433121,2.761008928571));
#8026 = SURFACE_CURVE('',#8027,(#8031,#8038),.PCURVE_S1.);
#8027 = LINE('',#8028,#8029);
#8028 = CARTESIAN_POINT('',(2.175,1.014649681529,2.761008928571));
#8029 = VECTOR('',#8030,1.);
#8030 = DIRECTION('',(-2.22044604925E-16,1.,0.));
#8031 = PCURVE('',#3216,#8032);
#8032 = DEFINITIONAL_REPRESENTATION('',(#8033),#8037);
#8033 = LINE('',#8034,#8035);
#8034 = CARTESIAN_POINT('',(0.,0.));
#8035 = VECTOR('',#8036,1.);
#8036 = DIRECTION('',(1.,0.));
#8037 = ( GEOMETRIC_REPRESENTATION_CONTEXT(2) 
PARAMETRIC_REPRESENTATION_CONTEXT() REPRESENTATION_CONTEXT('2D SPACE',''
  ) );
#8038 = PCURVE('',#7965,#8039);
#8039 = DEFINITIONAL_REPRESENTATION('',(#8040),#8044);
#8040 = LINE('',#8041,#8042);
#8041 = CARTESIAN_POINT('',(0.437727761992,-0.663262993474));
#8042 = VECTOR('',#8043,1.);
#8043 = DIRECTION('',(-1.,0.));
#8044 = ( GEOMETRIC_REPRESENTATION_CONTEXT(2) 
PARAMETRIC_REPRESENTATION_CONTEXT() REPRESENTATION_CONTEXT('2D SPACE',''
  ) );
#8045 = ORIENTED_EDGE('',*,*,#7999,.T.);
#8046 = ORIENTED_EDGE('',*,*,#3201,.F.);
#8047 = ORIENTED_EDGE('',*,*,#8048,.F.);
#8048 = EDGE_CURVE('',#8024,#3202,#8049,.T.);
#8049 = SURFACE_CURVE('',#8050,(#8054,#8061),.PCURVE_S1.);
#8050 = LINE('',#8051,#8052);
#8051 = CARTESIAN_POINT('',(2.175,1.94076433121,2.761008928571));
#8052 = VECTOR('',#8053,1.);
#8053 = DIRECTION('',(0.,0.,1.));
#8054 = PCURVE('',#3216,#8055);
#8055 = DEFINITIONAL_REPRESENTATION('',(#8056),#8060);
#8056 = LINE('',#8057,#8058);
#8057 = CARTESIAN_POINT('',(0.926114649682,0.));
#8058 = VECTOR('',#8059,1.);
#8059 = DIRECTION('',(0.,-1.));
#8060 = ( GEOMETRIC_REPRESENTATION_CONTEXT(2) 
PARAMETRIC_REPRESENTATION_CONTEXT() REPRESENTATION_CONTEXT('2D SPACE',''
  ) );
#8061 = PCURVE('',#3253,#8062);
#8062 = DEFINITIONAL_REPRESENTATION('',(#8063),#8067);
#8063 = LINE('',#8064,#8065);
#8064 = CARTESIAN_POINT('',(0.,0.));
#8065 = VECTOR('',#8066,1.);
#8066 = DIRECTION('',(0.,-1.));
#8067 = ( GEOMETRIC_REPRESENTATION_CONTEXT(2) 
PARAMETRIC_REPRESENTATION_CONTEXT() REPRESENTATION_CONTEXT('2D SPACE',''
  ) );
#8068 = ADVANCED_FACE('',(#8069),#4046,.F.);
#8069 = FACE_BOUND('',#8070,.F.);
#8070 = EDGE_LOOP('',(#8071,#8094,#8115,#8116));
#8071 = ORIENTED_EDGE('',*,*,#8072,.F.);
#8072 = EDGE_CURVE('',#8073,#7948,#8075,.T.);
#8073 = VERTEX_POINT('',#8074);
#8074 = CARTESIAN_POINT('',(2.338057324841,1.701910828025,2.761008928571
    ));
#8075 = SURFACE_CURVE('',#8076,(#8080,#8087),.PCURVE_S1.);
#8076 = LINE('',#8077,#8078);
#8077 = CARTESIAN_POINT('',(2.338057324841,1.701910828025,2.761008928571
    ));
#8078 = VECTOR('',#8079,1.);
#8079 = DIRECTION('',(2.22044604925E-16,-1.,0.));
#8080 = PCURVE('',#4046,#8081);
#8081 = DEFINITIONAL_REPRESENTATION('',(#8082),#8086);
#8082 = LINE('',#8083,#8084);
#8083 = CARTESIAN_POINT('',(0.,0.));
#8084 = VECTOR('',#8085,1.);
#8085 = DIRECTION('',(1.,0.));
#8086 = ( GEOMETRIC_REPRESENTATION_CONTEXT(2) 
PARAMETRIC_REPRESENTATION_CONTEXT() REPRESENTATION_CONTEXT('2D SPACE',''
  ) );
#8087 = PCURVE('',#7965,#8088);
#8088 = DEFINITIONAL_REPRESENTATION('',(#8089),#8093);
#8089 = LINE('',#8090,#8091);
#8090 = CARTESIAN_POINT('',(-0.249533384505,-0.500205668633));
#8091 = VECTOR('',#8092,1.);
#8092 = DIRECTION('',(1.,0.));
#8093 = ( GEOMETRIC_REPRESENTATION_CONTEXT(2) 
PARAMETRIC_REPRESENTATION_CONTEXT() REPRESENTATION_CONTEXT('2D SPACE',''
  ) );
#8094 = ORIENTED_EDGE('',*,*,#8095,.T.);
#8095 = EDGE_CURVE('',#8073,#3998,#8096,.T.);
#8096 = SURFACE_CURVE('',#8097,(#8101,#8108),.PCURVE_S1.);
#8097 = LINE('',#8098,#8099);
#8098 = CARTESIAN_POINT('',(2.338057324841,1.701910828025,2.761008928571
    ));
#8099 = VECTOR('',#8100,1.);
#8100 = DIRECTION('',(0.,0.,1.));
#8101 = PCURVE('',#4046,#8102);
#8102 = DEFINITIONAL_REPRESENTATION('',(#8103),#8107);
#8103 = LINE('',#8104,#8105);
#8104 = CARTESIAN_POINT('',(0.,0.));
#8105 = VECTOR('',#8106,1.);
#8106 = DIRECTION('',(0.,-1.));
#8107 = ( GEOMETRIC_REPRESENTATION_CONTEXT(2) 
PARAMETRIC_REPRESENTATION_CONTEXT() REPRESENTATION_CONTEXT('2D SPACE',''
  ) );
#8108 = PCURVE('',#4017,#8109);
#8109 = DEFINITIONAL_REPRESENTATION('',(#8110),#8114);
#8110 = LINE('',#8111,#8112);
#8111 = CARTESIAN_POINT('',(1.,0.));
#8112 = VECTOR('',#8113,1.);
#8113 = DIRECTION('',(0.,-1.));
#8114 = ( GEOMETRIC_REPRESENTATION_CONTEXT(2) 
PARAMETRIC_REPRESENTATION_CONTEXT() REPRESENTATION_CONTEXT('2D SPACE',''
  ) );
#8115 = ORIENTED_EDGE('',*,*,#4033,.F.);
#8116 = ORIENTED_EDGE('',*,*,#7977,.F.);
#8117 = ADVANCED_FACE('',(#8118),#3253,.F.);
#8118 = FACE_BOUND('',#8119,.F.);
#8119 = EDGE_LOOP('',(#8120,#8143,#8144,#8145));
#8120 = ORIENTED_EDGE('',*,*,#8121,.F.);
#8121 = EDGE_CURVE('',#8024,#8122,#8124,.T.);
#8122 = VERTEX_POINT('',#8123);
#8123 = CARTESIAN_POINT('',(2.295382165605,1.920382165605,2.761008928571
    ));
#8124 = SURFACE_CURVE('',#8125,(#8129,#8136),.PCURVE_S1.);
#8125 = B_SPLINE_CURVE_WITH_KNOTS('',2,(#8126,#8127,#8128),
  .UNSPECIFIED.,.F.,.F.,(3,3),(0.,1.),.PIECEWISE_BEZIER_KNOTS.);
#8126 = CARTESIAN_POINT('',(2.175,1.94076433121,2.761008928571));
#8127 = CARTESIAN_POINT('',(2.237420382166,1.942675159236,2.761008928571
    ));
#8128 = CARTESIAN_POINT('',(2.295382165605,1.920382165605,2.761008928571
    ));
#8129 = PCURVE('',#3253,#8130);
#8130 = DEFINITIONAL_REPRESENTATION('',(#8131),#8135);
#8131 = LINE('',#8132,#8133);
#8132 = CARTESIAN_POINT('',(0.,0.));
#8133 = VECTOR('',#8134,1.);
#8134 = DIRECTION('',(1.,0.));
#8135 = ( GEOMETRIC_REPRESENTATION_CONTEXT(2) 
PARAMETRIC_REPRESENTATION_CONTEXT() REPRESENTATION_CONTEXT('2D SPACE',''
  ) );
#8136 = PCURVE('',#7965,#8137);
#8137 = DEFINITIONAL_REPRESENTATION('',(#8138),#8142);
#8138 = B_SPLINE_CURVE_WITH_KNOTS('',2,(#8139,#8140,#8141),
  .UNSPECIFIED.,.F.,.F.,(3,3),(0.,1.),.PIECEWISE_BEZIER_KNOTS.);
#8139 = CARTESIAN_POINT('',(-0.48838688769,-0.663262993474));
#8140 = CARTESIAN_POINT('',(-0.490297715715,-0.600842611308));
#8141 = CARTESIAN_POINT('',(-0.468004722085,-0.542880827869));
#8142 = ( GEOMETRIC_REPRESENTATION_CONTEXT(2) 
PARAMETRIC_REPRESENTATION_CONTEXT() REPRESENTATION_CONTEXT('2D SPACE',''
  ) );
#8143 = ORIENTED_EDGE('',*,*,#8048,.T.);
#8144 = ORIENTED_EDGE('',*,*,#3227,.F.);
#8145 = ORIENTED_EDGE('',*,*,#8146,.F.);
#8146 = EDGE_CURVE('',#8122,#3228,#8147,.T.);
#8147 = SURFACE_CURVE('',#8148,(#8152,#8159),.PCURVE_S1.);
#8148 = LINE('',#8149,#8150);
#8149 = CARTESIAN_POINT('',(2.295382165605,1.920382165605,2.761008928571
    ));
#8150 = VECTOR('',#8151,1.);
#8151 = DIRECTION('',(0.,0.,1.));
#8152 = PCURVE('',#3253,#8153);
#8153 = DEFINITIONAL_REPRESENTATION('',(#8154),#8158);
#8154 = LINE('',#8155,#8156);
#8155 = CARTESIAN_POINT('',(1.,0.));
#8156 = VECTOR('',#8157,1.);
#8157 = DIRECTION('',(0.,-1.));
#8158 = ( GEOMETRIC_REPRESENTATION_CONTEXT(2) 
PARAMETRIC_REPRESENTATION_CONTEXT() REPRESENTATION_CONTEXT('2D SPACE',''
  ) );
#8159 = PCURVE('',#3292,#8160);
#8160 = DEFINITIONAL_REPRESENTATION('',(#8161),#8165);
#8161 = LINE('',#8162,#8163);
#8162 = CARTESIAN_POINT('',(0.,0.));
#8163 = VECTOR('',#8164,1.);
#8164 = DIRECTION('',(0.,-1.));
#8165 = ( GEOMETRIC_REPRESENTATION_CONTEXT(2) 
PARAMETRIC_REPRESENTATION_CONTEXT() REPRESENTATION_CONTEXT('2D SPACE',''
  ) );
#8166 = ADVANCED_FACE('',(#8167),#4017,.F.);
#8167 = FACE_BOUND('',#8168,.F.);
#8168 = EDGE_LOOP('',(#8169,#8192,#8213,#8214));
#8169 = ORIENTED_EDGE('',*,*,#8170,.F.);
#8170 = EDGE_CURVE('',#8171,#8073,#8173,.T.);
#8171 = VERTEX_POINT('',#8172);
#8172 = CARTESIAN_POINT('',(2.433598726115,1.629299363057,2.761008928571
    ));
#8173 = SURFACE_CURVE('',#8174,(#8178,#8185),.PCURVE_S1.);
#8174 = B_SPLINE_CURVE_WITH_KNOTS('',2,(#8175,#8176,#8177),
  .UNSPECIFIED.,.F.,.F.,(3,3),(0.,1.),.PIECEWISE_BEZIER_KNOTS.);
#8175 = CARTESIAN_POINT('',(2.433598726115,1.629299363057,2.761008928571
    ));
#8176 = CARTESIAN_POINT('',(2.386464968153,1.673248407643,2.761008928571
    ));
#8177 = CARTESIAN_POINT('',(2.338057324841,1.701910828025,2.761008928571
    ));
#8178 = PCURVE('',#4017,#8179);
#8179 = DEFINITIONAL_REPRESENTATION('',(#8180),#8184);
#8180 = LINE('',#8181,#8182);
#8181 = CARTESIAN_POINT('',(0.,0.));
#8182 = VECTOR('',#8183,1.);
#8183 = DIRECTION('',(1.,0.));
#8184 = ( GEOMETRIC_REPRESENTATION_CONTEXT(2) 
PARAMETRIC_REPRESENTATION_CONTEXT() REPRESENTATION_CONTEXT('2D SPACE',''
  ) );
#8185 = PCURVE('',#7965,#8186);
#8186 = DEFINITIONAL_REPRESENTATION('',(#8187),#8191);
#8187 = B_SPLINE_CURVE_WITH_KNOTS('',2,(#8188,#8189,#8190),
  .UNSPECIFIED.,.F.,.F.,(3,3),(0.,1.),.PIECEWISE_BEZIER_KNOTS.);
#8188 = CARTESIAN_POINT('',(-0.176921919537,-0.404664267359));
#8189 = CARTESIAN_POINT('',(-0.220870964123,-0.451798025321));
#8190 = CARTESIAN_POINT('',(-0.249533384505,-0.500205668633));
#8191 = ( GEOMETRIC_REPRESENTATION_CONTEXT(2) 
PARAMETRIC_REPRESENTATION_CONTEXT() REPRESENTATION_CONTEXT('2D SPACE',''
  ) );
#8192 = ORIENTED_EDGE('',*,*,#8193,.T.);
#8193 = EDGE_CURVE('',#8171,#3956,#8194,.T.);
#8194 = SURFACE_CURVE('',#8195,(#8199,#8206),.PCURVE_S1.);
#8195 = LINE('',#8196,#8197);
#8196 = CARTESIAN_POINT('',(2.433598726115,1.629299363057,2.761008928571
    ));
#8197 = VECTOR('',#8198,1.);
#8198 = DIRECTION('',(0.,0.,1.));
#8199 = PCURVE('',#4017,#8200);
#8200 = DEFINITIONAL_REPRESENTATION('',(#8201),#8205);
#8201 = LINE('',#8202,#8203);
#8202 = CARTESIAN_POINT('',(0.,0.));
#8203 = VECTOR('',#8204,1.);
#8204 = DIRECTION('',(0.,-1.));
#8205 = ( GEOMETRIC_REPRESENTATION_CONTEXT(2) 
PARAMETRIC_REPRESENTATION_CONTEXT() REPRESENTATION_CONTEXT('2D SPACE',''
  ) );
#8206 = PCURVE('',#3979,#8207);
#8207 = DEFINITIONAL_REPRESENTATION('',(#8208),#8212);
#8208 = LINE('',#8209,#8210);
#8209 = CARTESIAN_POINT('',(1.,0.));
#8210 = VECTOR('',#8211,1.);
#8211 = DIRECTION('',(0.,-1.));
#8212 = ( GEOMETRIC_REPRESENTATION_CONTEXT(2) 
PARAMETRIC_REPRESENTATION_CONTEXT() REPRESENTATION_CONTEXT('2D SPACE',''
  ) );
#8213 = ORIENTED_EDGE('',*,*,#3997,.F.);
#8214 = ORIENTED_EDGE('',*,*,#8095,.F.);
#8215 = ADVANCED_FACE('',(#8216),#3292,.F.);
#8216 = FACE_BOUND('',#8217,.F.);
#8217 = EDGE_LOOP('',(#8218,#8241,#8242,#8243));
#8218 = ORIENTED_EDGE('',*,*,#8219,.F.);
#8219 = EDGE_CURVE('',#8122,#8220,#8222,.T.);
#8220 = VERTEX_POINT('',#8221);
#8221 = CARTESIAN_POINT('',(2.483280254777,1.807643312102,2.761008928571
    ));
#8222 = SURFACE_CURVE('',#8223,(#8227,#8234),.PCURVE_S1.);
#8223 = B_SPLINE_CURVE_WITH_KNOTS('',2,(#8224,#8225,#8226),
  .UNSPECIFIED.,.F.,.F.,(3,3),(0.,1.),.PIECEWISE_BEZIER_KNOTS.);
#8224 = CARTESIAN_POINT('',(2.295382165605,1.920382165605,2.761008928571
    ));
#8225 = CARTESIAN_POINT('',(2.390923566879,1.885350318471,2.761008928571
    ));
#8226 = CARTESIAN_POINT('',(2.483280254777,1.807643312102,2.761008928571
    ));
#8227 = PCURVE('',#3292,#8228);
#8228 = DEFINITIONAL_REPRESENTATION('',(#8229),#8233);
#8229 = LINE('',#8230,#8231);
#8230 = CARTESIAN_POINT('',(0.,0.));
#8231 = VECTOR('',#8232,1.);
#8232 = DIRECTION('',(1.,0.));
#8233 = ( GEOMETRIC_REPRESENTATION_CONTEXT(2) 
PARAMETRIC_REPRESENTATION_CONTEXT() REPRESENTATION_CONTEXT('2D SPACE',''
  ) );
#8234 = PCURVE('',#7965,#8235);
#8235 = DEFINITIONAL_REPRESENTATION('',(#8236),#8240);
#8236 = B_SPLINE_CURVE_WITH_KNOTS('',2,(#8237,#8238,#8239),
  .UNSPECIFIED.,.F.,.F.,(3,3),(0.,1.),.PIECEWISE_BEZIER_KNOTS.);
#8237 = CARTESIAN_POINT('',(-0.468004722085,-0.542880827869));
#8238 = CARTESIAN_POINT('',(-0.432972874951,-0.447339426595));
#8239 = CARTESIAN_POINT('',(-0.355265868581,-0.354982738697));
#8240 = ( GEOMETRIC_REPRESENTATION_CONTEXT(2) 
PARAMETRIC_REPRESENTATION_CONTEXT() REPRESENTATION_CONTEXT('2D SPACE',''
  ) );
#8241 = ORIENTED_EDGE('',*,*,#8146,.T.);
#8242 = ORIENTED_EDGE('',*,*,#3272,.F.);
#8243 = ORIENTED_EDGE('',*,*,#8244,.F.);
#8244 = EDGE_CURVE('',#8220,#3273,#8245,.T.);
#8245 = SURFACE_CURVE('',#8246,(#8250,#8257),.PCURVE_S1.);
#8246 = LINE('',#8247,#8248);
#8247 = CARTESIAN_POINT('',(2.483280254777,1.807643312102,2.761008928571
    ));
#8248 = VECTOR('',#8249,1.);
#8249 = DIRECTION('',(0.,0.,1.));
#8250 = PCURVE('',#3292,#8251);
#8251 = DEFINITIONAL_REPRESENTATION('',(#8252),#8256);
#8252 = LINE('',#8253,#8254);
#8253 = CARTESIAN_POINT('',(1.,0.));
#8254 = VECTOR('',#8255,1.);
#8255 = DIRECTION('',(0.,-1.));
#8256 = ( GEOMETRIC_REPRESENTATION_CONTEXT(2) 
PARAMETRIC_REPRESENTATION_CONTEXT() REPRESENTATION_CONTEXT('2D SPACE',''
  ) );
#8257 = PCURVE('',#3330,#8258);
#8258 = DEFINITIONAL_REPRESENTATION('',(#8259),#8263);
#8259 = LINE('',#8260,#8261);
#8260 = CARTESIAN_POINT('',(0.,0.));
#8261 = VECTOR('',#8262,1.);
#8262 = DIRECTION('',(0.,-1.));
#8263 = ( GEOMETRIC_REPRESENTATION_CONTEXT(2) 
PARAMETRIC_REPRESENTATION_CONTEXT() REPRESENTATION_CONTEXT('2D SPACE',''
  ) );
#8264 = ADVANCED_FACE('',(#8265),#3979,.F.);
#8265 = FACE_BOUND('',#8266,.F.);
#8266 = EDGE_LOOP('',(#8267,#8290,#8311,#8312));
#8267 = ORIENTED_EDGE('',*,*,#8268,.F.);
#8268 = EDGE_CURVE('',#8269,#8171,#8271,.T.);
#8269 = VERTEX_POINT('',#8270);
#8270 = CARTESIAN_POINT('',(2.615127388535,1.430573248408,2.761008928571
    ));
#8271 = SURFACE_CURVE('',#8272,(#8276,#8283),.PCURVE_S1.);
#8272 = B_SPLINE_CURVE_WITH_KNOTS('',2,(#8273,#8274,#8275),
  .UNSPECIFIED.,.F.,.F.,(3,3),(0.,1.),.PIECEWISE_BEZIER_KNOTS.);
#8273 = CARTESIAN_POINT('',(2.615127388535,1.430573248408,2.761008928571
    ));
#8274 = CARTESIAN_POINT('',(2.481369426752,1.585350318471,2.761008928571
    ));
#8275 = CARTESIAN_POINT('',(2.433598726115,1.629299363057,2.761008928571
    ));
#8276 = PCURVE('',#3979,#8277);
#8277 = DEFINITIONAL_REPRESENTATION('',(#8278),#8282);
#8278 = LINE('',#8279,#8280);
#8279 = CARTESIAN_POINT('',(0.,0.));
#8280 = VECTOR('',#8281,1.);
#8281 = DIRECTION('',(1.,0.));
#8282 = ( GEOMETRIC_REPRESENTATION_CONTEXT(2) 
PARAMETRIC_REPRESENTATION_CONTEXT() REPRESENTATION_CONTEXT('2D SPACE',''
  ) );
#8283 = PCURVE('',#7965,#8284);
#8284 = DEFINITIONAL_REPRESENTATION('',(#8285),#8289);
#8285 = B_SPLINE_CURVE_WITH_KNOTS('',2,(#8286,#8287,#8288),
  .UNSPECIFIED.,.F.,.F.,(3,3),(0.,1.),.PIECEWISE_BEZIER_KNOTS.);
#8286 = CARTESIAN_POINT('',(2.180419511295E-02,-0.223135604939));
#8287 = CARTESIAN_POINT('',(-0.132972874951,-0.356893566722));
#8288 = CARTESIAN_POINT('',(-0.176921919537,-0.404664267359));
#8289 = ( GEOMETRIC_REPRESENTATION_CONTEXT(2) 
PARAMETRIC_REPRESENTATION_CONTEXT() REPRESENTATION_CONTEXT('2D SPACE',''
  ) );
#8290 = ORIENTED_EDGE('',*,*,#8291,.T.);
#8291 = EDGE_CURVE('',#8269,#3914,#8292,.T.);
#8292 = SURFACE_CURVE('',#8293,(#8297,#8304),.PCURVE_S1.);
#8293 = LINE('',#8294,#8295);
#8294 = CARTESIAN_POINT('',(2.615127388535,1.430573248408,2.761008928571
    ));
#8295 = VECTOR('',#8296,1.);
#8296 = DIRECTION('',(0.,0.,1.));
#8297 = PCURVE('',#3979,#8298);
#8298 = DEFINITIONAL_REPRESENTATION('',(#8299),#8303);
#8299 = LINE('',#8300,#8301);
#8300 = CARTESIAN_POINT('',(0.,0.));
#8301 = VECTOR('',#8302,1.);
#8302 = DIRECTION('',(0.,-1.));
#8303 = ( GEOMETRIC_REPRESENTATION_CONTEXT(2) 
PARAMETRIC_REPRESENTATION_CONTEXT() REPRESENTATION_CONTEXT('2D SPACE',''
  ) );
#8304 = PCURVE('',#3937,#8305);
#8305 = DEFINITIONAL_REPRESENTATION('',(#8306),#8310);
#8306 = LINE('',#8307,#8308);
#8307 = CARTESIAN_POINT('',(1.,0.));
#8308 = VECTOR('',#8309,1.);
#8309 = DIRECTION('',(0.,-1.));
#8310 = ( GEOMETRIC_REPRESENTATION_CONTEXT(2) 
PARAMETRIC_REPRESENTATION_CONTEXT() REPRESENTATION_CONTEXT('2D SPACE',''
  ) );
#8311 = ORIENTED_EDGE('',*,*,#3955,.F.);
#8312 = ORIENTED_EDGE('',*,*,#8193,.F.);
#8313 = ADVANCED_FACE('',(#8314),#3330,.F.);
#8314 = FACE_BOUND('',#8315,.F.);
#8315 = EDGE_LOOP('',(#8316,#8339,#8340,#8341));
#8316 = ORIENTED_EDGE('',*,*,#8317,.F.);
#8317 = EDGE_CURVE('',#8220,#8318,#8320,.T.);
#8318 = VERTEX_POINT('',#8319);
#8319 = CARTESIAN_POINT('',(2.697929936306,1.582165605096,2.761008928571
    ));
#8320 = SURFACE_CURVE('',#8321,(#8325,#8332),.PCURVE_S1.);
#8321 = B_SPLINE_CURVE_WITH_KNOTS('',2,(#8322,#8323,#8324),
  .UNSPECIFIED.,.F.,.F.,(3,3),(0.,1.),.PIECEWISE_BEZIER_KNOTS.);
#8322 = CARTESIAN_POINT('',(2.483280254777,1.807643312102,2.761008928571
    ));
#8323 = CARTESIAN_POINT('',(2.57627388535,1.729299363057,2.761008928571)
  );
#8324 = CARTESIAN_POINT('',(2.697929936306,1.582165605096,2.761008928571
    ));
#8325 = PCURVE('',#3330,#8326);
#8326 = DEFINITIONAL_REPRESENTATION('',(#8327),#8331);
#8327 = LINE('',#8328,#8329);
#8328 = CARTESIAN_POINT('',(0.,0.));
#8329 = VECTOR('',#8330,1.);
#8330 = DIRECTION('',(1.,0.));
#8331 = ( GEOMETRIC_REPRESENTATION_CONTEXT(2) 
PARAMETRIC_REPRESENTATION_CONTEXT() REPRESENTATION_CONTEXT('2D SPACE',''
  ) );
#8332 = PCURVE('',#7965,#8333);
#8333 = DEFINITIONAL_REPRESENTATION('',(#8334),#8338);
#8334 = B_SPLINE_CURVE_WITH_KNOTS('',2,(#8335,#8336,#8337),
  .UNSPECIFIED.,.F.,.F.,(3,3),(0.,1.),.PIECEWISE_BEZIER_KNOTS.);
#8335 = CARTESIAN_POINT('',(-0.355265868581,-0.354982738697));
#8336 = CARTESIAN_POINT('',(-0.276921919537,-0.261989108124));
#8337 = CARTESIAN_POINT('',(-0.129788161575,-0.140333057168));
#8338 = ( GEOMETRIC_REPRESENTATION_CONTEXT(2) 
PARAMETRIC_REPRESENTATION_CONTEXT() REPRESENTATION_CONTEXT('2D SPACE',''
  ) );
#8339 = ORIENTED_EDGE('',*,*,#8244,.T.);
#8340 = ORIENTED_EDGE('',*,*,#3308,.F.);
#8341 = ORIENTED_EDGE('',*,*,#8342,.F.);
#8342 = EDGE_CURVE('',#8318,#3309,#8343,.T.);
#8343 = SURFACE_CURVE('',#8344,(#8348,#8355),.PCURVE_S1.);
#8344 = LINE('',#8345,#8346);
#8345 = CARTESIAN_POINT('',(2.697929936306,1.582165605096,2.761008928571
    ));
#8346 = VECTOR('',#8347,1.);
#8347 = DIRECTION('',(0.,0.,1.));
#8348 = PCURVE('',#3330,#8349);
#8349 = DEFINITIONAL_REPRESENTATION('',(#8350),#8354);
#8350 = LINE('',#8351,#8352);
#8351 = CARTESIAN_POINT('',(1.,0.));
#8352 = VECTOR('',#8353,1.);
#8353 = DIRECTION('',(0.,-1.));
#8354 = ( GEOMETRIC_REPRESENTATION_CONTEXT(2) 
PARAMETRIC_REPRESENTATION_CONTEXT() REPRESENTATION_CONTEXT('2D SPACE',''
  ) );
#8355 = PCURVE('',#3371,#8356);
#8356 = DEFINITIONAL_REPRESENTATION('',(#8357),#8361);
#8357 = LINE('',#8358,#8359);
#8358 = CARTESIAN_POINT('',(0.,0.));
#8359 = VECTOR('',#8360,1.);
#8360 = DIRECTION('',(0.,-1.));
#8361 = ( GEOMETRIC_REPRESENTATION_CONTEXT(2) 
PARAMETRIC_REPRESENTATION_CONTEXT() REPRESENTATION_CONTEXT('2D SPACE',''
  ) );
#8362 = ADVANCED_FACE('',(#8363),#3937,.F.);
#8363 = FACE_BOUND('',#8364,.F.);
#8364 = EDGE_LOOP('',(#8365,#8388,#8409,#8410));
#8365 = ORIENTED_EDGE('',*,*,#8366,.F.);
#8366 = EDGE_CURVE('',#8367,#8269,#8369,.T.);
#8367 = VERTEX_POINT('',#8368);
#8368 = CARTESIAN_POINT('',(2.865445859873,1.165605095541,2.761008928571
    ));
#8369 = SURFACE_CURVE('',#8370,(#8374,#8381),.PCURVE_S1.);
#8370 = B_SPLINE_CURVE_WITH_KNOTS('',2,(#8371,#8372,#8373),
  .UNSPECIFIED.,.F.,.F.,(3,3),(0.,1.),.PIECEWISE_BEZIER_KNOTS.);
#8371 = CARTESIAN_POINT('',(2.865445859873,1.165605095541,2.761008928571
    ));
#8372 = CARTESIAN_POINT('',(2.774363057325,1.245222929936,2.761008928571
    ));
#8373 = CARTESIAN_POINT('',(2.615127388535,1.430573248408,2.761008928571
    ));
#8374 = PCURVE('',#3937,#8375);
#8375 = DEFINITIONAL_REPRESENTATION('',(#8376),#8380);
#8376 = LINE('',#8377,#8378);
#8377 = CARTESIAN_POINT('',(0.,0.));
#8378 = VECTOR('',#8379,1.);
#8379 = DIRECTION('',(1.,0.));
#8380 = ( GEOMETRIC_REPRESENTATION_CONTEXT(2) 
PARAMETRIC_REPRESENTATION_CONTEXT() REPRESENTATION_CONTEXT('2D SPACE',''
  ) );
#8381 = PCURVE('',#7965,#8382);
#8382 = DEFINITIONAL_REPRESENTATION('',(#8383),#8387);
#8383 = B_SPLINE_CURVE_WITH_KNOTS('',2,(#8384,#8385,#8386),
  .UNSPECIFIED.,.F.,.F.,(3,3),(0.,1.),.PIECEWISE_BEZIER_KNOTS.);
#8384 = CARTESIAN_POINT('',(0.286772347979,2.718286639856E-02));
#8385 = CARTESIAN_POINT('',(0.207154513584,-6.389993614921E-02));
#8386 = CARTESIAN_POINT('',(2.180419511295E-02,-0.223135604939));
#8387 = ( GEOMETRIC_REPRESENTATION_CONTEXT(2) 
PARAMETRIC_REPRESENTATION_CONTEXT() REPRESENTATION_CONTEXT('2D SPACE',''
  ) );
#8388 = ORIENTED_EDGE('',*,*,#8389,.T.);
#8389 = EDGE_CURVE('',#8367,#3878,#8390,.T.);
#8390 = SURFACE_CURVE('',#8391,(#8395,#8402),.PCURVE_S1.);
#8391 = LINE('',#8392,#8393);
#8392 = CARTESIAN_POINT('',(2.865445859873,1.165605095541,2.761008928571
    ));
#8393 = VECTOR('',#8394,1.);
#8394 = DIRECTION('',(0.,0.,1.));
#8395 = PCURVE('',#3937,#8396);
#8396 = DEFINITIONAL_REPRESENTATION('',(#8397),#8401);
#8397 = LINE('',#8398,#8399);
#8398 = CARTESIAN_POINT('',(0.,0.));
#8399 = VECTOR('',#8400,1.);
#8400 = DIRECTION('',(0.,-1.));
#8401 = ( GEOMETRIC_REPRESENTATION_CONTEXT(2) 
PARAMETRIC_REPRESENTATION_CONTEXT() REPRESENTATION_CONTEXT('2D SPACE',''
  ) );
#8402 = PCURVE('',#3897,#8403);
#8403 = DEFINITIONAL_REPRESENTATION('',(#8404),#8408);
#8404 = LINE('',#8405,#8406);
#8405 = CARTESIAN_POINT('',(1.,0.));
#8406 = VECTOR('',#8407,1.);
#8407 = DIRECTION('',(0.,-1.));
#8408 = ( GEOMETRIC_REPRESENTATION_CONTEXT(2) 
PARAMETRIC_REPRESENTATION_CONTEXT() REPRESENTATION_CONTEXT('2D SPACE',''
  ) );
#8409 = ORIENTED_EDGE('',*,*,#3913,.F.);
#8410 = ORIENTED_EDGE('',*,*,#8291,.F.);
#8411 = ADVANCED_FACE('',(#8412),#3371,.F.);
#8412 = FACE_BOUND('',#8413,.F.);
#8413 = EDGE_LOOP('',(#8414,#8437,#8438,#8439));
#8414 = ORIENTED_EDGE('',*,*,#8415,.F.);
#8415 = EDGE_CURVE('',#8318,#8416,#8418,.T.);
#8416 = VERTEX_POINT('',#8417);
#8417 = CARTESIAN_POINT('',(3.000477707006,1.273885350318,2.761008928571
    ));
#8418 = SURFACE_CURVE('',#8419,(#8423,#8430),.PCURVE_S1.);
#8419 = B_SPLINE_CURVE_WITH_KNOTS('',2,(#8420,#8421,#8422),
  .UNSPECIFIED.,.F.,.F.,(3,3),(0.,1.),.PIECEWISE_BEZIER_KNOTS.);
#8420 = CARTESIAN_POINT('',(2.697929936306,1.582165605096,2.761008928571
    ));
#8421 = CARTESIAN_POINT('',(2.889012738854,1.354140127389,2.761008928571
    ));
#8422 = CARTESIAN_POINT('',(3.000477707006,1.273885350318,2.761008928571
    ));
#8423 = PCURVE('',#3371,#8424);
#8424 = DEFINITIONAL_REPRESENTATION('',(#8425),#8429);
#8425 = LINE('',#8426,#8427);
#8426 = CARTESIAN_POINT('',(0.,0.));
#8427 = VECTOR('',#8428,1.);
#8428 = DIRECTION('',(1.,0.));
#8429 = ( GEOMETRIC_REPRESENTATION_CONTEXT(2) 
PARAMETRIC_REPRESENTATION_CONTEXT() REPRESENTATION_CONTEXT('2D SPACE',''
  ) );
#8430 = PCURVE('',#7965,#8431);
#8431 = DEFINITIONAL_REPRESENTATION('',(#8432),#8436);
#8432 = B_SPLINE_CURVE_WITH_KNOTS('',2,(#8433,#8434,#8435),
  .UNSPECIFIED.,.F.,.F.,(3,3),(0.,1.),.PIECEWISE_BEZIER_KNOTS.);
#8433 = CARTESIAN_POINT('',(-0.129788161575,-0.140333057168));
#8434 = CARTESIAN_POINT('',(9.823731613206E-02,5.074974537945E-02));
#8435 = CARTESIAN_POINT('',(0.178492093202,0.162214713532));
#8436 = ( GEOMETRIC_REPRESENTATION_CONTEXT(2) 
PARAMETRIC_REPRESENTATION_CONTEXT() REPRESENTATION_CONTEXT('2D SPACE',''
  ) );
#8437 = ORIENTED_EDGE('',*,*,#8342,.T.);
#8438 = ORIENTED_EDGE('',*,*,#3347,.F.);
#8439 = ORIENTED_EDGE('',*,*,#8440,.F.);
#8440 = EDGE_CURVE('',#8416,#3348,#8441,.T.);
#8441 = SURFACE_CURVE('',#8442,(#8446,#8453),.PCURVE_S1.);
#8442 = LINE('',#8443,#8444);
#8443 = CARTESIAN_POINT('',(3.000477707006,1.273885350318,2.761008928571
    ));
#8444 = VECTOR('',#8445,1.);
#8445 = DIRECTION('',(0.,0.,1.));
#8446 = PCURVE('',#3371,#8447);
#8447 = DEFINITIONAL_REPRESENTATION('',(#8448),#8452);
#8448 = LINE('',#8449,#8450);
#8449 = CARTESIAN_POINT('',(1.,0.));
#8450 = VECTOR('',#8451,1.);
#8451 = DIRECTION('',(0.,-1.));
#8452 = ( GEOMETRIC_REPRESENTATION_CONTEXT(2) 
PARAMETRIC_REPRESENTATION_CONTEXT() REPRESENTATION_CONTEXT('2D SPACE',''
  ) );
#8453 = PCURVE('',#3411,#8454);
#8454 = DEFINITIONAL_REPRESENTATION('',(#8455),#8459);
#8455 = LINE('',#8456,#8457);
#8456 = CARTESIAN_POINT('',(0.,0.));
#8457 = VECTOR('',#8458,1.);
#8458 = DIRECTION('',(0.,-1.));
#8459 = ( GEOMETRIC_REPRESENTATION_CONTEXT(2) 
PARAMETRIC_REPRESENTATION_CONTEXT() REPRESENTATION_CONTEXT('2D SPACE',''
  ) );
#8460 = ADVANCED_FACE('',(#8461),#3897,.F.);
#8461 = FACE_BOUND('',#8462,.F.);
#8462 = EDGE_LOOP('',(#8463,#8486,#8507,#8508));
#8463 = ORIENTED_EDGE('',*,*,#8464,.F.);
#8464 = EDGE_CURVE('',#8465,#8367,#8467,.T.);
#8465 = VERTEX_POINT('',#8466);
#8466 = CARTESIAN_POINT('',(3.038694267516,1.050955414013,2.761008928571
    ));
#8467 = SURFACE_CURVE('',#8468,(#8472,#8479),.PCURVE_S1.);
#8468 = B_SPLINE_CURVE_WITH_KNOTS('',2,(#8469,#8470,#8471),
  .UNSPECIFIED.,.F.,.F.,(3,3),(0.,1.),.PIECEWISE_BEZIER_KNOTS.);
#8469 = CARTESIAN_POINT('',(3.038694267516,1.050955414013,2.761008928571
    ));
#8470 = CARTESIAN_POINT('',(2.95652866242,1.085350318471,2.761008928571)
  );
#8471 = CARTESIAN_POINT('',(2.865445859873,1.165605095541,2.761008928571
    ));
#8472 = PCURVE('',#3897,#8473);
#8473 = DEFINITIONAL_REPRESENTATION('',(#8474),#8478);
#8474 = LINE('',#8475,#8476);
#8475 = CARTESIAN_POINT('',(0.,0.));
#8476 = VECTOR('',#8477,1.);
#8477 = DIRECTION('',(1.,0.));
#8478 = ( GEOMETRIC_REPRESENTATION_CONTEXT(2) 
PARAMETRIC_REPRESENTATION_CONTEXT() REPRESENTATION_CONTEXT('2D SPACE',''
  ) );
#8479 = PCURVE('',#7965,#8480);
#8480 = DEFINITIONAL_REPRESENTATION('',(#8481),#8485);
#8481 = B_SPLINE_CURVE_WITH_KNOTS('',2,(#8482,#8483,#8484),
  .UNSPECIFIED.,.F.,.F.,(3,3),(0.,1.),.PIECEWISE_BEZIER_KNOTS.);
#8482 = CARTESIAN_POINT('',(0.401422029508,0.200431274042));
#8483 = CARTESIAN_POINT('',(0.367027125049,0.118265668946));
#8484 = CARTESIAN_POINT('',(0.286772347979,2.718286639856E-02));
#8485 = ( GEOMETRIC_REPRESENTATION_CONTEXT(2) 
PARAMETRIC_REPRESENTATION_CONTEXT() REPRESENTATION_CONTEXT('2D SPACE',''
  ) );
#8486 = ORIENTED_EDGE('',*,*,#8487,.T.);
#8487 = EDGE_CURVE('',#8465,#3833,#8488,.T.);
#8488 = SURFACE_CURVE('',#8489,(#8493,#8500),.PCURVE_S1.);
#8489 = LINE('',#8490,#8491);
#8490 = CARTESIAN_POINT('',(3.038694267516,1.050955414013,2.761008928571
    ));
#8491 = VECTOR('',#8492,1.);
#8492 = DIRECTION('',(0.,0.,1.));
#8493 = PCURVE('',#3897,#8494);
#8494 = DEFINITIONAL_REPRESENTATION('',(#8495),#8499);
#8495 = LINE('',#8496,#8497);
#8496 = CARTESIAN_POINT('',(0.,0.));
#8497 = VECTOR('',#8498,1.);
#8498 = DIRECTION('',(0.,-1.));
#8499 = ( GEOMETRIC_REPRESENTATION_CONTEXT(2) 
PARAMETRIC_REPRESENTATION_CONTEXT() REPRESENTATION_CONTEXT('2D SPACE',''
  ) );
#8500 = PCURVE('',#3858,#8501);
#8501 = DEFINITIONAL_REPRESENTATION('',(#8502),#8506);
#8502 = LINE('',#8503,#8504);
#8503 = CARTESIAN_POINT('',(1.,0.));
#8504 = VECTOR('',#8505,1.);
#8505 = DIRECTION('',(0.,-1.));
#8506 = ( GEOMETRIC_REPRESENTATION_CONTEXT(2) 
PARAMETRIC_REPRESENTATION_CONTEXT() REPRESENTATION_CONTEXT('2D SPACE',''
  ) );
#8507 = ORIENTED_EDGE('',*,*,#3877,.F.);
#8508 = ORIENTED_EDGE('',*,*,#8389,.F.);
#8509 = ADVANCED_FACE('',(#8510),#3411,.F.);
#8510 = FACE_BOUND('',#8511,.F.);
#8511 = EDGE_LOOP('',(#8512,#8535,#8536,#8537));
#8512 = ORIENTED_EDGE('',*,*,#8513,.F.);
#8513 = EDGE_CURVE('',#8416,#8514,#8516,.T.);
#8514 = VERTEX_POINT('',#8515);
#8515 = CARTESIAN_POINT('',(3.211305732484,1.193630573248,2.761008928571
    ));
#8516 = SURFACE_CURVE('',#8517,(#8521,#8528),.PCURVE_S1.);
#8517 = B_SPLINE_CURVE_WITH_KNOTS('',2,(#8518,#8519,#8520),
  .UNSPECIFIED.,.F.,.F.,(3,3),(0.,1.),.PIECEWISE_BEZIER_KNOTS.);
#8518 = CARTESIAN_POINT('',(3.000477707006,1.273885350318,2.761008928571
    ));
#8519 = CARTESIAN_POINT('',(3.111942675159,1.193630573248,2.761008928571
    ));
#8520 = CARTESIAN_POINT('',(3.211305732484,1.193630573248,2.761008928571
    ));
#8521 = PCURVE('',#3411,#8522);
#8522 = DEFINITIONAL_REPRESENTATION('',(#8523),#8527);
#8523 = LINE('',#8524,#8525);
#8524 = CARTESIAN_POINT('',(0.,0.));
#8525 = VECTOR('',#8526,1.);
#8526 = DIRECTION('',(1.,0.));
#8527 = ( GEOMETRIC_REPRESENTATION_CONTEXT(2) 
PARAMETRIC_REPRESENTATION_CONTEXT() REPRESENTATION_CONTEXT('2D SPACE',''
  ) );
#8528 = PCURVE('',#7965,#8529);
#8529 = DEFINITIONAL_REPRESENTATION('',(#8530),#8534);
#8530 = B_SPLINE_CURVE_WITH_KNOTS('',2,(#8531,#8532,#8533),
  .UNSPECIFIED.,.F.,.F.,(3,3),(0.,1.),.PIECEWISE_BEZIER_KNOTS.);
#8531 = CARTESIAN_POINT('',(0.178492093202,0.162214713532));
#8532 = CARTESIAN_POINT('',(0.258746870272,0.273679681685));
#8533 = CARTESIAN_POINT('',(0.258746870272,0.37304273901));
#8534 = ( GEOMETRIC_REPRESENTATION_CONTEXT(2) 
PARAMETRIC_REPRESENTATION_CONTEXT() REPRESENTATION_CONTEXT('2D SPACE',''
  ) );
#8535 = ORIENTED_EDGE('',*,*,#8440,.T.);
#8536 = ORIENTED_EDGE('',*,*,#3389,.F.);
#8537 = ORIENTED_EDGE('',*,*,#8538,.F.);
#8538 = EDGE_CURVE('',#8514,#3390,#8539,.T.);
#8539 = SURFACE_CURVE('',#8540,(#8544,#8551),.PCURVE_S1.);
#8540 = LINE('',#8541,#8542);
#8541 = CARTESIAN_POINT('',(3.211305732484,1.193630573248,2.761008928571
    ));
#8542 = VECTOR('',#8543,1.);
#8543 = DIRECTION('',(0.,0.,1.));
#8544 = PCURVE('',#3411,#8545);
#8545 = DEFINITIONAL_REPRESENTATION('',(#8546),#8550);
#8546 = LINE('',#8547,#8548);
#8547 = CARTESIAN_POINT('',(1.,0.));
#8548 = VECTOR('',#8549,1.);
#8549 = DIRECTION('',(0.,-1.));
#8550 = ( GEOMETRIC_REPRESENTATION_CONTEXT(2) 
PARAMETRIC_REPRESENTATION_CONTEXT() REPRESENTATION_CONTEXT('2D SPACE',''
  ) );
#8551 = PCURVE('',#3454,#8552);
#8552 = DEFINITIONAL_REPRESENTATION('',(#8553),#8557);
#8553 = LINE('',#8554,#8555);
#8554 = CARTESIAN_POINT('',(0.,0.));
#8555 = VECTOR('',#8556,1.);
#8556 = DIRECTION('',(0.,-1.));
#8557 = ( GEOMETRIC_REPRESENTATION_CONTEXT(2) 
PARAMETRIC_REPRESENTATION_CONTEXT() REPRESENTATION_CONTEXT('2D SPACE',''
  ) );
#8558 = ADVANCED_FACE('',(#8559),#3858,.F.);
#8559 = FACE_BOUND('',#8560,.F.);
#8560 = EDGE_LOOP('',(#8561,#8584,#8605,#8606));
#8561 = ORIENTED_EDGE('',*,*,#8562,.F.);
#8562 = EDGE_CURVE('',#8563,#8465,#8565,.T.);
#8563 = VERTEX_POINT('',#8564);
#8564 = CARTESIAN_POINT('',(3.206847133758,1.016560509554,2.761008928571
    ));
#8565 = SURFACE_CURVE('',#8566,(#8570,#8577),.PCURVE_S1.);
#8566 = B_SPLINE_CURVE_WITH_KNOTS('',2,(#8567,#8568,#8569),
  .UNSPECIFIED.,.F.,.F.,(3,3),(0.,1.),.PIECEWISE_BEZIER_KNOTS.);
#8567 = CARTESIAN_POINT('',(3.206847133758,1.016560509554,2.761008928571
    ));
#8568 = CARTESIAN_POINT('',(3.121496815287,1.016560509554,2.761008928571
    ));
#8569 = CARTESIAN_POINT('',(3.038694267516,1.050955414013,2.761008928571
    ));
#8570 = PCURVE('',#3858,#8571);
#8571 = DEFINITIONAL_REPRESENTATION('',(#8572),#8576);
#8572 = LINE('',#8573,#8574);
#8573 = CARTESIAN_POINT('',(0.,0.));
#8574 = VECTOR('',#8575,1.);
#8575 = DIRECTION('',(1.,0.));
#8576 = ( GEOMETRIC_REPRESENTATION_CONTEXT(2) 
PARAMETRIC_REPRESENTATION_CONTEXT() REPRESENTATION_CONTEXT('2D SPACE',''
  ) );
#8577 = PCURVE('',#7965,#8578);
#8578 = DEFINITIONAL_REPRESENTATION('',(#8579),#8583);
#8579 = B_SPLINE_CURVE_WITH_KNOTS('',2,(#8580,#8581,#8582),
  .UNSPECIFIED.,.F.,.F.,(3,3),(0.,1.),.PIECEWISE_BEZIER_KNOTS.);
#8580 = CARTESIAN_POINT('',(0.435816933966,0.368584140284));
#8581 = CARTESIAN_POINT('',(0.435816933966,0.283233821813));
#8582 = CARTESIAN_POINT('',(0.401422029508,0.200431274042));
#8583 = ( GEOMETRIC_REPRESENTATION_CONTEXT(2) 
PARAMETRIC_REPRESENTATION_CONTEXT() REPRESENTATION_CONTEXT('2D SPACE',''
  ) );
#8584 = ORIENTED_EDGE('',*,*,#8585,.T.);
#8585 = EDGE_CURVE('',#8563,#3782,#8586,.T.);
#8586 = SURFACE_CURVE('',#8587,(#8591,#8598),.PCURVE_S1.);
#8587 = LINE('',#8588,#8589);
#8588 = CARTESIAN_POINT('',(3.206847133758,1.016560509554,2.761008928571
    ));
#8589 = VECTOR('',#8590,1.);
#8590 = DIRECTION('',(0.,0.,1.));
#8591 = PCURVE('',#3858,#8592);
#8592 = DEFINITIONAL_REPRESENTATION('',(#8593),#8597);
#8593 = LINE('',#8594,#8595);
#8594 = CARTESIAN_POINT('',(0.,0.));
#8595 = VECTOR('',#8596,1.);
#8596 = DIRECTION('',(0.,-1.));
#8597 = ( GEOMETRIC_REPRESENTATION_CONTEXT(2) 
PARAMETRIC_REPRESENTATION_CONTEXT() REPRESENTATION_CONTEXT('2D SPACE',''
  ) );
#8598 = PCURVE('',#3811,#8599);
#8599 = DEFINITIONAL_REPRESENTATION('',(#8600),#8604);
#8600 = LINE('',#8601,#8602);
#8601 = CARTESIAN_POINT('',(1.,0.));
#8602 = VECTOR('',#8603,1.);
#8603 = DIRECTION('',(0.,-1.));
#8604 = ( GEOMETRIC_REPRESENTATION_CONTEXT(2) 
PARAMETRIC_REPRESENTATION_CONTEXT() REPRESENTATION_CONTEXT('2D SPACE',''
  ) );
#8605 = ORIENTED_EDGE('',*,*,#3832,.F.);
#8606 = ORIENTED_EDGE('',*,*,#8487,.F.);
#8607 = ADVANCED_FACE('',(#8608),#3454,.F.);
#8608 = FACE_BOUND('',#8609,.F.);
#8609 = EDGE_LOOP('',(#8610,#8633,#8634,#8635));
#8610 = ORIENTED_EDGE('',*,*,#8611,.F.);
#8611 = EDGE_CURVE('',#8514,#8612,#8614,.T.);
#8612 = VERTEX_POINT('',#8613);
#8613 = CARTESIAN_POINT('',(3.387101910828,1.266878980892,2.761008928571
    ));
#8614 = SURFACE_CURVE('',#8615,(#8619,#8626),.PCURVE_S1.);
#8615 = B_SPLINE_CURVE_WITH_KNOTS('',2,(#8616,#8617,#8618),
  .UNSPECIFIED.,.F.,.F.,(3,3),(0.,1.),.PIECEWISE_BEZIER_KNOTS.);
#8616 = CARTESIAN_POINT('',(3.211305732484,1.193630573248,2.761008928571
    ));
#8617 = CARTESIAN_POINT('',(3.31576433121,1.193630573248,2.761008928571)
  );
#8618 = CARTESIAN_POINT('',(3.387101910828,1.266878980892,2.761008928571
    ));
#8619 = PCURVE('',#3454,#8620);
#8620 = DEFINITIONAL_REPRESENTATION('',(#8621),#8625);
#8621 = LINE('',#8622,#8623);
#8622 = CARTESIAN_POINT('',(0.,0.));
#8623 = VECTOR('',#8624,1.);
#8624 = DIRECTION('',(1.,0.));
#8625 = ( GEOMETRIC_REPRESENTATION_CONTEXT(2) 
PARAMETRIC_REPRESENTATION_CONTEXT() REPRESENTATION_CONTEXT('2D SPACE',''
  ) );
#8626 = PCURVE('',#7965,#8627);
#8627 = DEFINITIONAL_REPRESENTATION('',(#8628),#8632);
#8628 = B_SPLINE_CURVE_WITH_KNOTS('',2,(#8629,#8630,#8631),
  .UNSPECIFIED.,.F.,.F.,(3,3),(0.,1.),.PIECEWISE_BEZIER_KNOTS.);
#8629 = CARTESIAN_POINT('',(0.258746870272,0.37304273901));
#8630 = CARTESIAN_POINT('',(0.258746870272,0.477501337736));
#8631 = CARTESIAN_POINT('',(0.185498462629,0.548838917354));
#8632 = ( GEOMETRIC_REPRESENTATION_CONTEXT(2) 
PARAMETRIC_REPRESENTATION_CONTEXT() REPRESENTATION_CONTEXT('2D SPACE',''
  ) );
#8633 = ORIENTED_EDGE('',*,*,#8538,.T.);
#8634 = ORIENTED_EDGE('',*,*,#3428,.F.);
#8635 = ORIENTED_EDGE('',*,*,#8636,.F.);
#8636 = EDGE_CURVE('',#8612,#3429,#8637,.T.);
#8637 = SURFACE_CURVE('',#8638,(#8642,#8649),.PCURVE_S1.);
#8638 = LINE('',#8639,#8640);
#8639 = CARTESIAN_POINT('',(3.387101910828,1.266878980892,2.761008928571
    ));
#8640 = VECTOR('',#8641,1.);
#8641 = DIRECTION('',(0.,0.,1.));
#8642 = PCURVE('',#3454,#8643);
#8643 = DEFINITIONAL_REPRESENTATION('',(#8644),#8648);
#8644 = LINE('',#8645,#8646);
#8645 = CARTESIAN_POINT('',(1.,0.));
#8646 = VECTOR('',#8647,1.);
#8647 = DIRECTION('',(0.,-1.));
#8648 = ( GEOMETRIC_REPRESENTATION_CONTEXT(2) 
PARAMETRIC_REPRESENTATION_CONTEXT() REPRESENTATION_CONTEXT('2D SPACE',''
  ) );
#8649 = PCURVE('',#3499,#8650);
#8650 = DEFINITIONAL_REPRESENTATION('',(#8651),#8655);
#8651 = LINE('',#8652,#8653);
#8652 = CARTESIAN_POINT('',(0.,0.));
#8653 = VECTOR('',#8654,1.);
#8654 = DIRECTION('',(0.,-1.));
#8655 = ( GEOMETRIC_REPRESENTATION_CONTEXT(2) 
PARAMETRIC_REPRESENTATION_CONTEXT() REPRESENTATION_CONTEXT('2D SPACE',''
  ) );
#8656 = ADVANCED_FACE('',(#8657),#3811,.F.);
#8657 = FACE_BOUND('',#8658,.F.);
#8658 = EDGE_LOOP('',(#8659,#8682,#8703,#8704));
#8659 = ORIENTED_EDGE('',*,*,#8660,.F.);
#8660 = EDGE_CURVE('',#8661,#8563,#8663,.T.);
#8661 = VERTEX_POINT('',#8662);
#8662 = CARTESIAN_POINT('',(3.488375796178,1.134394904459,2.761008928571
    ));
#8663 = SURFACE_CURVE('',#8664,(#8668,#8675),.PCURVE_S1.);
#8664 = B_SPLINE_CURVE_WITH_KNOTS('',2,(#8665,#8666,#8667),
  .UNSPECIFIED.,.F.,.F.,(3,3),(0.,1.),.PIECEWISE_BEZIER_KNOTS.);
#8665 = CARTESIAN_POINT('',(3.488375796178,1.134394904459,2.761008928571
    ));
#8666 = CARTESIAN_POINT('',(3.375,1.016560509554,2.761008928571));
#8667 = CARTESIAN_POINT('',(3.206847133758,1.016560509554,2.761008928571
    ));
#8668 = PCURVE('',#3811,#8669);
#8669 = DEFINITIONAL_REPRESENTATION('',(#8670),#8674);
#8670 = LINE('',#8671,#8672);
#8671 = CARTESIAN_POINT('',(0.,0.));
#8672 = VECTOR('',#8673,1.);
#8673 = DIRECTION('',(1.,0.));
#8674 = ( GEOMETRIC_REPRESENTATION_CONTEXT(2) 
PARAMETRIC_REPRESENTATION_CONTEXT() REPRESENTATION_CONTEXT('2D SPACE',''
  ) );
#8675 = PCURVE('',#7965,#8676);
#8676 = DEFINITIONAL_REPRESENTATION('',(#8677),#8681);
#8677 = B_SPLINE_CURVE_WITH_KNOTS('',2,(#8678,#8679,#8680),
  .UNSPECIFIED.,.F.,.F.,(3,3),(0.,1.),.PIECEWISE_BEZIER_KNOTS.);
#8678 = CARTESIAN_POINT('',(0.317982539062,0.650112802704));
#8679 = CARTESIAN_POINT('',(0.435816933966,0.536737006526));
#8680 = CARTESIAN_POINT('',(0.435816933966,0.368584140284));
#8681 = ( GEOMETRIC_REPRESENTATION_CONTEXT(2) 
PARAMETRIC_REPRESENTATION_CONTEXT() REPRESENTATION_CONTEXT('2D SPACE',''
  ) );
#8682 = ORIENTED_EDGE('',*,*,#8683,.T.);
#8683 = EDGE_CURVE('',#8661,#3731,#8684,.T.);
#8684 = SURFACE_CURVE('',#8685,(#8689,#8696),.PCURVE_S1.);
#8685 = LINE('',#8686,#8687);
#8686 = CARTESIAN_POINT('',(3.488375796178,1.134394904459,2.761008928571
    ));
#8687 = VECTOR('',#8688,1.);
#8688 = DIRECTION('',(0.,0.,1.));
#8689 = PCURVE('',#3811,#8690);
#8690 = DEFINITIONAL_REPRESENTATION('',(#8691),#8695);
#8691 = LINE('',#8692,#8693);
#8692 = CARTESIAN_POINT('',(0.,0.));
#8693 = VECTOR('',#8694,1.);
#8694 = DIRECTION('',(0.,-1.));
#8695 = ( GEOMETRIC_REPRESENTATION_CONTEXT(2) 
PARAMETRIC_REPRESENTATION_CONTEXT() REPRESENTATION_CONTEXT('2D SPACE',''
  ) );
#8696 = PCURVE('',#3760,#8697);
#8697 = DEFINITIONAL_REPRESENTATION('',(#8698),#8702);
#8698 = LINE('',#8699,#8700);
#8699 = CARTESIAN_POINT('',(1.,0.));
#8700 = VECTOR('',#8701,1.);
#8701 = DIRECTION('',(0.,-1.));
#8702 = ( GEOMETRIC_REPRESENTATION_CONTEXT(2) 
PARAMETRIC_REPRESENTATION_CONTEXT() REPRESENTATION_CONTEXT('2D SPACE',''
  ) );
#8703 = ORIENTED_EDGE('',*,*,#3781,.F.);
#8704 = ORIENTED_EDGE('',*,*,#8585,.F.);
#8705 = ADVANCED_FACE('',(#8706),#3499,.F.);
#8706 = FACE_BOUND('',#8707,.F.);
#8707 = EDGE_LOOP('',(#8708,#8731,#8732,#8733));
#8708 = ORIENTED_EDGE('',*,*,#8709,.F.);
#8709 = EDGE_CURVE('',#8612,#8710,#8712,.T.);
#8710 = VERTEX_POINT('',#8711);
#8711 = CARTESIAN_POINT('',(3.459076433121,1.457324840764,2.761008928571
    ));
#8712 = SURFACE_CURVE('',#8713,(#8717,#8724),.PCURVE_S1.);
#8713 = B_SPLINE_CURVE_WITH_KNOTS('',2,(#8714,#8715,#8716),
  .UNSPECIFIED.,.F.,.F.,(3,3),(0.,1.),.PIECEWISE_BEZIER_KNOTS.);
#8714 = CARTESIAN_POINT('',(3.387101910828,1.266878980892,2.761008928571
    ));
#8715 = CARTESIAN_POINT('',(3.459076433121,1.33949044586,2.761008928571)
  );
#8716 = CARTESIAN_POINT('',(3.459076433121,1.457324840764,2.761008928571
    ));
#8717 = PCURVE('',#3499,#8718);
#8718 = DEFINITIONAL_REPRESENTATION('',(#8719),#8723);
#8719 = LINE('',#8720,#8721);
#8720 = CARTESIAN_POINT('',(0.,0.));
#8721 = VECTOR('',#8722,1.);
#8722 = DIRECTION('',(1.,0.));
#8723 = ( GEOMETRIC_REPRESENTATION_CONTEXT(2) 
PARAMETRIC_REPRESENTATION_CONTEXT() REPRESENTATION_CONTEXT('2D SPACE',''
  ) );
#8724 = PCURVE('',#7965,#8725);
#8725 = DEFINITIONAL_REPRESENTATION('',(#8726),#8730);
#8726 = B_SPLINE_CURVE_WITH_KNOTS('',2,(#8727,#8728,#8729),
  .UNSPECIFIED.,.F.,.F.,(3,3),(0.,1.),.PIECEWISE_BEZIER_KNOTS.);
#8727 = CARTESIAN_POINT('',(0.185498462629,0.548838917354));
#8728 = CARTESIAN_POINT('',(0.112886997661,0.620813439647));
#8729 = CARTESIAN_POINT('',(-4.947397243739E-03,0.620813439647));
#8730 = ( GEOMETRIC_REPRESENTATION_CONTEXT(2) 
PARAMETRIC_REPRESENTATION_CONTEXT() REPRESENTATION_CONTEXT('2D SPACE',''
  ) );
#8731 = ORIENTED_EDGE('',*,*,#8636,.T.);
#8732 = ORIENTED_EDGE('',*,*,#3473,.F.);
#8733 = ORIENTED_EDGE('',*,*,#8734,.F.);
#8734 = EDGE_CURVE('',#8710,#3474,#8735,.T.);
#8735 = SURFACE_CURVE('',#8736,(#8740,#8747),.PCURVE_S1.);
#8736 = LINE('',#8737,#8738);
#8737 = CARTESIAN_POINT('',(3.459076433121,1.457324840764,2.761008928571
    ));
#8738 = VECTOR('',#8739,1.);
#8739 = DIRECTION('',(0.,0.,1.));
#8740 = PCURVE('',#3499,#8741);
#8741 = DEFINITIONAL_REPRESENTATION('',(#8742),#8746);
#8742 = LINE('',#8743,#8744);
#8743 = CARTESIAN_POINT('',(1.,0.));
#8744 = VECTOR('',#8745,1.);
#8745 = DIRECTION('',(0.,-1.));
#8746 = ( GEOMETRIC_REPRESENTATION_CONTEXT(2) 
PARAMETRIC_REPRESENTATION_CONTEXT() REPRESENTATION_CONTEXT('2D SPACE',''
  ) );
#8747 = PCURVE('',#3544,#8748);
#8748 = DEFINITIONAL_REPRESENTATION('',(#8749),#8753);
#8749 = LINE('',#8750,#8751);
#8750 = CARTESIAN_POINT('',(0.,0.));
#8751 = VECTOR('',#8752,1.);
#8752 = DIRECTION('',(0.,-1.));
#8753 = ( GEOMETRIC_REPRESENTATION_CONTEXT(2) 
PARAMETRIC_REPRESENTATION_CONTEXT() REPRESENTATION_CONTEXT('2D SPACE',''
  ) );
#8754 = ADVANCED_FACE('',(#8755),#3760,.F.);
#8755 = FACE_BOUND('',#8756,.F.);
#8756 = EDGE_LOOP('',(#8757,#8780,#8801,#8802));
#8757 = ORIENTED_EDGE('',*,*,#8758,.F.);
#8758 = EDGE_CURVE('',#8759,#8661,#8761,.T.);
#8759 = VERTEX_POINT('',#8760);
#8760 = CARTESIAN_POINT('',(3.601751592357,1.453503184713,2.761008928571
    ));
#8761 = SURFACE_CURVE('',#8762,(#8766,#8773),.PCURVE_S1.);
#8762 = B_SPLINE_CURVE_WITH_KNOTS('',2,(#8763,#8764,#8765),
  .UNSPECIFIED.,.F.,.F.,(3,3),(0.,1.),.PIECEWISE_BEZIER_KNOTS.);
#8763 = CARTESIAN_POINT('',(3.601751592357,1.453503184713,2.761008928571
    ));
#8764 = CARTESIAN_POINT('',(3.601751592357,1.251592356688,2.761008928571
    ));
#8765 = CARTESIAN_POINT('',(3.488375796178,1.134394904459,2.761008928571
    ));
#8766 = PCURVE('',#3760,#8767);
#8767 = DEFINITIONAL_REPRESENTATION('',(#8768),#8772);
#8768 = LINE('',#8769,#8770);
#8769 = CARTESIAN_POINT('',(0.,0.));
#8770 = VECTOR('',#8771,1.);
#8771 = DIRECTION('',(1.,0.));
#8772 = ( GEOMETRIC_REPRESENTATION_CONTEXT(2) 
PARAMETRIC_REPRESENTATION_CONTEXT() REPRESENTATION_CONTEXT('2D SPACE',''
  ) );
#8773 = PCURVE('',#7965,#8774);
#8774 = DEFINITIONAL_REPRESENTATION('',(#8775),#8779);
#8775 = B_SPLINE_CURVE_WITH_KNOTS('',2,(#8776,#8777,#8778),
  .UNSPECIFIED.,.F.,.F.,(3,3),(0.,1.),.PIECEWISE_BEZIER_KNOTS.);
#8776 = CARTESIAN_POINT('',(-1.125741192784E-03,0.763488598883));
#8777 = CARTESIAN_POINT('',(0.200785086833,0.763488598883));
#8778 = CARTESIAN_POINT('',(0.317982539062,0.650112802704));
#8779 = ( GEOMETRIC_REPRESENTATION_CONTEXT(2) 
PARAMETRIC_REPRESENTATION_CONTEXT() REPRESENTATION_CONTEXT('2D SPACE',''
  ) );
#8780 = ORIENTED_EDGE('',*,*,#8781,.T.);
#8781 = EDGE_CURVE('',#8759,#3680,#8782,.T.);
#8782 = SURFACE_CURVE('',#8783,(#8787,#8794),.PCURVE_S1.);
#8783 = LINE('',#8784,#8785);
#8784 = CARTESIAN_POINT('',(3.601751592357,1.453503184713,2.761008928571
    ));
#8785 = VECTOR('',#8786,1.);
#8786 = DIRECTION('',(0.,0.,1.));
#8787 = PCURVE('',#3760,#8788);
#8788 = DEFINITIONAL_REPRESENTATION('',(#8789),#8793);
#8789 = LINE('',#8790,#8791);
#8790 = CARTESIAN_POINT('',(0.,0.));
#8791 = VECTOR('',#8792,1.);
#8792 = DIRECTION('',(0.,-1.));
#8793 = ( GEOMETRIC_REPRESENTATION_CONTEXT(2) 
PARAMETRIC_REPRESENTATION_CONTEXT() REPRESENTATION_CONTEXT('2D SPACE',''
  ) );
#8794 = PCURVE('',#3709,#8795);
#8795 = DEFINITIONAL_REPRESENTATION('',(#8796),#8800);
#8796 = LINE('',#8797,#8798);
#8797 = CARTESIAN_POINT('',(1.,0.));
#8798 = VECTOR('',#8799,1.);
#8799 = DIRECTION('',(0.,-1.));
#8800 = ( GEOMETRIC_REPRESENTATION_CONTEXT(2) 
PARAMETRIC_REPRESENTATION_CONTEXT() REPRESENTATION_CONTEXT('2D SPACE',''
  ) );
#8801 = ORIENTED_EDGE('',*,*,#3730,.F.);
#8802 = ORIENTED_EDGE('',*,*,#8683,.F.);
#8803 = ADVANCED_FACE('',(#8804),#3544,.F.);
#8804 = FACE_BOUND('',#8805,.F.);
#8805 = EDGE_LOOP('',(#8806,#8829,#8830,#8831));
#8806 = ORIENTED_EDGE('',*,*,#8807,.F.);
#8807 = EDGE_CURVE('',#8710,#8808,#8810,.T.);
#8808 = VERTEX_POINT('',#8809);
#8809 = CARTESIAN_POINT('',(3.377547770701,1.656050955414,2.761008928571
    ));
#8810 = SURFACE_CURVE('',#8811,(#8815,#8822),.PCURVE_S1.);
#8811 = B_SPLINE_CURVE_WITH_KNOTS('',2,(#8812,#8813,#8814),
  .UNSPECIFIED.,.F.,.F.,(3,3),(0.,1.),.PIECEWISE_BEZIER_KNOTS.);
#8812 = CARTESIAN_POINT('',(3.459076433121,1.457324840764,2.761008928571
    ));
#8813 = CARTESIAN_POINT('',(3.459076433121,1.58152866242,2.761008928571)
  );
#8814 = CARTESIAN_POINT('',(3.377547770701,1.656050955414,2.761008928571
    ));
#8815 = PCURVE('',#3544,#8816);
#8816 = DEFINITIONAL_REPRESENTATION('',(#8817),#8821);
#8817 = LINE('',#8818,#8819);
#8818 = CARTESIAN_POINT('',(0.,0.));
#8819 = VECTOR('',#8820,1.);
#8820 = DIRECTION('',(1.,0.));
#8821 = ( GEOMETRIC_REPRESENTATION_CONTEXT(2) 
PARAMETRIC_REPRESENTATION_CONTEXT() REPRESENTATION_CONTEXT('2D SPACE',''
  ) );
#8822 = PCURVE('',#7965,#8823);
#8823 = DEFINITIONAL_REPRESENTATION('',(#8824),#8828);
#8824 = B_SPLINE_CURVE_WITH_KNOTS('',2,(#8825,#8826,#8827),
  .UNSPECIFIED.,.F.,.F.,(3,3),(0.,1.),.PIECEWISE_BEZIER_KNOTS.);
#8825 = CARTESIAN_POINT('',(-4.947397243739E-03,0.620813439647));
#8826 = CARTESIAN_POINT('',(-0.1291512189,0.620813439647));
#8827 = CARTESIAN_POINT('',(-0.203673511893,0.539284777227));
#8828 = ( GEOMETRIC_REPRESENTATION_CONTEXT(2) 
PARAMETRIC_REPRESENTATION_CONTEXT() REPRESENTATION_CONTEXT('2D SPACE',''
  ) );
#8829 = ORIENTED_EDGE('',*,*,#8734,.T.);
#8830 = ORIENTED_EDGE('',*,*,#3518,.F.);
#8831 = ORIENTED_EDGE('',*,*,#8832,.F.);
#8832 = EDGE_CURVE('',#8808,#3519,#8833,.T.);
#8833 = SURFACE_CURVE('',#8834,(#8838,#8845),.PCURVE_S1.);
#8834 = LINE('',#8835,#8836);
#8835 = CARTESIAN_POINT('',(3.377547770701,1.656050955414,2.761008928571
    ));
#8836 = VECTOR('',#8837,1.);
#8837 = DIRECTION('',(0.,0.,1.));
#8838 = PCURVE('',#3544,#8839);
#8839 = DEFINITIONAL_REPRESENTATION('',(#8840),#8844);
#8840 = LINE('',#8841,#8842);
#8841 = CARTESIAN_POINT('',(1.,0.));
#8842 = VECTOR('',#8843,1.);
#8843 = DIRECTION('',(0.,-1.));
#8844 = ( GEOMETRIC_REPRESENTATION_CONTEXT(2) 
PARAMETRIC_REPRESENTATION_CONTEXT() REPRESENTATION_CONTEXT('2D SPACE',''
  ) );
#8845 = PCURVE('',#3585,#8846);
#8846 = DEFINITIONAL_REPRESENTATION('',(#8847),#8851);
#8847 = LINE('',#8848,#8849);
#8848 = CARTESIAN_POINT('',(0.,0.));
#8849 = VECTOR('',#8850,1.);
#8850 = DIRECTION('',(0.,-1.));
#8851 = ( GEOMETRIC_REPRESENTATION_CONTEXT(2) 
PARAMETRIC_REPRESENTATION_CONTEXT() REPRESENTATION_CONTEXT('2D SPACE',''
  ) );
#8852 = ADVANCED_FACE('',(#8853),#3709,.F.);
#8853 = FACE_BOUND('',#8854,.F.);
#8854 = EDGE_LOOP('',(#8855,#8878,#8899,#8900));
#8855 = ORIENTED_EDGE('',*,*,#8856,.F.);
#8856 = EDGE_CURVE('',#8857,#8759,#8859,.T.);
#8857 = VERTEX_POINT('',#8858);
#8858 = CARTESIAN_POINT('',(3.491560509554,1.771337579618,2.761008928571
    ));
#8859 = SURFACE_CURVE('',#8860,(#8864,#8871),.PCURVE_S1.);
#8860 = B_SPLINE_CURVE_WITH_KNOTS('',2,(#8861,#8862,#8863),
  .UNSPECIFIED.,.F.,.F.,(3,3),(0.,1.),.PIECEWISE_BEZIER_KNOTS.);
#8861 = CARTESIAN_POINT('',(3.491560509554,1.771337579618,2.761008928571
    ));
#8862 = CARTESIAN_POINT('',(3.601751592357,1.652866242038,2.761008928571
    ));
#8863 = CARTESIAN_POINT('',(3.601751592357,1.453503184713,2.761008928571
    ));
#8864 = PCURVE('',#3709,#8865);
#8865 = DEFINITIONAL_REPRESENTATION('',(#8866),#8870);
#8866 = LINE('',#8867,#8868);
#8867 = CARTESIAN_POINT('',(0.,0.));
#8868 = VECTOR('',#8869,1.);
#8869 = DIRECTION('',(1.,0.));
#8870 = ( GEOMETRIC_REPRESENTATION_CONTEXT(2) 
PARAMETRIC_REPRESENTATION_CONTEXT() REPRESENTATION_CONTEXT('2D SPACE',''
  ) );
#8871 = PCURVE('',#7965,#8872);
#8872 = DEFINITIONAL_REPRESENTATION('',(#8873),#8877);
#8873 = B_SPLINE_CURVE_WITH_KNOTS('',2,(#8874,#8875,#8876),
  .UNSPECIFIED.,.F.,.F.,(3,3),(0.,1.),.PIECEWISE_BEZIER_KNOTS.);
#8874 = CARTESIAN_POINT('',(-0.318960136097,0.65329751608));
#8875 = CARTESIAN_POINT('',(-0.200488798518,0.763488598883));
#8876 = CARTESIAN_POINT('',(-1.125741192784E-03,0.763488598883));
#8877 = ( GEOMETRIC_REPRESENTATION_CONTEXT(2) 
PARAMETRIC_REPRESENTATION_CONTEXT() REPRESENTATION_CONTEXT('2D SPACE',''
  ) );
#8878 = ORIENTED_EDGE('',*,*,#8879,.T.);
#8879 = EDGE_CURVE('',#8857,#3629,#8880,.T.);
#8880 = SURFACE_CURVE('',#8881,(#8885,#8892),.PCURVE_S1.);
#8881 = LINE('',#8882,#8883);
#8882 = CARTESIAN_POINT('',(3.491560509554,1.771337579618,2.761008928571
    ));
#8883 = VECTOR('',#8884,1.);
#8884 = DIRECTION('',(0.,0.,1.));
#8885 = PCURVE('',#3709,#8886);
#8886 = DEFINITIONAL_REPRESENTATION('',(#8887),#8891);
#8887 = LINE('',#8888,#8889);
#8888 = CARTESIAN_POINT('',(0.,0.));
#8889 = VECTOR('',#8890,1.);
#8890 = DIRECTION('',(0.,-1.));
#8891 = ( GEOMETRIC_REPRESENTATION_CONTEXT(2) 
PARAMETRIC_REPRESENTATION_CONTEXT() REPRESENTATION_CONTEXT('2D SPACE',''
  ) );
#8892 = PCURVE('',#3658,#8893);
#8893 = DEFINITIONAL_REPRESENTATION('',(#8894),#8898);
#8894 = LINE('',#8895,#8896);
#8895 = CARTESIAN_POINT('',(1.,0.));
#8896 = VECTOR('',#8897,1.);
#8897 = DIRECTION('',(0.,-1.));
#8898 = ( GEOMETRIC_REPRESENTATION_CONTEXT(2) 
PARAMETRIC_REPRESENTATION_CONTEXT() REPRESENTATION_CONTEXT('2D SPACE',''
  ) );
#8899 = ORIENTED_EDGE('',*,*,#3679,.F.);
#8900 = ORIENTED_EDGE('',*,*,#8781,.F.);
#8901 = ADVANCED_FACE('',(#8902),#3585,.F.);
#8902 = FACE_BOUND('',#8903,.F.);
#8903 = EDGE_LOOP('',(#8904,#8927,#8928,#8929));
#8904 = ORIENTED_EDGE('',*,*,#8905,.F.);
#8905 = EDGE_CURVE('',#8808,#8906,#8908,.T.);
#8906 = VERTEX_POINT('',#8907);
#8907 = CARTESIAN_POINT('',(3.153343949045,1.731210191083,2.761008928571
    ));
#8908 = SURFACE_CURVE('',#8909,(#8913,#8920),.PCURVE_S1.);
#8909 = B_SPLINE_CURVE_WITH_KNOTS('',2,(#8910,#8911,#8912),
  .UNSPECIFIED.,.F.,.F.,(3,3),(0.,1.),.PIECEWISE_BEZIER_KNOTS.);
#8910 = CARTESIAN_POINT('',(3.377547770701,1.656050955414,2.761008928571
    ));
#8911 = CARTESIAN_POINT('',(3.296656050955,1.730573248408,2.761008928571
    ));
#8912 = CARTESIAN_POINT('',(3.153343949045,1.731210191083,2.761008928571
    ));
#8913 = PCURVE('',#3585,#8914);
#8914 = DEFINITIONAL_REPRESENTATION('',(#8915),#8919);
#8915 = LINE('',#8916,#8917);
#8916 = CARTESIAN_POINT('',(0.,0.));
#8917 = VECTOR('',#8918,1.);
#8918 = DIRECTION('',(1.,0.));
#8919 = ( GEOMETRIC_REPRESENTATION_CONTEXT(2) 
PARAMETRIC_REPRESENTATION_CONTEXT() REPRESENTATION_CONTEXT('2D SPACE',''
  ) );
#8920 = PCURVE('',#7965,#8921);
#8921 = DEFINITIONAL_REPRESENTATION('',(#8922),#8926);
#8922 = B_SPLINE_CURVE_WITH_KNOTS('',2,(#8923,#8924,#8925),
  .UNSPECIFIED.,.F.,.F.,(3,3),(0.,1.),.PIECEWISE_BEZIER_KNOTS.);
#8923 = CARTESIAN_POINT('',(-0.203673511893,0.539284777227));
#8924 = CARTESIAN_POINT('',(-0.278195804887,0.458393057481));
#8925 = CARTESIAN_POINT('',(-0.278832747562,0.315080955571));
#8926 = ( GEOMETRIC_REPRESENTATION_CONTEXT(2) 
PARAMETRIC_REPRESENTATION_CONTEXT() REPRESENTATION_CONTEXT('2D SPACE',''
  ) );
#8927 = ORIENTED_EDGE('',*,*,#8832,.T.);
#8928 = ORIENTED_EDGE('',*,*,#3563,.F.);
#8929 = ORIENTED_EDGE('',*,*,#8930,.F.);
#8930 = EDGE_CURVE('',#8906,#3564,#8931,.T.);
#8931 = SURFACE_CURVE('',#8932,(#8936,#8943),.PCURVE_S1.);
#8932 = LINE('',#8933,#8934);
#8933 = CARTESIAN_POINT('',(3.153343949045,1.731210191083,2.761008928571
    ));
#8934 = VECTOR('',#8935,1.);
#8935 = DIRECTION('',(0.,0.,1.));
#8936 = PCURVE('',#3585,#8937);
#8937 = DEFINITIONAL_REPRESENTATION('',(#8938),#8942);
#8938 = LINE('',#8939,#8940);
#8939 = CARTESIAN_POINT('',(1.,0.));
#8940 = VECTOR('',#8941,1.);
#8941 = DIRECTION('',(0.,-1.));
#8942 = ( GEOMETRIC_REPRESENTATION_CONTEXT(2) 
PARAMETRIC_REPRESENTATION_CONTEXT() REPRESENTATION_CONTEXT('2D SPACE',''
  ) );
#8943 = PCURVE('',#3617,#8944);
#8944 = DEFINITIONAL_REPRESENTATION('',(#8945),#8949);
#8945 = LINE('',#8946,#8947);
#8946 = CARTESIAN_POINT('',(0.,0.));
#8947 = VECTOR('',#8948,1.);
#8948 = DIRECTION('',(0.,-1.));
#8949 = ( GEOMETRIC_REPRESENTATION_CONTEXT(2) 
PARAMETRIC_REPRESENTATION_CONTEXT() REPRESENTATION_CONTEXT('2D SPACE',''
  ) );
#8950 = ADVANCED_FACE('',(#8951),#3658,.F.);
#8951 = FACE_BOUND('',#8952,.F.);
#8952 = EDGE_LOOP('',(#8953,#8976,#8997,#8998));
#8953 = ORIENTED_EDGE('',*,*,#8954,.F.);
#8954 = EDGE_CURVE('',#8955,#8857,#8957,.T.);
#8955 = VERTEX_POINT('',#8956);
#8956 = CARTESIAN_POINT('',(3.172452229299,1.908280254777,2.761008928571
    ));
#8957 = SURFACE_CURVE('',#8958,(#8962,#8969),.PCURVE_S1.);
#8958 = B_SPLINE_CURVE_WITH_KNOTS('',2,(#8959,#8960,#8961),
  .UNSPECIFIED.,.F.,.F.,(3,3),(0.,1.),.PIECEWISE_BEZIER_KNOTS.);
#8959 = CARTESIAN_POINT('',(3.172452229299,1.908280254777,2.761008928571
    ));
#8960 = CARTESIAN_POINT('',(3.382006369427,1.889808917197,2.761008928571
    ));
#8961 = CARTESIAN_POINT('',(3.491560509554,1.771337579618,2.761008928571
    ));
#8962 = PCURVE('',#3658,#8963);
#8963 = DEFINITIONAL_REPRESENTATION('',(#8964),#8968);
#8964 = LINE('',#8965,#8966);
#8965 = CARTESIAN_POINT('',(0.,0.));
#8966 = VECTOR('',#8967,1.);
#8967 = DIRECTION('',(1.,0.));
#8968 = ( GEOMETRIC_REPRESENTATION_CONTEXT(2) 
PARAMETRIC_REPRESENTATION_CONTEXT() REPRESENTATION_CONTEXT('2D SPACE',''
  ) );
#8969 = PCURVE('',#7965,#8970);
#8970 = DEFINITIONAL_REPRESENTATION('',(#8971),#8975);
#8971 = B_SPLINE_CURVE_WITH_KNOTS('',2,(#8972,#8973,#8974),
  .UNSPECIFIED.,.F.,.F.,(3,3),(0.,1.),.PIECEWISE_BEZIER_KNOTS.);
#8972 = CARTESIAN_POINT('',(-0.455902811256,0.334189235825));
#8973 = CARTESIAN_POINT('',(-0.437431473677,0.543743375953));
#8974 = CARTESIAN_POINT('',(-0.318960136097,0.65329751608));
#8975 = ( GEOMETRIC_REPRESENTATION_CONTEXT(2) 
PARAMETRIC_REPRESENTATION_CONTEXT() REPRESENTATION_CONTEXT('2D SPACE',''
  ) );
#8976 = ORIENTED_EDGE('',*,*,#8977,.T.);
#8977 = EDGE_CURVE('',#8955,#3603,#8978,.T.);
#8978 = SURFACE_CURVE('',#8979,(#8983,#8990),.PCURVE_S1.);
#8979 = LINE('',#8980,#8981);
#8980 = CARTESIAN_POINT('',(3.172452229299,1.908280254777,2.761008928571
    ));
#8981 = VECTOR('',#8982,1.);
#8982 = DIRECTION('',(0.,0.,1.));
#8983 = PCURVE('',#3658,#8984);
#8984 = DEFINITIONAL_REPRESENTATION('',(#8985),#8989);
#8985 = LINE('',#8986,#8987);
#8986 = CARTESIAN_POINT('',(0.,0.));
#8987 = VECTOR('',#8988,1.);
#8988 = DIRECTION('',(0.,-1.));
#8989 = ( GEOMETRIC_REPRESENTATION_CONTEXT(2) 
PARAMETRIC_REPRESENTATION_CONTEXT() REPRESENTATION_CONTEXT('2D SPACE',''
  ) );
#8990 = PCURVE('',#3617,#8991);
#8991 = DEFINITIONAL_REPRESENTATION('',(#8992),#8996);
#8992 = LINE('',#8993,#8994);
#8993 = CARTESIAN_POINT('',(0.178098101705,0.));
#8994 = VECTOR('',#8995,1.);
#8995 = DIRECTION('',(0.,-1.));
#8996 = ( GEOMETRIC_REPRESENTATION_CONTEXT(2) 
PARAMETRIC_REPRESENTATION_CONTEXT() REPRESENTATION_CONTEXT('2D SPACE',''
  ) );
#8997 = ORIENTED_EDGE('',*,*,#3628,.F.);
#8998 = ORIENTED_EDGE('',*,*,#8879,.F.);
#8999 = ADVANCED_FACE('',(#9000),#3617,.F.);
#9000 = FACE_BOUND('',#9001,.F.);
#9001 = EDGE_LOOP('',(#9002,#9023,#9024,#9025));
#9002 = ORIENTED_EDGE('',*,*,#9003,.F.);
#9003 = EDGE_CURVE('',#8906,#8955,#9004,.T.);
#9004 = SURFACE_CURVE('',#9005,(#9009,#9016),.PCURVE_S1.);
#9005 = LINE('',#9006,#9007);
#9006 = CARTESIAN_POINT('',(3.153343949045,1.731210191083,2.761008928571
    ));
#9007 = VECTOR('',#9008,1.);
#9008 = DIRECTION('',(0.107290757576,0.99422768687,0.));
#9009 = PCURVE('',#3617,#9010);
#9010 = DEFINITIONAL_REPRESENTATION('',(#9011),#9015);
#9011 = LINE('',#9012,#9013);
#9012 = CARTESIAN_POINT('',(0.,0.));
#9013 = VECTOR('',#9014,1.);
#9014 = DIRECTION('',(1.,0.));
#9015 = ( GEOMETRIC_REPRESENTATION_CONTEXT(2) 
PARAMETRIC_REPRESENTATION_CONTEXT() REPRESENTATION_CONTEXT('2D SPACE',''
  ) );
#9016 = PCURVE('',#7965,#9017);
#9017 = DEFINITIONAL_REPRESENTATION('',(#9018),#9022);
#9018 = LINE('',#9019,#9020);
#9019 = CARTESIAN_POINT('',(-0.278832747562,0.315080955571));
#9020 = VECTOR('',#9021,1.);
#9021 = DIRECTION('',(-0.99422768687,0.107290757576));
#9022 = ( GEOMETRIC_REPRESENTATION_CONTEXT(2) 
PARAMETRIC_REPRESENTATION_CONTEXT() REPRESENTATION_CONTEXT('2D SPACE',''
  ) );
#9023 = ORIENTED_EDGE('',*,*,#8930,.T.);
#9024 = ORIENTED_EDGE('',*,*,#3602,.F.);
#9025 = ORIENTED_EDGE('',*,*,#8977,.F.);
#9026 = ADVANCED_FACE('',(#9027),#4076,.F.);
#9027 = FACE_BOUND('',#9028,.T.);
#9028 = EDGE_LOOP('',(#9029,#9053,#9074,#9075));
#9029 = ORIENTED_EDGE('',*,*,#9030,.T.);
#9030 = EDGE_CURVE('',#9031,#9031,#9033,.T.);
#9031 = VERTEX_POINT('',#9032);
#9032 = CARTESIAN_POINT('',(10.65,0.,1.440504464286));
#9033 = SURFACE_CURVE('',#9034,(#9039,#9046),.PCURVE_S1.);
#9034 = CIRCLE('',#9035,3.15);
#9035 = AXIS2_PLACEMENT_3D('',#9036,#9037,#9038);
#9036 = CARTESIAN_POINT('',(7.5,0.,1.440504464286));
#9037 = DIRECTION('',(0.,0.,-1.));
#9038 = DIRECTION('',(1.,0.,0.));
#9039 = PCURVE('',#4076,#9040);
#9040 = DEFINITIONAL_REPRESENTATION('',(#9041),#9045);
#9041 = LINE('',#9042,#9043);
#9042 = CARTESIAN_POINT('',(-6.28318530718,-1.440504464286));
#9043 = VECTOR('',#9044,1.);
#9044 = DIRECTION('',(1.,-0.));
#9045 = ( GEOMETRIC_REPRESENTATION_CONTEXT(2) 
PARAMETRIC_REPRESENTATION_CONTEXT() REPRESENTATION_CONTEXT('2D SPACE',''
  ) );
#9046 = PCURVE('',#5603,#9047);
#9047 = DEFINITIONAL_REPRESENTATION('',(#9048),#9052);
#9048 = CIRCLE('',#9049,3.15);
#9049 = AXIS2_PLACEMENT_2D('',#9050,#9051);
#9050 = CARTESIAN_POINT('',(5.5,-7.5));
#9051 = DIRECTION('',(0.,-1.));
#9052 = ( GEOMETRIC_REPRESENTATION_CONTEXT(2) 
PARAMETRIC_REPRESENTATION_CONTEXT() REPRESENTATION_CONTEXT('2D SPACE',''
  ) );
#9053 = ORIENTED_EDGE('',*,*,#9054,.T.);
#9054 = EDGE_CURVE('',#9031,#4060,#9055,.T.);
#9055 = SEAM_CURVE('',#9056,(#9060,#9067),.PCURVE_S1.);
#9056 = LINE('',#9057,#9058);
#9057 = CARTESIAN_POINT('',(10.65,0.,0.));
#9058 = VECTOR('',#9059,1.);
#9059 = DIRECTION('',(0.,0.,1.));
#9060 = PCURVE('',#4076,#9061);
#9061 = DEFINITIONAL_REPRESENTATION('',(#9062),#9066);
#9062 = LINE('',#9063,#9064);
#9063 = CARTESIAN_POINT('',(-6.28318530718,0.));
#9064 = VECTOR('',#9065,1.);
#9065 = DIRECTION('',(-0.,-1.));
#9066 = ( GEOMETRIC_REPRESENTATION_CONTEXT(2) 
PARAMETRIC_REPRESENTATION_CONTEXT() REPRESENTATION_CONTEXT('2D SPACE',''
  ) );
#9067 = PCURVE('',#4076,#9068);
#9068 = DEFINITIONAL_REPRESENTATION('',(#9069),#9073);
#9069 = LINE('',#9070,#9071);
#9070 = CARTESIAN_POINT('',(-0.,0.));
#9071 = VECTOR('',#9072,1.);
#9072 = DIRECTION('',(-0.,-1.));
#9073 = ( GEOMETRIC_REPRESENTATION_CONTEXT(2) 
PARAMETRIC_REPRESENTATION_CONTEXT() REPRESENTATION_CONTEXT('2D SPACE',''
  ) );
#9074 = ORIENTED_EDGE('',*,*,#4059,.T.);
#9075 = ORIENTED_EDGE('',*,*,#9054,.F.);
#9076 = ADVANCED_FACE('',(#9077),#4107,.F.);
#9077 = FACE_BOUND('',#9078,.F.);
#9078 = EDGE_LOOP('',(#9079,#9109,#9130,#9131));
#9079 = ORIENTED_EDGE('',*,*,#9080,.F.);
#9080 = EDGE_CURVE('',#9081,#9083,#9085,.T.);
#9081 = VERTEX_POINT('',#9082);
#9082 = CARTESIAN_POINT('',(12.075,0.35,2.761008928571));
#9083 = VERTEX_POINT('',#9084);
#9084 = CARTESIAN_POINT('',(12.075,1.65,2.761008928571));
#9085 = SURFACE_CURVE('',#9086,(#9090,#9097),.PCURVE_S1.);
#9086 = LINE('',#9087,#9088);
#9087 = CARTESIAN_POINT('',(12.075,0.35,2.761008928571));
#9088 = VECTOR('',#9089,1.);
#9089 = DIRECTION('',(-1.588472942925E-15,1.,0.));
#9090 = PCURVE('',#4107,#9091);
#9091 = DEFINITIONAL_REPRESENTATION('',(#9092),#9096);
#9092 = LINE('',#9093,#9094);
#9093 = CARTESIAN_POINT('',(0.,0.));
#9094 = VECTOR('',#9095,1.);
#9095 = DIRECTION('',(1.,0.));
#9096 = ( GEOMETRIC_REPRESENTATION_CONTEXT(2) 
PARAMETRIC_REPRESENTATION_CONTEXT() REPRESENTATION_CONTEXT('2D SPACE',''
  ) );
#9097 = PCURVE('',#9098,#9103);
#9098 = PLANE('',#9099);
#9099 = AXIS2_PLACEMENT_3D('',#9100,#9101,#9102);
#9100 = CARTESIAN_POINT('',(13.551388888889,1.388888888889E-02,
    2.761008928571));
#9101 = DIRECTION('',(0.,0.,1.));
#9102 = DIRECTION('',(1.,0.,0.));
#9103 = DEFINITIONAL_REPRESENTATION('',(#9104),#9108);
#9104 = LINE('',#9105,#9106);
#9105 = CARTESIAN_POINT('',(-1.476388888889,0.336111111111));
#9106 = VECTOR('',#9107,1.);
#9107 = DIRECTION('',(-1.588472942925E-15,1.));
#9108 = ( GEOMETRIC_REPRESENTATION_CONTEXT(2) 
PARAMETRIC_REPRESENTATION_CONTEXT() REPRESENTATION_CONTEXT('2D SPACE',''
  ) );
#9109 = ORIENTED_EDGE('',*,*,#9110,.T.);
#9110 = EDGE_CURVE('',#9081,#4093,#9111,.T.);
#9111 = SURFACE_CURVE('',#9112,(#9116,#9123),.PCURVE_S1.);
#9112 = LINE('',#9113,#9114);
#9113 = CARTESIAN_POINT('',(12.075,0.35,2.761008928571));
#9114 = VECTOR('',#9115,1.);
#9115 = DIRECTION('',(0.,0.,1.));
#9116 = PCURVE('',#4107,#9117);
#9117 = DEFINITIONAL_REPRESENTATION('',(#9118),#9122);
#9118 = LINE('',#9119,#9120);
#9119 = CARTESIAN_POINT('',(0.,0.));
#9120 = VECTOR('',#9121,1.);
#9121 = DIRECTION('',(0.,-1.));
#9122 = ( GEOMETRIC_REPRESENTATION_CONTEXT(2) 
PARAMETRIC_REPRESENTATION_CONTEXT() REPRESENTATION_CONTEXT('2D SPACE',''
  ) );
#9123 = PCURVE('',#4651,#9124);
#9124 = DEFINITIONAL_REPRESENTATION('',(#9125),#9129);
#9125 = LINE('',#9126,#9127);
#9126 = CARTESIAN_POINT('',(0.,0.));
#9127 = VECTOR('',#9128,1.);
#9128 = DIRECTION('',(0.,-1.));
#9129 = ( GEOMETRIC_REPRESENTATION_CONTEXT(2) 
PARAMETRIC_REPRESENTATION_CONTEXT() REPRESENTATION_CONTEXT('2D SPACE',''
  ) );
#9130 = ORIENTED_EDGE('',*,*,#4090,.F.);
#9131 = ORIENTED_EDGE('',*,*,#9132,.F.);
#9132 = EDGE_CURVE('',#9083,#4091,#9133,.T.);
#9133 = SURFACE_CURVE('',#9134,(#9138,#9145),.PCURVE_S1.);
#9134 = LINE('',#9135,#9136);
#9135 = CARTESIAN_POINT('',(12.075,1.65,2.761008928571));
#9136 = VECTOR('',#9137,1.);
#9137 = DIRECTION('',(0.,0.,1.));
#9138 = PCURVE('',#4107,#9139);
#9139 = DEFINITIONAL_REPRESENTATION('',(#9140),#9144);
#9140 = LINE('',#9141,#9142);
#9141 = CARTESIAN_POINT('',(1.3,0.));
#9142 = VECTOR('',#9143,1.);
#9143 = DIRECTION('',(0.,-1.));
#9144 = ( GEOMETRIC_REPRESENTATION_CONTEXT(2) 
PARAMETRIC_REPRESENTATION_CONTEXT() REPRESENTATION_CONTEXT('2D SPACE',''
  ) );
#9145 = PCURVE('',#4133,#9146);
#9146 = DEFINITIONAL_REPRESENTATION('',(#9147),#9151);
#9147 = LINE('',#9148,#9149);
#9148 = CARTESIAN_POINT('',(0.,0.));
#9149 = VECTOR('',#9150,1.);
#9150 = DIRECTION('',(0.,-1.));
#9151 = ( GEOMETRIC_REPRESENTATION_CONTEXT(2) 
PARAMETRIC_REPRESENTATION_CONTEXT() REPRESENTATION_CONTEXT('2D SPACE',''
  ) );
#9152 = ADVANCED_FACE('',(#9153),#4133,.F.);
#9153 = FACE_BOUND('',#9154,.F.);
#9154 = EDGE_LOOP('',(#9155,#9178,#9179,#9180));
#9155 = ORIENTED_EDGE('',*,*,#9156,.F.);
#9156 = EDGE_CURVE('',#9083,#9157,#9159,.T.);
#9157 = VERTEX_POINT('',#9158);
#9158 = CARTESIAN_POINT('',(15.075,1.65,2.761008928571));
#9159 = SURFACE_CURVE('',#9160,(#9164,#9171),.PCURVE_S1.);
#9160 = LINE('',#9161,#9162);
#9161 = CARTESIAN_POINT('',(12.075,1.65,2.761008928571));
#9162 = VECTOR('',#9163,1.);
#9163 = DIRECTION('',(1.,2.22044604925E-16,0.));
#9164 = PCURVE('',#4133,#9165);
#9165 = DEFINITIONAL_REPRESENTATION('',(#9166),#9170);
#9166 = LINE('',#9167,#9168);
#9167 = CARTESIAN_POINT('',(0.,0.));
#9168 = VECTOR('',#9169,1.);
#9169 = DIRECTION('',(1.,0.));
#9170 = ( GEOMETRIC_REPRESENTATION_CONTEXT(2) 
PARAMETRIC_REPRESENTATION_CONTEXT() REPRESENTATION_CONTEXT('2D SPACE',''
  ) );
#9171 = PCURVE('',#9098,#9172);
#9172 = DEFINITIONAL_REPRESENTATION('',(#9173),#9177);
#9173 = LINE('',#9174,#9175);
#9174 = CARTESIAN_POINT('',(-1.476388888889,1.636111111111));
#9175 = VECTOR('',#9176,1.);
#9176 = DIRECTION('',(1.,2.22044604925E-16));
#9177 = ( GEOMETRIC_REPRESENTATION_CONTEXT(2) 
PARAMETRIC_REPRESENTATION_CONTEXT() REPRESENTATION_CONTEXT('2D SPACE',''
  ) );
#9178 = ORIENTED_EDGE('',*,*,#9132,.T.);
#9179 = ORIENTED_EDGE('',*,*,#4118,.F.);
#9180 = ORIENTED_EDGE('',*,*,#9181,.F.);
#9181 = EDGE_CURVE('',#9157,#4119,#9182,.T.);
#9182 = SURFACE_CURVE('',#9183,(#9187,#9194),.PCURVE_S1.);
#9183 = LINE('',#9184,#9185);
#9184 = CARTESIAN_POINT('',(15.075,1.65,2.761008928571));
#9185 = VECTOR('',#9186,1.);
#9186 = DIRECTION('',(0.,0.,1.));
#9187 = PCURVE('',#4133,#9188);
#9188 = DEFINITIONAL_REPRESENTATION('',(#9189),#9193);
#9189 = LINE('',#9190,#9191);
#9190 = CARTESIAN_POINT('',(3.,0.));
#9191 = VECTOR('',#9192,1.);
#9192 = DIRECTION('',(0.,-1.));
#9193 = ( GEOMETRIC_REPRESENTATION_CONTEXT(2) 
PARAMETRIC_REPRESENTATION_CONTEXT() REPRESENTATION_CONTEXT('2D SPACE',''
  ) );
#9194 = PCURVE('',#4159,#9195);
#9195 = DEFINITIONAL_REPRESENTATION('',(#9196),#9200);
#9196 = LINE('',#9197,#9198);
#9197 = CARTESIAN_POINT('',(0.,0.));
#9198 = VECTOR('',#9199,1.);
#9199 = DIRECTION('',(0.,-1.));
#9200 = ( GEOMETRIC_REPRESENTATION_CONTEXT(2) 
PARAMETRIC_REPRESENTATION_CONTEXT() REPRESENTATION_CONTEXT('2D SPACE',''
  ) );
#9201 = ADVANCED_FACE('',(#9202),#4651,.T.);
#9202 = FACE_BOUND('',#9203,.T.);
#9203 = EDGE_LOOP('',(#9204,#9227,#9228,#9229));
#9204 = ORIENTED_EDGE('',*,*,#9205,.F.);
#9205 = EDGE_CURVE('',#9081,#9206,#9208,.T.);
#9206 = VERTEX_POINT('',#9207);
#9207 = CARTESIAN_POINT('',(12.775,0.35,2.761008928571));
#9208 = SURFACE_CURVE('',#9209,(#9213,#9220),.PCURVE_S1.);
#9209 = LINE('',#9210,#9211);
#9210 = CARTESIAN_POINT('',(12.075,0.35,2.761008928571));
#9211 = VECTOR('',#9212,1.);
#9212 = DIRECTION('',(1.,2.22044604925E-16,0.));
#9213 = PCURVE('',#4651,#9214);
#9214 = DEFINITIONAL_REPRESENTATION('',(#9215),#9219);
#9215 = LINE('',#9216,#9217);
#9216 = CARTESIAN_POINT('',(0.,0.));
#9217 = VECTOR('',#9218,1.);
#9218 = DIRECTION('',(1.,0.));
#9219 = ( GEOMETRIC_REPRESENTATION_CONTEXT(2) 
PARAMETRIC_REPRESENTATION_CONTEXT() REPRESENTATION_CONTEXT('2D SPACE',''
  ) );
#9220 = PCURVE('',#9098,#9221);
#9221 = DEFINITIONAL_REPRESENTATION('',(#9222),#9226);
#9222 = LINE('',#9223,#9224);
#9223 = CARTESIAN_POINT('',(-1.476388888889,0.336111111111));
#9224 = VECTOR('',#9225,1.);
#9225 = DIRECTION('',(1.,2.22044604925E-16));
#9226 = ( GEOMETRIC_REPRESENTATION_CONTEXT(2) 
PARAMETRIC_REPRESENTATION_CONTEXT() REPRESENTATION_CONTEXT('2D SPACE',''
  ) );
#9227 = ORIENTED_EDGE('',*,*,#9110,.T.);
#9228 = ORIENTED_EDGE('',*,*,#4638,.F.);
#9229 = ORIENTED_EDGE('',*,*,#9230,.F.);
#9230 = EDGE_CURVE('',#9206,#4613,#9231,.T.);
#9231 = SURFACE_CURVE('',#9232,(#9236,#9243),.PCURVE_S1.);
#9232 = LINE('',#9233,#9234);
#9233 = CARTESIAN_POINT('',(12.775,0.35,2.761008928571));
#9234 = VECTOR('',#9235,1.);
#9235 = DIRECTION('',(0.,0.,1.));
#9236 = PCURVE('',#4651,#9237);
#9237 = DEFINITIONAL_REPRESENTATION('',(#9238),#9242);
#9238 = LINE('',#9239,#9240);
#9239 = CARTESIAN_POINT('',(0.7,0.));
#9240 = VECTOR('',#9241,1.);
#9241 = DIRECTION('',(0.,-1.));
#9242 = ( GEOMETRIC_REPRESENTATION_CONTEXT(2) 
PARAMETRIC_REPRESENTATION_CONTEXT() REPRESENTATION_CONTEXT('2D SPACE',''
  ) );
#9243 = PCURVE('',#4627,#9244);
#9244 = DEFINITIONAL_REPRESENTATION('',(#9245),#9249);
#9245 = LINE('',#9246,#9247);
#9246 = CARTESIAN_POINT('',(0.,0.));
#9247 = VECTOR('',#9248,1.);
#9248 = DIRECTION('',(0.,-1.));
#9249 = ( GEOMETRIC_REPRESENTATION_CONTEXT(2) 
PARAMETRIC_REPRESENTATION_CONTEXT() REPRESENTATION_CONTEXT('2D SPACE',''
  ) );
#9250 = ADVANCED_FACE('',(#9251),#4159,.F.);
#9251 = FACE_BOUND('',#9252,.F.);
#9252 = EDGE_LOOP('',(#9253,#9276,#9277,#9278));
#9253 = ORIENTED_EDGE('',*,*,#9254,.F.);
#9254 = EDGE_CURVE('',#9157,#9255,#9257,.T.);
#9255 = VERTEX_POINT('',#9256);
#9256 = CARTESIAN_POINT('',(15.075,-0.65,2.761008928571));
#9257 = SURFACE_CURVE('',#9258,(#9262,#9269),.PCURVE_S1.);
#9258 = LINE('',#9259,#9260);
#9259 = CARTESIAN_POINT('',(15.075,1.65,2.761008928571));
#9260 = VECTOR('',#9261,1.);
#9261 = DIRECTION('',(2.22044604925E-16,-1.,0.));
#9262 = PCURVE('',#4159,#9263);
#9263 = DEFINITIONAL_REPRESENTATION('',(#9264),#9268);
#9264 = LINE('',#9265,#9266);
#9265 = CARTESIAN_POINT('',(0.,0.));
#9266 = VECTOR('',#9267,1.);
#9267 = DIRECTION('',(1.,0.));
#9268 = ( GEOMETRIC_REPRESENTATION_CONTEXT(2) 
PARAMETRIC_REPRESENTATION_CONTEXT() REPRESENTATION_CONTEXT('2D SPACE',''
  ) );
#9269 = PCURVE('',#9098,#9270);
#9270 = DEFINITIONAL_REPRESENTATION('',(#9271),#9275);
#9271 = LINE('',#9272,#9273);
#9272 = CARTESIAN_POINT('',(1.523611111111,1.636111111111));
#9273 = VECTOR('',#9274,1.);
#9274 = DIRECTION('',(2.22044604925E-16,-1.));
#9275 = ( GEOMETRIC_REPRESENTATION_CONTEXT(2) 
PARAMETRIC_REPRESENTATION_CONTEXT() REPRESENTATION_CONTEXT('2D SPACE',''
  ) );
#9276 = ORIENTED_EDGE('',*,*,#9181,.T.);
#9277 = ORIENTED_EDGE('',*,*,#4144,.F.);
#9278 = ORIENTED_EDGE('',*,*,#9279,.F.);
#9279 = EDGE_CURVE('',#9255,#4145,#9280,.T.);
#9280 = SURFACE_CURVE('',#9281,(#9285,#9292),.PCURVE_S1.);
#9281 = LINE('',#9282,#9283);
#9282 = CARTESIAN_POINT('',(15.075,-0.65,2.761008928571));
#9283 = VECTOR('',#9284,1.);
#9284 = DIRECTION('',(0.,0.,1.));
#9285 = PCURVE('',#4159,#9286);
#9286 = DEFINITIONAL_REPRESENTATION('',(#9287),#9291);
#9287 = LINE('',#9288,#9289);
#9288 = CARTESIAN_POINT('',(2.3,0.));
#9289 = VECTOR('',#9290,1.);
#9290 = DIRECTION('',(0.,-1.));
#9291 = ( GEOMETRIC_REPRESENTATION_CONTEXT(2) 
PARAMETRIC_REPRESENTATION_CONTEXT() REPRESENTATION_CONTEXT('2D SPACE',''
  ) );
#9292 = PCURVE('',#4185,#9293);
#9293 = DEFINITIONAL_REPRESENTATION('',(#9294),#9298);
#9294 = LINE('',#9295,#9296);
#9295 = CARTESIAN_POINT('',(0.,0.));
#9296 = VECTOR('',#9297,1.);
#9297 = DIRECTION('',(0.,-1.));
#9298 = ( GEOMETRIC_REPRESENTATION_CONTEXT(2) 
PARAMETRIC_REPRESENTATION_CONTEXT() REPRESENTATION_CONTEXT('2D SPACE',''
  ) );
#9299 = ADVANCED_FACE('',(#9300),#4627,.T.);
#9300 = FACE_BOUND('',#9301,.T.);
#9301 = EDGE_LOOP('',(#9302,#9325,#9326,#9327));
#9302 = ORIENTED_EDGE('',*,*,#9303,.F.);
#9303 = EDGE_CURVE('',#9206,#9304,#9306,.T.);
#9304 = VERTEX_POINT('',#9305);
#9305 = CARTESIAN_POINT('',(12.775,-0.35,2.761008928571));
#9306 = SURFACE_CURVE('',#9307,(#9311,#9318),.PCURVE_S1.);
#9307 = LINE('',#9308,#9309);
#9308 = CARTESIAN_POINT('',(12.775,0.35,2.761008928571));
#9309 = VECTOR('',#9310,1.);
#9310 = DIRECTION('',(2.22044604925E-16,-1.,0.));
#9311 = PCURVE('',#4627,#9312);
#9312 = DEFINITIONAL_REPRESENTATION('',(#9313),#9317);
#9313 = LINE('',#9314,#9315);
#9314 = CARTESIAN_POINT('',(0.,0.));
#9315 = VECTOR('',#9316,1.);
#9316 = DIRECTION('',(1.,0.));
#9317 = ( GEOMETRIC_REPRESENTATION_CONTEXT(2) 
PARAMETRIC_REPRESENTATION_CONTEXT() REPRESENTATION_CONTEXT('2D SPACE',''
  ) );
#9318 = PCURVE('',#9098,#9319);
#9319 = DEFINITIONAL_REPRESENTATION('',(#9320),#9324);
#9320 = LINE('',#9321,#9322);
#9321 = CARTESIAN_POINT('',(-0.776388888889,0.336111111111));
#9322 = VECTOR('',#9323,1.);
#9323 = DIRECTION('',(2.22044604925E-16,-1.));
#9324 = ( GEOMETRIC_REPRESENTATION_CONTEXT(2) 
PARAMETRIC_REPRESENTATION_CONTEXT() REPRESENTATION_CONTEXT('2D SPACE',''
  ) );
#9325 = ORIENTED_EDGE('',*,*,#9230,.T.);
#9326 = ORIENTED_EDGE('',*,*,#4612,.F.);
#9327 = ORIENTED_EDGE('',*,*,#9328,.F.);
#9328 = EDGE_CURVE('',#9304,#4587,#9329,.T.);
#9329 = SURFACE_CURVE('',#9330,(#9334,#9341),.PCURVE_S1.);
#9330 = LINE('',#9331,#9332);
#9331 = CARTESIAN_POINT('',(12.775,-0.35,2.761008928571));
#9332 = VECTOR('',#9333,1.);
#9333 = DIRECTION('',(0.,0.,1.));
#9334 = PCURVE('',#4627,#9335);
#9335 = DEFINITIONAL_REPRESENTATION('',(#9336),#9340);
#9336 = LINE('',#9337,#9338);
#9337 = CARTESIAN_POINT('',(0.7,0.));
#9338 = VECTOR('',#9339,1.);
#9339 = DIRECTION('',(0.,-1.));
#9340 = ( GEOMETRIC_REPRESENTATION_CONTEXT(2) 
PARAMETRIC_REPRESENTATION_CONTEXT() REPRESENTATION_CONTEXT('2D SPACE',''
  ) );
#9341 = PCURVE('',#4601,#9342);
#9342 = DEFINITIONAL_REPRESENTATION('',(#9343),#9347);
#9343 = LINE('',#9344,#9345);
#9344 = CARTESIAN_POINT('',(0.,0.));
#9345 = VECTOR('',#9346,1.);
#9346 = DIRECTION('',(0.,-1.));
#9347 = ( GEOMETRIC_REPRESENTATION_CONTEXT(2) 
PARAMETRIC_REPRESENTATION_CONTEXT() REPRESENTATION_CONTEXT('2D SPACE',''
  ) );
#9348 = ADVANCED_FACE('',(#9349),#4185,.F.);
#9349 = FACE_BOUND('',#9350,.F.);
#9350 = EDGE_LOOP('',(#9351,#9374,#9375,#9376));
#9351 = ORIENTED_EDGE('',*,*,#9352,.F.);
#9352 = EDGE_CURVE('',#9255,#9353,#9355,.T.);
#9353 = VERTEX_POINT('',#9354);
#9354 = CARTESIAN_POINT('',(13.775,-0.65,2.761008928571));
#9355 = SURFACE_CURVE('',#9356,(#9360,#9367),.PCURVE_S1.);
#9356 = LINE('',#9357,#9358);
#9357 = CARTESIAN_POINT('',(15.075,-0.65,2.761008928571));
#9358 = VECTOR('',#9359,1.);
#9359 = DIRECTION('',(-1.,-2.22044604925E-16,0.));
#9360 = PCURVE('',#4185,#9361);
#9361 = DEFINITIONAL_REPRESENTATION('',(#9362),#9366);
#9362 = LINE('',#9363,#9364);
#9363 = CARTESIAN_POINT('',(0.,0.));
#9364 = VECTOR('',#9365,1.);
#9365 = DIRECTION('',(1.,0.));
#9366 = ( GEOMETRIC_REPRESENTATION_CONTEXT(2) 
PARAMETRIC_REPRESENTATION_CONTEXT() REPRESENTATION_CONTEXT('2D SPACE',''
  ) );
#9367 = PCURVE('',#9098,#9368);
#9368 = DEFINITIONAL_REPRESENTATION('',(#9369),#9373);
#9369 = LINE('',#9370,#9371);
#9370 = CARTESIAN_POINT('',(1.523611111111,-0.663888888889));
#9371 = VECTOR('',#9372,1.);
#9372 = DIRECTION('',(-1.,-2.22044604925E-16));
#9373 = ( GEOMETRIC_REPRESENTATION_CONTEXT(2) 
PARAMETRIC_REPRESENTATION_CONTEXT() REPRESENTATION_CONTEXT('2D SPACE',''
  ) );
#9374 = ORIENTED_EDGE('',*,*,#9279,.T.);
#9375 = ORIENTED_EDGE('',*,*,#4170,.F.);
#9376 = ORIENTED_EDGE('',*,*,#9377,.F.);
#9377 = EDGE_CURVE('',#9353,#4171,#9378,.T.);
#9378 = SURFACE_CURVE('',#9379,(#9383,#9390),.PCURVE_S1.);
#9379 = LINE('',#9380,#9381);
#9380 = CARTESIAN_POINT('',(13.775,-0.65,2.761008928571));
#9381 = VECTOR('',#9382,1.);
#9382 = DIRECTION('',(0.,0.,1.));
#9383 = PCURVE('',#4185,#9384);
#9384 = DEFINITIONAL_REPRESENTATION('',(#9385),#9389);
#9385 = LINE('',#9386,#9387);
#9386 = CARTESIAN_POINT('',(1.3,0.));
#9387 = VECTOR('',#9388,1.);
#9388 = DIRECTION('',(0.,-1.));
#9389 = ( GEOMETRIC_REPRESENTATION_CONTEXT(2) 
PARAMETRIC_REPRESENTATION_CONTEXT() REPRESENTATION_CONTEXT('2D SPACE',''
  ) );
#9390 = PCURVE('',#4211,#9391);
#9391 = DEFINITIONAL_REPRESENTATION('',(#9392),#9396);
#9392 = LINE('',#9393,#9394);
#9393 = CARTESIAN_POINT('',(0.,0.));
#9394 = VECTOR('',#9395,1.);
#9395 = DIRECTION('',(0.,-1.));
#9396 = ( GEOMETRIC_REPRESENTATION_CONTEXT(2) 
PARAMETRIC_REPRESENTATION_CONTEXT() REPRESENTATION_CONTEXT('2D SPACE',''
  ) );
#9397 = ADVANCED_FACE('',(#9398),#4601,.T.);
#9398 = FACE_BOUND('',#9399,.T.);
#9399 = EDGE_LOOP('',(#9400,#9423,#9424,#9425));
#9400 = ORIENTED_EDGE('',*,*,#9401,.F.);
#9401 = EDGE_CURVE('',#9304,#9402,#9404,.T.);
#9402 = VERTEX_POINT('',#9403);
#9403 = CARTESIAN_POINT('',(12.075,-0.35,2.761008928571));
#9404 = SURFACE_CURVE('',#9405,(#9409,#9416),.PCURVE_S1.);
#9405 = LINE('',#9406,#9407);
#9406 = CARTESIAN_POINT('',(12.775,-0.35,2.761008928571));
#9407 = VECTOR('',#9408,1.);
#9408 = DIRECTION('',(-1.,-2.22044604925E-16,0.));
#9409 = PCURVE('',#4601,#9410);
#9410 = DEFINITIONAL_REPRESENTATION('',(#9411),#9415);
#9411 = LINE('',#9412,#9413);
#9412 = CARTESIAN_POINT('',(0.,0.));
#9413 = VECTOR('',#9414,1.);
#9414 = DIRECTION('',(1.,0.));
#9415 = ( GEOMETRIC_REPRESENTATION_CONTEXT(2) 
PARAMETRIC_REPRESENTATION_CONTEXT() REPRESENTATION_CONTEXT('2D SPACE',''
  ) );
#9416 = PCURVE('',#9098,#9417);
#9417 = DEFINITIONAL_REPRESENTATION('',(#9418),#9422);
#9418 = LINE('',#9419,#9420);
#9419 = CARTESIAN_POINT('',(-0.776388888889,-0.363888888889));
#9420 = VECTOR('',#9421,1.);
#9421 = DIRECTION('',(-1.,-2.22044604925E-16));
#9422 = ( GEOMETRIC_REPRESENTATION_CONTEXT(2) 
PARAMETRIC_REPRESENTATION_CONTEXT() REPRESENTATION_CONTEXT('2D SPACE',''
  ) );
#9423 = ORIENTED_EDGE('',*,*,#9328,.T.);
#9424 = ORIENTED_EDGE('',*,*,#4586,.F.);
#9425 = ORIENTED_EDGE('',*,*,#9426,.F.);
#9426 = EDGE_CURVE('',#9402,#4561,#9427,.T.);
#9427 = SURFACE_CURVE('',#9428,(#9432,#9439),.PCURVE_S1.);
#9428 = LINE('',#9429,#9430);
#9429 = CARTESIAN_POINT('',(12.075,-0.35,2.761008928571));
#9430 = VECTOR('',#9431,1.);
#9431 = DIRECTION('',(0.,0.,1.));
#9432 = PCURVE('',#4601,#9433);
#9433 = DEFINITIONAL_REPRESENTATION('',(#9434),#9438);
#9434 = LINE('',#9435,#9436);
#9435 = CARTESIAN_POINT('',(0.7,0.));
#9436 = VECTOR('',#9437,1.);
#9437 = DIRECTION('',(0.,-1.));
#9438 = ( GEOMETRIC_REPRESENTATION_CONTEXT(2) 
PARAMETRIC_REPRESENTATION_CONTEXT() REPRESENTATION_CONTEXT('2D SPACE',''
  ) );
#9439 = PCURVE('',#4575,#9440);
#9440 = DEFINITIONAL_REPRESENTATION('',(#9441),#9445);
#9441 = LINE('',#9442,#9443);
#9442 = CARTESIAN_POINT('',(1.3,0.));
#9443 = VECTOR('',#9444,1.);
#9444 = DIRECTION('',(0.,-1.));
#9445 = ( GEOMETRIC_REPRESENTATION_CONTEXT(2) 
PARAMETRIC_REPRESENTATION_CONTEXT() REPRESENTATION_CONTEXT('2D SPACE',''
  ) );
#9446 = ADVANCED_FACE('',(#9447),#4211,.F.);
#9447 = FACE_BOUND('',#9448,.F.);
#9448 = EDGE_LOOP('',(#9449,#9472,#9473,#9474));
#9449 = ORIENTED_EDGE('',*,*,#9450,.F.);
#9450 = EDGE_CURVE('',#9353,#9451,#9453,.T.);
#9451 = VERTEX_POINT('',#9452);
#9452 = CARTESIAN_POINT('',(13.775,0.65,2.761008928571));
#9453 = SURFACE_CURVE('',#9454,(#9458,#9465),.PCURVE_S1.);
#9454 = LINE('',#9455,#9456);
#9455 = CARTESIAN_POINT('',(13.775,-0.65,2.761008928571));
#9456 = VECTOR('',#9457,1.);
#9457 = DIRECTION('',(-2.22044604925E-16,1.,0.));
#9458 = PCURVE('',#4211,#9459);
#9459 = DEFINITIONAL_REPRESENTATION('',(#9460),#9464);
#9460 = LINE('',#9461,#9462);
#9461 = CARTESIAN_POINT('',(0.,0.));
#9462 = VECTOR('',#9463,1.);
#9463 = DIRECTION('',(1.,0.));
#9464 = ( GEOMETRIC_REPRESENTATION_CONTEXT(2) 
PARAMETRIC_REPRESENTATION_CONTEXT() REPRESENTATION_CONTEXT('2D SPACE',''
  ) );
#9465 = PCURVE('',#9098,#9466);
#9466 = DEFINITIONAL_REPRESENTATION('',(#9467),#9471);
#9467 = LINE('',#9468,#9469);
#9468 = CARTESIAN_POINT('',(0.223611111111,-0.663888888889));
#9469 = VECTOR('',#9470,1.);
#9470 = DIRECTION('',(-2.22044604925E-16,1.));
#9471 = ( GEOMETRIC_REPRESENTATION_CONTEXT(2) 
PARAMETRIC_REPRESENTATION_CONTEXT() REPRESENTATION_CONTEXT('2D SPACE',''
  ) );
#9472 = ORIENTED_EDGE('',*,*,#9377,.T.);
#9473 = ORIENTED_EDGE('',*,*,#4196,.F.);
#9474 = ORIENTED_EDGE('',*,*,#9475,.F.);
#9475 = EDGE_CURVE('',#9451,#4197,#9476,.T.);
#9476 = SURFACE_CURVE('',#9477,(#9481,#9488),.PCURVE_S1.);
#9477 = LINE('',#9478,#9479);
#9478 = CARTESIAN_POINT('',(13.775,0.65,2.761008928571));
#9479 = VECTOR('',#9480,1.);
#9480 = DIRECTION('',(0.,0.,1.));
#9481 = PCURVE('',#4211,#9482);
#9482 = DEFINITIONAL_REPRESENTATION('',(#9483),#9487);
#9483 = LINE('',#9484,#9485);
#9484 = CARTESIAN_POINT('',(1.3,0.));
#9485 = VECTOR('',#9486,1.);
#9486 = DIRECTION('',(0.,-1.));
#9487 = ( GEOMETRIC_REPRESENTATION_CONTEXT(2) 
PARAMETRIC_REPRESENTATION_CONTEXT() REPRESENTATION_CONTEXT('2D SPACE',''
  ) );
#9488 = PCURVE('',#4237,#9489);
#9489 = DEFINITIONAL_REPRESENTATION('',(#9490),#9494);
#9490 = LINE('',#9491,#9492);
#9491 = CARTESIAN_POINT('',(0.,0.));
#9492 = VECTOR('',#9493,1.);
#9493 = DIRECTION('',(0.,-1.));
#9494 = ( GEOMETRIC_REPRESENTATION_CONTEXT(2) 
PARAMETRIC_REPRESENTATION_CONTEXT() REPRESENTATION_CONTEXT('2D SPACE',''
  ) );
#9495 = ADVANCED_FACE('',(#9496),#4575,.F.);
#9496 = FACE_BOUND('',#9497,.F.);
#9497 = EDGE_LOOP('',(#9498,#9521,#9542,#9543));
#9498 = ORIENTED_EDGE('',*,*,#9499,.F.);
#9499 = EDGE_CURVE('',#9500,#9402,#9502,.T.);
#9500 = VERTEX_POINT('',#9501);
#9501 = CARTESIAN_POINT('',(12.075,-1.65,2.761008928571));
#9502 = SURFACE_CURVE('',#9503,(#9507,#9514),.PCURVE_S1.);
#9503 = LINE('',#9504,#9505);
#9504 = CARTESIAN_POINT('',(12.075,-1.65,2.761008928571));
#9505 = VECTOR('',#9506,1.);
#9506 = DIRECTION('',(-2.22044604925E-16,1.,0.));
#9507 = PCURVE('',#4575,#9508);
#9508 = DEFINITIONAL_REPRESENTATION('',(#9509),#9513);
#9509 = LINE('',#9510,#9511);
#9510 = CARTESIAN_POINT('',(0.,0.));
#9511 = VECTOR('',#9512,1.);
#9512 = DIRECTION('',(1.,0.));
#9513 = ( GEOMETRIC_REPRESENTATION_CONTEXT(2) 
PARAMETRIC_REPRESENTATION_CONTEXT() REPRESENTATION_CONTEXT('2D SPACE',''
  ) );
#9514 = PCURVE('',#9098,#9515);
#9515 = DEFINITIONAL_REPRESENTATION('',(#9516),#9520);
#9516 = LINE('',#9517,#9518);
#9517 = CARTESIAN_POINT('',(-1.476388888889,-1.663888888889));
#9518 = VECTOR('',#9519,1.);
#9519 = DIRECTION('',(-2.22044604925E-16,1.));
#9520 = ( GEOMETRIC_REPRESENTATION_CONTEXT(2) 
PARAMETRIC_REPRESENTATION_CONTEXT() REPRESENTATION_CONTEXT('2D SPACE',''
  ) );
#9521 = ORIENTED_EDGE('',*,*,#9522,.T.);
#9522 = EDGE_CURVE('',#9500,#4535,#9523,.T.);
#9523 = SURFACE_CURVE('',#9524,(#9528,#9535),.PCURVE_S1.);
#9524 = LINE('',#9525,#9526);
#9525 = CARTESIAN_POINT('',(12.075,-1.65,2.761008928571));
#9526 = VECTOR('',#9527,1.);
#9527 = DIRECTION('',(0.,0.,1.));
#9528 = PCURVE('',#4575,#9529);
#9529 = DEFINITIONAL_REPRESENTATION('',(#9530),#9534);
#9530 = LINE('',#9531,#9532);
#9531 = CARTESIAN_POINT('',(0.,0.));
#9532 = VECTOR('',#9533,1.);
#9533 = DIRECTION('',(0.,-1.));
#9534 = ( GEOMETRIC_REPRESENTATION_CONTEXT(2) 
PARAMETRIC_REPRESENTATION_CONTEXT() REPRESENTATION_CONTEXT('2D SPACE',''
  ) );
#9535 = PCURVE('',#4549,#9536);
#9536 = DEFINITIONAL_REPRESENTATION('',(#9537),#9541);
#9537 = LINE('',#9538,#9539);
#9538 = CARTESIAN_POINT('',(3.,0.));
#9539 = VECTOR('',#9540,1.);
#9540 = DIRECTION('',(0.,-1.));
#9541 = ( GEOMETRIC_REPRESENTATION_CONTEXT(2) 
PARAMETRIC_REPRESENTATION_CONTEXT() REPRESENTATION_CONTEXT('2D SPACE',''
  ) );
#9542 = ORIENTED_EDGE('',*,*,#4560,.F.);
#9543 = ORIENTED_EDGE('',*,*,#9426,.F.);
#9544 = ADVANCED_FACE('',(#9545),#4237,.F.);
#9545 = FACE_BOUND('',#9546,.F.);
#9546 = EDGE_LOOP('',(#9547,#9570,#9571,#9572));
#9547 = ORIENTED_EDGE('',*,*,#9548,.F.);
#9548 = EDGE_CURVE('',#9451,#9549,#9551,.T.);
#9549 = VERTEX_POINT('',#9550);
#9550 = CARTESIAN_POINT('',(14.075,0.65,2.761008928571));
#9551 = SURFACE_CURVE('',#9552,(#9556,#9563),.PCURVE_S1.);
#9552 = LINE('',#9553,#9554);
#9553 = CARTESIAN_POINT('',(13.775,0.65,2.761008928571));
#9554 = VECTOR('',#9555,1.);
#9555 = DIRECTION('',(1.,2.22044604925E-16,0.));
#9556 = PCURVE('',#4237,#9557);
#9557 = DEFINITIONAL_REPRESENTATION('',(#9558),#9562);
#9558 = LINE('',#9559,#9560);
#9559 = CARTESIAN_POINT('',(0.,0.));
#9560 = VECTOR('',#9561,1.);
#9561 = DIRECTION('',(1.,0.));
#9562 = ( GEOMETRIC_REPRESENTATION_CONTEXT(2) 
PARAMETRIC_REPRESENTATION_CONTEXT() REPRESENTATION_CONTEXT('2D SPACE',''
  ) );
#9563 = PCURVE('',#9098,#9564);
#9564 = DEFINITIONAL_REPRESENTATION('',(#9565),#9569);
#9565 = LINE('',#9566,#9567);
#9566 = CARTESIAN_POINT('',(0.223611111111,0.636111111111));
#9567 = VECTOR('',#9568,1.);
#9568 = DIRECTION('',(1.,2.22044604925E-16));
#9569 = ( GEOMETRIC_REPRESENTATION_CONTEXT(2) 
PARAMETRIC_REPRESENTATION_CONTEXT() REPRESENTATION_CONTEXT('2D SPACE',''
  ) );
#9570 = ORIENTED_EDGE('',*,*,#9475,.T.);
#9571 = ORIENTED_EDGE('',*,*,#4222,.F.);
#9572 = ORIENTED_EDGE('',*,*,#9573,.F.);
#9573 = EDGE_CURVE('',#9549,#4223,#9574,.T.);
#9574 = SURFACE_CURVE('',#9575,(#9579,#9586),.PCURVE_S1.);
#9575 = LINE('',#9576,#9577);
#9576 = CARTESIAN_POINT('',(14.075,0.65,2.761008928571));
#9577 = VECTOR('',#9578,1.);
#9578 = DIRECTION('',(0.,0.,1.));
#9579 = PCURVE('',#4237,#9580);
#9580 = DEFINITIONAL_REPRESENTATION('',(#9581),#9585);
#9581 = LINE('',#9582,#9583);
#9582 = CARTESIAN_POINT('',(0.3,0.));
#9583 = VECTOR('',#9584,1.);
#9584 = DIRECTION('',(0.,-1.));
#9585 = ( GEOMETRIC_REPRESENTATION_CONTEXT(2) 
PARAMETRIC_REPRESENTATION_CONTEXT() REPRESENTATION_CONTEXT('2D SPACE',''
  ) );
#9586 = PCURVE('',#4263,#9587);
#9587 = DEFINITIONAL_REPRESENTATION('',(#9588),#9592);
#9588 = LINE('',#9589,#9590);
#9589 = CARTESIAN_POINT('',(1.,0.));
#9590 = VECTOR('',#9591,1.);
#9591 = DIRECTION('',(0.,-1.));
#9592 = ( GEOMETRIC_REPRESENTATION_CONTEXT(2) 
PARAMETRIC_REPRESENTATION_CONTEXT() REPRESENTATION_CONTEXT('2D SPACE',''
  ) );
#9593 = ADVANCED_FACE('',(#9594),#4549,.F.);
#9594 = FACE_BOUND('',#9595,.F.);
#9595 = EDGE_LOOP('',(#9596,#9619,#9640,#9641));
#9596 = ORIENTED_EDGE('',*,*,#9597,.F.);
#9597 = EDGE_CURVE('',#9598,#9500,#9600,.T.);
#9598 = VERTEX_POINT('',#9599);
#9599 = CARTESIAN_POINT('',(15.075,-1.65,2.761008928571));
#9600 = SURFACE_CURVE('',#9601,(#9605,#9612),.PCURVE_S1.);
#9601 = LINE('',#9602,#9603);
#9602 = CARTESIAN_POINT('',(15.075,-1.65,2.761008928571));
#9603 = VECTOR('',#9604,1.);
#9604 = DIRECTION('',(-1.,-2.22044604925E-16,0.));
#9605 = PCURVE('',#4549,#9606);
#9606 = DEFINITIONAL_REPRESENTATION('',(#9607),#9611);
#9607 = LINE('',#9608,#9609);
#9608 = CARTESIAN_POINT('',(0.,0.));
#9609 = VECTOR('',#9610,1.);
#9610 = DIRECTION('',(1.,0.));
#9611 = ( GEOMETRIC_REPRESENTATION_CONTEXT(2) 
PARAMETRIC_REPRESENTATION_CONTEXT() REPRESENTATION_CONTEXT('2D SPACE',''
  ) );
#9612 = PCURVE('',#9098,#9613);
#9613 = DEFINITIONAL_REPRESENTATION('',(#9614),#9618);
#9614 = LINE('',#9615,#9616);
#9615 = CARTESIAN_POINT('',(1.523611111111,-1.663888888889));
#9616 = VECTOR('',#9617,1.);
#9617 = DIRECTION('',(-1.,-2.22044604925E-16));
#9618 = ( GEOMETRIC_REPRESENTATION_CONTEXT(2) 
PARAMETRIC_REPRESENTATION_CONTEXT() REPRESENTATION_CONTEXT('2D SPACE',''
  ) );
#9619 = ORIENTED_EDGE('',*,*,#9620,.T.);
#9620 = EDGE_CURVE('',#9598,#4509,#9621,.T.);
#9621 = SURFACE_CURVE('',#9622,(#9626,#9633),.PCURVE_S1.);
#9622 = LINE('',#9623,#9624);
#9623 = CARTESIAN_POINT('',(15.075,-1.65,2.761008928571));
#9624 = VECTOR('',#9625,1.);
#9625 = DIRECTION('',(0.,0.,1.));
#9626 = PCURVE('',#4549,#9627);
#9627 = DEFINITIONAL_REPRESENTATION('',(#9628),#9632);
#9628 = LINE('',#9629,#9630);
#9629 = CARTESIAN_POINT('',(0.,0.));
#9630 = VECTOR('',#9631,1.);
#9631 = DIRECTION('',(0.,-1.));
#9632 = ( GEOMETRIC_REPRESENTATION_CONTEXT(2) 
PARAMETRIC_REPRESENTATION_CONTEXT() REPRESENTATION_CONTEXT('2D SPACE',''
  ) );
#9633 = PCURVE('',#4523,#9634);
#9634 = DEFINITIONAL_REPRESENTATION('',(#9635),#9639);
#9635 = LINE('',#9636,#9637);
#9636 = CARTESIAN_POINT('',(0.3,0.));
#9637 = VECTOR('',#9638,1.);
#9638 = DIRECTION('',(0.,-1.));
#9639 = ( GEOMETRIC_REPRESENTATION_CONTEXT(2) 
PARAMETRIC_REPRESENTATION_CONTEXT() REPRESENTATION_CONTEXT('2D SPACE',''
  ) );
#9640 = ORIENTED_EDGE('',*,*,#4534,.F.);
#9641 = ORIENTED_EDGE('',*,*,#9522,.F.);
#9642 = ADVANCED_FACE('',(#9643),#4263,.T.);
#9643 = FACE_BOUND('',#9644,.T.);
#9644 = EDGE_LOOP('',(#9645,#9668,#9689,#9690));
#9645 = ORIENTED_EDGE('',*,*,#9646,.F.);
#9646 = EDGE_CURVE('',#9647,#9549,#9649,.T.);
#9647 = VERTEX_POINT('',#9648);
#9648 = CARTESIAN_POINT('',(14.075,-0.35,2.761008928571));
#9649 = SURFACE_CURVE('',#9650,(#9654,#9661),.PCURVE_S1.);
#9650 = LINE('',#9651,#9652);
#9651 = CARTESIAN_POINT('',(14.075,-0.35,2.761008928571));
#9652 = VECTOR('',#9653,1.);
#9653 = DIRECTION('',(-2.22044604925E-16,1.,0.));
#9654 = PCURVE('',#4263,#9655);
#9655 = DEFINITIONAL_REPRESENTATION('',(#9656),#9660);
#9656 = LINE('',#9657,#9658);
#9657 = CARTESIAN_POINT('',(0.,0.));
#9658 = VECTOR('',#9659,1.);
#9659 = DIRECTION('',(1.,0.));
#9660 = ( GEOMETRIC_REPRESENTATION_CONTEXT(2) 
PARAMETRIC_REPRESENTATION_CONTEXT() REPRESENTATION_CONTEXT('2D SPACE',''
  ) );
#9661 = PCURVE('',#9098,#9662);
#9662 = DEFINITIONAL_REPRESENTATION('',(#9663),#9667);
#9663 = LINE('',#9664,#9665);
#9664 = CARTESIAN_POINT('',(0.523611111111,-0.363888888889));
#9665 = VECTOR('',#9666,1.);
#9666 = DIRECTION('',(-2.22044604925E-16,1.));
#9667 = ( GEOMETRIC_REPRESENTATION_CONTEXT(2) 
PARAMETRIC_REPRESENTATION_CONTEXT() REPRESENTATION_CONTEXT('2D SPACE',''
  ) );
#9668 = ORIENTED_EDGE('',*,*,#9669,.T.);
#9669 = EDGE_CURVE('',#9647,#4249,#9670,.T.);
#9670 = SURFACE_CURVE('',#9671,(#9675,#9682),.PCURVE_S1.);
#9671 = LINE('',#9672,#9673);
#9672 = CARTESIAN_POINT('',(14.075,-0.35,2.761008928571));
#9673 = VECTOR('',#9674,1.);
#9674 = DIRECTION('',(0.,0.,1.));
#9675 = PCURVE('',#4263,#9676);
#9676 = DEFINITIONAL_REPRESENTATION('',(#9677),#9681);
#9677 = LINE('',#9678,#9679);
#9678 = CARTESIAN_POINT('',(0.,0.));
#9679 = VECTOR('',#9680,1.);
#9680 = DIRECTION('',(0.,-1.));
#9681 = ( GEOMETRIC_REPRESENTATION_CONTEXT(2) 
PARAMETRIC_REPRESENTATION_CONTEXT() REPRESENTATION_CONTEXT('2D SPACE',''
  ) );
#9682 = PCURVE('',#4289,#9683);
#9683 = DEFINITIONAL_REPRESENTATION('',(#9684),#9688);
#9684 = LINE('',#9685,#9686);
#9685 = CARTESIAN_POINT('',(0.7,0.));
#9686 = VECTOR('',#9687,1.);
#9687 = DIRECTION('',(0.,-1.));
#9688 = ( GEOMETRIC_REPRESENTATION_CONTEXT(2) 
PARAMETRIC_REPRESENTATION_CONTEXT() REPRESENTATION_CONTEXT('2D SPACE',''
  ) );
#9689 = ORIENTED_EDGE('',*,*,#4248,.F.);
#9690 = ORIENTED_EDGE('',*,*,#9573,.F.);
#9691 = ADVANCED_FACE('',(#9692),#4523,.F.);
#9692 = FACE_BOUND('',#9693,.F.);
#9693 = EDGE_LOOP('',(#9694,#9717,#9738,#9739));
#9694 = ORIENTED_EDGE('',*,*,#9695,.F.);
#9695 = EDGE_CURVE('',#9696,#9598,#9698,.T.);
#9696 = VERTEX_POINT('',#9697);
#9697 = CARTESIAN_POINT('',(15.075,-1.35,2.761008928571));
#9698 = SURFACE_CURVE('',#9699,(#9703,#9710),.PCURVE_S1.);
#9699 = LINE('',#9700,#9701);
#9700 = CARTESIAN_POINT('',(15.075,-1.35,2.761008928571));
#9701 = VECTOR('',#9702,1.);
#9702 = DIRECTION('',(-5.699144859742E-15,-1.,0.));
#9703 = PCURVE('',#4523,#9704);
#9704 = DEFINITIONAL_REPRESENTATION('',(#9705),#9709);
#9705 = LINE('',#9706,#9707);
#9706 = CARTESIAN_POINT('',(0.,0.));
#9707 = VECTOR('',#9708,1.);
#9708 = DIRECTION('',(1.,0.));
#9709 = ( GEOMETRIC_REPRESENTATION_CONTEXT(2) 
PARAMETRIC_REPRESENTATION_CONTEXT() REPRESENTATION_CONTEXT('2D SPACE',''
  ) );
#9710 = PCURVE('',#9098,#9711);
#9711 = DEFINITIONAL_REPRESENTATION('',(#9712),#9716);
#9712 = LINE('',#9713,#9714);
#9713 = CARTESIAN_POINT('',(1.523611111111,-1.363888888889));
#9714 = VECTOR('',#9715,1.);
#9715 = DIRECTION('',(-5.699144859742E-15,-1.));
#9716 = ( GEOMETRIC_REPRESENTATION_CONTEXT(2) 
PARAMETRIC_REPRESENTATION_CONTEXT() REPRESENTATION_CONTEXT('2D SPACE',''
  ) );
#9717 = ORIENTED_EDGE('',*,*,#9718,.T.);
#9718 = EDGE_CURVE('',#9696,#4483,#9719,.T.);
#9719 = SURFACE_CURVE('',#9720,(#9724,#9731),.PCURVE_S1.);
#9720 = LINE('',#9721,#9722);
#9721 = CARTESIAN_POINT('',(15.075,-1.35,2.761008928571));
#9722 = VECTOR('',#9723,1.);
#9723 = DIRECTION('',(0.,0.,1.));
#9724 = PCURVE('',#4523,#9725);
#9725 = DEFINITIONAL_REPRESENTATION('',(#9726),#9730);
#9726 = LINE('',#9727,#9728);
#9727 = CARTESIAN_POINT('',(0.,0.));
#9728 = VECTOR('',#9729,1.);
#9729 = DIRECTION('',(0.,-1.));
#9730 = ( GEOMETRIC_REPRESENTATION_CONTEXT(2) 
PARAMETRIC_REPRESENTATION_CONTEXT() REPRESENTATION_CONTEXT('2D SPACE',''
  ) );
#9731 = PCURVE('',#4497,#9732);
#9732 = DEFINITIONAL_REPRESENTATION('',(#9733),#9737);
#9733 = LINE('',#9734,#9735);
#9734 = CARTESIAN_POINT('',(0.,0.));
#9735 = VECTOR('',#9736,1.);
#9736 = DIRECTION('',(0.,-1.));
#9737 = ( GEOMETRIC_REPRESENTATION_CONTEXT(2) 
PARAMETRIC_REPRESENTATION_CONTEXT() REPRESENTATION_CONTEXT('2D SPACE',''
  ) );
#9738 = ORIENTED_EDGE('',*,*,#4508,.F.);
#9739 = ORIENTED_EDGE('',*,*,#9620,.F.);
#9740 = ADVANCED_FACE('',(#9741),#4289,.T.);
#9741 = FACE_BOUND('',#9742,.T.);
#9742 = EDGE_LOOP('',(#9743,#9766,#9787,#9788));
#9743 = ORIENTED_EDGE('',*,*,#9744,.F.);
#9744 = EDGE_CURVE('',#9745,#9647,#9747,.T.);
#9745 = VERTEX_POINT('',#9746);
#9746 = CARTESIAN_POINT('',(14.775,-0.35,2.761008928571));
#9747 = SURFACE_CURVE('',#9748,(#9752,#9759),.PCURVE_S1.);
#9748 = LINE('',#9749,#9750);
#9749 = CARTESIAN_POINT('',(14.775,-0.35,2.761008928571));
#9750 = VECTOR('',#9751,1.);
#9751 = DIRECTION('',(-1.,-2.22044604925E-16,0.));
#9752 = PCURVE('',#4289,#9753);
#9753 = DEFINITIONAL_REPRESENTATION('',(#9754),#9758);
#9754 = LINE('',#9755,#9756);
#9755 = CARTESIAN_POINT('',(0.,0.));
#9756 = VECTOR('',#9757,1.);
#9757 = DIRECTION('',(1.,0.));
#9758 = ( GEOMETRIC_REPRESENTATION_CONTEXT(2) 
PARAMETRIC_REPRESENTATION_CONTEXT() REPRESENTATION_CONTEXT('2D SPACE',''
  ) );
#9759 = PCURVE('',#9098,#9760);
#9760 = DEFINITIONAL_REPRESENTATION('',(#9761),#9765);
#9761 = LINE('',#9762,#9763);
#9762 = CARTESIAN_POINT('',(1.223611111111,-0.363888888889));
#9763 = VECTOR('',#9764,1.);
#9764 = DIRECTION('',(-1.,-2.22044604925E-16));
#9765 = ( GEOMETRIC_REPRESENTATION_CONTEXT(2) 
PARAMETRIC_REPRESENTATION_CONTEXT() REPRESENTATION_CONTEXT('2D SPACE',''
  ) );
#9766 = ORIENTED_EDGE('',*,*,#9767,.T.);
#9767 = EDGE_CURVE('',#9745,#4275,#9768,.T.);
#9768 = SURFACE_CURVE('',#9769,(#9773,#9780),.PCURVE_S1.);
#9769 = LINE('',#9770,#9771);
#9770 = CARTESIAN_POINT('',(14.775,-0.35,2.761008928571));
#9771 = VECTOR('',#9772,1.);
#9772 = DIRECTION('',(0.,0.,1.));
#9773 = PCURVE('',#4289,#9774);
#9774 = DEFINITIONAL_REPRESENTATION('',(#9775),#9779);
#9775 = LINE('',#9776,#9777);
#9776 = CARTESIAN_POINT('',(0.,0.));
#9777 = VECTOR('',#9778,1.);
#9778 = DIRECTION('',(0.,-1.));
#9779 = ( GEOMETRIC_REPRESENTATION_CONTEXT(2) 
PARAMETRIC_REPRESENTATION_CONTEXT() REPRESENTATION_CONTEXT('2D SPACE',''
  ) );
#9780 = PCURVE('',#4315,#9781);
#9781 = DEFINITIONAL_REPRESENTATION('',(#9782),#9786);
#9782 = LINE('',#9783,#9784);
#9783 = CARTESIAN_POINT('',(1.7,0.));
#9784 = VECTOR('',#9785,1.);
#9785 = DIRECTION('',(0.,-1.));
#9786 = ( GEOMETRIC_REPRESENTATION_CONTEXT(2) 
PARAMETRIC_REPRESENTATION_CONTEXT() REPRESENTATION_CONTEXT('2D SPACE',''
  ) );
#9787 = ORIENTED_EDGE('',*,*,#4274,.F.);
#9788 = ORIENTED_EDGE('',*,*,#9669,.F.);
#9789 = ADVANCED_FACE('',(#9790),#4497,.T.);
#9790 = FACE_BOUND('',#9791,.T.);
#9791 = EDGE_LOOP('',(#9792,#9815,#9816,#9817));
#9792 = ORIENTED_EDGE('',*,*,#9793,.F.);
#9793 = EDGE_CURVE('',#9696,#9794,#9796,.T.);
#9794 = VERTEX_POINT('',#9795);
#9795 = CARTESIAN_POINT('',(12.375,-1.35,2.761008928571));
#9796 = SURFACE_CURVE('',#9797,(#9801,#9808),.PCURVE_S1.);
#9797 = LINE('',#9798,#9799);
#9798 = CARTESIAN_POINT('',(15.075,-1.35,2.761008928571));
#9799 = VECTOR('',#9800,1.);
#9800 = DIRECTION('',(-1.,-2.22044604925E-16,0.));
#9801 = PCURVE('',#4497,#9802);
#9802 = DEFINITIONAL_REPRESENTATION('',(#9803),#9807);
#9803 = LINE('',#9804,#9805);
#9804 = CARTESIAN_POINT('',(0.,0.));
#9805 = VECTOR('',#9806,1.);
#9806 = DIRECTION('',(1.,0.));
#9807 = ( GEOMETRIC_REPRESENTATION_CONTEXT(2) 
PARAMETRIC_REPRESENTATION_CONTEXT() REPRESENTATION_CONTEXT('2D SPACE',''
  ) );
#9808 = PCURVE('',#9098,#9809);
#9809 = DEFINITIONAL_REPRESENTATION('',(#9810),#9814);
#9810 = LINE('',#9811,#9812);
#9811 = CARTESIAN_POINT('',(1.523611111111,-1.363888888889));
#9812 = VECTOR('',#9813,1.);
#9813 = DIRECTION('',(-1.,-2.22044604925E-16));
#9814 = ( GEOMETRIC_REPRESENTATION_CONTEXT(2) 
PARAMETRIC_REPRESENTATION_CONTEXT() REPRESENTATION_CONTEXT('2D SPACE',''
  ) );
#9815 = ORIENTED_EDGE('',*,*,#9718,.T.);
#9816 = ORIENTED_EDGE('',*,*,#4482,.F.);
#9817 = ORIENTED_EDGE('',*,*,#9818,.F.);
#9818 = EDGE_CURVE('',#9794,#4457,#9819,.T.);
#9819 = SURFACE_CURVE('',#9820,(#9824,#9831),.PCURVE_S1.);
#9820 = LINE('',#9821,#9822);
#9821 = CARTESIAN_POINT('',(12.375,-1.35,2.761008928571));
#9822 = VECTOR('',#9823,1.);
#9823 = DIRECTION('',(0.,0.,1.));
#9824 = PCURVE('',#4497,#9825);
#9825 = DEFINITIONAL_REPRESENTATION('',(#9826),#9830);
#9826 = LINE('',#9827,#9828);
#9827 = CARTESIAN_POINT('',(2.7,0.));
#9828 = VECTOR('',#9829,1.);
#9829 = DIRECTION('',(0.,-1.));
#9830 = ( GEOMETRIC_REPRESENTATION_CONTEXT(2) 
PARAMETRIC_REPRESENTATION_CONTEXT() REPRESENTATION_CONTEXT('2D SPACE',''
  ) );
#9831 = PCURVE('',#4471,#9832);
#9832 = DEFINITIONAL_REPRESENTATION('',(#9833),#9837);
#9833 = LINE('',#9834,#9835);
#9834 = CARTESIAN_POINT('',(0.,0.));
#9835 = VECTOR('',#9836,1.);
#9836 = DIRECTION('',(0.,-1.));
#9837 = ( GEOMETRIC_REPRESENTATION_CONTEXT(2) 
PARAMETRIC_REPRESENTATION_CONTEXT() REPRESENTATION_CONTEXT('2D SPACE',''
  ) );
#9838 = ADVANCED_FACE('',(#9839),#4315,.T.);
#9839 = FACE_BOUND('',#9840,.T.);
#9840 = EDGE_LOOP('',(#9841,#9864,#9885,#9886));
#9841 = ORIENTED_EDGE('',*,*,#9842,.F.);
#9842 = EDGE_CURVE('',#9843,#9745,#9845,.T.);
#9843 = VERTEX_POINT('',#9844);
#9844 = CARTESIAN_POINT('',(14.775,1.35,2.761008928571));
#9845 = SURFACE_CURVE('',#9846,(#9850,#9857),.PCURVE_S1.);
#9846 = LINE('',#9847,#9848);
#9847 = CARTESIAN_POINT('',(14.775,1.35,2.761008928571));
#9848 = VECTOR('',#9849,1.);
#9849 = DIRECTION('',(2.22044604925E-16,-1.,0.));
#9850 = PCURVE('',#4315,#9851);
#9851 = DEFINITIONAL_REPRESENTATION('',(#9852),#9856);
#9852 = LINE('',#9853,#9854);
#9853 = CARTESIAN_POINT('',(0.,0.));
#9854 = VECTOR('',#9855,1.);
#9855 = DIRECTION('',(1.,0.));
#9856 = ( GEOMETRIC_REPRESENTATION_CONTEXT(2) 
PARAMETRIC_REPRESENTATION_CONTEXT() REPRESENTATION_CONTEXT('2D SPACE',''
  ) );
#9857 = PCURVE('',#9098,#9858);
#9858 = DEFINITIONAL_REPRESENTATION('',(#9859),#9863);
#9859 = LINE('',#9860,#9861);
#9860 = CARTESIAN_POINT('',(1.223611111111,1.336111111111));
#9861 = VECTOR('',#9862,1.);
#9862 = DIRECTION('',(2.22044604925E-16,-1.));
#9863 = ( GEOMETRIC_REPRESENTATION_CONTEXT(2) 
PARAMETRIC_REPRESENTATION_CONTEXT() REPRESENTATION_CONTEXT('2D SPACE',''
  ) );
#9864 = ORIENTED_EDGE('',*,*,#9865,.T.);
#9865 = EDGE_CURVE('',#9843,#4301,#9866,.T.);
#9866 = SURFACE_CURVE('',#9867,(#9871,#9878),.PCURVE_S1.);
#9867 = LINE('',#9868,#9869);
#9868 = CARTESIAN_POINT('',(14.775,1.35,2.761008928571));
#9869 = VECTOR('',#9870,1.);
#9870 = DIRECTION('',(0.,0.,1.));
#9871 = PCURVE('',#4315,#9872);
#9872 = DEFINITIONAL_REPRESENTATION('',(#9873),#9877);
#9873 = LINE('',#9874,#9875);
#9874 = CARTESIAN_POINT('',(0.,0.));
#9875 = VECTOR('',#9876,1.);
#9876 = DIRECTION('',(0.,-1.));
#9877 = ( GEOMETRIC_REPRESENTATION_CONTEXT(2) 
PARAMETRIC_REPRESENTATION_CONTEXT() REPRESENTATION_CONTEXT('2D SPACE',''
  ) );
#9878 = PCURVE('',#4341,#9879);
#9879 = DEFINITIONAL_REPRESENTATION('',(#9880),#9884);
#9880 = LINE('',#9881,#9882);
#9881 = CARTESIAN_POINT('',(0.,0.));
#9882 = VECTOR('',#9883,1.);
#9883 = DIRECTION('',(0.,-1.));
#9884 = ( GEOMETRIC_REPRESENTATION_CONTEXT(2) 
PARAMETRIC_REPRESENTATION_CONTEXT() REPRESENTATION_CONTEXT('2D SPACE',''
  ) );
#9885 = ORIENTED_EDGE('',*,*,#4300,.F.);
#9886 = ORIENTED_EDGE('',*,*,#9767,.F.);
#9887 = ADVANCED_FACE('',(#9888),#4471,.T.);
#9888 = FACE_BOUND('',#9889,.T.);
#9889 = EDGE_LOOP('',(#9890,#9913,#9914,#9915));
#9890 = ORIENTED_EDGE('',*,*,#9891,.F.);
#9891 = EDGE_CURVE('',#9794,#9892,#9894,.T.);
#9892 = VERTEX_POINT('',#9893);
#9893 = CARTESIAN_POINT('',(12.375,-0.65,2.761008928571));
#9894 = SURFACE_CURVE('',#9895,(#9899,#9906),.PCURVE_S1.);
#9895 = LINE('',#9896,#9897);
#9896 = CARTESIAN_POINT('',(12.375,-1.35,2.761008928571));
#9897 = VECTOR('',#9898,1.);
#9898 = DIRECTION('',(-2.22044604925E-16,1.,0.));
#9899 = PCURVE('',#4471,#9900);
#9900 = DEFINITIONAL_REPRESENTATION('',(#9901),#9905);
#9901 = LINE('',#9902,#9903);
#9902 = CARTESIAN_POINT('',(0.,0.));
#9903 = VECTOR('',#9904,1.);
#9904 = DIRECTION('',(1.,0.));
#9905 = ( GEOMETRIC_REPRESENTATION_CONTEXT(2) 
PARAMETRIC_REPRESENTATION_CONTEXT() REPRESENTATION_CONTEXT('2D SPACE',''
  ) );
#9906 = PCURVE('',#9098,#9907);
#9907 = DEFINITIONAL_REPRESENTATION('',(#9908),#9912);
#9908 = LINE('',#9909,#9910);
#9909 = CARTESIAN_POINT('',(-1.176388888889,-1.363888888889));
#9910 = VECTOR('',#9911,1.);
#9911 = DIRECTION('',(-2.22044604925E-16,1.));
#9912 = ( GEOMETRIC_REPRESENTATION_CONTEXT(2) 
PARAMETRIC_REPRESENTATION_CONTEXT() REPRESENTATION_CONTEXT('2D SPACE',''
  ) );
#9913 = ORIENTED_EDGE('',*,*,#9818,.T.);
#9914 = ORIENTED_EDGE('',*,*,#4456,.F.);
#9915 = ORIENTED_EDGE('',*,*,#9916,.F.);
#9916 = EDGE_CURVE('',#9892,#4431,#9917,.T.);
#9917 = SURFACE_CURVE('',#9918,(#9922,#9929),.PCURVE_S1.);
#9918 = LINE('',#9919,#9920);
#9919 = CARTESIAN_POINT('',(12.375,-0.65,2.761008928571));
#9920 = VECTOR('',#9921,1.);
#9921 = DIRECTION('',(0.,0.,1.));
#9922 = PCURVE('',#4471,#9923);
#9923 = DEFINITIONAL_REPRESENTATION('',(#9924),#9928);
#9924 = LINE('',#9925,#9926);
#9925 = CARTESIAN_POINT('',(0.7,0.));
#9926 = VECTOR('',#9927,1.);
#9927 = DIRECTION('',(0.,-1.));
#9928 = ( GEOMETRIC_REPRESENTATION_CONTEXT(2) 
PARAMETRIC_REPRESENTATION_CONTEXT() REPRESENTATION_CONTEXT('2D SPACE',''
  ) );
#9929 = PCURVE('',#4445,#9930);
#9930 = DEFINITIONAL_REPRESENTATION('',(#9931),#9935);
#9931 = LINE('',#9932,#9933);
#9932 = CARTESIAN_POINT('',(0.,0.));
#9933 = VECTOR('',#9934,1.);
#9934 = DIRECTION('',(0.,-1.));
#9935 = ( GEOMETRIC_REPRESENTATION_CONTEXT(2) 
PARAMETRIC_REPRESENTATION_CONTEXT() REPRESENTATION_CONTEXT('2D SPACE',''
  ) );
#9936 = ADVANCED_FACE('',(#9937),#4341,.F.);
#9937 = FACE_BOUND('',#9938,.F.);
#9938 = EDGE_LOOP('',(#9939,#9962,#9963,#9964));
#9939 = ORIENTED_EDGE('',*,*,#9940,.F.);
#9940 = EDGE_CURVE('',#9843,#9941,#9943,.T.);
#9941 = VERTEX_POINT('',#9942);
#9942 = CARTESIAN_POINT('',(12.375,1.35,2.761008928571));
#9943 = SURFACE_CURVE('',#9944,(#9948,#9955),.PCURVE_S1.);
#9944 = LINE('',#9945,#9946);
#9945 = CARTESIAN_POINT('',(14.775,1.35,2.761008928571));
#9946 = VECTOR('',#9947,1.);
#9947 = DIRECTION('',(-1.,-2.22044604925E-16,0.));
#9948 = PCURVE('',#4341,#9949);
#9949 = DEFINITIONAL_REPRESENTATION('',(#9950),#9954);
#9950 = LINE('',#9951,#9952);
#9951 = CARTESIAN_POINT('',(0.,0.));
#9952 = VECTOR('',#9953,1.);
#9953 = DIRECTION('',(1.,0.));
#9954 = ( GEOMETRIC_REPRESENTATION_CONTEXT(2) 
PARAMETRIC_REPRESENTATION_CONTEXT() REPRESENTATION_CONTEXT('2D SPACE',''
  ) );
#9955 = PCURVE('',#9098,#9956);
#9956 = DEFINITIONAL_REPRESENTATION('',(#9957),#9961);
#9957 = LINE('',#9958,#9959);
#9958 = CARTESIAN_POINT('',(1.223611111111,1.336111111111));
#9959 = VECTOR('',#9960,1.);
#9960 = DIRECTION('',(-1.,-2.22044604925E-16));
#9961 = ( GEOMETRIC_REPRESENTATION_CONTEXT(2) 
PARAMETRIC_REPRESENTATION_CONTEXT() REPRESENTATION_CONTEXT('2D SPACE',''
  ) );
#9962 = ORIENTED_EDGE('',*,*,#9865,.T.);
#9963 = ORIENTED_EDGE('',*,*,#4326,.F.);
#9964 = ORIENTED_EDGE('',*,*,#9965,.F.);
#9965 = EDGE_CURVE('',#9941,#4327,#9966,.T.);
#9966 = SURFACE_CURVE('',#9967,(#9971,#9978),.PCURVE_S1.);
#9967 = LINE('',#9968,#9969);
#9968 = CARTESIAN_POINT('',(12.375,1.35,2.761008928571));
#9969 = VECTOR('',#9970,1.);
#9970 = DIRECTION('',(0.,0.,1.));
#9971 = PCURVE('',#4341,#9972);
#9972 = DEFINITIONAL_REPRESENTATION('',(#9973),#9977);
#9973 = LINE('',#9974,#9975);
#9974 = CARTESIAN_POINT('',(2.4,0.));
#9975 = VECTOR('',#9976,1.);
#9976 = DIRECTION('',(0.,-1.));
#9977 = ( GEOMETRIC_REPRESENTATION_CONTEXT(2) 
PARAMETRIC_REPRESENTATION_CONTEXT() REPRESENTATION_CONTEXT('2D SPACE',''
  ) );
#9978 = PCURVE('',#4367,#9979);
#9979 = DEFINITIONAL_REPRESENTATION('',(#9980),#9984);
#9980 = LINE('',#9981,#9982);
#9981 = CARTESIAN_POINT('',(0.,0.));
#9982 = VECTOR('',#9983,1.);
#9983 = DIRECTION('',(0.,-1.));
#9984 = ( GEOMETRIC_REPRESENTATION_CONTEXT(2) 
PARAMETRIC_REPRESENTATION_CONTEXT() REPRESENTATION_CONTEXT('2D SPACE',''
  ) );
#9985 = ADVANCED_FACE('',(#9986),#4445,.T.);
#9986 = FACE_BOUND('',#9987,.T.);
#9987 = EDGE_LOOP('',(#9988,#10011,#10012,#10013));
#9988 = ORIENTED_EDGE('',*,*,#9989,.F.);
#9989 = EDGE_CURVE('',#9892,#9990,#9992,.T.);
#9990 = VERTEX_POINT('',#9991);
#9991 = CARTESIAN_POINT('',(13.075,-0.65,2.761008928571));
#9992 = SURFACE_CURVE('',#9993,(#9997,#10004),.PCURVE_S1.);
#9993 = LINE('',#9994,#9995);
#9994 = CARTESIAN_POINT('',(12.375,-0.65,2.761008928571));
#9995 = VECTOR('',#9996,1.);
#9996 = DIRECTION('',(1.,2.22044604925E-16,0.));
#9997 = PCURVE('',#4445,#9998);
#9998 = DEFINITIONAL_REPRESENTATION('',(#9999),#10003);
#9999 = LINE('',#10000,#10001);
#10000 = CARTESIAN_POINT('',(0.,0.));
#10001 = VECTOR('',#10002,1.);
#10002 = DIRECTION('',(1.,0.));
#10003 = ( GEOMETRIC_REPRESENTATION_CONTEXT(2) 
PARAMETRIC_REPRESENTATION_CONTEXT() REPRESENTATION_CONTEXT('2D SPACE',''
  ) );
#10004 = PCURVE('',#9098,#10005);
#10005 = DEFINITIONAL_REPRESENTATION('',(#10006),#10010);
#10006 = LINE('',#10007,#10008);
#10007 = CARTESIAN_POINT('',(-1.176388888889,-0.663888888889));
#10008 = VECTOR('',#10009,1.);
#10009 = DIRECTION('',(1.,2.22044604925E-16));
#10010 = ( GEOMETRIC_REPRESENTATION_CONTEXT(2) 
PARAMETRIC_REPRESENTATION_CONTEXT() REPRESENTATION_CONTEXT('2D SPACE',''
  ) );
#10011 = ORIENTED_EDGE('',*,*,#9916,.T.);
#10012 = ORIENTED_EDGE('',*,*,#4430,.F.);
#10013 = ORIENTED_EDGE('',*,*,#10014,.F.);
#10014 = EDGE_CURVE('',#9990,#4405,#10015,.T.);
#10015 = SURFACE_CURVE('',#10016,(#10020,#10027),.PCURVE_S1.);
#10016 = LINE('',#10017,#10018);
#10017 = CARTESIAN_POINT('',(13.075,-0.65,2.761008928571));
#10018 = VECTOR('',#10019,1.);
#10019 = DIRECTION('',(0.,0.,1.));
#10020 = PCURVE('',#4445,#10021);
#10021 = DEFINITIONAL_REPRESENTATION('',(#10022),#10026);
#10022 = LINE('',#10023,#10024);
#10023 = CARTESIAN_POINT('',(0.7,0.));
#10024 = VECTOR('',#10025,1.);
#10025 = DIRECTION('',(0.,-1.));
#10026 = ( GEOMETRIC_REPRESENTATION_CONTEXT(2) 
PARAMETRIC_REPRESENTATION_CONTEXT() REPRESENTATION_CONTEXT('2D SPACE',''
  ) );
#10027 = PCURVE('',#4419,#10028);
#10028 = DEFINITIONAL_REPRESENTATION('',(#10029),#10033);
#10029 = LINE('',#10030,#10031);
#10030 = CARTESIAN_POINT('',(1.3,0.));
#10031 = VECTOR('',#10032,1.);
#10032 = DIRECTION('',(0.,-1.));
#10033 = ( GEOMETRIC_REPRESENTATION_CONTEXT(2) 
PARAMETRIC_REPRESENTATION_CONTEXT() REPRESENTATION_CONTEXT('2D SPACE',''
  ) );
#10034 = ADVANCED_FACE('',(#10035),#4367,.F.);
#10035 = FACE_BOUND('',#10036,.F.);
#10036 = EDGE_LOOP('',(#10037,#10060,#10061,#10062));
#10037 = ORIENTED_EDGE('',*,*,#10038,.F.);
#10038 = EDGE_CURVE('',#9941,#10039,#10041,.T.);
#10039 = VERTEX_POINT('',#10040);
#10040 = CARTESIAN_POINT('',(12.375,0.65,2.761008928571));
#10041 = SURFACE_CURVE('',#10042,(#10046,#10053),.PCURVE_S1.);
#10042 = LINE('',#10043,#10044);
#10043 = CARTESIAN_POINT('',(12.375,1.35,2.761008928571));
#10044 = VECTOR('',#10045,1.);
#10045 = DIRECTION('',(2.22044604925E-16,-1.,0.));
#10046 = PCURVE('',#4367,#10047);
#10047 = DEFINITIONAL_REPRESENTATION('',(#10048),#10052);
#10048 = LINE('',#10049,#10050);
#10049 = CARTESIAN_POINT('',(0.,0.));
#10050 = VECTOR('',#10051,1.);
#10051 = DIRECTION('',(1.,0.));
#10052 = ( GEOMETRIC_REPRESENTATION_CONTEXT(2) 
PARAMETRIC_REPRESENTATION_CONTEXT() REPRESENTATION_CONTEXT('2D SPACE',''
  ) );
#10053 = PCURVE('',#9098,#10054);
#10054 = DEFINITIONAL_REPRESENTATION('',(#10055),#10059);
#10055 = LINE('',#10056,#10057);
#10056 = CARTESIAN_POINT('',(-1.176388888889,1.336111111111));
#10057 = VECTOR('',#10058,1.);
#10058 = DIRECTION('',(2.22044604925E-16,-1.));
#10059 = ( GEOMETRIC_REPRESENTATION_CONTEXT(2) 
PARAMETRIC_REPRESENTATION_CONTEXT() REPRESENTATION_CONTEXT('2D SPACE',''
  ) );
#10060 = ORIENTED_EDGE('',*,*,#9965,.T.);
#10061 = ORIENTED_EDGE('',*,*,#4352,.F.);
#10062 = ORIENTED_EDGE('',*,*,#10063,.F.);
#10063 = EDGE_CURVE('',#10039,#4353,#10064,.T.);
#10064 = SURFACE_CURVE('',#10065,(#10069,#10076),.PCURVE_S1.);
#10065 = LINE('',#10066,#10067);
#10066 = CARTESIAN_POINT('',(12.375,0.65,2.761008928571));
#10067 = VECTOR('',#10068,1.);
#10068 = DIRECTION('',(0.,0.,1.));
#10069 = PCURVE('',#4367,#10070);
#10070 = DEFINITIONAL_REPRESENTATION('',(#10071),#10075);
#10071 = LINE('',#10072,#10073);
#10072 = CARTESIAN_POINT('',(0.7,0.));
#10073 = VECTOR('',#10074,1.);
#10074 = DIRECTION('',(0.,-1.));
#10075 = ( GEOMETRIC_REPRESENTATION_CONTEXT(2) 
PARAMETRIC_REPRESENTATION_CONTEXT() REPRESENTATION_CONTEXT('2D SPACE',''
  ) );
#10076 = PCURVE('',#4393,#10077);
#10077 = DEFINITIONAL_REPRESENTATION('',(#10078),#10082);
#10078 = LINE('',#10079,#10080);
#10079 = CARTESIAN_POINT('',(0.,0.));
#10080 = VECTOR('',#10081,1.);
#10081 = DIRECTION('',(0.,-1.));
#10082 = ( GEOMETRIC_REPRESENTATION_CONTEXT(2) 
PARAMETRIC_REPRESENTATION_CONTEXT() REPRESENTATION_CONTEXT('2D SPACE',''
  ) );
#10083 = ADVANCED_FACE('',(#10084),#4419,.F.);
#10084 = FACE_BOUND('',#10085,.F.);
#10085 = EDGE_LOOP('',(#10086,#10109,#10130,#10131));
#10086 = ORIENTED_EDGE('',*,*,#10087,.F.);
#10087 = EDGE_CURVE('',#10088,#9990,#10090,.T.);
#10088 = VERTEX_POINT('',#10089);
#10089 = CARTESIAN_POINT('',(13.075,0.65,2.761008928571));
#10090 = SURFACE_CURVE('',#10091,(#10095,#10102),.PCURVE_S1.);
#10091 = LINE('',#10092,#10093);
#10092 = CARTESIAN_POINT('',(13.075,0.65,2.761008928571));
#10093 = VECTOR('',#10094,1.);
#10094 = DIRECTION('',(2.22044604925E-16,-1.,0.));
#10095 = PCURVE('',#4419,#10096);
#10096 = DEFINITIONAL_REPRESENTATION('',(#10097),#10101);
#10097 = LINE('',#10098,#10099);
#10098 = CARTESIAN_POINT('',(0.,0.));
#10099 = VECTOR('',#10100,1.);
#10100 = DIRECTION('',(1.,0.));
#10101 = ( GEOMETRIC_REPRESENTATION_CONTEXT(2) 
PARAMETRIC_REPRESENTATION_CONTEXT() REPRESENTATION_CONTEXT('2D SPACE',''
  ) );
#10102 = PCURVE('',#9098,#10103);
#10103 = DEFINITIONAL_REPRESENTATION('',(#10104),#10108);
#10104 = LINE('',#10105,#10106);
#10105 = CARTESIAN_POINT('',(-0.476388888889,0.636111111111));
#10106 = VECTOR('',#10107,1.);
#10107 = DIRECTION('',(2.22044604925E-16,-1.));
#10108 = ( GEOMETRIC_REPRESENTATION_CONTEXT(2) 
PARAMETRIC_REPRESENTATION_CONTEXT() REPRESENTATION_CONTEXT('2D SPACE',''
  ) );
#10109 = ORIENTED_EDGE('',*,*,#10110,.T.);
#10110 = EDGE_CURVE('',#10088,#4379,#10111,.T.);
#10111 = SURFACE_CURVE('',#10112,(#10116,#10123),.PCURVE_S1.);
#10112 = LINE('',#10113,#10114);
#10113 = CARTESIAN_POINT('',(13.075,0.65,2.761008928571));
#10114 = VECTOR('',#10115,1.);
#10115 = DIRECTION('',(0.,0.,1.));
#10116 = PCURVE('',#4419,#10117);
#10117 = DEFINITIONAL_REPRESENTATION('',(#10118),#10122);
#10118 = LINE('',#10119,#10120);
#10119 = CARTESIAN_POINT('',(0.,0.));
#10120 = VECTOR('',#10121,1.);
#10121 = DIRECTION('',(0.,-1.));
#10122 = ( GEOMETRIC_REPRESENTATION_CONTEXT(2) 
PARAMETRIC_REPRESENTATION_CONTEXT() REPRESENTATION_CONTEXT('2D SPACE',''
  ) );
#10123 = PCURVE('',#4393,#10124);
#10124 = DEFINITIONAL_REPRESENTATION('',(#10125),#10129);
#10125 = LINE('',#10126,#10127);
#10126 = CARTESIAN_POINT('',(0.7,0.));
#10127 = VECTOR('',#10128,1.);
#10128 = DIRECTION('',(0.,-1.));
#10129 = ( GEOMETRIC_REPRESENTATION_CONTEXT(2) 
PARAMETRIC_REPRESENTATION_CONTEXT() REPRESENTATION_CONTEXT('2D SPACE',''
  ) );
#10130 = ORIENTED_EDGE('',*,*,#4404,.F.);
#10131 = ORIENTED_EDGE('',*,*,#10014,.F.);
#10132 = ADVANCED_FACE('',(#10133),#4393,.F.);
#10133 = FACE_BOUND('',#10134,.F.);
#10134 = EDGE_LOOP('',(#10135,#10156,#10157,#10158));
#10135 = ORIENTED_EDGE('',*,*,#10136,.F.);
#10136 = EDGE_CURVE('',#10039,#10088,#10137,.T.);
#10137 = SURFACE_CURVE('',#10138,(#10142,#10149),.PCURVE_S1.);
#10138 = LINE('',#10139,#10140);
#10139 = CARTESIAN_POINT('',(12.375,0.65,2.761008928571));
#10140 = VECTOR('',#10141,1.);
#10141 = DIRECTION('',(1.,2.22044604925E-16,0.));
#10142 = PCURVE('',#4393,#10143);
#10143 = DEFINITIONAL_REPRESENTATION('',(#10144),#10148);
#10144 = LINE('',#10145,#10146);
#10145 = CARTESIAN_POINT('',(0.,0.));
#10146 = VECTOR('',#10147,1.);
#10147 = DIRECTION('',(1.,0.));
#10148 = ( GEOMETRIC_REPRESENTATION_CONTEXT(2) 
PARAMETRIC_REPRESENTATION_CONTEXT() REPRESENTATION_CONTEXT('2D SPACE',''
  ) );
#10149 = PCURVE('',#9098,#10150);
#10150 = DEFINITIONAL_REPRESENTATION('',(#10151),#10155);
#10151 = LINE('',#10152,#10153);
#10152 = CARTESIAN_POINT('',(-1.176388888889,0.636111111111));
#10153 = VECTOR('',#10154,1.);
#10154 = DIRECTION('',(1.,2.22044604925E-16));
#10155 = ( GEOMETRIC_REPRESENTATION_CONTEXT(2) 
PARAMETRIC_REPRESENTATION_CONTEXT() REPRESENTATION_CONTEXT('2D SPACE',''
  ) );
#10156 = ORIENTED_EDGE('',*,*,#10063,.T.);
#10157 = ORIENTED_EDGE('',*,*,#4378,.F.);
#10158 = ORIENTED_EDGE('',*,*,#10110,.F.);
#10159 = ADVANCED_FACE('',(#10160),#4977,.T.);
#10160 = FACE_BOUND('',#10161,.T.);
#10161 = EDGE_LOOP('',(#10162,#10163,#10164,#10165));
#10162 = ORIENTED_EDGE('',*,*,#5205,.F.);
#10163 = ORIENTED_EDGE('',*,*,#4962,.F.);
#10164 = ORIENTED_EDGE('',*,*,#5102,.T.);
#10165 = ORIENTED_EDGE('',*,*,#5431,.F.);
#10166 = ADVANCED_FACE('',(#10167),#5007,.F.);
#10167 = FACE_BOUND('',#10168,.F.);
#10168 = EDGE_LOOP('',(#10169,#10189,#10190,#10191));
#10169 = ORIENTED_EDGE('',*,*,#10170,.F.);
#10170 = EDGE_CURVE('',#5485,#4993,#10171,.T.);
#10171 = SURFACE_CURVE('',#10172,(#10176,#10183),.PCURVE_S1.);
#10172 = LINE('',#10173,#10174);
#10173 = CARTESIAN_POINT('',(0.,-7.,0.499992805864));
#10174 = VECTOR('',#10175,1.);
#10175 = DIRECTION('',(1.,0.,0.));
#10176 = PCURVE('',#5007,#10177);
#10177 = DEFINITIONAL_REPRESENTATION('',(#10178),#10182);
#10178 = LINE('',#10179,#10180);
#10179 = CARTESIAN_POINT('',(-1.875644340786,-0.499992805864));
#10180 = VECTOR('',#10181,1.);
#10181 = DIRECTION('',(1.,0.));
#10182 = ( GEOMETRIC_REPRESENTATION_CONTEXT(2) 
PARAMETRIC_REPRESENTATION_CONTEXT() REPRESENTATION_CONTEXT('2D SPACE',''
  ) );
#10183 = PCURVE('',#5062,#10184);
#10184 = DEFINITIONAL_REPRESENTATION('',(#10185),#10188);
#10185 = B_SPLINE_CURVE_WITH_KNOTS('',1,(#10186,#10187),.UNSPECIFIED.,
  .F.,.F.,(2,2),(0.,18.768211963761),.PIECEWISE_BEZIER_KNOTS.);
#10186 = CARTESIAN_POINT('',(3.141607041861,0.));
#10187 = CARTESIAN_POINT('',(3.141607041861,18.768211963761));
#10188 = ( GEOMETRIC_REPRESENTATION_CONTEXT(2) 
PARAMETRIC_REPRESENTATION_CONTEXT() REPRESENTATION_CONTEXT('2D SPACE',''
  ) );
#10189 = ORIENTED_EDGE('',*,*,#5484,.T.);
#10190 = ORIENTED_EDGE('',*,*,#5406,.T.);
#10191 = ORIENTED_EDGE('',*,*,#4992,.T.);
#10192 = ADVANCED_FACE('',(#10193),#5062,.T.);
#10193 = FACE_BOUND('',#10194,.T.);
#10194 = EDGE_LOOP('',(#10195,#10196,#10197,#10198));
#10195 = ORIENTED_EDGE('',*,*,#10170,.F.);
#10196 = ORIENTED_EDGE('',*,*,#5507,.T.);
#10197 = ORIENTED_EDGE('',*,*,#5149,.T.);
#10198 = ORIENTED_EDGE('',*,*,#5046,.F.);
#10199 = ADVANCED_FACE('',(#10200),#5190,.F.);
#10200 = FACE_BOUND('',#10201,.T.);
#10201 = EDGE_LOOP('',(#10202,#10203,#10226,#10252));
#10202 = ORIENTED_EDGE('',*,*,#5173,.F.);
#10203 = ORIENTED_EDGE('',*,*,#10204,.T.);
#10204 = EDGE_CURVE('',#5174,#10205,#10207,.T.);
#10205 = VERTEX_POINT('',#10206);
#10206 = CARTESIAN_POINT('',(10.65,0.,1.420504464286));
#10207 = SEAM_CURVE('',#10208,(#10212,#10219),.PCURVE_S1.);
#10208 = LINE('',#10209,#10210);
#10209 = CARTESIAN_POINT('',(10.65,0.,0.));
#10210 = VECTOR('',#10211,1.);
#10211 = DIRECTION('',(0.,0.,1.));
#10212 = PCURVE('',#5190,#10213);
#10213 = DEFINITIONAL_REPRESENTATION('',(#10214),#10218);
#10214 = LINE('',#10215,#10216);
#10215 = CARTESIAN_POINT('',(-6.28318530718,0.));
#10216 = VECTOR('',#10217,1.);
#10217 = DIRECTION('',(-0.,-1.));
#10218 = ( GEOMETRIC_REPRESENTATION_CONTEXT(2) 
PARAMETRIC_REPRESENTATION_CONTEXT() REPRESENTATION_CONTEXT('2D SPACE',''
  ) );
#10219 = PCURVE('',#5190,#10220);
#10220 = DEFINITIONAL_REPRESENTATION('',(#10221),#10225);
#10221 = LINE('',#10222,#10223);
#10222 = CARTESIAN_POINT('',(-0.,0.));
#10223 = VECTOR('',#10224,1.);
#10224 = DIRECTION('',(-0.,-1.));
#10225 = ( GEOMETRIC_REPRESENTATION_CONTEXT(2) 
PARAMETRIC_REPRESENTATION_CONTEXT() REPRESENTATION_CONTEXT('2D SPACE',''
  ) );
#10226 = ORIENTED_EDGE('',*,*,#10227,.F.);
#10227 = EDGE_CURVE('',#10205,#10205,#10228,.T.);
#10228 = SURFACE_CURVE('',#10229,(#10234,#10241),.PCURVE_S1.);
#10229 = CIRCLE('',#10230,3.15);
#10230 = AXIS2_PLACEMENT_3D('',#10231,#10232,#10233);
#10231 = CARTESIAN_POINT('',(7.5,0.,1.420504464286));
#10232 = DIRECTION('',(0.,0.,-1.));
#10233 = DIRECTION('',(1.,0.,0.));
#10234 = PCURVE('',#5190,#10235);
#10235 = DEFINITIONAL_REPRESENTATION('',(#10236),#10240);
#10236 = LINE('',#10237,#10238);
#10237 = CARTESIAN_POINT('',(-6.28318530718,-1.420504464286));
#10238 = VECTOR('',#10239,1.);
#10239 = DIRECTION('',(1.,-0.));
#10240 = ( GEOMETRIC_REPRESENTATION_CONTEXT(2) 
PARAMETRIC_REPRESENTATION_CONTEXT() REPRESENTATION_CONTEXT('2D SPACE',''
  ) );
#10241 = PCURVE('',#5682,#10242);
#10242 = DEFINITIONAL_REPRESENTATION('',(#10243),#10251);
#10243 = ( BOUNDED_CURVE() B_SPLINE_CURVE(2,(#10244,#10245,#10246,#10247
    ,#10248,#10249,#10250),.UNSPECIFIED.,.T.,.F.) 
B_SPLINE_CURVE_WITH_KNOTS((1,2,2,2,2,1),(-2.094395102393,0.,
    2.094395102393,4.188790204786,6.28318530718,8.377580409573),
.UNSPECIFIED.) CURVE() GEOMETRIC_REPRESENTATION_ITEM() 
RATIONAL_B_SPLINE_CURVE((1.,0.5,1.,0.5,1.,0.5,1.)) REPRESENTATION_ITEM(
  '') );
#10244 = CARTESIAN_POINT('',(5.5,-10.65));
#10245 = CARTESIAN_POINT('',(4.403995615804E-02,-10.65));
#10246 = CARTESIAN_POINT('',(2.772019978079,-5.925));
#10247 = CARTESIAN_POINT('',(5.5,-1.2));
#10248 = CARTESIAN_POINT('',(8.227980021921,-5.925));
#10249 = CARTESIAN_POINT('',(10.955960043842,-10.65));
#10250 = CARTESIAN_POINT('',(5.5,-10.65));
#10251 = ( GEOMETRIC_REPRESENTATION_CONTEXT(2) 
PARAMETRIC_REPRESENTATION_CONTEXT() REPRESENTATION_CONTEXT('2D SPACE',''
  ) );
#10252 = ORIENTED_EDGE('',*,*,#10204,.F.);
#10253 = ADVANCED_FACE('',(#10254),#5575,.T.);
#10254 = FACE_BOUND('',#10255,.T.);
#10255 = EDGE_LOOP('',(#10256,#10257,#10280,#10308));
#10256 = ORIENTED_EDGE('',*,*,#5558,.F.);
#10257 = ORIENTED_EDGE('',*,*,#10258,.T.);
#10258 = EDGE_CURVE('',#5559,#10259,#10261,.T.);
#10259 = VERTEX_POINT('',#10260);
#10260 = CARTESIAN_POINT('',(11.65,-5.5,1.440504464286));
#10261 = SURFACE_CURVE('',#10262,(#10266,#10273),.PCURVE_S1.);
#10262 = LINE('',#10263,#10264);
#10263 = CARTESIAN_POINT('',(0.,-5.5,1.440504464286));
#10264 = VECTOR('',#10265,1.);
#10265 = DIRECTION('',(1.,0.,0.));
#10266 = PCURVE('',#5575,#10267);
#10267 = DEFINITIONAL_REPRESENTATION('',(#10268),#10272);
#10268 = LINE('',#10269,#10270);
#10269 = CARTESIAN_POINT('',(0.,0.));
#10270 = VECTOR('',#10271,1.);
#10271 = DIRECTION('',(0.,-1.));
#10272 = ( GEOMETRIC_REPRESENTATION_CONTEXT(2) 
PARAMETRIC_REPRESENTATION_CONTEXT() REPRESENTATION_CONTEXT('2D SPACE',''
  ) );
#10273 = PCURVE('',#5603,#10274);
#10274 = DEFINITIONAL_REPRESENTATION('',(#10275),#10279);
#10275 = LINE('',#10276,#10277);
#10276 = CARTESIAN_POINT('',(11.,0.));
#10277 = VECTOR('',#10278,1.);
#10278 = DIRECTION('',(0.,-1.));
#10279 = ( GEOMETRIC_REPRESENTATION_CONTEXT(2) 
PARAMETRIC_REPRESENTATION_CONTEXT() REPRESENTATION_CONTEXT('2D SPACE',''
  ) );
#10280 = ORIENTED_EDGE('',*,*,#10281,.T.);
#10281 = EDGE_CURVE('',#10259,#10282,#10284,.T.);
#10282 = VERTEX_POINT('',#10283);
#10283 = CARTESIAN_POINT('',(11.65,-5.5,1.420504464286));
#10284 = SURFACE_CURVE('',#10285,(#10289,#10296),.PCURVE_S1.);
#10285 = LINE('',#10286,#10287);
#10286 = CARTESIAN_POINT('',(11.65,-5.5,1.440504464286));
#10287 = VECTOR('',#10288,1.);
#10288 = DIRECTION('',(0.,0.,-1.));
#10289 = PCURVE('',#5575,#10290);
#10290 = DEFINITIONAL_REPRESENTATION('',(#10291),#10295);
#10291 = LINE('',#10292,#10293);
#10292 = CARTESIAN_POINT('',(0.,-11.65));
#10293 = VECTOR('',#10294,1.);
#10294 = DIRECTION('',(1.,0.));
#10295 = ( GEOMETRIC_REPRESENTATION_CONTEXT(2) 
PARAMETRIC_REPRESENTATION_CONTEXT() REPRESENTATION_CONTEXT('2D SPACE',''
  ) );
#10296 = PCURVE('',#10297,#10302);
#10297 = PLANE('',#10298);
#10298 = AXIS2_PLACEMENT_3D('',#10299,#10300,#10301);
#10299 = CARTESIAN_POINT('',(11.65,3.02238572947E-17,1.430504464286));
#10300 = DIRECTION('',(1.,0.,0.));
#10301 = DIRECTION('',(0.,0.,1.));
#10302 = DEFINITIONAL_REPRESENTATION('',(#10303),#10307);
#10303 = LINE('',#10304,#10305);
#10304 = CARTESIAN_POINT('',(1.E-02,5.5));
#10305 = VECTOR('',#10306,1.);
#10306 = DIRECTION('',(-1.,0.));
#10307 = ( GEOMETRIC_REPRESENTATION_CONTEXT(2) 
PARAMETRIC_REPRESENTATION_CONTEXT() REPRESENTATION_CONTEXT('2D SPACE',''
  ) );
#10308 = ORIENTED_EDGE('',*,*,#10309,.F.);
#10309 = EDGE_CURVE('',#5561,#10282,#10310,.T.);
#10310 = SURFACE_CURVE('',#10311,(#10315,#10322),.PCURVE_S1.);
#10311 = LINE('',#10312,#10313);
#10312 = CARTESIAN_POINT('',(0.,-5.5,1.420504464286));
#10313 = VECTOR('',#10314,1.);
#10314 = DIRECTION('',(1.,0.,0.));
#10315 = PCURVE('',#5575,#10316);
#10316 = DEFINITIONAL_REPRESENTATION('',(#10317),#10321);
#10317 = LINE('',#10318,#10319);
#10318 = CARTESIAN_POINT('',(2.E-02,0.));
#10319 = VECTOR('',#10320,1.);
#10320 = DIRECTION('',(0.,-1.));
#10321 = ( GEOMETRIC_REPRESENTATION_CONTEXT(2) 
PARAMETRIC_REPRESENTATION_CONTEXT() REPRESENTATION_CONTEXT('2D SPACE',''
  ) );
#10322 = PCURVE('',#5682,#10323);
#10323 = DEFINITIONAL_REPRESENTATION('',(#10324),#10328);
#10324 = LINE('',#10325,#10326);
#10325 = CARTESIAN_POINT('',(0.,0.));
#10326 = VECTOR('',#10327,1.);
#10327 = DIRECTION('',(0.,-1.));
#10328 = ( GEOMETRIC_REPRESENTATION_CONTEXT(2) 
PARAMETRIC_REPRESENTATION_CONTEXT() REPRESENTATION_CONTEXT('2D SPACE',''
  ) );
#10329 = ADVANCED_FACE('',(#10330,#10379),#5682,.T.);
#10330 = FACE_BOUND('',#10331,.T.);
#10331 = EDGE_LOOP('',(#10332,#10333,#10334,#10357,#10378));
#10332 = ORIENTED_EDGE('',*,*,#5698,.F.);
#10333 = ORIENTED_EDGE('',*,*,#10309,.T.);
#10334 = ORIENTED_EDGE('',*,*,#10335,.T.);
#10335 = EDGE_CURVE('',#10282,#10336,#10338,.T.);
#10336 = VERTEX_POINT('',#10337);
#10337 = CARTESIAN_POINT('',(11.65,5.5,1.420504464286));
#10338 = SURFACE_CURVE('',#10339,(#10343,#10350),.PCURVE_S1.);
#10339 = LINE('',#10340,#10341);
#10340 = CARTESIAN_POINT('',(11.65,-5.5,1.420504464286));
#10341 = VECTOR('',#10342,1.);
#10342 = DIRECTION('',(0.,1.,0.));
#10343 = PCURVE('',#5682,#10344);
#10344 = DEFINITIONAL_REPRESENTATION('',(#10345),#10349);
#10345 = LINE('',#10346,#10347);
#10346 = CARTESIAN_POINT('',(0.,-11.65));
#10347 = VECTOR('',#10348,1.);
#10348 = DIRECTION('',(1.,0.));
#10349 = ( GEOMETRIC_REPRESENTATION_CONTEXT(2) 
PARAMETRIC_REPRESENTATION_CONTEXT() REPRESENTATION_CONTEXT('2D SPACE',''
  ) );
#10350 = PCURVE('',#10297,#10351);
#10351 = DEFINITIONAL_REPRESENTATION('',(#10352),#10356);
#10352 = LINE('',#10353,#10354);
#10353 = CARTESIAN_POINT('',(-1.E-02,5.5));
#10354 = VECTOR('',#10355,1.);
#10355 = DIRECTION('',(0.,-1.));
#10356 = ( GEOMETRIC_REPRESENTATION_CONTEXT(2) 
PARAMETRIC_REPRESENTATION_CONTEXT() REPRESENTATION_CONTEXT('2D SPACE',''
  ) );
#10357 = ORIENTED_EDGE('',*,*,#10358,.F.);
#10358 = EDGE_CURVE('',#5640,#10336,#10359,.T.);
#10359 = SURFACE_CURVE('',#10360,(#10364,#10371),.PCURVE_S1.);
#10360 = LINE('',#10361,#10362);
#10361 = CARTESIAN_POINT('',(0.,5.5,1.420504464286));
#10362 = VECTOR('',#10363,1.);
#10363 = DIRECTION('',(1.,0.,0.));
#10364 = PCURVE('',#5682,#10365);
#10365 = DEFINITIONAL_REPRESENTATION('',(#10366),#10370);
#10366 = LINE('',#10367,#10368);
#10367 = CARTESIAN_POINT('',(11.,0.));
#10368 = VECTOR('',#10369,1.);
#10369 = DIRECTION('',(0.,-1.));
#10370 = ( GEOMETRIC_REPRESENTATION_CONTEXT(2) 
PARAMETRIC_REPRESENTATION_CONTEXT() REPRESENTATION_CONTEXT('2D SPACE',''
  ) );
#10371 = PCURVE('',#5654,#10372);
#10372 = DEFINITIONAL_REPRESENTATION('',(#10373),#10377);
#10373 = LINE('',#10374,#10375);
#10374 = CARTESIAN_POINT('',(0.,0.));
#10375 = VECTOR('',#10376,1.);
#10376 = DIRECTION('',(0.,-1.));
#10377 = ( GEOMETRIC_REPRESENTATION_CONTEXT(2) 
PARAMETRIC_REPRESENTATION_CONTEXT() REPRESENTATION_CONTEXT('2D SPACE',''
  ) );
#10378 = ORIENTED_EDGE('',*,*,#5665,.F.);
#10379 = FACE_BOUND('',#10380,.T.);
#10380 = EDGE_LOOP('',(#10381));
#10381 = ORIENTED_EDGE('',*,*,#10227,.T.);
#10382 = ADVANCED_FACE('',(#10383),#5654,.T.);
#10383 = FACE_BOUND('',#10384,.T.);
#10384 = EDGE_LOOP('',(#10385,#10386,#10387,#10410));
#10385 = ORIENTED_EDGE('',*,*,#5639,.T.);
#10386 = ORIENTED_EDGE('',*,*,#10358,.T.);
#10387 = ORIENTED_EDGE('',*,*,#10388,.T.);
#10388 = EDGE_CURVE('',#10336,#10389,#10391,.T.);
#10389 = VERTEX_POINT('',#10390);
#10390 = CARTESIAN_POINT('',(11.65,5.5,1.440504464286));
#10391 = SURFACE_CURVE('',#10392,(#10396,#10403),.PCURVE_S1.);
#10392 = LINE('',#10393,#10394);
#10393 = CARTESIAN_POINT('',(11.65,5.5,1.420504464286));
#10394 = VECTOR('',#10395,1.);
#10395 = DIRECTION('',(0.,0.,1.));
#10396 = PCURVE('',#5654,#10397);
#10397 = DEFINITIONAL_REPRESENTATION('',(#10398),#10402);
#10398 = LINE('',#10399,#10400);
#10399 = CARTESIAN_POINT('',(0.,-11.65));
#10400 = VECTOR('',#10401,1.);
#10401 = DIRECTION('',(1.,0.));
#10402 = ( GEOMETRIC_REPRESENTATION_CONTEXT(2) 
PARAMETRIC_REPRESENTATION_CONTEXT() REPRESENTATION_CONTEXT('2D SPACE',''
  ) );
#10403 = PCURVE('',#10297,#10404);
#10404 = DEFINITIONAL_REPRESENTATION('',(#10405),#10409);
#10405 = LINE('',#10406,#10407);
#10406 = CARTESIAN_POINT('',(-1.E-02,-5.5));
#10407 = VECTOR('',#10408,1.);
#10408 = DIRECTION('',(1.,0.));
#10409 = ( GEOMETRIC_REPRESENTATION_CONTEXT(2) 
PARAMETRIC_REPRESENTATION_CONTEXT() REPRESENTATION_CONTEXT('2D SPACE',''
  ) );
#10410 = ORIENTED_EDGE('',*,*,#10411,.F.);
#10411 = EDGE_CURVE('',#5616,#10389,#10412,.T.);
#10412 = SURFACE_CURVE('',#10413,(#10417,#10424),.PCURVE_S1.);
#10413 = LINE('',#10414,#10415);
#10414 = CARTESIAN_POINT('',(0.,5.5,1.440504464286));
#10415 = VECTOR('',#10416,1.);
#10416 = DIRECTION('',(1.,0.,0.));
#10417 = PCURVE('',#5654,#10418);
#10418 = DEFINITIONAL_REPRESENTATION('',(#10419),#10423);
#10419 = LINE('',#10420,#10421);
#10420 = CARTESIAN_POINT('',(2.E-02,0.));
#10421 = VECTOR('',#10422,1.);
#10422 = DIRECTION('',(0.,-1.));
#10423 = ( GEOMETRIC_REPRESENTATION_CONTEXT(2) 
PARAMETRIC_REPRESENTATION_CONTEXT() REPRESENTATION_CONTEXT('2D SPACE',''
  ) );
#10424 = PCURVE('',#5603,#10425);
#10425 = DEFINITIONAL_REPRESENTATION('',(#10426),#10430);
#10426 = LINE('',#10427,#10428);
#10427 = CARTESIAN_POINT('',(0.,-0.));
#10428 = VECTOR('',#10429,1.);
#10429 = DIRECTION('',(0.,-1.));
#10430 = ( GEOMETRIC_REPRESENTATION_CONTEXT(2) 
PARAMETRIC_REPRESENTATION_CONTEXT() REPRESENTATION_CONTEXT('2D SPACE',''
  ) );
#10431 = ADVANCED_FACE('',(#10432,#10459),#5603,.T.);
#10432 = FACE_BOUND('',#10433,.T.);
#10433 = EDGE_LOOP('',(#10434,#10435,#10436,#10457,#10458));
#10434 = ORIENTED_EDGE('',*,*,#5615,.T.);
#10435 = ORIENTED_EDGE('',*,*,#10411,.T.);
#10436 = ORIENTED_EDGE('',*,*,#10437,.T.);
#10437 = EDGE_CURVE('',#10389,#10259,#10438,.T.);
#10438 = SURFACE_CURVE('',#10439,(#10443,#10450),.PCURVE_S1.);
#10439 = LINE('',#10440,#10441);
#10440 = CARTESIAN_POINT('',(11.65,5.5,1.440504464286));
#10441 = VECTOR('',#10442,1.);
#10442 = DIRECTION('',(0.,-1.,0.));
#10443 = PCURVE('',#5603,#10444);
#10444 = DEFINITIONAL_REPRESENTATION('',(#10445),#10449);
#10445 = LINE('',#10446,#10447);
#10446 = CARTESIAN_POINT('',(0.,-11.65));
#10447 = VECTOR('',#10448,1.);
#10448 = DIRECTION('',(1.,0.));
#10449 = ( GEOMETRIC_REPRESENTATION_CONTEXT(2) 
PARAMETRIC_REPRESENTATION_CONTEXT() REPRESENTATION_CONTEXT('2D SPACE',''
  ) );
#10450 = PCURVE('',#10297,#10451);
#10451 = DEFINITIONAL_REPRESENTATION('',(#10452),#10456);
#10452 = LINE('',#10453,#10454);
#10453 = CARTESIAN_POINT('',(1.E-02,-5.5));
#10454 = VECTOR('',#10455,1.);
#10455 = DIRECTION('',(0.,1.));
#10456 = ( GEOMETRIC_REPRESENTATION_CONTEXT(2) 
PARAMETRIC_REPRESENTATION_CONTEXT() REPRESENTATION_CONTEXT('2D SPACE',''
  ) );
#10457 = ORIENTED_EDGE('',*,*,#10258,.F.);
#10458 = ORIENTED_EDGE('',*,*,#5586,.T.);
#10459 = FACE_BOUND('',#10460,.T.);
#10460 = EDGE_LOOP('',(#10461));
#10461 = ORIENTED_EDGE('',*,*,#9030,.F.);
#10462 = ADVANCED_FACE('',(#10463,#10484),#5745,.T.);
#10463 = FACE_BOUND('',#10464,.T.);
#10464 = EDGE_LOOP('',(#10465,#10466,#10467,#10468,#10469,#10470,#10471,
    #10472,#10473,#10474,#10475,#10476,#10477,#10478,#10479,#10480,
    #10481,#10482,#10483));
#10465 = ORIENTED_EDGE('',*,*,#5727,.F.);
#10466 = ORIENTED_EDGE('',*,*,#5852,.F.);
#10467 = ORIENTED_EDGE('',*,*,#5950,.F.);
#10468 = ORIENTED_EDGE('',*,*,#6048,.F.);
#10469 = ORIENTED_EDGE('',*,*,#6146,.F.);
#10470 = ORIENTED_EDGE('',*,*,#6244,.F.);
#10471 = ORIENTED_EDGE('',*,*,#6342,.F.);
#10472 = ORIENTED_EDGE('',*,*,#6440,.F.);
#10473 = ORIENTED_EDGE('',*,*,#6538,.F.);
#10474 = ORIENTED_EDGE('',*,*,#6636,.F.);
#10475 = ORIENTED_EDGE('',*,*,#6587,.F.);
#10476 = ORIENTED_EDGE('',*,*,#6489,.F.);
#10477 = ORIENTED_EDGE('',*,*,#6391,.F.);
#10478 = ORIENTED_EDGE('',*,*,#6293,.F.);
#10479 = ORIENTED_EDGE('',*,*,#6195,.F.);
#10480 = ORIENTED_EDGE('',*,*,#6097,.F.);
#10481 = ORIENTED_EDGE('',*,*,#5999,.F.);
#10482 = ORIENTED_EDGE('',*,*,#5901,.F.);
#10483 = ORIENTED_EDGE('',*,*,#5803,.F.);
#10484 = FACE_BOUND('',#10485,.T.);
#10485 = EDGE_LOOP('',(#10486,#10518,#10548,#10578,#10608,#10638,#10668,
    #10698,#10728));
#10486 = ORIENTED_EDGE('',*,*,#10487,.F.);
#10487 = EDGE_CURVE('',#10488,#10490,#10492,.T.);
#10488 = VERTEX_POINT('',#10489);
#10489 = CARTESIAN_POINT('',(2.660987261146,-1.124840764331,
    2.761008928571));
#10490 = VERTEX_POINT('',#10491);
#10491 = CARTESIAN_POINT('',(2.487101910828,-1.162420382166,
    2.761008928571));
#10492 = SURFACE_CURVE('',#10493,(#10497,#10504),.PCURVE_S1.);
#10493 = B_SPLINE_CURVE_WITH_KNOTS('',2,(#10494,#10495,#10496),
  .UNSPECIFIED.,.F.,.F.,(3,3),(0.,1.),.PIECEWISE_BEZIER_KNOTS.);
#10494 = CARTESIAN_POINT('',(2.660987261146,-1.124840764331,
    2.761008928571));
#10495 = CARTESIAN_POINT('',(2.569904458599,-1.124840764331,
    2.761008928571));
#10496 = CARTESIAN_POINT('',(2.487101910828,-1.162420382166,
    2.761008928571));
#10497 = PCURVE('',#5745,#10498);
#10498 = DEFINITIONAL_REPRESENTATION('',(#10499),#10503);
#10499 = B_SPLINE_CURVE_WITH_KNOTS('',2,(#10500,#10501,#10502),
  .UNSPECIFIED.,.F.,.F.,(3,3),(0.,1.),.PIECEWISE_BEZIER_KNOTS.);
#10500 = CARTESIAN_POINT('',(-0.253840662761,-0.323661851035));
#10501 = CARTESIAN_POINT('',(-0.253840662761,-0.414744653583));
#10502 = CARTESIAN_POINT('',(-0.216261044926,-0.497547201354));
#10503 = ( GEOMETRIC_REPRESENTATION_CONTEXT(2) 
PARAMETRIC_REPRESENTATION_CONTEXT() REPRESENTATION_CONTEXT('2D SPACE',''
  ) );
#10504 = PCURVE('',#10505,#10512);
#10505 = SURFACE_OF_LINEAR_EXTRUSION('',#10506,#10510);
#10506 = B_SPLINE_CURVE_WITH_KNOTS('',2,(#10507,#10508,#10509),
  .UNSPECIFIED.,.F.,.F.,(3,3),(0.,1.),.PIECEWISE_BEZIER_KNOTS.);
#10507 = CARTESIAN_POINT('',(2.660987261146,-1.124840764331,
    2.761008928571));
#10508 = CARTESIAN_POINT('',(2.569904458599,-1.124840764331,
    2.761008928571));
#10509 = CARTESIAN_POINT('',(2.487101910828,-1.162420382166,
    2.761008928571));
#10510 = VECTOR('',#10511,1.);
#10511 = DIRECTION('',(-0.,-0.,-1.));
#10512 = DEFINITIONAL_REPRESENTATION('',(#10513),#10517);
#10513 = LINE('',#10514,#10515);
#10514 = CARTESIAN_POINT('',(0.,0.));
#10515 = VECTOR('',#10516,1.);
#10516 = DIRECTION('',(1.,0.));
#10517 = ( GEOMETRIC_REPRESENTATION_CONTEXT(2) 
PARAMETRIC_REPRESENTATION_CONTEXT() REPRESENTATION_CONTEXT('2D SPACE',''
  ) );
#10518 = ORIENTED_EDGE('',*,*,#10519,.F.);
#10519 = EDGE_CURVE('',#10520,#10488,#10522,.T.);
#10520 = VERTEX_POINT('',#10521);
#10521 = CARTESIAN_POINT('',(2.884554140127,-1.205732484076,
    2.761008928571));
#10522 = SURFACE_CURVE('',#10523,(#10527,#10534),.PCURVE_S1.);
#10523 = B_SPLINE_CURVE_WITH_KNOTS('',2,(#10524,#10525,#10526),
  .UNSPECIFIED.,.F.,.F.,(3,3),(0.,1.),.PIECEWISE_BEZIER_KNOTS.);
#10524 = CARTESIAN_POINT('',(2.884554140127,-1.205732484076,
    2.761008928571));
#10525 = CARTESIAN_POINT('',(2.799203821656,-1.124840764331,
    2.761008928571));
#10526 = CARTESIAN_POINT('',(2.660987261146,-1.124840764331,
    2.761008928571));
#10527 = PCURVE('',#5745,#10528);
#10528 = DEFINITIONAL_REPRESENTATION('',(#10529),#10533);
#10529 = B_SPLINE_CURVE_WITH_KNOTS('',2,(#10530,#10531,#10532),
  .UNSPECIFIED.,.F.,.F.,(3,3),(0.,1.),.PIECEWISE_BEZIER_KNOTS.);
#10530 = CARTESIAN_POINT('',(-0.172948943015,-0.100094972054));
#10531 = CARTESIAN_POINT('',(-0.253840662761,-0.185445290526));
#10532 = CARTESIAN_POINT('',(-0.253840662761,-0.323661851035));
#10533 = ( GEOMETRIC_REPRESENTATION_CONTEXT(2) 
PARAMETRIC_REPRESENTATION_CONTEXT() REPRESENTATION_CONTEXT('2D SPACE',''
  ) );
#10534 = PCURVE('',#10535,#10542);
#10535 = SURFACE_OF_LINEAR_EXTRUSION('',#10536,#10540);
#10536 = B_SPLINE_CURVE_WITH_KNOTS('',2,(#10537,#10538,#10539),
  .UNSPECIFIED.,.F.,.F.,(3,3),(0.,1.),.PIECEWISE_BEZIER_KNOTS.);
#10537 = CARTESIAN_POINT('',(2.884554140127,-1.205732484076,
    2.761008928571));
#10538 = CARTESIAN_POINT('',(2.799203821656,-1.124840764331,
    2.761008928571));
#10539 = CARTESIAN_POINT('',(2.660987261146,-1.124840764331,
    2.761008928571));
#10540 = VECTOR('',#10541,1.);
#10541 = DIRECTION('',(-0.,-0.,-1.));
#10542 = DEFINITIONAL_REPRESENTATION('',(#10543),#10547);
#10543 = LINE('',#10544,#10545);
#10544 = CARTESIAN_POINT('',(0.,0.));
#10545 = VECTOR('',#10546,1.);
#10546 = DIRECTION('',(1.,0.));
#10547 = ( GEOMETRIC_REPRESENTATION_CONTEXT(2) 
PARAMETRIC_REPRESENTATION_CONTEXT() REPRESENTATION_CONTEXT('2D SPACE',''
  ) );
#10548 = ORIENTED_EDGE('',*,*,#10549,.F.);
#10549 = EDGE_CURVE('',#10550,#10520,#10552,.T.);
#10550 = VERTEX_POINT('',#10551);
#10551 = CARTESIAN_POINT('',(2.969904458599,-1.403821656051,
    2.761008928571));
#10552 = SURFACE_CURVE('',#10553,(#10557,#10564),.PCURVE_S1.);
#10553 = B_SPLINE_CURVE_WITH_KNOTS('',2,(#10554,#10555,#10556),
  .UNSPECIFIED.,.F.,.F.,(3,3),(0.,1.),.PIECEWISE_BEZIER_KNOTS.);
#10554 = CARTESIAN_POINT('',(2.969904458599,-1.403821656051,
    2.761008928571));
#10555 = CARTESIAN_POINT('',(2.969904458599,-1.287261146497,
    2.761008928571));
#10556 = CARTESIAN_POINT('',(2.884554140127,-1.205732484076,
    2.761008928571));
#10557 = PCURVE('',#5745,#10558);
#10558 = DEFINITIONAL_REPRESENTATION('',(#10559),#10563);
#10559 = B_SPLINE_CURVE_WITH_KNOTS('',2,(#10560,#10561,#10562),
  .UNSPECIFIED.,.F.,.F.,(3,3),(0.,1.),.PIECEWISE_BEZIER_KNOTS.);
#10560 = CARTESIAN_POINT('',(2.514022895912E-02,-1.474465358287E-02));
#10561 = CARTESIAN_POINT('',(-9.142028059502E-02,-1.474465358287E-02));
#10562 = CARTESIAN_POINT('',(-0.172948943015,-0.100094972054));
#10563 = ( GEOMETRIC_REPRESENTATION_CONTEXT(2) 
PARAMETRIC_REPRESENTATION_CONTEXT() REPRESENTATION_CONTEXT('2D SPACE',''
  ) );
#10564 = PCURVE('',#10565,#10572);
#10565 = SURFACE_OF_LINEAR_EXTRUSION('',#10566,#10570);
#10566 = B_SPLINE_CURVE_WITH_KNOTS('',2,(#10567,#10568,#10569),
  .UNSPECIFIED.,.F.,.F.,(3,3),(0.,1.),.PIECEWISE_BEZIER_KNOTS.);
#10567 = CARTESIAN_POINT('',(2.969904458599,-1.403821656051,
    2.761008928571));
#10568 = CARTESIAN_POINT('',(2.969904458599,-1.287261146497,
    2.761008928571));
#10569 = CARTESIAN_POINT('',(2.884554140127,-1.205732484076,
    2.761008928571));
#10570 = VECTOR('',#10571,1.);
#10571 = DIRECTION('',(-0.,-0.,-1.));
#10572 = DEFINITIONAL_REPRESENTATION('',(#10573),#10577);
#10573 = LINE('',#10574,#10575);
#10574 = CARTESIAN_POINT('',(0.,0.));
#10575 = VECTOR('',#10576,1.);
#10576 = DIRECTION('',(1.,0.));
#10577 = ( GEOMETRIC_REPRESENTATION_CONTEXT(2) 
PARAMETRIC_REPRESENTATION_CONTEXT() REPRESENTATION_CONTEXT('2D SPACE',''
  ) );
#10578 = ORIENTED_EDGE('',*,*,#10579,.F.);
#10579 = EDGE_CURVE('',#10580,#10550,#10582,.T.);
#10580 = VERTEX_POINT('',#10581);
#10581 = CARTESIAN_POINT('',(2.884554140127,-1.59872611465,
    2.761008928571));
#10582 = SURFACE_CURVE('',#10583,(#10587,#10594),.PCURVE_S1.);
#10583 = B_SPLINE_CURVE_WITH_KNOTS('',2,(#10584,#10585,#10586),
  .UNSPECIFIED.,.F.,.F.,(3,3),(0.,1.),.PIECEWISE_BEZIER_KNOTS.);
#10584 = CARTESIAN_POINT('',(2.884554140127,-1.59872611465,
    2.761008928571));
#10585 = CARTESIAN_POINT('',(2.969904458599,-1.521656050955,
    2.761008928571));
#10586 = CARTESIAN_POINT('',(2.969904458599,-1.403821656051,
    2.761008928571));
#10587 = PCURVE('',#5745,#10588);
#10588 = DEFINITIONAL_REPRESENTATION('',(#10589),#10593);
#10589 = B_SPLINE_CURVE_WITH_KNOTS('',2,(#10590,#10591,#10592),
  .UNSPECIFIED.,.F.,.F.,(3,3),(0.,1.),.PIECEWISE_BEZIER_KNOTS.);
#10590 = CARTESIAN_POINT('',(0.220044687558,-0.100094972054));
#10591 = CARTESIAN_POINT('',(0.142974623864,-1.474465358287E-02));
#10592 = CARTESIAN_POINT('',(2.514022895912E-02,-1.474465358287E-02));
#10593 = ( GEOMETRIC_REPRESENTATION_CONTEXT(2) 
PARAMETRIC_REPRESENTATION_CONTEXT() REPRESENTATION_CONTEXT('2D SPACE',''
  ) );
#10594 = PCURVE('',#10595,#10602);
#10595 = SURFACE_OF_LINEAR_EXTRUSION('',#10596,#10600);
#10596 = B_SPLINE_CURVE_WITH_KNOTS('',2,(#10597,#10598,#10599),
  .UNSPECIFIED.,.F.,.F.,(3,3),(0.,1.),.PIECEWISE_BEZIER_KNOTS.);
#10597 = CARTESIAN_POINT('',(2.884554140127,-1.59872611465,
    2.761008928571));
#10598 = CARTESIAN_POINT('',(2.969904458599,-1.521656050955,
    2.761008928571));
#10599 = CARTESIAN_POINT('',(2.969904458599,-1.403821656051,
    2.761008928571));
#10600 = VECTOR('',#10601,1.);
#10601 = DIRECTION('',(-0.,-0.,-1.));
#10602 = DEFINITIONAL_REPRESENTATION('',(#10603),#10607);
#10603 = LINE('',#10604,#10605);
#10604 = CARTESIAN_POINT('',(0.,0.));
#10605 = VECTOR('',#10606,1.);
#10606 = DIRECTION('',(1.,0.));
#10607 = ( GEOMETRIC_REPRESENTATION_CONTEXT(2) 
PARAMETRIC_REPRESENTATION_CONTEXT() REPRESENTATION_CONTEXT('2D SPACE',''
  ) );
#10608 = ORIENTED_EDGE('',*,*,#10609,.F.);
#10609 = EDGE_CURVE('',#10610,#10580,#10612,.T.);
#10610 = VERTEX_POINT('',#10611);
#10611 = CARTESIAN_POINT('',(2.650796178344,-1.676433121019,
    2.761008928571));
#10612 = SURFACE_CURVE('',#10613,(#10617,#10624),.PCURVE_S1.);
#10613 = B_SPLINE_CURVE_WITH_KNOTS('',2,(#10614,#10615,#10616),
  .UNSPECIFIED.,.F.,.F.,(3,3),(0.,1.),.PIECEWISE_BEZIER_KNOTS.);
#10614 = CARTESIAN_POINT('',(2.650796178344,-1.676433121019,
    2.761008928571));
#10615 = CARTESIAN_POINT('',(2.799203821656,-1.676433121019,
    2.761008928571));
#10616 = CARTESIAN_POINT('',(2.884554140127,-1.59872611465,
    2.761008928571));
#10617 = PCURVE('',#5745,#10618);
#10618 = DEFINITIONAL_REPRESENTATION('',(#10619),#10623);
#10619 = B_SPLINE_CURVE_WITH_KNOTS('',2,(#10620,#10621,#10622),
  .UNSPECIFIED.,.F.,.F.,(3,3),(0.,1.),.PIECEWISE_BEZIER_KNOTS.);
#10620 = CARTESIAN_POINT('',(0.297751693927,-0.333852933838));
#10621 = CARTESIAN_POINT('',(0.297751693927,-0.185445290526));
#10622 = CARTESIAN_POINT('',(0.220044687558,-0.100094972054));
#10623 = ( GEOMETRIC_REPRESENTATION_CONTEXT(2) 
PARAMETRIC_REPRESENTATION_CONTEXT() REPRESENTATION_CONTEXT('2D SPACE',''
  ) );
#10624 = PCURVE('',#10625,#10632);
#10625 = SURFACE_OF_LINEAR_EXTRUSION('',#10626,#10630);
#10626 = B_SPLINE_CURVE_WITH_KNOTS('',2,(#10627,#10628,#10629),
  .UNSPECIFIED.,.F.,.F.,(3,3),(0.,1.),.PIECEWISE_BEZIER_KNOTS.);
#10627 = CARTESIAN_POINT('',(2.650796178344,-1.676433121019,
    2.761008928571));
#10628 = CARTESIAN_POINT('',(2.799203821656,-1.676433121019,
    2.761008928571));
#10629 = CARTESIAN_POINT('',(2.884554140127,-1.59872611465,
    2.761008928571));
#10630 = VECTOR('',#10631,1.);
#10631 = DIRECTION('',(-0.,-0.,-1.));
#10632 = DEFINITIONAL_REPRESENTATION('',(#10633),#10637);
#10633 = LINE('',#10634,#10635);
#10634 = CARTESIAN_POINT('',(0.,0.));
#10635 = VECTOR('',#10636,1.);
#10636 = DIRECTION('',(1.,0.));
#10637 = ( GEOMETRIC_REPRESENTATION_CONTEXT(2) 
PARAMETRIC_REPRESENTATION_CONTEXT() REPRESENTATION_CONTEXT('2D SPACE',''
  ) );
#10638 = ORIENTED_EDGE('',*,*,#10639,.F.);
#10639 = EDGE_CURVE('',#10640,#10610,#10642,.T.);
#10640 = VERTEX_POINT('',#10641);
#10641 = CARTESIAN_POINT('',(2.407484076433,-1.598089171975,
    2.761008928571));
#10642 = SURFACE_CURVE('',#10643,(#10647,#10654),.PCURVE_S1.);
#10643 = B_SPLINE_CURVE_WITH_KNOTS('',2,(#10644,#10645,#10646),
  .UNSPECIFIED.,.F.,.F.,(3,3),(0.,1.),.PIECEWISE_BEZIER_KNOTS.);
#10644 = CARTESIAN_POINT('',(2.407484076433,-1.598089171975,
    2.761008928571));
#10645 = CARTESIAN_POINT('',(2.497292993631,-1.676433121019,
    2.761008928571));
#10646 = CARTESIAN_POINT('',(2.650796178344,-1.676433121019,
    2.761008928571));
#10647 = PCURVE('',#5745,#10648);
#10648 = DEFINITIONAL_REPRESENTATION('',(#10649),#10653);
#10649 = B_SPLINE_CURVE_WITH_KNOTS('',2,(#10650,#10651,#10652),
  .UNSPECIFIED.,.F.,.F.,(3,3),(0.,1.),.PIECEWISE_BEZIER_KNOTS.);
#10650 = CARTESIAN_POINT('',(0.219407744883,-0.577165035748));
#10651 = CARTESIAN_POINT('',(0.297751693927,-0.487356118551));
#10652 = CARTESIAN_POINT('',(0.297751693927,-0.333852933838));
#10653 = ( GEOMETRIC_REPRESENTATION_CONTEXT(2) 
PARAMETRIC_REPRESENTATION_CONTEXT() REPRESENTATION_CONTEXT('2D SPACE',''
  ) );
#10654 = PCURVE('',#10655,#10662);
#10655 = SURFACE_OF_LINEAR_EXTRUSION('',#10656,#10660);
#10656 = B_SPLINE_CURVE_WITH_KNOTS('',2,(#10657,#10658,#10659),
  .UNSPECIFIED.,.F.,.F.,(3,3),(0.,1.),.PIECEWISE_BEZIER_KNOTS.);
#10657 = CARTESIAN_POINT('',(2.407484076433,-1.598089171975,
    2.761008928571));
#10658 = CARTESIAN_POINT('',(2.497292993631,-1.676433121019,
    2.761008928571));
#10659 = CARTESIAN_POINT('',(2.650796178344,-1.676433121019,
    2.761008928571));
#10660 = VECTOR('',#10661,1.);
#10661 = DIRECTION('',(-0.,-0.,-1.));
#10662 = DEFINITIONAL_REPRESENTATION('',(#10663),#10667);
#10663 = LINE('',#10664,#10665);
#10664 = CARTESIAN_POINT('',(0.,0.));
#10665 = VECTOR('',#10666,1.);
#10666 = DIRECTION('',(1.,0.));
#10667 = ( GEOMETRIC_REPRESENTATION_CONTEXT(2) 
PARAMETRIC_REPRESENTATION_CONTEXT() REPRESENTATION_CONTEXT('2D SPACE',''
  ) );
#10668 = ORIENTED_EDGE('',*,*,#10669,.F.);
#10669 = EDGE_CURVE('',#10670,#10640,#10672,.T.);
#10670 = VERTEX_POINT('',#10671);
#10671 = CARTESIAN_POINT('',(2.317675159236,-1.410828025478,
    2.761008928571));
#10672 = SURFACE_CURVE('',#10673,(#10677,#10684),.PCURVE_S1.);
#10673 = B_SPLINE_CURVE_WITH_KNOTS('',2,(#10674,#10675,#10676),
  .UNSPECIFIED.,.F.,.F.,(3,3),(0.,1.),.PIECEWISE_BEZIER_KNOTS.);
#10674 = CARTESIAN_POINT('',(2.317675159236,-1.410828025478,
    2.761008928571));
#10675 = CARTESIAN_POINT('',(2.317675159236,-1.51974522293,
    2.761008928571));
#10676 = CARTESIAN_POINT('',(2.407484076433,-1.598089171975,
    2.761008928571));
#10677 = PCURVE('',#5745,#10678);
#10678 = DEFINITIONAL_REPRESENTATION('',(#10679),#10683);
#10679 = B_SPLINE_CURVE_WITH_KNOTS('',2,(#10680,#10681,#10682),
  .UNSPECIFIED.,.F.,.F.,(3,3),(0.,1.),.PIECEWISE_BEZIER_KNOTS.);
#10680 = CARTESIAN_POINT('',(3.214659838587E-02,-0.666973952946));
#10681 = CARTESIAN_POINT('',(0.141063795838,-0.666973952946));
#10682 = CARTESIAN_POINT('',(0.219407744883,-0.577165035748));
#10683 = ( GEOMETRIC_REPRESENTATION_CONTEXT(2) 
PARAMETRIC_REPRESENTATION_CONTEXT() REPRESENTATION_CONTEXT('2D SPACE',''
  ) );
#10684 = PCURVE('',#10685,#10692);
#10685 = SURFACE_OF_LINEAR_EXTRUSION('',#10686,#10690);
#10686 = B_SPLINE_CURVE_WITH_KNOTS('',2,(#10687,#10688,#10689),
  .UNSPECIFIED.,.F.,.F.,(3,3),(0.,1.),.PIECEWISE_BEZIER_KNOTS.);
#10687 = CARTESIAN_POINT('',(2.317675159236,-1.410828025478,
    2.761008928571));
#10688 = CARTESIAN_POINT('',(2.317675159236,-1.51974522293,
    2.761008928571));
#10689 = CARTESIAN_POINT('',(2.407484076433,-1.598089171975,
    2.761008928571));
#10690 = VECTOR('',#10691,1.);
#10691 = DIRECTION('',(-0.,-0.,-1.));
#10692 = DEFINITIONAL_REPRESENTATION('',(#10693),#10697);
#10693 = LINE('',#10694,#10695);
#10694 = CARTESIAN_POINT('',(0.,0.));
#10695 = VECTOR('',#10696,1.);
#10696 = DIRECTION('',(1.,0.));
#10697 = ( GEOMETRIC_REPRESENTATION_CONTEXT(2) 
PARAMETRIC_REPRESENTATION_CONTEXT() REPRESENTATION_CONTEXT('2D SPACE',''
  ) );
#10698 = ORIENTED_EDGE('',*,*,#10699,.F.);
#10699 = EDGE_CURVE('',#10700,#10670,#10702,.T.);
#10700 = VERTEX_POINT('',#10701);
#10701 = CARTESIAN_POINT('',(2.360987261146,-1.268152866242,
    2.761008928571));
#10702 = SURFACE_CURVE('',#10703,(#10707,#10714),.PCURVE_S1.);
#10703 = B_SPLINE_CURVE_WITH_KNOTS('',2,(#10704,#10705,#10706),
  .UNSPECIFIED.,.F.,.F.,(3,3),(0.,1.),.PIECEWISE_BEZIER_KNOTS.);
#10704 = CARTESIAN_POINT('',(2.360987261146,-1.268152866242,
    2.761008928571));
#10705 = CARTESIAN_POINT('',(2.317675159236,-1.336305732484,
    2.761008928571));
#10706 = CARTESIAN_POINT('',(2.317675159236,-1.410828025478,
    2.761008928571));
#10707 = PCURVE('',#5745,#10708);
#10708 = DEFINITIONAL_REPRESENTATION('',(#10709),#10713);
#10709 = B_SPLINE_CURVE_WITH_KNOTS('',2,(#10710,#10711,#10712),
  .UNSPECIFIED.,.F.,.F.,(3,3),(0.,1.),.PIECEWISE_BEZIER_KNOTS.);
#10710 = CARTESIAN_POINT('',(-0.11052856085,-0.623661851035));
#10711 = CARTESIAN_POINT('',(-4.237569460776E-02,-0.666973952946));
#10712 = CARTESIAN_POINT('',(3.214659838587E-02,-0.666973952946));
#10713 = ( GEOMETRIC_REPRESENTATION_CONTEXT(2) 
PARAMETRIC_REPRESENTATION_CONTEXT() REPRESENTATION_CONTEXT('2D SPACE',''
  ) );
#10714 = PCURVE('',#10715,#10722);
#10715 = SURFACE_OF_LINEAR_EXTRUSION('',#10716,#10720);
#10716 = B_SPLINE_CURVE_WITH_KNOTS('',2,(#10717,#10718,#10719),
  .UNSPECIFIED.,.F.,.F.,(3,3),(0.,1.),.PIECEWISE_BEZIER_KNOTS.);
#10717 = CARTESIAN_POINT('',(2.360987261146,-1.268152866242,
    2.761008928571));
#10718 = CARTESIAN_POINT('',(2.317675159236,-1.336305732484,
    2.761008928571));
#10719 = CARTESIAN_POINT('',(2.317675159236,-1.410828025478,
    2.761008928571));
#10720 = VECTOR('',#10721,1.);
#10721 = DIRECTION('',(-0.,-0.,-1.));
#10722 = DEFINITIONAL_REPRESENTATION('',(#10723),#10727);
#10723 = LINE('',#10724,#10725);
#10724 = CARTESIAN_POINT('',(0.,0.));
#10725 = VECTOR('',#10726,1.);
#10726 = DIRECTION('',(1.,0.));
#10727 = ( GEOMETRIC_REPRESENTATION_CONTEXT(2) 
PARAMETRIC_REPRESENTATION_CONTEXT() REPRESENTATION_CONTEXT('2D SPACE',''
  ) );
#10728 = ORIENTED_EDGE('',*,*,#10729,.F.);
#10729 = EDGE_CURVE('',#10490,#10700,#10730,.T.);
#10730 = SURFACE_CURVE('',#10731,(#10735,#10742),.PCURVE_S1.);
#10731 = B_SPLINE_CURVE_WITH_KNOTS('',2,(#10732,#10733,#10734),
  .UNSPECIFIED.,.F.,.F.,(3,3),(0.,1.),.PIECEWISE_BEZIER_KNOTS.);
#10732 = CARTESIAN_POINT('',(2.487101910828,-1.162420382166,
    2.761008928571));
#10733 = CARTESIAN_POINT('',(2.404299363057,-1.200636942675,
    2.761008928571));
#10734 = CARTESIAN_POINT('',(2.360987261146,-1.268152866242,
    2.761008928571));
#10735 = PCURVE('',#5745,#10736);
#10736 = DEFINITIONAL_REPRESENTATION('',(#10737),#10741);
#10737 = B_SPLINE_CURVE_WITH_KNOTS('',2,(#10738,#10739,#10740),
  .UNSPECIFIED.,.F.,.F.,(3,3),(0.,1.),.PIECEWISE_BEZIER_KNOTS.);
#10738 = CARTESIAN_POINT('',(-0.216261044926,-0.497547201354));
#10739 = CARTESIAN_POINT('',(-0.178044484417,-0.580349749124));
#10740 = CARTESIAN_POINT('',(-0.11052856085,-0.623661851035));
#10741 = ( GEOMETRIC_REPRESENTATION_CONTEXT(2) 
PARAMETRIC_REPRESENTATION_CONTEXT() REPRESENTATION_CONTEXT('2D SPACE',''
  ) );
#10742 = PCURVE('',#10743,#10750);
#10743 = SURFACE_OF_LINEAR_EXTRUSION('',#10744,#10748);
#10744 = B_SPLINE_CURVE_WITH_KNOTS('',2,(#10745,#10746,#10747),
  .UNSPECIFIED.,.F.,.F.,(3,3),(0.,1.),.PIECEWISE_BEZIER_KNOTS.);
#10745 = CARTESIAN_POINT('',(2.487101910828,-1.162420382166,
    2.761008928571));
#10746 = CARTESIAN_POINT('',(2.404299363057,-1.200636942675,
    2.761008928571));
#10747 = CARTESIAN_POINT('',(2.360987261146,-1.268152866242,
    2.761008928571));
#10748 = VECTOR('',#10749,1.);
#10749 = DIRECTION('',(-0.,-0.,-1.));
#10750 = DEFINITIONAL_REPRESENTATION('',(#10751),#10755);
#10751 = LINE('',#10752,#10753);
#10752 = CARTESIAN_POINT('',(0.,0.));
#10753 = VECTOR('',#10754,1.);
#10754 = DIRECTION('',(1.,0.));
#10755 = ( GEOMETRIC_REPRESENTATION_CONTEXT(2) 
PARAMETRIC_REPRESENTATION_CONTEXT() REPRESENTATION_CONTEXT('2D SPACE',''
  ) );
#10756 = ADVANCED_FACE('',(#10757),#6681,.T.);
#10757 = FACE_BOUND('',#10758,.T.);
#10758 = EDGE_LOOP('',(#10759,#10760,#10761,#10762));
#10759 = ORIENTED_EDGE('',*,*,#6663,.F.);
#10760 = ORIENTED_EDGE('',*,*,#6788,.F.);
#10761 = ORIENTED_EDGE('',*,*,#6837,.F.);
#10762 = ORIENTED_EDGE('',*,*,#6739,.F.);
#10763 = ADVANCED_FACE('',(#10764),#6882,.T.);
#10764 = FACE_BOUND('',#10765,.T.);
#10765 = EDGE_LOOP('',(#10766,#10767,#10768,#10769,#10770,#10771,#10772,
    #10773,#10774,#10775,#10776,#10777,#10778,#10779,#10780,#10781,
    #10782,#10783,#10784,#10785,#10786,#10787));
#10766 = ORIENTED_EDGE('',*,*,#6864,.F.);
#10767 = ORIENTED_EDGE('',*,*,#6989,.F.);
#10768 = ORIENTED_EDGE('',*,*,#7087,.F.);
#10769 = ORIENTED_EDGE('',*,*,#7185,.F.);
#10770 = ORIENTED_EDGE('',*,*,#7283,.F.);
#10771 = ORIENTED_EDGE('',*,*,#7381,.F.);
#10772 = ORIENTED_EDGE('',*,*,#7479,.F.);
#10773 = ORIENTED_EDGE('',*,*,#7577,.F.);
#10774 = ORIENTED_EDGE('',*,*,#7675,.F.);
#10775 = ORIENTED_EDGE('',*,*,#7773,.F.);
#10776 = ORIENTED_EDGE('',*,*,#7871,.F.);
#10777 = ORIENTED_EDGE('',*,*,#7920,.F.);
#10778 = ORIENTED_EDGE('',*,*,#7822,.F.);
#10779 = ORIENTED_EDGE('',*,*,#7724,.F.);
#10780 = ORIENTED_EDGE('',*,*,#7626,.F.);
#10781 = ORIENTED_EDGE('',*,*,#7528,.F.);
#10782 = ORIENTED_EDGE('',*,*,#7430,.F.);
#10783 = ORIENTED_EDGE('',*,*,#7332,.F.);
#10784 = ORIENTED_EDGE('',*,*,#7234,.F.);
#10785 = ORIENTED_EDGE('',*,*,#7136,.F.);
#10786 = ORIENTED_EDGE('',*,*,#7038,.F.);
#10787 = ORIENTED_EDGE('',*,*,#6940,.F.);
#10788 = ADVANCED_FACE('',(#10789),#7965,.T.);
#10789 = FACE_BOUND('',#10790,.T.);
#10790 = EDGE_LOOP('',(#10791,#10792,#10793,#10794,#10795,#10796,#10797,
    #10798,#10799,#10800,#10801,#10802,#10803,#10804,#10805,#10806,
    #10807,#10808,#10809,#10810,#10811,#10812));
#10791 = ORIENTED_EDGE('',*,*,#7947,.F.);
#10792 = ORIENTED_EDGE('',*,*,#8072,.F.);
#10793 = ORIENTED_EDGE('',*,*,#8170,.F.);
#10794 = ORIENTED_EDGE('',*,*,#8268,.F.);
#10795 = ORIENTED_EDGE('',*,*,#8366,.F.);
#10796 = ORIENTED_EDGE('',*,*,#8464,.F.);
#10797 = ORIENTED_EDGE('',*,*,#8562,.F.);
#10798 = ORIENTED_EDGE('',*,*,#8660,.F.);
#10799 = ORIENTED_EDGE('',*,*,#8758,.F.);
#10800 = ORIENTED_EDGE('',*,*,#8856,.F.);
#10801 = ORIENTED_EDGE('',*,*,#8954,.F.);
#10802 = ORIENTED_EDGE('',*,*,#9003,.F.);
#10803 = ORIENTED_EDGE('',*,*,#8905,.F.);
#10804 = ORIENTED_EDGE('',*,*,#8807,.F.);
#10805 = ORIENTED_EDGE('',*,*,#8709,.F.);
#10806 = ORIENTED_EDGE('',*,*,#8611,.F.);
#10807 = ORIENTED_EDGE('',*,*,#8513,.F.);
#10808 = ORIENTED_EDGE('',*,*,#8415,.F.);
#10809 = ORIENTED_EDGE('',*,*,#8317,.F.);
#10810 = ORIENTED_EDGE('',*,*,#8219,.F.);
#10811 = ORIENTED_EDGE('',*,*,#8121,.F.);
#10812 = ORIENTED_EDGE('',*,*,#8023,.F.);
#10813 = ADVANCED_FACE('',(#10814),#9098,.T.);
#10814 = FACE_BOUND('',#10815,.F.);
#10815 = EDGE_LOOP('',(#10816,#10817,#10818,#10819,#10820,#10821,#10822,
    #10823,#10824,#10825,#10826,#10827,#10828,#10829,#10830,#10831,
    #10832,#10833,#10834,#10835,#10836,#10837));
#10816 = ORIENTED_EDGE('',*,*,#9080,.T.);
#10817 = ORIENTED_EDGE('',*,*,#9156,.T.);
#10818 = ORIENTED_EDGE('',*,*,#9254,.T.);
#10819 = ORIENTED_EDGE('',*,*,#9352,.T.);
#10820 = ORIENTED_EDGE('',*,*,#9450,.T.);
#10821 = ORIENTED_EDGE('',*,*,#9548,.T.);
#10822 = ORIENTED_EDGE('',*,*,#9646,.F.);
#10823 = ORIENTED_EDGE('',*,*,#9744,.F.);
#10824 = ORIENTED_EDGE('',*,*,#9842,.F.);
#10825 = ORIENTED_EDGE('',*,*,#9940,.T.);
#10826 = ORIENTED_EDGE('',*,*,#10038,.T.);
#10827 = ORIENTED_EDGE('',*,*,#10136,.T.);
#10828 = ORIENTED_EDGE('',*,*,#10087,.T.);
#10829 = ORIENTED_EDGE('',*,*,#9989,.F.);
#10830 = ORIENTED_EDGE('',*,*,#9891,.F.);
#10831 = ORIENTED_EDGE('',*,*,#9793,.F.);
#10832 = ORIENTED_EDGE('',*,*,#9695,.T.);
#10833 = ORIENTED_EDGE('',*,*,#9597,.T.);
#10834 = ORIENTED_EDGE('',*,*,#9499,.T.);
#10835 = ORIENTED_EDGE('',*,*,#9401,.F.);
#10836 = ORIENTED_EDGE('',*,*,#9303,.F.);
#10837 = ORIENTED_EDGE('',*,*,#9205,.F.);
#10838 = ADVANCED_FACE('',(#10839),#10297,.F.);
#10839 = FACE_BOUND('',#10840,.F.);
#10840 = EDGE_LOOP('',(#10841,#10842,#10843,#10844));
#10841 = ORIENTED_EDGE('',*,*,#10437,.T.);
#10842 = ORIENTED_EDGE('',*,*,#10281,.T.);
#10843 = ORIENTED_EDGE('',*,*,#10335,.T.);
#10844 = ORIENTED_EDGE('',*,*,#10388,.T.);
#10845 = ADVANCED_FACE('',(#10846),#10505,.F.);
#10846 = FACE_BOUND('',#10847,.F.);
#10847 = EDGE_LOOP('',(#10848,#10849,#10872,#10915));
#10848 = ORIENTED_EDGE('',*,*,#10487,.F.);
#10849 = ORIENTED_EDGE('',*,*,#10850,.T.);
#10850 = EDGE_CURVE('',#10488,#10851,#10853,.T.);
#10851 = VERTEX_POINT('',#10852);
#10852 = CARTESIAN_POINT('',(2.660987261146,-1.124840764331,
    2.861008928571));
#10853 = SURFACE_CURVE('',#10854,(#10858,#10865),.PCURVE_S1.);
#10854 = LINE('',#10855,#10856);
#10855 = CARTESIAN_POINT('',(2.660987261146,-1.124840764331,
    2.761008928571));
#10856 = VECTOR('',#10857,1.);
#10857 = DIRECTION('',(0.,0.,1.));
#10858 = PCURVE('',#10505,#10859);
#10859 = DEFINITIONAL_REPRESENTATION('',(#10860),#10864);
#10860 = LINE('',#10861,#10862);
#10861 = CARTESIAN_POINT('',(0.,0.));
#10862 = VECTOR('',#10863,1.);
#10863 = DIRECTION('',(0.,-1.));
#10864 = ( GEOMETRIC_REPRESENTATION_CONTEXT(2) 
PARAMETRIC_REPRESENTATION_CONTEXT() REPRESENTATION_CONTEXT('2D SPACE',''
  ) );
#10865 = PCURVE('',#10535,#10866);
#10866 = DEFINITIONAL_REPRESENTATION('',(#10867),#10871);
#10867 = LINE('',#10868,#10869);
#10868 = CARTESIAN_POINT('',(1.,0.));
#10869 = VECTOR('',#10870,1.);
#10870 = DIRECTION('',(0.,-1.));
#10871 = ( GEOMETRIC_REPRESENTATION_CONTEXT(2) 
PARAMETRIC_REPRESENTATION_CONTEXT() REPRESENTATION_CONTEXT('2D SPACE',''
  ) );
#10872 = ORIENTED_EDGE('',*,*,#10873,.F.);
#10873 = EDGE_CURVE('',#10874,#10851,#10876,.T.);
#10874 = VERTEX_POINT('',#10875);
#10875 = CARTESIAN_POINT('',(2.487101910828,-1.162420382166,
    2.861008928571));
#10876 = SURFACE_CURVE('',#10877,(#10886,#10898),.PCURVE_S1.);
#10877 = B_SPLINE_CURVE_WITH_KNOTS('',4,(#10878,#10879,#10880,#10881,
    #10882,#10883,#10884,#10885),.UNSPECIFIED.,.F.,.F.,(5,3,5),(0.,
    0.489995712371,1.),.UNSPECIFIED.);
#10878 = CARTESIAN_POINT('',(2.487101910828,-1.162420382166,
    2.861008928571));
#10879 = CARTESIAN_POINT('',(2.507379203807,-1.153217611749,
    2.861008928571));
#10880 = CARTESIAN_POINT('',(2.527996854927,-1.145513037931,
    2.861008928571));
#10881 = CARTESIAN_POINT('',(2.548950919591,-1.139311879223,
    2.861008928571));
#10882 = CARTESIAN_POINT('',(2.592391253224,-1.129726782508,
    2.861008928571));
#10883 = CARTESIAN_POINT('',(2.614905154172,-1.126468222484,
    2.861008928571));
#10884 = CARTESIAN_POINT('',(2.63777267174,-1.124840765289,
    2.861008928571));
#10885 = CARTESIAN_POINT('',(2.660987261146,-1.124840764331,
    2.861008928571));
#10886 = PCURVE('',#10505,#10887);
#10887 = DEFINITIONAL_REPRESENTATION('',(#10888),#10897);
#10888 = B_SPLINE_CURVE_WITH_KNOTS('',4,(#10889,#10890,#10891,#10892,
    #10893,#10894,#10895,#10896),.UNSPECIFIED.,.F.,.F.,(5,3,5),(0.,
    0.489995712371,1.),.UNSPECIFIED.);
#10889 = CARTESIAN_POINT('',(1.,-0.1));
#10890 = CARTESIAN_POINT('',(0.877556347469,-0.1));
#10891 = CARTESIAN_POINT('',(0.755056443774,-0.1));
#10892 = CARTESIAN_POINT('',(0.632528254903,-0.1));
#10893 = CARTESIAN_POINT('',(0.382468403747,-0.1));
#10894 = CARTESIAN_POINT('',(0.254936706763,-0.1));
#10895 = CARTESIAN_POINT('',(0.127436733215,-1.E-01));
#10896 = CARTESIAN_POINT('',(0.,-1.E-01));
#10897 = ( GEOMETRIC_REPRESENTATION_CONTEXT(2) 
PARAMETRIC_REPRESENTATION_CONTEXT() REPRESENTATION_CONTEXT('2D SPACE',''
  ) );
#10898 = PCURVE('',#10899,#10904);
#10899 = PLANE('',#10900);
#10900 = AXIS2_PLACEMENT_3D('',#10901,#10902,#10903);
#10901 = CARTESIAN_POINT('',(12.376103592919,5.41771568396E-09,
    2.861008928571));
#10902 = DIRECTION('',(0.,0.,1.));
#10903 = DIRECTION('',(1.,0.,0.));
#10904 = DEFINITIONAL_REPRESENTATION('',(#10905),#10914);
#10905 = B_SPLINE_CURVE_WITH_KNOTS('',4,(#10906,#10907,#10908,#10909,
    #10910,#10911,#10912,#10913),.UNSPECIFIED.,.F.,.F.,(5,3,5),(0.,
    0.489995712371,1.),.UNSPECIFIED.);
#10906 = CARTESIAN_POINT('',(-9.889001682091,-1.162420387583));
#10907 = CARTESIAN_POINT('',(-9.868724389112,-1.153217617167));
#10908 = CARTESIAN_POINT('',(-9.848106737991,-1.145513043349));
#10909 = CARTESIAN_POINT('',(-9.827152673328,-1.139311884641));
#10910 = CARTESIAN_POINT('',(-9.783712339695,-1.129726787926));
#10911 = CARTESIAN_POINT('',(-9.761198438747,-1.126468227902));
#10912 = CARTESIAN_POINT('',(-9.738330921179,-1.124840770707));
#10913 = CARTESIAN_POINT('',(-9.715116331773,-1.124840769749));
#10914 = ( GEOMETRIC_REPRESENTATION_CONTEXT(2) 
PARAMETRIC_REPRESENTATION_CONTEXT() REPRESENTATION_CONTEXT('2D SPACE',''
  ) );
#10915 = ORIENTED_EDGE('',*,*,#10916,.F.);
#10916 = EDGE_CURVE('',#10490,#10874,#10917,.T.);
#10917 = SURFACE_CURVE('',#10918,(#10922,#10929),.PCURVE_S1.);
#10918 = LINE('',#10919,#10920);
#10919 = CARTESIAN_POINT('',(2.487101910828,-1.162420382166,
    2.761008928571));
#10920 = VECTOR('',#10921,1.);
#10921 = DIRECTION('',(0.,0.,1.));
#10922 = PCURVE('',#10505,#10923);
#10923 = DEFINITIONAL_REPRESENTATION('',(#10924),#10928);
#10924 = LINE('',#10925,#10926);
#10925 = CARTESIAN_POINT('',(1.,0.));
#10926 = VECTOR('',#10927,1.);
#10927 = DIRECTION('',(0.,-1.));
#10928 = ( GEOMETRIC_REPRESENTATION_CONTEXT(2) 
PARAMETRIC_REPRESENTATION_CONTEXT() REPRESENTATION_CONTEXT('2D SPACE',''
  ) );
#10929 = PCURVE('',#10743,#10930);
#10930 = DEFINITIONAL_REPRESENTATION('',(#10931),#10935);
#10931 = LINE('',#10932,#10933);
#10932 = CARTESIAN_POINT('',(0.,0.));
#10933 = VECTOR('',#10934,1.);
#10934 = DIRECTION('',(0.,-1.));
#10935 = ( GEOMETRIC_REPRESENTATION_CONTEXT(2) 
PARAMETRIC_REPRESENTATION_CONTEXT() REPRESENTATION_CONTEXT('2D SPACE',''
  ) );
#10936 = ADVANCED_FACE('',(#10937),#10535,.F.);
#10937 = FACE_BOUND('',#10938,.F.);
#10938 = EDGE_LOOP('',(#10939,#10940,#10963,#11005));
#10939 = ORIENTED_EDGE('',*,*,#10519,.F.);
#10940 = ORIENTED_EDGE('',*,*,#10941,.T.);
#10941 = EDGE_CURVE('',#10520,#10942,#10944,.T.);
#10942 = VERTEX_POINT('',#10943);
#10943 = CARTESIAN_POINT('',(2.884554140127,-1.205732484076,
    2.861008928571));
#10944 = SURFACE_CURVE('',#10945,(#10949,#10956),.PCURVE_S1.);
#10945 = LINE('',#10946,#10947);
#10946 = CARTESIAN_POINT('',(2.884554140127,-1.205732484076,
    2.761008928571));
#10947 = VECTOR('',#10948,1.);
#10948 = DIRECTION('',(0.,0.,1.));
#10949 = PCURVE('',#10535,#10950);
#10950 = DEFINITIONAL_REPRESENTATION('',(#10951),#10955);
#10951 = LINE('',#10952,#10953);
#10952 = CARTESIAN_POINT('',(0.,0.));
#10953 = VECTOR('',#10954,1.);
#10954 = DIRECTION('',(0.,-1.));
#10955 = ( GEOMETRIC_REPRESENTATION_CONTEXT(2) 
PARAMETRIC_REPRESENTATION_CONTEXT() REPRESENTATION_CONTEXT('2D SPACE',''
  ) );
#10956 = PCURVE('',#10565,#10957);
#10957 = DEFINITIONAL_REPRESENTATION('',(#10958),#10962);
#10958 = LINE('',#10959,#10960);
#10959 = CARTESIAN_POINT('',(1.,0.));
#10960 = VECTOR('',#10961,1.);
#10961 = DIRECTION('',(0.,-1.));
#10962 = ( GEOMETRIC_REPRESENTATION_CONTEXT(2) 
PARAMETRIC_REPRESENTATION_CONTEXT() REPRESENTATION_CONTEXT('2D SPACE',''
  ) );
#10963 = ORIENTED_EDGE('',*,*,#10964,.F.);
#10964 = EDGE_CURVE('',#10851,#10942,#10965,.T.);
#10965 = SURFACE_CURVE('',#10966,(#10977,#10991),.PCURVE_S1.);
#10966 = B_SPLINE_CURVE_WITH_KNOTS('',5,(#10967,#10968,#10969,#10970,
    #10971,#10972,#10973,#10974,#10975,#10976),.UNSPECIFIED.,.F.,.F.,(6,
    4,6),(0.,0.782565369293,1.),.UNSPECIFIED.);
#10967 = CARTESIAN_POINT('',(2.660987261146,-1.124840764331,
    2.861008928571));
#10968 = CARTESIAN_POINT('',(2.703913797069,-1.124840766844,
    2.861008928571));
#10969 = CARTESIAN_POINT('',(2.743880346265,-1.129717335252,
    2.861008928571));
#10970 = CARTESIAN_POINT('',(2.780748752113,-1.139573722919,
    2.861008928571));
#10971 = CARTESIAN_POINT('',(2.814417199677,-1.15444977214,
    2.861008928571));
#10972 = CARTESIAN_POINT('',(2.853278855845,-1.17982556948,
    2.861008928571));
#10973 = CARTESIAN_POINT('',(2.861477352823,-1.185727796473,
    2.861008928571));
#10974 = CARTESIAN_POINT('',(2.869423285969,-1.192013897821,
    2.861008928571));
#10975 = CARTESIAN_POINT('',(2.877115752966,-1.19868267052,
    2.861008928571));
#10976 = CARTESIAN_POINT('',(2.884554140127,-1.205732484076,
    2.861008928571));
#10977 = PCURVE('',#10535,#10978);
#10978 = DEFINITIONAL_REPRESENTATION('',(#10979),#10990);
#10979 = B_SPLINE_CURVE_WITH_KNOTS('',5,(#10980,#10981,#10982,#10983,
    #10984,#10985,#10986,#10987,#10988,#10989),.UNSPECIFIED.,.F.,.F.,(6,
    4,6),(0.,0.782565369293,1.),.UNSPECIFIED.);
#10980 = CARTESIAN_POINT('',(1.,-0.1));
#10981 = CARTESIAN_POINT('',(0.844712755816,-0.1));
#10982 = CARTESIAN_POINT('',(0.688604118468,-0.1));
#10983 = CARTESIAN_POINT('',(0.531929759475,-0.1));
#10984 = CARTESIAN_POINT('',(0.37496380037,-0.1));
#10985 = CARTESIAN_POINT('',(0.174387840164,-0.1));
#10986 = CARTESIAN_POINT('',(0.130775635224,-0.1));
#10987 = CARTESIAN_POINT('',(8.716952693361E-02,-0.1));
#10988 = CARTESIAN_POINT('',(4.357562358398E-02,-1.E-01));
#10989 = CARTESIAN_POINT('',(0.,-1.E-01));
#10990 = ( GEOMETRIC_REPRESENTATION_CONTEXT(2) 
PARAMETRIC_REPRESENTATION_CONTEXT() REPRESENTATION_CONTEXT('2D SPACE',''
  ) );
#10991 = PCURVE('',#10899,#10992);
#10992 = DEFINITIONAL_REPRESENTATION('',(#10993),#11004);
#10993 = B_SPLINE_CURVE_WITH_KNOTS('',5,(#10994,#10995,#10996,#10997,
    #10998,#10999,#11000,#11001,#11002,#11003),.UNSPECIFIED.,.F.,.F.,(6,
    4,6),(0.,0.782565369293,1.),.UNSPECIFIED.);
#10994 = CARTESIAN_POINT('',(-9.715116331773,-1.124840769749));
#10995 = CARTESIAN_POINT('',(-9.67218979585,-1.124840772261));
#10996 = CARTESIAN_POINT('',(-9.632223246654,-1.129717340669));
#10997 = CARTESIAN_POINT('',(-9.595354840806,-1.139573728336));
#10998 = CARTESIAN_POINT('',(-9.561686393242,-1.154449777558));
#10999 = CARTESIAN_POINT('',(-9.522824737074,-1.179825574898));
#11000 = CARTESIAN_POINT('',(-9.514626240096,-1.185727801891));
#11001 = CARTESIAN_POINT('',(-9.50668030695,-1.192013903239));
#11002 = CARTESIAN_POINT('',(-9.498987839953,-1.198682675938));
#11003 = CARTESIAN_POINT('',(-9.491549452792,-1.205732489494));
#11004 = ( GEOMETRIC_REPRESENTATION_CONTEXT(2) 
PARAMETRIC_REPRESENTATION_CONTEXT() REPRESENTATION_CONTEXT('2D SPACE',''
  ) );
#11005 = ORIENTED_EDGE('',*,*,#10850,.F.);
#11006 = ADVANCED_FACE('',(#11007),#10565,.F.);
#11007 = FACE_BOUND('',#11008,.F.);
#11008 = EDGE_LOOP('',(#11009,#11010,#11033,#11069));
#11009 = ORIENTED_EDGE('',*,*,#10549,.F.);
#11010 = ORIENTED_EDGE('',*,*,#11011,.T.);
#11011 = EDGE_CURVE('',#10550,#11012,#11014,.T.);
#11012 = VERTEX_POINT('',#11013);
#11013 = CARTESIAN_POINT('',(2.969904458599,-1.403821656051,
    2.861008928571));
#11014 = SURFACE_CURVE('',#11015,(#11019,#11026),.PCURVE_S1.);
#11015 = LINE('',#11016,#11017);
#11016 = CARTESIAN_POINT('',(2.969904458599,-1.403821656051,
    2.761008928571));
#11017 = VECTOR('',#11018,1.);
#11018 = DIRECTION('',(0.,0.,1.));
#11019 = PCURVE('',#10565,#11020);
#11020 = DEFINITIONAL_REPRESENTATION('',(#11021),#11025);
#11021 = LINE('',#11022,#11023);
#11022 = CARTESIAN_POINT('',(0.,0.));
#11023 = VECTOR('',#11024,1.);
#11024 = DIRECTION('',(0.,-1.));
#11025 = ( GEOMETRIC_REPRESENTATION_CONTEXT(2) 
PARAMETRIC_REPRESENTATION_CONTEXT() REPRESENTATION_CONTEXT('2D SPACE',''
  ) );
#11026 = PCURVE('',#10595,#11027);
#11027 = DEFINITIONAL_REPRESENTATION('',(#11028),#11032);
#11028 = LINE('',#11029,#11030);
#11029 = CARTESIAN_POINT('',(1.,0.));
#11030 = VECTOR('',#11031,1.);
#11031 = DIRECTION('',(0.,-1.));
#11032 = ( GEOMETRIC_REPRESENTATION_CONTEXT(2) 
PARAMETRIC_REPRESENTATION_CONTEXT() REPRESENTATION_CONTEXT('2D SPACE',''
  ) );
#11033 = ORIENTED_EDGE('',*,*,#11034,.F.);
#11034 = EDGE_CURVE('',#10942,#11012,#11035,.T.);
#11035 = SURFACE_CURVE('',#11036,(#11045,#11057),.PCURVE_S1.);
#11036 = B_SPLINE_CURVE_WITH_KNOTS('',4,(#11037,#11038,#11039,#11040,
    #11041,#11042,#11043,#11044),.UNSPECIFIED.,.F.,.F.,(5,3,5),(0.,
    0.519056386499,1.),.UNSPECIFIED.);
#11037 = CARTESIAN_POINT('',(2.884554140127,-1.205732484076,
    2.861008928571));
#11038 = CARTESIAN_POINT('',(2.90663804498,-1.226827560384,
    2.861008928571));
#11039 = CARTESIAN_POINT('',(2.924976669599,-1.249547296934,
    2.861008928571));
#11040 = CARTESIAN_POINT('',(2.939488691436,-1.273882648676,
    2.861008928571));
#11041 = CARTESIAN_POINT('',(2.960043360271,-1.323805549237,
    2.861008928571));
#11042 = CARTESIAN_POINT('',(2.966629730444,-1.349170094365,
    2.861008928571));
#11043 = CARTESIAN_POINT('',(2.969904456551,-1.375858507807,
    2.861008928571));
#11044 = CARTESIAN_POINT('',(2.969904458599,-1.403821656051,
    2.861008928571));
#11045 = PCURVE('',#10565,#11046);
#11046 = DEFINITIONAL_REPRESENTATION('',(#11047),#11056);
#11047 = B_SPLINE_CURVE_WITH_KNOTS('',4,(#11048,#11049,#11050,#11051,
    #11052,#11053,#11054,#11055),.UNSPECIFIED.,.F.,.F.,(5,3,5),(0.,
    0.519056386499,1.),.UNSPECIFIED.);
#11048 = CARTESIAN_POINT('',(1.,-0.1));
#11049 = CARTESIAN_POINT('',(0.870627857888,-0.1));
#11050 = CARTESIAN_POINT('',(0.740880724477,-0.1));
#11051 = CARTESIAN_POINT('',(0.610940581234,-0.1));
#11052 = CARTESIAN_POINT('',(0.360600570757,-0.1));
#11053 = CARTESIAN_POINT('',(0.240199990289,-0.1));
#11054 = CARTESIAN_POINT('',(0.119951213287,-1.E-01));
#11055 = CARTESIAN_POINT('',(0.,-1.E-01));
#11056 = ( GEOMETRIC_REPRESENTATION_CONTEXT(2) 
PARAMETRIC_REPRESENTATION_CONTEXT() REPRESENTATION_CONTEXT('2D SPACE',''
  ) );
#11057 = PCURVE('',#10899,#11058);
#11058 = DEFINITIONAL_REPRESENTATION('',(#11059),#11068);
#11059 = B_SPLINE_CURVE_WITH_KNOTS('',4,(#11060,#11061,#11062,#11063,
    #11064,#11065,#11066,#11067),.UNSPECIFIED.,.F.,.F.,(5,3,5),(0.,
    0.519056386499,1.),.UNSPECIFIED.);
#11060 = CARTESIAN_POINT('',(-9.491549452792,-1.205732489494));
#11061 = CARTESIAN_POINT('',(-9.469465547939,-1.226827565802));
#11062 = CARTESIAN_POINT('',(-9.45112692332,-1.249547302351));
#11063 = CARTESIAN_POINT('',(-9.436614901483,-1.273882654094));
#11064 = CARTESIAN_POINT('',(-9.416060232648,-1.323805554654));
#11065 = CARTESIAN_POINT('',(-9.409473862475,-1.349170099782));
#11066 = CARTESIAN_POINT('',(-9.406199136368,-1.375858513224));
#11067 = CARTESIAN_POINT('',(-9.40619913432,-1.403821661469));
#11068 = ( GEOMETRIC_REPRESENTATION_CONTEXT(2) 
PARAMETRIC_REPRESENTATION_CONTEXT() REPRESENTATION_CONTEXT('2D SPACE',''
  ) );
#11069 = ORIENTED_EDGE('',*,*,#10941,.F.);
#11070 = ADVANCED_FACE('',(#11071),#10595,.F.);
#11071 = FACE_BOUND('',#11072,.F.);
#11072 = EDGE_LOOP('',(#11073,#11074,#11097,#11133));
#11073 = ORIENTED_EDGE('',*,*,#10579,.F.);
#11074 = ORIENTED_EDGE('',*,*,#11075,.T.);
#11075 = EDGE_CURVE('',#10580,#11076,#11078,.T.);
#11076 = VERTEX_POINT('',#11077);
#11077 = CARTESIAN_POINT('',(2.884554140127,-1.59872611465,
    2.861008928571));
#11078 = SURFACE_CURVE('',#11079,(#11083,#11090),.PCURVE_S1.);
#11079 = LINE('',#11080,#11081);
#11080 = CARTESIAN_POINT('',(2.884554140127,-1.59872611465,
    2.761008928571));
#11081 = VECTOR('',#11082,1.);
#11082 = DIRECTION('',(0.,0.,1.));
#11083 = PCURVE('',#10595,#11084);
#11084 = DEFINITIONAL_REPRESENTATION('',(#11085),#11089);
#11085 = LINE('',#11086,#11087);
#11086 = CARTESIAN_POINT('',(0.,0.));
#11087 = VECTOR('',#11088,1.);
#11088 = DIRECTION('',(0.,-1.));
#11089 = ( GEOMETRIC_REPRESENTATION_CONTEXT(2) 
PARAMETRIC_REPRESENTATION_CONTEXT() REPRESENTATION_CONTEXT('2D SPACE',''
  ) );
#11090 = PCURVE('',#10625,#11091);
#11091 = DEFINITIONAL_REPRESENTATION('',(#11092),#11096);
#11092 = LINE('',#11093,#11094);
#11093 = CARTESIAN_POINT('',(1.,0.));
#11094 = VECTOR('',#11095,1.);
#11095 = DIRECTION('',(0.,-1.));
#11096 = ( GEOMETRIC_REPRESENTATION_CONTEXT(2) 
PARAMETRIC_REPRESENTATION_CONTEXT() REPRESENTATION_CONTEXT('2D SPACE',''
  ) );
#11097 = ORIENTED_EDGE('',*,*,#11098,.F.);
#11098 = EDGE_CURVE('',#11012,#11076,#11099,.T.);
#11099 = SURFACE_CURVE('',#11100,(#11109,#11121),.PCURVE_S1.);
#11100 = B_SPLINE_CURVE_WITH_KNOTS('',4,(#11101,#11102,#11103,#11104,
    #11105,#11106,#11107,#11108),.UNSPECIFIED.,.F.,.F.,(5,3,5),(0.,
    0.537104113114,1.),.UNSPECIFIED.);
#11101 = CARTESIAN_POINT('',(2.969904458599,-1.403821656051,
    2.861008928571));
#11102 = CARTESIAN_POINT('',(2.969904456315,-1.435356878849,
    2.861008928571));
#11103 = CARTESIAN_POINT('',(2.96582926594,-1.465048326754,
    2.861008928571));
#11104 = CARTESIAN_POINT('',(2.957618466084,-1.492817390119,
    2.861008928571));
#11105 = CARTESIAN_POINT('',(2.934668737769,-1.540858795877,
    2.861008928571));
#11106 = CARTESIAN_POINT('',(2.92098846245,-1.561636995887,
    2.861008928571));
#11107 = CARTESIAN_POINT('',(2.904264656629,-1.580927809714,
    2.861008928571));
#11108 = CARTESIAN_POINT('',(2.884554140127,-1.59872611465,
    2.861008928571));
#11109 = PCURVE('',#10595,#11110);
#11110 = DEFINITIONAL_REPRESENTATION('',(#11111),#11120);
#11111 = B_SPLINE_CURVE_WITH_KNOTS('',4,(#11112,#11113,#11114,#11115,
    #11116,#11117,#11118,#11119),.UNSPECIFIED.,.F.,.F.,(5,3,5),(0.,
    0.537104113114,1.),.UNSPECIFIED.);
#11112 = CARTESIAN_POINT('',(1.,-0.1));
#11113 = CARTESIAN_POINT('',(0.866188374308,-0.1));
#11114 = CARTESIAN_POINT('',(0.731941461461,-0.1));
#11115 = CARTESIAN_POINT('',(0.597470369885,-0.1));
#11116 = CARTESIAN_POINT('',(0.347108537603,-0.1));
#11117 = CARTESIAN_POINT('',(0.23121681146,-0.1));
#11118 = CARTESIAN_POINT('',(0.115468335828,-1.E-01));
#11119 = CARTESIAN_POINT('',(0.,-1.E-01));
#11120 = ( GEOMETRIC_REPRESENTATION_CONTEXT(2) 
PARAMETRIC_REPRESENTATION_CONTEXT() REPRESENTATION_CONTEXT('2D SPACE',''
  ) );
#11121 = PCURVE('',#10899,#11122);
#11122 = DEFINITIONAL_REPRESENTATION('',(#11123),#11132);
#11123 = B_SPLINE_CURVE_WITH_KNOTS('',4,(#11124,#11125,#11126,#11127,
    #11128,#11129,#11130,#11131),.UNSPECIFIED.,.F.,.F.,(5,3,5),(0.,
    0.537104113114,1.),.UNSPECIFIED.);
#11124 = CARTESIAN_POINT('',(-9.40619913432,-1.403821661469));
#11125 = CARTESIAN_POINT('',(-9.406199136604,-1.435356884267));
#11126 = CARTESIAN_POINT('',(-9.410274326979,-1.465048332171));
#11127 = CARTESIAN_POINT('',(-9.418485126835,-1.492817395537));
#11128 = CARTESIAN_POINT('',(-9.44143485515,-1.540858801295));
#11129 = CARTESIAN_POINT('',(-9.455115130469,-1.561637001305));
#11130 = CARTESIAN_POINT('',(-9.47183893629,-1.580927815132));
#11131 = CARTESIAN_POINT('',(-9.491549452792,-1.598726120067));
#11132 = ( GEOMETRIC_REPRESENTATION_CONTEXT(2) 
PARAMETRIC_REPRESENTATION_CONTEXT() REPRESENTATION_CONTEXT('2D SPACE',''
  ) );
#11133 = ORIENTED_EDGE('',*,*,#11011,.F.);
#11134 = ADVANCED_FACE('',(#11135),#10625,.F.);
#11135 = FACE_BOUND('',#11136,.F.);
#11136 = EDGE_LOOP('',(#11137,#11138,#11161,#11203));
#11137 = ORIENTED_EDGE('',*,*,#10609,.F.);
#11138 = ORIENTED_EDGE('',*,*,#11139,.T.);
#11139 = EDGE_CURVE('',#10610,#11140,#11142,.T.);
#11140 = VERTEX_POINT('',#11141);
#11141 = CARTESIAN_POINT('',(2.650796178344,-1.676433121019,
    2.861008928571));
#11142 = SURFACE_CURVE('',#11143,(#11147,#11154),.PCURVE_S1.);
#11143 = LINE('',#11144,#11145);
#11144 = CARTESIAN_POINT('',(2.650796178344,-1.676433121019,
    2.761008928571));
#11145 = VECTOR('',#11146,1.);
#11146 = DIRECTION('',(0.,0.,1.));
#11147 = PCURVE('',#10625,#11148);
#11148 = DEFINITIONAL_REPRESENTATION('',(#11149),#11153);
#11149 = LINE('',#11150,#11151);
#11150 = CARTESIAN_POINT('',(0.,0.));
#11151 = VECTOR('',#11152,1.);
#11152 = DIRECTION('',(0.,-1.));
#11153 = ( GEOMETRIC_REPRESENTATION_CONTEXT(2) 
PARAMETRIC_REPRESENTATION_CONTEXT() REPRESENTATION_CONTEXT('2D SPACE',''
  ) );
#11154 = PCURVE('',#10655,#11155);
#11155 = DEFINITIONAL_REPRESENTATION('',(#11156),#11160);
#11156 = LINE('',#11157,#11158);
#11157 = CARTESIAN_POINT('',(1.,0.));
#11158 = VECTOR('',#11159,1.);
#11159 = DIRECTION('',(0.,-1.));
#11160 = ( GEOMETRIC_REPRESENTATION_CONTEXT(2) 
PARAMETRIC_REPRESENTATION_CONTEXT() REPRESENTATION_CONTEXT('2D SPACE',''
  ) );
#11161 = ORIENTED_EDGE('',*,*,#11162,.F.);
#11162 = EDGE_CURVE('',#11076,#11140,#11163,.T.);
#11163 = SURFACE_CURVE('',#11164,(#11175,#11189),.PCURVE_S1.);
#11164 = B_SPLINE_CURVE_WITH_KNOTS('',5,(#11165,#11166,#11167,#11168,
    #11169,#11170,#11171,#11172,#11173,#11174),.UNSPECIFIED.,.F.,.F.,(6,
    4,6),(0.,6.566412831308E-02,1.),.UNSPECIFIED.);
#11165 = CARTESIAN_POINT('',(2.884554140127,-1.59872611465,
    2.861008928571));
#11166 = CARTESIAN_POINT('',(2.882301014701,-1.600777467293,
    2.861008928571));
#11167 = CARTESIAN_POINT('',(2.880020332192,-1.60279505927,
    2.861008928571));
#11168 = CARTESIAN_POINT('',(2.877712118707,-1.604778856148,
    2.861008928571));
#11169 = CARTESIAN_POINT('',(2.875376403781,-1.606728827672,
    2.861008928571));
#11170 = CARTESIAN_POINT('',(2.839387448173,-1.63590944954,
    2.861008928571));
#11171 = CARTESIAN_POINT('',(2.800199016337,-1.656321236659,
    2.861008928571));
#11172 = CARTESIAN_POINT('',(2.755544995839,-1.669799873109,
    2.861008928571));
#11173 = CARTESIAN_POINT('',(2.705642815095,-1.676433118147,
    2.861008928571));
#11174 = CARTESIAN_POINT('',(2.650796178344,-1.676433121019,
    2.861008928571));
#11175 = PCURVE('',#10625,#11176);
#11176 = DEFINITIONAL_REPRESENTATION('',(#11177),#11188);
#11177 = B_SPLINE_CURVE_WITH_KNOTS('',5,(#11178,#11179,#11180,#11181,
    #11182,#11183,#11184,#11185,#11186,#11187),.UNSPECIFIED.,.F.,.F.,(6,
    4,6),(0.,6.566412831308E-02,1.),.UNSPECIFIED.);
#11178 = CARTESIAN_POINT('',(1.,-0.1));
#11179 = CARTESIAN_POINT('',(0.986800721426,-0.1));
#11180 = CARTESIAN_POINT('',(0.97360089998,-0.1));
#11181 = CARTESIAN_POINT('',(0.960400717758,-0.1));
#11182 = CARTESIAN_POINT('',(0.947200356982,-0.1));
#11183 = CARTESIAN_POINT('',(0.746171921498,-0.1));
#11184 = CARTESIAN_POINT('',(0.558337609501,-1.E-01));
#11185 = CARTESIAN_POINT('',(0.371044012975,-0.1));
#11186 = CARTESIAN_POINT('',(0.184783741111,-1.E-01));
#11187 = CARTESIAN_POINT('',(0.,-1.E-01));
#11188 = ( GEOMETRIC_REPRESENTATION_CONTEXT(2) 
PARAMETRIC_REPRESENTATION_CONTEXT() REPRESENTATION_CONTEXT('2D SPACE',''
  ) );
#11189 = PCURVE('',#10899,#11190);
#11190 = DEFINITIONAL_REPRESENTATION('',(#11191),#11202);
#11191 = B_SPLINE_CURVE_WITH_KNOTS('',5,(#11192,#11193,#11194,#11195,
    #11196,#11197,#11198,#11199,#11200,#11201),.UNSPECIFIED.,.F.,.F.,(6,
    4,6),(0.,6.566412831308E-02,1.),.UNSPECIFIED.);
#11192 = CARTESIAN_POINT('',(-9.491549452792,-1.598726120067));
#11193 = CARTESIAN_POINT('',(-9.493802578218,-1.600777472711));
#11194 = CARTESIAN_POINT('',(-9.496083260727,-1.602795064688));
#11195 = CARTESIAN_POINT('',(-9.498391474212,-1.604778861565));
#11196 = CARTESIAN_POINT('',(-9.500727189138,-1.60672883309));
#11197 = CARTESIAN_POINT('',(-9.536716144746,-1.635909454958));
#11198 = CARTESIAN_POINT('',(-9.575904576582,-1.656321242077));
#11199 = CARTESIAN_POINT('',(-9.62055859708,-1.669799878526));
#11200 = CARTESIAN_POINT('',(-9.670460777824,-1.676433123565));
#11201 = CARTESIAN_POINT('',(-9.725307414575,-1.676433126437));
#11202 = ( GEOMETRIC_REPRESENTATION_CONTEXT(2) 
PARAMETRIC_REPRESENTATION_CONTEXT() REPRESENTATION_CONTEXT('2D SPACE',''
  ) );
#11203 = ORIENTED_EDGE('',*,*,#11075,.F.);
#11204 = ADVANCED_FACE('',(#11205),#10655,.F.);
#11205 = FACE_BOUND('',#11206,.F.);
#11206 = EDGE_LOOP('',(#11207,#11208,#11231,#11261));
#11207 = ORIENTED_EDGE('',*,*,#10639,.F.);
#11208 = ORIENTED_EDGE('',*,*,#11209,.T.);
#11209 = EDGE_CURVE('',#10640,#11210,#11212,.T.);
#11210 = VERTEX_POINT('',#11211);
#11211 = CARTESIAN_POINT('',(2.407484076433,-1.598089171975,
    2.861008928571));
#11212 = SURFACE_CURVE('',#11213,(#11217,#11224),.PCURVE_S1.);
#11213 = LINE('',#11214,#11215);
#11214 = CARTESIAN_POINT('',(2.407484076433,-1.598089171975,
    2.761008928571));
#11215 = VECTOR('',#11216,1.);
#11216 = DIRECTION('',(0.,0.,1.));
#11217 = PCURVE('',#10655,#11218);
#11218 = DEFINITIONAL_REPRESENTATION('',(#11219),#11223);
#11219 = LINE('',#11220,#11221);
#11220 = CARTESIAN_POINT('',(0.,0.));
#11221 = VECTOR('',#11222,1.);
#11222 = DIRECTION('',(0.,-1.));
#11223 = ( GEOMETRIC_REPRESENTATION_CONTEXT(2) 
PARAMETRIC_REPRESENTATION_CONTEXT() REPRESENTATION_CONTEXT('2D SPACE',''
  ) );
#11224 = PCURVE('',#10685,#11225);
#11225 = DEFINITIONAL_REPRESENTATION('',(#11226),#11230);
#11226 = LINE('',#11227,#11228);
#11227 = CARTESIAN_POINT('',(1.,0.));
#11228 = VECTOR('',#11229,1.);
#11229 = DIRECTION('',(0.,-1.));
#11230 = ( GEOMETRIC_REPRESENTATION_CONTEXT(2) 
PARAMETRIC_REPRESENTATION_CONTEXT() REPRESENTATION_CONTEXT('2D SPACE',''
  ) );
#11231 = ORIENTED_EDGE('',*,*,#11232,.F.);
#11232 = EDGE_CURVE('',#11140,#11210,#11233,.T.);
#11233 = SURFACE_CURVE('',#11234,(#11241,#11251),.PCURVE_S1.);
#11234 = B_SPLINE_CURVE_WITH_KNOTS('',5,(#11235,#11236,#11237,#11238,
    #11239,#11240),.UNSPECIFIED.,.F.,.F.,(6,6),(0.,1.),
  .PIECEWISE_BEZIER_KNOTS.);
#11235 = CARTESIAN_POINT('',(2.650796178344,-1.676433121019,
    2.861008928571));
#11236 = CARTESIAN_POINT('',(2.590116741291,-1.676433117922,
    2.861008928571));
#11237 = CARTESIAN_POINT('',(2.53511837806,-1.668781877215,
    2.861008928571));
#11238 = CARTESIAN_POINT('',(2.486190760899,-1.653207126567,
    2.861008928571));
#11239 = CARTESIAN_POINT('',(2.443608861366,-1.629602276849,
    2.861008928571));
#11240 = CARTESIAN_POINT('',(2.407484076433,-1.598089171975,
    2.861008928571));
#11241 = PCURVE('',#10655,#11242);
#11242 = DEFINITIONAL_REPRESENTATION('',(#11243),#11250);
#11243 = B_SPLINE_CURVE_WITH_KNOTS('',5,(#11244,#11245,#11246,#11247,
    #11248,#11249),.UNSPECIFIED.,.F.,.F.,(6,6),(0.,1.),
  .PIECEWISE_BEZIER_KNOTS.);
#11244 = CARTESIAN_POINT('',(1.,-0.1));
#11245 = CARTESIAN_POINT('',(0.802351203059,-0.1));
#11246 = CARTESIAN_POINT('',(0.602945294166,-1.E-01));
#11247 = CARTESIAN_POINT('',(0.402330511559,-0.1));
#11248 = CARTESIAN_POINT('',(0.20112024228,-1.E-01));
#11249 = CARTESIAN_POINT('',(0.,-1.E-01));
#11250 = ( GEOMETRIC_REPRESENTATION_CONTEXT(2) 
PARAMETRIC_REPRESENTATION_CONTEXT() REPRESENTATION_CONTEXT('2D SPACE',''
  ) );
#11251 = PCURVE('',#10899,#11252);
#11252 = DEFINITIONAL_REPRESENTATION('',(#11253),#11260);
#11253 = B_SPLINE_CURVE_WITH_KNOTS('',5,(#11254,#11255,#11256,#11257,
    #11258,#11259),.UNSPECIFIED.,.F.,.F.,(6,6),(0.,1.),
  .PIECEWISE_BEZIER_KNOTS.);
#11254 = CARTESIAN_POINT('',(-9.725307414575,-1.676433126437));
#11255 = CARTESIAN_POINT('',(-9.785986851628,-1.67643312334));
#11256 = CARTESIAN_POINT('',(-9.840985214859,-1.668781882633));
#11257 = CARTESIAN_POINT('',(-9.88991283202,-1.653207131985));
#11258 = CARTESIAN_POINT('',(-9.932494731553,-1.629602282267));
#11259 = CARTESIAN_POINT('',(-9.968619516486,-1.598089177392));
#11260 = ( GEOMETRIC_REPRESENTATION_CONTEXT(2) 
PARAMETRIC_REPRESENTATION_CONTEXT() REPRESENTATION_CONTEXT('2D SPACE',''
  ) );
#11261 = ORIENTED_EDGE('',*,*,#11139,.F.);
#11262 = ADVANCED_FACE('',(#11263),#10685,.F.);
#11263 = FACE_BOUND('',#11264,.F.);
#11264 = EDGE_LOOP('',(#11265,#11266,#11289,#11325));
#11265 = ORIENTED_EDGE('',*,*,#10669,.F.);
#11266 = ORIENTED_EDGE('',*,*,#11267,.T.);
#11267 = EDGE_CURVE('',#10670,#11268,#11270,.T.);
#11268 = VERTEX_POINT('',#11269);
#11269 = CARTESIAN_POINT('',(2.317675159236,-1.410828025478,
    2.861008928571));
#11270 = SURFACE_CURVE('',#11271,(#11275,#11282),.PCURVE_S1.);
#11271 = LINE('',#11272,#11273);
#11272 = CARTESIAN_POINT('',(2.317675159236,-1.410828025478,
    2.761008928571));
#11273 = VECTOR('',#11274,1.);
#11274 = DIRECTION('',(0.,0.,1.));
#11275 = PCURVE('',#10685,#11276);
#11276 = DEFINITIONAL_REPRESENTATION('',(#11277),#11281);
#11277 = LINE('',#11278,#11279);
#11278 = CARTESIAN_POINT('',(0.,0.));
#11279 = VECTOR('',#11280,1.);
#11280 = DIRECTION('',(0.,-1.));
#11281 = ( GEOMETRIC_REPRESENTATION_CONTEXT(2) 
PARAMETRIC_REPRESENTATION_CONTEXT() REPRESENTATION_CONTEXT('2D SPACE',''
  ) );
#11282 = PCURVE('',#10715,#11283);
#11283 = DEFINITIONAL_REPRESENTATION('',(#11284),#11288);
#11284 = LINE('',#11285,#11286);
#11285 = CARTESIAN_POINT('',(1.,0.));
#11286 = VECTOR('',#11287,1.);
#11287 = DIRECTION('',(0.,-1.));
#11288 = ( GEOMETRIC_REPRESENTATION_CONTEXT(2) 
PARAMETRIC_REPRESENTATION_CONTEXT() REPRESENTATION_CONTEXT('2D SPACE',''
  ) );
#11289 = ORIENTED_EDGE('',*,*,#11290,.F.);
#11290 = EDGE_CURVE('',#11210,#11268,#11291,.T.);
#11291 = SURFACE_CURVE('',#11292,(#11301,#11313),.PCURVE_S1.);
#11292 = B_SPLINE_CURVE_WITH_KNOTS('',4,(#11293,#11294,#11295,#11296,
    #11297,#11298,#11299,#11300),.UNSPECIFIED.,.F.,.F.,(5,3,5),(0.,
    0.631345329112,1.),.UNSPECIFIED.);
#11293 = CARTESIAN_POINT('',(2.407484076433,-1.598089171975,
    2.861008928571));
#11294 = CARTESIAN_POINT('',(2.379277576528,-1.573483498424,
    2.861008928571));
#11295 = CARTESIAN_POINT('',(2.35684959768,-1.546756587964,
    2.861008928571));
#11296 = CARTESIAN_POINT('',(2.340382925181,-1.517920161285,
    2.861008928571));
#11297 = CARTESIAN_POINT('',(2.323784570069,-1.469018036346,
    2.861008928571));
#11298 = CARTESIAN_POINT('',(2.319706836388,-1.450295180106,
    2.861008928571));
#11299 = CARTESIAN_POINT('',(2.31767516089,-1.430891741243,
    2.861008928571));
#11300 = CARTESIAN_POINT('',(2.317675159236,-1.410828025478,
    2.861008928571));
#11301 = PCURVE('',#10685,#11302);
#11302 = DEFINITIONAL_REPRESENTATION('',(#11303),#11312);
#11303 = B_SPLINE_CURVE_WITH_KNOTS('',4,(#11304,#11305,#11306,#11307,
    #11308,#11309,#11310,#11311),.UNSPECIFIED.,.F.,.F.,(5,3,5),(0.,
    0.631345329112,1.),.UNSPECIFIED.);
#11304 = CARTESIAN_POINT('',(1.,-0.1));
#11305 = CARTESIAN_POINT('',(0.842963796883,-0.1));
#11306 = CARTESIAN_POINT('',(0.685220263755,-0.1));
#11307 = CARTESIAN_POINT('',(0.527108857894,-0.1));
#11308 = CARTESIAN_POINT('',(0.276677199333,-0.1));
#11309 = CARTESIAN_POINT('',(0.1843546765,-0.1));
#11310 = CARTESIAN_POINT('',(9.210536443062E-02,-1.E-01));
#11311 = CARTESIAN_POINT('',(0.,-1.E-01));
#11312 = ( GEOMETRIC_REPRESENTATION_CONTEXT(2) 
PARAMETRIC_REPRESENTATION_CONTEXT() REPRESENTATION_CONTEXT('2D SPACE',''
  ) );
#11313 = PCURVE('',#10899,#11314);
#11314 = DEFINITIONAL_REPRESENTATION('',(#11315),#11324);
#11315 = B_SPLINE_CURVE_WITH_KNOTS('',4,(#11316,#11317,#11318,#11319,
    #11320,#11321,#11322,#11323),.UNSPECIFIED.,.F.,.F.,(5,3,5),(0.,
    0.631345329112,1.),.UNSPECIFIED.);
#11316 = CARTESIAN_POINT('',(-9.968619516486,-1.598089177392));
#11317 = CARTESIAN_POINT('',(-9.996826016391,-1.573483503842));
#11318 = CARTESIAN_POINT('',(-10.01925399523,-1.546756593382));
#11319 = CARTESIAN_POINT('',(-10.03572066773,-1.517920166703));
#11320 = CARTESIAN_POINT('',(-10.05231902285,-1.469018041763));
#11321 = CARTESIAN_POINT('',(-10.05639675653,-1.450295185523));
#11322 = CARTESIAN_POINT('',(-10.05842843202,-1.43089174666));
#11323 = CARTESIAN_POINT('',(-10.05842843368,-1.410828030895));
#11324 = ( GEOMETRIC_REPRESENTATION_CONTEXT(2) 
PARAMETRIC_REPRESENTATION_CONTEXT() REPRESENTATION_CONTEXT('2D SPACE',''
  ) );
#11325 = ORIENTED_EDGE('',*,*,#11209,.F.);
#11326 = ADVANCED_FACE('',(#11327),#10715,.F.);
#11327 = FACE_BOUND('',#11328,.F.);
#11328 = EDGE_LOOP('',(#11329,#11330,#11353,#11389));
#11329 = ORIENTED_EDGE('',*,*,#10699,.F.);
#11330 = ORIENTED_EDGE('',*,*,#11331,.T.);
#11331 = EDGE_CURVE('',#10700,#11332,#11334,.T.);
#11332 = VERTEX_POINT('',#11333);
#11333 = CARTESIAN_POINT('',(2.360987261146,-1.268152866242,
    2.861008928571));
#11334 = SURFACE_CURVE('',#11335,(#11339,#11346),.PCURVE_S1.);
#11335 = LINE('',#11336,#11337);
#11336 = CARTESIAN_POINT('',(2.360987261146,-1.268152866242,
    2.761008928571));
#11337 = VECTOR('',#11338,1.);
#11338 = DIRECTION('',(0.,0.,1.));
#11339 = PCURVE('',#10715,#11340);
#11340 = DEFINITIONAL_REPRESENTATION('',(#11341),#11345);
#11341 = LINE('',#11342,#11343);
#11342 = CARTESIAN_POINT('',(0.,0.));
#11343 = VECTOR('',#11344,1.);
#11344 = DIRECTION('',(0.,-1.));
#11345 = ( GEOMETRIC_REPRESENTATION_CONTEXT(2) 
PARAMETRIC_REPRESENTATION_CONTEXT() REPRESENTATION_CONTEXT('2D SPACE',''
  ) );
#11346 = PCURVE('',#10743,#11347);
#11347 = DEFINITIONAL_REPRESENTATION('',(#11348),#11352);
#11348 = LINE('',#11349,#11350);
#11349 = CARTESIAN_POINT('',(1.,0.));
#11350 = VECTOR('',#11351,1.);
#11351 = DIRECTION('',(0.,-1.));
#11352 = ( GEOMETRIC_REPRESENTATION_CONTEXT(2) 
PARAMETRIC_REPRESENTATION_CONTEXT() REPRESENTATION_CONTEXT('2D SPACE',''
  ) );
#11353 = ORIENTED_EDGE('',*,*,#11354,.F.);
#11354 = EDGE_CURVE('',#11268,#11332,#11355,.T.);
#11355 = SURFACE_CURVE('',#11356,(#11365,#11377),.PCURVE_S1.);
#11356 = B_SPLINE_CURVE_WITH_KNOTS('',4,(#11357,#11358,#11359,#11360,
    #11361,#11362,#11363,#11364),.UNSPECIFIED.,.F.,.F.,(5,3,5),(0.,
    0.249881306908,1.),.UNSPECIFIED.);
#11357 = CARTESIAN_POINT('',(2.317675159236,-1.410828025478,
    2.861008928571));
#11358 = CARTESIAN_POINT('',(2.317675159777,-1.401514174151,
    2.861008928571));
#11359 = CARTESIAN_POINT('',(2.318126187468,-1.392265208844,
    2.861008928571));
#11360 = CARTESIAN_POINT('',(2.319028559603,-1.383081902695,
    2.861008928571));
#11361 = CARTESIAN_POINT('',(2.324445555451,-1.346596842429,
    2.861008928571));
#11362 = CARTESIAN_POINT('',(2.332575224207,-1.319826795073,
    2.861008928571));
#11363 = CARTESIAN_POINT('',(2.344768105057,-1.293674188173,
    2.861008928571));
#11364 = CARTESIAN_POINT('',(2.360987261146,-1.268152866242,
    2.861008928571));
#11365 = PCURVE('',#10715,#11366);
#11366 = DEFINITIONAL_REPRESENTATION('',(#11367),#11376);
#11367 = B_SPLINE_CURVE_WITH_KNOTS('',4,(#11368,#11369,#11370,#11371,
    #11372,#11373,#11374,#11375),.UNSPECIFIED.,.F.,.F.,(5,3,5),(0.,
    0.249881306908,1.),.UNSPECIFIED.);
#11368 = CARTESIAN_POINT('',(1.,-0.1));
#11369 = CARTESIAN_POINT('',(0.937509629451,-0.1));
#11370 = CARTESIAN_POINT('',(0.875009587291,-0.1));
#11371 = CARTESIAN_POINT('',(0.812504747732,-0.1));
#11372 = CARTESIAN_POINT('',(0.562366998314,-0.1));
#11373 = CARTESIAN_POINT('',(0.374734641905,-0.1));
#11374 = CARTESIAN_POINT('',(0.187235864755,-1.E-01));
#11375 = CARTESIAN_POINT('',(0.,-1.E-01));
#11376 = ( GEOMETRIC_REPRESENTATION_CONTEXT(2) 
PARAMETRIC_REPRESENTATION_CONTEXT() REPRESENTATION_CONTEXT('2D SPACE',''
  ) );
#11377 = PCURVE('',#10899,#11378);
#11378 = DEFINITIONAL_REPRESENTATION('',(#11379),#11388);
#11379 = B_SPLINE_CURVE_WITH_KNOTS('',4,(#11380,#11381,#11382,#11383,
    #11384,#11385,#11386,#11387),.UNSPECIFIED.,.F.,.F.,(5,3,5),(0.,
    0.249881306908,1.),.UNSPECIFIED.);
#11380 = CARTESIAN_POINT('',(-10.05842843368,-1.410828030895));
#11381 = CARTESIAN_POINT('',(-10.05842843314,-1.401514179568));
#11382 = CARTESIAN_POINT('',(-10.05797740545,-1.392265214262));
#11383 = CARTESIAN_POINT('',(-10.05707503331,-1.383081908112));
#11384 = CARTESIAN_POINT('',(-10.05165803746,-1.346596847847));
#11385 = CARTESIAN_POINT('',(-10.04352836871,-1.319826800491));
#11386 = CARTESIAN_POINT('',(-10.03133548786,-1.293674193591));
#11387 = CARTESIAN_POINT('',(-10.01511633177,-1.26815287166));
#11388 = ( GEOMETRIC_REPRESENTATION_CONTEXT(2) 
PARAMETRIC_REPRESENTATION_CONTEXT() REPRESENTATION_CONTEXT('2D SPACE',''
  ) );
#11389 = ORIENTED_EDGE('',*,*,#11267,.F.);
#11390 = ADVANCED_FACE('',(#11391),#10743,.F.);
#11391 = FACE_BOUND('',#11392,.F.);
#11392 = EDGE_LOOP('',(#11393,#11394,#11395,#11431));
#11393 = ORIENTED_EDGE('',*,*,#10729,.F.);
#11394 = ORIENTED_EDGE('',*,*,#10916,.T.);
#11395 = ORIENTED_EDGE('',*,*,#11396,.F.);
#11396 = EDGE_CURVE('',#11332,#10874,#11397,.T.);
#11397 = SURFACE_CURVE('',#11398,(#11407,#11419),.PCURVE_S1.);
#11398 = B_SPLINE_CURVE_WITH_KNOTS('',4,(#11399,#11400,#11401,#11402,
    #11403,#11404,#11405,#11406),.UNSPECIFIED.,.F.,.F.,(5,3,5),(0.,
    0.109880635155,1.),.UNSPECIFIED.);
#11399 = CARTESIAN_POINT('',(2.360987261146,-1.268152866242,
    2.861008928571));
#11400 = CARTESIAN_POINT('',(2.363369335459,-1.264439633254,
    2.861008928571));
#11401 = CARTESIAN_POINT('',(2.3658311333,-1.26078534016,2.861008928571)
  );
#11402 = CARTESIAN_POINT('',(2.368372624311,-1.2571900686,2.861008928571
    ));
#11403 = CARTESIAN_POINT('',(2.392226997262,-1.225008026289,
    2.861008928571));
#11404 = CARTESIAN_POINT('',(2.418686760539,-1.200239693469,
    2.861008928571));
#11405 = CARTESIAN_POINT('',(2.4503458861,-1.17938470338,2.861008928571)
  );
#11406 = CARTESIAN_POINT('',(2.487101910828,-1.162420382166,
    2.861008928571));
#11407 = PCURVE('',#10743,#11408);
#11408 = DEFINITIONAL_REPRESENTATION('',(#11409),#11418);
#11409 = B_SPLINE_CURVE_WITH_KNOTS('',4,(#11410,#11411,#11412,#11413,
    #11414,#11415,#11416,#11417),.UNSPECIFIED.,.F.,.F.,(5,3,5),(0.,
    0.109880635155,1.),.UNSPECIFIED.);
#11410 = CARTESIAN_POINT('',(1.,-0.1));
#11411 = CARTESIAN_POINT('',(0.972501056395,-0.1));
#11412 = CARTESIAN_POINT('',(0.94500106001,-0.1));
#11413 = CARTESIAN_POINT('',(0.917500533496,-0.1));
#11414 = CARTESIAN_POINT('',(0.667224099828,-0.1));
#11415 = CARTESIAN_POINT('',(0.444447109081,-0.1));
#11416 = CARTESIAN_POINT('',(0.22194985221,-1.E-01));
#11417 = CARTESIAN_POINT('',(0.,-1.E-01));
#11418 = ( GEOMETRIC_REPRESENTATION_CONTEXT(2) 
PARAMETRIC_REPRESENTATION_CONTEXT() REPRESENTATION_CONTEXT('2D SPACE',''
  ) );
#11419 = PCURVE('',#10899,#11420);
#11420 = DEFINITIONAL_REPRESENTATION('',(#11421),#11430);
#11421 = B_SPLINE_CURVE_WITH_KNOTS('',4,(#11422,#11423,#11424,#11425,
    #11426,#11427,#11428,#11429),.UNSPECIFIED.,.F.,.F.,(5,3,5),(0.,
    0.109880635155,1.),.UNSPECIFIED.);
#11422 = CARTESIAN_POINT('',(-10.01511633177,-1.26815287166));
#11423 = CARTESIAN_POINT('',(-10.01273425746,-1.264439638672));
#11424 = CARTESIAN_POINT('',(-10.01027245961,-1.260785345577));
#11425 = CARTESIAN_POINT('',(-10.0077309686,-1.257190074018));
#11426 = CARTESIAN_POINT('',(-9.983876595657,-1.225008031706));
#11427 = CARTESIAN_POINT('',(-9.95741683238,-1.200239698887));
#11428 = CARTESIAN_POINT('',(-9.925757706819,-1.179384708798));
#11429 = CARTESIAN_POINT('',(-9.889001682091,-1.162420387583));
#11430 = ( GEOMETRIC_REPRESENTATION_CONTEXT(2) 
PARAMETRIC_REPRESENTATION_CONTEXT() REPRESENTATION_CONTEXT('2D SPACE',''
  ) );
#11431 = ORIENTED_EDGE('',*,*,#11331,.F.);
#11432 = ADVANCED_FACE('',(#11433),#10899,.T.);
#11433 = FACE_BOUND('',#11434,.T.);
#11434 = EDGE_LOOP('',(#11435,#11436,#11437,#11438,#11439,#11440,#11441,
    #11442,#11443));
#11435 = ORIENTED_EDGE('',*,*,#10873,.F.);
#11436 = ORIENTED_EDGE('',*,*,#11396,.F.);
#11437 = ORIENTED_EDGE('',*,*,#11354,.F.);
#11438 = ORIENTED_EDGE('',*,*,#11290,.F.);
#11439 = ORIENTED_EDGE('',*,*,#11232,.F.);
#11440 = ORIENTED_EDGE('',*,*,#11162,.F.);
#11441 = ORIENTED_EDGE('',*,*,#11098,.F.);
#11442 = ORIENTED_EDGE('',*,*,#11034,.F.);
#11443 = ORIENTED_EDGE('',*,*,#10964,.F.);
#11444 = ADVANCED_FACE('',(#11445),#140,.T.);
#11445 = FACE_BOUND('',#11446,.F.);
#11446 = EDGE_LOOP('',(#11447,#11448,#11449,#11450,#11451,#11452,#11453,
    #11454,#11455,#11456,#11478,#11504,#11505,#11506,#11507,#11508));
#11447 = ORIENTED_EDGE('',*,*,#4859,.T.);
#11448 = ORIENTED_EDGE('',*,*,#4712,.F.);
#11449 = ORIENTED_EDGE('',*,*,#1178,.T.);
#11450 = ORIENTED_EDGE('',*,*,#1037,.F.);
#11451 = ORIENTED_EDGE('',*,*,#933,.F.);
#11452 = ORIENTED_EDGE('',*,*,#854,.F.);
#11453 = ORIENTED_EDGE('',*,*,#736,.T.);
#11454 = ORIENTED_EDGE('',*,*,#687,.T.);
#11455 = ORIENTED_EDGE('',*,*,#637,.T.);
#11456 = ORIENTED_EDGE('',*,*,#11457,.F.);
#11457 = EDGE_CURVE('',#11458,#588,#11460,.T.);
#11458 = VERTEX_POINT('',#11459);
#11459 = CARTESIAN_POINT('',(28.5,-6.12323395162E-16,22.861008928571));
#11460 = SEAM_CURVE('',#11461,(#11464,#11471),.PCURVE_S1.);
#11461 = B_SPLINE_CURVE_WITH_KNOTS('',1,(#11462,#11463),.UNSPECIFIED.,
  .F.,.F.,(2,2),(-15.,2.861008928571),.PIECEWISE_BEZIER_KNOTS.);
#11462 = CARTESIAN_POINT('',(28.5,-1.224646799147E-15,22.861008928571));
#11463 = CARTESIAN_POINT('',(28.5,-1.224646799147E-15,5.));
#11464 = PCURVE('',#140,#11465);
#11465 = DEFINITIONAL_REPRESENTATION('',(#11466),#11470);
#11466 = LINE('',#11467,#11468);
#11467 = CARTESIAN_POINT('',(-0.,0.));
#11468 = VECTOR('',#11469,1.);
#11469 = DIRECTION('',(-0.,1.));
#11470 = ( GEOMETRIC_REPRESENTATION_CONTEXT(2) 
PARAMETRIC_REPRESENTATION_CONTEXT() REPRESENTATION_CONTEXT('2D SPACE',''
  ) );
#11471 = PCURVE('',#140,#11472);
#11472 = DEFINITIONAL_REPRESENTATION('',(#11473),#11477);
#11473 = LINE('',#11474,#11475);
#11474 = CARTESIAN_POINT('',(-6.28318530718,0.));
#11475 = VECTOR('',#11476,1.);
#11476 = DIRECTION('',(-0.,1.));
#11477 = ( GEOMETRIC_REPRESENTATION_CONTEXT(2) 
PARAMETRIC_REPRESENTATION_CONTEXT() REPRESENTATION_CONTEXT('2D SPACE',''
  ) );
#11478 = ORIENTED_EDGE('',*,*,#11479,.T.);
#11479 = EDGE_CURVE('',#11458,#11458,#11480,.T.);
#11480 = SURFACE_CURVE('',#11481,(#11486,#11493),.PCURVE_S1.);
#11481 = CIRCLE('',#11482,5.);
#11482 = AXIS2_PLACEMENT_3D('',#11483,#11484,#11485);
#11483 = CARTESIAN_POINT('',(23.5,0.,22.861008928571));
#11484 = DIRECTION('',(0.,0.,1.));
#11485 = DIRECTION('',(1.,0.,0.));
#11486 = PCURVE('',#140,#11487);
#11487 = DEFINITIONAL_REPRESENTATION('',(#11488),#11492);
#11488 = LINE('',#11489,#11490);
#11489 = CARTESIAN_POINT('',(-0.,-15.));
#11490 = VECTOR('',#11491,1.);
#11491 = DIRECTION('',(-1.,0.));
#11492 = ( GEOMETRIC_REPRESENTATION_CONTEXT(2) 
PARAMETRIC_REPRESENTATION_CONTEXT() REPRESENTATION_CONTEXT('2D SPACE',''
  ) );
#11493 = PCURVE('',#11494,#11499);
#11494 = CONICAL_SURFACE('',#11495,3.5,0.643501108793);
#11495 = AXIS2_PLACEMENT_3D('',#11496,#11497,#11498);
#11496 = CARTESIAN_POINT('',(23.5,0.,20.861008928571));
#11497 = DIRECTION('',(0.,0.,1.));
#11498 = DIRECTION('',(1.,0.,0.));
#11499 = DEFINITIONAL_REPRESENTATION('',(#11500),#11503);
#11500 = B_SPLINE_CURVE_WITH_KNOTS('',1,(#11501,#11502),.UNSPECIFIED.,
  .F.,.F.,(2,2),(0.,6.28318530718),.PIECEWISE_BEZIER_KNOTS.);
#11501 = CARTESIAN_POINT('',(0.,2.));
#11502 = CARTESIAN_POINT('',(6.28318530718,2.));
#11503 = ( GEOMETRIC_REPRESENTATION_CONTEXT(2) 
PARAMETRIC_REPRESENTATION_CONTEXT() REPRESENTATION_CONTEXT('2D SPACE',''
  ) );
#11504 = ORIENTED_EDGE('',*,*,#11457,.T.);
#11505 = ORIENTED_EDGE('',*,*,#587,.T.);
#11506 = ORIENTED_EDGE('',*,*,#538,.T.);
#11507 = ORIENTED_EDGE('',*,*,#126,.T.);
#11508 = ORIENTED_EDGE('',*,*,#4906,.T.);
#11509 = ADVANCED_FACE('',(#11510),#11494,.F.);
#11510 = FACE_BOUND('',#11511,.F.);
#11511 = EDGE_LOOP('',(#11512,#11513,#11536,#11563));
#11512 = ORIENTED_EDGE('',*,*,#11479,.F.);
#11513 = ORIENTED_EDGE('',*,*,#11514,.F.);
#11514 = EDGE_CURVE('',#11515,#11458,#11517,.T.);
#11515 = VERTEX_POINT('',#11516);
#11516 = CARTESIAN_POINT('',(27.,-8.572527594031E-16,20.861008928571));
#11517 = SEAM_CURVE('',#11518,(#11522,#11529),.PCURVE_S1.);
#11518 = LINE('',#11519,#11520);
#11519 = CARTESIAN_POINT('',(27.,-8.572527594031E-16,20.861008928571));
#11520 = VECTOR('',#11521,1.);
#11521 = DIRECTION('',(0.6,-1.469576158977E-16,0.8));
#11522 = PCURVE('',#11494,#11523);
#11523 = DEFINITIONAL_REPRESENTATION('',(#11524),#11528);
#11524 = LINE('',#11525,#11526);
#11525 = CARTESIAN_POINT('',(6.28318530718,-0.));
#11526 = VECTOR('',#11527,1.);
#11527 = DIRECTION('',(0.,1.));
#11528 = ( GEOMETRIC_REPRESENTATION_CONTEXT(2) 
PARAMETRIC_REPRESENTATION_CONTEXT() REPRESENTATION_CONTEXT('2D SPACE',''
  ) );
#11529 = PCURVE('',#11494,#11530);
#11530 = DEFINITIONAL_REPRESENTATION('',(#11531),#11535);
#11531 = LINE('',#11532,#11533);
#11532 = CARTESIAN_POINT('',(0.,-0.));
#11533 = VECTOR('',#11534,1.);
#11534 = DIRECTION('',(0.,1.));
#11535 = ( GEOMETRIC_REPRESENTATION_CONTEXT(2) 
PARAMETRIC_REPRESENTATION_CONTEXT() REPRESENTATION_CONTEXT('2D SPACE',''
  ) );
#11536 = ORIENTED_EDGE('',*,*,#11537,.T.);
#11537 = EDGE_CURVE('',#11515,#11515,#11538,.T.);
#11538 = SURFACE_CURVE('',#11539,(#11544,#11551),.PCURVE_S1.);
#11539 = CIRCLE('',#11540,3.5);
#11540 = AXIS2_PLACEMENT_3D('',#11541,#11542,#11543);
#11541 = CARTESIAN_POINT('',(23.5,0.,20.861008928571));
#11542 = DIRECTION('',(0.,0.,1.));
#11543 = DIRECTION('',(1.,0.,0.));
#11544 = PCURVE('',#11494,#11545);
#11545 = DEFINITIONAL_REPRESENTATION('',(#11546),#11550);
#11546 = LINE('',#11547,#11548);
#11547 = CARTESIAN_POINT('',(0.,0.));
#11548 = VECTOR('',#11549,1.);
#11549 = DIRECTION('',(1.,0.));
#11550 = ( GEOMETRIC_REPRESENTATION_CONTEXT(2) 
PARAMETRIC_REPRESENTATION_CONTEXT() REPRESENTATION_CONTEXT('2D SPACE',''
  ) );
#11551 = PCURVE('',#11552,#11557);
#11552 = CYLINDRICAL_SURFACE('',#11553,3.5);
#11553 = AXIS2_PLACEMENT_3D('',#11554,#11555,#11556);
#11554 = CARTESIAN_POINT('',(23.5,0.,7.861008928571));
#11555 = DIRECTION('',(-0.,-0.,-1.));
#11556 = DIRECTION('',(1.,0.,0.));
#11557 = DEFINITIONAL_REPRESENTATION('',(#11558),#11562);
#11558 = LINE('',#11559,#11560);
#11559 = CARTESIAN_POINT('',(-0.,-13.));
#11560 = VECTOR('',#11561,1.);
#11561 = DIRECTION('',(-1.,0.));
#11562 = ( GEOMETRIC_REPRESENTATION_CONTEXT(2) 
PARAMETRIC_REPRESENTATION_CONTEXT() REPRESENTATION_CONTEXT('2D SPACE',''
  ) );
#11563 = ORIENTED_EDGE('',*,*,#11514,.T.);
#11564 = ADVANCED_FACE('',(#11565),#11552,.F.);
#11565 = FACE_BOUND('',#11566,.T.);
#11566 = EDGE_LOOP('',(#11567,#11596,#11617,#11618));
#11567 = ORIENTED_EDGE('',*,*,#11568,.F.);
#11568 = EDGE_CURVE('',#11569,#11569,#11571,.T.);
#11569 = VERTEX_POINT('',#11570);
#11570 = CARTESIAN_POINT('',(27.,0.,7.861008928571));
#11571 = SURFACE_CURVE('',#11572,(#11577,#11584),.PCURVE_S1.);
#11572 = CIRCLE('',#11573,3.5);
#11573 = AXIS2_PLACEMENT_3D('',#11574,#11575,#11576);
#11574 = CARTESIAN_POINT('',(23.5,0.,7.861008928571));
#11575 = DIRECTION('',(0.,0.,1.));
#11576 = DIRECTION('',(1.,0.,0.));
#11577 = PCURVE('',#11552,#11578);
#11578 = DEFINITIONAL_REPRESENTATION('',(#11579),#11583);
#11579 = LINE('',#11580,#11581);
#11580 = CARTESIAN_POINT('',(-0.,0.));
#11581 = VECTOR('',#11582,1.);
#11582 = DIRECTION('',(-1.,0.));
#11583 = ( GEOMETRIC_REPRESENTATION_CONTEXT(2) 
PARAMETRIC_REPRESENTATION_CONTEXT() REPRESENTATION_CONTEXT('2D SPACE',''
  ) );
#11584 = PCURVE('',#11585,#11590);
#11585 = PLANE('',#11586);
#11586 = AXIS2_PLACEMENT_3D('',#11587,#11588,#11589);
#11587 = CARTESIAN_POINT('',(23.5,-2.041077998579E-16,7.861008928571));
#11588 = DIRECTION('',(0.,0.,1.));
#11589 = DIRECTION('',(1.,0.,0.));
#11590 = DEFINITIONAL_REPRESENTATION('',(#11591),#11595);
#11591 = CIRCLE('',#11592,3.5);
#11592 = AXIS2_PLACEMENT_2D('',#11593,#11594);
#11593 = CARTESIAN_POINT('',(7.105427357601E-15,2.041077998579E-16));
#11594 = DIRECTION('',(1.,0.));
#11595 = ( GEOMETRIC_REPRESENTATION_CONTEXT(2) 
PARAMETRIC_REPRESENTATION_CONTEXT() REPRESENTATION_CONTEXT('2D SPACE',''
  ) );
#11596 = ORIENTED_EDGE('',*,*,#11597,.T.);
#11597 = EDGE_CURVE('',#11569,#11515,#11598,.T.);
#11598 = SEAM_CURVE('',#11599,(#11603,#11610),.PCURVE_S1.);
#11599 = LINE('',#11600,#11601);
#11600 = CARTESIAN_POINT('',(27.,0.,7.861008928571));
#11601 = VECTOR('',#11602,1.);
#11602 = DIRECTION('',(0.,0.,1.));
#11603 = PCURVE('',#11552,#11604);
#11604 = DEFINITIONAL_REPRESENTATION('',(#11605),#11609);
#11605 = LINE('',#11606,#11607);
#11606 = CARTESIAN_POINT('',(-6.28318530718,0.));
#11607 = VECTOR('',#11608,1.);
#11608 = DIRECTION('',(-0.,-1.));
#11609 = ( GEOMETRIC_REPRESENTATION_CONTEXT(2) 
PARAMETRIC_REPRESENTATION_CONTEXT() REPRESENTATION_CONTEXT('2D SPACE',''
  ) );
#11610 = PCURVE('',#11552,#11611);
#11611 = DEFINITIONAL_REPRESENTATION('',(#11612),#11616);
#11612 = LINE('',#11613,#11614);
#11613 = CARTESIAN_POINT('',(-0.,0.));
#11614 = VECTOR('',#11615,1.);
#11615 = DIRECTION('',(-0.,-1.));
#11616 = ( GEOMETRIC_REPRESENTATION_CONTEXT(2) 
PARAMETRIC_REPRESENTATION_CONTEXT() REPRESENTATION_CONTEXT('2D SPACE',''
  ) );
#11617 = ORIENTED_EDGE('',*,*,#11537,.T.);
#11618 = ORIENTED_EDGE('',*,*,#11597,.F.);
#11619 = ADVANCED_FACE('',(#11620),#11585,.T.);
#11620 = FACE_BOUND('',#11621,.T.);
#11621 = EDGE_LOOP('',(#11622));
#11622 = ORIENTED_EDGE('',*,*,#11568,.T.);
#11623 = ( GEOMETRIC_REPRESENTATION_CONTEXT(3) 
GLOBAL_UNCERTAINTY_ASSIGNED_CONTEXT((#11627)) 
GLOBAL_UNIT_ASSIGNED_CONTEXT((#11624,#11625,#11626)) 
REPRESENTATION_CONTEXT('Context #1',
  '3D Context with UNIT and UNCERTAINTY') );
#11624 = ( LENGTH_UNIT() NAMED_UNIT(*) SI_UNIT(.MILLI.,.METRE.) );
#11625 = ( NAMED_UNIT(*) PLANE_ANGLE_UNIT() SI_UNIT($,.RADIAN.) );
#11626 = ( NAMED_UNIT(*) SI_UNIT($,.STERADIAN.) SOLID_ANGLE_UNIT() );
#11627 = UNCERTAINTY_MEASURE_WITH_UNIT(LENGTH_MEASURE(2.E-06),#11624,
  'distance_accuracy_value','confusion accuracy');
#11628 = PRODUCT_RELATED_PRODUCT_CATEGORY('detail',$,(#7));
#11629 = PRODUCT_CATEGORY_RELATIONSHIP('','',#11630,#11628);
#11630 = PRODUCT_CATEGORY('part',$);
#11631 = CC_DESIGN_PERSON_AND_ORGANIZATION_ASSIGNMENT(#11632,#11635,(#6,
    #5));
#11632 = PERSON_AND_ORGANIZATION(#11633,#11634);
#11633 = PERSON('IP10.8.12,herrmann','','herrmann',$,$,$);
#11634 = ORGANIZATION('IP10.8.12','Unspecified','');
#11635 = PERSON_AND_ORGANIZATION_ROLE('creator');
#11636 = CC_DESIGN_PERSON_AND_ORGANIZATION_ASSIGNMENT(#11632,#11637,(#7)
  );
#11637 = PERSON_AND_ORGANIZATION_ROLE('design_owner');
#11638 = CC_DESIGN_PERSON_AND_ORGANIZATION_ASSIGNMENT(#11632,#11639,(#6)
  );
#11639 = PERSON_AND_ORGANIZATION_ROLE('design_supplier');
#11640 = CC_DESIGN_PERSON_AND_ORGANIZATION_ASSIGNMENT(#11632,#11641,(
    #11642));
#11641 = PERSON_AND_ORGANIZATION_ROLE('classification_officer');
#11642 = SECURITY_CLASSIFICATION('','',#11643);
#11643 = SECURITY_CLASSIFICATION_LEVEL('unclassified');
#11644 = CC_DESIGN_SECURITY_CLASSIFICATION(#11642,(#6));
#11645 = CC_DESIGN_DATE_AND_TIME_ASSIGNMENT(#11646,#11650,(#5));
#11646 = DATE_AND_TIME(#11647,#11648);
#11647 = CALENDAR_DATE(2022,3,2);
#11648 = LOCAL_TIME(13,28,$,#11649);
#11649 = COORDINATED_UNIVERSAL_TIME_OFFSET(1,$,.AHEAD.);
#11650 = DATE_TIME_ROLE('creation_date');
#11651 = CC_DESIGN_DATE_AND_TIME_ASSIGNMENT(#11646,#11652,(#11642));
#11652 = DATE_TIME_ROLE('classification_date');
#11653 = CC_DESIGN_APPROVAL(#11654,(#6,#5,#11642));
#11654 = APPROVAL(#11655,'');
#11655 = APPROVAL_STATUS('not_yet_approved');
#11656 = APPROVAL_PERSON_ORGANIZATION(#11632,#11654,#11657);
#11657 = APPROVAL_ROLE('approver');
#11658 = APPROVAL_DATE_TIME(#11646,#11654);
#11659 = MECHANICAL_DESIGN_GEOMETRIC_PRESENTATION_REPRESENTATION('',(
    #11660),#11623);
#11660 = STYLED_ITEM('color',(#11661),#15);
#11661 = PRESENTATION_STYLE_ASSIGNMENT((#11662,#11668));
#11662 = SURFACE_STYLE_USAGE(.BOTH.,#11663);
#11663 = SURFACE_SIDE_STYLE('',(#11664));
#11664 = SURFACE_STYLE_FILL_AREA(#11665);
#11665 = FILL_AREA_STYLE('',(#11666));
#11666 = FILL_AREA_STYLE_COLOUR('',#11667);
#11667 = COLOUR_RGB('',0.896443133065,0.778868164405,0.371441914706);
#11668 = CURVE_STYLE('',#11669,POSITIVE_LENGTH_MEASURE(0.1),#11670);
#11669 = DRAUGHTING_PRE_DEFINED_CURVE_FONT('continuous');
#11670 = COLOUR_RGB('',0.345868924627,0.345868924627,0.345868924627);
ENDSEC;
END-ISO-10303-21;
