ISO-10303-21;
HEADER;
FILE_DESCRIPTION(('FreeCAD Model'),'2;1');
FILE_NAME('Open CASCADE Shape Model','2022-02-03T15:31:28',(
    'Frederic Herrmann'),('KEB Automation KG'),
  'Open CASCADE STEP processor 7.5','FreeCAD','Unknown');
FILE_SCHEMA(('CONFIG_CONTROL_DESIGN','SHAPE_APPEARANCE_LAYER_MIM'));
ENDSEC;
DATA;
#1 = APPLICATION_PROTOCOL_DEFINITION('international standard',
  'config_control_design',1994,#2);
#2 = APPLICATION_CONTEXT(
'configuration controlled 3D designs of mechanical parts and assemblies'
  );
#3 = SHAPE_DEFINITION_REPRESENTATION(#4,#10);
#4 = PRODUCT_DEFINITION_SHAPE('','',#5);
#5 = PRODUCT_DEFINITION('design','',#6,#9);
#6 = PRODUCT_DEFINITION_FORMATION_WITH_SPECIFIED_SOURCE('','',#7,
  .NOT_KNOWN.);
#7 = PRODUCT('44R5 M5','44R5 M5','',(#8));
#8 = MECHANICAL_CONTEXT('',#2,'mechanical');
#9 = DESIGN_CONTEXT('',#2,'design');
#10 = ADVANCED_BREP_SHAPE_REPRESENTATION('',(#11,#15),#11369);
#11 = AXIS2_PLACEMENT_3D('',#12,#13,#14);
#12 = CARTESIAN_POINT('',(0.,0.,0.));
#13 = DIRECTION('',(0.,0.,1.));
#14 = DIRECTION('',(1.,0.,-0.));
#15 = MANIFOLD_SOLID_BREP('',#16);
#16 = CLOSED_SHELL('',(#17,#151,#722,#1197,#1248,#1297,#1480,#5027,#5246
    ,#5313,#5344,#5422,#5476,#5531,#5636,#5668,#5744,#5846,#6164,#6240,
    #6289,#6338,#6387,#6436,#6485,#6534,#6583,#6632,#6681,#6730,#6779,
    #6828,#6877,#6926,#6975,#7024,#7073,#7122,#7171,#7220,#7247,#7323,
    #7372,#7421,#7448,#7524,#7573,#7622,#7671,#7720,#7769,#7818,#7867,
    #7916,#7965,#8014,#8063,#8112,#8161,#8210,#8259,#8308,#8357,#8406,
    #8455,#8504,#8531,#8581,#8657,#8706,#8755,#8804,#8853,#8902,#8951,
    #9000,#9049,#9098,#9147,#9196,#9245,#9294,#9343,#9392,#9441,#9490,
    #9539,#9588,#9637,#9664,#9740,#9789,#9838,#9887,#9936,#9985,#10034,
    #10083,#10132,#10181,#10230,#10279,#10328,#10377,#10426,#10475,
    #10524,#10573,#10622,#10671,#10720,#10747,#10773,#10799,#10806,
    #10860,#10867,#10943,#10996,#11045,#11076,#11101,#11108,#11133,
    #11158,#11183,#11190,#11255,#11310,#11365));
#17 = ADVANCED_FACE('',(#18),#37,.T.);
#18 = FACE_BOUND('',#19,.F.);
#19 = EDGE_LOOP('',(#20,#70,#96,#125));
#20 = ORIENTED_EDGE('',*,*,#21,.F.);
#21 = EDGE_CURVE('',#22,#24,#26,.T.);
#22 = VERTEX_POINT('',#23);
#23 = CARTESIAN_POINT('',(27.113863341158,-3.457082962572,1.544570684932
    ));
#24 = VERTEX_POINT('',#25);
#25 = CARTESIAN_POINT('',(27.211330422244,-3.350526301492,1.649473698518
    ));
#26 = SURFACE_CURVE('',#27,(#36,#53),.PCURVE_S1.);
#27 = B_SPLINE_CURVE_WITH_KNOTS('',4,(#28,#29,#30,#31,#32,#33,#34,#35),
  .UNSPECIFIED.,.F.,.F.,(5,3,5),(0.,0.596174192807,1.),.UNSPECIFIED.);
#28 = CARTESIAN_POINT('',(27.113863341158,-3.457082962572,1.544570684932
    ));
#29 = CARTESIAN_POINT('',(27.128638972732,-3.441139597632,1.560023790298
    ));
#30 = CARTESIAN_POINT('',(27.143315297067,-3.42521960529,1.575549421404)
  );
#31 = CARTESIAN_POINT('',(27.15789270865,-3.409324027711,1.591147388984)
  );
#32 = CARTESIAN_POINT('',(27.182178998068,-3.382704150144,1.617431940531
    ));
#33 = CARTESIAN_POINT('',(27.191941210623,-3.371966053601,1.628079449219
    ));
#34 = CARTESIAN_POINT('',(27.201658317216,-3.36123998941,1.638760045078)
  );
#35 = CARTESIAN_POINT('',(27.211330422248,-3.350526301496,1.649473698522
    ));
#36 = PCURVE('',#37,#42);
#37 = CYLINDRICAL_SURFACE('',#38,11.0625);
#38 = AXIS2_PLACEMENT_3D('',#39,#40,#41);
#39 = CARTESIAN_POINT('',(19.,4.0625,0.));
#40 = DIRECTION('',(-0.,-0.,-1.));
#41 = DIRECTION('',(1.,0.,0.));
#42 = DEFINITIONAL_REPRESENTATION('',(#43),#52);
#43 = B_SPLINE_CURVE_WITH_KNOTS('',4,(#44,#45,#46,#47,#48,#49,#50,#51),
  .UNSPECIFIED.,.F.,.F.,(5,3,5),(0.,0.596174192807,1.),.UNSPECIFIED.);
#44 = CARTESIAN_POINT('',(-5.535782245202,-1.544570684932));
#45 = CARTESIAN_POINT('',(-5.537747198797,-1.560023790298));
#46 = CARTESIAN_POINT('',(-5.539704500819,-1.575549421404));
#47 = CARTESIAN_POINT('',(-5.541654126641,-1.591147388984));
#48 = CARTESIAN_POINT('',(-5.544911428068,-1.617431940531));
#49 = CARTESIAN_POINT('',(-5.546223274423,-1.628079449219));
#50 = CARTESIAN_POINT('',(-5.547531575247,-1.638760045078));
#51 = CARTESIAN_POINT('',(-5.548836319712,-1.649473698522));
#52 = ( GEOMETRIC_REPRESENTATION_CONTEXT(2) 
PARAMETRIC_REPRESENTATION_CONTEXT() REPRESENTATION_CONTEXT('2D SPACE',''
  ) );
#53 = PCURVE('',#54,#59);
#54 = CYLINDRICAL_SURFACE('',#55,5.);
#55 = AXIS2_PLACEMENT_3D('',#56,#57,#58);
#56 = CARTESIAN_POINT('',(23.5,10.,5.));
#57 = DIRECTION('',(0.,1.,-1.110223024625E-15));
#58 = DIRECTION('',(1.,0.,0.));
#59 = DEFINITIONAL_REPRESENTATION('',(#60),#69);
#60 = B_SPLINE_CURVE_WITH_KNOTS('',4,(#61,#62,#63,#64,#65,#66,#67,#68),
  .UNSPECIFIED.,.F.,.F.,(5,3,5),(0.,0.596174192807,1.),.UNSPECIFIED.);
#61 = CARTESIAN_POINT('',(-5.520194973781,-13.45708296257));
#62 = CARTESIAN_POINT('',(-5.52447103624,-13.44113959763));
#63 = CARTESIAN_POINT('',(-5.528743856669,-13.42521960529));
#64 = CARTESIAN_POINT('',(-5.533013670666,-13.40932402771));
#65 = CARTESIAN_POINT('',(-5.540171048688,-13.38270415014));
#66 = CARTESIAN_POINT('',(-5.543060111745,-13.3719660536));
#67 = CARTESIAN_POINT('',(-5.545947977408,-13.36123998941));
#68 = CARTESIAN_POINT('',(-5.548834719419,-13.35052630149));
#69 = ( GEOMETRIC_REPRESENTATION_CONTEXT(2) 
PARAMETRIC_REPRESENTATION_CONTEXT() REPRESENTATION_CONTEXT('2D SPACE',''
  ) );
#70 = ORIENTED_EDGE('',*,*,#71,.F.);
#71 = EDGE_CURVE('',#72,#22,#74,.T.);
#72 = VERTEX_POINT('',#73);
#73 = CARTESIAN_POINT('',(27.113863341158,-3.457082962572,2.861008928571
    ));
#74 = SURFACE_CURVE('',#75,(#79,#85),.PCURVE_S1.);
#75 = LINE('',#76,#77);
#76 = CARTESIAN_POINT('',(27.113863341158,-3.457082962572,
    -3.715350902335E-15));
#77 = VECTOR('',#78,1.);
#78 = DIRECTION('',(-0.,-0.,-1.));
#79 = PCURVE('',#37,#80);
#80 = DEFINITIONAL_REPRESENTATION('',(#81),#84);
#81 = B_SPLINE_CURVE_WITH_KNOTS('',1,(#82,#83),.UNSPECIFIED.,.F.,.F.,(2,
    2),(-2.861009558363,6.297917765554E-07),.PIECEWISE_BEZIER_KNOTS.);
#82 = CARTESIAN_POINT('',(-5.535782245202,-2.861009558363));
#83 = CARTESIAN_POINT('',(-5.535782245202,6.297917802707E-07));
#84 = ( GEOMETRIC_REPRESENTATION_CONTEXT(2) 
PARAMETRIC_REPRESENTATION_CONTEXT() REPRESENTATION_CONTEXT('2D SPACE',''
  ) );
#85 = PCURVE('',#86,#91);
#86 = PLANE('',#87);
#87 = AXIS2_PLACEMENT_3D('',#88,#89,#90);
#88 = CARTESIAN_POINT('',(27.348056396562,-3.681117166835,1.430504414242
    ));
#89 = DIRECTION('',(-0.691260438811,-0.722605705579,2.121855096095E-14)
  );
#90 = DIRECTION('',(-0.722605705579,0.691260438811,-1.577721810442E-30)
  );
#91 = DEFINITIONAL_REPRESENTATION('',(#92),#95);
#92 = B_SPLINE_CURVE_WITH_KNOTS('',1,(#93,#94),.UNSPECIFIED.,.F.,.F.,(2,
    2),(-2.861009558363,6.297917765554E-07),.PIECEWISE_BEZIER_KNOTS.);
#93 = CARTESIAN_POINT('',(0.324095220389,-1.430505144121));
#94 = CARTESIAN_POINT('',(0.324095220389,1.430505044034));
#95 = ( GEOMETRIC_REPRESENTATION_CONTEXT(2) 
PARAMETRIC_REPRESENTATION_CONTEXT() REPRESENTATION_CONTEXT('2D SPACE',''
  ) );
#96 = ORIENTED_EDGE('',*,*,#97,.T.);
#97 = EDGE_CURVE('',#72,#98,#100,.T.);
#98 = VERTEX_POINT('',#99);
#99 = CARTESIAN_POINT('',(27.211330422244,-3.350526301492,2.861008928571
    ));
#100 = SURFACE_CURVE('',#101,(#106,#113),.PCURVE_S1.);
#101 = CIRCLE('',#102,11.0625);
#102 = AXIS2_PLACEMENT_3D('',#103,#104,#105);
#103 = CARTESIAN_POINT('',(19.,4.0625,2.861008928571));
#104 = DIRECTION('',(0.,0.,1.));
#105 = DIRECTION('',(1.,0.,0.));
#106 = PCURVE('',#37,#107);
#107 = DEFINITIONAL_REPRESENTATION('',(#108),#112);
#108 = LINE('',#109,#110);
#109 = CARTESIAN_POINT('',(-0.,-2.861008928571));
#110 = VECTOR('',#111,1.);
#111 = DIRECTION('',(-1.,0.));
#112 = ( GEOMETRIC_REPRESENTATION_CONTEXT(2) 
PARAMETRIC_REPRESENTATION_CONTEXT() REPRESENTATION_CONTEXT('2D SPACE',''
  ) );
#113 = PCURVE('',#114,#119);
#114 = PLANE('',#115);
#115 = AXIS2_PLACEMENT_3D('',#116,#117,#118);
#116 = CARTESIAN_POINT('',(12.519539071962,5.574809717181E-09,
    2.861008928571));
#117 = DIRECTION('',(0.,0.,1.));
#118 = DIRECTION('',(1.,0.,0.));
#119 = DEFINITIONAL_REPRESENTATION('',(#120),#124);
#120 = CIRCLE('',#121,11.0625);
#121 = AXIS2_PLACEMENT_2D('',#122,#123);
#122 = CARTESIAN_POINT('',(6.480460928038,4.062499994425));
#123 = DIRECTION('',(1.,0.));
#124 = ( GEOMETRIC_REPRESENTATION_CONTEXT(2) 
PARAMETRIC_REPRESENTATION_CONTEXT() REPRESENTATION_CONTEXT('2D SPACE',''
  ) );
#125 = ORIENTED_EDGE('',*,*,#126,.F.);
#126 = EDGE_CURVE('',#24,#98,#127,.T.);
#127 = SURFACE_CURVE('',#128,(#132,#139),.PCURVE_S1.);
#128 = LINE('',#129,#130);
#129 = CARTESIAN_POINT('',(27.211330422244,-3.350526301492,0.));
#130 = VECTOR('',#131,1.);
#131 = DIRECTION('',(0.,0.,1.));
#132 = PCURVE('',#37,#133);
#133 = DEFINITIONAL_REPRESENTATION('',(#134),#138);
#134 = LINE('',#135,#136);
#135 = CARTESIAN_POINT('',(-5.548836319712,0.));
#136 = VECTOR('',#137,1.);
#137 = DIRECTION('',(-0.,-1.));
#138 = ( GEOMETRIC_REPRESENTATION_CONTEXT(2) 
PARAMETRIC_REPRESENTATION_CONTEXT() REPRESENTATION_CONTEXT('2D SPACE',''
  ) );
#139 = PCURVE('',#140,#145);
#140 = CYLINDRICAL_SURFACE('',#141,5.);
#141 = AXIS2_PLACEMENT_3D('',#142,#143,#144);
#142 = CARTESIAN_POINT('',(23.5,0.,7.861008928571));
#143 = DIRECTION('',(-0.,-0.,-1.));
#144 = DIRECTION('',(1.,0.,0.));
#145 = DEFINITIONAL_REPRESENTATION('',(#146),#150);
#146 = LINE('',#147,#148);
#147 = CARTESIAN_POINT('',(-5.548834719416,7.861008928571));
#148 = VECTOR('',#149,1.);
#149 = DIRECTION('',(-0.,-1.));
#150 = ( GEOMETRIC_REPRESENTATION_CONTEXT(2) 
PARAMETRIC_REPRESENTATION_CONTEXT() REPRESENTATION_CONTEXT('2D SPACE',''
  ) );
#151 = ADVANCED_FACE('',(#152),#54,.T.);
#152 = FACE_BOUND('',#153,.F.);
#153 = EDGE_LOOP('',(#154,#253,#281,#390,#430,#455,#456,#505,#555,#605,
    #654));
#154 = ORIENTED_EDGE('',*,*,#155,.T.);
#155 = EDGE_CURVE('',#156,#158,#160,.T.);
#156 = VERTEX_POINT('',#157);
#157 = CARTESIAN_POINT('',(25.064221511064,5.189749659033,0.250977883361
    ));
#158 = VERTEX_POINT('',#159);
#159 = CARTESIAN_POINT('',(23.5,5.515574480798,9.902324822305E-14));
#160 = SURFACE_CURVE('',#161,(#188,#218),.PCURVE_S1.);
#161 = B_SPLINE_CURVE_WITH_KNOTS('',5,(#162,#163,#164,#165,#166,#167,
    #168,#169,#170,#171,#172,#173,#174,#175,#176,#177,#178,#179,#180,
    #181,#182,#183,#184,#185,#186,#187),.UNSPECIFIED.,.F.,.F.,(6,4,4,4,4
    ,4,6),(0.,0.354098030834,0.710047170877,0.971234201388,
    0.986416156056,0.993499863796,1.),.UNSPECIFIED.);
#162 = CARTESIAN_POINT('',(25.679451154903,4.871735852904,0.500000815179
    ));
#163 = CARTESIAN_POINT('',(25.561358762355,4.952807675161,0.442806006179
    ));
#164 = CARTESIAN_POINT('',(25.434159789551,5.027645333883,0.385982984551
    ));
#165 = CARTESIAN_POINT('',(25.298510592067,5.095768292365,0.331022261444
    ));
#166 = CARTESIAN_POINT('',(25.155293259321,5.157057388232,0.279340366837
    ));
#167 = CARTESIAN_POINT('',(24.855243183961,5.266617500792,0.184587538397
    ));
#168 = CARTESIAN_POINT('',(24.698319682989,5.31482664209,0.141555302821)
  );
#169 = CARTESIAN_POINT('',(24.536035652197,5.356511429817,0.104159796812
    ));
#170 = CARTESIAN_POINT('',(24.369609353453,5.392215464459,
    7.323149347327E-02));
#171 = CARTESIAN_POINT('',(24.075918032612,5.444983480665,
    3.16927123605E-02));
#172 = CARTESIAN_POINT('',(23.950016438005,5.464480647579,
    1.786452155783E-02));
#173 = CARTESIAN_POINT('',(23.822963584217,5.481426804391,
    7.987183920204E-03));
#174 = CARTESIAN_POINT('',(23.695181830351,5.496157074882,
    2.168130474622E-03));
#175 = CARTESIAN_POINT('',(23.559607794679,5.509784713531,
    3.497735174148E-04));
#176 = CARTESIAN_POINT('',(23.552159054281,5.510527074879,
    2.637392614456E-04));
#177 = CARTESIAN_POINT('',(23.544709224481,5.511263253494,
    1.915680215359E-04));
#178 = CARTESIAN_POINT('',(23.537258380459,5.511993321473,
    1.332673628266E-04));
#179 = CARTESIAN_POINT('',(23.526329689237,5.513055174411,
    6.81167861712E-05));
#180 = CARTESIAN_POINT('',(23.522852722881,5.513391668835,
    5.04114938956E-05));
#181 = CARTESIAN_POINT('',(23.519375709326,5.513726841761,
    3.572844430118E-05));
#182 = CARTESIAN_POINT('',(23.515898659949,5.514060700431,
    2.406778541142E-05));
#183 = CARTESIAN_POINT('',(23.509230961337,5.514698407455,
    7.50305578737E-06));
#184 = CARTESIAN_POINT('',(23.508004477313,5.515139466381,
    4.853762335771E-06));
#185 = CARTESIAN_POINT('',(23.505506401404,5.515118459088,
    2.645244689389E-06));
#186 = CARTESIAN_POINT('',(23.501750549039,5.514892775353,
    9.970021925861E-11));
#187 = CARTESIAN_POINT('',(23.500000283725,5.515575164535,
    3.814726312612E-13));
#188 = PCURVE('',#54,#189);
#189 = DEFINITIONAL_REPRESENTATION('',(#190),#217);
#190 = B_SPLINE_CURVE_WITH_KNOTS('',5,(#191,#192,#193,#194,#195,#196,
    #197,#198,#199,#200,#201,#202,#203,#204,#205,#206,#207,#208,#209,
    #210,#211,#212,#213,#214,#215,#216),.UNSPECIFIED.,.F.,.F.,(6,4,4,4,4
    ,4,6),(0.,0.354098030834,0.710047170877,0.971234201388,
    0.986416156056,0.993499863796,1.),.UNSPECIFIED.);
#191 = CARTESIAN_POINT('',(-5.163416166211,-5.128264147096));
#192 = CARTESIAN_POINT('',(-5.137173407701,-5.047192324839));
#193 = CARTESIAN_POINT('',(-5.109323782185,-4.972354666117));
#194 = CARTESIAN_POINT('',(-5.080078327855,-4.904231707635));
#195 = CARTESIAN_POINT('',(-5.04965190477,-4.842942611768));
#196 = CARTESIAN_POINT('',(-4.986720784894,-4.733382499208));
#197 = CARTESIAN_POINT('',(-4.954201206186,-4.68517335791));
#198 = CARTESIAN_POINT('',(-4.920933377312,-4.643488570183));
#199 = CARTESIAN_POINT('',(-4.88710987871,-4.607784535541));
#200 = CARTESIAN_POINT('',(-4.8277870122,-4.555016519335));
#201 = CARTESIAN_POINT('',(-4.802467533463,-4.535519352421));
#202 = CARTESIAN_POINT('',(-4.776997720817,-4.518573195609));
#203 = CARTESIAN_POINT('',(-4.751428053254,-4.503842925118));
#204 = CARTESIAN_POINT('',(-4.724310807398,-4.490215286469));
#205 = CARTESIAN_POINT('',(-4.722820962532,-4.489472925121));
#206 = CARTESIAN_POINT('',(-4.721330930103,-4.488736746506));
#207 = CARTESIAN_POINT('',(-4.719840718268,-4.488006678527));
#208 = CARTESIAN_POINT('',(-4.717654941185,-4.486944825589));
#209 = CARTESIAN_POINT('',(-4.71695953916,-4.486608331165));
#210 = CARTESIAN_POINT('',(-4.716264130599,-4.486273158239));
#211 = CARTESIAN_POINT('',(-4.715568717076,-4.485939299569));
#212 = CARTESIAN_POINT('',(-4.714235173238,-4.485301592545));
#213 = CARTESIAN_POINT('',(-4.713989876159,-4.484860533619));
#214 = CARTESIAN_POINT('',(-4.713490260939,-4.484881540912));
#215 = CARTESIAN_POINT('',(-4.712739090193,-4.485107224647));
#216 = CARTESIAN_POINT('',(-4.71238903713,-4.484424835465));
#217 = ( GEOMETRIC_REPRESENTATION_CONTEXT(2) 
PARAMETRIC_REPRESENTATION_CONTEXT() REPRESENTATION_CONTEXT('2D SPACE',''
  ) );
#218 = PCURVE('',#219,#224);
#219 = TOROIDAL_SURFACE('',#220,11.621502163205,0.5);
#220 = AXIS2_PLACEMENT_3D('',#221,#222,#223);
#221 = CARTESIAN_POINT('',(18.818984068329,-5.121502163205,0.5));
#222 = DIRECTION('',(0.,0.,1.));
#223 = DIRECTION('',(1.,-6.501877519412E-09,0.));
#224 = DEFINITIONAL_REPRESENTATION('',(#225),#252);
#225 = B_SPLINE_CURVE_WITH_KNOTS('',5,(#226,#227,#228,#229,#230,#231,
    #232,#233,#234,#235,#236,#237,#238,#239,#240,#241,#242,#243,#244,
    #245,#246,#247,#248,#249,#250,#251),.UNSPECIFIED.,.F.,.F.,(6,4,4,4,4
    ,4,6),(0.,0.354098030834,0.710047170877,0.971234201388,
    0.986416156056,0.993499863796,1.),.UNSPECIFIED.);
#226 = CARTESIAN_POINT('',(0.969180923005,6.283186937538));
#227 = CARTESIAN_POINT('',(0.98099815793,6.168797319537));
#228 = CARTESIAN_POINT('',(0.993143684006,6.055150867729));
#229 = CARTESIAN_POINT('',(1.005593673886,5.942113275567));
#230 = CARTESIAN_POINT('',(1.018329556116,5.829630739567));
#231 = CARTESIAN_POINT('',(1.044377758396,5.6051854669));
#232 = CARTESIAN_POINT('',(1.057694718257,5.493211908293));
#233 = CARTESIAN_POINT('',(1.071240433978,5.381765942837));
#234 = CARTESIAN_POINT('',(1.084987102,5.270763350823));
#235 = CARTESIAN_POINT('',(1.10911126377,5.078842744733));
#236 = CARTESIAN_POINT('',(1.119411957415,4.997778578741));
#237 = CARTESIAN_POINT('',(1.129791273763,4.916813840544));
#238 = CARTESIAN_POINT('',(1.140237077315,4.835860633901));
#239 = CARTESIAN_POINT('',(1.151346645178,4.750091015303));
#240 = CARTESIAN_POINT('',(1.151957114917,4.745379023382));
#241 = CARTESIAN_POINT('',(1.152567762824,4.74066665412));
#242 = CARTESIAN_POINT('',(1.153178586329,4.735953884326));
#243 = CARTESIAN_POINT('',(1.154074666089,4.72904157394));
#244 = CARTESIAN_POINT('',(1.154359775028,4.726842457379));
#245 = CARTESIAN_POINT('',(1.154644909092,4.724643340802));
#246 = CARTESIAN_POINT('',(1.154930067703,4.722444224209));
#247 = CARTESIAN_POINT('',(1.155476938885,4.718227159092));
#248 = CARTESIAN_POINT('',(1.155588762525,4.71804444519));
#249 = CARTESIAN_POINT('',(1.155784729998,4.715991864818));
#250 = CARTESIAN_POINT('',(1.156072654536,4.712551019961));
#251 = CARTESIAN_POINT('',(1.156234153803,4.712390215659));
#252 = ( GEOMETRIC_REPRESENTATION_CONTEXT(2) 
PARAMETRIC_REPRESENTATION_CONTEXT() REPRESENTATION_CONTEXT('2D SPACE',''
  ) );
#253 = ORIENTED_EDGE('',*,*,#254,.T.);
#254 = EDGE_CURVE('',#158,#255,#257,.T.);
#255 = VERTEX_POINT('',#256);
#256 = CARTESIAN_POINT('',(23.499999999999,-5.451981441111,
    1.03251841211E-13));
#257 = SURFACE_CURVE('',#258,(#262,#269),.PCURVE_S1.);
#258 = LINE('',#259,#260);
#259 = CARTESIAN_POINT('',(23.499999999999,10.,1.7807977315E-13));
#260 = VECTOR('',#261,1.);
#261 = DIRECTION('',(0.,-1.,1.110223024625E-15));
#262 = PCURVE('',#54,#263);
#263 = DEFINITIONAL_REPRESENTATION('',(#264),#268);
#264 = LINE('',#265,#266);
#265 = CARTESIAN_POINT('',(-4.712388980384,0.));
#266 = VECTOR('',#267,1.);
#267 = DIRECTION('',(-0.,-1.));
#268 = ( GEOMETRIC_REPRESENTATION_CONTEXT(2) 
PARAMETRIC_REPRESENTATION_CONTEXT() REPRESENTATION_CONTEXT('2D SPACE',''
  ) );
#269 = PCURVE('',#270,#275);
#270 = PLANE('',#271);
#271 = AXIS2_PLACEMENT_3D('',#272,#273,#274);
#272 = CARTESIAN_POINT('',(12.519539071962,5.574809717181E-09,0.));
#273 = DIRECTION('',(0.,0.,1.));
#274 = DIRECTION('',(1.,0.,0.));
#275 = DEFINITIONAL_REPRESENTATION('',(#276),#280);
#276 = LINE('',#277,#278);
#277 = CARTESIAN_POINT('',(10.980460928037,9.999999994425));
#278 = VECTOR('',#279,1.);
#279 = DIRECTION('',(0.,-1.));
#280 = ( GEOMETRIC_REPRESENTATION_CONTEXT(2) 
PARAMETRIC_REPRESENTATION_CONTEXT() REPRESENTATION_CONTEXT('2D SPACE',''
  ) );
#281 = ORIENTED_EDGE('',*,*,#282,.F.);
#282 = EDGE_CURVE('',#283,#255,#285,.T.);
#283 = VERTEX_POINT('',#284);
#284 = CARTESIAN_POINT('',(25.679434617706,-4.724097675095,
    0.499992805879));
#285 = SURFACE_CURVE('',#286,(#317,#351),.PCURVE_S1.);
#286 = B_SPLINE_CURVE_WITH_KNOTS('',5,(#287,#288,#289,#290,#291,#292,
    #293,#294,#295,#296,#297,#298,#299,#300,#301,#302,#303,#304,#305,
    #306,#307,#308,#309,#310,#311,#312,#313,#314,#315,#316),
  .UNSPECIFIED.,.F.,.F.,(6,4,4,4,4,4,4,6),(0.,0.247345611798,
    0.496593291181,0.747373482875,0.971442541631,0.986483828947,
    0.993501334361,1.),.UNSPECIFIED.);
#287 = CARTESIAN_POINT('',(25.679434836197,-4.724097512166,
    0.499992911698));
#288 = CARTESIAN_POINT('',(25.597961709773,-4.784837717291,
    0.460534003894));
#289 = CARTESIAN_POINT('',(25.512026436918,-4.842646602661,
    0.421190366891));
#290 = CARTESIAN_POINT('',(25.421805589337,-4.897348057379,
    0.382446272442));
#291 = CARTESIAN_POINT('',(25.327534299376,-4.948835319132,
    0.344784765656));
#292 = CARTESIAN_POINT('',(25.130769993745,-5.045681443576,0.27224491246
    ));
#293 = CARTESIAN_POINT('',(25.028214938925,-5.090992264987,
    0.237388499905));
#294 = CARTESIAN_POINT('',(24.922187085918,-5.132968167263,
    0.204543350913));
#295 = CARTESIAN_POINT('',(24.81306052619,-5.171661119272,0.174117746731
    ));
#296 = CARTESIAN_POINT('',(24.588751324103,-5.242940730289,
    0.118601463195));
#297 = CARTESIAN_POINT('',(24.473531273047,-5.275489681613,
    9.354367295187E-02));
#298 = CARTESIAN_POINT('',(24.356008029307,-5.304962337067,
    7.161072378803E-02));
#299 = CARTESIAN_POINT('',(24.236609273763,-5.331560338075,
    5.305770974031E-02));
#300 = CARTESIAN_POINT('',(24.007768798384,-5.376951762977,
    2.465971659935E-02));
#301 = CARTESIAN_POINT('',(23.898619512268,-5.396275038679,
    1.409754607018E-02));
#302 = CARTESIAN_POINT('',(23.788600060259,-5.413681177129,
    6.498605920705E-03));
#303 = CARTESIAN_POINT('',(23.677991313173,-5.429379993474,
    1.937570101807E-03));
#304 = CARTESIAN_POINT('',(23.559608648273,-5.444556550149,
    3.497847203387E-04));
#305 = CARTESIAN_POINT('',(23.552160287076,-5.445504579634,
    2.637527395688E-04));
#306 = CARTESIAN_POINT('',(23.544710530758,-5.446446023843,
    1.915794142251E-04));
#307 = CARTESIAN_POINT('',(23.537259458251,-5.447380952985,
    1.332746095147E-04));
#308 = CARTESIAN_POINT('',(23.526330276397,-5.448742621814,
    6.811990326506E-05));
#309 = CARTESIAN_POINT('',(23.522853346078,-5.449174376909,
    5.041437991118E-05));
#310 = CARTESIAN_POINT('',(23.519376368558,-5.44960471009,
    3.573103657948E-05));
#311 = CARTESIAN_POINT('',(23.515899355215,-5.450033628482,
    2.40700212979E-05));
#312 = CARTESIAN_POINT('',(23.509202354658,-5.450857041957,
    7.4315166165E-06));
#313 = CARTESIAN_POINT('',(23.508052190929,-5.451324542319,
    4.863673851285E-06));
#314 = CARTESIAN_POINT('',(23.505533923192,-5.451372235164,
    2.691095766753E-06));
#315 = CARTESIAN_POINT('',(23.501681401514,-5.451256581,
    7.628666883575E-11));
#316 = CARTESIAN_POINT('',(23.500000229061,-5.451981906004,
    3.894107258873E-13));
#317 = PCURVE('',#54,#318);
#318 = DEFINITIONAL_REPRESENTATION('',(#319),#350);
#319 = B_SPLINE_CURVE_WITH_KNOTS('',5,(#320,#321,#322,#323,#324,#325,
    #326,#327,#328,#329,#330,#331,#332,#333,#334,#335,#336,#337,#338,
    #339,#340,#341,#342,#343,#344,#345,#346,#347,#348,#349),
  .UNSPECIFIED.,.F.,.F.,(6,4,4,4,4,4,4,6),(0.,0.247345611798,
    0.496593291181,0.747373482875,0.971442541631,0.986483828947,
    0.993501334361,1.),.UNSPECIFIED.);
#320 = CARTESIAN_POINT('',(-5.163412539834,-14.72409751216));
#321 = CARTESIAN_POINT('',(-5.145307429247,-14.78483771729));
#322 = CARTESIAN_POINT('',(-5.126409167929,-14.84264660266));
#323 = CARTESIAN_POINT('',(-5.10677946921,-14.89734805737));
#324 = CARTESIAN_POINT('',(-5.086483644202,-14.94883531913));
#325 = CARTESIAN_POINT('',(-5.044541673684,-15.04568144357));
#326 = CARTESIAN_POINT('',(-5.022885407611,-15.09099226498));
#327 = CARTESIAN_POINT('',(-5.000697208745,-15.13296816726));
#328 = CARTESIAN_POINT('',(-4.978049195848,-15.17166111927));
#329 = CARTESIAN_POINT('',(-4.931833754326,-15.24294073028));
#330 = CARTESIAN_POINT('',(-4.908260652636,-15.27548968161));
#331 = CARTESIAN_POINT('',(-4.884364608181,-15.30496233706));
#332 = CARTESIAN_POINT('',(-4.86020966691,-15.33156033807));
#333 = CARTESIAN_POINT('',(-4.814090512891,-15.37695176297));
#334 = CARTESIAN_POINT('',(-4.792166679602,-15.39627503867));
#335 = CARTESIAN_POINT('',(-4.770121636784,-15.41368117712));
#336 = CARTESIAN_POINT('',(-4.747989640603,-15.42937999347));
#337 = CARTESIAN_POINT('',(-4.724310978131,-15.44455655014));
#338 = CARTESIAN_POINT('',(-4.722821209106,-15.44550457963));
#339 = CARTESIAN_POINT('',(-4.721331191368,-15.44644602384));
#340 = CARTESIAN_POINT('',(-4.719840933831,-15.44738095298));
#341 = CARTESIAN_POINT('',(-4.717655058618,-15.44874262181));
#342 = CARTESIAN_POINT('',(-4.716959663801,-15.4491743769));
#343 = CARTESIAN_POINT('',(-4.716264262447,-15.44960471009));
#344 = CARTESIAN_POINT('',(-4.71556885613,-15.45003362848));
#345 = CARTESIAN_POINT('',(-4.714229451885,-15.45085704195));
#346 = CARTESIAN_POINT('',(-4.713999418884,-15.45132454231));
#347 = CARTESIAN_POINT('',(-4.713495765308,-15.45137223516));
#348 = CARTESIAN_POINT('',(-4.712725260688,-15.451256581));
#349 = CARTESIAN_POINT('',(-4.712389026197,-15.451981906));
#350 = ( GEOMETRIC_REPRESENTATION_CONTEXT(2) 
PARAMETRIC_REPRESENTATION_CONTEXT() REPRESENTATION_CONTEXT('2D SPACE',''
  ) );
#351 = PCURVE('',#352,#357);
#352 = TOROIDAL_SURFACE('',#353,10.977976313922,0.5);
#353 = AXIS2_PLACEMENT_3D('',#354,#355,#356);
#354 = CARTESIAN_POINT('',(18.818984591395,4.477976313901,0.5));
#355 = DIRECTION('',(0.,0.,1.));
#356 = DIRECTION('',(1.,9.219299671302E-09,0.));
#357 = DEFINITIONAL_REPRESENTATION('',(#358),#389);
#358 = B_SPLINE_CURVE_WITH_KNOTS('',5,(#359,#360,#361,#362,#363,#364,
    #365,#366,#367,#368,#369,#370,#371,#372,#373,#374,#375,#376,#377,
    #378,#379,#380,#381,#382,#383,#384,#385,#386,#387,#388),
  .UNSPECIFIED.,.F.,.F.,(6,4,4,4,4,4,4,6),(0.,0.247345611798,
    0.496593291181,0.747373482875,0.971442541631,0.986483828947,
    0.993501334361,1.),.UNSPECIFIED.);
#359 = CARTESIAN_POINT('',(5.35302510238,6.283171130576));
#360 = CARTESIAN_POINT('',(5.344171360212,6.204253314959));
#361 = CARTESIAN_POINT('',(5.335158587175,6.125565767059));
#362 = CARTESIAN_POINT('',(5.325991847146,6.047054136585));
#363 = CARTESIAN_POINT('',(5.316675561414,5.968692586986));
#364 = CARTESIAN_POINT('',(5.297686054473,5.811658807542));
#365 = CARTESIAN_POINT('',(5.288010221212,5.732985398912));
#366 = CARTESIAN_POINT('',(5.278197312095,5.654452397689));
#367 = CARTESIAN_POINT('',(5.268255032017,5.576053366379));
#368 = CARTESIAN_POINT('',(5.248070555458,5.41902874707));
#369 = CARTESIAN_POINT('',(5.237826509479,5.340401786325));
#370 = CARTESIAN_POINT('',(5.227471772061,5.261891705918));
#371 = CARTESIAN_POINT('',(5.217016510618,5.183468886172));
#372 = CARTESIAN_POINT('',(5.197051301678,5.035053372428));
#373 = CARTESIAN_POINT('',(5.187559140274,4.965051436508));
#374 = CARTESIAN_POINT('',(5.178003903707,4.895045695689));
#375 = CARTESIAN_POINT('',(5.168393840164,4.824985217521));
#376 = CARTESIAN_POINT('',(5.15808980028,4.750091555315));
#377 = CARTESIAN_POINT('',(5.157441415999,4.745379803216));
#378 = CARTESIAN_POINT('',(5.156792827985,4.740667480378));
#379 = CARTESIAN_POINT('',(5.156144038976,4.735954566032));
#380 = CARTESIAN_POINT('',(5.155192267033,4.72904194531));
#381 = CARTESIAN_POINT('',(5.154889457547,4.726842851538));
#382 = CARTESIAN_POINT('',(5.15458662385,4.724643757749));
#383 = CARTESIAN_POINT('',(5.154283766524,4.722444663943));
#384 = CARTESIAN_POINT('',(5.153700399266,4.71820906646));
#385 = CARTESIAN_POINT('',(5.15358753713,4.718071797788));
#386 = CARTESIAN_POINT('',(5.153378245584,4.716008684356));
#387 = CARTESIAN_POINT('',(5.153065375305,4.712511771241));
#388 = CARTESIAN_POINT('',(5.152898681807,4.712390228348));
#389 = ( GEOMETRIC_REPRESENTATION_CONTEXT(2) 
PARAMETRIC_REPRESENTATION_CONTEXT() REPRESENTATION_CONTEXT('2D SPACE',''
  ) );
#390 = ORIENTED_EDGE('',*,*,#391,.T.);
#391 = EDGE_CURVE('',#283,#392,#394,.T.);
#392 = VERTEX_POINT('',#393);
#393 = CARTESIAN_POINT('',(27.113037428241,-3.456292890132,
    1.543707109904));
#394 = SURFACE_CURVE('',#395,(#403,#414),.PCURVE_S1.);
#395 = B_SPLINE_CURVE_WITH_KNOTS('',6,(#396,#397,#398,#399,#400,#401,
    #402),.UNSPECIFIED.,.F.,.F.,(7,7),(0.,1.),.PIECEWISE_BEZIER_KNOTS.);
#396 = CARTESIAN_POINT('',(25.679434617706,-4.724097675095,
    0.499992805879));
#397 = CARTESIAN_POINT('',(25.963099512474,-4.512616128967,
    0.637376828796));
#398 = CARTESIAN_POINT('',(26.227637170081,-4.299068795306,0.79198826051
    ));
#399 = CARTESIAN_POINT('',(26.47392041583,-4.085246651503,0.961188123892
    ));
#400 = CARTESIAN_POINT('',(26.703031222904,-3.872587814825,1.14335052838
    ));
#401 = CARTESIAN_POINT('',(26.915877082992,-3.662393575498,
    1.337605448558));
#402 = CARTESIAN_POINT('',(27.113037428241,-3.456292890132,
    1.543707109904));
#403 = PCURVE('',#54,#404);
#404 = DEFINITIONAL_REPRESENTATION('',(#405),#413);
#405 = B_SPLINE_CURVE_WITH_KNOTS('',6,(#406,#407,#408,#409,#410,#411,
    #412),.UNSPECIFIED.,.F.,.F.,(7,7),(0.,1.),.PIECEWISE_BEZIER_KNOTS.);
#406 = CARTESIAN_POINT('',(-5.163412491281,-14.72409767509));
#407 = CARTESIAN_POINT('',(-5.226449033786,-14.51261612896));
#408 = CARTESIAN_POINT('',(-5.287544587228,-14.2990687953));
#409 = CARTESIAN_POINT('',(-5.34707653836,-14.0852466515));
#410 = CARTESIAN_POINT('',(-5.405411739663,-13.87258781482));
#411 = CARTESIAN_POINT('',(-5.462912108107,-13.66239357549));
#412 = CARTESIAN_POINT('',(-5.519955984745,-13.45629289013));
#413 = ( GEOMETRIC_REPRESENTATION_CONTEXT(2) 
PARAMETRIC_REPRESENTATION_CONTEXT() REPRESENTATION_CONTEXT('2D SPACE',''
  ) );
#414 = PCURVE('',#415,#420);
#415 = CYLINDRICAL_SURFACE('',#416,11.477976313901);
#416 = AXIS2_PLACEMENT_3D('',#417,#418,#419);
#417 = CARTESIAN_POINT('',(18.818984591395,4.477976313901,0.499992805879
    ));
#418 = DIRECTION('',(0.,0.,1.));
#419 = DIRECTION('',(1.,0.,0.));
#420 = DEFINITIONAL_REPRESENTATION('',(#421),#429);
#421 = B_SPLINE_CURVE_WITH_KNOTS('',6,(#422,#423,#424,#425,#426,#427,
    #428),.UNSPECIFIED.,.F.,.F.,(7,7),(0.,1.),.PIECEWISE_BEZIER_KNOTS.);
#422 = CARTESIAN_POINT('',(5.353025087854,0.));
#423 = CARTESIAN_POINT('',(5.383851279331,0.137384022917));
#424 = CARTESIAN_POINT('',(5.413449029934,0.291995454631));
#425 = CARTESIAN_POINT('',(5.441838855245,0.461195318012));
#426 = CARTESIAN_POINT('',(5.46905283336,0.643357722501));
#427 = CARTESIAN_POINT('',(5.495104406374,0.837612642678));
#428 = CARTESIAN_POINT('',(5.519953619349,1.043714304025));
#429 = ( GEOMETRIC_REPRESENTATION_CONTEXT(2) 
PARAMETRIC_REPRESENTATION_CONTEXT() REPRESENTATION_CONTEXT('2D SPACE',''
  ) );
#430 = ORIENTED_EDGE('',*,*,#431,.T.);
#431 = EDGE_CURVE('',#392,#22,#432,.T.);
#432 = SURFACE_CURVE('',#433,(#438,#448),.PCURVE_S1.);
#433 = ELLIPSE('',#434,6.919402879604,5.);
#434 = AXIS2_PLACEMENT_3D('',#435,#436,#437);
#435 = CARTESIAN_POINT('',(23.5,1.78321286004E-05,5.));
#436 = DIRECTION('',(-0.691260438811,-0.722605705579,2.121855096095E-14)
  );
#437 = DIRECTION('',(-0.722605705579,0.691260438811,2.057462305862E-14)
  );
#438 = PCURVE('',#54,#439);
#439 = DEFINITIONAL_REPRESENTATION('',(#440),#447);
#440 = B_SPLINE_CURVE_WITH_KNOTS('',5,(#441,#442,#443,#444,#445,#446),
  .UNSPECIFIED.,.F.,.F.,(6,6),(2.269341541152,2.389140583639),
  .PIECEWISE_BEZIER_KNOTS.);
#441 = CARTESIAN_POINT('',(-5.410934194742,-13.07602055307));
#442 = CARTESIAN_POINT('',(-5.434894003239,-13.16378060578));
#443 = CARTESIAN_POINT('',(-5.458853811737,-13.24933332277));
#444 = CARTESIAN_POINT('',(-5.482813620234,-13.33257374248));
#445 = CARTESIAN_POINT('',(-5.506773428732,-13.41340219178));
#446 = CARTESIAN_POINT('',(-5.530733237229,-13.4917249998));
#447 = ( GEOMETRIC_REPRESENTATION_CONTEXT(2) 
PARAMETRIC_REPRESENTATION_CONTEXT() REPRESENTATION_CONTEXT('2D SPACE',''
  ) );
#448 = PCURVE('',#86,#449);
#449 = DEFINITIONAL_REPRESENTATION('',(#450),#454);
#450 = ELLIPSE('',#451,6.919402879604,5.);
#451 = AXIS2_PLACEMENT_2D('',#452,#453);
#452 = CARTESIAN_POINT('',(5.32525050225,-3.569495585758));
#453 = DIRECTION('',(1.,-2.057462305862E-14));
#454 = ( GEOMETRIC_REPRESENTATION_CONTEXT(2) 
PARAMETRIC_REPRESENTATION_CONTEXT() REPRESENTATION_CONTEXT('2D SPACE',''
  ) );
#455 = ORIENTED_EDGE('',*,*,#21,.T.);
#456 = ORIENTED_EDGE('',*,*,#457,.F.);
#457 = EDGE_CURVE('',#458,#24,#460,.T.);
#458 = VERTEX_POINT('',#459);
#459 = CARTESIAN_POINT('',(28.019371327557,-2.138991071429,
    2.861008928571));
#460 = SURFACE_CURVE('',#461,(#466,#476),.PCURVE_S1.);
#461 = ELLIPSE('',#462,7.071067811865,5.);
#462 = AXIS2_PLACEMENT_3D('',#463,#464,#465);
#463 = CARTESIAN_POINT('',(23.5,-2.699155966622E-22,5.));
#464 = DIRECTION('',(0.,0.707106781187,-0.707106781187));
#465 = DIRECTION('',(0.,-0.707106781187,-0.707106781187));
#466 = PCURVE('',#54,#467);
#467 = DEFINITIONAL_REPRESENTATION('',(#468),#475);
#468 = B_SPLINE_CURVE_WITH_KNOTS('',5,(#469,#470,#471,#472,#473,#474),
  .UNSPECIFIED.,.F.,.F.,(6,6),(5.154444273829,5.446739568148),
  .PIECEWISE_BEZIER_KNOTS.);
#469 = CARTESIAN_POINT('',(-5.841130013735,-12.13899047142));
#470 = CARTESIAN_POINT('',(-5.782670954872,-12.40318868249));
#471 = CARTESIAN_POINT('',(-5.724211896008,-12.65824954765));
#472 = CARTESIAN_POINT('',(-5.665752837144,-12.90229171952));
#473 = CARTESIAN_POINT('',(-5.60729377828,-13.13356541787));
#474 = CARTESIAN_POINT('',(-5.548834719416,-13.35052630148));
#475 = ( GEOMETRIC_REPRESENTATION_CONTEXT(2) 
PARAMETRIC_REPRESENTATION_CONTEXT() REPRESENTATION_CONTEXT('2D SPACE',''
  ) );
#476 = PCURVE('',#140,#477);
#477 = DEFINITIONAL_REPRESENTATION('',(#478),#504);
#478 = B_SPLINE_CURVE_WITH_KNOTS('',3,(#479,#480,#481,#482,#483,#484,
    #485,#486,#487,#488,#489,#490,#491,#492,#493,#494,#495,#496,#497,
    #498,#499,#500,#501,#502,#503),.UNSPECIFIED.,.F.,.F.,(4,1,1,1,1,1,1,
    1,1,1,1,1,1,1,1,1,1,1,1,1,1,1,4),(5.154444406591,5.167730550298,
    5.181016694005,5.194302837712,5.207588981419,5.220875125126,
    5.234161268834,5.247447412541,5.260733556248,5.274019699955,
    5.287305843662,5.300591987369,5.313878131077,5.327164274784,
    5.340450418491,5.353736562198,5.367022705905,5.380308849612,
    5.393594993319,5.406881137027,5.420167280734,5.433453424441,
    5.446739568148),.QUASI_UNIFORM_KNOTS.);
#479 = CARTESIAN_POINT('',(-5.841129880974,5.));
#480 = CARTESIAN_POINT('',(-5.836701166405,5.020015011382));
#481 = CARTESIAN_POINT('',(-5.827843737266,5.059919153011));
#482 = CARTESIAN_POINT('',(-5.814557593559,5.119387231975));
#483 = CARTESIAN_POINT('',(-5.801271449852,5.178456659933));
#484 = CARTESIAN_POINT('',(-5.787985306145,5.237117015441));
#485 = CARTESIAN_POINT('',(-5.774699162438,5.295357942376));
#486 = CARTESIAN_POINT('',(-5.761413018731,5.353169160496));
#487 = CARTESIAN_POINT('',(-5.748126875024,5.410540464917));
#488 = CARTESIAN_POINT('',(-5.734840731316,5.46746172854));
#489 = CARTESIAN_POINT('',(-5.721554587609,5.523922903674));
#490 = CARTESIAN_POINT('',(-5.708268443902,5.579914023848));
#491 = CARTESIAN_POINT('',(-5.694982300195,5.635425205565));
#492 = CARTESIAN_POINT('',(-5.681696156488,5.690446650045));
#493 = CARTESIAN_POINT('',(-5.668410012781,5.744968644957));
#494 = CARTESIAN_POINT('',(-5.655123869073,5.798981566133));
#495 = CARTESIAN_POINT('',(-5.641837725366,5.852475879261));
#496 = CARTESIAN_POINT('',(-5.628551581659,5.90544214159));
#497 = CARTESIAN_POINT('',(-5.615265437952,5.957871003525));
#498 = CARTESIAN_POINT('',(-5.601979294245,6.009753210531));
#499 = CARTESIAN_POINT('',(-5.588693150538,6.06107960383));
#500 = CARTESIAN_POINT('',(-5.575407006831,6.111841125504));
#501 = CARTESIAN_POINT('',(-5.562120863123,6.162028807098));
#502 = CARTESIAN_POINT('',(-5.553263433985,6.195098815493));
#503 = CARTESIAN_POINT('',(-5.548834719416,6.211535230059));
#504 = ( GEOMETRIC_REPRESENTATION_CONTEXT(2) 
PARAMETRIC_REPRESENTATION_CONTEXT() REPRESENTATION_CONTEXT('2D SPACE',''
  ) );
#505 = ORIENTED_EDGE('',*,*,#506,.F.);
#506 = EDGE_CURVE('',#507,#458,#509,.T.);
#507 = VERTEX_POINT('',#508);
#508 = CARTESIAN_POINT('',(28.5,0.,5.));
#509 = SURFACE_CURVE('',#510,(#515,#526),.PCURVE_S1.);
#510 = ELLIPSE('',#511,7.071067811865,5.);
#511 = AXIS2_PLACEMENT_3D('',#512,#513,#514);
#512 = CARTESIAN_POINT('',(23.5,0.,5.));
#513 = DIRECTION('',(0.,0.707106781187,-0.707106781187));
#514 = DIRECTION('',(0.,-0.707106781187,-0.707106781187));
#515 = PCURVE('',#54,#516);
#516 = DEFINITIONAL_REPRESENTATION('',(#517),#525);
#517 = B_SPLINE_CURVE_WITH_KNOTS('',6,(#518,#519,#520,#521,#522,#523,
    #524),.UNSPECIFIED.,.F.,.F.,(7,7),(4.712388980385,5.268399762885),
  .PIECEWISE_BEZIER_KNOTS.);
#518 = CARTESIAN_POINT('',(-6.28318530718,-10.));
#519 = CARTESIAN_POINT('',(-6.19051684343,-10.46334231875));
#520 = CARTESIAN_POINT('',(-6.09784837968,-10.92668454633));
#521 = CARTESIAN_POINT('',(-6.005179915929,-11.38286528378));
#522 = CARTESIAN_POINT('',(-5.912511452179,-11.82472003682));
#523 = CARTESIAN_POINT('',(-5.819842988429,-12.24546262498));
#524 = CARTESIAN_POINT('',(-5.727174524679,-12.63901047682));
#525 = ( GEOMETRIC_REPRESENTATION_CONTEXT(2) 
PARAMETRIC_REPRESENTATION_CONTEXT() REPRESENTATION_CONTEXT('2D SPACE',''
  ) );
#526 = PCURVE('',#140,#527);
#527 = DEFINITIONAL_REPRESENTATION('',(#528),#554);
#528 = B_SPLINE_CURVE_WITH_KNOTS('',3,(#529,#530,#531,#532,#533,#534,
    #535,#536,#537,#538,#539,#540,#541,#542,#543,#544,#545,#546,#547,
    #548,#549,#550,#551,#552,#553),.UNSPECIFIED.,.F.,.F.,(4,1,1,1,1,1,1,
    1,1,1,1,1,1,1,1,1,1,1,1,1,1,1,4),(4.712388980385,4.732482408849,
    4.752575837313,4.772669265776,4.79276269424,4.812856122704,
    4.832949551168,4.853042979632,4.873136408096,4.89322983656,
    4.913323265024,4.933416693488,4.953510121952,4.973603550416,
    4.993696978879,5.013790407343,5.033883835807,5.053977264271,
    5.074070692735,5.094164121199,5.114257549663,5.134350978127,
    5.154444406591),.QUASI_UNIFORM_KNOTS.);
#529 = CARTESIAN_POINT('',(-6.28318530718,2.861008928571));
#530 = CARTESIAN_POINT('',(-6.276487497692,2.894497977649));
#531 = CARTESIAN_POINT('',(-6.263091878716,2.961476070026));
#532 = CARTESIAN_POINT('',(-6.242998450252,3.061902651407));
#533 = CARTESIAN_POINT('',(-6.222905021788,3.162248124263));
#534 = CARTESIAN_POINT('',(-6.202811593324,3.262471977463));
#535 = CARTESIAN_POINT('',(-6.18271816486,3.362533746981));
#536 = CARTESIAN_POINT('',(-6.162624736396,3.462393034763));
#537 = CARTESIAN_POINT('',(-6.142531307932,3.56200952436));
#538 = CARTESIAN_POINT('',(-6.122437879468,3.661342997387));
#539 = CARTESIAN_POINT('',(-6.102344451004,3.760353349713));
#540 = CARTESIAN_POINT('',(-6.08225102254,3.859000607662));
#541 = CARTESIAN_POINT('',(-6.062157594077,3.957244944152));
#542 = CARTESIAN_POINT('',(-6.042064165613,4.055046694772));
#543 = CARTESIAN_POINT('',(-6.021970737149,4.152366373798));
#544 = CARTESIAN_POINT('',(-6.001877308685,4.249164690136));
#545 = CARTESIAN_POINT('',(-5.981783880221,4.345402563171));
#546 = CARTESIAN_POINT('',(-5.961690451757,4.441041138603));
#547 = CARTESIAN_POINT('',(-5.941597023293,4.536041803917));
#548 = CARTESIAN_POINT('',(-5.921503594829,4.630366204778));
#549 = CARTESIAN_POINT('',(-5.901410166365,4.723976257511));
#550 = CARTESIAN_POINT('',(-5.881316737901,4.816834175697));
#551 = CARTESIAN_POINT('',(-5.861223309437,4.908902443542));
#552 = CARTESIAN_POINT('',(-5.847827690462,4.96973013941));
#553 = CARTESIAN_POINT('',(-5.841129880974,5.));
#554 = ( GEOMETRIC_REPRESENTATION_CONTEXT(2) 
PARAMETRIC_REPRESENTATION_CONTEXT() REPRESENTATION_CONTEXT('2D SPACE',''
  ) );
#555 = ORIENTED_EDGE('',*,*,#556,.F.);
#556 = EDGE_CURVE('',#557,#507,#559,.T.);
#557 = VERTEX_POINT('',#558);
#558 = CARTESIAN_POINT('',(28.019371327557,2.138991071429,2.861008928571
    ));
#559 = SURFACE_CURVE('',#560,(#565,#576),.PCURVE_S1.);
#560 = ELLIPSE('',#561,7.071067811865,5.);
#561 = AXIS2_PLACEMENT_3D('',#562,#563,#564);
#562 = CARTESIAN_POINT('',(23.5,0.,5.));
#563 = DIRECTION('',(0.,-0.707106781187,-0.707106781187));
#564 = DIRECTION('',(0.,0.707106781187,-0.707106781187));
#565 = PCURVE('',#54,#566);
#566 = DEFINITIONAL_REPRESENTATION('',(#567),#575);
#567 = B_SPLINE_CURVE_WITH_KNOTS('',6,(#568,#569,#570,#571,#572,#573,
    #574),.UNSPECIFIED.,.F.,.F.,(7,7),(1.014785544295,1.570796326795),
  .PIECEWISE_BEZIER_KNOTS.);
#568 = CARTESIAN_POINT('',(-5.727174524679,-7.360989523175));
#569 = CARTESIAN_POINT('',(-5.819842988429,-7.754537375018));
#570 = CARTESIAN_POINT('',(-5.912511452179,-8.175279963171));
#571 = CARTESIAN_POINT('',(-6.005179915929,-8.61713471622));
#572 = CARTESIAN_POINT('',(-6.097848379679,-9.073315453669));
#573 = CARTESIAN_POINT('',(-6.19051684343,-9.53665768125));
#574 = CARTESIAN_POINT('',(-6.28318530718,-10.));
#575 = ( GEOMETRIC_REPRESENTATION_CONTEXT(2) 
PARAMETRIC_REPRESENTATION_CONTEXT() REPRESENTATION_CONTEXT('2D SPACE',''
  ) );
#576 = PCURVE('',#140,#577);
#577 = DEFINITIONAL_REPRESENTATION('',(#578),#604);
#578 = B_SPLINE_CURVE_WITH_KNOTS('',3,(#579,#580,#581,#582,#583,#584,
    #585,#586,#587,#588,#589,#590,#591,#592,#593,#594,#595,#596,#597,
    #598,#599,#600,#601,#602,#603),.UNSPECIFIED.,.F.,.F.,(4,1,1,1,1,1,1,
    1,1,1,1,1,1,1,1,1,1,1,1,1,1,1,4),(1.128740900589,1.148834329053,
    1.168927757517,1.189021185981,1.209114614445,1.229208042908,
    1.249301471372,1.269394899836,1.2894883283,1.309581756764,
    1.329675185228,1.349768613692,1.369862042156,1.38995547062,
    1.410048899084,1.430142327548,1.450235756011,1.470329184475,
    1.490422612939,1.510516041403,1.530609469867,1.550702898331,
    1.570796326795),.QUASI_UNIFORM_KNOTS.);
#579 = CARTESIAN_POINT('',(-0.442055426206,5.));
#580 = CARTESIAN_POINT('',(-0.435357616718,4.96973013941));
#581 = CARTESIAN_POINT('',(-0.421961997742,4.908902443542));
#582 = CARTESIAN_POINT('',(-0.401868569278,4.816834175697));
#583 = CARTESIAN_POINT('',(-0.381775140814,4.723976257511));
#584 = CARTESIAN_POINT('',(-0.36168171235,4.630366204778));
#585 = CARTESIAN_POINT('',(-0.341588283886,4.536041803917));
#586 = CARTESIAN_POINT('',(-0.321494855423,4.441041138603));
#587 = CARTESIAN_POINT('',(-0.301401426959,4.345402563171));
#588 = CARTESIAN_POINT('',(-0.281307998495,4.249164690136));
#589 = CARTESIAN_POINT('',(-0.261214570031,4.152366373798));
#590 = CARTESIAN_POINT('',(-0.241121141567,4.055046694772));
#591 = CARTESIAN_POINT('',(-0.221027713103,3.957244944152));
#592 = CARTESIAN_POINT('',(-0.200934284639,3.859000607662));
#593 = CARTESIAN_POINT('',(-0.180840856175,3.760353349713));
#594 = CARTESIAN_POINT('',(-0.160747427711,3.661342997387));
#595 = CARTESIAN_POINT('',(-0.140653999247,3.56200952436));
#596 = CARTESIAN_POINT('',(-0.120560570783,3.462393034763));
#597 = CARTESIAN_POINT('',(-0.10046714232,3.362533746981));
#598 = CARTESIAN_POINT('',(-8.037371385564E-02,3.262471977463));
#599 = CARTESIAN_POINT('',(-6.028028539173E-02,3.162248124263));
#600 = CARTESIAN_POINT('',(-4.018685692782E-02,3.061902651407));
#601 = CARTESIAN_POINT('',(-2.009342846391E-02,2.961476070026));
#602 = CARTESIAN_POINT('',(-6.69780948797E-03,2.894497977649));
#603 = CARTESIAN_POINT('',(0.,2.861008928571));
#604 = ( GEOMETRIC_REPRESENTATION_CONTEXT(2) 
PARAMETRIC_REPRESENTATION_CONTEXT() REPRESENTATION_CONTEXT('2D SPACE',''
  ) );
#605 = ORIENTED_EDGE('',*,*,#606,.F.);
#606 = EDGE_CURVE('',#607,#557,#609,.T.);
#607 = VERTEX_POINT('',#608);
#608 = CARTESIAN_POINT('',(27.211327735294,3.350529277791,1.649470722224
    ));
#609 = SURFACE_CURVE('',#610,(#615,#625),.PCURVE_S1.);
#610 = ELLIPSE('',#611,7.071067811865,5.);
#611 = AXIS2_PLACEMENT_3D('',#612,#613,#614);
#612 = CARTESIAN_POINT('',(23.5,-2.699155966622E-22,5.));
#613 = DIRECTION('',(0.,-0.707106781187,-0.707106781187));
#614 = DIRECTION('',(0.,0.707106781187,-0.707106781187));
#615 = PCURVE('',#54,#616);
#616 = DEFINITIONAL_REPRESENTATION('',(#617),#624);
#617 = B_SPLINE_CURVE_WITH_KNOTS('',5,(#618,#619,#620,#621,#622,#623),
  .UNSPECIFIED.,.F.,.F.,(6,6),(0.836444937082,1.128741033351),
  .PIECEWISE_BEZIER_KNOTS.);
#618 = CARTESIAN_POINT('',(-5.548833917467,-6.649470722215));
#619 = CARTESIAN_POINT('',(-5.607293136721,-6.866432044015));
#620 = CARTESIAN_POINT('',(-5.665752355974,-7.097706271794));
#621 = CARTESIAN_POINT('',(-5.724211575228,-7.341749052757));
#622 = CARTESIAN_POINT('',(-5.782670794482,-7.596810592644));
#623 = CARTESIAN_POINT('',(-5.841130013735,-7.861009528571));
#624 = ( GEOMETRIC_REPRESENTATION_CONTEXT(2) 
PARAMETRIC_REPRESENTATION_CONTEXT() REPRESENTATION_CONTEXT('2D SPACE',''
  ) );
#625 = PCURVE('',#140,#626);
#626 = DEFINITIONAL_REPRESENTATION('',(#627),#653);
#627 = B_SPLINE_CURVE_WITH_KNOTS('',3,(#628,#629,#630,#631,#632,#633,
    #634,#635,#636,#637,#638,#639,#640,#641,#642,#643,#644,#645,#646,
    #647,#648,#649,#650,#651,#652),.UNSPECIFIED.,.F.,.F.,(4,1,1,1,1,1,1,
    1,1,1,1,1,1,1,1,1,1,1,1,1,1,1,4),(0.836444937082,0.849731117242,
    0.863017297401,0.876303477561,0.88958965772,0.902875837879,
    0.916162018039,0.929448198198,0.942734378358,0.956020558517,
    0.969306738676,0.982592918836,0.995879098995,1.009165279154,
    1.022451459314,1.035737639473,1.049023819633,1.062309999792,
    1.075596179951,1.088882360111,1.10216854027,1.115454720429,
    1.128740900589),.QUASI_UNIFORM_KNOTS.);
#628 = CARTESIAN_POINT('',(-0.734351389712,6.211538206356));
#629 = CARTESIAN_POINT('',(-0.729922662993,6.195101758594));
#630 = CARTESIAN_POINT('',(-0.721065209553,6.162031682551));
#631 = CARTESIAN_POINT('',(-0.707779029394,6.11184389578));
#632 = CARTESIAN_POINT('',(-0.694492849234,6.061082265291));
#633 = CARTESIAN_POINT('',(-0.681206669075,6.009755759607));
#634 = CARTESIAN_POINT('',(-0.667920488916,5.957873436717));
#635 = CARTESIAN_POINT('',(-0.654634308756,5.905444455469));
#636 = CARTESIAN_POINT('',(-0.641348128597,5.85247807047));
#637 = CARTESIAN_POINT('',(-0.628061948437,5.798983631386));
#638 = CARTESIAN_POINT('',(-0.614775768278,5.744970581045));
#639 = CARTESIAN_POINT('',(-0.601489588119,5.690448453833));
#640 = CARTESIAN_POINT('',(-0.588203407959,5.635426873994));
#641 = CARTESIAN_POINT('',(-0.5749172278,5.579915553936));
#642 = CARTESIAN_POINT('',(-0.56163104764,5.523924292517));
#643 = CARTESIAN_POINT('',(-0.548344867481,5.467462973314));
#644 = CARTESIAN_POINT('',(-0.535058687322,5.410541562877));
#645 = CARTESIAN_POINT('',(-0.521772507162,5.35317010898));
#646 = CARTESIAN_POINT('',(-0.508486327003,5.295358738802));
#647 = CARTESIAN_POINT('',(-0.495200146844,5.237117657311));
#648 = CARTESIAN_POINT('',(-0.481913966684,5.178457144831));
#649 = CARTESIAN_POINT('',(-0.468627786525,5.119387557572));
#650 = CARTESIAN_POINT('',(-0.455341606365,5.059919317061));
#651 = CARTESIAN_POINT('',(-0.446484152926,5.020015066296));
#652 = CARTESIAN_POINT('',(-0.442055426206,5.));
#653 = ( GEOMETRIC_REPRESENTATION_CONTEXT(2) 
PARAMETRIC_REPRESENTATION_CONTEXT() REPRESENTATION_CONTEXT('2D SPACE',''
  ) );
#654 = ORIENTED_EDGE('',*,*,#655,.F.);
#655 = EDGE_CURVE('',#156,#607,#656,.T.);
#656 = SURFACE_CURVE('',#657,(#675,#696),.PCURVE_S1.);
#657 = B_SPLINE_CURVE_WITH_KNOTS('',6,(#658,#659,#660,#661,#662,#663,
    #664,#665,#666,#667,#668,#669,#670,#671,#672,#673,#674),
  .UNSPECIFIED.,.F.,.F.,(7,5,5,7),(0.,0.294859022727,0.867138208354,1.),
  .UNSPECIFIED.);
#658 = CARTESIAN_POINT('',(23.499999999998,6.04338473366,
    3.721467578544E-13));
#659 = CARTESIAN_POINT('',(23.746972348186,5.933411623085,
    4.146229309532E-09));
#660 = CARTESIAN_POINT('',(23.987982746655,5.817414263135,
    1.463883808115E-02));
#661 = CARTESIAN_POINT('',(24.222102754538,5.696167637431,
    4.259160747408E-02));
#662 = CARTESIAN_POINT('',(24.44856282502,5.57056879834,
    8.253998271608E-02));
#663 = CARTESIAN_POINT('',(24.666730649253,5.441611128995,0.133156794671
    ));
#664 = CARTESIAN_POINT('',(25.28242508277,5.055616231546,0.309413632525)
  );
#665 = CARTESIAN_POINT('',(25.656843303513,4.791436315555,0.461194899208
    ));
#666 = CARTESIAN_POINT('',(26.00015621594,4.522384656136,0.640390498125)
  );
#667 = CARTESIAN_POINT('',(26.314511417637,4.252002231268,0.841859723019
    ));
#668 = CARTESIAN_POINT('',(26.602220091662,3.982676031648,1.062676274131
    ));
#669 = CARTESIAN_POINT('',(26.926084745436,3.655246866099,1.357370434711
    ));
#670 = CARTESIAN_POINT('',(26.985758550218,3.593754898915,1.41387814364)
  );
#671 = CARTESIAN_POINT('',(27.04410356841,3.532499409371,1.471351695945)
  );
#672 = CARTESIAN_POINT('',(27.10113711764,3.47151711089,1.529779326919)
  );
#673 = CARTESIAN_POINT('',(27.156874246652,3.410846784294,1.589153463091
    ));
#674 = CARTESIAN_POINT('',(27.211327735301,3.350529277797,1.649470722231
    ));
#675 = PCURVE('',#54,#676);
#676 = DEFINITIONAL_REPRESENTATION('',(#677),#695);
#677 = B_SPLINE_CURVE_WITH_KNOTS('',6,(#678,#679,#680,#681,#682,#683,
    #684,#685,#686,#687,#688,#689,#690,#691,#692,#693,#694),
  .UNSPECIFIED.,.F.,.F.,(7,5,5,7),(0.,0.294859022727,0.867138208354,1.),
  .UNSPECIFIED.);
#678 = CARTESIAN_POINT('',(-4.712388980384,-3.95661526634));
#679 = CARTESIAN_POINT('',(-4.761783450022,-4.066588376915));
#680 = CARTESIAN_POINT('',(-4.809985647481,-4.182585736865));
#681 = CARTESIAN_POINT('',(-4.857026228124,-4.303832362569));
#682 = CARTESIAN_POINT('',(-4.902917053951,-4.42943120166));
#683 = CARTESIAN_POINT('',(-4.947651594606,-4.558388871005));
#684 = CARTESIAN_POINT('',(-5.075736895614,-4.944383768454));
#685 = CARTESIAN_POINT('',(-5.15608378649,-5.208563684445));
#686 = CARTESIAN_POINT('',(-5.233042916792,-5.477615343864));
#687 = CARTESIAN_POINT('',(-5.307306783417,-5.747997768732));
#688 = CARTESIAN_POINT('',(-5.379589315181,-6.017323968352));
#689 = CARTESIAN_POINT('',(-5.467163960425,-6.344753133901));
#690 = CARTESIAN_POINT('',(-5.483597386536,-6.406245101085));
#691 = CARTESIAN_POINT('',(-5.499972288214,-6.467500590629));
#692 = CARTESIAN_POINT('',(-5.516297455482,-6.52848288911));
#693 = CARTESIAN_POINT('',(-5.532581712481,-6.589153215706));
#694 = CARTESIAN_POINT('',(-5.548833917471,-6.649470722203));
#695 = ( GEOMETRIC_REPRESENTATION_CONTEXT(2) 
PARAMETRIC_REPRESENTATION_CONTEXT() REPRESENTATION_CONTEXT('2D SPACE',''
  ) );
#696 = PCURVE('',#697,#702);
#697 = CYLINDRICAL_SURFACE('',#698,11.0625);
#698 = AXIS2_PLACEMENT_3D('',#699,#700,#701);
#699 = CARTESIAN_POINT('',(19.,-4.0625,0.));
#700 = DIRECTION('',(-0.,-0.,-1.));
#701 = DIRECTION('',(1.,0.,0.));
#702 = DEFINITIONAL_REPRESENTATION('',(#703),#721);
#703 = B_SPLINE_CURVE_WITH_KNOTS('',6,(#704,#705,#706,#707,#708,#709,
    #710,#711,#712,#713,#714,#715,#716,#717,#718,#719,#720),
  .UNSPECIFIED.,.F.,.F.,(7,5,5,7),(0.,0.294859022727,0.867138208354,1.),
  .UNSPECIFIED.);
#704 = CARTESIAN_POINT('',(-1.151870216824,-3.721467578544E-13));
#705 = CARTESIAN_POINT('',(-1.127431748035,-4.295556540098E-09));
#706 = CARTESIAN_POINT('',(-1.103264116862,-1.463883795982E-02));
#707 = CARTESIAN_POINT('',(-1.079446092565,-4.25916074069E-02));
#708 = CARTESIAN_POINT('',(-1.056051097863,-8.253998280756E-02));
#709 = CARTESIAN_POINT('',(-1.033149877073,-0.133156794671));
#710 = CARTESIAN_POINT('',(-0.967460799765,-0.309413632525));
#711 = CARTESIAN_POINT('',(-0.926099898922,-0.461194899208));
#712 = CARTESIAN_POINT('',(-0.886740150812,-0.640390498125));
#713 = CARTESIAN_POINT('',(-0.849310264306,-0.841859723018));
#714 = CARTESIAN_POINT('',(-0.813712056672,-1.062676274131));
#715 = CARTESIAN_POINT('',(-0.772081216137,-1.357370434711));
#716 = CARTESIAN_POINT('',(-0.764335868889,-1.41387814364));
#717 = CARTESIAN_POINT('',(-0.756689322122,-1.471351695945));
#718 = CARTESIAN_POINT('',(-0.749142072249,-1.529779326919));
#719 = CARTESIAN_POINT('',(-0.741694995902,-1.589153463091));
#720 = CARTESIAN_POINT('',(-0.734349349931,-1.649470722231));
#721 = ( GEOMETRIC_REPRESENTATION_CONTEXT(2) 
PARAMETRIC_REPRESENTATION_CONTEXT() REPRESENTATION_CONTEXT('2D SPACE',''
  ) );
#722 = ADVANCED_FACE('',(#723),#697,.T.);
#723 = FACE_BOUND('',#724,.F.);
#724 = EDGE_LOOP('',(#725,#726,#749,#778,#804,#991,#1017));
#725 = ORIENTED_EDGE('',*,*,#655,.T.);
#726 = ORIENTED_EDGE('',*,*,#727,.T.);
#727 = EDGE_CURVE('',#607,#728,#730,.T.);
#728 = VERTEX_POINT('',#729);
#729 = CARTESIAN_POINT('',(27.211327735294,3.350529277791,2.861008928571
    ));
#730 = SURFACE_CURVE('',#731,(#735,#742),.PCURVE_S1.);
#731 = LINE('',#732,#733);
#732 = CARTESIAN_POINT('',(27.211327735294,3.350529277791,0.));
#733 = VECTOR('',#734,1.);
#734 = DIRECTION('',(0.,0.,1.));
#735 = PCURVE('',#697,#736);
#736 = DEFINITIONAL_REPRESENTATION('',(#737),#741);
#737 = LINE('',#738,#739);
#738 = CARTESIAN_POINT('',(-0.734349349931,0.));
#739 = VECTOR('',#740,1.);
#740 = DIRECTION('',(-0.,-1.));
#741 = ( GEOMETRIC_REPRESENTATION_CONTEXT(2) 
PARAMETRIC_REPRESENTATION_CONTEXT() REPRESENTATION_CONTEXT('2D SPACE',''
  ) );
#742 = PCURVE('',#140,#743);
#743 = DEFINITIONAL_REPRESENTATION('',(#744),#748);
#744 = LINE('',#745,#746);
#745 = CARTESIAN_POINT('',(-0.734351389712,7.861008928571));
#746 = VECTOR('',#747,1.);
#747 = DIRECTION('',(-0.,-1.));
#748 = ( GEOMETRIC_REPRESENTATION_CONTEXT(2) 
PARAMETRIC_REPRESENTATION_CONTEXT() REPRESENTATION_CONTEXT('2D SPACE',''
  ) );
#749 = ORIENTED_EDGE('',*,*,#750,.T.);
#750 = EDGE_CURVE('',#728,#751,#753,.T.);
#751 = VERTEX_POINT('',#752);
#752 = CARTESIAN_POINT('',(26.881793716723,3.699988908657,2.861008928571
    ));
#753 = SURFACE_CURVE('',#754,(#759,#766),.PCURVE_S1.);
#754 = CIRCLE('',#755,11.0625);
#755 = AXIS2_PLACEMENT_3D('',#756,#757,#758);
#756 = CARTESIAN_POINT('',(19.,-4.0625,2.861008928571));
#757 = DIRECTION('',(0.,0.,1.));
#758 = DIRECTION('',(1.,0.,0.));
#759 = PCURVE('',#697,#760);
#760 = DEFINITIONAL_REPRESENTATION('',(#761),#765);
#761 = LINE('',#762,#763);
#762 = CARTESIAN_POINT('',(-0.,-2.861008928571));
#763 = VECTOR('',#764,1.);
#764 = DIRECTION('',(-1.,0.));
#765 = ( GEOMETRIC_REPRESENTATION_CONTEXT(2) 
PARAMETRIC_REPRESENTATION_CONTEXT() REPRESENTATION_CONTEXT('2D SPACE',''
  ) );
#766 = PCURVE('',#767,#772);
#767 = PLANE('',#768);
#768 = AXIS2_PLACEMENT_3D('',#769,#770,#771);
#769 = CARTESIAN_POINT('',(12.519539071962,5.574809717181E-09,
    2.861008928571));
#770 = DIRECTION('',(0.,0.,1.));
#771 = DIRECTION('',(1.,0.,0.));
#772 = DEFINITIONAL_REPRESENTATION('',(#773),#777);
#773 = CIRCLE('',#774,11.0625);
#774 = AXIS2_PLACEMENT_2D('',#775,#776);
#775 = CARTESIAN_POINT('',(6.480460928038,-4.062500005575));
#776 = DIRECTION('',(1.,0.));
#777 = ( GEOMETRIC_REPRESENTATION_CONTEXT(2) 
PARAMETRIC_REPRESENTATION_CONTEXT() REPRESENTATION_CONTEXT('2D SPACE',''
  ) );
#778 = ORIENTED_EDGE('',*,*,#779,.T.);
#779 = EDGE_CURVE('',#751,#780,#782,.T.);
#780 = VERTEX_POINT('',#781);
#781 = CARTESIAN_POINT('',(26.881793764237,3.699988860413,2.737038187407
    ));
#782 = SURFACE_CURVE('',#783,(#787,#793),.PCURVE_S1.);
#783 = LINE('',#784,#785);
#784 = CARTESIAN_POINT('',(26.881793716723,3.699988908657,
    6.546968025042E-16));
#785 = VECTOR('',#786,1.);
#786 = DIRECTION('',(-0.,-0.,-1.));
#787 = PCURVE('',#697,#788);
#788 = DEFINITIONAL_REPRESENTATION('',(#789),#792);
#789 = B_SPLINE_CURVE_WITH_KNOTS('',1,(#790,#791),.UNSPECIFIED.,.F.,.F.,
  (2,2),(-2.861009594508,6.659364788268E-07),.PIECEWISE_BEZIER_KNOTS.);
#790 = CARTESIAN_POINT('',(-0.777772214788,-2.861009594508));
#791 = CARTESIAN_POINT('',(-0.777772214788,6.659364781721E-07));
#792 = ( GEOMETRIC_REPRESENTATION_CONTEXT(2) 
PARAMETRIC_REPRESENTATION_CONTEXT() REPRESENTATION_CONTEXT('2D SPACE',''
  ) );
#793 = PCURVE('',#794,#799);
#794 = PLANE('',#795);
#795 = AXIS2_PLACEMENT_3D('',#796,#797,#798);
#796 = CARTESIAN_POINT('',(27.216212276382,4.065875235433,1.430504459138
    ));
#797 = DIRECTION('',(0.738135378931,-0.674652623482,1.127141022544E-15)
  );
#798 = DIRECTION('',(0.674652623482,0.738135378931,9.860761315263E-32));
#799 = DEFINITIONAL_REPRESENTATION('',(#800),#803);
#800 = B_SPLINE_CURVE_WITH_KNOTS('',1,(#801,#802),.UNSPECIFIED.,.F.,.F.,
  (2,2),(-2.861009594508,6.659364788268E-07),.PIECEWISE_BEZIER_KNOTS.);
#801 = CARTESIAN_POINT('',(-0.495690001075,1.43050513537));
#802 = CARTESIAN_POINT('',(-0.495690001075,-1.430505125074));
#803 = ( GEOMETRIC_REPRESENTATION_CONTEXT(2) 
PARAMETRIC_REPRESENTATION_CONTEXT() REPRESENTATION_CONTEXT('2D SPACE',''
  ) );
#804 = ORIENTED_EDGE('',*,*,#805,.F.);
#805 = EDGE_CURVE('',#806,#780,#808,.T.);
#806 = VERTEX_POINT('',#807);
#807 = CARTESIAN_POINT('',(22.757783377162,6.342209046404,2.361008806108
    ));
#808 = SURFACE_CURVE('',#809,(#866,#926),.PCURVE_S1.);
#809 = B_SPLINE_CURVE_WITH_KNOTS('',7,(#810,#811,#812,#813,#814,#815,
    #816,#817,#818,#819,#820,#821,#822,#823,#824,#825,#826,#827,#828,
    #829,#830,#831,#832,#833,#834,#835,#836,#837,#838,#839,#840,#841,
    #842,#843,#844,#845,#846,#847,#848,#849,#850,#851,#852,#853,#854,
    #855,#856,#857,#858,#859,#860,#861,#862,#863,#864,#865),
  .UNSPECIFIED.,.F.,.F.,(8,6,6,6,6,6,6,6,6,8),(0.,7.64368880542E-03,
    2.140012612351E-02,4.236110764721E-02,8.29248693533E-02,
    0.153755963653,0.23752395184,0.442082357017,0.645523949082,1.),
  .UNSPECIFIED.);
#810 = CARTESIAN_POINT('',(22.757783377162,6.342209046404,2.361008806108
    ));
#811 = CARTESIAN_POINT('',(22.757783357242,6.342209053599,2.363293176545
    ));
#812 = CARTESIAN_POINT('',(22.758516148449,6.341944391821,2.365573156918
    ));
#813 = CARTESIAN_POINT('',(22.759975656136,6.341417296199,2.367788685477
    ));
#814 = CARTESIAN_POINT('',(22.762041366898,6.340670828267,2.369910273542
    ));
#815 = CARTESIAN_POINT('',(22.764573260083,6.339755019023,2.371925737139
    ));
#816 = CARTESIAN_POINT('',(22.767459945235,6.338709694541,2.373833200424
    ));
#817 = CARTESIAN_POINT('',(22.776307259234,6.335502035493,2.378892756959
    ));
#818 = CARTESIAN_POINT('',(22.782883420996,6.333113694052,2.381822041272
    ));
#819 = CARTESIAN_POINT('',(22.789978851998,6.330530668528,2.384521482216
    ));
#820 = CARTESIAN_POINT('',(22.797421128344,6.327814223661,2.387021671856
    ));
#821 = CARTESIAN_POINT('',(22.80507894268,6.325011507107,2.389361750421)
  );
#822 = CARTESIAN_POINT('',(22.812911484754,6.322136982237,2.39157017927)
  );
#823 = CARTESIAN_POINT('',(22.833146237646,6.314689679372,2.396892312494
    ));
#824 = CARTESIAN_POINT('',(22.845698206128,6.310050938905,2.3998493849)
  );
#825 = CARTESIAN_POINT('',(22.858463618706,6.305312702425,2.402623638887
    ));
#826 = CARTESIAN_POINT('',(22.871379156329,6.300497352576,2.40524947417)
  );
#827 = CARTESIAN_POINT('',(22.884406775734,6.295618394943,2.407749711729
    ));
#828 = CARTESIAN_POINT('',(22.8975213985,6.290684643347,2.410146257147)
  );
#829 = CARTESIAN_POINT('',(22.936259889601,6.276044859766,2.416919970899
    ));
#830 = CARTESIAN_POINT('',(22.962071384085,6.266206308509,2.421047494066
    ));
#831 = CARTESIAN_POINT('',(22.988043299753,6.256219561753,2.424942131219
    ));
#832 = CARTESIAN_POINT('',(23.014125221644,6.246102160972,2.428645412871
    ));
#833 = CARTESIAN_POINT('',(23.040278722559,6.235867616388,2.432194707494
    ));
#834 = CARTESIAN_POINT('',(23.066486444548,6.225521816643,2.435612723314
    ));
#835 = CARTESIAN_POINT('',(23.138587745766,6.196809571973,2.444693434307
    ));
#836 = CARTESIAN_POINT('',(23.184553783452,6.178228492845,2.450124988244
    ));
#837 = CARTESIAN_POINT('',(23.230566457282,6.159347798928,2.455310456263
    ));
#838 = CARTESIAN_POINT('',(23.276586218141,6.140180936262,2.460297860589
    ));
#839 = CARTESIAN_POINT('',(23.322588087601,6.120736506275,2.465118495986
    ));
#840 = CARTESIAN_POINT('',(23.368553909825,6.101020612888,2.469799858614
    ));
#841 = CARTESIAN_POINT('',(23.468785688627,6.057399648364,2.47975273739)
  );
#842 = CARTESIAN_POINT('',(23.523028411614,6.03338966709,2.484975712749)
  );
#843 = CARTESIAN_POINT('',(23.577183298431,6.009012264933,2.490059744208
    ));
#844 = CARTESIAN_POINT('',(23.631235624058,5.984272475636,2.495024897257
    ));
#845 = CARTESIAN_POINT('',(23.685174171592,5.95917423306,2.499885826176)
  );
#846 = CARTESIAN_POINT('',(23.738989878072,5.933720752573,2.504654486945
    ));
#847 = CARTESIAN_POINT('',(23.923775061063,5.844896412516,2.520782162977
    ));
#848 = CARTESIAN_POINT('',(24.054095925883,5.779776712845,2.531728822975
    ));
#849 = CARTESIAN_POINT('',(24.183532740761,5.712593420608,2.542315021993
    ));
#850 = CARTESIAN_POINT('',(24.312017368387,5.643374502347,2.552596465763
    ));
#851 = CARTESIAN_POINT('',(24.439489346386,5.572146766733,2.56261784552)
  );
#852 = CARTESIAN_POINT('',(24.565899147417,5.498934253732,2.572405136632
    ));
#853 = CARTESIAN_POINT('',(24.815821112034,5.348995661599,2.591499843755
    ));
#854 = CARTESIAN_POINT('',(24.939343422478,5.272292080728,2.600809513931
    ));
#855 = CARTESIAN_POINT('',(25.061723577777,5.19367270053,2.609926312088)
  );
#856 = CARTESIAN_POINT('',(25.182919354376,5.113161265471,2.618862374989
    ));
#857 = CARTESIAN_POINT('',(25.302891083374,5.030781758979,2.627625125353
    ));
#858 = CARTESIAN_POINT('',(25.421600891375,4.946558595913,2.636219098573
    ));
#859 = CARTESIAN_POINT('',(25.743588620576,4.7105978609,2.659333861527)
  );
#860 = CARTESIAN_POINT('',(25.944222430113,4.555157665679,2.673517826451
    ));
#861 = CARTESIAN_POINT('',(26.140718825779,4.394328902425,2.687215501006
    ));
#862 = CARTESIAN_POINT('',(26.332895067782,4.228249749576,2.700426623018
    ));
#863 = CARTESIAN_POINT('',(26.520576793774,4.057064670268,2.71314300395)
  );
#864 = CARTESIAN_POINT('',(26.703596476242,3.880924931112,2.725352415107
    ));
#865 = CARTESIAN_POINT('',(26.881793764237,3.699988860413,2.737038187407
    ));
#866 = PCURVE('',#697,#867);
#867 = DEFINITIONAL_REPRESENTATION('',(#868),#925);
#868 = B_SPLINE_CURVE_WITH_KNOTS('',7,(#869,#870,#871,#872,#873,#874,
    #875,#876,#877,#878,#879,#880,#881,#882,#883,#884,#885,#886,#887,
    #888,#889,#890,#891,#892,#893,#894,#895,#896,#897,#898,#899,#900,
    #901,#902,#903,#904,#905,#906,#907,#908,#909,#910,#911,#912,#913,
    #914,#915,#916,#917,#918,#919,#920,#921,#922,#923,#924),
  .UNSPECIFIED.,.F.,.F.,(8,6,6,6,6,6,6,6,6,8),(0.,7.64368880542E-03,
    2.140012612351E-02,4.236110764721E-02,8.29248693533E-02,
    0.153755963653,0.23752395184,0.442082357017,0.645523949082,1.),
  .UNSPECIFIED.);
#869 = CARTESIAN_POINT('',(-1.22421262758,-2.361008806108));
#870 = CARTESIAN_POINT('',(-1.224212629495,-2.363293176545));
#871 = CARTESIAN_POINT('',(-1.224142200521,-2.365573156918));
#872 = CARTESIAN_POINT('',(-1.224001927455,-2.367788685477));
#873 = CARTESIAN_POINT('',(-1.223803378666,-2.369910273542));
#874 = CARTESIAN_POINT('',(-1.223559995011,-2.371925737139));
#875 = CARTESIAN_POINT('',(-1.223282469801,-2.373833200424));
#876 = CARTESIAN_POINT('',(-1.222431771766,-2.378892756959));
#877 = CARTESIAN_POINT('',(-1.221799325917,-2.381822041272));
#878 = CARTESIAN_POINT('',(-1.221116752596,-2.384521482216));
#879 = CARTESIAN_POINT('',(-1.220400591784,-2.387021671856));
#880 = CARTESIAN_POINT('',(-1.219663454142,-2.389361750421));
#881 = CARTESIAN_POINT('',(-1.218909252687,-2.39157017927));
#882 = CARTESIAN_POINT('',(-1.216960171125,-2.396892312494));
#883 = CARTESIAN_POINT('',(-1.215750527241,-2.3998493849));
#884 = CARTESIAN_POINT('',(-1.214519667254,-2.402623638887));
#885 = CARTESIAN_POINT('',(-1.213273658195,-2.40524947417));
#886 = CARTESIAN_POINT('',(-1.212016145551,-2.407749711729));
#887 = CARTESIAN_POINT('',(-1.210749528439,-2.410146257147));
#888 = CARTESIAN_POINT('',(-1.207006026924,-2.416919970899));
#889 = CARTESIAN_POINT('',(-1.204509042347,-2.421047494066));
#890 = CARTESIAN_POINT('',(-1.201993732489,-2.424942131219));
#891 = CARTESIAN_POINT('',(-1.199464893848,-2.428645412871));
#892 = CARTESIAN_POINT('',(-1.196926180033,-2.432194707494));
#893 = CARTESIAN_POINT('',(-1.194379219125,-2.435612723314));
#894 = CARTESIAN_POINT('',(-1.187363813121,-2.444693434307));
#895 = CARTESIAN_POINT('',(-1.182882104818,-2.450124988244));
#896 = CARTESIAN_POINT('',(-1.17838631477,-2.455310456263));
#897 = CARTESIAN_POINT('',(-1.173880063337,-2.460297860589));
#898 = CARTESIAN_POINT('',(-1.169365583376,-2.465118495986));
#899 = CARTESIAN_POINT('',(-1.164844450701,-2.469799858614));
#900 = CARTESIAN_POINT('',(-1.154963104952,-2.47975273739));
#901 = CARTESIAN_POINT('',(-1.149601033337,-2.484975712749));
#902 = CARTESIAN_POINT('',(-1.144232737738,-2.490059744208));
#903 = CARTESIAN_POINT('',(-1.138859366292,-2.495024897257));
#904 = CARTESIAN_POINT('',(-1.133481735093,-2.499885826176));
#905 = CARTESIAN_POINT('',(-1.128100454952,-2.504654486945));
#906 = CARTESIAN_POINT('',(-1.109567104729,-2.520782162977));
#907 = CARTESIAN_POINT('',(-1.09639938906,-2.531728822975));
#908 = CARTESIAN_POINT('',(-1.083219169386,-2.542315021993));
#909 = CARTESIAN_POINT('',(-1.070029332526,-2.552596465763));
#910 = CARTESIAN_POINT('',(-1.056832088023,-2.56261784552));
#911 = CARTESIAN_POINT('',(-1.043628640792,-2.572405136632));
#912 = CARTESIAN_POINT('',(-1.01728296069,-2.591499843755));
#913 = CARTESIAN_POINT('',(-1.004140987682,-2.600809513931));
#914 = CARTESIAN_POINT('',(-0.990994752045,-2.609926312088));
#915 = CARTESIAN_POINT('',(-0.977844916138,-2.618862374989));
#916 = CARTESIAN_POINT('',(-0.964691949652,-2.627625125353));
#917 = CARTESIAN_POINT('',(-0.951536202747,-2.636219098573));
#918 = CARTESIAN_POINT('',(-0.915451127948,-2.659333861527));
#919 = CARTESIAN_POINT('',(-0.892516749742,-2.673517826451));
#920 = CARTESIAN_POINT('',(-0.869576433382,-2.687215501006));
#921 = CARTESIAN_POINT('',(-0.846631147493,-2.700426623018));
#922 = CARTESIAN_POINT('',(-0.823681595662,-2.71314300395));
#923 = CARTESIAN_POINT('',(-0.800728413645,-2.725352415107));
#924 = CARTESIAN_POINT('',(-0.777772208667,-2.737038187407));
#925 = ( GEOMETRIC_REPRESENTATION_CONTEXT(2) 
PARAMETRIC_REPRESENTATION_CONTEXT() REPRESENTATION_CONTEXT('2D SPACE',''
  ) );
#926 = PCURVE('',#927,#932);
#927 = TOROIDAL_SURFACE('',#928,11.621502163205,0.5);
#928 = AXIS2_PLACEMENT_3D('',#929,#930,#931);
#929 = CARTESIAN_POINT('',(18.818984068329,-5.121502163205,
    2.361008928571));
#930 = DIRECTION('',(0.,0.,1.));
#931 = DIRECTION('',(1.,-6.501877519412E-09,0.));
#932 = DEFINITIONAL_REPRESENTATION('',(#933),#990);
#933 = B_SPLINE_CURVE_WITH_KNOTS('',7,(#934,#935,#936,#937,#938,#939,
    #940,#941,#942,#943,#944,#945,#946,#947,#948,#949,#950,#951,#952,
    #953,#954,#955,#956,#957,#958,#959,#960,#961,#962,#963,#964,#965,
    #966,#967,#968,#969,#970,#971,#972,#973,#974,#975,#976,#977,#978,
    #979,#980,#981,#982,#983,#984,#985,#986,#987,#988,#989),
  .UNSPECIFIED.,.F.,.F.,(8,6,6,6,6,6,6,6,6,8),(0.,7.64368880542E-03,
    2.140012612351E-02,4.236110764721E-02,8.29248693533E-02,
    0.153755963653,0.23752395184,0.442082357017,0.645523949082,1.),
  .UNSPECIFIED.);
#934 = CARTESIAN_POINT('',(1.2398446993,6.283185062253));
#935 = CARTESIAN_POINT('',(1.239844701047,6.287753803127));
#936 = CARTESIAN_POINT('',(1.239780432989,6.292313762942));
#937 = CARTESIAN_POINT('',(1.239652430626,6.296744979192));
#938 = CARTESIAN_POINT('',(1.239471249896,6.300988614811));
#939 = CARTESIAN_POINT('',(1.239249155348,6.305020366744));
#940 = CARTESIAN_POINT('',(1.238995904465,6.308836480372));
#941 = CARTESIAN_POINT('',(1.238219610621,6.318959928808));
#942 = CARTESIAN_POINT('',(1.237642475943,6.324822453886));
#943 = CARTESIAN_POINT('',(1.237019591585,6.330226474972));
#944 = CARTESIAN_POINT('',(1.236366049598,6.335233066037));
#945 = CARTESIAN_POINT('',(1.235693357166,6.339920406919));
#946 = CARTESIAN_POINT('',(1.235005084676,6.344345359075));
#947 = CARTESIAN_POINT('',(1.233226361334,6.355012420536));
#948 = CARTESIAN_POINT('',(1.232122425925,6.360942397608));
#949 = CARTESIAN_POINT('',(1.230999106992,6.366508663297));
#950 = CARTESIAN_POINT('',(1.22986194011,6.371779906513));
#951 = CARTESIAN_POINT('',(1.228714251392,6.376801683581));
#952 = CARTESIAN_POINT('',(1.227558229597,6.381617747346));
#953 = CARTESIAN_POINT('',(1.224141522339,6.395237458411));
#954 = CARTESIAN_POINT('',(1.221862424961,6.403546279607));
#955 = CARTESIAN_POINT('',(1.219566506005,6.411395149321));
#956 = CARTESIAN_POINT('',(1.217258139827,6.418866966604));
#957 = CARTESIAN_POINT('',(1.214940658173,6.426036351546));
#958 = CARTESIAN_POINT('',(1.21261554442,6.432948668254));
#959 = CARTESIAN_POINT('',(1.206210907264,6.451334669456));
#960 = CARTESIAN_POINT('',(1.202119058199,6.462357251137));
#961 = CARTESIAN_POINT('',(1.198014015211,6.472904208028));
#962 = CARTESIAN_POINT('',(1.193899070761,6.483071659407));
#963 = CARTESIAN_POINT('',(1.189776251589,6.492922365979));
#964 = CARTESIAN_POINT('',(1.185646984791,6.502511549));
#965 = CARTESIAN_POINT('',(1.176621260854,6.522949423004));
#966 = CARTESIAN_POINT('',(1.171722953482,6.533707912723));
#967 = CARTESIAN_POINT('',(1.166818406162,6.544213199616));
#968 = CARTESIAN_POINT('',(1.161908648912,6.554505955364));
#969 = CARTESIAN_POINT('',(1.15699440888,6.56461607295));
#970 = CARTESIAN_POINT('',(1.152076225902,6.574568078892));
#971 = CARTESIAN_POINT('',(1.135135645918,6.6083439376));
#972 = CARTESIAN_POINT('',(1.123095841697,6.631477399797));
#973 = CARTESIAN_POINT('',(1.111040610615,6.654060681083));
#974 = CARTESIAN_POINT('',(1.098972333439,6.676215292915));
#975 = CARTESIAN_POINT('',(1.086892773544,6.698040966813));
#976 = CARTESIAN_POINT('',(1.074802777566,6.719600309968));
#977 = CARTESIAN_POINT('',(1.050668839544,6.762172776208));
#978 = CARTESIAN_POINT('',(1.038625190101,6.783188056553));
#979 = CARTESIAN_POINT('',(1.026572427715,6.804038705175));
#980 = CARTESIAN_POINT('',(1.014510908316,6.824759888312));
#981 = CARTESIAN_POINT('',(1.002440812228,6.845377537136));
#982 = CARTESIAN_POINT('',(0.990362210867,6.865912000973));
#983 = CARTESIAN_POINT('',(0.957214644157,6.922048046731));
#984 = CARTESIAN_POINT('',(0.93612841475,6.95751722084));
#985 = CARTESIAN_POINT('',(0.91501658363,6.992881578075));
#986 = CARTESIAN_POINT('',(0.893878725722,7.028203129048));
#987 = CARTESIAN_POINT('',(0.87271417626,7.063530093336));
#988 = CARTESIAN_POINT('',(0.851522212388,7.098905107585));
#989 = CARTESIAN_POINT('',(0.83030209256,7.134365088155));
#990 = ( GEOMETRIC_REPRESENTATION_CONTEXT(2) 
PARAMETRIC_REPRESENTATION_CONTEXT() REPRESENTATION_CONTEXT('2D SPACE',''
  ) );
#991 = ORIENTED_EDGE('',*,*,#992,.T.);
#992 = EDGE_CURVE('',#806,#993,#995,.T.);
#993 = VERTEX_POINT('',#994);
#994 = CARTESIAN_POINT('',(22.757783377162,6.342209046404,0.500000937643
    ));
#995 = SURFACE_CURVE('',#996,(#1000,#1006),.PCURVE_S1.);
#996 = LINE('',#997,#998);
#997 = CARTESIAN_POINT('',(22.757783377162,6.342209046404,0.));
#998 = VECTOR('',#999,1.);
#999 = DIRECTION('',(-0.,-0.,-1.));
#1000 = PCURVE('',#697,#1001);
#1001 = DEFINITIONAL_REPRESENTATION('',(#1002),#1005);
#1002 = B_SPLINE_CURVE_WITH_KNOTS('',1,(#1003,#1004),.UNSPECIFIED.,.F.,
  .F.,(2,2),(-2.361008928571,-0.500000937643),.PIECEWISE_BEZIER_KNOTS.);
#1003 = CARTESIAN_POINT('',(-1.22421262758,-2.361008928571));
#1004 = CARTESIAN_POINT('',(-1.22421262758,-0.500000937643));
#1005 = ( GEOMETRIC_REPRESENTATION_CONTEXT(2) 
PARAMETRIC_REPRESENTATION_CONTEXT() REPRESENTATION_CONTEXT('2D SPACE',''
  ) );
#1006 = PCURVE('',#1007,#1012);
#1007 = CYLINDRICAL_SURFACE('',#1008,12.121502163205);
#1008 = AXIS2_PLACEMENT_3D('',#1009,#1010,#1011);
#1009 = CARTESIAN_POINT('',(18.818984068329,-5.121502163205,
    2.361008928571));
#1010 = DIRECTION('',(0.,0.,1.));
#1011 = DIRECTION('',(1.,3.60112258853E-09,0.));
#1012 = DEFINITIONAL_REPRESENTATION('',(#1013),#1016);
#1013 = B_SPLINE_CURVE_WITH_KNOTS('',1,(#1014,#1015),.UNSPECIFIED.,.F.,
  .F.,(2,2),(-2.361008928571,-0.500000937643),.PIECEWISE_BEZIER_KNOTS.);
#1014 = CARTESIAN_POINT('',(1.239844689197,0.));
#1015 = CARTESIAN_POINT('',(1.239844689197,-1.861007990929));
#1016 = ( GEOMETRIC_REPRESENTATION_CONTEXT(2) 
PARAMETRIC_REPRESENTATION_CONTEXT() REPRESENTATION_CONTEXT('2D SPACE',''
  ) );
#1017 = ORIENTED_EDGE('',*,*,#1018,.T.);
#1018 = EDGE_CURVE('',#993,#156,#1019,.T.);
#1019 = SURFACE_CURVE('',#1020,(#1077,#1137),.PCURVE_S1.);
#1020 = B_SPLINE_CURVE_WITH_KNOTS('',7,(#1021,#1022,#1023,#1024,#1025,
    #1026,#1027,#1028,#1029,#1030,#1031,#1032,#1033,#1034,#1035,#1036,
    #1037,#1038,#1039,#1040,#1041,#1042,#1043,#1044,#1045,#1046,#1047,
    #1048,#1049,#1050,#1051,#1052,#1053,#1054,#1055,#1056,#1057,#1058,
    #1059,#1060,#1061,#1062,#1063,#1064,#1065,#1066,#1067,#1068,#1069,
    #1070,#1071,#1072,#1073,#1074,#1075,#1076),.UNSPECIFIED.,.F.,.F.,(8,
    6,6,6,6,6,6,6,6,8),(0.,7.642929481452E-03,2.139879632021E-02,
    4.235915668392E-02,8.292218373149E-02,0.153752601979,0.237520379519,
    0.442078742887,0.645520282885,1.),.UNSPECIFIED.);
#1021 = CARTESIAN_POINT('',(22.757783377201,6.34220904639,0.500000815179
    ));
#1022 = CARTESIAN_POINT('',(22.757783166875,6.342209122352,
    0.497716674366));
#1023 = CARTESIAN_POINT('',(22.758515620453,6.341944582514,
    0.495436905372));
#1024 = CARTESIAN_POINT('',(22.759974671842,6.341417651748,
    0.493221559258));
#1025 = CARTESIAN_POINT('',(22.762039861127,6.340671372507,
    0.491100125028));
#1026 = CARTESIAN_POINT('',(22.764571208786,6.339755761104,
    0.489084790894));
#1027 = CARTESIAN_POINT('',(22.767457340897,6.338710637676,
    0.487177437767));
#1028 = CARTESIAN_POINT('',(22.776303427968,6.335503426501,
    0.482117966489));
#1029 = CARTESIAN_POINT('',(22.782879010015,6.333115298471,
    0.479188667453));
#1030 = CARTESIAN_POINT('',(22.789973920133,6.330532466211,
    0.476489216976));
#1031 = CARTESIAN_POINT('',(22.797415709901,6.327816203189,0.4739890235)
  );
#1032 = CARTESIAN_POINT('',(22.805073056958,6.325013662469,
    0.471648947094));
#1033 = CARTESIAN_POINT('',(22.812905145169,6.322139309546,0.46944052438
    ));
#1034 = CARTESIAN_POINT('',(22.833138939618,6.314692374427,
    0.464118371693));
#1035 = CARTESIAN_POINT('',(22.845690421656,6.310053823936,
    0.461161285696));
#1036 = CARTESIAN_POINT('',(22.858455366633,6.305315772186,
    0.458387025378));
#1037 = CARTESIAN_POINT('',(22.871370448479,6.300500604326,
    0.455761189295));
#1038 = CARTESIAN_POINT('',(22.884397620213,6.295621827282,
    0.453260955455));
#1039 = CARTESIAN_POINT('',(22.897511801104,6.290688255701,
    0.450864416774));
#1040 = CARTESIAN_POINT('',(22.936249309675,6.27604888635,0.44409067773)
  );
#1041 = CARTESIAN_POINT('',(22.962060281593,6.26621056487,0.439963137524
    ));
#1042 = CARTESIAN_POINT('',(22.98803168759,6.256224046693,0.436068491707
    ));
#1043 = CARTESIAN_POINT('',(23.014113108868,6.246106874656,
    0.432365208279));
#1044 = CARTESIAN_POINT('',(23.040266114817,6.235872560207,
    0.428815916367));
#1045 = CARTESIAN_POINT('',(23.066473346868,6.225526992204,
    0.425397906902));
#1046 = CARTESIAN_POINT('',(23.138573710083,6.19681523146,0.416317171078
    ));
#1047 = CARTESIAN_POINT('',(23.184539309218,6.178234403254,
    0.410885597675));
#1048 = CARTESIAN_POINT('',(23.230551553582,6.159353962403,
    0.405700118104));
#1049 = CARTESIAN_POINT('',(23.27657089165,6.140187355784,0.400712707929
    ));
#1050 = CARTESIAN_POINT('',(23.322572343758,6.120743185264,
    0.395892071189));
#1051 = CARTESIAN_POINT('',(23.368537753223,6.101027555046,
    0.391210710389));
#1052 = CARTESIAN_POINT('',(23.468769023306,6.057407006597,
    0.381257803341));
#1053 = CARTESIAN_POINT('',(23.523011650618,6.033397174674,
    0.376034801322));
#1054 = CARTESIAN_POINT('',(23.57716644563,6.009019922279,0.370950747446
    ));
#1055 = CARTESIAN_POINT('',(23.63121868265,5.984280283374,0.365985575255
    ));
#1056 = CARTESIAN_POINT('',(23.685157144355,5.959182191955,
    0.361124629836));
#1057 = CARTESIAN_POINT('',(23.738972767493,5.933728863477,
    0.356355954688));
#1058 = CARTESIAN_POINT('',(23.923757974617,5.844904904057,
    0.340228208805));
#1059 = CARTESIAN_POINT('',(24.054078954602,5.779785427841,0.32928150439
    ));
#1060 = CARTESIAN_POINT('',(24.183515891363,5.71260235572,0.318695267548
    ));
#1061 = CARTESIAN_POINT('',(24.312000646532,5.643383654503,
    0.308413790926));
#1062 = CARTESIAN_POINT('',(24.439472756777,5.57215613311,0.298392381584
    ));
#1063 = CARTESIAN_POINT('',(24.565882694424,5.49894383153,0.288605063424
    ));
#1064 = CARTESIAN_POINT('',(24.815804933423,5.349005659221,
    0.269510306555));
#1065 = CARTESIAN_POINT('',(24.939327381566,5.272302287063,
    0.260200613651));
#1066 = CARTESIAN_POINT('',(25.061707678361,5.193683113039,
    0.251083794019));
#1067 = CARTESIAN_POINT('',(25.182903600038,5.113171881609,
    0.242147710518));
#1068 = CARTESIAN_POINT('',(25.302875477542,5.030792576178,
    0.233384940188));
#1069 = CARTESIAN_POINT('',(25.421585437361,4.946569611569,
    0.224790947469));
#1070 = CARTESIAN_POINT('',(25.743575759898,4.710607824641,
    0.201675976236));
#1071 = CARTESIAN_POINT('',(25.944211933893,4.555166256637,
    0.187491833815));
#1072 = CARTESIAN_POINT('',(26.140710613412,4.394335999564,
    0.173793992122));
#1073 = CARTESIAN_POINT('',(26.332889052555,4.228255236079,
    0.160582713111));
#1074 = CARTESIAN_POINT('',(26.520572883239,4.057068433801,0.1478661855)
  );
#1075 = CARTESIAN_POINT('',(26.703594572496,3.880926864118,
    0.135656638308));
#1076 = CARTESIAN_POINT('',(26.881793764237,3.699988860413,
    0.123970741164));
#1077 = PCURVE('',#697,#1078);
#1078 = DEFINITIONAL_REPRESENTATION('',(#1079),#1136);
#1079 = B_SPLINE_CURVE_WITH_KNOTS('',7,(#1080,#1081,#1082,#1083,#1084,
    #1085,#1086,#1087,#1088,#1089,#1090,#1091,#1092,#1093,#1094,#1095,
    #1096,#1097,#1098,#1099,#1100,#1101,#1102,#1103,#1104,#1105,#1106,
    #1107,#1108,#1109,#1110,#1111,#1112,#1113,#1114,#1115,#1116,#1117,
    #1118,#1119,#1120,#1121,#1122,#1123,#1124,#1125,#1126,#1127,#1128,
    #1129,#1130,#1131,#1132,#1133,#1134,#1135),.UNSPECIFIED.,.F.,.F.,(8,
    6,6,6,6,6,6,6,6,8),(0.,7.642929481452E-03,2.139879632021E-02,
    4.235915668392E-02,8.292218373149E-02,0.153752601979,0.237520379519,
    0.442078742887,0.645520282885,1.),.UNSPECIFIED.);
#1080 = CARTESIAN_POINT('',(-1.224212627577,-0.500000815179));
#1081 = CARTESIAN_POINT('',(-1.224212647791,-0.497716674366));
#1082 = CARTESIAN_POINT('',(-1.224142251266,-0.495436905372));
#1083 = CARTESIAN_POINT('',(-1.224002022058,-0.493221559258));
#1084 = CARTESIAN_POINT('',(-1.223803523399,-0.491100125028));
#1085 = CARTESIAN_POINT('',(-1.2235601922,-0.489084790894));
#1086 = CARTESIAN_POINT('',(-1.223282720183,-0.487177437767));
#1087 = CARTESIAN_POINT('',(-1.222432140215,-0.482117966489));
#1088 = CARTESIAN_POINT('',(-1.221799750207,-0.479188667453));
#1089 = CARTESIAN_POINT('',(-1.221117227107,-0.476489216976));
#1090 = CARTESIAN_POINT('',(-1.22040111325,-0.4739890235));
#1091 = CARTESIAN_POINT('',(-1.219664020737,-0.471648947094));
#1092 = CARTESIAN_POINT('',(-1.218909863152,-0.46944052438));
#1093 = CARTESIAN_POINT('',(-1.216960874379,-0.464118371693));
#1094 = CARTESIAN_POINT('',(-1.215751277693,-0.461161285696));
#1095 = CARTESIAN_POINT('',(-1.214520463144,-0.458387025378));
#1096 = CARTESIAN_POINT('',(-1.213274498436,-0.455761189295));
#1097 = CARTESIAN_POINT('',(-1.212017029415,-0.453260955455));
#1098 = CARTESIAN_POINT('',(-1.210750455418,-0.450864416774));
#1099 = CARTESIAN_POINT('',(-1.207007050221,-0.44409067773));
#1100 = CARTESIAN_POINT('',(-1.204510117182,-0.439963137524));
#1101 = CARTESIAN_POINT('',(-1.201994857741,-0.436068491707));
#1102 = CARTESIAN_POINT('',(-1.199466068766,-0.432365208279));
#1103 = CARTESIAN_POINT('',(-1.196927404198,-0.428815916367));
#1104 = CARTESIAN_POINT('',(-1.194380492175,-0.425397906902));
#1105 = CARTESIAN_POINT('',(-1.18736518113,-0.416317171078));
#1106 = CARTESIAN_POINT('',(-1.18288351808,-0.410885597675));
#1107 = CARTESIAN_POINT('',(-1.178387772629,-0.405700118104));
#1108 = CARTESIAN_POINT('',(-1.173881565372,-0.400712707929));
#1109 = CARTESIAN_POINT('',(-1.16936712929,-0.395892071189));
#1110 = CARTESIAN_POINT('',(-1.164846040281,-0.391210710389));
#1111 = CARTESIAN_POINT('',(-1.154964751706,-0.381257803341));
#1112 = CARTESIAN_POINT('',(-1.149602693464,-0.376034801322));
#1113 = CARTESIAN_POINT('',(-1.144234410988,-0.370950747446));
#1114 = CARTESIAN_POINT('',(-1.138861052481,-0.365985575255));
#1115 = CARTESIAN_POINT('',(-1.13348343408,-0.361124629836));
#1116 = CARTESIAN_POINT('',(-1.128102166623,-0.356355954688));
#1117 = CARTESIAN_POINT('',(-1.109568829341,-0.340228208805));
#1118 = CARTESIAN_POINT('',(-1.096401113388,-0.32928150439));
#1119 = CARTESIAN_POINT('',(-1.083220893102,-0.318695267548));
#1120 = CARTESIAN_POINT('',(-1.070031055398,-0.308413790926));
#1121 = CARTESIAN_POINT('',(-1.056833809905,-0.298392381584));
#1122 = CARTESIAN_POINT('',(-1.043630361567,-0.288605063424));
#1123 = CARTESIAN_POINT('',(-1.01728467972,-0.269510306555));
#1124 = CARTESIAN_POINT('',(-1.004142706091,-0.260200613651));
#1125 = CARTESIAN_POINT('',(-0.990996469766,-0.251083794019));
#1126 = CARTESIAN_POINT('',(-0.977846633121,-0.242147710518));
#1127 = CARTESIAN_POINT('',(-0.964693665857,-0.233384940188));
#1128 = CARTESIAN_POINT('',(-0.95153791814,-0.224790947469));
#1129 = CARTESIAN_POINT('',(-0.915452598047,-0.201675976236));
#1130 = CARTESIAN_POINT('',(-0.892517975141,-0.187491833815));
#1131 = CARTESIAN_POINT('',(-0.869577413914,-0.173793992122));
#1132 = CARTESIAN_POINT('',(-0.84663188303,-0.160582713111));
#1133 = CARTESIAN_POINT('',(-0.823682086097,-0.1478661855));
#1134 = CARTESIAN_POINT('',(-0.800728658894,-0.135656638308));
#1135 = CARTESIAN_POINT('',(-0.777772208667,-0.123970741164));
#1136 = ( GEOMETRIC_REPRESENTATION_CONTEXT(2) 
PARAMETRIC_REPRESENTATION_CONTEXT() REPRESENTATION_CONTEXT('2D SPACE',''
  ) );
#1137 = PCURVE('',#219,#1138);
#1138 = DEFINITIONAL_REPRESENTATION('',(#1139),#1196);
#1139 = B_SPLINE_CURVE_WITH_KNOTS('',7,(#1140,#1141,#1142,#1143,#1144,
    #1145,#1146,#1147,#1148,#1149,#1150,#1151,#1152,#1153,#1154,#1155,
    #1156,#1157,#1158,#1159,#1160,#1161,#1162,#1163,#1164,#1165,#1166,
    #1167,#1168,#1169,#1170,#1171,#1172,#1173,#1174,#1175,#1176,#1177,
    #1178,#1179,#1180,#1181,#1182,#1183,#1184,#1185,#1186,#1187,#1188,
    #1189,#1190,#1191,#1192,#1193,#1194,#1195),.UNSPECIFIED.,.F.,.F.,(8,
    6,6,6,6,6,6,6,6,8),(0.,7.642929481452E-03,2.139879632021E-02,
    4.235915668392E-02,8.292218373149E-02,0.153752601979,0.237520379519,
    0.442078742887,0.645520282885,1.),.UNSPECIFIED.);
#1140 = CARTESIAN_POINT('',(1.239844699296,6.283186937538));
#1141 = CARTESIAN_POINT('',(1.239844717743,6.278618655912));
#1142 = CARTESIAN_POINT('',(1.239780479296,6.274059118888));
#1143 = CARTESIAN_POINT('',(1.239652516953,6.269628267645));
#1144 = CARTESIAN_POINT('',(1.239471381968,6.265384939917));
#1145 = CARTESIAN_POINT('',(1.239249335288,6.261353447226));
#1146 = CARTESIAN_POINT('',(1.238996132947,6.257537554309));
#1147 = CARTESIAN_POINT('',(1.238219946846,6.247414277532));
#1148 = CARTESIAN_POINT('',(1.237642863129,6.241551723782));
#1149 = CARTESIAN_POINT('',(1.237020024604,6.236147684461));
#1150 = CARTESIAN_POINT('',(1.23636652547,6.2311410866));
#1151 = CARTESIAN_POINT('',(1.235693874227,6.226453750963));
#1152 = CARTESIAN_POINT('',(1.235005641778,6.222028812056));
#1153 = CARTESIAN_POINT('',(1.23322700313,6.21136171408));
#1154 = CARTESIAN_POINT('',(1.232123110805,6.205431711276));
#1155 = CARTESIAN_POINT('',(1.230999833352,6.199865434436));
#1156 = CARTESIAN_POINT('',(1.22986270696,6.1945941912));
#1157 = CARTESIAN_POINT('',(1.228715058068,6.189572423216));
#1158 = CARTESIAN_POINT('',(1.227559075638,6.184756374645));
#1159 = CARTESIAN_POINT('',(1.224142456337,6.171136617693));
#1160 = CARTESIAN_POINT('',(1.221863406032,6.162827765459));
#1161 = CARTESIAN_POINT('',(1.219567533132,6.154978881608));
#1162 = CARTESIAN_POINT('',(1.217259212329,6.14750706412));
#1163 = CARTESIAN_POINT('',(1.214941775671,6.140337688118));
#1164 = CARTESIAN_POINT('',(1.212616706591,6.133425387821));
#1165 = CARTESIAN_POINT('',(1.206212156255,6.115039346387));
#1166 = CARTESIAN_POINT('',(1.202120348594,6.104016731601));
#1167 = CARTESIAN_POINT('',(1.198015346421,6.093469757744));
#1168 = CARTESIAN_POINT('',(1.193900442411,6.083302301144));
#1169 = CARTESIAN_POINT('',(1.189777663416,6.07345159872));
#1170 = CARTESIAN_POINT('',(1.185648436611,6.063862426564));
#1171 = CARTESIAN_POINT('',(1.176622765156,6.043424510572));
#1172 = CARTESIAN_POINT('',(1.171724470145,6.032665974697));
#1173 = CARTESIAN_POINT('',(1.166819934965,6.022160650357));
#1174 = CARTESIAN_POINT('',(1.161910189694,6.01186786395));
#1175 = CARTESIAN_POINT('',(1.156995961518,6.001757721234));
#1176 = CARTESIAN_POINT('',(1.152077790299,5.991805694661));
#1177 = CARTESIAN_POINT('',(1.135137222735,5.958029722635));
#1178 = CARTESIAN_POINT('',(1.123097418698,5.934896190429));
#1179 = CARTESIAN_POINT('',(1.111042187523,5.912312853204));
#1180 = CARTESIAN_POINT('',(1.098973910065,5.890158196285));
#1181 = CARTESIAN_POINT('',(1.086894349777,5.868332484762));
#1182 = CARTESIAN_POINT('',(1.074804353322,5.846773109998));
#1183 = CARTESIAN_POINT('',(1.050670414816,5.804200591127));
#1184 = CARTESIAN_POINT('',(1.038626765383,5.783185289712));
#1185 = CARTESIAN_POINT('',(1.026574002967,5.762334623503));
#1186 = CARTESIAN_POINT('',(1.014512483517,5.741613425518));
#1187 = CARTESIAN_POINT('',(1.002442387362,5.720995764114));
#1188 = CARTESIAN_POINT('',(0.990363785926,5.700461289641));
#1189 = CARTESIAN_POINT('',(0.957215995789,5.644324841202));
#1190 = CARTESIAN_POINT('',(0.936129542477,5.608855282585));
#1191 = CARTESIAN_POINT('',(0.915017486925,5.573490545695));
#1192 = CARTESIAN_POINT('',(0.893879404048,5.538168617536));
#1193 = CARTESIAN_POINT('',(0.872714629063,5.502841276878));
#1194 = CARTESIAN_POINT('',(0.85152243909,5.467465885606));
#1195 = CARTESIAN_POINT('',(0.83030209256,5.432005526204));
#1196 = ( GEOMETRIC_REPRESENTATION_CONTEXT(2) 
PARAMETRIC_REPRESENTATION_CONTEXT() REPRESENTATION_CONTEXT('2D SPACE',''
  ) );
#1197 = ADVANCED_FACE('',(#1198),#767,.T.);
#1198 = FACE_BOUND('',#1199,.T.);
#1199 = EDGE_LOOP('',(#1200,#1221,#1247));
#1200 = ORIENTED_EDGE('',*,*,#1201,.F.);
#1201 = EDGE_CURVE('',#1202,#751,#1204,.T.);
#1202 = VERTEX_POINT('',#1203);
#1203 = CARTESIAN_POINT('',(26.87327371885,3.690667204953,2.861008928571
    ));
#1204 = SURFACE_CURVE('',#1205,(#1209,#1215),.PCURVE_S1.);
#1205 = LINE('',#1206,#1207);
#1206 = CARTESIAN_POINT('',(22.859199211774,-0.701119477868,
    2.861008928571));
#1207 = VECTOR('',#1208,1.);
#1208 = DIRECTION('',(0.674652623482,0.738135378931,0.));
#1209 = PCURVE('',#767,#1210);
#1210 = DEFINITIONAL_REPRESENTATION('',(#1211),#1214);
#1211 = B_SPLINE_CURVE_WITH_KNOTS('',1,(#1212,#1213),.UNSPECIFIED.,.F.,
  .F.,(2,2),(5.632919446325,7.132919568789),.PIECEWISE_BEZIER_KNOTS.);
#1212 = CARTESIAN_POINT('',(14.139924022136,3.456737646557));
#1213 = CARTESIAN_POINT('',(15.151903039978,4.563940805348));
#1214 = ( GEOMETRIC_REPRESENTATION_CONTEXT(2) 
PARAMETRIC_REPRESENTATION_CONTEXT() REPRESENTATION_CONTEXT('2D SPACE',''
  ) );
#1215 = PCURVE('',#794,#1216);
#1216 = DEFINITIONAL_REPRESENTATION('',(#1217),#1220);
#1217 = B_SPLINE_CURVE_WITH_KNOTS('',1,(#1218,#1219),.UNSPECIFIED.,.F.,
  .F.,(2,2),(5.632919446325,7.132919568789),.PIECEWISE_BEZIER_KNOTS.);
#1218 = CARTESIAN_POINT('',(-0.82523829732,1.430504469434));
#1219 = CARTESIAN_POINT('',(0.674761825143,1.430504469434));
#1220 = ( GEOMETRIC_REPRESENTATION_CONTEXT(2) 
PARAMETRIC_REPRESENTATION_CONTEXT() REPRESENTATION_CONTEXT('2D SPACE',''
  ) );
#1221 = ORIENTED_EDGE('',*,*,#1222,.T.);
#1222 = EDGE_CURVE('',#1202,#728,#1223,.T.);
#1223 = SURFACE_CURVE('',#1224,(#1229,#1240),.PCURVE_S1.);
#1224 = CIRCLE('',#1225,5.);
#1225 = AXIS2_PLACEMENT_3D('',#1226,#1227,#1228);
#1226 = CARTESIAN_POINT('',(23.5,0.,2.861008928571));
#1227 = DIRECTION('',(0.,0.,-1.));
#1228 = DIRECTION('',(1.,0.,0.));
#1229 = PCURVE('',#767,#1230);
#1230 = DEFINITIONAL_REPRESENTATION('',(#1231),#1239);
#1231 = ( BOUNDED_CURVE() B_SPLINE_CURVE(2,(#1232,#1233,#1234,#1235,
#1236,#1237,#1238),.UNSPECIFIED.,.T.,.F.) B_SPLINE_CURVE_WITH_KNOTS((1,2
    ,2,2,2,1),(-2.094395102393,0.,2.094395102393,4.188790204786,
6.28318530718,8.377580409573),.UNSPECIFIED.) CURVE() 
GEOMETRIC_REPRESENTATION_ITEM() RATIONAL_B_SPLINE_CURVE((1.,0.5,1.,0.5,
1.,0.5,1.)) REPRESENTATION_ITEM('') );
#1232 = CARTESIAN_POINT('',(15.980460928038,-5.574809717181E-09));
#1233 = CARTESIAN_POINT('',(15.980460928038,-8.660254043419));
#1234 = CARTESIAN_POINT('',(8.480460928038,-4.330127024497));
#1235 = CARTESIAN_POINT('',(0.980460928038,-5.574810941828E-09));
#1236 = CARTESIAN_POINT('',(8.480460928038,4.330127013347));
#1237 = CARTESIAN_POINT('',(15.980460928038,8.66025403227));
#1238 = CARTESIAN_POINT('',(15.980460928038,-5.574809717181E-09));
#1239 = ( GEOMETRIC_REPRESENTATION_CONTEXT(2) 
PARAMETRIC_REPRESENTATION_CONTEXT() REPRESENTATION_CONTEXT('2D SPACE',''
  ) );
#1240 = PCURVE('',#140,#1241);
#1241 = DEFINITIONAL_REPRESENTATION('',(#1242),#1246);
#1242 = LINE('',#1243,#1244);
#1243 = CARTESIAN_POINT('',(-6.28318530718,5.));
#1244 = VECTOR('',#1245,1.);
#1245 = DIRECTION('',(1.,-0.));
#1246 = ( GEOMETRIC_REPRESENTATION_CONTEXT(2) 
PARAMETRIC_REPRESENTATION_CONTEXT() REPRESENTATION_CONTEXT('2D SPACE',''
  ) );
#1247 = ORIENTED_EDGE('',*,*,#750,.T.);
#1248 = ADVANCED_FACE('',(#1249),#794,.F.);
#1249 = FACE_BOUND('',#1250,.F.);
#1250 = EDGE_LOOP('',(#1251,#1252,#1274,#1296));
#1251 = ORIENTED_EDGE('',*,*,#1201,.F.);
#1252 = ORIENTED_EDGE('',*,*,#1253,.T.);
#1253 = EDGE_CURVE('',#1202,#1254,#1256,.T.);
#1254 = VERTEX_POINT('',#1255);
#1255 = CARTESIAN_POINT('',(26.8732737664,3.690667161492,2.747741470107)
  );
#1256 = SURFACE_CURVE('',#1257,(#1261,#1267),.PCURVE_S1.);
#1257 = LINE('',#1258,#1259);
#1258 = CARTESIAN_POINT('',(26.87327371885,3.690667204953,1.430504464286
    ));
#1259 = VECTOR('',#1260,1.);
#1260 = DIRECTION('',(-0.,-0.,-1.));
#1261 = PCURVE('',#794,#1262);
#1262 = DEFINITIONAL_REPRESENTATION('',(#1263),#1266);
#1263 = B_SPLINE_CURVE_WITH_KNOTS('',1,(#1264,#1265),.UNSPECIFIED.,.F.,
  .F.,(2,2),(-1.442901538402,-1.294136649005),.PIECEWISE_BEZIER_KNOTS.);
#1264 = CARTESIAN_POINT('',(-0.508318719288,1.44290154355));
#1265 = CARTESIAN_POINT('',(-0.508318719288,1.294136654153));
#1266 = ( GEOMETRIC_REPRESENTATION_CONTEXT(2) 
PARAMETRIC_REPRESENTATION_CONTEXT() REPRESENTATION_CONTEXT('2D SPACE',''
  ) );
#1267 = PCURVE('',#140,#1268);
#1268 = DEFINITIONAL_REPRESENTATION('',(#1269),#1273);
#1269 = LINE('',#1270,#1271);
#1270 = CARTESIAN_POINT('',(-0.830299466931,6.430504464286));
#1271 = VECTOR('',#1272,1.);
#1272 = DIRECTION('',(-0.,1.));
#1273 = ( GEOMETRIC_REPRESENTATION_CONTEXT(2) 
PARAMETRIC_REPRESENTATION_CONTEXT() REPRESENTATION_CONTEXT('2D SPACE',''
  ) );
#1274 = ORIENTED_EDGE('',*,*,#1275,.F.);
#1275 = EDGE_CURVE('',#780,#1254,#1276,.T.);
#1276 = SURFACE_CURVE('',#1277,(#1282,#1289),.PCURVE_S1.);
#1277 = CIRCLE('',#1278,0.5);
#1278 = AXIS2_PLACEMENT_3D('',#1279,#1280,#1281);
#1279 = CARTESIAN_POINT('',(26.659463164998,3.456737753239,
    2.361008928571));
#1280 = DIRECTION('',(0.738135207994,-0.674652810503,0.));
#1281 = DIRECTION('',(0.674652810503,0.738135207994,0.));
#1282 = PCURVE('',#794,#1283);
#1283 = DEFINITIONAL_REPRESENTATION('',(#1284),#1288);
#1284 = CIRCLE('',#1285,0.5);
#1285 = AXIS2_PLACEMENT_2D('',#1286,#1287);
#1286 = CARTESIAN_POINT('',(-0.825238174857,0.930504469434));
#1287 = DIRECTION('',(1.,-2.855832999723E-22));
#1288 = ( GEOMETRIC_REPRESENTATION_CONTEXT(2) 
PARAMETRIC_REPRESENTATION_CONTEXT() REPRESENTATION_CONTEXT('2D SPACE',''
  ) );
#1289 = PCURVE('',#927,#1290);
#1290 = DEFINITIONAL_REPRESENTATION('',(#1291),#1295);
#1291 = LINE('',#1292,#1293);
#1292 = CARTESIAN_POINT('',(0.83030209256,0.));
#1293 = VECTOR('',#1294,1.);
#1294 = DIRECTION('',(0.,1.));
#1295 = ( GEOMETRIC_REPRESENTATION_CONTEXT(2) 
PARAMETRIC_REPRESENTATION_CONTEXT() REPRESENTATION_CONTEXT('2D SPACE',''
  ) );
#1296 = ORIENTED_EDGE('',*,*,#779,.F.);
#1297 = ADVANCED_FACE('',(#1298),#927,.T.);
#1298 = FACE_BOUND('',#1299,.T.);
#1299 = EDGE_LOOP('',(#1300,#1330,#1429,#1430,#1431,#1454));
#1300 = ORIENTED_EDGE('',*,*,#1301,.F.);
#1301 = EDGE_CURVE('',#1302,#1304,#1306,.T.);
#1302 = VERTEX_POINT('',#1303);
#1303 = CARTESIAN_POINT('',(24.844760074647,4.815767887018,
    2.861008928571));
#1304 = VERTEX_POINT('',#1305);
#1305 = CARTESIAN_POINT('',(18.818986914749,6.5,2.861008928571));
#1306 = SURFACE_CURVE('',#1307,(#1312,#1318),.PCURVE_S1.);
#1307 = CIRCLE('',#1308,11.621502163205);
#1308 = AXIS2_PLACEMENT_3D('',#1309,#1310,#1311);
#1309 = CARTESIAN_POINT('',(18.818984068329,-5.121502163205,
    2.861008928571));
#1310 = DIRECTION('',(-0.,0.,1.));
#1311 = DIRECTION('',(1.,-6.501877519412E-09,0.));
#1312 = PCURVE('',#927,#1313);
#1313 = DEFINITIONAL_REPRESENTATION('',(#1314),#1317);
#1314 = B_SPLINE_CURVE_WITH_KNOTS('',1,(#1315,#1316),.UNSPECIFIED.,.F.,
  .F.,(2,2),(0.83030209256,1.57079608837),.PIECEWISE_BEZIER_KNOTS.);
#1315 = CARTESIAN_POINT('',(0.83030209256,7.853981389047));
#1316 = CARTESIAN_POINT('',(1.57079608837,7.853981389047));
#1317 = ( GEOMETRIC_REPRESENTATION_CONTEXT(2) 
PARAMETRIC_REPRESENTATION_CONTEXT() REPRESENTATION_CONTEXT('2D SPACE',''
  ) );
#1318 = PCURVE('',#1319,#1324);
#1319 = PLANE('',#1320);
#1320 = AXIS2_PLACEMENT_3D('',#1321,#1322,#1323);
#1321 = CARTESIAN_POINT('',(12.519539071962,5.574809717181E-09,
    2.861008928571));
#1322 = DIRECTION('',(0.,0.,1.));
#1323 = DIRECTION('',(1.,0.,0.));
#1324 = DEFINITIONAL_REPRESENTATION('',(#1325),#1329);
#1325 = CIRCLE('',#1326,11.621502163205);
#1326 = AXIS2_PLACEMENT_2D('',#1327,#1328);
#1327 = CARTESIAN_POINT('',(6.299444996367,-5.12150216878));
#1328 = DIRECTION('',(1.,-6.501877519412E-09));
#1329 = ( GEOMETRIC_REPRESENTATION_CONTEXT(2) 
PARAMETRIC_REPRESENTATION_CONTEXT() REPRESENTATION_CONTEXT('2D SPACE',''
  ) );
#1330 = ORIENTED_EDGE('',*,*,#1331,.T.);
#1331 = EDGE_CURVE('',#1302,#1254,#1332,.T.);
#1332 = SURFACE_CURVE('',#1333,(#1354,#1378),.PCURVE_S1.);
#1333 = B_SPLINE_CURVE_WITH_KNOTS('',7,(#1334,#1335,#1336,#1337,#1338,
    #1339,#1340,#1341,#1342,#1343,#1344,#1345,#1346,#1347,#1348,#1349,
    #1350,#1351,#1352,#1353),.UNSPECIFIED.,.F.,.F.,(8,6,6,8),(0.,
    0.302004320376,0.563396476123,1.),.UNSPECIFIED.);
#1334 = CARTESIAN_POINT('',(24.844760512439,4.815767764769,
    2.861008928571));
#1335 = CARTESIAN_POINT('',(24.93534880488,4.790471784348,2.861008919889
    ));
#1336 = CARTESIAN_POINT('',(25.026278216127,4.762937522151,
    2.859510669235));
#1337 = CARTESIAN_POINT('',(25.117361731412,4.733140758388,
    2.856708375153));
#1338 = CARTESIAN_POINT('',(25.208444011429,4.701065689708,
    2.852785629053));
#1339 = CARTESIAN_POINT('',(25.299399374614,4.666698783061,
    2.847919177778));
#1340 = CARTESIAN_POINT('',(25.390129779431,4.630022629569,
    2.842282686169));
#1341 = CARTESIAN_POINT('',(25.558834812522,4.557243234946,
    2.830656389134));
#1342 = CARTESIAN_POINT('',(25.636875846166,4.521729704304,2.82481673183
    ));
#1343 = CARTESIAN_POINT('',(25.71463852765,4.484452216438,2.818644133589
    ));
#1344 = CARTESIAN_POINT('',(25.792076545442,4.445393846558,
    2.812253629422));
#1345 = CARTESIAN_POINT('',(25.869144350334,4.404537343128,
    2.805763397139));
#1346 = CARTESIAN_POINT('',(25.945796849356,4.361864735895,
    2.799295471001));
#1347 = CARTESIAN_POINT('',(26.149253075517,4.243015543828,
    2.782421798619));
#1348 = CARTESIAN_POINT('',(26.275287144454,4.163522547384,2.77227713609
    ));
#1349 = CARTESIAN_POINT('',(26.399800777688,4.078827133178,
    2.763139271086));
#1350 = CARTESIAN_POINT('',(26.522399342215,3.988953330225,
    2.755621492302));
#1351 = CARTESIAN_POINT('',(26.642601596329,3.894031003774,
    2.750366777169));
#1352 = CARTESIAN_POINT('',(26.759798816159,3.794383363544,
    2.747741140967));
#1353 = CARTESIAN_POINT('',(26.8732737664,3.690667161492,2.747741470107)
  );
#1354 = PCURVE('',#927,#1355);
#1355 = DEFINITIONAL_REPRESENTATION('',(#1356),#1377);
#1356 = B_SPLINE_CURVE_WITH_KNOTS('',7,(#1357,#1358,#1359,#1360,#1361,
    #1362,#1363,#1364,#1365,#1366,#1367,#1368,#1369,#1370,#1371,#1372,
    #1373,#1374,#1375,#1376),.UNSPECIFIED.,.F.,.F.,(8,6,6,8),(0.,
    0.302004320376,0.563396476123,1.),.UNSPECIFIED.);
#1357 = CARTESIAN_POINT('',(1.025697775934,7.853981389047));
#1358 = CARTESIAN_POINT('',(1.017903954194,7.803300879464));
#1359 = CARTESIAN_POINT('',(1.010024830486,7.754446824739));
#1360 = CARTESIAN_POINT('',(1.00207049492,7.707363722962));
#1361 = CARTESIAN_POINT('',(0.994048445142,7.662026241907));
#1362 = CARTESIAN_POINT('',(0.985963610179,7.618439258766));
#1363 = CARTESIAN_POINT('',(0.977818374279,7.576637899887));
#1364 = CARTESIAN_POINT('',(0.962510302264,7.502109597998));
#1365 = CARTESIAN_POINT('',(0.955363391235,7.46892234683));
#1366 = CARTESIAN_POINT('',(0.948171818926,7.437168599398));
#1367 = CARTESIAN_POINT('',(0.940935300671,7.406916494844));
#1368 = CARTESIAN_POINT('',(0.933653313544,7.378258836342));
#1369 = CARTESIAN_POINT('',(0.926325094032,7.351312388383));
#1370 = CARTESIAN_POINT('',(0.90663040184,7.284300617808));
#1371 = CARTESIAN_POINT('',(0.894174133437,7.247529693482));
#1372 = CARTESIAN_POINT('',(0.881583581401,7.216593239061));
#1373 = CARTESIAN_POINT('',(0.868870621337,7.192337379383));
#1374 = CARTESIAN_POINT('',(0.856056519959,7.175759565754));
#1375 = CARTESIAN_POINT('',(0.843179195423,7.167474152682));
#1376 = CARTESIAN_POINT('',(0.83030209256,7.167475191242));
#1377 = ( GEOMETRIC_REPRESENTATION_CONTEXT(2) 
PARAMETRIC_REPRESENTATION_CONTEXT() REPRESENTATION_CONTEXT('2D SPACE',''
  ) );
#1378 = PCURVE('',#140,#1379);
#1379 = DEFINITIONAL_REPRESENTATION('',(#1380),#1428);
#1380 = B_SPLINE_CURVE_WITH_KNOTS('',3,(#1381,#1382,#1383,#1384,#1385,
    #1386,#1387,#1388,#1389,#1390,#1391,#1392,#1393,#1394,#1395,#1396,
    #1397,#1398,#1399,#1400,#1401,#1402,#1403,#1404,#1405,#1406,#1407,
    #1408,#1409,#1410,#1411,#1412,#1413,#1414,#1415,#1416,#1417,#1418,
    #1419,#1420,#1421,#1422,#1423,#1424,#1425,#1426,#1427),
  .UNSPECIFIED.,.F.,.F.,(4,1,1,1,1,1,1,1,1,1,1,1,1,1,1,1,1,1,1,1,1,1,1,1
    ,1,1,1,1,1,1,1,1,1,1,1,1,1,1,1,1,1,1,1,1,4),(0.,2.272727272727E-02,
    4.545454545455E-02,6.818181818182E-02,9.090909090909E-02,
    0.113636363636,0.136363636364,0.159090909091,0.181818181818,
    0.204545454545,0.227272727273,0.25,0.272727272727,0.295454545455,
    0.318181818182,0.340909090909,0.363636363636,0.386363636364,
    0.409090909091,0.431818181818,0.454545454545,0.477272727273,0.5,
    0.522727272727,0.545454545455,0.568181818182,0.590909090909,
    0.613636363636,0.636363636364,0.659090909091,0.681818181818,
    0.704545454545,0.727272727273,0.75,0.772727272727,0.795454545455,
    0.818181818182,0.840909090909,0.863636363636,0.886363636364,
    0.909090909091,0.931818181818,0.954545454545,0.977272727273,1.),
  .QUASI_UNIFORM_KNOTS.);
#1381 = CARTESIAN_POINT('',(-1.298491446791,5.));
#1382 = CARTESIAN_POINT('',(-1.295188364307,5.00000002305));
#1383 = CARTESIAN_POINT('',(-1.288567499254,5.000118776368));
#1384 = CARTESIAN_POINT('',(-1.278593954145,5.000636071336));
#1385 = CARTESIAN_POINT('',(-1.268580082726,5.001475478584));
#1386 = CARTESIAN_POINT('',(-1.258527566494,5.002620281574));
#1387 = CARTESIAN_POINT('',(-1.248437932078,5.00405395511));
#1388 = CARTESIAN_POINT('',(-1.238312530488,5.005760175128));
#1389 = CARTESIAN_POINT('',(-1.228152544345,5.007722787061));
#1390 = CARTESIAN_POINT('',(-1.217958987366,5.009925785277));
#1391 = CARTESIAN_POINT('',(-1.207732705465,5.012353289638));
#1392 = CARTESIAN_POINT('',(-1.197474377704,5.014989522535));
#1393 = CARTESIAN_POINT('',(-1.18718451482,5.017818786861));
#1394 = CARTESIAN_POINT('',(-1.176863466162,5.020825439782));
#1395 = CARTESIAN_POINT('',(-1.166511394006,5.02399388236));
#1396 = CARTESIAN_POINT('',(-1.156128368526,5.027308489988));
#1397 = CARTESIAN_POINT('',(-1.145714888166,5.030753437766));
#1398 = CARTESIAN_POINT('',(-1.135270691239,5.034313088271));
#1399 = CARTESIAN_POINT('',(-1.124795645679,5.037971604417));
#1400 = CARTESIAN_POINT('',(-1.114289548455,5.041713026442));
#1401 = CARTESIAN_POINT('',(-1.103752179548,5.045521239868));
#1402 = CARTESIAN_POINT('',(-1.093183286852,5.049379973038));
#1403 = CARTESIAN_POINT('',(-1.08258259254,5.053272785412));
#1404 = CARTESIAN_POINT('',(-1.07194978236,5.057183063215));
#1405 = CARTESIAN_POINT('',(-1.061284541452,5.061093994931));
#1406 = CARTESIAN_POINT('',(-1.050586420874,5.064988620061));
#1407 = CARTESIAN_POINT('',(-1.039855334472,5.068849604989));
#1408 = CARTESIAN_POINT('',(-1.0290895186,5.072660117812));
#1409 = CARTESIAN_POINT('',(-1.018288870527,5.076402528544));
#1410 = CARTESIAN_POINT('',(-1.007453793271,5.08005895827));
#1411 = CARTESIAN_POINT('',(-0.996584728307,5.083611513039));
#1412 = CARTESIAN_POINT('',(-0.985682286349,5.087042295216));
#1413 = CARTESIAN_POINT('',(-0.974747219814,5.090333504525));
#1414 = CARTESIAN_POINT('',(-0.96378043956,5.09346754159));
#1415 = CARTESIAN_POINT('',(-0.952783021499,5.096427133783));
#1416 = CARTESIAN_POINT('',(-0.941756217577,5.099195474557));
#1417 = CARTESIAN_POINT('',(-0.930701467136,5.101756375071));
#1418 = CARTESIAN_POINT('',(-0.91962040965,5.104094424926));
#1419 = CARTESIAN_POINT('',(-0.90851489845,5.106195159187));
#1420 = CARTESIAN_POINT('',(-0.897387015547,5.10804522947));
#1421 = CARTESIAN_POINT('',(-0.886239087115,5.109632574054));
#1422 = CARTESIAN_POINT('',(-0.875073700943,5.110946592655));
#1423 = CARTESIAN_POINT('',(-0.863893720677,5.111978291614));
#1424 = CARTESIAN_POINT('',(-0.852702315963,5.11272051416));
#1425 = CARTESIAN_POINT('',(-0.841502936919,5.113167814568));
#1426 = CARTESIAN_POINT('',(-0.834033978882,5.113267677893));
#1427 = CARTESIAN_POINT('',(-0.830299454047,5.113267458465));
#1428 = ( GEOMETRIC_REPRESENTATION_CONTEXT(2) 
PARAMETRIC_REPRESENTATION_CONTEXT() REPRESENTATION_CONTEXT('2D SPACE',''
  ) );
#1429 = ORIENTED_EDGE('',*,*,#1275,.F.);
#1430 = ORIENTED_EDGE('',*,*,#805,.F.);
#1431 = ORIENTED_EDGE('',*,*,#1432,.T.);
#1432 = EDGE_CURVE('',#806,#1433,#1435,.T.);
#1433 = VERTEX_POINT('',#1434);
#1434 = CARTESIAN_POINT('',(18.818986914749,7.,2.361008928571));
#1435 = SURFACE_CURVE('',#1436,(#1441,#1448),.PCURVE_S1.);
#1436 = CIRCLE('',#1437,12.121502163205);
#1437 = AXIS2_PLACEMENT_3D('',#1438,#1439,#1440);
#1438 = CARTESIAN_POINT('',(18.818984068329,-5.121502163205,
    2.361008806108));
#1439 = DIRECTION('',(-0.,0.,1.));
#1440 = DIRECTION('',(1.,-6.501877519412E-09,0.));
#1441 = PCURVE('',#927,#1442);
#1442 = DEFINITIONAL_REPRESENTATION('',(#1443),#1447);
#1443 = LINE('',#1444,#1445);
#1444 = CARTESIAN_POINT('',(0.,6.283185062253));
#1445 = VECTOR('',#1446,1.);
#1446 = DIRECTION('',(1.,0.));
#1447 = ( GEOMETRIC_REPRESENTATION_CONTEXT(2) 
PARAMETRIC_REPRESENTATION_CONTEXT() REPRESENTATION_CONTEXT('2D SPACE',''
  ) );
#1448 = PCURVE('',#1007,#1449);
#1449 = DEFINITIONAL_REPRESENTATION('',(#1450),#1453);
#1450 = B_SPLINE_CURVE_WITH_KNOTS('',1,(#1451,#1452),.UNSPECIFIED.,.F.,
  .F.,(2,2),(0.83030209256,1.57079608837),.PIECEWISE_BEZIER_KNOTS.);
#1451 = CARTESIAN_POINT('',(0.83030209256,0.));
#1452 = CARTESIAN_POINT('',(1.57079608837,0.));
#1453 = ( GEOMETRIC_REPRESENTATION_CONTEXT(2) 
PARAMETRIC_REPRESENTATION_CONTEXT() REPRESENTATION_CONTEXT('2D SPACE',''
  ) );
#1454 = ORIENTED_EDGE('',*,*,#1455,.T.);
#1455 = EDGE_CURVE('',#1433,#1304,#1456,.T.);
#1456 = SURFACE_CURVE('',#1457,(#1462,#1469),.PCURVE_S1.);
#1457 = CIRCLE('',#1458,0.5);
#1458 = AXIS2_PLACEMENT_3D('',#1459,#1460,#1461);
#1459 = CARTESIAN_POINT('',(18.818986914749,6.5,2.361008928571));
#1460 = DIRECTION('',(1.,-2.449270756098E-07,0.));
#1461 = DIRECTION('',(2.449270756098E-07,1.,0.));
#1462 = PCURVE('',#927,#1463);
#1463 = DEFINITIONAL_REPRESENTATION('',(#1464),#1468);
#1464 = LINE('',#1465,#1466);
#1465 = CARTESIAN_POINT('',(1.57079608837,0.));
#1466 = VECTOR('',#1467,1.);
#1467 = DIRECTION('',(0.,1.));
#1468 = ( GEOMETRIC_REPRESENTATION_CONTEXT(2) 
PARAMETRIC_REPRESENTATION_CONTEXT() REPRESENTATION_CONTEXT('2D SPACE',''
  ) );
#1469 = PCURVE('',#1470,#1475);
#1470 = CYLINDRICAL_SURFACE('',#1471,0.5);
#1471 = AXIS2_PLACEMENT_3D('',#1472,#1473,#1474);
#1472 = CARTESIAN_POINT('',(18.818986914749,6.5,2.361008928571));
#1473 = DIRECTION('',(-1.,0.,0.));
#1474 = DIRECTION('',(0.,1.,0.));
#1475 = DEFINITIONAL_REPRESENTATION('',(#1476),#1479);
#1476 = B_SPLINE_CURVE_WITH_KNOTS('',1,(#1477,#1478),.UNSPECIFIED.,.F.,
  .F.,(2,2),(6.283185062253,7.853981389047),.PIECEWISE_BEZIER_KNOTS.);
#1477 = CARTESIAN_POINT('',(6.28318530718,0.));
#1478 = CARTESIAN_POINT('',(4.712388980385,0.));
#1479 = ( GEOMETRIC_REPRESENTATION_CONTEXT(2) 
PARAMETRIC_REPRESENTATION_CONTEXT() REPRESENTATION_CONTEXT('2D SPACE',''
  ) );
#1480 = ADVANCED_FACE('',(#1481,#1616,#2523,#2629,#3536,#3567,#4453),
  #1319,.T.);
#1481 = FACE_BOUND('',#1482,.T.);
#1482 = EDGE_LOOP('',(#1483,#1511,#1512,#1534,#1563,#1590));
#1483 = ORIENTED_EDGE('',*,*,#1484,.T.);
#1484 = EDGE_CURVE('',#1485,#1302,#1487,.T.);
#1485 = VERTEX_POINT('',#1486);
#1486 = CARTESIAN_POINT('',(24.541998173165,-4.89021878929,
    2.861008928571));
#1487 = SURFACE_CURVE('',#1488,(#1493,#1504),.PCURVE_S1.);
#1488 = CIRCLE('',#1489,5.);
#1489 = AXIS2_PLACEMENT_3D('',#1490,#1491,#1492);
#1490 = CARTESIAN_POINT('',(23.5,0.,2.861008928571));
#1491 = DIRECTION('',(0.,0.,-1.));
#1492 = DIRECTION('',(1.,0.,0.));
#1493 = PCURVE('',#1319,#1494);
#1494 = DEFINITIONAL_REPRESENTATION('',(#1495),#1503);
#1495 = ( BOUNDED_CURVE() B_SPLINE_CURVE(2,(#1496,#1497,#1498,#1499,
#1500,#1501,#1502),.UNSPECIFIED.,.T.,.F.) B_SPLINE_CURVE_WITH_KNOTS((1,2
    ,2,2,2,1),(-2.094395102393,0.,2.094395102393,4.188790204786,
6.28318530718,8.377580409573),.UNSPECIFIED.) CURVE() 
GEOMETRIC_REPRESENTATION_ITEM() RATIONAL_B_SPLINE_CURVE((1.,0.5,1.,0.5,
1.,0.5,1.)) REPRESENTATION_ITEM('') );
#1496 = CARTESIAN_POINT('',(15.980460928038,-5.574809717181E-09));
#1497 = CARTESIAN_POINT('',(15.980460928038,-8.660254043419));
#1498 = CARTESIAN_POINT('',(8.480460928038,-4.330127024497));
#1499 = CARTESIAN_POINT('',(0.980460928038,-5.574810941828E-09));
#1500 = CARTESIAN_POINT('',(8.480460928038,4.330127013347));
#1501 = CARTESIAN_POINT('',(15.980460928038,8.66025403227));
#1502 = CARTESIAN_POINT('',(15.980460928038,-5.574809717181E-09));
#1503 = ( GEOMETRIC_REPRESENTATION_CONTEXT(2) 
PARAMETRIC_REPRESENTATION_CONTEXT() REPRESENTATION_CONTEXT('2D SPACE',''
  ) );
#1504 = PCURVE('',#140,#1505);
#1505 = DEFINITIONAL_REPRESENTATION('',(#1506),#1510);
#1506 = LINE('',#1507,#1508);
#1507 = CARTESIAN_POINT('',(-6.28318530718,5.));
#1508 = VECTOR('',#1509,1.);
#1509 = DIRECTION('',(1.,-0.));
#1510 = ( GEOMETRIC_REPRESENTATION_CONTEXT(2) 
PARAMETRIC_REPRESENTATION_CONTEXT() REPRESENTATION_CONTEXT('2D SPACE',''
  ) );
#1511 = ORIENTED_EDGE('',*,*,#1301,.T.);
#1512 = ORIENTED_EDGE('',*,*,#1513,.T.);
#1513 = EDGE_CURVE('',#1304,#1514,#1516,.T.);
#1514 = VERTEX_POINT('',#1515);
#1515 = CARTESIAN_POINT('',(1.600403226077,6.5,2.861008928571));
#1516 = SURFACE_CURVE('',#1517,(#1521,#1528),.PCURVE_S1.);
#1517 = LINE('',#1518,#1519);
#1518 = CARTESIAN_POINT('',(18.818986914749,6.5,2.861008928571));
#1519 = VECTOR('',#1520,1.);
#1520 = DIRECTION('',(-1.,0.,0.));
#1521 = PCURVE('',#1319,#1522);
#1522 = DEFINITIONAL_REPRESENTATION('',(#1523),#1527);
#1523 = LINE('',#1524,#1525);
#1524 = CARTESIAN_POINT('',(6.299447842787,6.499999994425));
#1525 = VECTOR('',#1526,1.);
#1526 = DIRECTION('',(-1.,0.));
#1527 = ( GEOMETRIC_REPRESENTATION_CONTEXT(2) 
PARAMETRIC_REPRESENTATION_CONTEXT() REPRESENTATION_CONTEXT('2D SPACE',''
  ) );
#1528 = PCURVE('',#1470,#1529);
#1529 = DEFINITIONAL_REPRESENTATION('',(#1530),#1533);
#1530 = B_SPLINE_CURVE_WITH_KNOTS('',1,(#1531,#1532),.UNSPECIFIED.,.F.,
  .F.,(2,2),(0.,18.818986914749),.PIECEWISE_BEZIER_KNOTS.);
#1531 = CARTESIAN_POINT('',(4.712388980385,0.));
#1532 = CARTESIAN_POINT('',(4.712388980385,18.818986914749));
#1533 = ( GEOMETRIC_REPRESENTATION_CONTEXT(2) 
PARAMETRIC_REPRESENTATION_CONTEXT() REPRESENTATION_CONTEXT('2D SPACE',''
  ) );
#1534 = ORIENTED_EDGE('',*,*,#1535,.T.);
#1535 = EDGE_CURVE('',#1514,#1536,#1538,.T.);
#1536 = VERTEX_POINT('',#1537);
#1537 = CARTESIAN_POINT('',(1.600403226076,-6.5,2.861008928571));
#1538 = SURFACE_CURVE('',#1539,(#1544,#1551),.PCURVE_S1.);
#1539 = CIRCLE('',#1540,14.);
#1540 = AXIS2_PLACEMENT_3D('',#1541,#1542,#1543);
#1541 = CARTESIAN_POINT('',(13.999999993714,-4.380192734857E-27,
    2.861008928571));
#1542 = DIRECTION('',(0.,0.,1.));
#1543 = DIRECTION('',(1.,0.,0.));
#1544 = PCURVE('',#1319,#1545);
#1545 = DEFINITIONAL_REPRESENTATION('',(#1546),#1550);
#1546 = CIRCLE('',#1547,14.);
#1547 = AXIS2_PLACEMENT_2D('',#1548,#1549);
#1548 = CARTESIAN_POINT('',(1.480460921752,-5.574809717181E-09));
#1549 = DIRECTION('',(1.,0.));
#1550 = ( GEOMETRIC_REPRESENTATION_CONTEXT(2) 
PARAMETRIC_REPRESENTATION_CONTEXT() REPRESENTATION_CONTEXT('2D SPACE',''
  ) );
#1551 = PCURVE('',#1552,#1557);
#1552 = CYLINDRICAL_SURFACE('',#1553,14.);
#1553 = AXIS2_PLACEMENT_3D('',#1554,#1555,#1556);
#1554 = CARTESIAN_POINT('',(13.999999993714,-4.380192734857E-27,0.));
#1555 = DIRECTION('',(-0.,-0.,-1.));
#1556 = DIRECTION('',(1.,0.,0.));
#1557 = DEFINITIONAL_REPRESENTATION('',(#1558),#1562);
#1558 = LINE('',#1559,#1560);
#1559 = CARTESIAN_POINT('',(-0.,-2.861008928571));
#1560 = VECTOR('',#1561,1.);
#1561 = DIRECTION('',(-1.,0.));
#1562 = ( GEOMETRIC_REPRESENTATION_CONTEXT(2) 
PARAMETRIC_REPRESENTATION_CONTEXT() REPRESENTATION_CONTEXT('2D SPACE',''
  ) );
#1563 = ORIENTED_EDGE('',*,*,#1564,.T.);
#1564 = EDGE_CURVE('',#1536,#1565,#1567,.T.);
#1565 = VERTEX_POINT('',#1566);
#1566 = CARTESIAN_POINT('',(18.818986914749,-6.5,2.861008928571));
#1567 = SURFACE_CURVE('',#1568,(#1572,#1579),.PCURVE_S1.);
#1568 = LINE('',#1569,#1570);
#1569 = CARTESIAN_POINT('',(0.,-6.5,2.861008928571));
#1570 = VECTOR('',#1571,1.);
#1571 = DIRECTION('',(1.,0.,0.));
#1572 = PCURVE('',#1319,#1573);
#1573 = DEFINITIONAL_REPRESENTATION('',(#1574),#1578);
#1574 = LINE('',#1575,#1576);
#1575 = CARTESIAN_POINT('',(-12.51953907196,-6.500000005575));
#1576 = VECTOR('',#1577,1.);
#1577 = DIRECTION('',(1.,0.));
#1578 = ( GEOMETRIC_REPRESENTATION_CONTEXT(2) 
PARAMETRIC_REPRESENTATION_CONTEXT() REPRESENTATION_CONTEXT('2D SPACE',''
  ) );
#1579 = PCURVE('',#1580,#1585);
#1580 = CYLINDRICAL_SURFACE('',#1581,0.5);
#1581 = AXIS2_PLACEMENT_3D('',#1582,#1583,#1584);
#1582 = CARTESIAN_POINT('',(0.,-6.500000000021,2.361008928571));
#1583 = DIRECTION('',(1.,0.,0.));
#1584 = DIRECTION('',(0.,1.,0.));
#1585 = DEFINITIONAL_REPRESENTATION('',(#1586),#1589);
#1586 = B_SPLINE_CURVE_WITH_KNOTS('',1,(#1587,#1588),.UNSPECIFIED.,.F.,
  .F.,(2,2),(0.,18.818986914749),.PIECEWISE_BEZIER_KNOTS.);
#1587 = CARTESIAN_POINT('',(1.570796326753,0.));
#1588 = CARTESIAN_POINT('',(1.570796326753,18.818986914749));
#1589 = ( GEOMETRIC_REPRESENTATION_CONTEXT(2) 
PARAMETRIC_REPRESENTATION_CONTEXT() REPRESENTATION_CONTEXT('2D SPACE',''
  ) );
#1590 = ORIENTED_EDGE('',*,*,#1591,.T.);
#1591 = EDGE_CURVE('',#1565,#1485,#1592,.T.);
#1592 = SURFACE_CURVE('',#1593,(#1598,#1605),.PCURVE_S1.);
#1593 = CIRCLE('',#1594,10.977976313901);
#1594 = AXIS2_PLACEMENT_3D('',#1595,#1596,#1597);
#1595 = CARTESIAN_POINT('',(18.818984591395,4.477976313901,
    2.861008928571));
#1596 = DIRECTION('',(0.,-0.,1.));
#1597 = DIRECTION('',(1.,9.219299671319E-09,0.));
#1598 = PCURVE('',#1319,#1599);
#1599 = DEFINITIONAL_REPRESENTATION('',(#1600),#1604);
#1600 = CIRCLE('',#1601,10.977976313901);
#1601 = AXIS2_PLACEMENT_2D('',#1602,#1603);
#1602 = CARTESIAN_POINT('',(6.299445519432,4.477976308326));
#1603 = DIRECTION('',(1.,9.219299671319E-09));
#1604 = ( GEOMETRIC_REPRESENTATION_CONTEXT(2) 
PARAMETRIC_REPRESENTATION_CONTEXT() REPRESENTATION_CONTEXT('2D SPACE',''
  ) );
#1605 = PCURVE('',#1606,#1611);
#1606 = TOROIDAL_SURFACE('',#1607,10.977976313922,0.5);
#1607 = AXIS2_PLACEMENT_3D('',#1608,#1609,#1610);
#1608 = CARTESIAN_POINT('',(18.818984591395,4.477976313901,
    2.361008928571));
#1609 = DIRECTION('',(0.,0.,1.));
#1610 = DIRECTION('',(1.,9.219299671302E-09,0.));
#1611 = DEFINITIONAL_REPRESENTATION('',(#1612),#1615);
#1612 = B_SPLINE_CURVE_WITH_KNOTS('',1,(#1613,#1614),.UNSPECIFIED.,.F.,
  .F.,(2,2),(4.712389182803,5.519953619349),.PIECEWISE_BEZIER_KNOTS.);
#1613 = CARTESIAN_POINT('',(4.712389182803,7.853981845655));
#1614 = CARTESIAN_POINT('',(5.519953619349,7.853981845655));
#1615 = ( GEOMETRIC_REPRESENTATION_CONTEXT(2) 
PARAMETRIC_REPRESENTATION_CONTEXT() REPRESENTATION_CONTEXT('2D SPACE',''
  ) );
#1616 = FACE_BOUND('',#1617,.T.);
#1617 = EDGE_LOOP('',(#1618,#1646,#1685,#1730,#1775,#1826,#1877,#1922,
    #1967,#2012,#2038,#2064,#2090,#2116,#2142,#2168,#2219,#2270,#2321,
    #2372,#2423,#2474));
#1618 = ORIENTED_EDGE('',*,*,#1619,.F.);
#1619 = EDGE_CURVE('',#1620,#1622,#1624,.T.);
#1620 = VERTEX_POINT('',#1621);
#1621 = CARTESIAN_POINT('',(2.847929936306,-1.115286624204,
    2.861008928571));
#1622 = VERTEX_POINT('',#1623);
#1623 = CARTESIAN_POINT('',(2.832643312102,-0.935031847134,
    2.861008928571));
#1624 = SURFACE_CURVE('',#1625,(#1629,#1635),.PCURVE_S1.);
#1625 = LINE('',#1626,#1627);
#1626 = CARTESIAN_POINT('',(2.827863764678,-0.878673017092,
    2.861008928571));
#1627 = VECTOR('',#1628,1.);
#1628 = DIRECTION('',(-8.450232778878E-02,0.996423281843,0.));
#1629 = PCURVE('',#1319,#1630);
#1630 = DEFINITIONAL_REPRESENTATION('',(#1631),#1634);
#1631 = B_SPLINE_CURVE_WITH_KNOTS('',1,(#1632,#1633),.UNSPECIFIED.,.F.,
  .F.,(2,2),(-0.237462945139,-5.656113327394E-02),
  .PIECEWISE_BEZIER_KNOTS.);
#1632 = CARTESIAN_POINT('',(-9.671609135656,-1.115286629779));
#1633 = CARTESIAN_POINT('',(-9.68689575986,-0.935031852709));
#1634 = ( GEOMETRIC_REPRESENTATION_CONTEXT(2) 
PARAMETRIC_REPRESENTATION_CONTEXT() REPRESENTATION_CONTEXT('2D SPACE',''
  ) );
#1635 = PCURVE('',#1636,#1641);
#1636 = PLANE('',#1637);
#1637 = AXIS2_PLACEMENT_3D('',#1638,#1639,#1640);
#1638 = CARTESIAN_POINT('',(2.832643312102,-0.935031847134,
    2.761008928571));
#1639 = DIRECTION('',(0.996423281843,8.450232778878E-02,0.));
#1640 = DIRECTION('',(8.450232778878E-02,-0.996423281843,0.));
#1641 = DEFINITIONAL_REPRESENTATION('',(#1642),#1645);
#1642 = B_SPLINE_CURVE_WITH_KNOTS('',1,(#1643,#1644),.UNSPECIFIED.,.F.,
  .F.,(2,2),(-0.237462945139,-5.656113327394E-02),
  .PIECEWISE_BEZIER_KNOTS.);
#1643 = CARTESIAN_POINT('',(0.180901811865,-0.1));
#1644 = CARTESIAN_POINT('',(0.,-0.1));
#1645 = ( GEOMETRIC_REPRESENTATION_CONTEXT(2) 
PARAMETRIC_REPRESENTATION_CONTEXT() REPRESENTATION_CONTEXT('2D SPACE',''
  ) );
#1646 = ORIENTED_EDGE('',*,*,#1647,.F.);
#1647 = EDGE_CURVE('',#1648,#1620,#1650,.T.);
#1648 = VERTEX_POINT('',#1649);
#1649 = CARTESIAN_POINT('',(2.638375796178,-1.208280254777,
    2.861008928571));
#1650 = SURFACE_CURVE('',#1651,(#1658,#1668),.PCURVE_S1.);
#1651 = B_SPLINE_CURVE_WITH_KNOTS('',5,(#1652,#1653,#1654,#1655,#1656,
    #1657),.UNSPECIFIED.,.F.,.F.,(6,6),(0.,1.),
  .PIECEWISE_BEZIER_KNOTS.);
#1652 = CARTESIAN_POINT('',(2.638375796178,-1.208280254777,
    2.861008928571));
#1653 = CARTESIAN_POINT('',(2.666844142158,-1.179042498963,
    2.861008928571));
#1654 = CARTESIAN_POINT('',(2.702191215223,-1.155125608648,
    2.861008928571));
#1655 = CARTESIAN_POINT('',(2.74432010778,-1.136581385611,2.861008928571
    ));
#1656 = CARTESIAN_POINT('',(2.793004872172,-1.123349021401,
    2.861008928571));
#1657 = CARTESIAN_POINT('',(2.847929936306,-1.115286624204,
    2.861008928571));
#1658 = PCURVE('',#1319,#1659);
#1659 = DEFINITIONAL_REPRESENTATION('',(#1660),#1667);
#1660 = B_SPLINE_CURVE_WITH_KNOTS('',5,(#1661,#1662,#1663,#1664,#1665,
    #1666),.UNSPECIFIED.,.F.,.F.,(6,6),(0.,1.),
  .PIECEWISE_BEZIER_KNOTS.);
#1661 = CARTESIAN_POINT('',(-9.881163275784,-1.208280260352));
#1662 = CARTESIAN_POINT('',(-9.852694929804,-1.179042504538));
#1663 = CARTESIAN_POINT('',(-9.817347856739,-1.155125614222));
#1664 = CARTESIAN_POINT('',(-9.775218964182,-1.136581391186));
#1665 = CARTESIAN_POINT('',(-9.72653419979,-1.123349026975));
#1666 = CARTESIAN_POINT('',(-9.671609135656,-1.115286629779));
#1667 = ( GEOMETRIC_REPRESENTATION_CONTEXT(2) 
PARAMETRIC_REPRESENTATION_CONTEXT() REPRESENTATION_CONTEXT('2D SPACE',''
  ) );
#1668 = PCURVE('',#1669,#1676);
#1669 = SURFACE_OF_LINEAR_EXTRUSION('',#1670,#1674);
#1670 = B_SPLINE_CURVE_WITH_KNOTS('',2,(#1671,#1672,#1673),
  .UNSPECIFIED.,.F.,.F.,(3,3),(0.,1.),.PIECEWISE_BEZIER_KNOTS.);
#1671 = CARTESIAN_POINT('',(2.847929936306,-1.115286624204,
    2.761008928571));
#1672 = CARTESIAN_POINT('',(2.709076433121,-1.135668789809,
    2.761008928571));
#1673 = CARTESIAN_POINT('',(2.638375796178,-1.208280254777,
    2.761008928571));
#1674 = VECTOR('',#1675,1.);
#1675 = DIRECTION('',(-0.,-0.,-1.));
#1676 = DEFINITIONAL_REPRESENTATION('',(#1677),#1684);
#1677 = B_SPLINE_CURVE_WITH_KNOTS('',5,(#1678,#1679,#1680,#1681,#1682,
    #1683),.UNSPECIFIED.,.F.,.F.,(6,6),(0.,1.),
  .PIECEWISE_BEZIER_KNOTS.);
#1678 = CARTESIAN_POINT('',(1.,-0.1));
#1679 = CARTESIAN_POINT('',(0.798669824868,-0.1));
#1680 = CARTESIAN_POINT('',(0.597534130256,-1.E-01));
#1681 = CARTESIAN_POINT('',(0.397090053831,-0.1));
#1682 = CARTESIAN_POINT('',(0.197780630554,-1.E-01));
#1683 = CARTESIAN_POINT('',(0.,-1.E-01));
#1684 = ( GEOMETRIC_REPRESENTATION_CONTEXT(2) 
PARAMETRIC_REPRESENTATION_CONTEXT() REPRESENTATION_CONTEXT('2D SPACE',''
  ) );
#1685 = ORIENTED_EDGE('',*,*,#1686,.F.);
#1686 = EDGE_CURVE('',#1687,#1648,#1689,.T.);
#1687 = VERTEX_POINT('',#1688);
#1688 = CARTESIAN_POINT('',(2.567675159236,-1.384713375796,
    2.861008928571));
#1689 = SURFACE_CURVE('',#1690,(#1699,#1711),.PCURVE_S1.);
#1690 = B_SPLINE_CURVE_WITH_KNOTS('',4,(#1691,#1692,#1693,#1694,#1695,
    #1696,#1697,#1698),.UNSPECIFIED.,.F.,.F.,(5,3,5),(0.,0.524045318313,
    1.),.UNSPECIFIED.);
#1691 = CARTESIAN_POINT('',(2.567675159236,-1.384713375796,
    2.861008928571));
#1692 = CARTESIAN_POINT('',(2.567675161084,-1.357735023471,
    2.861008928571));
#1693 = CARTESIAN_POINT('',(2.570897167603,-1.332065156691,
    2.861008928571));
#1694 = CARTESIAN_POINT('',(2.577371411314,-1.307743933686,
    2.861008928571));
#1695 = CARTESIAN_POINT('',(2.595912643668,-1.263953166699,
    2.861008928571));
#1696 = CARTESIAN_POINT('',(2.607411892903,-1.244243140717,
    2.861008928571));
#1697 = CARTESIAN_POINT('',(2.621577850785,-1.225683533987,
    2.861008928571));
#1698 = CARTESIAN_POINT('',(2.638375796178,-1.208280254777,
    2.861008928571));
#1699 = PCURVE('',#1319,#1700);
#1700 = DEFINITIONAL_REPRESENTATION('',(#1701),#1710);
#1701 = B_SPLINE_CURVE_WITH_KNOTS('',4,(#1702,#1703,#1704,#1705,#1706,
    #1707,#1708,#1709),.UNSPECIFIED.,.F.,.F.,(5,3,5),(0.,0.524045318313,
    1.),.UNSPECIFIED.);
#1702 = CARTESIAN_POINT('',(-9.951863912726,-1.384713381371));
#1703 = CARTESIAN_POINT('',(-9.951863910878,-1.357735029046));
#1704 = CARTESIAN_POINT('',(-9.948641904359,-1.332065162266));
#1705 = CARTESIAN_POINT('',(-9.942167660648,-1.30774393926));
#1706 = CARTESIAN_POINT('',(-9.923626428294,-1.263953172274));
#1707 = CARTESIAN_POINT('',(-9.912127179059,-1.244243146292));
#1708 = CARTESIAN_POINT('',(-9.897961221177,-1.225683539562));
#1709 = CARTESIAN_POINT('',(-9.881163275784,-1.208280260352));
#1710 = ( GEOMETRIC_REPRESENTATION_CONTEXT(2) 
PARAMETRIC_REPRESENTATION_CONTEXT() REPRESENTATION_CONTEXT('2D SPACE',''
  ) );
#1711 = PCURVE('',#1712,#1719);
#1712 = SURFACE_OF_LINEAR_EXTRUSION('',#1713,#1717);
#1713 = B_SPLINE_CURVE_WITH_KNOTS('',2,(#1714,#1715,#1716),
  .UNSPECIFIED.,.F.,.F.,(3,3),(0.,1.),.PIECEWISE_BEZIER_KNOTS.);
#1714 = CARTESIAN_POINT('',(2.638375796178,-1.208280254777,
    2.761008928571));
#1715 = CARTESIAN_POINT('',(2.567675159236,-1.28152866242,2.761008928571
    ));
#1716 = CARTESIAN_POINT('',(2.567675159236,-1.384713375796,
    2.761008928571));
#1717 = VECTOR('',#1718,1.);
#1718 = DIRECTION('',(-0.,-0.,-1.));
#1719 = DEFINITIONAL_REPRESENTATION('',(#1720),#1729);
#1720 = B_SPLINE_CURVE_WITH_KNOTS('',4,(#1721,#1722,#1723,#1724,#1725,
    #1726,#1727,#1728),.UNSPECIFIED.,.F.,.F.,(5,3,5),(0.,0.524045318313,
    1.),.UNSPECIFIED.);
#1721 = CARTESIAN_POINT('',(1.,-0.1));
#1722 = CARTESIAN_POINT('',(0.869271560559,-0.1));
#1723 = CARTESIAN_POINT('',(0.738272796662,-0.1));
#1724 = CARTESIAN_POINT('',(0.607136271898,-0.1));
#1725 = CARTESIAN_POINT('',(0.356897852976,-0.1));
#1726 = CARTESIAN_POINT('',(0.237795533186,-0.1));
#1727 = CARTESIAN_POINT('',(0.118796292364,-1.E-01));
#1728 = CARTESIAN_POINT('',(0.,-1.E-01));
#1729 = ( GEOMETRIC_REPRESENTATION_CONTEXT(2) 
PARAMETRIC_REPRESENTATION_CONTEXT() REPRESENTATION_CONTEXT('2D SPACE',''
  ) );
#1730 = ORIENTED_EDGE('',*,*,#1731,.F.);
#1731 = EDGE_CURVE('',#1732,#1687,#1734,.T.);
#1732 = VERTEX_POINT('',#1733);
#1733 = CARTESIAN_POINT('',(2.66576433121,-1.594904458599,2.861008928571
    ));
#1734 = SURFACE_CURVE('',#1735,(#1744,#1756),.PCURVE_S1.);
#1735 = B_SPLINE_CURVE_WITH_KNOTS('',4,(#1736,#1737,#1738,#1739,#1740,
    #1741,#1742,#1743),.UNSPECIFIED.,.F.,.F.,(5,3,5),(0.,0.573242229098,
    1.),.UNSPECIFIED.);
#1736 = CARTESIAN_POINT('',(2.66576433121,-1.594904458599,2.861008928571
    ));
#1737 = CARTESIAN_POINT('',(2.637789393088,-1.570380970339,
    2.861008928571));
#1738 = CARTESIAN_POINT('',(2.615006591888,-1.543674401282,
    2.861008928571));
#1739 = CARTESIAN_POINT('',(2.597586810802,-1.514795087018,
    2.861008928571));
#1740 = CARTESIAN_POINT('',(2.576605888046,-1.46075225274,2.861008928571
    ));
#1741 = CARTESIAN_POINT('',(2.57064064775,-1.436524821413,2.861008928571
    ));
#1742 = CARTESIAN_POINT('',(2.567675161325,-1.411163171875,
    2.861008928571));
#1743 = CARTESIAN_POINT('',(2.567675159236,-1.384713375796,
    2.861008928571));
#1744 = PCURVE('',#1319,#1745);
#1745 = DEFINITIONAL_REPRESENTATION('',(#1746),#1755);
#1746 = B_SPLINE_CURVE_WITH_KNOTS('',4,(#1747,#1748,#1749,#1750,#1751,
    #1752,#1753,#1754),.UNSPECIFIED.,.F.,.F.,(5,3,5),(0.,0.573242229098,
    1.),.UNSPECIFIED.);
#1747 = CARTESIAN_POINT('',(-9.853774740752,-1.594904464174));
#1748 = CARTESIAN_POINT('',(-9.881749678874,-1.570380975914));
#1749 = CARTESIAN_POINT('',(-9.904532480074,-1.543674406857));
#1750 = CARTESIAN_POINT('',(-9.92195226116,-1.514795092592));
#1751 = CARTESIAN_POINT('',(-9.942933183916,-1.460752258314));
#1752 = CARTESIAN_POINT('',(-9.948898424212,-1.436524826988));
#1753 = CARTESIAN_POINT('',(-9.951863910638,-1.411163177449));
#1754 = CARTESIAN_POINT('',(-9.951863912726,-1.384713381371));
#1755 = ( GEOMETRIC_REPRESENTATION_CONTEXT(2) 
PARAMETRIC_REPRESENTATION_CONTEXT() REPRESENTATION_CONTEXT('2D SPACE',''
  ) );
#1756 = PCURVE('',#1757,#1764);
#1757 = SURFACE_OF_LINEAR_EXTRUSION('',#1758,#1762);
#1758 = B_SPLINE_CURVE_WITH_KNOTS('',2,(#1759,#1760,#1761),
  .UNSPECIFIED.,.F.,.F.,(3,3),(0.,1.),.PIECEWISE_BEZIER_KNOTS.);
#1759 = CARTESIAN_POINT('',(2.567675159236,-1.384713375796,
    2.761008928571));
#1760 = CARTESIAN_POINT('',(2.567675159236,-1.508917197452,
    2.761008928571));
#1761 = CARTESIAN_POINT('',(2.66576433121,-1.594904458599,2.761008928571
    ));
#1762 = VECTOR('',#1763,1.);
#1763 = DIRECTION('',(-0.,-0.,-1.));
#1764 = DEFINITIONAL_REPRESENTATION('',(#1765),#1774);
#1765 = B_SPLINE_CURVE_WITH_KNOTS('',4,(#1766,#1767,#1768,#1769,#1770,
    #1771,#1772,#1773),.UNSPECIFIED.,.F.,.F.,(5,3,5),(0.,0.573242229098,
    1.),.UNSPECIFIED.);
#1766 = CARTESIAN_POINT('',(1.,-0.1));
#1767 = CARTESIAN_POINT('',(0.857400463496,-0.1));
#1768 = CARTESIAN_POINT('',(0.714156138824,-0.1));
#1769 = CARTESIAN_POINT('',(0.570576651959,-0.1));
#1770 = CARTESIAN_POINT('',(0.320112459562,-0.1));
#1771 = CARTESIAN_POINT('',(0.213225446877,-0.1));
#1772 = CARTESIAN_POINT('',(0.106477387489,-1.E-01));
#1773 = CARTESIAN_POINT('',(0.,-1.E-01));
#1774 = ( GEOMETRIC_REPRESENTATION_CONTEXT(2) 
PARAMETRIC_REPRESENTATION_CONTEXT() REPRESENTATION_CONTEXT('2D SPACE',''
  ) );
#1775 = ORIENTED_EDGE('',*,*,#1776,.F.);
#1776 = EDGE_CURVE('',#1777,#1732,#1779,.T.);
#1777 = VERTEX_POINT('',#1778);
#1778 = CARTESIAN_POINT('',(2.926910828025,-1.680891719745,
    2.861008928571));
#1779 = SURFACE_CURVE('',#1780,(#1791,#1805),.PCURVE_S1.);
#1780 = B_SPLINE_CURVE_WITH_KNOTS('',5,(#1781,#1782,#1783,#1784,#1785,
    #1786,#1787,#1788,#1789,#1790),.UNSPECIFIED.,.F.,.F.,(6,4,6),(0.,
    0.903499383057,1.),.UNSPECIFIED.);
#1781 = CARTESIAN_POINT('',(2.926910828025,-1.680891719745,
    2.861008928571));
#1782 = CARTESIAN_POINT('',(2.868910928025,-1.680891716675,
    2.861008928571));
#1783 = CARTESIAN_POINT('',(2.815500095113,-1.674038634232,
    2.861008928571));
#1784 = CARTESIAN_POINT('',(2.766994338871,-1.660102029826,
    2.861008928571));
#1785 = CARTESIAN_POINT('',(2.723627662561,-1.638985443505,
    2.861008928571));
#1786 = CARTESIAN_POINT('',(2.681445933984,-1.60776404932,2.861008928571
    ));
#1787 = CARTESIAN_POINT('',(2.67743530693,-1.604670248137,2.861008928571
    ));
#1788 = CARTESIAN_POINT('',(2.673484753152,-1.601495630221,
    2.861008928571));
#1789 = CARTESIAN_POINT('',(2.669594393307,-1.598240318586,
    2.861008928571));
#1790 = CARTESIAN_POINT('',(2.66576433121,-1.594904458599,2.861008928571
    ));
#1791 = PCURVE('',#1319,#1792);
#1792 = DEFINITIONAL_REPRESENTATION('',(#1793),#1804);
#1793 = B_SPLINE_CURVE_WITH_KNOTS('',5,(#1794,#1795,#1796,#1797,#1798,
    #1799,#1800,#1801,#1802,#1803),.UNSPECIFIED.,.F.,.F.,(6,4,6),(0.,
    0.903499383057,1.),.UNSPECIFIED.);
#1794 = CARTESIAN_POINT('',(-9.592628243937,-1.68089172532));
#1795 = CARTESIAN_POINT('',(-9.650628143937,-1.680891722249));
#1796 = CARTESIAN_POINT('',(-9.704038976849,-1.674038639807));
#1797 = CARTESIAN_POINT('',(-9.752544733092,-1.660102035401));
#1798 = CARTESIAN_POINT('',(-9.795911409401,-1.63898544908));
#1799 = CARTESIAN_POINT('',(-9.838093137978,-1.607764054895));
#1800 = CARTESIAN_POINT('',(-9.842103765032,-1.604670253711));
#1801 = CARTESIAN_POINT('',(-9.84605431881,-1.601495635796));
#1802 = CARTESIAN_POINT('',(-9.849944678655,-1.59824032416));
#1803 = CARTESIAN_POINT('',(-9.853774740752,-1.594904464174));
#1804 = ( GEOMETRIC_REPRESENTATION_CONTEXT(2) 
PARAMETRIC_REPRESENTATION_CONTEXT() REPRESENTATION_CONTEXT('2D SPACE',''
  ) );
#1805 = PCURVE('',#1806,#1813);
#1806 = SURFACE_OF_LINEAR_EXTRUSION('',#1807,#1811);
#1807 = B_SPLINE_CURVE_WITH_KNOTS('',2,(#1808,#1809,#1810),
  .UNSPECIFIED.,.F.,.F.,(3,3),(0.,1.),.PIECEWISE_BEZIER_KNOTS.);
#1808 = CARTESIAN_POINT('',(2.66576433121,-1.594904458599,2.761008928571
    ));
#1809 = CARTESIAN_POINT('',(2.76449044586,-1.680891719745,2.761008928571
    ));
#1810 = CARTESIAN_POINT('',(2.926910828025,-1.680891719745,
    2.761008928571));
#1811 = VECTOR('',#1812,1.);
#1812 = DIRECTION('',(-0.,-0.,-1.));
#1813 = DEFINITIONAL_REPRESENTATION('',(#1814),#1825);
#1814 = B_SPLINE_CURVE_WITH_KNOTS('',5,(#1815,#1816,#1817,#1818,#1819,
    #1820,#1821,#1822,#1823,#1824),.UNSPECIFIED.,.F.,.F.,(6,4,6),(0.,
    0.903499383057,1.),.UNSPECIFIED.);
#1815 = CARTESIAN_POINT('',(1.,-0.1));
#1816 = CARTESIAN_POINT('',(0.821451281231,-0.1));
#1817 = CARTESIAN_POINT('',(0.641402479791,-0.1));
#1818 = CARTESIAN_POINT('',(0.460300926744,-0.1));
#1819 = CARTESIAN_POINT('',(0.278647025565,-0.1));
#1820 = CARTESIAN_POINT('',(7.759871388772E-02,-0.1));
#1821 = CARTESIAN_POINT('',(5.819741846398E-02,-0.1));
#1822 = CARTESIAN_POINT('',(3.879676652612E-02,-0.1));
#1823 = CARTESIAN_POINT('',(1.939741001202E-02,-1.E-01));
#1824 = CARTESIAN_POINT('',(0.,-1.E-01));
#1825 = ( GEOMETRIC_REPRESENTATION_CONTEXT(2) 
PARAMETRIC_REPRESENTATION_CONTEXT() REPRESENTATION_CONTEXT('2D SPACE',''
  ) );
#1826 = ORIENTED_EDGE('',*,*,#1827,.F.);
#1827 = EDGE_CURVE('',#1828,#1777,#1830,.T.);
#1828 = VERTEX_POINT('',#1829);
#1829 = CARTESIAN_POINT('',(3.170859872611,-1.598089171975,
    2.861008928571));
#1830 = SURFACE_CURVE('',#1831,(#1842,#1856),.PCURVE_S1.);
#1831 = B_SPLINE_CURVE_WITH_KNOTS('',5,(#1832,#1833,#1834,#1835,#1836,
    #1837,#1838,#1839,#1840,#1841),.UNSPECIFIED.,.F.,.F.,(6,4,6),(0.,
    8.953399836889E-02,1.),.UNSPECIFIED.);
#1832 = CARTESIAN_POINT('',(3.170859872611,-1.598089171975,
    2.861008928571));
#1833 = CARTESIAN_POINT('',(3.167650047537,-1.601069723312,
    2.861008928571));
#1834 = CARTESIAN_POINT('',(3.164386820586,-1.603983475304,
    2.861008928571));
#1835 = CARTESIAN_POINT('',(3.161070264134,-1.606830319508,
    2.861008928571));
#1836 = CARTESIAN_POINT('',(3.157700463295,-1.609610163312,
    2.861008928571));
#1837 = CARTESIAN_POINT('',(3.119469763963,-1.639908895348,
    2.861008928571));
#1838 = CARTESIAN_POINT('',(3.079164799318,-1.660559751971,
    2.861008928571));
#1839 = CARTESIAN_POINT('',(3.033468539458,-1.674189362568,
    2.861008928571));
#1840 = CARTESIAN_POINT('',(2.982611348687,-1.680891716765,
    2.861008928571));
#1841 = CARTESIAN_POINT('',(2.926910828025,-1.680891719745,
    2.861008928571));
#1842 = PCURVE('',#1319,#1843);
#1843 = DEFINITIONAL_REPRESENTATION('',(#1844),#1855);
#1844 = B_SPLINE_CURVE_WITH_KNOTS('',5,(#1845,#1846,#1847,#1848,#1849,
    #1850,#1851,#1852,#1853,#1854),.UNSPECIFIED.,.F.,.F.,(6,4,6),(0.,
    8.953399836889E-02,1.),.UNSPECIFIED.);
#1845 = CARTESIAN_POINT('',(-9.348679199351,-1.598089177549));
#1846 = CARTESIAN_POINT('',(-9.351889024425,-1.601069728887));
#1847 = CARTESIAN_POINT('',(-9.355152251376,-1.603983480879));
#1848 = CARTESIAN_POINT('',(-9.358468807828,-1.606830325083));
#1849 = CARTESIAN_POINT('',(-9.361838608667,-1.609610168886));
#1850 = CARTESIAN_POINT('',(-9.400069307999,-1.639908900922));
#1851 = CARTESIAN_POINT('',(-9.440374272644,-1.660559757546));
#1852 = CARTESIAN_POINT('',(-9.486070532504,-1.674189368142));
#1853 = CARTESIAN_POINT('',(-9.536927723275,-1.68089172234));
#1854 = CARTESIAN_POINT('',(-9.592628243937,-1.68089172532));
#1855 = ( GEOMETRIC_REPRESENTATION_CONTEXT(2) 
PARAMETRIC_REPRESENTATION_CONTEXT() REPRESENTATION_CONTEXT('2D SPACE',''
  ) );
#1856 = PCURVE('',#1857,#1864);
#1857 = SURFACE_OF_LINEAR_EXTRUSION('',#1858,#1862);
#1858 = B_SPLINE_CURVE_WITH_KNOTS('',2,(#1859,#1860,#1861),
  .UNSPECIFIED.,.F.,.F.,(3,3),(0.,1.),.PIECEWISE_BEZIER_KNOTS.);
#1859 = CARTESIAN_POINT('',(2.926910828025,-1.680891719745,
    2.761008928571));
#1860 = CARTESIAN_POINT('',(3.081687898089,-1.680891719745,
    2.761008928571));
#1861 = CARTESIAN_POINT('',(3.170859872611,-1.598089171975,
    2.761008928571));
#1862 = VECTOR('',#1863,1.);
#1863 = DIRECTION('',(-0.,-0.,-1.));
#1864 = DEFINITIONAL_REPRESENTATION('',(#1865),#1876);
#1865 = B_SPLINE_CURVE_WITH_KNOTS('',5,(#1866,#1867,#1868,#1869,#1870,
    #1871,#1872,#1873,#1874,#1875),.UNSPECIFIED.,.F.,.F.,(6,4,6),(0.,
    8.953399836889E-02,1.),.UNSPECIFIED.);
#1866 = CARTESIAN_POINT('',(1.,-0.1));
#1867 = CARTESIAN_POINT('',(0.982002053583,-0.1));
#1868 = CARTESIAN_POINT('',(0.964002568694,-0.1));
#1869 = CARTESIAN_POINT('',(0.946002056697,-0.1));
#1870 = CARTESIAN_POINT('',(0.928001029589,-0.1));
#1871 = CARTESIAN_POINT('',(0.726948581168,-0.1));
#1872 = CARTESIAN_POINT('',(0.543889174572,-1.E-01));
#1873 = CARTESIAN_POINT('',(0.361384410931,-0.1));
#1874 = CARTESIAN_POINT('',(0.179937903591,-1.E-01));
#1875 = CARTESIAN_POINT('',(0.,-1.E-01));
#1876 = ( GEOMETRIC_REPRESENTATION_CONTEXT(2) 
PARAMETRIC_REPRESENTATION_CONTEXT() REPRESENTATION_CONTEXT('2D SPACE',''
  ) );
#1877 = ORIENTED_EDGE('',*,*,#1878,.F.);
#1878 = EDGE_CURVE('',#1879,#1828,#1881,.T.);
#1879 = VERTEX_POINT('',#1880);
#1880 = CARTESIAN_POINT('',(3.260668789809,-1.382165605096,
    2.861008928571));
#1881 = SURFACE_CURVE('',#1882,(#1891,#1903),.PCURVE_S1.);
#1882 = B_SPLINE_CURVE_WITH_KNOTS('',4,(#1883,#1884,#1885,#1886,#1887,
    #1888,#1889,#1890),.UNSPECIFIED.,.F.,.F.,(5,3,5),(0.,0.642446205399,
    1.),.UNSPECIFIED.);
#1883 = CARTESIAN_POINT('',(3.260668789809,-1.382165605096,
    2.861008928571));
#1884 = CARTESIAN_POINT('',(3.260668786942,-1.424864068107,
    2.861008928571));
#1885 = CARTESIAN_POINT('',(3.254568149136,-1.464292651319,
    2.861008928571));
#1886 = CARTESIAN_POINT('',(3.242212702409,-1.50025165525,2.861008928571
    ));
#1887 = CARTESIAN_POINT('',(3.213323256115,-1.550675582423,
    2.861008928571));
#1888 = CARTESIAN_POINT('',(3.20107195372,-1.567601037504,2.861008928571
    ));
#1889 = CARTESIAN_POINT('',(3.186907964837,-1.583406872442,
    2.861008928571));
#1890 = CARTESIAN_POINT('',(3.170859872611,-1.598089171975,
    2.861008928571));
#1891 = PCURVE('',#1319,#1892);
#1892 = DEFINITIONAL_REPRESENTATION('',(#1893),#1902);
#1893 = B_SPLINE_CURVE_WITH_KNOTS('',4,(#1894,#1895,#1896,#1897,#1898,
    #1899,#1900,#1901),.UNSPECIFIED.,.F.,.F.,(5,3,5),(0.,0.642446205399,
    1.),.UNSPECIFIED.);
#1894 = CARTESIAN_POINT('',(-9.258870282153,-1.38216561067));
#1895 = CARTESIAN_POINT('',(-9.25887028502,-1.424864073682));
#1896 = CARTESIAN_POINT('',(-9.264970922826,-1.464292656894));
#1897 = CARTESIAN_POINT('',(-9.277326369553,-1.500251660825));
#1898 = CARTESIAN_POINT('',(-9.306215815847,-1.550675587998));
#1899 = CARTESIAN_POINT('',(-9.318467118242,-1.567601043079));
#1900 = CARTESIAN_POINT('',(-9.332631107126,-1.583406878017));
#1901 = CARTESIAN_POINT('',(-9.348679199351,-1.598089177549));
#1902 = ( GEOMETRIC_REPRESENTATION_CONTEXT(2) 
PARAMETRIC_REPRESENTATION_CONTEXT() REPRESENTATION_CONTEXT('2D SPACE',''
  ) );
#1903 = PCURVE('',#1904,#1911);
#1904 = SURFACE_OF_LINEAR_EXTRUSION('',#1905,#1909);
#1905 = B_SPLINE_CURVE_WITH_KNOTS('',2,(#1906,#1907,#1908),
  .UNSPECIFIED.,.F.,.F.,(3,3),(0.,1.),.PIECEWISE_BEZIER_KNOTS.);
#1906 = CARTESIAN_POINT('',(3.170859872611,-1.598089171975,
    2.761008928571));
#1907 = CARTESIAN_POINT('',(3.260668789809,-1.515923566879,
    2.761008928571));
#1908 = CARTESIAN_POINT('',(3.260668789809,-1.382165605096,
    2.761008928571));
#1909 = VECTOR('',#1910,1.);
#1910 = DIRECTION('',(-0.,-0.,-1.));
#1911 = DEFINITIONAL_REPRESENTATION('',(#1912),#1921);
#1912 = B_SPLINE_CURVE_WITH_KNOTS('',4,(#1913,#1914,#1915,#1916,#1917,
    #1918,#1919,#1920),.UNSPECIFIED.,.F.,.F.,(5,3,5),(0.,0.642446205399,
    1.),.UNSPECIFIED.);
#1913 = CARTESIAN_POINT('',(1.,-0.1));
#1914 = CARTESIAN_POINT('',(0.840389072585,-0.1));
#1915 = CARTESIAN_POINT('',(0.679900663681,-0.1));
#1916 = CARTESIAN_POINT('',(0.518950193223,-0.1));
#1917 = CARTESIAN_POINT('',(0.268423080026,-0.1));
#1918 = CARTESIAN_POINT('',(0.178845469138,-0.1));
#1919 = CARTESIAN_POINT('',(8.934577061321E-02,-1.E-01));
#1920 = CARTESIAN_POINT('',(0.,-1.E-01));
#1921 = ( GEOMETRIC_REPRESENTATION_CONTEXT(2) 
PARAMETRIC_REPRESENTATION_CONTEXT() REPRESENTATION_CONTEXT('2D SPACE',''
  ) );
#1922 = ORIENTED_EDGE('',*,*,#1923,.F.);
#1923 = EDGE_CURVE('',#1924,#1879,#1926,.T.);
#1924 = VERTEX_POINT('',#1925);
#1925 = CARTESIAN_POINT('',(3.220541401274,-1.231847133758,
    2.861008928571));
#1926 = SURFACE_CURVE('',#1927,(#1936,#1948),.PCURVE_S1.);
#1927 = B_SPLINE_CURVE_WITH_KNOTS('',4,(#1928,#1929,#1930,#1931,#1932,
    #1933,#1934,#1935),.UNSPECIFIED.,.F.,.F.,(5,3,5),(0.,0.264889069063,
    1.),.UNSPECIFIED.);
#1928 = CARTESIAN_POINT('',(3.220541401274,-1.231847133758,
    2.861008928571));
#1929 = CARTESIAN_POINT('',(3.225857354736,-1.2407070573,2.861008928571)
  );
#1930 = CARTESIAN_POINT('',(3.230704737126,-1.249762275772,
    2.861008928571));
#1931 = CARTESIAN_POINT('',(3.235082721939,-1.259012179899,
    2.861008928571));
#1932 = CARTESIAN_POINT('',(3.24983700913,-1.294663992744,2.861008928571
    ));
#1933 = CARTESIAN_POINT('',(3.257065350256,-1.322365169503,
    2.861008928571));
#1934 = CARTESIAN_POINT('',(3.260668788336,-1.35154198049,2.861008928571
    ));
#1935 = CARTESIAN_POINT('',(3.260668789809,-1.382165605096,
    2.861008928571));
#1936 = PCURVE('',#1319,#1937);
#1937 = DEFINITIONAL_REPRESENTATION('',(#1938),#1947);
#1938 = B_SPLINE_CURVE_WITH_KNOTS('',4,(#1939,#1940,#1941,#1942,#1943,
    #1944,#1945,#1946),.UNSPECIFIED.,.F.,.F.,(5,3,5),(0.,0.264889069063,
    1.),.UNSPECIFIED.);
#1939 = CARTESIAN_POINT('',(-9.298997670688,-1.231847139333));
#1940 = CARTESIAN_POINT('',(-9.293681717226,-1.240707062874));
#1941 = CARTESIAN_POINT('',(-9.288834334836,-1.249762281347));
#1942 = CARTESIAN_POINT('',(-9.284456350023,-1.259012185474));
#1943 = CARTESIAN_POINT('',(-9.269702062832,-1.294663998319));
#1944 = CARTESIAN_POINT('',(-9.262473721706,-1.322365175078));
#1945 = CARTESIAN_POINT('',(-9.258870283626,-1.351541986065));
#1946 = CARTESIAN_POINT('',(-9.258870282153,-1.38216561067));
#1947 = ( GEOMETRIC_REPRESENTATION_CONTEXT(2) 
PARAMETRIC_REPRESENTATION_CONTEXT() REPRESENTATION_CONTEXT('2D SPACE',''
  ) );
#1948 = PCURVE('',#1949,#1956);
#1949 = SURFACE_OF_LINEAR_EXTRUSION('',#1950,#1954);
#1950 = B_SPLINE_CURVE_WITH_KNOTS('',2,(#1951,#1952,#1953),
  .UNSPECIFIED.,.F.,.F.,(3,3),(0.,1.),.PIECEWISE_BEZIER_KNOTS.);
#1951 = CARTESIAN_POINT('',(3.260668789809,-1.382165605096,
    2.761008928571));
#1952 = CARTESIAN_POINT('',(3.260668789809,-1.29872611465,2.761008928571
    ));
#1953 = CARTESIAN_POINT('',(3.220541401274,-1.231847133758,
    2.761008928571));
#1954 = VECTOR('',#1955,1.);
#1955 = DIRECTION('',(-0.,-0.,-1.));
#1956 = DEFINITIONAL_REPRESENTATION('',(#1957),#1966);
#1957 = B_SPLINE_CURVE_WITH_KNOTS('',4,(#1958,#1959,#1960,#1961,#1962,
    #1963,#1964,#1965),.UNSPECIFIED.,.F.,.F.,(5,3,5),(0.,0.264889069063,
    1.),.UNSPECIFIED.);
#1958 = CARTESIAN_POINT('',(1.,-0.1));
#1959 = CARTESIAN_POINT('',(0.933761525638,-0.1));
#1960 = CARTESIAN_POINT('',(0.867511567545,-0.1));
#1961 = CARTESIAN_POINT('',(0.801255820709,-0.1));
#1962 = CARTESIAN_POINT('',(0.551129150916,-0.1));
#1963 = CARTESIAN_POINT('',(0.367257572215,-0.1));
#1964 = CARTESIAN_POINT('',(0.183507983148,-1.E-01));
#1965 = CARTESIAN_POINT('',(0.,-1.E-01));
#1966 = ( GEOMETRIC_REPRESENTATION_CONTEXT(2) 
PARAMETRIC_REPRESENTATION_CONTEXT() REPRESENTATION_CONTEXT('2D SPACE',''
  ) );
#1967 = ORIENTED_EDGE('',*,*,#1968,.F.);
#1968 = EDGE_CURVE('',#1969,#1924,#1971,.T.);
#1969 = VERTEX_POINT('',#1970);
#1970 = CARTESIAN_POINT('',(3.117993630573,-1.126751592357,
    2.861008928571));
#1971 = SURFACE_CURVE('',#1972,(#1981,#1993),.PCURVE_S1.);
#1972 = B_SPLINE_CURVE_WITH_KNOTS('',4,(#1973,#1974,#1975,#1976,#1977,
    #1978,#1979,#1980),.UNSPECIFIED.,.F.,.F.,(5,3,5),(0.,0.284920628225,
    1.),.UNSPECIFIED.);
#1973 = CARTESIAN_POINT('',(3.117993630573,-1.126751592357,
    2.861008928571));
#1974 = CARTESIAN_POINT('',(3.126977996187,-1.132196663038,
    2.861008928571));
#1975 = CARTESIAN_POINT('',(3.135644723982,-1.13803042865,2.861008928571
    ));
#1976 = CARTESIAN_POINT('',(3.143992948792,-1.144252748426,
    2.861008928571));
#1977 = CARTESIAN_POINT('',(3.172173208133,-1.167453555463,
    2.861008928571));
#1978 = CARTESIAN_POINT('',(3.190314450926,-1.186488371651,
    2.861008928571));
#1979 = CARTESIAN_POINT('',(3.206436546766,-1.207959882606,
    2.861008928571));
#1980 = CARTESIAN_POINT('',(3.220541401274,-1.231847133758,
    2.861008928571));
#1981 = PCURVE('',#1319,#1982);
#1982 = DEFINITIONAL_REPRESENTATION('',(#1983),#1992);
#1983 = B_SPLINE_CURVE_WITH_KNOTS('',4,(#1984,#1985,#1986,#1987,#1988,
    #1989,#1990,#1991),.UNSPECIFIED.,.F.,.F.,(5,3,5),(0.,0.284920628225,
    1.),.UNSPECIFIED.);
#1984 = CARTESIAN_POINT('',(-9.401545441389,-1.126751597931));
#1985 = CARTESIAN_POINT('',(-9.392561075775,-1.132196668612));
#1986 = CARTESIAN_POINT('',(-9.38389434798,-1.138030434225));
#1987 = CARTESIAN_POINT('',(-9.37554612317,-1.144252754001));
#1988 = CARTESIAN_POINT('',(-9.347365863829,-1.167453561038));
#1989 = CARTESIAN_POINT('',(-9.329224621036,-1.186488377226));
#1990 = CARTESIAN_POINT('',(-9.313102525196,-1.207959888181));
#1991 = CARTESIAN_POINT('',(-9.298997670688,-1.231847139333));
#1992 = ( GEOMETRIC_REPRESENTATION_CONTEXT(2) 
PARAMETRIC_REPRESENTATION_CONTEXT() REPRESENTATION_CONTEXT('2D SPACE',''
  ) );
#1993 = PCURVE('',#1994,#2001);
#1994 = SURFACE_OF_LINEAR_EXTRUSION('',#1995,#1999);
#1995 = B_SPLINE_CURVE_WITH_KNOTS('',2,(#1996,#1997,#1998),
  .UNSPECIFIED.,.F.,.F.,(3,3),(0.,1.),.PIECEWISE_BEZIER_KNOTS.);
#1996 = CARTESIAN_POINT('',(3.220541401274,-1.231847133758,
    2.761008928571));
#1997 = CARTESIAN_POINT('',(3.181050955414,-1.164968152866,
    2.761008928571));
#1998 = CARTESIAN_POINT('',(3.117993630573,-1.126751592357,
    2.761008928571));
#1999 = VECTOR('',#2000,1.);
#2000 = DIRECTION('',(-0.,-0.,-1.));
#2001 = DEFINITIONAL_REPRESENTATION('',(#2002),#2011);
#2002 = B_SPLINE_CURVE_WITH_KNOTS('',4,(#2003,#2004,#2005,#2006,#2007,
    #2008,#2009,#2010),.UNSPECIFIED.,.F.,.F.,(5,3,5),(0.,0.284920628225,
    1.),.UNSPECIFIED.);
#2003 = CARTESIAN_POINT('',(1.,-0.1));
#2004 = CARTESIAN_POINT('',(0.928760330601,-0.1));
#2005 = CARTESIAN_POINT('',(0.857510310887,-0.1));
#2006 = CARTESIAN_POINT('',(0.786255131964,-0.1));
#2007 = CARTESIAN_POINT('',(0.536167476296,-0.1));
#2008 = CARTESIAN_POINT('',(0.357335171003,-0.1));
#2009 = CARTESIAN_POINT('',(0.17858564722,-1.E-01));
#2010 = CARTESIAN_POINT('',(0.,-1.E-01));
#2011 = ( GEOMETRIC_REPRESENTATION_CONTEXT(2) 
PARAMETRIC_REPRESENTATION_CONTEXT() REPRESENTATION_CONTEXT('2D SPACE',''
  ) );
#2012 = ORIENTED_EDGE('',*,*,#2013,.F.);
#2013 = EDGE_CURVE('',#2014,#1969,#2016,.T.);
#2014 = VERTEX_POINT('',#2015);
#2015 = CARTESIAN_POINT('',(3.139012738854,-0.965605095541,
    2.861008928571));
#2016 = SURFACE_CURVE('',#2017,(#2021,#2027),.PCURVE_S1.);
#2017 = LINE('',#2018,#2019);
#2018 = CARTESIAN_POINT('',(3.268885609411,3.008691206859E-02,
    2.861008928571));
#2019 = VECTOR('',#2020,1.);
#2020 = DIRECTION('',(-0.129339184068,-0.991600411186,0.));
#2021 = PCURVE('',#1319,#2022);
#2022 = DEFINITIONAL_REPRESENTATION('',(#2023),#2026);
#2023 = B_SPLINE_CURVE_WITH_KNOTS('',1,(#2024,#2025),.UNSPECIFIED.,.F.,
  .F.,(2,2),(1.004126255271,1.166637782089),.PIECEWISE_BEZIER_KNOTS.);
#2024 = CARTESIAN_POINT('',(-9.380526333109,-0.965605101116));
#2025 = CARTESIAN_POINT('',(-9.401545441389,-1.126751597931));
#2026 = ( GEOMETRIC_REPRESENTATION_CONTEXT(2) 
PARAMETRIC_REPRESENTATION_CONTEXT() REPRESENTATION_CONTEXT('2D SPACE',''
  ) );
#2027 = PCURVE('',#2028,#2033);
#2028 = PLANE('',#2029);
#2029 = AXIS2_PLACEMENT_3D('',#2030,#2031,#2032);
#2030 = CARTESIAN_POINT('',(3.117993630573,-1.126751592357,
    2.761008928571));
#2031 = DIRECTION('',(-0.991600411186,0.129339184068,0.));
#2032 = DIRECTION('',(0.129339184068,0.991600411186,0.));
#2033 = DEFINITIONAL_REPRESENTATION('',(#2034),#2037);
#2034 = B_SPLINE_CURVE_WITH_KNOTS('',1,(#2035,#2036),.UNSPECIFIED.,.F.,
  .F.,(2,2),(1.004126255271,1.166637782089),.PIECEWISE_BEZIER_KNOTS.);
#2035 = CARTESIAN_POINT('',(0.162511526818,-0.1));
#2036 = CARTESIAN_POINT('',(0.,-0.1));
#2037 = ( GEOMETRIC_REPRESENTATION_CONTEXT(2) 
PARAMETRIC_REPRESENTATION_CONTEXT() REPRESENTATION_CONTEXT('2D SPACE',''
  ) );
#2038 = ORIENTED_EDGE('',*,*,#2039,.F.);
#2039 = EDGE_CURVE('',#2040,#2014,#2042,.T.);
#2040 = VERTEX_POINT('',#2041);
#2041 = CARTESIAN_POINT('',(3.851751592357,-1.10127388535,2.861008928571
    ));
#2042 = SURFACE_CURVE('',#2043,(#2047,#2053),.PCURVE_S1.);
#2043 = LINE('',#2044,#2045);
#2044 = CARTESIAN_POINT('',(7.576590349682,-1.810291450418,
    2.861008928571));
#2045 = VECTOR('',#2046,1.);
#2046 = DIRECTION('',(-0.982361610847,0.186991084102,0.));
#2047 = PCURVE('',#1319,#2048);
#2048 = DEFINITIONAL_REPRESENTATION('',(#2049),#2052);
#2049 = B_SPLINE_CURVE_WITH_KNOTS('',1,(#2050,#2051),.UNSPECIFIED.,.F.,
  .F.,(2,2),(3.791718564931,4.517254707257),.PIECEWISE_BEZIER_KNOTS.);
#2050 = CARTESIAN_POINT('',(-8.667787479605,-1.101273890925));
#2051 = CARTESIAN_POINT('',(-9.380526333109,-0.965605101116));
#2052 = ( GEOMETRIC_REPRESENTATION_CONTEXT(2) 
PARAMETRIC_REPRESENTATION_CONTEXT() REPRESENTATION_CONTEXT('2D SPACE',''
  ) );
#2053 = PCURVE('',#2054,#2059);
#2054 = PLANE('',#2055);
#2055 = AXIS2_PLACEMENT_3D('',#2056,#2057,#2058);
#2056 = CARTESIAN_POINT('',(3.139012738854,-0.965605095541,
    2.761008928571));
#2057 = DIRECTION('',(0.186991084102,0.982361610847,0.));
#2058 = DIRECTION('',(0.982361610847,-0.186991084102,0.));
#2059 = DEFINITIONAL_REPRESENTATION('',(#2060),#2063);
#2060 = B_SPLINE_CURVE_WITH_KNOTS('',1,(#2061,#2062),.UNSPECIFIED.,.F.,
  .F.,(2,2),(3.791718564931,4.517254707257),.PIECEWISE_BEZIER_KNOTS.);
#2061 = CARTESIAN_POINT('',(0.725536142326,-0.1));
#2062 = CARTESIAN_POINT('',(0.,-0.1));
#2063 = ( GEOMETRIC_REPRESENTATION_CONTEXT(2) 
PARAMETRIC_REPRESENTATION_CONTEXT() REPRESENTATION_CONTEXT('2D SPACE',''
  ) );
#2064 = ORIENTED_EDGE('',*,*,#2065,.F.);
#2065 = EDGE_CURVE('',#2066,#2040,#2068,.T.);
#2066 = VERTEX_POINT('',#2067);
#2067 = CARTESIAN_POINT('',(3.851751592357,-1.797452229299,
    2.861008928571));
#2068 = SURFACE_CURVE('',#2069,(#2073,#2079),.PCURVE_S1.);
#2069 = LINE('',#2070,#2071);
#2070 = CARTESIAN_POINT('',(3.851751592357,-0.550636939888,
    2.861008928571));
#2071 = VECTOR('',#2072,1.);
#2072 = DIRECTION('',(-2.22044604925E-16,1.,0.));
#2073 = PCURVE('',#1319,#2074);
#2074 = DEFINITIONAL_REPRESENTATION('',(#2075),#2078);
#2075 = B_SPLINE_CURVE_WITH_KNOTS('',1,(#2076,#2077),.UNSPECIFIED.,.F.,
  .F.,(2,2),(-1.246815289412,-0.550636945463),.PIECEWISE_BEZIER_KNOTS.);
#2076 = CARTESIAN_POINT('',(-8.667787479605,-1.797452234874));
#2077 = CARTESIAN_POINT('',(-8.667787479605,-1.101273890925));
#2078 = ( GEOMETRIC_REPRESENTATION_CONTEXT(2) 
PARAMETRIC_REPRESENTATION_CONTEXT() REPRESENTATION_CONTEXT('2D SPACE',''
  ) );
#2079 = PCURVE('',#2080,#2085);
#2080 = PLANE('',#2081);
#2081 = AXIS2_PLACEMENT_3D('',#2082,#2083,#2084);
#2082 = CARTESIAN_POINT('',(3.851751592357,-1.10127388535,2.761008928571
    ));
#2083 = DIRECTION('',(1.,2.22044604925E-16,0.));
#2084 = DIRECTION('',(2.22044604925E-16,-1.,0.));
#2085 = DEFINITIONAL_REPRESENTATION('',(#2086),#2089);
#2086 = B_SPLINE_CURVE_WITH_KNOTS('',1,(#2087,#2088),.UNSPECIFIED.,.F.,
  .F.,(2,2),(-1.246815289412,-0.550636945463),.PIECEWISE_BEZIER_KNOTS.);
#2087 = CARTESIAN_POINT('',(0.696178343949,-0.1));
#2088 = CARTESIAN_POINT('',(0.,-0.1));
#2089 = ( GEOMETRIC_REPRESENTATION_CONTEXT(2) 
PARAMETRIC_REPRESENTATION_CONTEXT() REPRESENTATION_CONTEXT('2D SPACE',''
  ) );
#2090 = ORIENTED_EDGE('',*,*,#2091,.F.);
#2091 = EDGE_CURVE('',#2092,#2066,#2094,.T.);
#2092 = VERTEX_POINT('',#2093);
#2093 = CARTESIAN_POINT('',(3.688694267516,-1.797452229299,
    2.861008928571));
#2094 = SURFACE_CURVE('',#2095,(#2099,#2105),.PCURVE_S1.);
#2095 = LINE('',#2096,#2097);
#2096 = CARTESIAN_POINT('',(8.185645332159,-1.797452229299,
    2.861008928571));
#2097 = VECTOR('',#2098,1.);
#2098 = DIRECTION('',(1.,2.22044604925E-16,0.));
#2099 = PCURVE('',#1319,#2100);
#2100 = DEFINITIONAL_REPRESENTATION('',(#2101),#2104);
#2101 = B_SPLINE_CURVE_WITH_KNOTS('',1,(#2102,#2103),.UNSPECIFIED.,.F.,
  .F.,(2,2),(-4.496951064643,-4.333893739803),.PIECEWISE_BEZIER_KNOTS.);
#2102 = CARTESIAN_POINT('',(-8.830844804446,-1.797452234874));
#2103 = CARTESIAN_POINT('',(-8.667787479605,-1.797452234874));
#2104 = ( GEOMETRIC_REPRESENTATION_CONTEXT(2) 
PARAMETRIC_REPRESENTATION_CONTEXT() REPRESENTATION_CONTEXT('2D SPACE',''
  ) );
#2105 = PCURVE('',#2106,#2111);
#2106 = PLANE('',#2107);
#2107 = AXIS2_PLACEMENT_3D('',#2108,#2109,#2110);
#2108 = CARTESIAN_POINT('',(3.851751592357,-1.797452229299,
    2.761008928571));
#2109 = DIRECTION('',(2.22044604925E-16,-1.,0.));
#2110 = DIRECTION('',(-1.,-2.22044604925E-16,0.));
#2111 = DEFINITIONAL_REPRESENTATION('',(#2112),#2115);
#2112 = B_SPLINE_CURVE_WITH_KNOTS('',1,(#2113,#2114),.UNSPECIFIED.,.F.,
  .F.,(2,2),(-4.496951064643,-4.333893739803),.PIECEWISE_BEZIER_KNOTS.);
#2113 = CARTESIAN_POINT('',(0.163057324841,-0.1));
#2114 = CARTESIAN_POINT('',(0.,-0.1));
#2115 = ( GEOMETRIC_REPRESENTATION_CONTEXT(2) 
PARAMETRIC_REPRESENTATION_CONTEXT() REPRESENTATION_CONTEXT('2D SPACE',''
  ) );
#2116 = ORIENTED_EDGE('',*,*,#2117,.F.);
#2117 = EDGE_CURVE('',#2118,#2092,#2120,.T.);
#2118 = VERTEX_POINT('',#2119);
#2119 = CARTESIAN_POINT('',(3.688694267516,-1.238853503185,
    2.861008928571));
#2120 = SURFACE_CURVE('',#2121,(#2125,#2131),.PCURVE_S1.);
#2121 = LINE('',#2122,#2123);
#2122 = CARTESIAN_POINT('',(3.688694267516,-0.898726111862,
    2.861008928571));
#2123 = VECTOR('',#2124,1.);
#2124 = DIRECTION('',(2.22044604925E-16,-1.,0.));
#2125 = PCURVE('',#1319,#2126);
#2126 = DEFINITIONAL_REPRESENTATION('',(#2127),#2130);
#2127 = B_SPLINE_CURVE_WITH_KNOTS('',1,(#2128,#2129),.UNSPECIFIED.,.F.,
  .F.,(2,2),(0.340127391322,0.898726117437),.PIECEWISE_BEZIER_KNOTS.);
#2128 = CARTESIAN_POINT('',(-8.830844804446,-1.23885350876));
#2129 = CARTESIAN_POINT('',(-8.830844804446,-1.797452234874));
#2130 = ( GEOMETRIC_REPRESENTATION_CONTEXT(2) 
PARAMETRIC_REPRESENTATION_CONTEXT() REPRESENTATION_CONTEXT('2D SPACE',''
  ) );
#2131 = PCURVE('',#2132,#2137);
#2132 = PLANE('',#2133);
#2133 = AXIS2_PLACEMENT_3D('',#2134,#2135,#2136);
#2134 = CARTESIAN_POINT('',(3.688694267516,-1.797452229299,
    2.761008928571));
#2135 = DIRECTION('',(-1.,-2.22044604925E-16,0.));
#2136 = DIRECTION('',(-2.22044604925E-16,1.,0.));
#2137 = DEFINITIONAL_REPRESENTATION('',(#2138),#2141);
#2138 = B_SPLINE_CURVE_WITH_KNOTS('',1,(#2139,#2140),.UNSPECIFIED.,.F.,
  .F.,(2,2),(0.340127391322,0.898726117437),.PIECEWISE_BEZIER_KNOTS.);
#2139 = CARTESIAN_POINT('',(0.558598726115,-0.1));
#2140 = CARTESIAN_POINT('',(0.,-0.1));
#2141 = ( GEOMETRIC_REPRESENTATION_CONTEXT(2) 
PARAMETRIC_REPRESENTATION_CONTEXT() REPRESENTATION_CONTEXT('2D SPACE',''
  ) );
#2142 = ORIENTED_EDGE('',*,*,#2143,.F.);
#2143 = EDGE_CURVE('',#2144,#2118,#2146,.T.);
#2144 = VERTEX_POINT('',#2145);
#2145 = CARTESIAN_POINT('',(3.317356687898,-1.163057324841,
    2.861008928571));
#2146 = SURFACE_CURVE('',#2147,(#2151,#2157),.PCURVE_S1.);
#2147 = LINE('',#2148,#2149);
#2148 = CARTESIAN_POINT('',(7.806133993347,-2.079291457514,
    2.861008928571));
#2149 = VECTOR('',#2150,1.);
#2150 = DIRECTION('',(0.979797338463,-0.199992938726,0.));
#2151 = PCURVE('',#1319,#2152);
#2152 = DEFINITIONAL_REPRESENTATION('',(#2153),#2156);
#2153 = B_SPLINE_CURVE_WITH_KNOTS('',1,(#2154,#2155),.UNSPECIFIED.,.F.,
  .F.,(2,2),(-4.581332413588,-4.202338140956),.PIECEWISE_BEZIER_KNOTS.);
#2154 = CARTESIAN_POINT('',(-9.202182384064,-1.163057330416));
#2155 = CARTESIAN_POINT('',(-8.830844804446,-1.23885350876));
#2156 = ( GEOMETRIC_REPRESENTATION_CONTEXT(2) 
PARAMETRIC_REPRESENTATION_CONTEXT() REPRESENTATION_CONTEXT('2D SPACE',''
  ) );
#2157 = PCURVE('',#2158,#2163);
#2158 = PLANE('',#2159);
#2159 = AXIS2_PLACEMENT_3D('',#2160,#2161,#2162);
#2160 = CARTESIAN_POINT('',(3.688694267516,-1.238853503185,
    2.761008928571));
#2161 = DIRECTION('',(-0.199992938726,-0.979797338463,0.));
#2162 = DIRECTION('',(-0.979797338463,0.199992938726,0.));
#2163 = DEFINITIONAL_REPRESENTATION('',(#2164),#2167);
#2164 = B_SPLINE_CURVE_WITH_KNOTS('',1,(#2165,#2166),.UNSPECIFIED.,.F.,
  .F.,(2,2),(-4.581332413588,-4.202338140956),.PIECEWISE_BEZIER_KNOTS.);
#2165 = CARTESIAN_POINT('',(0.378994272632,-0.1));
#2166 = CARTESIAN_POINT('',(0.,-0.1));
#2167 = ( GEOMETRIC_REPRESENTATION_CONTEXT(2) 
PARAMETRIC_REPRESENTATION_CONTEXT() REPRESENTATION_CONTEXT('2D SPACE',''
  ) );
#2168 = ORIENTED_EDGE('',*,*,#2169,.F.);
#2169 = EDGE_CURVE('',#2170,#2144,#2172,.T.);
#2170 = VERTEX_POINT('',#2171);
#2171 = CARTESIAN_POINT('',(3.403343949045,-1.428025477707,
    2.861008928571));
#2172 = SURFACE_CURVE('',#2173,(#2184,#2198),.PCURVE_S1.);
#2173 = B_SPLINE_CURVE_WITH_KNOTS('',5,(#2174,#2175,#2176,#2177,#2178,
    #2179,#2180,#2181,#2182,#2183),.UNSPECIFIED.,.F.,.F.,(6,4,6),(0.,
    0.233556121132,1.),.UNSPECIFIED.);
#2174 = CARTESIAN_POINT('',(3.403343949045,-1.428025477707,
    2.861008928571));
#2175 = CARTESIAN_POINT('',(3.40334394824,-1.415035452589,2.861008928571
    ));
#2176 = CARTESIAN_POINT('',(3.402873600268,-1.40211011819,2.861008928571
    ));
#2177 = CARTESIAN_POINT('',(3.401932178702,-1.389251236951,
    2.861008928571));
#2178 = CARTESIAN_POINT('',(3.400519441413,-1.376460507944,
    2.861008928571));
#2179 = CARTESIAN_POINT('',(3.392453667627,-1.321994193796,
    2.861008928571));
#2180 = CARTESIAN_POINT('',(3.381198619467,-1.280999942327,
    2.861008928571));
#2181 = CARTESIAN_POINT('',(3.364878970429,-1.240815782245,
    2.861008928571));
#2182 = CARTESIAN_POINT('',(3.343560206348,-1.201489156132,
    2.861008928571));
#2183 = CARTESIAN_POINT('',(3.317356687898,-1.163057324841,
    2.861008928571));
#2184 = PCURVE('',#1319,#2185);
#2185 = DEFINITIONAL_REPRESENTATION('',(#2186),#2197);
#2186 = B_SPLINE_CURVE_WITH_KNOTS('',5,(#2187,#2188,#2189,#2190,#2191,
    #2192,#2193,#2194,#2195,#2196),.UNSPECIFIED.,.F.,.F.,(6,4,6),(0.,
    0.233556121132,1.),.UNSPECIFIED.);
#2187 = CARTESIAN_POINT('',(-9.116195122918,-1.428025483282));
#2188 = CARTESIAN_POINT('',(-9.116195123722,-1.415035458163));
#2189 = CARTESIAN_POINT('',(-9.116665471694,-1.402110123765));
#2190 = CARTESIAN_POINT('',(-9.11760689326,-1.389251242525));
#2191 = CARTESIAN_POINT('',(-9.11901963055,-1.376460513519));
#2192 = CARTESIAN_POINT('',(-9.127085404335,-1.32199419937));
#2193 = CARTESIAN_POINT('',(-9.138340452495,-1.280999947901));
#2194 = CARTESIAN_POINT('',(-9.154660101533,-1.240815787819));
#2195 = CARTESIAN_POINT('',(-9.175978865614,-1.201489161707));
#2196 = CARTESIAN_POINT('',(-9.202182384064,-1.163057330416));
#2197 = ( GEOMETRIC_REPRESENTATION_CONTEXT(2) 
PARAMETRIC_REPRESENTATION_CONTEXT() REPRESENTATION_CONTEXT('2D SPACE',''
  ) );
#2198 = PCURVE('',#2199,#2206);
#2199 = SURFACE_OF_LINEAR_EXTRUSION('',#2200,#2204);
#2200 = B_SPLINE_CURVE_WITH_KNOTS('',2,(#2201,#2202,#2203),
  .UNSPECIFIED.,.F.,.F.,(3,3),(0.,1.),.PIECEWISE_BEZIER_KNOTS.);
#2201 = CARTESIAN_POINT('',(3.317356687898,-1.163057324841,
    2.761008928571));
#2202 = CARTESIAN_POINT('',(3.403343949045,-1.289171974522,
    2.761008928571));
#2203 = CARTESIAN_POINT('',(3.403343949045,-1.428025477707,
    2.761008928571));
#2204 = VECTOR('',#2205,1.);
#2205 = DIRECTION('',(-0.,-0.,-1.));
#2206 = DEFINITIONAL_REPRESENTATION('',(#2207),#2218);
#2207 = B_SPLINE_CURVE_WITH_KNOTS('',5,(#2208,#2209,#2210,#2211,#2212,
    #2213,#2214,#2215,#2216,#2217),.UNSPECIFIED.,.F.,.F.,(6,4,6),(0.,
    0.233556121132,1.),.UNSPECIFIED.);
#2208 = CARTESIAN_POINT('',(1.,-0.1));
#2209 = CARTESIAN_POINT('',(0.95322399169,-0.1));
#2210 = CARTESIAN_POINT('',(0.906430013572,-0.1));
#2211 = CARTESIAN_POINT('',(0.859624024514,-0.1));
#2212 = CARTESIAN_POINT('',(0.812812013575,-0.1));
#2213 = CARTESIAN_POINT('',(0.612380471262,-0.1));
#2214 = CARTESIAN_POINT('',(0.458759334479,-1.E-01));
#2215 = CARTESIAN_POINT('',(0.305353461064,-0.1));
#2216 = CARTESIAN_POINT('',(0.15236862252,-1.E-01));
#2217 = CARTESIAN_POINT('',(0.,-1.E-01));
#2218 = ( GEOMETRIC_REPRESENTATION_CONTEXT(2) 
PARAMETRIC_REPRESENTATION_CONTEXT() REPRESENTATION_CONTEXT('2D SPACE',''
  ) );
#2219 = ORIENTED_EDGE('',*,*,#2220,.F.);
#2220 = EDGE_CURVE('',#2221,#2170,#2223,.T.);
#2221 = VERTEX_POINT('',#2222);
#2222 = CARTESIAN_POINT('',(3.272770700637,-1.737579617834,
    2.861008928571));
#2223 = SURFACE_CURVE('',#2224,(#2235,#2249),.PCURVE_S1.);
#2224 = B_SPLINE_CURVE_WITH_KNOTS('',5,(#2225,#2226,#2227,#2228,#2229,
    #2230,#2231,#2232,#2233,#2234),.UNSPECIFIED.,.F.,.F.,(6,4,6),(0.,
    0.482896703383,1.),.UNSPECIFIED.);
#2225 = CARTESIAN_POINT('',(3.272770700637,-1.737579617834,
    2.861008928571));
#2226 = CARTESIAN_POINT('',(3.297855963026,-1.713350921857,
    2.861008928571));
#2227 = CARTESIAN_POINT('',(3.320034277381,-1.687698725542,
    2.861008928571));
#2228 = CARTESIAN_POINT('',(3.339221053269,-1.660632454814,
    2.861008928571));
#2229 = CARTESIAN_POINT('',(3.355364005885,-1.632178379126,
    2.861008928571));
#2230 = CARTESIAN_POINT('',(3.382448784212,-1.570470010748,
    2.861008928571));
#2231 = CARTESIAN_POINT('',(3.392941828819,-1.537017799202,
    2.861008928571));
#2232 = CARTESIAN_POINT('',(3.399898531669,-1.50207653106,2.861008928571
    ));
#2233 = CARTESIAN_POINT('',(3.403343946362,-1.465717306677,
    2.861008928571));
#2234 = CARTESIAN_POINT('',(3.403343949045,-1.428025477707,
    2.861008928571));
#2235 = PCURVE('',#1319,#2236);
#2236 = DEFINITIONAL_REPRESENTATION('',(#2237),#2248);
#2237 = B_SPLINE_CURVE_WITH_KNOTS('',5,(#2238,#2239,#2240,#2241,#2242,
    #2243,#2244,#2245,#2246,#2247),.UNSPECIFIED.,.F.,.F.,(6,4,6),(0.,
    0.482896703383,1.),.UNSPECIFIED.);
#2238 = CARTESIAN_POINT('',(-9.246768371325,-1.737579623409));
#2239 = CARTESIAN_POINT('',(-9.221683108936,-1.713350927431));
#2240 = CARTESIAN_POINT('',(-9.199504794581,-1.687698731117));
#2241 = CARTESIAN_POINT('',(-9.180318018693,-1.660632460388));
#2242 = CARTESIAN_POINT('',(-9.164175066077,-1.6321783847));
#2243 = CARTESIAN_POINT('',(-9.13709028775,-1.570470016323));
#2244 = CARTESIAN_POINT('',(-9.126597243143,-1.537017804777));
#2245 = CARTESIAN_POINT('',(-9.119640540293,-1.502076536635));
#2246 = CARTESIAN_POINT('',(-9.1161951256,-1.465717312251));
#2247 = CARTESIAN_POINT('',(-9.116195122918,-1.428025483282));
#2248 = ( GEOMETRIC_REPRESENTATION_CONTEXT(2) 
PARAMETRIC_REPRESENTATION_CONTEXT() REPRESENTATION_CONTEXT('2D SPACE',''
  ) );
#2249 = PCURVE('',#2250,#2257);
#2250 = SURFACE_OF_LINEAR_EXTRUSION('',#2251,#2255);
#2251 = B_SPLINE_CURVE_WITH_KNOTS('',2,(#2252,#2253,#2254),
  .UNSPECIFIED.,.F.,.F.,(3,3),(0.,1.),.PIECEWISE_BEZIER_KNOTS.);
#2252 = CARTESIAN_POINT('',(3.403343949045,-1.428025477707,
    2.761008928571));
#2253 = CARTESIAN_POINT('',(3.403343949045,-1.611464968153,
    2.761008928571));
#2254 = CARTESIAN_POINT('',(3.272770700637,-1.737579617834,
    2.761008928571));
#2255 = VECTOR('',#2256,1.);
#2256 = DIRECTION('',(-0.,-0.,-1.));
#2257 = DEFINITIONAL_REPRESENTATION('',(#2258),#2269);
#2258 = B_SPLINE_CURVE_WITH_KNOTS('',5,(#2259,#2260,#2261,#2262,#2263,
    #2264,#2265,#2266,#2267,#2268),.UNSPECIFIED.,.F.,.F.,(6,4,6),(0.,
    0.482896703383,1.),.UNSPECIFIED.);
#2259 = CARTESIAN_POINT('',(1.,-0.1));
#2260 = CARTESIAN_POINT('',(0.903941790515,-0.1));
#2261 = CARTESIAN_POINT('',(0.8074821428,-0.1));
#2262 = CARTESIAN_POINT('',(0.710747973872,-0.1));
#2263 = CARTESIAN_POINT('',(0.613873452659,-0.1));
#2264 = CARTESIAN_POINT('',(0.413264394903,-0.1));
#2265 = CARTESIAN_POINT('',(0.309527424298,-1.E-01));
#2266 = CARTESIAN_POINT('',(0.205963490826,-0.1));
#2267 = CARTESIAN_POINT('',(0.102736412034,-1.E-01));
#2268 = CARTESIAN_POINT('',(0.,-1.E-01));
#2269 = ( GEOMETRIC_REPRESENTATION_CONTEXT(2) 
PARAMETRIC_REPRESENTATION_CONTEXT() REPRESENTATION_CONTEXT('2D SPACE',''
  ) );
#2270 = ORIENTED_EDGE('',*,*,#2271,.F.);
#2271 = EDGE_CURVE('',#2272,#2221,#2274,.T.);
#2272 = VERTEX_POINT('',#2273);
#2273 = CARTESIAN_POINT('',(2.937101910828,-1.863694267516,
    2.861008928571));
#2274 = SURFACE_CURVE('',#2275,(#2286,#2300),.PCURVE_S1.);
#2275 = B_SPLINE_CURVE_WITH_KNOTS('',5,(#2276,#2277,#2278,#2279,#2280,
    #2281,#2282,#2283,#2284,#2285),.UNSPECIFIED.,.F.,.F.,(6,4,6),(0.,
    0.712098078673,1.),.UNSPECIFIED.);
#2276 = CARTESIAN_POINT('',(2.937101910828,-1.863694267516,
    2.861008928571));
#2277 = CARTESIAN_POINT('',(2.994700726739,-1.863694263974,
    2.861008928571));
#2278 = CARTESIAN_POINT('',(3.049158430998,-1.857477584203,
    2.861008928571));
#2279 = CARTESIAN_POINT('',(3.10018250982,-1.844814260543,2.861008928571
    ));
#2280 = CARTESIAN_POINT('',(3.147537447432,-1.825605748292,
    2.861008928571));
#2281 = CARTESIAN_POINT('',(3.208677535429,-1.789564245911,
    2.861008928571));
#2282 = CARTESIAN_POINT('',(3.225656306336,-1.778132198328,
    2.861008928571));
#2283 = CARTESIAN_POINT('',(3.242002055804,-1.76565010375,2.861008928571
    ));
#2284 = CARTESIAN_POINT('',(3.257708137167,-1.752127847584,
    2.861008928571));
#2285 = CARTESIAN_POINT('',(3.272770700637,-1.737579617834,
    2.861008928571));
#2286 = PCURVE('',#1319,#2287);
#2287 = DEFINITIONAL_REPRESENTATION('',(#2288),#2299);
#2288 = B_SPLINE_CURVE_WITH_KNOTS('',5,(#2289,#2290,#2291,#2292,#2293,
    #2294,#2295,#2296,#2297,#2298),.UNSPECIFIED.,.F.,.F.,(6,4,6),(0.,
    0.712098078673,1.),.UNSPECIFIED.);
#2289 = CARTESIAN_POINT('',(-9.582437161134,-1.863694273091));
#2290 = CARTESIAN_POINT('',(-9.524838345223,-1.863694269549));
#2291 = CARTESIAN_POINT('',(-9.470380640964,-1.857477589778));
#2292 = CARTESIAN_POINT('',(-9.419356562142,-1.844814266118));
#2293 = CARTESIAN_POINT('',(-9.372001624531,-1.825605753867));
#2294 = CARTESIAN_POINT('',(-9.310861536534,-1.789564251486));
#2295 = CARTESIAN_POINT('',(-9.293882765626,-1.778132203903));
#2296 = CARTESIAN_POINT('',(-9.277537016159,-1.765650109325));
#2297 = CARTESIAN_POINT('',(-9.261830934796,-1.752127853159));
#2298 = CARTESIAN_POINT('',(-9.246768371325,-1.737579623409));
#2299 = ( GEOMETRIC_REPRESENTATION_CONTEXT(2) 
PARAMETRIC_REPRESENTATION_CONTEXT() REPRESENTATION_CONTEXT('2D SPACE',''
  ) );
#2300 = PCURVE('',#2301,#2308);
#2301 = SURFACE_OF_LINEAR_EXTRUSION('',#2302,#2306);
#2302 = B_SPLINE_CURVE_WITH_KNOTS('',2,(#2303,#2304,#2305),
  .UNSPECIFIED.,.F.,.F.,(3,3),(0.,1.),.PIECEWISE_BEZIER_KNOTS.);
#2303 = CARTESIAN_POINT('',(3.272770700637,-1.737579617834,
    2.761008928571));
#2304 = CARTESIAN_POINT('',(3.142197452229,-1.863694267516,
    2.761008928571));
#2305 = CARTESIAN_POINT('',(2.937101910828,-1.863694267516,
    2.761008928571));
#2306 = VECTOR('',#2307,1.);
#2307 = DIRECTION('',(-0.,-0.,-1.));
#2308 = DEFINITIONAL_REPRESENTATION('',(#2309),#2320);
#2309 = B_SPLINE_CURVE_WITH_KNOTS('',5,(#2310,#2311,#2312,#2313,#2314,
    #2315,#2316,#2317,#2318,#2319),.UNSPECIFIED.,.F.,.F.,(6,4,6),(0.,
    0.712098078673,1.),.UNSPECIFIED.);
#2310 = CARTESIAN_POINT('',(1.,-0.1));
#2311 = CARTESIAN_POINT('',(0.859580521327,-0.1));
#2312 = CARTESIAN_POINT('',(0.717863162542,-0.1));
#2313 = CARTESIAN_POINT('',(0.575229754975,-0.1));
#2314 = CARTESIAN_POINT('',(0.432112499178,-0.1));
#2315 = CARTESIAN_POINT('',(0.231139482308,-0.1));
#2316 = CARTESIAN_POINT('',(0.173278468876,-0.1));
#2317 = CARTESIAN_POINT('',(0.115448024427,-0.1));
#2318 = CARTESIAN_POINT('',(5.767859341195E-02,-1.E-01));
#2319 = CARTESIAN_POINT('',(0.,-1.E-01));
#2320 = ( GEOMETRIC_REPRESENTATION_CONTEXT(2) 
PARAMETRIC_REPRESENTATION_CONTEXT() REPRESENTATION_CONTEXT('2D SPACE',''
  ) );
#2321 = ORIENTED_EDGE('',*,*,#2322,.F.);
#2322 = EDGE_CURVE('',#2323,#2272,#2325,.T.);
#2323 = VERTEX_POINT('',#2324);
#2324 = CARTESIAN_POINT('',(2.599522292994,-1.752866242038,
    2.861008928571));
#2325 = SURFACE_CURVE('',#2326,(#2337,#2351),.PCURVE_S1.);
#2326 = B_SPLINE_CURVE_WITH_KNOTS('',5,(#2327,#2328,#2329,#2330,#2331,
    #2332,#2333,#2334,#2335,#2336),.UNSPECIFIED.,.F.,.F.,(6,4,6),(0.,
    0.320316509076,1.),.UNSPECIFIED.);
#2327 = CARTESIAN_POINT('',(2.599522292994,-1.752866242038,
    2.861008928571));
#2328 = CARTESIAN_POINT('',(2.61780819382,-1.767070466632,2.861008928571
    ));
#2329 = CARTESIAN_POINT('',(2.63665535107,-1.78015637147,2.861008928571)
  );
#2330 = CARTESIAN_POINT('',(2.656058537439,-1.792111310245,
    2.861008928571));
#2331 = CARTESIAN_POINT('',(2.676010408852,-1.802926696539,
    2.861008928571));
#2332 = CARTESIAN_POINT('',(2.739981809096,-1.833119668205,
    2.861008928571));
#2333 = CARTESIAN_POINT('',(2.785891017727,-1.848490659656,
    2.861008928571));
#2334 = CARTESIAN_POINT('',(2.834136609002,-1.858666485572,
    2.861008928571));
#2335 = CARTESIAN_POINT('',(2.884591452253,-1.86369426453,2.861008928571
    ));
#2336 = CARTESIAN_POINT('',(2.937101910828,-1.863694267516,
    2.861008928571));
#2337 = PCURVE('',#1319,#2338);
#2338 = DEFINITIONAL_REPRESENTATION('',(#2339),#2350);
#2339 = B_SPLINE_CURVE_WITH_KNOTS('',5,(#2340,#2341,#2342,#2343,#2344,
    #2345,#2346,#2347,#2348,#2349),.UNSPECIFIED.,.F.,.F.,(6,4,6),(0.,
    0.320316509076,1.),.UNSPECIFIED.);
#2340 = CARTESIAN_POINT('',(-9.920016778969,-1.752866247613));
#2341 = CARTESIAN_POINT('',(-9.901730878143,-1.767070472207));
#2342 = CARTESIAN_POINT('',(-9.882883720892,-1.780156377044));
#2343 = CARTESIAN_POINT('',(-9.863480534523,-1.79211131582));
#2344 = CARTESIAN_POINT('',(-9.84352866311,-1.802926702114));
#2345 = CARTESIAN_POINT('',(-9.779557262866,-1.833119673779));
#2346 = CARTESIAN_POINT('',(-9.733648054235,-1.84849066523));
#2347 = CARTESIAN_POINT('',(-9.68540246296,-1.858666491146));
#2348 = CARTESIAN_POINT('',(-9.634947619709,-1.863694270105));
#2349 = CARTESIAN_POINT('',(-9.582437161134,-1.863694273091));
#2350 = ( GEOMETRIC_REPRESENTATION_CONTEXT(2) 
PARAMETRIC_REPRESENTATION_CONTEXT() REPRESENTATION_CONTEXT('2D SPACE',''
  ) );
#2351 = PCURVE('',#2352,#2359);
#2352 = SURFACE_OF_LINEAR_EXTRUSION('',#2353,#2357);
#2353 = B_SPLINE_CURVE_WITH_KNOTS('',2,(#2354,#2355,#2356),
  .UNSPECIFIED.,.F.,.F.,(3,3),(0.,1.),.PIECEWISE_BEZIER_KNOTS.);
#2354 = CARTESIAN_POINT('',(2.937101910828,-1.863694267516,
    2.761008928571));
#2355 = CARTESIAN_POINT('',(2.742197452229,-1.863694267516,
    2.761008928571));
#2356 = CARTESIAN_POINT('',(2.599522292994,-1.752866242038,
    2.761008928571));
#2357 = VECTOR('',#2358,1.);
#2358 = DIRECTION('',(-0.,-0.,-1.));
#2359 = DEFINITIONAL_REPRESENTATION('',(#2360),#2371);
#2360 = B_SPLINE_CURVE_WITH_KNOTS('',5,(#2361,#2362,#2363,#2364,#2365,
    #2366,#2367,#2368,#2369,#2370),.UNSPECIFIED.,.F.,.F.,(6,4,6),(0.,
    0.320316509076,1.),.UNSPECIFIED.);
#2361 = CARTESIAN_POINT('',(1.,-0.1));
#2362 = CARTESIAN_POINT('',(0.935917715969,-0.1));
#2363 = CARTESIAN_POINT('',(0.871747614114,-0.1));
#2364 = CARTESIAN_POINT('',(0.807518393259,-0.1));
#2365 = CARTESIAN_POINT('',(0.74325927426,-0.1));
#2366 = CARTESIAN_POINT('',(0.542647465504,-0.1));
#2367 = CARTESIAN_POINT('',(0.406290889615,-1.E-01));
#2368 = CARTESIAN_POINT('',(0.270221412744,-0.1));
#2369 = CARTESIAN_POINT('',(0.134708206163,-1.E-01));
#2370 = CARTESIAN_POINT('',(0.,-1.E-01));
#2371 = ( GEOMETRIC_REPRESENTATION_CONTEXT(2) 
PARAMETRIC_REPRESENTATION_CONTEXT() REPRESENTATION_CONTEXT('2D SPACE',''
  ) );
#2372 = ORIENTED_EDGE('',*,*,#2373,.F.);
#2373 = EDGE_CURVE('',#2374,#2323,#2376,.T.);
#2374 = VERTEX_POINT('',#2375);
#2375 = CARTESIAN_POINT('',(2.425,-1.384713375796,2.861008928571));
#2376 = SURFACE_CURVE('',#2377,(#2388,#2402),.PCURVE_S1.);
#2377 = B_SPLINE_CURVE_WITH_KNOTS('',5,(#2378,#2379,#2380,#2381,#2382,
    #2383,#2384,#2385,#2386,#2387),.UNSPECIFIED.,.F.,.F.,(6,4,6),(0.,
    0.570780900399,1.),.UNSPECIFIED.);
#2378 = CARTESIAN_POINT('',(2.425,-1.384713375796,2.861008928571));
#2379 = CARTESIAN_POINT('',(2.425000003922,-1.437098249095,
    2.861008928571));
#2380 = CARTESIAN_POINT('',(2.430507803641,-1.486944275201,
    2.861008928571));
#2381 = CARTESIAN_POINT('',(2.441757662069,-1.533959077579,
    2.861008928571));
#2382 = CARTESIAN_POINT('',(2.4588533399,-1.577898901873,2.861008928571)
  );
#2383 = CARTESIAN_POINT('',(2.498884379968,-1.649210439634,
    2.861008928571));
#2384 = CARTESIAN_POINT('',(2.519321102001,-1.677990726964,
    2.861008928571));
#2385 = CARTESIAN_POINT('',(2.542974951184,-1.704875164936,
    2.861008928571));
#2386 = CARTESIAN_POINT('',(2.569753671349,-1.729833581898,
    2.861008928571));
#2387 = CARTESIAN_POINT('',(2.599522292994,-1.752866242038,
    2.861008928571));
#2388 = PCURVE('',#1319,#2389);
#2389 = DEFINITIONAL_REPRESENTATION('',(#2390),#2401);
#2390 = B_SPLINE_CURVE_WITH_KNOTS('',5,(#2391,#2392,#2393,#2394,#2395,
    #2396,#2397,#2398,#2399,#2400),.UNSPECIFIED.,.F.,.F.,(6,4,6),(0.,
    0.570780900399,1.),.UNSPECIFIED.);
#2391 = CARTESIAN_POINT('',(-10.09453907196,-1.384713381371));
#2392 = CARTESIAN_POINT('',(-10.09453906804,-1.43709825467));
#2393 = CARTESIAN_POINT('',(-10.08903126832,-1.486944280776));
#2394 = CARTESIAN_POINT('',(-10.07778140989,-1.533959083153));
#2395 = CARTESIAN_POINT('',(-10.06068573206,-1.577898907447));
#2396 = CARTESIAN_POINT('',(-10.02065469199,-1.649210445209));
#2397 = CARTESIAN_POINT('',(-10.00021796996,-1.677990732539));
#2398 = CARTESIAN_POINT('',(-9.976564120778,-1.704875170511));
#2399 = CARTESIAN_POINT('',(-9.949785400614,-1.729833587473));
#2400 = CARTESIAN_POINT('',(-9.920016778969,-1.752866247613));
#2401 = ( GEOMETRIC_REPRESENTATION_CONTEXT(2) 
PARAMETRIC_REPRESENTATION_CONTEXT() REPRESENTATION_CONTEXT('2D SPACE',''
  ) );
#2402 = PCURVE('',#2403,#2410);
#2403 = SURFACE_OF_LINEAR_EXTRUSION('',#2404,#2408);
#2404 = B_SPLINE_CURVE_WITH_KNOTS('',2,(#2405,#2406,#2407),
  .UNSPECIFIED.,.F.,.F.,(3,3),(0.,1.),.PIECEWISE_BEZIER_KNOTS.);
#2405 = CARTESIAN_POINT('',(2.599522292994,-1.752866242038,
    2.761008928571));
#2406 = CARTESIAN_POINT('',(2.425,-1.617834394904,2.761008928571));
#2407 = CARTESIAN_POINT('',(2.425,-1.384713375796,2.761008928571));
#2408 = VECTOR('',#2409,1.);
#2409 = DIRECTION('',(-0.,-0.,-1.));
#2410 = DEFINITIONAL_REPRESENTATION('',(#2411),#2422);
#2411 = B_SPLINE_CURVE_WITH_KNOTS('',5,(#2412,#2413,#2414,#2415,#2416,
    #2417,#2418,#2419,#2420,#2421),.UNSPECIFIED.,.F.,.F.,(6,4,6),(0.,
    0.570780900399,1.),.UNSPECIFIED.);
#2412 = CARTESIAN_POINT('',(1.,-0.1));
#2413 = CARTESIAN_POINT('',(0.887644461011,-0.1));
#2414 = CARTESIAN_POINT('',(0.774094745571,-0.1));
#2415 = CARTESIAN_POINT('',(0.659695547008,-0.1));
#2416 = CARTESIAN_POINT('',(0.54484459072,-0.1));
#2417 = CARTESIAN_POINT('',(0.343638505093,-0.1));
#2418 = CARTESIAN_POINT('',(0.257274306133,-1.E-01));
#2419 = CARTESIAN_POINT('',(0.171098170449,-0.1));
#2420 = CARTESIAN_POINT('',(8.528602309567E-02,-1.E-01));
#2421 = CARTESIAN_POINT('',(0.,-1.E-01));
#2422 = ( GEOMETRIC_REPRESENTATION_CONTEXT(2) 
PARAMETRIC_REPRESENTATION_CONTEXT() REPRESENTATION_CONTEXT('2D SPACE',''
  ) );
#2423 = ORIENTED_EDGE('',*,*,#2424,.F.);
#2424 = EDGE_CURVE('',#2425,#2374,#2427,.T.);
#2425 = VERTEX_POINT('',#2426);
#2426 = CARTESIAN_POINT('',(2.536464968153,-1.072611464968,
    2.861008928571));
#2427 = SURFACE_CURVE('',#2428,(#2439,#2453),.PCURVE_S1.);
#2428 = B_SPLINE_CURVE_WITH_KNOTS('',5,(#2429,#2430,#2431,#2432,#2433,
    #2434,#2435,#2436,#2437,#2438),.UNSPECIFIED.,.F.,.F.,(6,4,6),(0.,
    0.227008884821,1.),.UNSPECIFIED.);
#2429 = CARTESIAN_POINT('',(2.536464968153,-1.072611464968,
    2.861008928571));
#2430 = CARTESIAN_POINT('',(2.526310364347,-1.083636465127,
    2.861008928571));
#2431 = CARTESIAN_POINT('',(2.516725705054,-1.09503383758,2.861008928571
    ));
#2432 = CARTESIAN_POINT('',(2.50771559992,-1.106801812089,2.861008928571
    ));
#2433 = CARTESIAN_POINT('',(2.499283427966,-1.118937795036,
    2.861008928571));
#2434 = CARTESIAN_POINT('',(2.464694075253,-1.174004249376,
    2.861008928571));
#2435 = CARTESIAN_POINT('',(2.444681391357,-1.220799570505,
    2.861008928571));
#2436 = CARTESIAN_POINT('',(2.43148294666,-1.271684479604,2.861008928571
    ));
#2437 = CARTESIAN_POINT('',(2.4250000034,-1.326422664226,2.861008928571)
  );
#2438 = CARTESIAN_POINT('',(2.425,-1.384713375796,2.861008928571));
#2439 = PCURVE('',#1319,#2440);
#2440 = DEFINITIONAL_REPRESENTATION('',(#2441),#2452);
#2441 = B_SPLINE_CURVE_WITH_KNOTS('',5,(#2442,#2443,#2444,#2445,#2446,
    #2447,#2448,#2449,#2450,#2451),.UNSPECIFIED.,.F.,.F.,(6,4,6),(0.,
    0.227008884821,1.),.UNSPECIFIED.);
#2442 = CARTESIAN_POINT('',(-9.983074103809,-1.072611470543));
#2443 = CARTESIAN_POINT('',(-9.993228707615,-1.083636470702));
#2444 = CARTESIAN_POINT('',(-10.0028133669,-1.095033843155));
#2445 = CARTESIAN_POINT('',(-10.01182347204,-1.106801817664));
#2446 = CARTESIAN_POINT('',(-10.02025564399,-1.118937800611));
#2447 = CARTESIAN_POINT('',(-10.0548449967,-1.174004254951));
#2448 = CARTESIAN_POINT('',(-10.0748576806,-1.22079957608));
#2449 = CARTESIAN_POINT('',(-10.0880561253,-1.271684485179));
#2450 = CARTESIAN_POINT('',(-10.09453906856,-1.326422669801));
#2451 = CARTESIAN_POINT('',(-10.09453907196,-1.384713381371));
#2452 = ( GEOMETRIC_REPRESENTATION_CONTEXT(2) 
PARAMETRIC_REPRESENTATION_CONTEXT() REPRESENTATION_CONTEXT('2D SPACE',''
  ) );
#2453 = PCURVE('',#2454,#2461);
#2454 = SURFACE_OF_LINEAR_EXTRUSION('',#2455,#2459);
#2455 = B_SPLINE_CURVE_WITH_KNOTS('',2,(#2456,#2457,#2458),
  .UNSPECIFIED.,.F.,.F.,(3,3),(0.,1.),.PIECEWISE_BEZIER_KNOTS.);
#2456 = CARTESIAN_POINT('',(2.425,-1.384713375796,2.761008928571));
#2457 = CARTESIAN_POINT('',(2.425,-1.193630573248,2.761008928571));
#2458 = CARTESIAN_POINT('',(2.536464968153,-1.072611464968,
    2.761008928571));
#2459 = VECTOR('',#2460,1.);
#2460 = DIRECTION('',(-0.,-0.,-1.));
#2461 = DEFINITIONAL_REPRESENTATION('',(#2462),#2473);
#2462 = B_SPLINE_CURVE_WITH_KNOTS('',5,(#2463,#2464,#2465,#2466,#2467,
    #2468,#2469,#2470,#2471,#2472),.UNSPECIFIED.,.F.,.F.,(6,4,6),(0.,
    0.227008884821,1.),.UNSPECIFIED.);
#2463 = CARTESIAN_POINT('',(1.,-0.1));
#2464 = CARTESIAN_POINT('',(0.954449344087,-0.1));
#2465 = CARTESIAN_POINT('',(0.908861737025,-0.1));
#2466 = CARTESIAN_POINT('',(0.863249392713,-0.1));
#2467 = CARTESIAN_POINT('',(0.817624655462,-0.1));
#2468 = CARTESIAN_POINT('',(0.616642850287,-0.1));
#2469 = CARTESIAN_POINT('',(0.461278993248,-1.E-01));
#2470 = CARTESIAN_POINT('',(0.306421848734,-0.1));
#2471 = CARTESIAN_POINT('',(0.152527367533,-1.E-01));
#2472 = CARTESIAN_POINT('',(0.,-1.E-01));
#2473 = ( GEOMETRIC_REPRESENTATION_CONTEXT(2) 
PARAMETRIC_REPRESENTATION_CONTEXT() REPRESENTATION_CONTEXT('2D SPACE',''
  ) );
#2474 = ORIENTED_EDGE('',*,*,#2475,.F.);
#2475 = EDGE_CURVE('',#1622,#2425,#2476,.T.);
#2476 = SURFACE_CURVE('',#2477,(#2488,#2502),.PCURVE_S1.);
#2477 = B_SPLINE_CURVE_WITH_KNOTS('',5,(#2478,#2479,#2480,#2481,#2482,
    #2483,#2484,#2485,#2486,#2487),.UNSPECIFIED.,.F.,.F.,(6,4,6),(0.,
    0.726844968117,1.),.UNSPECIFIED.);
#2478 = CARTESIAN_POINT('',(2.832643312102,-0.935031847134,
    2.861008928571));
#2479 = CARTESIAN_POINT('',(2.779713015634,-0.939976895293,
    2.861008928571));
#2480 = CARTESIAN_POINT('',(2.730116116053,-0.950290194734,
    2.861008928571));
#2481 = CARTESIAN_POINT('',(2.684078337271,-0.966116437916,
    2.861008928571));
#2482 = CARTESIAN_POINT('',(2.641772752438,-0.987506661131,
    2.861008928571));
#2483 = CARTESIAN_POINT('',(2.588842100644,-1.024491264184,
    2.861008928571));
#2484 = CARTESIAN_POINT('',(2.574925017883,-1.035369558394,
    2.861008928571));
#2485 = CARTESIAN_POINT('',(2.5615543365,-1.047019937454,2.861008928571)
  );
#2486 = CARTESIAN_POINT('',(2.548733656606,-1.059436568548,
    2.861008928571));
#2487 = CARTESIAN_POINT('',(2.536464968153,-1.072611464968,
    2.861008928571));
#2488 = PCURVE('',#1319,#2489);
#2489 = DEFINITIONAL_REPRESENTATION('',(#2490),#2501);
#2490 = B_SPLINE_CURVE_WITH_KNOTS('',5,(#2491,#2492,#2493,#2494,#2495,
    #2496,#2497,#2498,#2499,#2500),.UNSPECIFIED.,.F.,.F.,(6,4,6),(0.,
    0.726844968117,1.),.UNSPECIFIED.);
#2491 = CARTESIAN_POINT('',(-9.68689575986,-0.935031852709));
#2492 = CARTESIAN_POINT('',(-9.739826056328,-0.939976900868));
#2493 = CARTESIAN_POINT('',(-9.78942295591,-0.950290200308));
#2494 = CARTESIAN_POINT('',(-9.835460734691,-0.966116443491));
#2495 = CARTESIAN_POINT('',(-9.877766319525,-0.987506666705));
#2496 = CARTESIAN_POINT('',(-9.930696971318,-1.024491269759));
#2497 = CARTESIAN_POINT('',(-9.94461405408,-1.035369563969));
#2498 = CARTESIAN_POINT('',(-9.957984735462,-1.047019943029));
#2499 = CARTESIAN_POINT('',(-9.970805415356,-1.059436574122));
#2500 = CARTESIAN_POINT('',(-9.983074103809,-1.072611470543));
#2501 = ( GEOMETRIC_REPRESENTATION_CONTEXT(2) 
PARAMETRIC_REPRESENTATION_CONTEXT() REPRESENTATION_CONTEXT('2D SPACE',''
  ) );
#2502 = PCURVE('',#2503,#2510);
#2503 = SURFACE_OF_LINEAR_EXTRUSION('',#2504,#2508);
#2504 = B_SPLINE_CURVE_WITH_KNOTS('',2,(#2505,#2506,#2507),
  .UNSPECIFIED.,.F.,.F.,(3,3),(0.,1.),.PIECEWISE_BEZIER_KNOTS.);
#2505 = CARTESIAN_POINT('',(2.536464968153,-1.072611464968,
    2.761008928571));
#2506 = CARTESIAN_POINT('',(2.648566878981,-0.952229299363,
    2.761008928571));
#2507 = CARTESIAN_POINT('',(2.832643312102,-0.935031847134,
    2.761008928571));
#2508 = VECTOR('',#2509,1.);
#2509 = DIRECTION('',(-0.,-0.,-1.));
#2510 = DEFINITIONAL_REPRESENTATION('',(#2511),#2522);
#2511 = B_SPLINE_CURVE_WITH_KNOTS('',5,(#2512,#2513,#2514,#2515,#2516,
    #2517,#2518,#2519,#2520,#2521),.UNSPECIFIED.,.F.,.F.,(6,4,6),(0.,
    0.726844968117,1.),.UNSPECIFIED.);
#2512 = CARTESIAN_POINT('',(1.,-0.1));
#2513 = CARTESIAN_POINT('',(0.856227389787,-0.1));
#2514 = CARTESIAN_POINT('',(0.711406379806,-0.1));
#2515 = CARTESIAN_POINT('',(0.565855211161,-0.1));
#2516 = CARTESIAN_POINT('',(0.419924453105,-0.1));
#2517 = CARTESIAN_POINT('',(0.219160246836,-0.1));
#2518 = CARTESIAN_POINT('',(0.16432067711,-0.1));
#2519 = CARTESIAN_POINT('',(0.109501121356,-0.1));
#2520 = CARTESIAN_POINT('',(5.47211353263E-02,-1.E-01));
#2521 = CARTESIAN_POINT('',(0.,-1.E-01));
#2522 = ( GEOMETRIC_REPRESENTATION_CONTEXT(2) 
PARAMETRIC_REPRESENTATION_CONTEXT() REPRESENTATION_CONTEXT('2D SPACE',''
  ) );
#2523 = FACE_BOUND('',#2524,.T.);
#2524 = EDGE_LOOP('',(#2525,#2553,#2579,#2605));
#2525 = ORIENTED_EDGE('',*,*,#2526,.F.);
#2526 = EDGE_CURVE('',#2527,#2529,#2531,.T.);
#2527 = VERTEX_POINT('',#2528);
#2528 = CARTESIAN_POINT('',(3.036464968153,-0.263694267516,
    2.861008928571));
#2529 = VERTEX_POINT('',#2530);
#2530 = CARTESIAN_POINT('',(2.873407643312,-0.263694267516,
    2.861008928571));
#2531 = SURFACE_CURVE('',#2532,(#2536,#2542),.PCURVE_S1.);
#2532 = LINE('',#2533,#2534);
#2533 = CARTESIAN_POINT('',(7.696473357637,-0.263694267516,
    2.861008928571));
#2534 = VECTOR('',#2535,1.);
#2535 = DIRECTION('',(-1.,-2.22044604925E-16,0.));
#2536 = PCURVE('',#1319,#2537);
#2537 = DEFINITIONAL_REPRESENTATION('',(#2538),#2541);
#2538 = B_SPLINE_CURVE_WITH_KNOTS('',1,(#2539,#2540),.UNSPECIFIED.,.F.,
  .F.,(2,2),(4.660008389484,4.823065714325),.PIECEWISE_BEZIER_KNOTS.);
#2539 = CARTESIAN_POINT('',(-9.483074103809,-0.263694273091));
#2540 = CARTESIAN_POINT('',(-9.64613142865,-0.263694273091));
#2541 = ( GEOMETRIC_REPRESENTATION_CONTEXT(2) 
PARAMETRIC_REPRESENTATION_CONTEXT() REPRESENTATION_CONTEXT('2D SPACE',''
  ) );
#2542 = PCURVE('',#2543,#2548);
#2543 = PLANE('',#2544);
#2544 = AXIS2_PLACEMENT_3D('',#2545,#2546,#2547);
#2545 = CARTESIAN_POINT('',(2.873407643312,-0.263694267516,
    2.761008928571));
#2546 = DIRECTION('',(-2.22044604925E-16,1.,0.));
#2547 = DIRECTION('',(1.,2.22044604925E-16,0.));
#2548 = DEFINITIONAL_REPRESENTATION('',(#2549),#2552);
#2549 = B_SPLINE_CURVE_WITH_KNOTS('',1,(#2550,#2551),.UNSPECIFIED.,.F.,
  .F.,(2,2),(4.660008389484,4.823065714325),.PIECEWISE_BEZIER_KNOTS.);
#2550 = CARTESIAN_POINT('',(0.163057324841,-0.1));
#2551 = CARTESIAN_POINT('',(0.,-0.1));
#2552 = ( GEOMETRIC_REPRESENTATION_CONTEXT(2) 
PARAMETRIC_REPRESENTATION_CONTEXT() REPRESENTATION_CONTEXT('2D SPACE',''
  ) );
#2553 = ORIENTED_EDGE('',*,*,#2554,.F.);
#2554 = EDGE_CURVE('',#2555,#2527,#2557,.T.);
#2555 = VERTEX_POINT('',#2556);
#2556 = CARTESIAN_POINT('',(3.036464968153,-0.791719745223,
    2.861008928571));
#2557 = SURFACE_CURVE('',#2558,(#2562,#2568),.PCURVE_S1.);
#2558 = LINE('',#2559,#2560);
#2559 = CARTESIAN_POINT('',(3.036464968153,-0.131847130971,
    2.861008928571));
#2560 = VECTOR('',#2561,1.);
#2561 = DIRECTION('',(-2.22044604925E-16,1.,0.));
#2562 = PCURVE('',#1319,#2563);
#2563 = DEFINITIONAL_REPRESENTATION('',(#2564),#2567);
#2564 = B_SPLINE_CURVE_WITH_KNOTS('',1,(#2565,#2566),.UNSPECIFIED.,.F.,
  .F.,(2,2),(-0.659872614252,-0.131847136545),.PIECEWISE_BEZIER_KNOTS.);
#2565 = CARTESIAN_POINT('',(-9.483074103809,-0.791719750798));
#2566 = CARTESIAN_POINT('',(-9.483074103809,-0.263694273091));
#2567 = ( GEOMETRIC_REPRESENTATION_CONTEXT(2) 
PARAMETRIC_REPRESENTATION_CONTEXT() REPRESENTATION_CONTEXT('2D SPACE',''
  ) );
#2568 = PCURVE('',#2569,#2574);
#2569 = PLANE('',#2570);
#2570 = AXIS2_PLACEMENT_3D('',#2571,#2572,#2573);
#2571 = CARTESIAN_POINT('',(3.036464968153,-0.263694267516,
    2.761008928571));
#2572 = DIRECTION('',(1.,2.22044604925E-16,0.));
#2573 = DIRECTION('',(2.22044604925E-16,-1.,0.));
#2574 = DEFINITIONAL_REPRESENTATION('',(#2575),#2578);
#2575 = B_SPLINE_CURVE_WITH_KNOTS('',1,(#2576,#2577),.UNSPECIFIED.,.F.,
  .F.,(2,2),(-0.659872614252,-0.131847136545),.PIECEWISE_BEZIER_KNOTS.);
#2576 = CARTESIAN_POINT('',(0.528025477707,-0.1));
#2577 = CARTESIAN_POINT('',(0.,-0.1));
#2578 = ( GEOMETRIC_REPRESENTATION_CONTEXT(2) 
PARAMETRIC_REPRESENTATION_CONTEXT() REPRESENTATION_CONTEXT('2D SPACE',''
  ) );
#2579 = ORIENTED_EDGE('',*,*,#2580,.F.);
#2580 = EDGE_CURVE('',#2581,#2555,#2583,.T.);
#2581 = VERTEX_POINT('',#2582);
#2582 = CARTESIAN_POINT('',(2.873407643312,-0.791719745223,
    2.861008928571));
#2583 = SURFACE_CURVE('',#2584,(#2588,#2594),.PCURVE_S1.);
#2584 = LINE('',#2585,#2586);
#2585 = CARTESIAN_POINT('',(7.778002020057,-0.791719745223,
    2.861008928571));
#2586 = VECTOR('',#2587,1.);
#2587 = DIRECTION('',(1.,2.22044604925E-16,0.));
#2588 = PCURVE('',#1319,#2589);
#2589 = DEFINITIONAL_REPRESENTATION('',(#2590),#2593);
#2590 = B_SPLINE_CURVE_WITH_KNOTS('',1,(#2591,#2592),.UNSPECIFIED.,.F.,
  .F.,(2,2),(-4.904594376745,-4.741537051905),.PIECEWISE_BEZIER_KNOTS.);
#2591 = CARTESIAN_POINT('',(-9.64613142865,-0.791719750798));
#2592 = CARTESIAN_POINT('',(-9.483074103809,-0.791719750798));
#2593 = ( GEOMETRIC_REPRESENTATION_CONTEXT(2) 
PARAMETRIC_REPRESENTATION_CONTEXT() REPRESENTATION_CONTEXT('2D SPACE',''
  ) );
#2594 = PCURVE('',#2595,#2600);
#2595 = PLANE('',#2596);
#2596 = AXIS2_PLACEMENT_3D('',#2597,#2598,#2599);
#2597 = CARTESIAN_POINT('',(3.036464968153,-0.791719745223,
    2.761008928571));
#2598 = DIRECTION('',(2.22044604925E-16,-1.,0.));
#2599 = DIRECTION('',(-1.,-2.22044604925E-16,0.));
#2600 = DEFINITIONAL_REPRESENTATION('',(#2601),#2604);
#2601 = B_SPLINE_CURVE_WITH_KNOTS('',1,(#2602,#2603),.UNSPECIFIED.,.F.,
  .F.,(2,2),(-4.904594376745,-4.741537051905),.PIECEWISE_BEZIER_KNOTS.);
#2602 = CARTESIAN_POINT('',(0.163057324841,-0.1));
#2603 = CARTESIAN_POINT('',(0.,-0.1));
#2604 = ( GEOMETRIC_REPRESENTATION_CONTEXT(2) 
PARAMETRIC_REPRESENTATION_CONTEXT() REPRESENTATION_CONTEXT('2D SPACE',''
  ) );
#2605 = ORIENTED_EDGE('',*,*,#2606,.F.);
#2606 = EDGE_CURVE('',#2529,#2581,#2607,.T.);
#2607 = SURFACE_CURVE('',#2608,(#2612,#2618),.PCURVE_S1.);
#2608 = LINE('',#2609,#2610);
#2609 = CARTESIAN_POINT('',(2.873407643312,-0.395859869824,
    2.861008928571));
#2610 = VECTOR('',#2611,1.);
#2611 = DIRECTION('',(2.22044604925E-16,-1.,0.));
#2612 = PCURVE('',#1319,#2613);
#2613 = DEFINITIONAL_REPRESENTATION('',(#2614),#2617);
#2614 = B_SPLINE_CURVE_WITH_KNOTS('',1,(#2615,#2616),.UNSPECIFIED.,.F.,
  .F.,(2,2),(-0.132165602308,0.395859875399),.PIECEWISE_BEZIER_KNOTS.);
#2615 = CARTESIAN_POINT('',(-9.64613142865,-0.263694273091));
#2616 = CARTESIAN_POINT('',(-9.64613142865,-0.791719750798));
#2617 = ( GEOMETRIC_REPRESENTATION_CONTEXT(2) 
PARAMETRIC_REPRESENTATION_CONTEXT() REPRESENTATION_CONTEXT('2D SPACE',''
  ) );
#2618 = PCURVE('',#2619,#2624);
#2619 = PLANE('',#2620);
#2620 = AXIS2_PLACEMENT_3D('',#2621,#2622,#2623);
#2621 = CARTESIAN_POINT('',(2.873407643312,-0.791719745223,
    2.761008928571));
#2622 = DIRECTION('',(-1.,-2.22044604925E-16,0.));
#2623 = DIRECTION('',(-2.22044604925E-16,1.,0.));
#2624 = DEFINITIONAL_REPRESENTATION('',(#2625),#2628);
#2625 = B_SPLINE_CURVE_WITH_KNOTS('',1,(#2626,#2627),.UNSPECIFIED.,.F.,
  .F.,(2,2),(-0.132165602308,0.395859875399),.PIECEWISE_BEZIER_KNOTS.);
#2626 = CARTESIAN_POINT('',(0.528025477707,-0.1));
#2627 = CARTESIAN_POINT('',(0.,-0.1));
#2628 = ( GEOMETRIC_REPRESENTATION_CONTEXT(2) 
PARAMETRIC_REPRESENTATION_CONTEXT() REPRESENTATION_CONTEXT('2D SPACE',''
  ) );
#2629 = FACE_BOUND('',#2630,.T.);
#2630 = EDGE_LOOP('',(#2631,#2659,#2698,#2743,#2788,#2839,#2890,#2935,
    #2980,#3025,#3051,#3077,#3103,#3129,#3155,#3181,#3232,#3283,#3334,
    #3385,#3436,#3487));
#2631 = ORIENTED_EDGE('',*,*,#2632,.F.);
#2632 = EDGE_CURVE('',#2633,#2635,#2637,.T.);
#2633 = VERTEX_POINT('',#2634);
#2634 = CARTESIAN_POINT('',(2.847929936306,0.637579617834,2.861008928571
    ));
#2635 = VERTEX_POINT('',#2636);
#2636 = CARTESIAN_POINT('',(2.832643312102,0.817834394904,2.861008928571
    ));
#2637 = SURFACE_CURVE('',#2638,(#2642,#2648),.PCURVE_S1.);
#2638 = LINE('',#2639,#2640);
#2639 = CARTESIAN_POINT('',(2.901659509523,4.018400309572E-03,
    2.861008928571));
#2640 = VECTOR('',#2641,1.);
#2641 = DIRECTION('',(-8.450232778878E-02,0.996423281843,0.));
#2642 = PCURVE('',#1319,#2643);
#2643 = DEFINITIONAL_REPRESENTATION('',(#2644),#2647);
#2644 = B_SPLINE_CURVE_WITH_KNOTS('',1,(#2645,#2646),.UNSPECIFIED.,.F.,
  .F.,(2,2),(0.635835421622,0.816737233488),.PIECEWISE_BEZIER_KNOTS.);
#2645 = CARTESIAN_POINT('',(-9.671609135656,0.63757961226));
#2646 = CARTESIAN_POINT('',(-9.68689575986,0.81783438933));
#2647 = ( GEOMETRIC_REPRESENTATION_CONTEXT(2) 
PARAMETRIC_REPRESENTATION_CONTEXT() REPRESENTATION_CONTEXT('2D SPACE',''
  ) );
#2648 = PCURVE('',#2649,#2654);
#2649 = PLANE('',#2650);
#2650 = AXIS2_PLACEMENT_3D('',#2651,#2652,#2653);
#2651 = CARTESIAN_POINT('',(2.832643312102,0.817834394904,2.761008928571
    ));
#2652 = DIRECTION('',(0.996423281843,8.450232778878E-02,0.));
#2653 = DIRECTION('',(8.450232778878E-02,-0.996423281843,0.));
#2654 = DEFINITIONAL_REPRESENTATION('',(#2655),#2658);
#2655 = B_SPLINE_CURVE_WITH_KNOTS('',1,(#2656,#2657),.UNSPECIFIED.,.F.,
  .F.,(2,2),(0.635835421622,0.816737233488),.PIECEWISE_BEZIER_KNOTS.);
#2656 = CARTESIAN_POINT('',(0.180901811865,-0.1));
#2657 = CARTESIAN_POINT('',(0.,-0.1));
#2658 = ( GEOMETRIC_REPRESENTATION_CONTEXT(2) 
PARAMETRIC_REPRESENTATION_CONTEXT() REPRESENTATION_CONTEXT('2D SPACE',''
  ) );
#2659 = ORIENTED_EDGE('',*,*,#2660,.F.);
#2660 = EDGE_CURVE('',#2661,#2633,#2663,.T.);
#2661 = VERTEX_POINT('',#2662);
#2662 = CARTESIAN_POINT('',(2.638375796178,0.544585987261,2.861008928571
    ));
#2663 = SURFACE_CURVE('',#2664,(#2671,#2681),.PCURVE_S1.);
#2664 = B_SPLINE_CURVE_WITH_KNOTS('',5,(#2665,#2666,#2667,#2668,#2669,
    #2670),.UNSPECIFIED.,.F.,.F.,(6,6),(0.,1.),
  .PIECEWISE_BEZIER_KNOTS.);
#2665 = CARTESIAN_POINT('',(2.638375796178,0.544585987261,2.861008928571
    ));
#2666 = CARTESIAN_POINT('',(2.666844142158,0.573823743075,2.861008928571
    ));
#2667 = CARTESIAN_POINT('',(2.702191215223,0.597740633391,2.861008928571
    ));
#2668 = CARTESIAN_POINT('',(2.74432010778,0.616284856427,2.861008928571)
  );
#2669 = CARTESIAN_POINT('',(2.793004872172,0.629517220638,2.861008928571
    ));
#2670 = CARTESIAN_POINT('',(2.847929936306,0.637579617834,2.861008928571
    ));
#2671 = PCURVE('',#1319,#2672);
#2672 = DEFINITIONAL_REPRESENTATION('',(#2673),#2680);
#2673 = B_SPLINE_CURVE_WITH_KNOTS('',5,(#2674,#2675,#2676,#2677,#2678,
    #2679),.UNSPECIFIED.,.F.,.F.,(6,6),(0.,1.),
  .PIECEWISE_BEZIER_KNOTS.);
#2674 = CARTESIAN_POINT('',(-9.881163275784,0.544585981686));
#2675 = CARTESIAN_POINT('',(-9.852694929804,0.573823737501));
#2676 = CARTESIAN_POINT('',(-9.817347856739,0.597740627816));
#2677 = CARTESIAN_POINT('',(-9.775218964182,0.616284850852));
#2678 = CARTESIAN_POINT('',(-9.72653419979,0.629517215063));
#2679 = CARTESIAN_POINT('',(-9.671609135656,0.63757961226));
#2680 = ( GEOMETRIC_REPRESENTATION_CONTEXT(2) 
PARAMETRIC_REPRESENTATION_CONTEXT() REPRESENTATION_CONTEXT('2D SPACE',''
  ) );
#2681 = PCURVE('',#2682,#2689);
#2682 = SURFACE_OF_LINEAR_EXTRUSION('',#2683,#2687);
#2683 = B_SPLINE_CURVE_WITH_KNOTS('',2,(#2684,#2685,#2686),
  .UNSPECIFIED.,.F.,.F.,(3,3),(0.,1.),.PIECEWISE_BEZIER_KNOTS.);
#2684 = CARTESIAN_POINT('',(2.847929936306,0.637579617834,2.761008928571
    ));
#2685 = CARTESIAN_POINT('',(2.709076433121,0.617197452229,2.761008928571
    ));
#2686 = CARTESIAN_POINT('',(2.638375796178,0.544585987261,2.761008928571
    ));
#2687 = VECTOR('',#2688,1.);
#2688 = DIRECTION('',(-0.,-0.,-1.));
#2689 = DEFINITIONAL_REPRESENTATION('',(#2690),#2697);
#2690 = B_SPLINE_CURVE_WITH_KNOTS('',5,(#2691,#2692,#2693,#2694,#2695,
    #2696),.UNSPECIFIED.,.F.,.F.,(6,6),(0.,1.),
  .PIECEWISE_BEZIER_KNOTS.);
#2691 = CARTESIAN_POINT('',(1.,-0.1));
#2692 = CARTESIAN_POINT('',(0.798669824868,-0.1));
#2693 = CARTESIAN_POINT('',(0.597534130256,-1.E-01));
#2694 = CARTESIAN_POINT('',(0.397090053831,-0.1));
#2695 = CARTESIAN_POINT('',(0.197780630554,-1.E-01));
#2696 = CARTESIAN_POINT('',(0.,-1.E-01));
#2697 = ( GEOMETRIC_REPRESENTATION_CONTEXT(2) 
PARAMETRIC_REPRESENTATION_CONTEXT() REPRESENTATION_CONTEXT('2D SPACE',''
  ) );
#2698 = ORIENTED_EDGE('',*,*,#2699,.F.);
#2699 = EDGE_CURVE('',#2700,#2661,#2702,.T.);
#2700 = VERTEX_POINT('',#2701);
#2701 = CARTESIAN_POINT('',(2.567675159236,0.368152866242,2.861008928571
    ));
#2702 = SURFACE_CURVE('',#2703,(#2712,#2724),.PCURVE_S1.);
#2703 = B_SPLINE_CURVE_WITH_KNOTS('',4,(#2704,#2705,#2706,#2707,#2708,
    #2709,#2710,#2711),.UNSPECIFIED.,.F.,.F.,(5,3,5),(0.,0.524045318313,
    1.),.UNSPECIFIED.);
#2704 = CARTESIAN_POINT('',(2.567675159236,0.368152866242,2.861008928571
    ));
#2705 = CARTESIAN_POINT('',(2.567675161084,0.395131218567,2.861008928571
    ));
#2706 = CARTESIAN_POINT('',(2.570897167603,0.420801085347,2.861008928571
    ));
#2707 = CARTESIAN_POINT('',(2.577371411314,0.445122308353,2.861008928571
    ));
#2708 = CARTESIAN_POINT('',(2.595912643668,0.488913075339,2.861008928571
    ));
#2709 = CARTESIAN_POINT('',(2.607411892903,0.508623101321,2.861008928571
    ));
#2710 = CARTESIAN_POINT('',(2.621577850785,0.527182708051,2.861008928571
    ));
#2711 = CARTESIAN_POINT('',(2.638375796178,0.544585987261,2.861008928571
    ));
#2712 = PCURVE('',#1319,#2713);
#2713 = DEFINITIONAL_REPRESENTATION('',(#2714),#2723);
#2714 = B_SPLINE_CURVE_WITH_KNOTS('',4,(#2715,#2716,#2717,#2718,#2719,
    #2720,#2721,#2722),.UNSPECIFIED.,.F.,.F.,(5,3,5),(0.,0.524045318313,
    1.),.UNSPECIFIED.);
#2715 = CARTESIAN_POINT('',(-9.951863912726,0.368152860667));
#2716 = CARTESIAN_POINT('',(-9.951863910878,0.395131212992));
#2717 = CARTESIAN_POINT('',(-9.948641904359,0.420801079772));
#2718 = CARTESIAN_POINT('',(-9.942167660648,0.445122302778));
#2719 = CARTESIAN_POINT('',(-9.923626428294,0.488913069764));
#2720 = CARTESIAN_POINT('',(-9.912127179059,0.508623095746));
#2721 = CARTESIAN_POINT('',(-9.897961221177,0.527182702476));
#2722 = CARTESIAN_POINT('',(-9.881163275784,0.544585981686));
#2723 = ( GEOMETRIC_REPRESENTATION_CONTEXT(2) 
PARAMETRIC_REPRESENTATION_CONTEXT() REPRESENTATION_CONTEXT('2D SPACE',''
  ) );
#2724 = PCURVE('',#2725,#2732);
#2725 = SURFACE_OF_LINEAR_EXTRUSION('',#2726,#2730);
#2726 = B_SPLINE_CURVE_WITH_KNOTS('',2,(#2727,#2728,#2729),
  .UNSPECIFIED.,.F.,.F.,(3,3),(0.,1.),.PIECEWISE_BEZIER_KNOTS.);
#2727 = CARTESIAN_POINT('',(2.638375796178,0.544585987261,2.761008928571
    ));
#2728 = CARTESIAN_POINT('',(2.567675159236,0.471337579618,2.761008928571
    ));
#2729 = CARTESIAN_POINT('',(2.567675159236,0.368152866242,2.761008928571
    ));
#2730 = VECTOR('',#2731,1.);
#2731 = DIRECTION('',(-0.,-0.,-1.));
#2732 = DEFINITIONAL_REPRESENTATION('',(#2733),#2742);
#2733 = B_SPLINE_CURVE_WITH_KNOTS('',4,(#2734,#2735,#2736,#2737,#2738,
    #2739,#2740,#2741),.UNSPECIFIED.,.F.,.F.,(5,3,5),(0.,0.524045318313,
    1.),.UNSPECIFIED.);
#2734 = CARTESIAN_POINT('',(1.,-0.1));
#2735 = CARTESIAN_POINT('',(0.869271560559,-0.1));
#2736 = CARTESIAN_POINT('',(0.738272796662,-0.1));
#2737 = CARTESIAN_POINT('',(0.607136271898,-0.1));
#2738 = CARTESIAN_POINT('',(0.356897852976,-0.1));
#2739 = CARTESIAN_POINT('',(0.237795533186,-0.1));
#2740 = CARTESIAN_POINT('',(0.118796292364,-1.E-01));
#2741 = CARTESIAN_POINT('',(0.,-1.E-01));
#2742 = ( GEOMETRIC_REPRESENTATION_CONTEXT(2) 
PARAMETRIC_REPRESENTATION_CONTEXT() REPRESENTATION_CONTEXT('2D SPACE',''
  ) );
#2743 = ORIENTED_EDGE('',*,*,#2744,.F.);
#2744 = EDGE_CURVE('',#2745,#2700,#2747,.T.);
#2745 = VERTEX_POINT('',#2746);
#2746 = CARTESIAN_POINT('',(2.66576433121,0.157961783439,2.861008928571)
  );
#2747 = SURFACE_CURVE('',#2748,(#2757,#2769),.PCURVE_S1.);
#2748 = B_SPLINE_CURVE_WITH_KNOTS('',4,(#2749,#2750,#2751,#2752,#2753,
    #2754,#2755,#2756),.UNSPECIFIED.,.F.,.F.,(5,3,5),(0.,0.573242229098,
    1.),.UNSPECIFIED.);
#2749 = CARTESIAN_POINT('',(2.66576433121,0.157961783439,2.861008928571)
  );
#2750 = CARTESIAN_POINT('',(2.637789393088,0.182485271699,2.861008928571
    ));
#2751 = CARTESIAN_POINT('',(2.615006591888,0.209191840756,2.861008928571
    ));
#2752 = CARTESIAN_POINT('',(2.597586810802,0.238071155021,2.861008928571
    ));
#2753 = CARTESIAN_POINT('',(2.576605888046,0.292113989299,2.861008928571
    ));
#2754 = CARTESIAN_POINT('',(2.57064064775,0.316341420625,2.861008928571)
  );
#2755 = CARTESIAN_POINT('',(2.567675161325,0.341703070164,2.861008928571
    ));
#2756 = CARTESIAN_POINT('',(2.567675159236,0.368152866242,2.861008928571
    ));
#2757 = PCURVE('',#1319,#2758);
#2758 = DEFINITIONAL_REPRESENTATION('',(#2759),#2768);
#2759 = B_SPLINE_CURVE_WITH_KNOTS('',4,(#2760,#2761,#2762,#2763,#2764,
    #2765,#2766,#2767),.UNSPECIFIED.,.F.,.F.,(5,3,5),(0.,0.573242229098,
    1.),.UNSPECIFIED.);
#2760 = CARTESIAN_POINT('',(-9.853774740752,0.157961777865));
#2761 = CARTESIAN_POINT('',(-9.881749678874,0.182485266124));
#2762 = CARTESIAN_POINT('',(-9.904532480074,0.209191835182));
#2763 = CARTESIAN_POINT('',(-9.92195226116,0.238071149446));
#2764 = CARTESIAN_POINT('',(-9.942933183916,0.292113983724));
#2765 = CARTESIAN_POINT('',(-9.948898424212,0.31634141505));
#2766 = CARTESIAN_POINT('',(-9.951863910638,0.341703064589));
#2767 = CARTESIAN_POINT('',(-9.951863912726,0.368152860667));
#2768 = ( GEOMETRIC_REPRESENTATION_CONTEXT(2) 
PARAMETRIC_REPRESENTATION_CONTEXT() REPRESENTATION_CONTEXT('2D SPACE',''
  ) );
#2769 = PCURVE('',#2770,#2777);
#2770 = SURFACE_OF_LINEAR_EXTRUSION('',#2771,#2775);
#2771 = B_SPLINE_CURVE_WITH_KNOTS('',2,(#2772,#2773,#2774),
  .UNSPECIFIED.,.F.,.F.,(3,3),(0.,1.),.PIECEWISE_BEZIER_KNOTS.);
#2772 = CARTESIAN_POINT('',(2.567675159236,0.368152866242,2.761008928571
    ));
#2773 = CARTESIAN_POINT('',(2.567675159236,0.243949044586,2.761008928571
    ));
#2774 = CARTESIAN_POINT('',(2.66576433121,0.157961783439,2.761008928571)
  );
#2775 = VECTOR('',#2776,1.);
#2776 = DIRECTION('',(-0.,-0.,-1.));
#2777 = DEFINITIONAL_REPRESENTATION('',(#2778),#2787);
#2778 = B_SPLINE_CURVE_WITH_KNOTS('',4,(#2779,#2780,#2781,#2782,#2783,
    #2784,#2785,#2786),.UNSPECIFIED.,.F.,.F.,(5,3,5),(0.,0.573242229098,
    1.),.UNSPECIFIED.);
#2779 = CARTESIAN_POINT('',(1.,-0.1));
#2780 = CARTESIAN_POINT('',(0.857400463496,-0.1));
#2781 = CARTESIAN_POINT('',(0.714156138824,-0.1));
#2782 = CARTESIAN_POINT('',(0.570576651959,-0.1));
#2783 = CARTESIAN_POINT('',(0.320112459562,-0.1));
#2784 = CARTESIAN_POINT('',(0.213225446877,-0.1));
#2785 = CARTESIAN_POINT('',(0.106477387489,-1.E-01));
#2786 = CARTESIAN_POINT('',(0.,-1.E-01));
#2787 = ( GEOMETRIC_REPRESENTATION_CONTEXT(2) 
PARAMETRIC_REPRESENTATION_CONTEXT() REPRESENTATION_CONTEXT('2D SPACE',''
  ) );
#2788 = ORIENTED_EDGE('',*,*,#2789,.F.);
#2789 = EDGE_CURVE('',#2790,#2745,#2792,.T.);
#2790 = VERTEX_POINT('',#2791);
#2791 = CARTESIAN_POINT('',(2.926910828025,7.197452229299E-02,
    2.861008928571));
#2792 = SURFACE_CURVE('',#2793,(#2804,#2818),.PCURVE_S1.);
#2793 = B_SPLINE_CURVE_WITH_KNOTS('',5,(#2794,#2795,#2796,#2797,#2798,
    #2799,#2800,#2801,#2802,#2803),.UNSPECIFIED.,.F.,.F.,(6,4,6),(0.,
    0.903499383057,1.),.UNSPECIFIED.);
#2794 = CARTESIAN_POINT('',(2.926910828025,7.197452229299E-02,
    2.861008928571));
#2795 = CARTESIAN_POINT('',(2.868910928025,7.197452536358E-02,
    2.861008928571));
#2796 = CARTESIAN_POINT('',(2.815500095113,7.882760780602E-02,
    2.861008928571));
#2797 = CARTESIAN_POINT('',(2.766994338871,9.276421221208E-02,
    2.861008928571));
#2798 = CARTESIAN_POINT('',(2.723627662561,0.113880798533,2.861008928571
    ));
#2799 = CARTESIAN_POINT('',(2.681445933984,0.145102192718,2.861008928571
    ));
#2800 = CARTESIAN_POINT('',(2.67743530693,0.148195993902,2.861008928571)
  );
#2801 = CARTESIAN_POINT('',(2.673484753152,0.151370611817,2.861008928571
    ));
#2802 = CARTESIAN_POINT('',(2.669594393307,0.154625923453,2.861008928571
    ));
#2803 = CARTESIAN_POINT('',(2.66576433121,0.157961783439,2.861008928571)
  );
#2804 = PCURVE('',#1319,#2805);
#2805 = DEFINITIONAL_REPRESENTATION('',(#2806),#2817);
#2806 = B_SPLINE_CURVE_WITH_KNOTS('',5,(#2807,#2808,#2809,#2810,#2811,
    #2812,#2813,#2814,#2815,#2816),.UNSPECIFIED.,.F.,.F.,(6,4,6),(0.,
    0.903499383057,1.),.UNSPECIFIED.);
#2807 = CARTESIAN_POINT('',(-9.592628243937,7.197451671818E-02));
#2808 = CARTESIAN_POINT('',(-9.650628143937,7.197451978877E-02));
#2809 = CARTESIAN_POINT('',(-9.704038976849,7.882760223121E-02));
#2810 = CARTESIAN_POINT('',(-9.752544733092,9.276420663727E-02));
#2811 = CARTESIAN_POINT('',(-9.795911409401,0.113880792958));
#2812 = CARTESIAN_POINT('',(-9.838093137978,0.145102187143));
#2813 = CARTESIAN_POINT('',(-9.842103765032,0.148195988327));
#2814 = CARTESIAN_POINT('',(-9.84605431881,0.151370606242));
#2815 = CARTESIAN_POINT('',(-9.849944678655,0.154625917878));
#2816 = CARTESIAN_POINT('',(-9.853774740752,0.157961777865));
#2817 = ( GEOMETRIC_REPRESENTATION_CONTEXT(2) 
PARAMETRIC_REPRESENTATION_CONTEXT() REPRESENTATION_CONTEXT('2D SPACE',''
  ) );
#2818 = PCURVE('',#2819,#2826);
#2819 = SURFACE_OF_LINEAR_EXTRUSION('',#2820,#2824);
#2820 = B_SPLINE_CURVE_WITH_KNOTS('',2,(#2821,#2822,#2823),
  .UNSPECIFIED.,.F.,.F.,(3,3),(0.,1.),.PIECEWISE_BEZIER_KNOTS.);
#2821 = CARTESIAN_POINT('',(2.66576433121,0.157961783439,2.761008928571)
  );
#2822 = CARTESIAN_POINT('',(2.76449044586,7.197452229299E-02,
    2.761008928571));
#2823 = CARTESIAN_POINT('',(2.926910828025,7.197452229299E-02,
    2.761008928571));
#2824 = VECTOR('',#2825,1.);
#2825 = DIRECTION('',(-0.,-0.,-1.));
#2826 = DEFINITIONAL_REPRESENTATION('',(#2827),#2838);
#2827 = B_SPLINE_CURVE_WITH_KNOTS('',5,(#2828,#2829,#2830,#2831,#2832,
    #2833,#2834,#2835,#2836,#2837),.UNSPECIFIED.,.F.,.F.,(6,4,6),(0.,
    0.903499383057,1.),.UNSPECIFIED.);
#2828 = CARTESIAN_POINT('',(1.,-0.1));
#2829 = CARTESIAN_POINT('',(0.821451281231,-0.1));
#2830 = CARTESIAN_POINT('',(0.641402479791,-0.1));
#2831 = CARTESIAN_POINT('',(0.460300926744,-0.1));
#2832 = CARTESIAN_POINT('',(0.278647025565,-0.1));
#2833 = CARTESIAN_POINT('',(7.759871388772E-02,-0.1));
#2834 = CARTESIAN_POINT('',(5.819741846398E-02,-0.1));
#2835 = CARTESIAN_POINT('',(3.879676652612E-02,-0.1));
#2836 = CARTESIAN_POINT('',(1.939741001202E-02,-1.E-01));
#2837 = CARTESIAN_POINT('',(0.,-1.E-01));
#2838 = ( GEOMETRIC_REPRESENTATION_CONTEXT(2) 
PARAMETRIC_REPRESENTATION_CONTEXT() REPRESENTATION_CONTEXT('2D SPACE',''
  ) );
#2839 = ORIENTED_EDGE('',*,*,#2840,.F.);
#2840 = EDGE_CURVE('',#2841,#2790,#2843,.T.);
#2841 = VERTEX_POINT('',#2842);
#2842 = CARTESIAN_POINT('',(3.170859872611,0.154777070064,2.861008928571
    ));
#2843 = SURFACE_CURVE('',#2844,(#2855,#2869),.PCURVE_S1.);
#2844 = B_SPLINE_CURVE_WITH_KNOTS('',5,(#2845,#2846,#2847,#2848,#2849,
    #2850,#2851,#2852,#2853,#2854),.UNSPECIFIED.,.F.,.F.,(6,4,6),(0.,
    8.953399836889E-02,1.),.UNSPECIFIED.);
#2845 = CARTESIAN_POINT('',(3.170859872611,0.154777070064,2.861008928571
    ));
#2846 = CARTESIAN_POINT('',(3.167650047537,0.151796518726,2.861008928571
    ));
#2847 = CARTESIAN_POINT('',(3.164386820586,0.148882766734,2.861008928571
    ));
#2848 = CARTESIAN_POINT('',(3.161070264134,0.14603592253,2.861008928571)
  );
#2849 = CARTESIAN_POINT('',(3.157700463295,0.143256078727,2.861008928571
    ));
#2850 = CARTESIAN_POINT('',(3.119469763963,0.112957346691,2.861008928571
    ));
#2851 = CARTESIAN_POINT('',(3.079164799318,9.230649006672E-02,
    2.861008928571));
#2852 = CARTESIAN_POINT('',(3.033468539458,7.867687947062E-02,
    2.861008928571));
#2853 = CARTESIAN_POINT('',(2.982611348687,7.197452527286E-02,
    2.861008928571));
#2854 = CARTESIAN_POINT('',(2.926910828025,7.197452229299E-02,
    2.861008928571));
#2855 = PCURVE('',#1319,#2856);
#2856 = DEFINITIONAL_REPRESENTATION('',(#2857),#2868);
#2857 = B_SPLINE_CURVE_WITH_KNOTS('',5,(#2858,#2859,#2860,#2861,#2862,
    #2863,#2864,#2865,#2866,#2867),.UNSPECIFIED.,.F.,.F.,(6,4,6),(0.,
    8.953399836889E-02,1.),.UNSPECIFIED.);
#2858 = CARTESIAN_POINT('',(-9.348679199351,0.154777064489));
#2859 = CARTESIAN_POINT('',(-9.351889024425,0.151796513151));
#2860 = CARTESIAN_POINT('',(-9.355152251376,0.148882761159));
#2861 = CARTESIAN_POINT('',(-9.358468807828,0.146035916956));
#2862 = CARTESIAN_POINT('',(-9.361838608667,0.143256073152));
#2863 = CARTESIAN_POINT('',(-9.400069307999,0.112957341116));
#2864 = CARTESIAN_POINT('',(-9.440374272644,9.230648449191E-02));
#2865 = CARTESIAN_POINT('',(-9.486070532504,7.867687389581E-02));
#2866 = CARTESIAN_POINT('',(-9.536927723275,7.197451969805E-02));
#2867 = CARTESIAN_POINT('',(-9.592628243937,7.197451671818E-02));
#2868 = ( GEOMETRIC_REPRESENTATION_CONTEXT(2) 
PARAMETRIC_REPRESENTATION_CONTEXT() REPRESENTATION_CONTEXT('2D SPACE',''
  ) );
#2869 = PCURVE('',#2870,#2877);
#2870 = SURFACE_OF_LINEAR_EXTRUSION('',#2871,#2875);
#2871 = B_SPLINE_CURVE_WITH_KNOTS('',2,(#2872,#2873,#2874),
  .UNSPECIFIED.,.F.,.F.,(3,3),(0.,1.),.PIECEWISE_BEZIER_KNOTS.);
#2872 = CARTESIAN_POINT('',(2.926910828025,7.197452229299E-02,
    2.761008928571));
#2873 = CARTESIAN_POINT('',(3.081687898089,7.197452229299E-02,
    2.761008928571));
#2874 = CARTESIAN_POINT('',(3.170859872611,0.154777070064,2.761008928571
    ));
#2875 = VECTOR('',#2876,1.);
#2876 = DIRECTION('',(-0.,-0.,-1.));
#2877 = DEFINITIONAL_REPRESENTATION('',(#2878),#2889);
#2878 = B_SPLINE_CURVE_WITH_KNOTS('',5,(#2879,#2880,#2881,#2882,#2883,
    #2884,#2885,#2886,#2887,#2888),.UNSPECIFIED.,.F.,.F.,(6,4,6),(0.,
    8.953399836889E-02,1.),.UNSPECIFIED.);
#2879 = CARTESIAN_POINT('',(1.,-0.1));
#2880 = CARTESIAN_POINT('',(0.982002053583,-0.1));
#2881 = CARTESIAN_POINT('',(0.964002568694,-0.1));
#2882 = CARTESIAN_POINT('',(0.946002056697,-0.1));
#2883 = CARTESIAN_POINT('',(0.928001029589,-0.1));
#2884 = CARTESIAN_POINT('',(0.726948581168,-0.1));
#2885 = CARTESIAN_POINT('',(0.543889174572,-1.E-01));
#2886 = CARTESIAN_POINT('',(0.361384410931,-0.1));
#2887 = CARTESIAN_POINT('',(0.179937903591,-1.E-01));
#2888 = CARTESIAN_POINT('',(0.,-1.E-01));
#2889 = ( GEOMETRIC_REPRESENTATION_CONTEXT(2) 
PARAMETRIC_REPRESENTATION_CONTEXT() REPRESENTATION_CONTEXT('2D SPACE',''
  ) );
#2890 = ORIENTED_EDGE('',*,*,#2891,.F.);
#2891 = EDGE_CURVE('',#2892,#2841,#2894,.T.);
#2892 = VERTEX_POINT('',#2893);
#2893 = CARTESIAN_POINT('',(3.260668789809,0.370700636943,2.861008928571
    ));
#2894 = SURFACE_CURVE('',#2895,(#2904,#2916),.PCURVE_S1.);
#2895 = B_SPLINE_CURVE_WITH_KNOTS('',4,(#2896,#2897,#2898,#2899,#2900,
    #2901,#2902,#2903),.UNSPECIFIED.,.F.,.F.,(5,3,5),(0.,0.642446205399,
    1.),.UNSPECIFIED.);
#2896 = CARTESIAN_POINT('',(3.260668789809,0.370700636943,2.861008928571
    ));
#2897 = CARTESIAN_POINT('',(3.260668786942,0.328002173931,2.861008928571
    ));
#2898 = CARTESIAN_POINT('',(3.254568149136,0.288573590719,2.861008928571
    ));
#2899 = CARTESIAN_POINT('',(3.242212702409,0.252614586788,2.861008928571
    ));
#2900 = CARTESIAN_POINT('',(3.213323256115,0.202190659615,2.861008928571
    ));
#2901 = CARTESIAN_POINT('',(3.20107195372,0.185265204535,2.861008928571)
  );
#2902 = CARTESIAN_POINT('',(3.186907964837,0.169459369596,2.861008928571
    ));
#2903 = CARTESIAN_POINT('',(3.170859872611,0.154777070064,2.861008928571
    ));
#2904 = PCURVE('',#1319,#2905);
#2905 = DEFINITIONAL_REPRESENTATION('',(#2906),#2915);
#2906 = B_SPLINE_CURVE_WITH_KNOTS('',4,(#2907,#2908,#2909,#2910,#2911,
    #2912,#2913,#2914),.UNSPECIFIED.,.F.,.F.,(5,3,5),(0.,0.642446205399,
    1.),.UNSPECIFIED.);
#2907 = CARTESIAN_POINT('',(-9.258870282153,0.370700631368));
#2908 = CARTESIAN_POINT('',(-9.25887028502,0.328002168356));
#2909 = CARTESIAN_POINT('',(-9.264970922826,0.288573585144));
#2910 = CARTESIAN_POINT('',(-9.277326369553,0.252614581213));
#2911 = CARTESIAN_POINT('',(-9.306215815847,0.20219065404));
#2912 = CARTESIAN_POINT('',(-9.318467118242,0.18526519896));
#2913 = CARTESIAN_POINT('',(-9.332631107126,0.169459364021));
#2914 = CARTESIAN_POINT('',(-9.348679199351,0.154777064489));
#2915 = ( GEOMETRIC_REPRESENTATION_CONTEXT(2) 
PARAMETRIC_REPRESENTATION_CONTEXT() REPRESENTATION_CONTEXT('2D SPACE',''
  ) );
#2916 = PCURVE('',#2917,#2924);
#2917 = SURFACE_OF_LINEAR_EXTRUSION('',#2918,#2922);
#2918 = B_SPLINE_CURVE_WITH_KNOTS('',2,(#2919,#2920,#2921),
  .UNSPECIFIED.,.F.,.F.,(3,3),(0.,1.),.PIECEWISE_BEZIER_KNOTS.);
#2919 = CARTESIAN_POINT('',(3.170859872611,0.154777070064,2.761008928571
    ));
#2920 = CARTESIAN_POINT('',(3.260668789809,0.236942675159,2.761008928571
    ));
#2921 = CARTESIAN_POINT('',(3.260668789809,0.370700636943,2.761008928571
    ));
#2922 = VECTOR('',#2923,1.);
#2923 = DIRECTION('',(-0.,-0.,-1.));
#2924 = DEFINITIONAL_REPRESENTATION('',(#2925),#2934);
#2925 = B_SPLINE_CURVE_WITH_KNOTS('',4,(#2926,#2927,#2928,#2929,#2930,
    #2931,#2932,#2933),.UNSPECIFIED.,.F.,.F.,(5,3,5),(0.,0.642446205399,
    1.),.UNSPECIFIED.);
#2926 = CARTESIAN_POINT('',(1.,-0.1));
#2927 = CARTESIAN_POINT('',(0.840389072585,-0.1));
#2928 = CARTESIAN_POINT('',(0.679900663681,-0.1));
#2929 = CARTESIAN_POINT('',(0.518950193223,-0.1));
#2930 = CARTESIAN_POINT('',(0.268423080026,-0.1));
#2931 = CARTESIAN_POINT('',(0.178845469138,-0.1));
#2932 = CARTESIAN_POINT('',(8.934577061321E-02,-1.E-01));
#2933 = CARTESIAN_POINT('',(0.,-1.E-01));
#2934 = ( GEOMETRIC_REPRESENTATION_CONTEXT(2) 
PARAMETRIC_REPRESENTATION_CONTEXT() REPRESENTATION_CONTEXT('2D SPACE',''
  ) );
#2935 = ORIENTED_EDGE('',*,*,#2936,.F.);
#2936 = EDGE_CURVE('',#2937,#2892,#2939,.T.);
#2937 = VERTEX_POINT('',#2938);
#2938 = CARTESIAN_POINT('',(3.220541401274,0.52101910828,2.861008928571)
  );
#2939 = SURFACE_CURVE('',#2940,(#2949,#2961),.PCURVE_S1.);
#2940 = B_SPLINE_CURVE_WITH_KNOTS('',4,(#2941,#2942,#2943,#2944,#2945,
    #2946,#2947,#2948),.UNSPECIFIED.,.F.,.F.,(5,3,5),(0.,0.264889069063,
    1.),.UNSPECIFIED.);
#2941 = CARTESIAN_POINT('',(3.220541401274,0.52101910828,2.861008928571)
  );
#2942 = CARTESIAN_POINT('',(3.225857354736,0.512159184739,2.861008928571
    ));
#2943 = CARTESIAN_POINT('',(3.230704737126,0.503103966266,2.861008928571
    ));
#2944 = CARTESIAN_POINT('',(3.235082721939,0.493854062139,2.861008928571
    ));
#2945 = CARTESIAN_POINT('',(3.24983700913,0.458202249294,2.861008928571)
  );
#2946 = CARTESIAN_POINT('',(3.257065350256,0.430501072535,2.861008928571
    ));
#2947 = CARTESIAN_POINT('',(3.260668788336,0.401324261548,2.861008928571
    ));
#2948 = CARTESIAN_POINT('',(3.260668789809,0.370700636943,2.861008928571
    ));
#2949 = PCURVE('',#1319,#2950);
#2950 = DEFINITIONAL_REPRESENTATION('',(#2951),#2960);
#2951 = B_SPLINE_CURVE_WITH_KNOTS('',4,(#2952,#2953,#2954,#2955,#2956,
    #2957,#2958,#2959),.UNSPECIFIED.,.F.,.F.,(5,3,5),(0.,0.264889069063,
    1.),.UNSPECIFIED.);
#2952 = CARTESIAN_POINT('',(-9.298997670688,0.521019102705));
#2953 = CARTESIAN_POINT('',(-9.293681717226,0.512159179164));
#2954 = CARTESIAN_POINT('',(-9.288834334836,0.503103960691));
#2955 = CARTESIAN_POINT('',(-9.284456350023,0.493854056564));
#2956 = CARTESIAN_POINT('',(-9.269702062832,0.458202243719));
#2957 = CARTESIAN_POINT('',(-9.262473721706,0.43050106696));
#2958 = CARTESIAN_POINT('',(-9.258870283626,0.401324255973));
#2959 = CARTESIAN_POINT('',(-9.258870282153,0.370700631368));
#2960 = ( GEOMETRIC_REPRESENTATION_CONTEXT(2) 
PARAMETRIC_REPRESENTATION_CONTEXT() REPRESENTATION_CONTEXT('2D SPACE',''
  ) );
#2961 = PCURVE('',#2962,#2969);
#2962 = SURFACE_OF_LINEAR_EXTRUSION('',#2963,#2967);
#2963 = B_SPLINE_CURVE_WITH_KNOTS('',2,(#2964,#2965,#2966),
  .UNSPECIFIED.,.F.,.F.,(3,3),(0.,1.),.PIECEWISE_BEZIER_KNOTS.);
#2964 = CARTESIAN_POINT('',(3.260668789809,0.370700636943,2.761008928571
    ));
#2965 = CARTESIAN_POINT('',(3.260668789809,0.454140127389,2.761008928571
    ));
#2966 = CARTESIAN_POINT('',(3.220541401274,0.52101910828,2.761008928571)
  );
#2967 = VECTOR('',#2968,1.);
#2968 = DIRECTION('',(-0.,-0.,-1.));
#2969 = DEFINITIONAL_REPRESENTATION('',(#2970),#2979);
#2970 = B_SPLINE_CURVE_WITH_KNOTS('',4,(#2971,#2972,#2973,#2974,#2975,
    #2976,#2977,#2978),.UNSPECIFIED.,.F.,.F.,(5,3,5),(0.,0.264889069063,
    1.),.UNSPECIFIED.);
#2971 = CARTESIAN_POINT('',(1.,-0.1));
#2972 = CARTESIAN_POINT('',(0.933761525638,-0.1));
#2973 = CARTESIAN_POINT('',(0.867511567545,-0.1));
#2974 = CARTESIAN_POINT('',(0.801255820709,-0.1));
#2975 = CARTESIAN_POINT('',(0.551129150916,-0.1));
#2976 = CARTESIAN_POINT('',(0.367257572215,-0.1));
#2977 = CARTESIAN_POINT('',(0.183507983148,-1.E-01));
#2978 = CARTESIAN_POINT('',(0.,-1.E-01));
#2979 = ( GEOMETRIC_REPRESENTATION_CONTEXT(2) 
PARAMETRIC_REPRESENTATION_CONTEXT() REPRESENTATION_CONTEXT('2D SPACE',''
  ) );
#2980 = ORIENTED_EDGE('',*,*,#2981,.F.);
#2981 = EDGE_CURVE('',#2982,#2937,#2984,.T.);
#2982 = VERTEX_POINT('',#2983);
#2983 = CARTESIAN_POINT('',(3.117993630573,0.626114649682,2.861008928571
    ));
#2984 = SURFACE_CURVE('',#2985,(#2994,#3006),.PCURVE_S1.);
#2985 = B_SPLINE_CURVE_WITH_KNOTS('',4,(#2986,#2987,#2988,#2989,#2990,
    #2991,#2992,#2993),.UNSPECIFIED.,.F.,.F.,(5,3,5),(0.,0.284920628226,
    1.),.UNSPECIFIED.);
#2986 = CARTESIAN_POINT('',(3.117993630573,0.626114649682,2.861008928571
    ));
#2987 = CARTESIAN_POINT('',(3.126977996187,0.620669579001,2.861008928571
    ));
#2988 = CARTESIAN_POINT('',(3.135644723982,0.614835813388,2.861008928571
    ));
#2989 = CARTESIAN_POINT('',(3.143992948792,0.608613493612,2.861008928571
    ));
#2990 = CARTESIAN_POINT('',(3.172173208133,0.585412686575,2.861008928571
    ));
#2991 = CARTESIAN_POINT('',(3.190314450926,0.566377870387,2.861008928571
    ));
#2992 = CARTESIAN_POINT('',(3.206436546766,0.544906359432,2.861008928571
    ));
#2993 = CARTESIAN_POINT('',(3.220541401274,0.52101910828,2.861008928571)
  );
#2994 = PCURVE('',#1319,#2995);
#2995 = DEFINITIONAL_REPRESENTATION('',(#2996),#3005);
#2996 = B_SPLINE_CURVE_WITH_KNOTS('',4,(#2997,#2998,#2999,#3000,#3001,
    #3002,#3003,#3004),.UNSPECIFIED.,.F.,.F.,(5,3,5),(0.,0.284920628226,
    1.),.UNSPECIFIED.);
#2997 = CARTESIAN_POINT('',(-9.401545441389,0.626114644107));
#2998 = CARTESIAN_POINT('',(-9.392561075775,0.620669573426));
#2999 = CARTESIAN_POINT('',(-9.38389434798,0.614835807813));
#3000 = CARTESIAN_POINT('',(-9.37554612317,0.608613488037));
#3001 = CARTESIAN_POINT('',(-9.347365863829,0.585412681));
#3002 = CARTESIAN_POINT('',(-9.329224621036,0.566377864813));
#3003 = CARTESIAN_POINT('',(-9.313102525196,0.544906353858));
#3004 = CARTESIAN_POINT('',(-9.298997670688,0.521019102705));
#3005 = ( GEOMETRIC_REPRESENTATION_CONTEXT(2) 
PARAMETRIC_REPRESENTATION_CONTEXT() REPRESENTATION_CONTEXT('2D SPACE',''
  ) );
#3006 = PCURVE('',#3007,#3014);
#3007 = SURFACE_OF_LINEAR_EXTRUSION('',#3008,#3012);
#3008 = B_SPLINE_CURVE_WITH_KNOTS('',2,(#3009,#3010,#3011),
  .UNSPECIFIED.,.F.,.F.,(3,3),(0.,1.),.PIECEWISE_BEZIER_KNOTS.);
#3009 = CARTESIAN_POINT('',(3.220541401274,0.52101910828,2.761008928571)
  );
#3010 = CARTESIAN_POINT('',(3.181050955414,0.587898089172,2.761008928571
    ));
#3011 = CARTESIAN_POINT('',(3.117993630573,0.626114649682,2.761008928571
    ));
#3012 = VECTOR('',#3013,1.);
#3013 = DIRECTION('',(-0.,-0.,-1.));
#3014 = DEFINITIONAL_REPRESENTATION('',(#3015),#3024);
#3015 = B_SPLINE_CURVE_WITH_KNOTS('',4,(#3016,#3017,#3018,#3019,#3020,
    #3021,#3022,#3023),.UNSPECIFIED.,.F.,.F.,(5,3,5),(0.,0.284920628226,
    1.),.UNSPECIFIED.);
#3016 = CARTESIAN_POINT('',(1.,-0.1));
#3017 = CARTESIAN_POINT('',(0.928760330601,-0.1));
#3018 = CARTESIAN_POINT('',(0.857510310887,-0.1));
#3019 = CARTESIAN_POINT('',(0.786255131965,-0.1));
#3020 = CARTESIAN_POINT('',(0.536167476296,-0.1));
#3021 = CARTESIAN_POINT('',(0.357335171003,-0.1));
#3022 = CARTESIAN_POINT('',(0.17858564722,-1.E-01));
#3023 = CARTESIAN_POINT('',(0.,-1.E-01));
#3024 = ( GEOMETRIC_REPRESENTATION_CONTEXT(2) 
PARAMETRIC_REPRESENTATION_CONTEXT() REPRESENTATION_CONTEXT('2D SPACE',''
  ) );
#3025 = ORIENTED_EDGE('',*,*,#3026,.F.);
#3026 = EDGE_CURVE('',#3027,#2982,#3029,.T.);
#3027 = VERTEX_POINT('',#3028);
#3028 = CARTESIAN_POINT('',(3.139012738854,0.787261146497,2.861008928571
    ));
#3029 = SURFACE_CURVE('',#3030,(#3034,#3040),.PCURVE_S1.);
#3030 = LINE('',#3031,#3032);
#3031 = CARTESIAN_POINT('',(3.156480618054,0.9211815537,2.861008928571)
  );
#3032 = VECTOR('',#3033,1.);
#3033 = DIRECTION('',(-0.129339184068,-0.991600411186,0.));
#3034 = PCURVE('',#1319,#3035);
#3035 = DEFINITIONAL_REPRESENTATION('',(#3036),#3039);
#3036 = B_SPLINE_CURVE_WITH_KNOTS('',1,(#3037,#3038),.UNSPECIFIED.,.F.,
  .F.,(2,2),(0.135054812092,0.29756633891),.PIECEWISE_BEZIER_KNOTS.);
#3037 = CARTESIAN_POINT('',(-9.380526333109,0.787261140922));
#3038 = CARTESIAN_POINT('',(-9.401545441389,0.626114644107));
#3039 = ( GEOMETRIC_REPRESENTATION_CONTEXT(2) 
PARAMETRIC_REPRESENTATION_CONTEXT() REPRESENTATION_CONTEXT('2D SPACE',''
  ) );
#3040 = PCURVE('',#3041,#3046);
#3041 = PLANE('',#3042);
#3042 = AXIS2_PLACEMENT_3D('',#3043,#3044,#3045);
#3043 = CARTESIAN_POINT('',(3.117993630573,0.626114649682,2.761008928571
    ));
#3044 = DIRECTION('',(-0.991600411186,0.129339184068,0.));
#3045 = DIRECTION('',(0.129339184068,0.991600411186,0.));
#3046 = DEFINITIONAL_REPRESENTATION('',(#3047),#3050);
#3047 = B_SPLINE_CURVE_WITH_KNOTS('',1,(#3048,#3049),.UNSPECIFIED.,.F.,
  .F.,(2,2),(0.135054812092,0.29756633891),.PIECEWISE_BEZIER_KNOTS.);
#3048 = CARTESIAN_POINT('',(0.162511526818,-0.1));
#3049 = CARTESIAN_POINT('',(0.,-0.1));
#3050 = ( GEOMETRIC_REPRESENTATION_CONTEXT(2) 
PARAMETRIC_REPRESENTATION_CONTEXT() REPRESENTATION_CONTEXT('2D SPACE',''
  ) );
#3051 = ORIENTED_EDGE('',*,*,#3052,.F.);
#3052 = EDGE_CURVE('',#3053,#3027,#3055,.T.);
#3053 = VERTEX_POINT('',#3054);
#3054 = CARTESIAN_POINT('',(3.851751592357,0.651592356688,2.861008928571
    ));
#3055 = SURFACE_CURVE('',#3056,(#3060,#3066),.PCURVE_S1.);
#3056 = LINE('',#3057,#3058);
#3057 = CARTESIAN_POINT('',(7.737584858553,-8.807027575158E-02,
    2.861008928571));
#3058 = VECTOR('',#3059,1.);
#3059 = DIRECTION('',(-0.982361610847,0.186991084102,0.));
#3060 = PCURVE('',#1319,#3061);
#3061 = DEFINITIONAL_REPRESENTATION('',(#3062),#3065);
#3062 = B_SPLINE_CURVE_WITH_KNOTS('',1,(#3063,#3064),.UNSPECIFIED.,.F.,
  .F.,(2,2),(3.955603744374,4.6811398867),.PIECEWISE_BEZIER_KNOTS.);
#3063 = CARTESIAN_POINT('',(-8.667787479605,0.651592351113));
#3064 = CARTESIAN_POINT('',(-9.380526333109,0.787261140922));
#3065 = ( GEOMETRIC_REPRESENTATION_CONTEXT(2) 
PARAMETRIC_REPRESENTATION_CONTEXT() REPRESENTATION_CONTEXT('2D SPACE',''
  ) );
#3066 = PCURVE('',#3067,#3072);
#3067 = PLANE('',#3068);
#3068 = AXIS2_PLACEMENT_3D('',#3069,#3070,#3071);
#3069 = CARTESIAN_POINT('',(3.139012738854,0.787261146497,2.761008928571
    ));
#3070 = DIRECTION('',(0.186991084102,0.982361610847,0.));
#3071 = DIRECTION('',(0.982361610847,-0.186991084102,0.));
#3072 = DEFINITIONAL_REPRESENTATION('',(#3073),#3076);
#3073 = B_SPLINE_CURVE_WITH_KNOTS('',1,(#3074,#3075),.UNSPECIFIED.,.F.,
  .F.,(2,2),(3.955603744374,4.6811398867),.PIECEWISE_BEZIER_KNOTS.);
#3074 = CARTESIAN_POINT('',(0.725536142326,-0.1));
#3075 = CARTESIAN_POINT('',(0.,-0.1));
#3076 = ( GEOMETRIC_REPRESENTATION_CONTEXT(2) 
PARAMETRIC_REPRESENTATION_CONTEXT() REPRESENTATION_CONTEXT('2D SPACE',''
  ) );
#3077 = ORIENTED_EDGE('',*,*,#3078,.F.);
#3078 = EDGE_CURVE('',#3079,#3053,#3081,.T.);
#3079 = VERTEX_POINT('',#3080);
#3080 = CARTESIAN_POINT('',(3.851751592357,-4.458598726115E-02,
    2.861008928571));
#3081 = SURFACE_CURVE('',#3082,(#3086,#3092),.PCURVE_S1.);
#3082 = LINE('',#3083,#3084);
#3083 = CARTESIAN_POINT('',(3.851751592357,0.325796181131,2.861008928571
    ));
#3084 = VECTOR('',#3085,1.);
#3085 = DIRECTION('',(-2.22044604925E-16,1.,0.));
#3086 = PCURVE('',#1319,#3087);
#3087 = DEFINITIONAL_REPRESENTATION('',(#3088),#3091);
#3088 = B_SPLINE_CURVE_WITH_KNOTS('',1,(#3089,#3090),.UNSPECIFIED.,.F.,
  .F.,(2,2),(-0.370382168392,0.325796175557),.PIECEWISE_BEZIER_KNOTS.);
#3089 = CARTESIAN_POINT('',(-8.667787479605,-4.458599283596E-02));
#3090 = CARTESIAN_POINT('',(-8.667787479605,0.651592351113));
#3091 = ( GEOMETRIC_REPRESENTATION_CONTEXT(2) 
PARAMETRIC_REPRESENTATION_CONTEXT() REPRESENTATION_CONTEXT('2D SPACE',''
  ) );
#3092 = PCURVE('',#3093,#3098);
#3093 = PLANE('',#3094);
#3094 = AXIS2_PLACEMENT_3D('',#3095,#3096,#3097);
#3095 = CARTESIAN_POINT('',(3.851751592357,0.651592356688,2.761008928571
    ));
#3096 = DIRECTION('',(1.,2.22044604925E-16,0.));
#3097 = DIRECTION('',(2.22044604925E-16,-1.,0.));
#3098 = DEFINITIONAL_REPRESENTATION('',(#3099),#3102);
#3099 = B_SPLINE_CURVE_WITH_KNOTS('',1,(#3100,#3101),.UNSPECIFIED.,.F.,
  .F.,(2,2),(-0.370382168392,0.325796175557),.PIECEWISE_BEZIER_KNOTS.);
#3100 = CARTESIAN_POINT('',(0.696178343949,-0.1));
#3101 = CARTESIAN_POINT('',(0.,-0.1));
#3102 = ( GEOMETRIC_REPRESENTATION_CONTEXT(2) 
PARAMETRIC_REPRESENTATION_CONTEXT() REPRESENTATION_CONTEXT('2D SPACE',''
  ) );
#3103 = ORIENTED_EDGE('',*,*,#3104,.F.);
#3104 = EDGE_CURVE('',#3105,#3079,#3107,.T.);
#3105 = VERTEX_POINT('',#3106);
#3106 = CARTESIAN_POINT('',(3.688694267516,-4.458598726115E-02,
    2.861008928571));
#3107 = SURFACE_CURVE('',#3108,(#3112,#3118),.PCURVE_S1.);
#3108 = LINE('',#3109,#3110);
#3109 = CARTESIAN_POINT('',(8.185645332159,-4.458598726114E-02,
    2.861008928571));
#3110 = VECTOR('',#3111,1.);
#3111 = DIRECTION('',(1.,2.22044604925E-16,0.));
#3112 = PCURVE('',#1319,#3113);
#3113 = DEFINITIONAL_REPRESENTATION('',(#3114),#3117);
#3114 = B_SPLINE_CURVE_WITH_KNOTS('',1,(#3115,#3116),.UNSPECIFIED.,.F.,
  .F.,(2,2),(-4.496951064643,-4.333893739803),.PIECEWISE_BEZIER_KNOTS.);
#3115 = CARTESIAN_POINT('',(-8.830844804446,-4.458599283596E-02));
#3116 = CARTESIAN_POINT('',(-8.667787479605,-4.458599283596E-02));
#3117 = ( GEOMETRIC_REPRESENTATION_CONTEXT(2) 
PARAMETRIC_REPRESENTATION_CONTEXT() REPRESENTATION_CONTEXT('2D SPACE',''
  ) );
#3118 = PCURVE('',#3119,#3124);
#3119 = PLANE('',#3120);
#3120 = AXIS2_PLACEMENT_3D('',#3121,#3122,#3123);
#3121 = CARTESIAN_POINT('',(3.851751592357,-4.458598726115E-02,
    2.761008928571));
#3122 = DIRECTION('',(2.22044604925E-16,-1.,0.));
#3123 = DIRECTION('',(-1.,-2.22044604925E-16,0.));
#3124 = DEFINITIONAL_REPRESENTATION('',(#3125),#3128);
#3125 = B_SPLINE_CURVE_WITH_KNOTS('',1,(#3126,#3127),.UNSPECIFIED.,.F.,
  .F.,(2,2),(-4.496951064643,-4.333893739803),.PIECEWISE_BEZIER_KNOTS.);
#3126 = CARTESIAN_POINT('',(0.163057324841,-0.1));
#3127 = CARTESIAN_POINT('',(0.,-0.1));
#3128 = ( GEOMETRIC_REPRESENTATION_CONTEXT(2) 
PARAMETRIC_REPRESENTATION_CONTEXT() REPRESENTATION_CONTEXT('2D SPACE',''
  ) );
#3129 = ORIENTED_EDGE('',*,*,#3130,.F.);
#3130 = EDGE_CURVE('',#3131,#3105,#3133,.T.);
#3131 = VERTEX_POINT('',#3132);
#3132 = CARTESIAN_POINT('',(3.688694267516,0.514012738854,2.861008928571
    ));
#3133 = SURFACE_CURVE('',#3134,(#3138,#3144),.PCURVE_S1.);
#3134 = LINE('',#3135,#3136);
#3135 = CARTESIAN_POINT('',(3.688694267516,-2.229299084317E-02,
    2.861008928571));
#3136 = VECTOR('',#3137,1.);
#3137 = DIRECTION('',(2.22044604925E-16,-1.,0.));
#3138 = PCURVE('',#1319,#3139);
#3139 = DEFINITIONAL_REPRESENTATION('',(#3140),#3143);
#3140 = B_SPLINE_CURVE_WITH_KNOTS('',1,(#3141,#3142),.UNSPECIFIED.,.F.,
  .F.,(2,2),(-0.536305729697,2.229299641798E-02),
  .PIECEWISE_BEZIER_KNOTS.);
#3141 = CARTESIAN_POINT('',(-8.830844804446,0.514012733279));
#3142 = CARTESIAN_POINT('',(-8.830844804446,-4.458599283596E-02));
#3143 = ( GEOMETRIC_REPRESENTATION_CONTEXT(2) 
PARAMETRIC_REPRESENTATION_CONTEXT() REPRESENTATION_CONTEXT('2D SPACE',''
  ) );
#3144 = PCURVE('',#3145,#3150);
#3145 = PLANE('',#3146);
#3146 = AXIS2_PLACEMENT_3D('',#3147,#3148,#3149);
#3147 = CARTESIAN_POINT('',(3.688694267516,-4.458598726115E-02,
    2.761008928571));
#3148 = DIRECTION('',(-1.,-2.22044604925E-16,0.));
#3149 = DIRECTION('',(-2.22044604925E-16,1.,0.));
#3150 = DEFINITIONAL_REPRESENTATION('',(#3151),#3154);
#3151 = B_SPLINE_CURVE_WITH_KNOTS('',1,(#3152,#3153),.UNSPECIFIED.,.F.,
  .F.,(2,2),(-0.536305729697,2.229299641798E-02),
  .PIECEWISE_BEZIER_KNOTS.);
#3152 = CARTESIAN_POINT('',(0.558598726115,-0.1));
#3153 = CARTESIAN_POINT('',(0.,-0.1));
#3154 = ( GEOMETRIC_REPRESENTATION_CONTEXT(2) 
PARAMETRIC_REPRESENTATION_CONTEXT() REPRESENTATION_CONTEXT('2D SPACE',''
  ) );
#3155 = ORIENTED_EDGE('',*,*,#3156,.F.);
#3156 = EDGE_CURVE('',#3157,#3131,#3159,.T.);
#3157 = VERTEX_POINT('',#3158);
#3158 = CARTESIAN_POINT('',(3.317356687898,0.589808917197,2.861008928571
    ));
#3159 = SURFACE_CURVE('',#3160,(#3164,#3170),.PCURVE_S1.);
#3160 = LINE('',#3161,#3162);
#3161 = CARTESIAN_POINT('',(7.977873297505,-0.361480064866,
    2.861008928571));
#3162 = VECTOR('',#3163,1.);
#3163 = DIRECTION('',(0.979797338463,-0.199992938726,0.));
#3164 = PCURVE('',#1319,#3165);
#3165 = DEFINITIONAL_REPRESENTATION('',(#3166),#3169);
#3166 = B_SPLINE_CURVE_WITH_KNOTS('',1,(#3167,#3168),.UNSPECIFIED.,.F.,
  .F.,(2,2),(-4.756612849057,-4.377618576425),.PIECEWISE_BEZIER_KNOTS.);
#3167 = CARTESIAN_POINT('',(-9.202182384064,0.589808911623));
#3168 = CARTESIAN_POINT('',(-8.830844804446,0.514012733279));
#3169 = ( GEOMETRIC_REPRESENTATION_CONTEXT(2) 
PARAMETRIC_REPRESENTATION_CONTEXT() REPRESENTATION_CONTEXT('2D SPACE',''
  ) );
#3170 = PCURVE('',#3171,#3176);
#3171 = PLANE('',#3172);
#3172 = AXIS2_PLACEMENT_3D('',#3173,#3174,#3175);
#3173 = CARTESIAN_POINT('',(3.688694267516,0.514012738854,2.761008928571
    ));
#3174 = DIRECTION('',(-0.199992938726,-0.979797338463,0.));
#3175 = DIRECTION('',(-0.979797338463,0.199992938726,0.));
#3176 = DEFINITIONAL_REPRESENTATION('',(#3177),#3180);
#3177 = B_SPLINE_CURVE_WITH_KNOTS('',1,(#3178,#3179),.UNSPECIFIED.,.F.,
  .F.,(2,2),(-4.756612849057,-4.377618576425),.PIECEWISE_BEZIER_KNOTS.);
#3178 = CARTESIAN_POINT('',(0.378994272632,-0.1));
#3179 = CARTESIAN_POINT('',(0.,-0.1));
#3180 = ( GEOMETRIC_REPRESENTATION_CONTEXT(2) 
PARAMETRIC_REPRESENTATION_CONTEXT() REPRESENTATION_CONTEXT('2D SPACE',''
  ) );
#3181 = ORIENTED_EDGE('',*,*,#3182,.F.);
#3182 = EDGE_CURVE('',#3183,#3157,#3185,.T.);
#3183 = VERTEX_POINT('',#3184);
#3184 = CARTESIAN_POINT('',(3.403343949045,0.324840764331,2.861008928571
    ));
#3185 = SURFACE_CURVE('',#3186,(#3197,#3211),.PCURVE_S1.);
#3186 = B_SPLINE_CURVE_WITH_KNOTS('',5,(#3187,#3188,#3189,#3190,#3191,
    #3192,#3193,#3194,#3195,#3196),.UNSPECIFIED.,.F.,.F.,(6,4,6),(0.,
    0.233556121132,1.),.UNSPECIFIED.);
#3187 = CARTESIAN_POINT('',(3.403343949045,0.324840764331,2.861008928571
    ));
#3188 = CARTESIAN_POINT('',(3.40334394824,0.33783078945,2.861008928571)
  );
#3189 = CARTESIAN_POINT('',(3.402873600268,0.350756123848,2.861008928571
    ));
#3190 = CARTESIAN_POINT('',(3.401932178702,0.363615005088,2.861008928571
    ));
#3191 = CARTESIAN_POINT('',(3.400519441413,0.376405734094,2.861008928571
    ));
#3192 = CARTESIAN_POINT('',(3.392453667627,0.430872048243,2.861008928571
    ));
#3193 = CARTESIAN_POINT('',(3.381198619467,0.471866299712,2.861008928571
    ));
#3194 = CARTESIAN_POINT('',(3.364878970429,0.512050459794,2.861008928571
    ));
#3195 = CARTESIAN_POINT('',(3.343560206348,0.551377085906,2.861008928571
    ));
#3196 = CARTESIAN_POINT('',(3.317356687898,0.589808917197,2.861008928571
    ));
#3197 = PCURVE('',#1319,#3198);
#3198 = DEFINITIONAL_REPRESENTATION('',(#3199),#3210);
#3199 = B_SPLINE_CURVE_WITH_KNOTS('',5,(#3200,#3201,#3202,#3203,#3204,
    #3205,#3206,#3207,#3208,#3209),.UNSPECIFIED.,.F.,.F.,(6,4,6),(0.,
    0.233556121132,1.),.UNSPECIFIED.);
#3200 = CARTESIAN_POINT('',(-9.116195122918,0.324840758756));
#3201 = CARTESIAN_POINT('',(-9.116195123722,0.337830783875));
#3202 = CARTESIAN_POINT('',(-9.116665471694,0.350756118273));
#3203 = CARTESIAN_POINT('',(-9.11760689326,0.363614999513));
#3204 = CARTESIAN_POINT('',(-9.11901963055,0.37640572852));
#3205 = CARTESIAN_POINT('',(-9.127085404335,0.430872042668));
#3206 = CARTESIAN_POINT('',(-9.138340452495,0.471866294137));
#3207 = CARTESIAN_POINT('',(-9.154660101533,0.512050454219));
#3208 = CARTESIAN_POINT('',(-9.175978865614,0.551377080331));
#3209 = CARTESIAN_POINT('',(-9.202182384064,0.589808911623));
#3210 = ( GEOMETRIC_REPRESENTATION_CONTEXT(2) 
PARAMETRIC_REPRESENTATION_CONTEXT() REPRESENTATION_CONTEXT('2D SPACE',''
  ) );
#3211 = PCURVE('',#3212,#3219);
#3212 = SURFACE_OF_LINEAR_EXTRUSION('',#3213,#3217);
#3213 = B_SPLINE_CURVE_WITH_KNOTS('',2,(#3214,#3215,#3216),
  .UNSPECIFIED.,.F.,.F.,(3,3),(0.,1.),.PIECEWISE_BEZIER_KNOTS.);
#3214 = CARTESIAN_POINT('',(3.317356687898,0.589808917197,2.761008928571
    ));
#3215 = CARTESIAN_POINT('',(3.403343949045,0.463694267516,2.761008928571
    ));
#3216 = CARTESIAN_POINT('',(3.403343949045,0.324840764331,2.761008928571
    ));
#3217 = VECTOR('',#3218,1.);
#3218 = DIRECTION('',(-0.,-0.,-1.));
#3219 = DEFINITIONAL_REPRESENTATION('',(#3220),#3231);
#3220 = B_SPLINE_CURVE_WITH_KNOTS('',5,(#3221,#3222,#3223,#3224,#3225,
    #3226,#3227,#3228,#3229,#3230),.UNSPECIFIED.,.F.,.F.,(6,4,6),(0.,
    0.233556121132,1.),.UNSPECIFIED.);
#3221 = CARTESIAN_POINT('',(1.,-0.1));
#3222 = CARTESIAN_POINT('',(0.95322399169,-0.1));
#3223 = CARTESIAN_POINT('',(0.906430013572,-0.1));
#3224 = CARTESIAN_POINT('',(0.859624024514,-0.1));
#3225 = CARTESIAN_POINT('',(0.812812013575,-0.1));
#3226 = CARTESIAN_POINT('',(0.612380471262,-0.1));
#3227 = CARTESIAN_POINT('',(0.458759334479,-1.E-01));
#3228 = CARTESIAN_POINT('',(0.305353461064,-0.1));
#3229 = CARTESIAN_POINT('',(0.15236862252,-1.E-01));
#3230 = CARTESIAN_POINT('',(0.,-1.E-01));
#3231 = ( GEOMETRIC_REPRESENTATION_CONTEXT(2) 
PARAMETRIC_REPRESENTATION_CONTEXT() REPRESENTATION_CONTEXT('2D SPACE',''
  ) );
#3232 = ORIENTED_EDGE('',*,*,#3233,.F.);
#3233 = EDGE_CURVE('',#3234,#3183,#3236,.T.);
#3234 = VERTEX_POINT('',#3235);
#3235 = CARTESIAN_POINT('',(3.272770700637,1.528662420382E-02,
    2.861008928571));
#3236 = SURFACE_CURVE('',#3237,(#3248,#3262),.PCURVE_S1.);
#3237 = B_SPLINE_CURVE_WITH_KNOTS('',5,(#3238,#3239,#3240,#3241,#3242,
    #3243,#3244,#3245,#3246,#3247),.UNSPECIFIED.,.F.,.F.,(6,4,6),(0.,
    0.482896703383,1.),.UNSPECIFIED.);
#3238 = CARTESIAN_POINT('',(3.272770700637,1.528662420382E-02,
    2.861008928571));
#3239 = CARTESIAN_POINT('',(3.297855963026,3.951532018165E-02,
    2.861008928571));
#3240 = CARTESIAN_POINT('',(3.320034277381,6.516751649609E-02,
    2.861008928571));
#3241 = CARTESIAN_POINT('',(3.339221053269,9.223378722461E-02,
    2.861008928571));
#3242 = CARTESIAN_POINT('',(3.355364005885,0.120687862913,2.861008928571
    ));
#3243 = CARTESIAN_POINT('',(3.382448784212,0.18239623129,2.861008928571)
  );
#3244 = CARTESIAN_POINT('',(3.392941828819,0.215848442836,2.861008928571
    ));
#3245 = CARTESIAN_POINT('',(3.399898531669,0.250789710979,2.861008928571
    ));
#3246 = CARTESIAN_POINT('',(3.403343946362,0.287148935362,2.861008928571
    ));
#3247 = CARTESIAN_POINT('',(3.403343949045,0.324840764331,2.861008928571
    ));
#3248 = PCURVE('',#1319,#3249);
#3249 = DEFINITIONAL_REPRESENTATION('',(#3250),#3261);
#3250 = B_SPLINE_CURVE_WITH_KNOTS('',5,(#3251,#3252,#3253,#3254,#3255,
    #3256,#3257,#3258,#3259,#3260),.UNSPECIFIED.,.F.,.F.,(6,4,6),(0.,
    0.482896703383,1.),.UNSPECIFIED.);
#3251 = CARTESIAN_POINT('',(-9.246768371325,1.528661862901E-02));
#3252 = CARTESIAN_POINT('',(-9.221683108936,3.951531460684E-02));
#3253 = CARTESIAN_POINT('',(-9.199504794581,6.516751092128E-02));
#3254 = CARTESIAN_POINT('',(-9.180318018693,9.22337816498E-02));
#3255 = CARTESIAN_POINT('',(-9.164175066077,0.120687857338));
#3256 = CARTESIAN_POINT('',(-9.13709028775,0.182396225715));
#3257 = CARTESIAN_POINT('',(-9.126597243143,0.215848437261));
#3258 = CARTESIAN_POINT('',(-9.119640540293,0.250789705404));
#3259 = CARTESIAN_POINT('',(-9.1161951256,0.287148929787));
#3260 = CARTESIAN_POINT('',(-9.116195122918,0.324840758756));
#3261 = ( GEOMETRIC_REPRESENTATION_CONTEXT(2) 
PARAMETRIC_REPRESENTATION_CONTEXT() REPRESENTATION_CONTEXT('2D SPACE',''
  ) );
#3262 = PCURVE('',#3263,#3270);
#3263 = SURFACE_OF_LINEAR_EXTRUSION('',#3264,#3268);
#3264 = B_SPLINE_CURVE_WITH_KNOTS('',2,(#3265,#3266,#3267),
  .UNSPECIFIED.,.F.,.F.,(3,3),(0.,1.),.PIECEWISE_BEZIER_KNOTS.);
#3265 = CARTESIAN_POINT('',(3.403343949045,0.324840764331,2.761008928571
    ));
#3266 = CARTESIAN_POINT('',(3.403343949045,0.141401273885,2.761008928571
    ));
#3267 = CARTESIAN_POINT('',(3.272770700637,1.528662420382E-02,
    2.761008928571));
#3268 = VECTOR('',#3269,1.);
#3269 = DIRECTION('',(-0.,-0.,-1.));
#3270 = DEFINITIONAL_REPRESENTATION('',(#3271),#3282);
#3271 = B_SPLINE_CURVE_WITH_KNOTS('',5,(#3272,#3273,#3274,#3275,#3276,
    #3277,#3278,#3279,#3280,#3281),.UNSPECIFIED.,.F.,.F.,(6,4,6),(0.,
    0.482896703383,1.),.UNSPECIFIED.);
#3272 = CARTESIAN_POINT('',(1.,-0.1));
#3273 = CARTESIAN_POINT('',(0.903941790515,-0.1));
#3274 = CARTESIAN_POINT('',(0.8074821428,-0.1));
#3275 = CARTESIAN_POINT('',(0.710747973872,-0.1));
#3276 = CARTESIAN_POINT('',(0.613873452659,-0.1));
#3277 = CARTESIAN_POINT('',(0.413264394903,-0.1));
#3278 = CARTESIAN_POINT('',(0.309527424298,-1.E-01));
#3279 = CARTESIAN_POINT('',(0.205963490826,-0.1));
#3280 = CARTESIAN_POINT('',(0.102736412034,-1.E-01));
#3281 = CARTESIAN_POINT('',(0.,-1.E-01));
#3282 = ( GEOMETRIC_REPRESENTATION_CONTEXT(2) 
PARAMETRIC_REPRESENTATION_CONTEXT() REPRESENTATION_CONTEXT('2D SPACE',''
  ) );
#3283 = ORIENTED_EDGE('',*,*,#3284,.F.);
#3284 = EDGE_CURVE('',#3285,#3234,#3287,.T.);
#3285 = VERTEX_POINT('',#3286);
#3286 = CARTESIAN_POINT('',(2.937101910828,-0.110828025478,
    2.861008928571));
#3287 = SURFACE_CURVE('',#3288,(#3299,#3313),.PCURVE_S1.);
#3288 = B_SPLINE_CURVE_WITH_KNOTS('',5,(#3289,#3290,#3291,#3292,#3293,
    #3294,#3295,#3296,#3297,#3298),.UNSPECIFIED.,.F.,.F.,(6,4,6),(0.,
    0.712098078673,1.),.UNSPECIFIED.);
#3289 = CARTESIAN_POINT('',(2.937101910828,-0.110828025478,
    2.861008928571));
#3290 = CARTESIAN_POINT('',(2.994700726739,-0.110828021936,
    2.861008928571));
#3291 = CARTESIAN_POINT('',(3.049158430998,-0.104611342165,
    2.861008928571));
#3292 = CARTESIAN_POINT('',(3.10018250982,-9.194801850463E-02,
    2.861008928571));
#3293 = CARTESIAN_POINT('',(3.147537447432,-7.273950625385E-02,
    2.861008928571));
#3294 = CARTESIAN_POINT('',(3.208677535429,-3.669800387314E-02,
    2.861008928571));
#3295 = CARTESIAN_POINT('',(3.225656306336,-2.52659562898E-02,
    2.861008928571));
#3296 = CARTESIAN_POINT('',(3.242002055804,-1.278386171216E-02,
    2.861008928571));
#3297 = CARTESIAN_POINT('',(3.257708137167,7.38394454103E-04,
    2.861008928571));
#3298 = CARTESIAN_POINT('',(3.272770700637,1.528662420382E-02,
    2.861008928571));
#3299 = PCURVE('',#1319,#3300);
#3300 = DEFINITIONAL_REPRESENTATION('',(#3301),#3312);
#3301 = B_SPLINE_CURVE_WITH_KNOTS('',5,(#3302,#3303,#3304,#3305,#3306,
    #3307,#3308,#3309,#3310,#3311),.UNSPECIFIED.,.F.,.F.,(6,4,6),(0.,
    0.712098078673,1.),.UNSPECIFIED.);
#3302 = CARTESIAN_POINT('',(-9.582437161134,-0.110828031053));
#3303 = CARTESIAN_POINT('',(-9.524838345223,-0.110828027511));
#3304 = CARTESIAN_POINT('',(-9.470380640964,-0.104611347739));
#3305 = CARTESIAN_POINT('',(-9.419356562142,-9.194802407944E-02));
#3306 = CARTESIAN_POINT('',(-9.372001624531,-7.273951182866E-02));
#3307 = CARTESIAN_POINT('',(-9.310861536534,-3.669800944795E-02));
#3308 = CARTESIAN_POINT('',(-9.293882765626,-2.526596186461E-02));
#3309 = CARTESIAN_POINT('',(-9.277537016159,-1.278386728697E-02));
#3310 = CARTESIAN_POINT('',(-9.261830934796,7.383888792932E-04));
#3311 = CARTESIAN_POINT('',(-9.246768371325,1.528661862901E-02));
#3312 = ( GEOMETRIC_REPRESENTATION_CONTEXT(2) 
PARAMETRIC_REPRESENTATION_CONTEXT() REPRESENTATION_CONTEXT('2D SPACE',''
  ) );
#3313 = PCURVE('',#3314,#3321);
#3314 = SURFACE_OF_LINEAR_EXTRUSION('',#3315,#3319);
#3315 = B_SPLINE_CURVE_WITH_KNOTS('',2,(#3316,#3317,#3318),
  .UNSPECIFIED.,.F.,.F.,(3,3),(0.,1.),.PIECEWISE_BEZIER_KNOTS.);
#3316 = CARTESIAN_POINT('',(3.272770700637,1.528662420382E-02,
    2.761008928571));
#3317 = CARTESIAN_POINT('',(3.142197452229,-0.110828025478,
    2.761008928571));
#3318 = CARTESIAN_POINT('',(2.937101910828,-0.110828025478,
    2.761008928571));
#3319 = VECTOR('',#3320,1.);
#3320 = DIRECTION('',(-0.,-0.,-1.));
#3321 = DEFINITIONAL_REPRESENTATION('',(#3322),#3333);
#3322 = B_SPLINE_CURVE_WITH_KNOTS('',5,(#3323,#3324,#3325,#3326,#3327,
    #3328,#3329,#3330,#3331,#3332),.UNSPECIFIED.,.F.,.F.,(6,4,6),(0.,
    0.712098078673,1.),.UNSPECIFIED.);
#3323 = CARTESIAN_POINT('',(1.,-0.1));
#3324 = CARTESIAN_POINT('',(0.859580521327,-0.1));
#3325 = CARTESIAN_POINT('',(0.717863162542,-0.1));
#3326 = CARTESIAN_POINT('',(0.575229754975,-0.1));
#3327 = CARTESIAN_POINT('',(0.432112499178,-0.1));
#3328 = CARTESIAN_POINT('',(0.231139482308,-0.1));
#3329 = CARTESIAN_POINT('',(0.173278468876,-0.1));
#3330 = CARTESIAN_POINT('',(0.115448024427,-0.1));
#3331 = CARTESIAN_POINT('',(5.767859341195E-02,-1.E-01));
#3332 = CARTESIAN_POINT('',(0.,-1.E-01));
#3333 = ( GEOMETRIC_REPRESENTATION_CONTEXT(2) 
PARAMETRIC_REPRESENTATION_CONTEXT() REPRESENTATION_CONTEXT('2D SPACE',''
  ) );
#3334 = ORIENTED_EDGE('',*,*,#3335,.F.);
#3335 = EDGE_CURVE('',#3336,#3285,#3338,.T.);
#3336 = VERTEX_POINT('',#3337);
#3337 = CARTESIAN_POINT('',(2.599522292994,0.,2.861008928571));
#3338 = SURFACE_CURVE('',#3339,(#3350,#3364),.PCURVE_S1.);
#3339 = B_SPLINE_CURVE_WITH_KNOTS('',5,(#3340,#3341,#3342,#3343,#3344,
    #3345,#3346,#3347,#3348,#3349),.UNSPECIFIED.,.F.,.F.,(6,4,6),(0.,
    0.320316509076,1.),.UNSPECIFIED.);
#3340 = CARTESIAN_POINT('',(2.599522292994,6.096800879271E-18,
    2.861008928571));
#3341 = CARTESIAN_POINT('',(2.61780819382,-1.420422459403E-02,
    2.861008928571));
#3342 = CARTESIAN_POINT('',(2.63665535107,-2.729012943146E-02,
    2.861008928571));
#3343 = CARTESIAN_POINT('',(2.656058537439,-3.924506820656E-02,
    2.861008928571));
#3344 = CARTESIAN_POINT('',(2.676010408852,-5.006045450092E-02,
    2.861008928571));
#3345 = CARTESIAN_POINT('',(2.739981809096,-8.02534261664E-02,
    2.861008928571));
#3346 = CARTESIAN_POINT('',(2.785891017727,-9.562441761745E-02,
    2.861008928571));
#3347 = CARTESIAN_POINT('',(2.834136609002,-0.105800243533,
    2.861008928571));
#3348 = CARTESIAN_POINT('',(2.884591452253,-0.110828022492,
    2.861008928571));
#3349 = CARTESIAN_POINT('',(2.937101910828,-0.110828025478,
    2.861008928571));
#3350 = PCURVE('',#1319,#3351);
#3351 = DEFINITIONAL_REPRESENTATION('',(#3352),#3363);
#3352 = B_SPLINE_CURVE_WITH_KNOTS('',5,(#3353,#3354,#3355,#3356,#3357,
    #3358,#3359,#3360,#3361,#3362),.UNSPECIFIED.,.F.,.F.,(6,4,6),(0.,
    0.320316509076,1.),.UNSPECIFIED.);
#3353 = CARTESIAN_POINT('',(-9.920016778969,-5.574809711084E-09));
#3354 = CARTESIAN_POINT('',(-9.901730878143,-1.420423016884E-02));
#3355 = CARTESIAN_POINT('',(-9.882883720892,-2.729013500626E-02));
#3356 = CARTESIAN_POINT('',(-9.863480534523,-3.924507378137E-02));
#3357 = CARTESIAN_POINT('',(-9.84352866311,-5.006046007573E-02));
#3358 = CARTESIAN_POINT('',(-9.779557262866,-8.025343174121E-02));
#3359 = CARTESIAN_POINT('',(-9.733648054235,-9.562442319226E-02));
#3360 = CARTESIAN_POINT('',(-9.68540246296,-0.105800249108));
#3361 = CARTESIAN_POINT('',(-9.634947619709,-0.110828028067));
#3362 = CARTESIAN_POINT('',(-9.582437161134,-0.110828031053));
#3363 = ( GEOMETRIC_REPRESENTATION_CONTEXT(2) 
PARAMETRIC_REPRESENTATION_CONTEXT() REPRESENTATION_CONTEXT('2D SPACE',''
  ) );
#3364 = PCURVE('',#3365,#3372);
#3365 = SURFACE_OF_LINEAR_EXTRUSION('',#3366,#3370);
#3366 = B_SPLINE_CURVE_WITH_KNOTS('',2,(#3367,#3368,#3369),
  .UNSPECIFIED.,.F.,.F.,(3,3),(0.,1.),.PIECEWISE_BEZIER_KNOTS.);
#3367 = CARTESIAN_POINT('',(2.937101910828,-0.110828025478,
    2.761008928571));
#3368 = CARTESIAN_POINT('',(2.742197452229,-0.110828025478,
    2.761008928571));
#3369 = CARTESIAN_POINT('',(2.599522292994,0.,2.761008928571));
#3370 = VECTOR('',#3371,1.);
#3371 = DIRECTION('',(-0.,-0.,-1.));
#3372 = DEFINITIONAL_REPRESENTATION('',(#3373),#3384);
#3373 = B_SPLINE_CURVE_WITH_KNOTS('',5,(#3374,#3375,#3376,#3377,#3378,
    #3379,#3380,#3381,#3382,#3383),.UNSPECIFIED.,.F.,.F.,(6,4,6),(0.,
    0.320316509076,1.),.UNSPECIFIED.);
#3374 = CARTESIAN_POINT('',(1.,-0.1));
#3375 = CARTESIAN_POINT('',(0.935917715969,-0.1));
#3376 = CARTESIAN_POINT('',(0.871747614114,-0.1));
#3377 = CARTESIAN_POINT('',(0.807518393259,-0.1));
#3378 = CARTESIAN_POINT('',(0.74325927426,-0.1));
#3379 = CARTESIAN_POINT('',(0.542647465504,-0.1));
#3380 = CARTESIAN_POINT('',(0.406290889615,-1.E-01));
#3381 = CARTESIAN_POINT('',(0.270221412744,-0.1));
#3382 = CARTESIAN_POINT('',(0.134708206163,-1.E-01));
#3383 = CARTESIAN_POINT('',(0.,-1.E-01));
#3384 = ( GEOMETRIC_REPRESENTATION_CONTEXT(2) 
PARAMETRIC_REPRESENTATION_CONTEXT() REPRESENTATION_CONTEXT('2D SPACE',''
  ) );
#3385 = ORIENTED_EDGE('',*,*,#3386,.F.);
#3386 = EDGE_CURVE('',#3387,#3336,#3389,.T.);
#3387 = VERTEX_POINT('',#3388);
#3388 = CARTESIAN_POINT('',(2.425,0.368152866242,2.861008928571));
#3389 = SURFACE_CURVE('',#3390,(#3401,#3415),.PCURVE_S1.);
#3390 = B_SPLINE_CURVE_WITH_KNOTS('',5,(#3391,#3392,#3393,#3394,#3395,
    #3396,#3397,#3398,#3399,#3400),.UNSPECIFIED.,.F.,.F.,(6,4,6),(0.,
    0.570780900399,1.),.UNSPECIFIED.);
#3391 = CARTESIAN_POINT('',(2.425,0.368152866242,2.861008928571));
#3392 = CARTESIAN_POINT('',(2.425000003922,0.315767992943,2.861008928571
    ));
#3393 = CARTESIAN_POINT('',(2.430507803641,0.265921966837,2.861008928571
    ));
#3394 = CARTESIAN_POINT('',(2.441757662069,0.21890716446,2.861008928571)
  );
#3395 = CARTESIAN_POINT('',(2.4588533399,0.174967340166,2.861008928571)
  );
#3396 = CARTESIAN_POINT('',(2.498884379968,0.103655802404,2.861008928571
    ));
#3397 = CARTESIAN_POINT('',(2.519321102001,7.487551507375E-02,
    2.861008928571));
#3398 = CARTESIAN_POINT('',(2.542974951184,4.799107710222E-02,
    2.861008928571));
#3399 = CARTESIAN_POINT('',(2.569753671349,2.303266013973E-02,
    2.861008928571));
#3400 = CARTESIAN_POINT('',(2.599522292994,0.,2.861008928571));
#3401 = PCURVE('',#1319,#3402);
#3402 = DEFINITIONAL_REPRESENTATION('',(#3403),#3414);
#3403 = B_SPLINE_CURVE_WITH_KNOTS('',5,(#3404,#3405,#3406,#3407,#3408,
    #3409,#3410,#3411,#3412,#3413),.UNSPECIFIED.,.F.,.F.,(6,4,6),(0.,
    0.570780900399,1.),.UNSPECIFIED.);
#3404 = CARTESIAN_POINT('',(-10.09453907196,0.368152860667));
#3405 = CARTESIAN_POINT('',(-10.09453906804,0.315767987368));
#3406 = CARTESIAN_POINT('',(-10.08903126832,0.265921961262));
#3407 = CARTESIAN_POINT('',(-10.07778140989,0.218907158885));
#3408 = CARTESIAN_POINT('',(-10.06068573206,0.174967334591));
#3409 = CARTESIAN_POINT('',(-10.02065469199,0.103655796829));
#3410 = CARTESIAN_POINT('',(-10.00021796996,7.487550949894E-02));
#3411 = CARTESIAN_POINT('',(-9.976564120778,4.799107152741E-02));
#3412 = CARTESIAN_POINT('',(-9.949785400614,2.303265456492E-02));
#3413 = CARTESIAN_POINT('',(-9.920016778969,-5.574809717181E-09));
#3414 = ( GEOMETRIC_REPRESENTATION_CONTEXT(2) 
PARAMETRIC_REPRESENTATION_CONTEXT() REPRESENTATION_CONTEXT('2D SPACE',''
  ) );
#3415 = PCURVE('',#3416,#3423);
#3416 = SURFACE_OF_LINEAR_EXTRUSION('',#3417,#3421);
#3417 = B_SPLINE_CURVE_WITH_KNOTS('',2,(#3418,#3419,#3420),
  .UNSPECIFIED.,.F.,.F.,(3,3),(0.,1.),.PIECEWISE_BEZIER_KNOTS.);
#3418 = CARTESIAN_POINT('',(2.599522292994,0.,2.761008928571));
#3419 = CARTESIAN_POINT('',(2.425,0.135031847134,2.761008928571));
#3420 = CARTESIAN_POINT('',(2.425,0.368152866242,2.761008928571));
#3421 = VECTOR('',#3422,1.);
#3422 = DIRECTION('',(-0.,-0.,-1.));
#3423 = DEFINITIONAL_REPRESENTATION('',(#3424),#3435);
#3424 = B_SPLINE_CURVE_WITH_KNOTS('',5,(#3425,#3426,#3427,#3428,#3429,
    #3430,#3431,#3432,#3433,#3434),.UNSPECIFIED.,.F.,.F.,(6,4,6),(0.,
    0.570780900399,1.),.UNSPECIFIED.);
#3425 = CARTESIAN_POINT('',(1.,-0.1));
#3426 = CARTESIAN_POINT('',(0.887644461011,-0.1));
#3427 = CARTESIAN_POINT('',(0.774094745571,-0.1));
#3428 = CARTESIAN_POINT('',(0.659695547008,-0.1));
#3429 = CARTESIAN_POINT('',(0.54484459072,-0.1));
#3430 = CARTESIAN_POINT('',(0.343638505093,-0.1));
#3431 = CARTESIAN_POINT('',(0.257274306133,-1.E-01));
#3432 = CARTESIAN_POINT('',(0.171098170449,-0.1));
#3433 = CARTESIAN_POINT('',(8.528602309567E-02,-1.E-01));
#3434 = CARTESIAN_POINT('',(0.,-1.E-01));
#3435 = ( GEOMETRIC_REPRESENTATION_CONTEXT(2) 
PARAMETRIC_REPRESENTATION_CONTEXT() REPRESENTATION_CONTEXT('2D SPACE',''
  ) );
#3436 = ORIENTED_EDGE('',*,*,#3437,.F.);
#3437 = EDGE_CURVE('',#3438,#3387,#3440,.T.);
#3438 = VERTEX_POINT('',#3439);
#3439 = CARTESIAN_POINT('',(2.536464968153,0.68025477707,2.861008928571)
  );
#3440 = SURFACE_CURVE('',#3441,(#3452,#3466),.PCURVE_S1.);
#3441 = B_SPLINE_CURVE_WITH_KNOTS('',5,(#3442,#3443,#3444,#3445,#3446,
    #3447,#3448,#3449,#3450,#3451),.UNSPECIFIED.,.F.,.F.,(6,4,6),(0.,
    0.227008884821,1.),.UNSPECIFIED.);
#3442 = CARTESIAN_POINT('',(2.536464968153,0.68025477707,2.861008928571)
  );
#3443 = CARTESIAN_POINT('',(2.526310364347,0.669229776911,2.861008928571
    ));
#3444 = CARTESIAN_POINT('',(2.516725705054,0.657832404458,2.861008928571
    ));
#3445 = CARTESIAN_POINT('',(2.50771559992,0.646064429949,2.861008928571)
  );
#3446 = CARTESIAN_POINT('',(2.499283427966,0.633928447002,2.861008928571
    ));
#3447 = CARTESIAN_POINT('',(2.464694075253,0.578861992662,2.861008928571
    ));
#3448 = CARTESIAN_POINT('',(2.444681391357,0.532066671533,2.861008928571
    ));
#3449 = CARTESIAN_POINT('',(2.43148294666,0.481181762434,2.861008928571)
  );
#3450 = CARTESIAN_POINT('',(2.4250000034,0.426443577812,2.861008928571)
  );
#3451 = CARTESIAN_POINT('',(2.425,0.368152866242,2.861008928571));
#3452 = PCURVE('',#1319,#3453);
#3453 = DEFINITIONAL_REPRESENTATION('',(#3454),#3465);
#3454 = B_SPLINE_CURVE_WITH_KNOTS('',5,(#3455,#3456,#3457,#3458,#3459,
    #3460,#3461,#3462,#3463,#3464),.UNSPECIFIED.,.F.,.F.,(6,4,6),(0.,
    0.227008884821,1.),.UNSPECIFIED.);
#3455 = CARTESIAN_POINT('',(-9.983074103809,0.680254771495));
#3456 = CARTESIAN_POINT('',(-9.993228707615,0.669229771337));
#3457 = CARTESIAN_POINT('',(-10.0028133669,0.657832398883));
#3458 = CARTESIAN_POINT('',(-10.01182347204,0.646064424374));
#3459 = CARTESIAN_POINT('',(-10.02025564399,0.633928441427));
#3460 = CARTESIAN_POINT('',(-10.0548449967,0.578861987087));
#3461 = CARTESIAN_POINT('',(-10.0748576806,0.532066665958));
#3462 = CARTESIAN_POINT('',(-10.0880561253,0.48118175686));
#3463 = CARTESIAN_POINT('',(-10.09453906856,0.426443572237));
#3464 = CARTESIAN_POINT('',(-10.09453907196,0.368152860667));
#3465 = ( GEOMETRIC_REPRESENTATION_CONTEXT(2) 
PARAMETRIC_REPRESENTATION_CONTEXT() REPRESENTATION_CONTEXT('2D SPACE',''
  ) );
#3466 = PCURVE('',#3467,#3474);
#3467 = SURFACE_OF_LINEAR_EXTRUSION('',#3468,#3472);
#3468 = B_SPLINE_CURVE_WITH_KNOTS('',2,(#3469,#3470,#3471),
  .UNSPECIFIED.,.F.,.F.,(3,3),(0.,1.),.PIECEWISE_BEZIER_KNOTS.);
#3469 = CARTESIAN_POINT('',(2.425,0.368152866242,2.761008928571));
#3470 = CARTESIAN_POINT('',(2.425,0.55923566879,2.761008928571));
#3471 = CARTESIAN_POINT('',(2.536464968153,0.68025477707,2.761008928571)
  );
#3472 = VECTOR('',#3473,1.);
#3473 = DIRECTION('',(-0.,-0.,-1.));
#3474 = DEFINITIONAL_REPRESENTATION('',(#3475),#3486);
#3475 = B_SPLINE_CURVE_WITH_KNOTS('',5,(#3476,#3477,#3478,#3479,#3480,
    #3481,#3482,#3483,#3484,#3485),.UNSPECIFIED.,.F.,.F.,(6,4,6),(0.,
    0.227008884821,1.),.UNSPECIFIED.);
#3476 = CARTESIAN_POINT('',(1.,-0.1));
#3477 = CARTESIAN_POINT('',(0.954449344087,-0.1));
#3478 = CARTESIAN_POINT('',(0.908861737025,-0.1));
#3479 = CARTESIAN_POINT('',(0.863249392713,-0.1));
#3480 = CARTESIAN_POINT('',(0.817624655462,-0.1));
#3481 = CARTESIAN_POINT('',(0.616642850287,-0.1));
#3482 = CARTESIAN_POINT('',(0.461278993248,-1.E-01));
#3483 = CARTESIAN_POINT('',(0.306421848734,-0.1));
#3484 = CARTESIAN_POINT('',(0.152527367533,-1.E-01));
#3485 = CARTESIAN_POINT('',(0.,-1.E-01));
#3486 = ( GEOMETRIC_REPRESENTATION_CONTEXT(2) 
PARAMETRIC_REPRESENTATION_CONTEXT() REPRESENTATION_CONTEXT('2D SPACE',''
  ) );
#3487 = ORIENTED_EDGE('',*,*,#3488,.F.);
#3488 = EDGE_CURVE('',#2635,#3438,#3489,.T.);
#3489 = SURFACE_CURVE('',#3490,(#3501,#3515),.PCURVE_S1.);
#3490 = B_SPLINE_CURVE_WITH_KNOTS('',5,(#3491,#3492,#3493,#3494,#3495,
    #3496,#3497,#3498,#3499,#3500),.UNSPECIFIED.,.F.,.F.,(6,4,6),(0.,
    0.726844968117,1.),.UNSPECIFIED.);
#3491 = CARTESIAN_POINT('',(2.832643312102,0.817834394904,2.861008928571
    ));
#3492 = CARTESIAN_POINT('',(2.779713015634,0.812889346745,2.861008928571
    ));
#3493 = CARTESIAN_POINT('',(2.730116116053,0.802576047305,2.861008928571
    ));
#3494 = CARTESIAN_POINT('',(2.684078337271,0.786749804122,2.861008928571
    ));
#3495 = CARTESIAN_POINT('',(2.641772752438,0.765359580908,2.861008928571
    ));
#3496 = CARTESIAN_POINT('',(2.588842100644,0.728374977854,2.861008928571
    ));
#3497 = CARTESIAN_POINT('',(2.574925017883,0.717496683645,2.861008928571
    ));
#3498 = CARTESIAN_POINT('',(2.5615543365,0.705846304584,2.861008928571)
  );
#3499 = CARTESIAN_POINT('',(2.548733656606,0.693429673491,2.861008928571
    ));
#3500 = CARTESIAN_POINT('',(2.536464968153,0.68025477707,2.861008928571)
  );
#3501 = PCURVE('',#1319,#3502);
#3502 = DEFINITIONAL_REPRESENTATION('',(#3503),#3514);
#3503 = B_SPLINE_CURVE_WITH_KNOTS('',5,(#3504,#3505,#3506,#3507,#3508,
    #3509,#3510,#3511,#3512,#3513),.UNSPECIFIED.,.F.,.F.,(6,4,6),(0.,
    0.726844968117,1.),.UNSPECIFIED.);
#3504 = CARTESIAN_POINT('',(-9.68689575986,0.81783438933));
#3505 = CARTESIAN_POINT('',(-9.739826056328,0.812889341171));
#3506 = CARTESIAN_POINT('',(-9.78942295591,0.80257604173));
#3507 = CARTESIAN_POINT('',(-9.835460734691,0.786749798547));
#3508 = CARTESIAN_POINT('',(-9.877766319525,0.765359575333));
#3509 = CARTESIAN_POINT('',(-9.930696971318,0.728374972279));
#3510 = CARTESIAN_POINT('',(-9.94461405408,0.71749667807));
#3511 = CARTESIAN_POINT('',(-9.957984735462,0.705846299009));
#3512 = CARTESIAN_POINT('',(-9.970805415356,0.693429667916));
#3513 = CARTESIAN_POINT('',(-9.983074103809,0.680254771495));
#3514 = ( GEOMETRIC_REPRESENTATION_CONTEXT(2) 
PARAMETRIC_REPRESENTATION_CONTEXT() REPRESENTATION_CONTEXT('2D SPACE',''
  ) );
#3515 = PCURVE('',#3516,#3523);
#3516 = SURFACE_OF_LINEAR_EXTRUSION('',#3517,#3521);
#3517 = B_SPLINE_CURVE_WITH_KNOTS('',2,(#3518,#3519,#3520),
  .UNSPECIFIED.,.F.,.F.,(3,3),(0.,1.),.PIECEWISE_BEZIER_KNOTS.);
#3518 = CARTESIAN_POINT('',(2.536464968153,0.68025477707,2.761008928571)
  );
#3519 = CARTESIAN_POINT('',(2.648566878981,0.800636942675,2.761008928571
    ));
#3520 = CARTESIAN_POINT('',(2.832643312102,0.817834394904,2.761008928571
    ));
#3521 = VECTOR('',#3522,1.);
#3522 = DIRECTION('',(-0.,-0.,-1.));
#3523 = DEFINITIONAL_REPRESENTATION('',(#3524),#3535);
#3524 = B_SPLINE_CURVE_WITH_KNOTS('',5,(#3525,#3526,#3527,#3528,#3529,
    #3530,#3531,#3532,#3533,#3534),.UNSPECIFIED.,.F.,.F.,(6,4,6),(0.,
    0.726844968117,1.),.UNSPECIFIED.);
#3525 = CARTESIAN_POINT('',(1.,-0.1));
#3526 = CARTESIAN_POINT('',(0.856227389787,-0.1));
#3527 = CARTESIAN_POINT('',(0.711406379806,-0.1));
#3528 = CARTESIAN_POINT('',(0.565855211161,-0.1));
#3529 = CARTESIAN_POINT('',(0.419924453105,-0.1));
#3530 = CARTESIAN_POINT('',(0.219160246836,-0.1));
#3531 = CARTESIAN_POINT('',(0.16432067711,-0.1));
#3532 = CARTESIAN_POINT('',(0.109501121356,-0.1));
#3533 = CARTESIAN_POINT('',(5.47211353263E-02,-1.E-01));
#3534 = CARTESIAN_POINT('',(0.,-1.E-01));
#3535 = ( GEOMETRIC_REPRESENTATION_CONTEXT(2) 
PARAMETRIC_REPRESENTATION_CONTEXT() REPRESENTATION_CONTEXT('2D SPACE',''
  ) );
#3536 = FACE_BOUND('',#3537,.T.);
#3537 = EDGE_LOOP('',(#3538));
#3538 = ORIENTED_EDGE('',*,*,#3539,.F.);
#3539 = EDGE_CURVE('',#3540,#3540,#3542,.T.);
#3540 = VERTEX_POINT('',#3541);
#3541 = CARTESIAN_POINT('',(10.15,0.,2.861008928571));
#3542 = SURFACE_CURVE('',#3543,(#3548,#3555),.PCURVE_S1.);
#3543 = CIRCLE('',#3544,2.65);
#3544 = AXIS2_PLACEMENT_3D('',#3545,#3546,#3547);
#3545 = CARTESIAN_POINT('',(7.5,0.,2.861008928571));
#3546 = DIRECTION('',(0.,0.,1.));
#3547 = DIRECTION('',(1.,0.,0.));
#3548 = PCURVE('',#1319,#3549);
#3549 = DEFINITIONAL_REPRESENTATION('',(#3550),#3554);
#3550 = CIRCLE('',#3551,2.65);
#3551 = AXIS2_PLACEMENT_2D('',#3552,#3553);
#3552 = CARTESIAN_POINT('',(-5.019539071962,-5.574809717181E-09));
#3553 = DIRECTION('',(1.,0.));
#3554 = ( GEOMETRIC_REPRESENTATION_CONTEXT(2) 
PARAMETRIC_REPRESENTATION_CONTEXT() REPRESENTATION_CONTEXT('2D SPACE',''
  ) );
#3555 = PCURVE('',#3556,#3561);
#3556 = CYLINDRICAL_SURFACE('',#3557,2.65);
#3557 = AXIS2_PLACEMENT_3D('',#3558,#3559,#3560);
#3558 = CARTESIAN_POINT('',(7.5,0.,0.));
#3559 = DIRECTION('',(-0.,-0.,-1.));
#3560 = DIRECTION('',(1.,0.,0.));
#3561 = DEFINITIONAL_REPRESENTATION('',(#3562),#3566);
#3562 = LINE('',#3563,#3564);
#3563 = CARTESIAN_POINT('',(-0.,-2.861008928571));
#3564 = VECTOR('',#3565,1.);
#3565 = DIRECTION('',(-1.,0.));
#3566 = ( GEOMETRIC_REPRESENTATION_CONTEXT(2) 
PARAMETRIC_REPRESENTATION_CONTEXT() REPRESENTATION_CONTEXT('2D SPACE',''
  ) );
#3567 = FACE_BOUND('',#3568,.T.);
#3568 = EDGE_LOOP('',(#3569,#3597,#3623,#3668,#3704,#3743,#3785,#3824,
    #3869,#3914,#3959,#3998,#4024,#4075,#4126,#4177,#4228,#4273,#4309,
    #4351,#4393,#4429));
#3569 = ORIENTED_EDGE('',*,*,#3570,.F.);
#3570 = EDGE_CURVE('',#3571,#3573,#3575,.T.);
#3571 = VERTEX_POINT('',#3572);
#3572 = CARTESIAN_POINT('',(2.425,1.014649681529,2.861008928571));
#3573 = VERTEX_POINT('',#3574);
#3574 = CARTESIAN_POINT('',(2.588057324841,1.014649681529,2.861008928571
    ));
#3575 = SURFACE_CURVE('',#3576,(#3580,#3586),.PCURVE_S1.);
#3576 = LINE('',#3577,#3578);
#3577 = CARTESIAN_POINT('',(7.553798198401,1.014649681529,2.861008928571
    ));
#3578 = VECTOR('',#3579,1.);
#3579 = DIRECTION('',(1.,2.22044604925E-16,0.));
#3580 = PCURVE('',#1319,#3581);
#3581 = DEFINITIONAL_REPRESENTATION('',(#3582),#3585);
#3582 = B_SPLINE_CURVE_WITH_KNOTS('',1,(#3583,#3584),.UNSPECIFIED.,.F.,
  .F.,(2,2),(-5.128798198401,-4.965740873561),.PIECEWISE_BEZIER_KNOTS.);
#3583 = CARTESIAN_POINT('',(-10.09453907196,1.014649675954));
#3584 = CARTESIAN_POINT('',(-9.931481747121,1.014649675954));
#3585 = ( GEOMETRIC_REPRESENTATION_CONTEXT(2) 
PARAMETRIC_REPRESENTATION_CONTEXT() REPRESENTATION_CONTEXT('2D SPACE',''
  ) );
#3586 = PCURVE('',#3587,#3592);
#3587 = PLANE('',#3588);
#3588 = AXIS2_PLACEMENT_3D('',#3589,#3590,#3591);
#3589 = CARTESIAN_POINT('',(2.588057324841,1.014649681529,2.761008928571
    ));
#3590 = DIRECTION('',(2.22044604925E-16,-1.,0.));
#3591 = DIRECTION('',(-1.,-2.22044604925E-16,0.));
#3592 = DEFINITIONAL_REPRESENTATION('',(#3593),#3596);
#3593 = B_SPLINE_CURVE_WITH_KNOTS('',1,(#3594,#3595),.UNSPECIFIED.,.F.,
  .F.,(2,2),(-5.128798198401,-4.965740873561),.PIECEWISE_BEZIER_KNOTS.);
#3594 = CARTESIAN_POINT('',(0.163057324841,-0.1));
#3595 = CARTESIAN_POINT('',(0.,-0.1));
#3596 = ( GEOMETRIC_REPRESENTATION_CONTEXT(2) 
PARAMETRIC_REPRESENTATION_CONTEXT() REPRESENTATION_CONTEXT('2D SPACE',''
  ) );
#3597 = ORIENTED_EDGE('',*,*,#3598,.F.);
#3598 = EDGE_CURVE('',#3599,#3571,#3601,.T.);
#3599 = VERTEX_POINT('',#3600);
#3600 = CARTESIAN_POINT('',(2.425,1.94076433121,2.861008928571));
#3601 = SURFACE_CURVE('',#3602,(#3606,#3612),.PCURVE_S1.);
#3602 = LINE('',#3603,#3604);
#3603 = CARTESIAN_POINT('',(2.425,0.507324843552,2.861008928571));
#3604 = VECTOR('',#3605,1.);
#3605 = DIRECTION('',(2.22044604925E-16,-1.,0.));
#3606 = PCURVE('',#1319,#3607);
#3607 = DEFINITIONAL_REPRESENTATION('',(#3608),#3611);
#3608 = B_SPLINE_CURVE_WITH_KNOTS('',1,(#3609,#3610),.UNSPECIFIED.,.F.,
  .F.,(2,2),(-1.433439487658,-0.507324837977),.PIECEWISE_BEZIER_KNOTS.);
#3609 = CARTESIAN_POINT('',(-10.09453907196,1.940764325635));
#3610 = CARTESIAN_POINT('',(-10.09453907196,1.014649675954));
#3611 = ( GEOMETRIC_REPRESENTATION_CONTEXT(2) 
PARAMETRIC_REPRESENTATION_CONTEXT() REPRESENTATION_CONTEXT('2D SPACE',''
  ) );
#3612 = PCURVE('',#3613,#3618);
#3613 = PLANE('',#3614);
#3614 = AXIS2_PLACEMENT_3D('',#3615,#3616,#3617);
#3615 = CARTESIAN_POINT('',(2.425,1.014649681529,2.761008928571));
#3616 = DIRECTION('',(-1.,-2.22044604925E-16,0.));
#3617 = DIRECTION('',(-2.22044604925E-16,1.,0.));
#3618 = DEFINITIONAL_REPRESENTATION('',(#3619),#3622);
#3619 = B_SPLINE_CURVE_WITH_KNOTS('',1,(#3620,#3621),.UNSPECIFIED.,.F.,
  .F.,(2,2),(-1.433439487658,-0.507324837977),.PIECEWISE_BEZIER_KNOTS.);
#3620 = CARTESIAN_POINT('',(0.926114649682,-0.1));
#3621 = CARTESIAN_POINT('',(0.,-0.1));
#3622 = ( GEOMETRIC_REPRESENTATION_CONTEXT(2) 
PARAMETRIC_REPRESENTATION_CONTEXT() REPRESENTATION_CONTEXT('2D SPACE',''
  ) );
#3623 = ORIENTED_EDGE('',*,*,#3624,.F.);
#3624 = EDGE_CURVE('',#3625,#3599,#3627,.T.);
#3625 = VERTEX_POINT('',#3626);
#3626 = CARTESIAN_POINT('',(2.545382165605,1.920382165605,2.861008928571
    ));
#3627 = SURFACE_CURVE('',#3628,(#3637,#3649),.PCURVE_S1.);
#3628 = B_SPLINE_CURVE_WITH_KNOTS('',4,(#3629,#3630,#3631,#3632,#3633,
    #3634,#3635,#3636),.UNSPECIFIED.,.F.,.F.,(5,3,5),(0.,0.461993129153,
    1.),.UNSPECIFIED.);
#3629 = CARTESIAN_POINT('',(2.545382165605,1.920382165605,2.861008928571
    ));
#3630 = CARTESIAN_POINT('',(2.531995282719,1.925530966117,2.861008928571
    ));
#3631 = CARTESIAN_POINT('',(2.518447561183,1.929819914008,2.861008928571
    ));
#3632 = CARTESIAN_POINT('',(2.504740013008,1.933247908929,2.861008928571
    ));
#3633 = CARTESIAN_POINT('',(2.474726154419,1.938803883941,2.861008928571
    ));
#3634 = CARTESIAN_POINT('',(2.458363342231,1.940625165745,2.861008928571
    ));
#3635 = CARTESIAN_POINT('',(2.441787240689,1.941278225686,2.861008928571
    ));
#3636 = CARTESIAN_POINT('',(2.425,1.94076433121,2.861008928571));
#3637 = PCURVE('',#1319,#3638);
#3638 = DEFINITIONAL_REPRESENTATION('',(#3639),#3648);
#3639 = B_SPLINE_CURVE_WITH_KNOTS('',4,(#3640,#3641,#3642,#3643,#3644,
    #3645,#3646,#3647),.UNSPECIFIED.,.F.,.F.,(5,3,5),(0.,0.461993129153,
    1.),.UNSPECIFIED.);
#3640 = CARTESIAN_POINT('',(-9.974156906357,1.92038216003));
#3641 = CARTESIAN_POINT('',(-9.987543789243,1.925530960542));
#3642 = CARTESIAN_POINT('',(-10.00109151077,1.929819908433));
#3643 = CARTESIAN_POINT('',(-10.01479905895,1.933247903354));
#3644 = CARTESIAN_POINT('',(-10.04481291754,1.938803878366));
#3645 = CARTESIAN_POINT('',(-10.06117572973,1.94062516017));
#3646 = CARTESIAN_POINT('',(-10.07775183127,1.941278220111));
#3647 = CARTESIAN_POINT('',(-10.09453907196,1.940764325635));
#3648 = ( GEOMETRIC_REPRESENTATION_CONTEXT(2) 
PARAMETRIC_REPRESENTATION_CONTEXT() REPRESENTATION_CONTEXT('2D SPACE',''
  ) );
#3649 = PCURVE('',#3650,#3657);
#3650 = SURFACE_OF_LINEAR_EXTRUSION('',#3651,#3655);
#3651 = B_SPLINE_CURVE_WITH_KNOTS('',2,(#3652,#3653,#3654),
  .UNSPECIFIED.,.F.,.F.,(3,3),(0.,1.),.PIECEWISE_BEZIER_KNOTS.);
#3652 = CARTESIAN_POINT('',(2.425,1.94076433121,2.761008928571));
#3653 = CARTESIAN_POINT('',(2.487420382166,1.942675159236,2.761008928571
    ));
#3654 = CARTESIAN_POINT('',(2.545382165605,1.920382165605,2.761008928571
    ));
#3655 = VECTOR('',#3656,1.);
#3656 = DIRECTION('',(-0.,-0.,-1.));
#3657 = DEFINITIONAL_REPRESENTATION('',(#3658),#3667);
#3658 = B_SPLINE_CURVE_WITH_KNOTS('',4,(#3659,#3660,#3661,#3662,#3663,
    #3664,#3665,#3666),.UNSPECIFIED.,.F.,.F.,(5,3,5),(0.,0.461993129153,
    1.),.UNSPECIFIED.);
#3659 = CARTESIAN_POINT('',(1.,-0.1));
#3660 = CARTESIAN_POINT('',(0.88451974742,-0.1));
#3661 = CARTESIAN_POINT('',(0.769019800866,-0.1));
#3662 = CARTESIAN_POINT('',(0.653509945578,-0.1));
#3663 = CARTESIAN_POINT('',(0.403484699987,-0.1));
#3664 = CARTESIAN_POINT('',(0.268969271667,-0.1));
#3665 = CARTESIAN_POINT('',(0.134469224848,-1.E-01));
#3666 = CARTESIAN_POINT('',(0.,-1.E-01));
#3667 = ( GEOMETRIC_REPRESENTATION_CONTEXT(2) 
PARAMETRIC_REPRESENTATION_CONTEXT() REPRESENTATION_CONTEXT('2D SPACE',''
  ) );
#3668 = ORIENTED_EDGE('',*,*,#3669,.F.);
#3669 = EDGE_CURVE('',#3670,#3625,#3672,.T.);
#3670 = VERTEX_POINT('',#3671);
#3671 = CARTESIAN_POINT('',(2.733280254777,1.807643312102,2.861008928571
    ));
#3672 = SURFACE_CURVE('',#3673,(#3679,#3688),.PCURVE_S1.);
#3673 = B_SPLINE_CURVE_WITH_KNOTS('',4,(#3674,#3675,#3676,#3677,#3678),
  .UNSPECIFIED.,.F.,.F.,(5,5),(0.,1.),.PIECEWISE_BEZIER_KNOTS.);
#3674 = CARTESIAN_POINT('',(2.733280254777,1.807643312102,2.861008928571
    ));
#3675 = CARTESIAN_POINT('',(2.687313001667,1.846319205565,2.861008928571
    ));
#3676 = CARTESIAN_POINT('',(2.640645485938,1.878094384668,2.861008928571
    ));
#3677 = CARTESIAN_POINT('',(2.593317674827,1.902805810024,2.861008928571
    ));
#3678 = CARTESIAN_POINT('',(2.545382165605,1.920382165605,2.861008928571
    ));
#3679 = PCURVE('',#1319,#3680);
#3680 = DEFINITIONAL_REPRESENTATION('',(#3681),#3687);
#3681 = B_SPLINE_CURVE_WITH_KNOTS('',4,(#3682,#3683,#3684,#3685,#3686),
  .UNSPECIFIED.,.F.,.F.,(5,5),(0.,1.),.PIECEWISE_BEZIER_KNOTS.);
#3682 = CARTESIAN_POINT('',(-9.786258817185,1.807643306527));
#3683 = CARTESIAN_POINT('',(-9.832226070295,1.84631919999));
#3684 = CARTESIAN_POINT('',(-9.878893586024,1.878094379093));
#3685 = CARTESIAN_POINT('',(-9.926221397135,1.902805804449));
#3686 = CARTESIAN_POINT('',(-9.974156906357,1.92038216003));
#3687 = ( GEOMETRIC_REPRESENTATION_CONTEXT(2) 
PARAMETRIC_REPRESENTATION_CONTEXT() REPRESENTATION_CONTEXT('2D SPACE',''
  ) );
#3688 = PCURVE('',#3689,#3696);
#3689 = SURFACE_OF_LINEAR_EXTRUSION('',#3690,#3694);
#3690 = B_SPLINE_CURVE_WITH_KNOTS('',2,(#3691,#3692,#3693),
  .UNSPECIFIED.,.F.,.F.,(3,3),(0.,1.),.PIECEWISE_BEZIER_KNOTS.);
#3691 = CARTESIAN_POINT('',(2.545382165605,1.920382165605,2.761008928571
    ));
#3692 = CARTESIAN_POINT('',(2.640923566879,1.885350318471,2.761008928571
    ));
#3693 = CARTESIAN_POINT('',(2.733280254777,1.807643312102,2.761008928571
    ));
#3694 = VECTOR('',#3695,1.);
#3695 = DIRECTION('',(-0.,-0.,-1.));
#3696 = DEFINITIONAL_REPRESENTATION('',(#3697),#3703);
#3697 = B_SPLINE_CURVE_WITH_KNOTS('',4,(#3698,#3699,#3700,#3701,#3702),
  .UNSPECIFIED.,.F.,.F.,(5,5),(0.,1.),.PIECEWISE_BEZIER_KNOTS.);
#3698 = CARTESIAN_POINT('',(1.,-0.1));
#3699 = CARTESIAN_POINT('',(0.751142802986,-0.1));
#3700 = CARTESIAN_POINT('',(0.501341779476,-0.1));
#3701 = CARTESIAN_POINT('',(0.250862499099,-1.E-01));
#3702 = CARTESIAN_POINT('',(0.,-1.E-01));
#3703 = ( GEOMETRIC_REPRESENTATION_CONTEXT(2) 
PARAMETRIC_REPRESENTATION_CONTEXT() REPRESENTATION_CONTEXT('2D SPACE',''
  ) );
#3704 = ORIENTED_EDGE('',*,*,#3705,.F.);
#3705 = EDGE_CURVE('',#3706,#3670,#3708,.T.);
#3706 = VERTEX_POINT('',#3707);
#3707 = CARTESIAN_POINT('',(2.947929936306,1.582165605096,2.861008928571
    ));
#3708 = SURFACE_CURVE('',#3709,(#3716,#3726),.PCURVE_S1.);
#3709 = B_SPLINE_CURVE_WITH_KNOTS('',5,(#3710,#3711,#3712,#3713,#3714,
    #3715),.UNSPECIFIED.,.F.,.F.,(6,6),(0.,1.),
  .PIECEWISE_BEZIER_KNOTS.);
#3710 = CARTESIAN_POINT('',(2.947929936306,1.582165605096,2.861008928571
    ));
#3711 = CARTESIAN_POINT('',(2.900279841634,1.639794775849,2.861008928571
    ));
#3712 = CARTESIAN_POINT('',(2.854823457484,1.691498816223,2.861008928571
    ));
#3713 = CARTESIAN_POINT('',(2.81172885359,1.736922340393,2.861008928571)
  );
#3714 = CARTESIAN_POINT('',(2.771164635459,1.775727016969,2.861008928571
    ));
#3715 = CARTESIAN_POINT('',(2.733280254777,1.807643312102,2.861008928571
    ));
#3716 = PCURVE('',#1319,#3717);
#3717 = DEFINITIONAL_REPRESENTATION('',(#3718),#3725);
#3718 = B_SPLINE_CURVE_WITH_KNOTS('',5,(#3719,#3720,#3721,#3722,#3723,
    #3724),.UNSPECIFIED.,.F.,.F.,(6,6),(0.,1.),
  .PIECEWISE_BEZIER_KNOTS.);
#3719 = CARTESIAN_POINT('',(-9.571609135656,1.582165599521));
#3720 = CARTESIAN_POINT('',(-9.619259230329,1.639794770275));
#3721 = CARTESIAN_POINT('',(-9.664715614478,1.691498810648));
#3722 = CARTESIAN_POINT('',(-9.707810218372,1.736922334818));
#3723 = CARTESIAN_POINT('',(-9.748374436504,1.775727011395));
#3724 = CARTESIAN_POINT('',(-9.786258817185,1.807643306527));
#3725 = ( GEOMETRIC_REPRESENTATION_CONTEXT(2) 
PARAMETRIC_REPRESENTATION_CONTEXT() REPRESENTATION_CONTEXT('2D SPACE',''
  ) );
#3726 = PCURVE('',#3727,#3734);
#3727 = SURFACE_OF_LINEAR_EXTRUSION('',#3728,#3732);
#3728 = B_SPLINE_CURVE_WITH_KNOTS('',2,(#3729,#3730,#3731),
  .UNSPECIFIED.,.F.,.F.,(3,3),(0.,1.),.PIECEWISE_BEZIER_KNOTS.);
#3729 = CARTESIAN_POINT('',(2.733280254777,1.807643312102,2.761008928571
    ));
#3730 = CARTESIAN_POINT('',(2.82627388535,1.729299363057,2.761008928571)
  );
#3731 = CARTESIAN_POINT('',(2.947929936306,1.582165605096,2.761008928571
    ));
#3732 = VECTOR('',#3733,1.);
#3733 = DIRECTION('',(-0.,-0.,-1.));
#3734 = DEFINITIONAL_REPRESENTATION('',(#3735),#3742);
#3735 = B_SPLINE_CURVE_WITH_KNOTS('',5,(#3736,#3737,#3738,#3739,#3740,
    #3741),.UNSPECIFIED.,.F.,.F.,(6,6),(0.,1.),
  .PIECEWISE_BEZIER_KNOTS.);
#3736 = CARTESIAN_POINT('',(1.,-0.1));
#3737 = CARTESIAN_POINT('',(0.804160601052,-0.1));
#3738 = CARTESIAN_POINT('',(0.606042060838,-1.E-01));
#3739 = CARTESIAN_POINT('',(0.405810014829,-0.1));
#3740 = CARTESIAN_POINT('',(0.2036934104,-1.E-01));
#3741 = CARTESIAN_POINT('',(0.,-1.E-01));
#3742 = ( GEOMETRIC_REPRESENTATION_CONTEXT(2) 
PARAMETRIC_REPRESENTATION_CONTEXT() REPRESENTATION_CONTEXT('2D SPACE',''
  ) );
#3743 = ORIENTED_EDGE('',*,*,#3744,.F.);
#3744 = EDGE_CURVE('',#3745,#3706,#3747,.T.);
#3745 = VERTEX_POINT('',#3746);
#3746 = CARTESIAN_POINT('',(3.250477707006,1.273885350318,2.861008928571
    ));
#3747 = SURFACE_CURVE('',#3748,(#3756,#3767),.PCURVE_S1.);
#3748 = B_SPLINE_CURVE_WITH_KNOTS('',6,(#3749,#3750,#3751,#3752,#3753,
    #3754,#3755),.UNSPECIFIED.,.F.,.F.,(7,7),(0.,1.),
  .PIECEWISE_BEZIER_KNOTS.);
#3749 = CARTESIAN_POINT('',(3.250477707006,1.273885350318,2.861008928571
    ));
#3750 = CARTESIAN_POINT('',(3.211316873092,1.302081153914,2.861008928571
    ));
#3751 = CARTESIAN_POINT('',(3.166899671254,1.340759948895,2.861008928571
    ));
#3752 = CARTESIAN_POINT('',(3.117762324644,1.389124525629,2.861008928571
    ));
#3753 = CARTESIAN_POINT('',(3.064524189429,1.446132726473,2.861008928571
    ));
#3754 = CARTESIAN_POINT('',(3.007755069963,1.510774280583,2.861008928571
    ));
#3755 = CARTESIAN_POINT('',(2.947929936306,1.582165605096,2.861008928571
    ));
#3756 = PCURVE('',#1319,#3757);
#3757 = DEFINITIONAL_REPRESENTATION('',(#3758),#3766);
#3758 = B_SPLINE_CURVE_WITH_KNOTS('',6,(#3759,#3760,#3761,#3762,#3763,
    #3764,#3765),.UNSPECIFIED.,.F.,.F.,(7,7),(0.,1.),
  .PIECEWISE_BEZIER_KNOTS.);
#3759 = CARTESIAN_POINT('',(-9.269061364956,1.273885344744));
#3760 = CARTESIAN_POINT('',(-9.30822219887,1.302081148339));
#3761 = CARTESIAN_POINT('',(-9.352639400708,1.34075994332));
#3762 = CARTESIAN_POINT('',(-9.401776747318,1.389124520054));
#3763 = CARTESIAN_POINT('',(-9.455014882533,1.446132720898));
#3764 = CARTESIAN_POINT('',(-9.511784001999,1.510774275008));
#3765 = CARTESIAN_POINT('',(-9.571609135656,1.582165599521));
#3766 = ( GEOMETRIC_REPRESENTATION_CONTEXT(2) 
PARAMETRIC_REPRESENTATION_CONTEXT() REPRESENTATION_CONTEXT('2D SPACE',''
  ) );
#3767 = PCURVE('',#3768,#3775);
#3768 = SURFACE_OF_LINEAR_EXTRUSION('',#3769,#3773);
#3769 = B_SPLINE_CURVE_WITH_KNOTS('',2,(#3770,#3771,#3772),
  .UNSPECIFIED.,.F.,.F.,(3,3),(0.,1.),.PIECEWISE_BEZIER_KNOTS.);
#3770 = CARTESIAN_POINT('',(2.947929936306,1.582165605096,2.761008928571
    ));
#3771 = CARTESIAN_POINT('',(3.139012738854,1.354140127389,2.761008928571
    ));
#3772 = CARTESIAN_POINT('',(3.250477707006,1.273885350318,2.761008928571
    ));
#3773 = VECTOR('',#3774,1.);
#3774 = DIRECTION('',(-0.,-0.,-1.));
#3775 = DEFINITIONAL_REPRESENTATION('',(#3776),#3784);
#3776 = B_SPLINE_CURVE_WITH_KNOTS('',6,(#3777,#3778,#3779,#3780,#3781,
    #3782,#3783),.UNSPECIFIED.,.F.,.F.,(7,7),(0.,1.),
  .PIECEWISE_BEZIER_KNOTS.);
#3777 = CARTESIAN_POINT('',(1.,-0.1));
#3778 = CARTESIAN_POINT('',(0.824335700419,-0.1));
#3779 = CARTESIAN_POINT('',(0.651542781255,-0.1));
#3780 = CARTESIAN_POINT('',(0.482403164648,-1.E-01));
#3781 = CARTESIAN_POINT('',(0.317340811429,-0.1));
#3782 = CARTESIAN_POINT('',(0.156542439593,-1.E-01));
#3783 = CARTESIAN_POINT('',(0.,-1.E-01));
#3784 = ( GEOMETRIC_REPRESENTATION_CONTEXT(2) 
PARAMETRIC_REPRESENTATION_CONTEXT() REPRESENTATION_CONTEXT('2D SPACE',''
  ) );
#3785 = ORIENTED_EDGE('',*,*,#3786,.F.);
#3786 = EDGE_CURVE('',#3787,#3745,#3789,.T.);
#3787 = VERTEX_POINT('',#3788);
#3788 = CARTESIAN_POINT('',(3.461305732484,1.193630573248,2.861008928571
    ));
#3789 = SURFACE_CURVE('',#3790,(#3797,#3807),.PCURVE_S1.);
#3790 = B_SPLINE_CURVE_WITH_KNOTS('',5,(#3791,#3792,#3793,#3794,#3795,
    #3796),.UNSPECIFIED.,.F.,.F.,(6,6),(0.,1.),
  .PIECEWISE_BEZIER_KNOTS.);
#3791 = CARTESIAN_POINT('',(3.461305732484,1.193630573248,2.861008928571
    ));
#3792 = CARTESIAN_POINT('',(3.421302165447,1.193630576479,2.861008928571
    ));
#3793 = CARTESIAN_POINT('',(3.380118342857,1.20176071129,2.861008928571)
  );
#3794 = CARTESIAN_POINT('',(3.337847846081,1.21798387825,2.861008928571)
  );
#3795 = CARTESIAN_POINT('',(3.294596619302,1.242119736298,2.861008928571
    ));
#3796 = CARTESIAN_POINT('',(3.250477707006,1.273885350318,2.861008928571
    ));
#3797 = PCURVE('',#1319,#3798);
#3798 = DEFINITIONAL_REPRESENTATION('',(#3799),#3806);
#3799 = B_SPLINE_CURVE_WITH_KNOTS('',5,(#3800,#3801,#3802,#3803,#3804,
    #3805),.UNSPECIFIED.,.F.,.F.,(6,6),(0.,1.),
  .PIECEWISE_BEZIER_KNOTS.);
#3800 = CARTESIAN_POINT('',(-9.058233339478,1.193630567674));
#3801 = CARTESIAN_POINT('',(-9.098236906515,1.193630570905));
#3802 = CARTESIAN_POINT('',(-9.139420729105,1.201760705715));
#3803 = CARTESIAN_POINT('',(-9.181691225881,1.217983872675));
#3804 = CARTESIAN_POINT('',(-9.22494245266,1.242119730723));
#3805 = CARTESIAN_POINT('',(-9.269061364956,1.273885344744));
#3806 = ( GEOMETRIC_REPRESENTATION_CONTEXT(2) 
PARAMETRIC_REPRESENTATION_CONTEXT() REPRESENTATION_CONTEXT('2D SPACE',''
  ) );
#3807 = PCURVE('',#3808,#3815);
#3808 = SURFACE_OF_LINEAR_EXTRUSION('',#3809,#3813);
#3809 = B_SPLINE_CURVE_WITH_KNOTS('',2,(#3810,#3811,#3812),
  .UNSPECIFIED.,.F.,.F.,(3,3),(0.,1.),.PIECEWISE_BEZIER_KNOTS.);
#3810 = CARTESIAN_POINT('',(3.250477707006,1.273885350318,2.761008928571
    ));
#3811 = CARTESIAN_POINT('',(3.361942675159,1.193630573248,2.761008928571
    ));
#3812 = CARTESIAN_POINT('',(3.461305732484,1.193630573248,2.761008928571
    ));
#3813 = VECTOR('',#3814,1.);
#3814 = DIRECTION('',(-0.,-0.,-1.));
#3815 = DEFINITIONAL_REPRESENTATION('',(#3816),#3823);
#3816 = B_SPLINE_CURVE_WITH_KNOTS('',5,(#3817,#3818,#3819,#3820,#3821,
    #3822),.UNSPECIFIED.,.F.,.F.,(6,6),(0.,1.),
  .PIECEWISE_BEZIER_KNOTS.);
#3817 = CARTESIAN_POINT('',(1.,-0.1));
#3818 = CARTESIAN_POINT('',(0.798700001655,-0.1));
#3819 = CARTESIAN_POINT('',(0.597630051936,-1.E-01));
#3820 = CARTESIAN_POINT('',(0.397232905984,-0.1));
#3821 = CARTESIAN_POINT('',(0.197904837302,-1.E-01));
#3822 = CARTESIAN_POINT('',(0.,-1.E-01));
#3823 = ( GEOMETRIC_REPRESENTATION_CONTEXT(2) 
PARAMETRIC_REPRESENTATION_CONTEXT() REPRESENTATION_CONTEXT('2D SPACE',''
  ) );
#3824 = ORIENTED_EDGE('',*,*,#3825,.F.);
#3825 = EDGE_CURVE('',#3826,#3787,#3828,.T.);
#3826 = VERTEX_POINT('',#3827);
#3827 = CARTESIAN_POINT('',(3.637101910828,1.266878980892,2.861008928571
    ));
#3828 = SURFACE_CURVE('',#3829,(#3838,#3850),.PCURVE_S1.);
#3829 = B_SPLINE_CURVE_WITH_KNOTS('',4,(#3830,#3831,#3832,#3833,#3834,
    #3835,#3836,#3837),.UNSPECIFIED.,.F.,.F.,(5,3,5),(0.,0.46392774582,
    1.),.UNSPECIFIED.);
#3830 = CARTESIAN_POINT('',(3.637101910828,1.266878980892,2.861008928571
    ));
#3831 = CARTESIAN_POINT('',(3.620581157062,1.249915709419,2.861008928571
    ));
#3832 = CARTESIAN_POINT('',(3.602846758127,1.235541156925,2.861008928571
    ));
#3833 = CARTESIAN_POINT('',(3.583903602837,1.223791310987,2.861008928571
    ));
#3834 = CARTESIAN_POINT('',(3.540505058547,1.204140054302,2.861008928571
    ));
#3835 = CARTESIAN_POINT('',(3.515650458818,1.197121227869,2.861008928571
    ));
#3836 = CARTESIAN_POINT('',(3.489234241842,1.193630575207,2.861008928571
    ));
#3837 = CARTESIAN_POINT('',(3.461305732484,1.193630573248,2.861008928571
    ));
#3838 = PCURVE('',#1319,#3839);
#3839 = DEFINITIONAL_REPRESENTATION('',(#3840),#3849);
#3840 = B_SPLINE_CURVE_WITH_KNOTS('',4,(#3841,#3842,#3843,#3844,#3845,
    #3846,#3847,#3848),.UNSPECIFIED.,.F.,.F.,(5,3,5),(0.,0.46392774582,
    1.),.UNSPECIFIED.);
#3841 = CARTESIAN_POINT('',(-8.882437161134,1.266878975317));
#3842 = CARTESIAN_POINT('',(-8.8989579149,1.249915703844));
#3843 = CARTESIAN_POINT('',(-8.916692313835,1.23554115135));
#3844 = CARTESIAN_POINT('',(-8.935635469125,1.223791305412));
#3845 = CARTESIAN_POINT('',(-8.979034013415,1.204140048727));
#3846 = CARTESIAN_POINT('',(-9.003888613144,1.197121222294));
#3847 = CARTESIAN_POINT('',(-9.03030483012,1.193630569632));
#3848 = CARTESIAN_POINT('',(-9.058233339478,1.193630567674));
#3849 = ( GEOMETRIC_REPRESENTATION_CONTEXT(2) 
PARAMETRIC_REPRESENTATION_CONTEXT() REPRESENTATION_CONTEXT('2D SPACE',''
  ) );
#3850 = PCURVE('',#3851,#3858);
#3851 = SURFACE_OF_LINEAR_EXTRUSION('',#3852,#3856);
#3852 = B_SPLINE_CURVE_WITH_KNOTS('',2,(#3853,#3854,#3855),
  .UNSPECIFIED.,.F.,.F.,(3,3),(0.,1.),.PIECEWISE_BEZIER_KNOTS.);
#3853 = CARTESIAN_POINT('',(3.461305732484,1.193630573248,2.761008928571
    ));
#3854 = CARTESIAN_POINT('',(3.56576433121,1.193630573248,2.761008928571)
  );
#3855 = CARTESIAN_POINT('',(3.637101910828,1.266878980892,2.761008928571
    ));
#3856 = VECTOR('',#3857,1.);
#3857 = DIRECTION('',(-0.,-0.,-1.));
#3858 = DEFINITIONAL_REPRESENTATION('',(#3859),#3868);
#3859 = B_SPLINE_CURVE_WITH_KNOTS('',4,(#3860,#3861,#3862,#3863,#3864,
    #3865,#3866,#3867),.UNSPECIFIED.,.F.,.F.,(5,3,5),(0.,0.46392774582,
    1.),.UNSPECIFIED.);
#3860 = CARTESIAN_POINT('',(1.,-0.1));
#3861 = CARTESIAN_POINT('',(0.884207222283,-0.1));
#3862 = CARTESIAN_POINT('',(0.768208171558,-0.1));
#3863 = CARTESIAN_POINT('',(0.652104138951,-0.1));
#3864 = CARTESIAN_POINT('',(0.401840730485,-0.1));
#3865 = CARTESIAN_POINT('',(0.267680736555,-0.1));
#3866 = CARTESIAN_POINT('',(0.13368219842,-1.E-01));
#3867 = CARTESIAN_POINT('',(0.,-1.E-01));
#3868 = ( GEOMETRIC_REPRESENTATION_CONTEXT(2) 
PARAMETRIC_REPRESENTATION_CONTEXT() REPRESENTATION_CONTEXT('2D SPACE',''
  ) );
#3869 = ORIENTED_EDGE('',*,*,#3870,.F.);
#3870 = EDGE_CURVE('',#3871,#3826,#3873,.T.);
#3871 = VERTEX_POINT('',#3872);
#3872 = CARTESIAN_POINT('',(3.709076433121,1.457324840764,2.861008928571
    ));
#3873 = SURFACE_CURVE('',#3874,(#3883,#3895),.PCURVE_S1.);
#3874 = B_SPLINE_CURVE_WITH_KNOTS('',4,(#3875,#3876,#3877,#3878,#3879,
    #3880,#3881,#3882),.UNSPECIFIED.,.F.,.F.,(5,3,5),(0.,0.738422832005,
    1.),.UNSPECIFIED.);
#3875 = CARTESIAN_POINT('',(3.709076433121,1.457324840764,2.861008928571
    ));
#3876 = CARTESIAN_POINT('',(3.709076430478,1.414060625307,2.861008928571
    ));
#3877 = CARTESIAN_POINT('',(3.702608435954,1.374645959382,2.861008928571
    ));
#3878 = CARTESIAN_POINT('',(3.689525397648,1.339275612116,2.861008928571
    ));
#3879 = CARTESIAN_POINT('',(3.662915364216,1.29696389121,2.861008928571)
  );
#3880 = CARTESIAN_POINT('',(3.655130830764,1.286413833475,2.861008928571
    ));
#3881 = CARTESIAN_POINT('',(3.646524567833,1.276385025784,2.861008928571
    ));
#3882 = CARTESIAN_POINT('',(3.637101910828,1.266878980892,2.861008928571
    ));
#3883 = PCURVE('',#1319,#3884);
#3884 = DEFINITIONAL_REPRESENTATION('',(#3885),#3894);
#3885 = B_SPLINE_CURVE_WITH_KNOTS('',4,(#3886,#3887,#3888,#3889,#3890,
    #3891,#3892,#3893),.UNSPECIFIED.,.F.,.F.,(5,3,5),(0.,0.738422832005,
    1.),.UNSPECIFIED.);
#3886 = CARTESIAN_POINT('',(-8.810462638841,1.45732483519));
#3887 = CARTESIAN_POINT('',(-8.810462641484,1.414060619732));
#3888 = CARTESIAN_POINT('',(-8.816930636009,1.374645953807));
#3889 = CARTESIAN_POINT('',(-8.830013674314,1.339275606541));
#3890 = CARTESIAN_POINT('',(-8.856623707746,1.296963885635));
#3891 = CARTESIAN_POINT('',(-8.864408241198,1.286413827901));
#3892 = CARTESIAN_POINT('',(-8.873014504129,1.276385020209));
#3893 = CARTESIAN_POINT('',(-8.882437161134,1.266878975317));
#3894 = ( GEOMETRIC_REPRESENTATION_CONTEXT(2) 
PARAMETRIC_REPRESENTATION_CONTEXT() REPRESENTATION_CONTEXT('2D SPACE',''
  ) );
#3895 = PCURVE('',#3896,#3903);
#3896 = SURFACE_OF_LINEAR_EXTRUSION('',#3897,#3901);
#3897 = B_SPLINE_CURVE_WITH_KNOTS('',2,(#3898,#3899,#3900),
  .UNSPECIFIED.,.F.,.F.,(3,3),(0.,1.),.PIECEWISE_BEZIER_KNOTS.);
#3898 = CARTESIAN_POINT('',(3.637101910828,1.266878980892,2.761008928571
    ));
#3899 = CARTESIAN_POINT('',(3.709076433121,1.33949044586,2.761008928571)
  );
#3900 = CARTESIAN_POINT('',(3.709076433121,1.457324840764,2.761008928571
    ));
#3901 = VECTOR('',#3902,1.);
#3902 = DIRECTION('',(-0.,-0.,-1.));
#3903 = DEFINITIONAL_REPRESENTATION('',(#3904),#3913);
#3904 = B_SPLINE_CURVE_WITH_KNOTS('',4,(#3905,#3906,#3907,#3908,#3909,
    #3910,#3911,#3912),.UNSPECIFIED.,.F.,.F.,(5,3,5),(0.,0.738422832005,
    1.),.UNSPECIFIED.);
#3905 = CARTESIAN_POINT('',(1.,-0.1));
#3906 = CARTESIAN_POINT('',(0.816419403042,-0.1));
#3907 = CARTESIAN_POINT('',(0.63192901243,-0.1));
#3908 = CARTESIAN_POINT('',(0.44696322462,-0.1));
#3909 = CARTESIAN_POINT('',(0.196479062155,-0.1));
#3910 = CARTESIAN_POINT('',(0.130958189479,-0.1));
#3911 = CARTESIAN_POINT('',(6.545828750795E-02,-1.E-01));
#3912 = CARTESIAN_POINT('',(0.,-1.E-01));
#3913 = ( GEOMETRIC_REPRESENTATION_CONTEXT(2) 
PARAMETRIC_REPRESENTATION_CONTEXT() REPRESENTATION_CONTEXT('2D SPACE',''
  ) );
#3914 = ORIENTED_EDGE('',*,*,#3915,.F.);
#3915 = EDGE_CURVE('',#3916,#3871,#3918,.T.);
#3916 = VERTEX_POINT('',#3917);
#3917 = CARTESIAN_POINT('',(3.627547770701,1.656050955414,2.861008928571
    ));
#3918 = SURFACE_CURVE('',#3919,(#3928,#3940),.PCURVE_S1.);
#3919 = B_SPLINE_CURVE_WITH_KNOTS('',4,(#3920,#3921,#3922,#3923,#3924,
    #3925,#3926,#3927),.UNSPECIFIED.,.F.,.F.,(5,3,5),(0.,0.323550591068,
    1.),.UNSPECIFIED.);
#3920 = CARTESIAN_POINT('',(3.627547770701,1.656050955414,2.861008928571
    ));
#3921 = CARTESIAN_POINT('',(3.640739404406,1.643992975721,2.861008928571
    ));
#3922 = CARTESIAN_POINT('',(3.652524067708,1.631053264246,2.861008928571
    ));
#3923 = CARTESIAN_POINT('',(3.662886026484,1.61723431204,2.861008928571)
  );
#3924 = CARTESIAN_POINT('',(3.69049767315,1.571834393002,2.861008928571)
  );
#3925 = CARTESIAN_POINT('',(3.702932646461,1.537319196675,2.861008928571
    ));
#3926 = CARTESIAN_POINT('',(3.70907643038,1.499084851389,2.861008928571)
  );
#3927 = CARTESIAN_POINT('',(3.709076433121,1.457324840764,2.861008928571
    ));
#3928 = PCURVE('',#1319,#3929);
#3929 = DEFINITIONAL_REPRESENTATION('',(#3930),#3939);
#3930 = B_SPLINE_CURVE_WITH_KNOTS('',4,(#3931,#3932,#3933,#3934,#3935,
    #3936,#3937,#3938),.UNSPECIFIED.,.F.,.F.,(5,3,5),(0.,0.323550591068,
    1.),.UNSPECIFIED.);
#3931 = CARTESIAN_POINT('',(-8.891991301261,1.656050949839));
#3932 = CARTESIAN_POINT('',(-8.878799667556,1.643992970146));
#3933 = CARTESIAN_POINT('',(-8.867015004255,1.631053258671));
#3934 = CARTESIAN_POINT('',(-8.856653045479,1.617234306466));
#3935 = CARTESIAN_POINT('',(-8.829041398812,1.571834387428));
#3936 = CARTESIAN_POINT('',(-8.816606425501,1.5373191911));
#3937 = CARTESIAN_POINT('',(-8.810462641582,1.499084845814));
#3938 = CARTESIAN_POINT('',(-8.810462638841,1.45732483519));
#3939 = ( GEOMETRIC_REPRESENTATION_CONTEXT(2) 
PARAMETRIC_REPRESENTATION_CONTEXT() REPRESENTATION_CONTEXT('2D SPACE',''
  ) );
#3940 = PCURVE('',#3941,#3948);
#3941 = SURFACE_OF_LINEAR_EXTRUSION('',#3942,#3946);
#3942 = B_SPLINE_CURVE_WITH_KNOTS('',2,(#3943,#3944,#3945),
  .UNSPECIFIED.,.F.,.F.,(3,3),(0.,1.),.PIECEWISE_BEZIER_KNOTS.);
#3943 = CARTESIAN_POINT('',(3.709076433121,1.457324840764,2.761008928571
    ));
#3944 = CARTESIAN_POINT('',(3.709076433121,1.58152866242,2.761008928571)
  );
#3945 = CARTESIAN_POINT('',(3.627547770701,1.656050955414,2.761008928571
    ));
#3946 = VECTOR('',#3947,1.);
#3947 = DIRECTION('',(-0.,-0.,-1.));
#3948 = DEFINITIONAL_REPRESENTATION('',(#3949),#3958);
#3949 = B_SPLINE_CURVE_WITH_KNOTS('',4,(#3950,#3951,#3952,#3953,#3954,
    #3955,#3956,#3957),.UNSPECIFIED.,.F.,.F.,(5,3,5),(0.,0.323550591068,
    1.),.UNSPECIFIED.);
#3950 = CARTESIAN_POINT('',(1.,-0.1));
#3951 = CARTESIAN_POINT('',(0.919098175827,-0.1));
#3952 = CARTESIAN_POINT('',(0.838098290293,-0.1));
#3953 = CARTESIAN_POINT('',(0.75704896924,-0.1));
#3954 = CARTESIAN_POINT('',(0.506550371872,-0.1));
#3955 = CARTESIAN_POINT('',(0.337100037623,-0.1));
#3956 = CARTESIAN_POINT('',(0.168110818725,-1.E-01));
#3957 = CARTESIAN_POINT('',(0.,-1.E-01));
#3958 = ( GEOMETRIC_REPRESENTATION_CONTEXT(2) 
PARAMETRIC_REPRESENTATION_CONTEXT() REPRESENTATION_CONTEXT('2D SPACE',''
  ) );
#3959 = ORIENTED_EDGE('',*,*,#3960,.F.);
#3960 = EDGE_CURVE('',#3961,#3916,#3963,.T.);
#3961 = VERTEX_POINT('',#3962);
#3962 = CARTESIAN_POINT('',(3.403343949045,1.731210191083,2.861008928571
    ));
#3963 = SURFACE_CURVE('',#3964,(#3971,#3981),.PCURVE_S1.);
#3964 = B_SPLINE_CURVE_WITH_KNOTS('',5,(#3965,#3966,#3967,#3968,#3969,
    #3970),.UNSPECIFIED.,.F.,.F.,(6,6),(0.,1.),
  .PIECEWISE_BEZIER_KNOTS.);
#3965 = CARTESIAN_POINT('',(3.403343949045,1.731210191083,2.861008928571
    ));
#3966 = CARTESIAN_POINT('',(3.460051740043,1.730958153522,2.861008928571
    ));
#3967 = CARTESIAN_POINT('',(3.511115404643,1.72347375822,2.861008928571)
  );
#3968 = CARTESIAN_POINT('',(3.556187152748,1.708520722517,2.861008928571
    ));
#3969 = CARTESIAN_POINT('',(3.595027863612,1.686010234615,2.861008928571
    ));
#3970 = CARTESIAN_POINT('',(3.627547770701,1.656050955414,2.861008928571
    ));
#3971 = PCURVE('',#1319,#3972);
#3972 = DEFINITIONAL_REPRESENTATION('',(#3973),#3980);
#3973 = B_SPLINE_CURVE_WITH_KNOTS('',5,(#3974,#3975,#3976,#3977,#3978,
    #3979),.UNSPECIFIED.,.F.,.F.,(6,6),(0.,1.),
  .PIECEWISE_BEZIER_KNOTS.);
#3974 = CARTESIAN_POINT('',(-9.116195122918,1.731210185508));
#3975 = CARTESIAN_POINT('',(-9.059487331919,1.730958147947));
#3976 = CARTESIAN_POINT('',(-9.008423667319,1.723473752645));
#3977 = CARTESIAN_POINT('',(-8.963351919214,1.708520716942));
#3978 = CARTESIAN_POINT('',(-8.92451120835,1.68601022904));
#3979 = CARTESIAN_POINT('',(-8.891991301261,1.656050949839));
#3980 = ( GEOMETRIC_REPRESENTATION_CONTEXT(2) 
PARAMETRIC_REPRESENTATION_CONTEXT() REPRESENTATION_CONTEXT('2D SPACE',''
  ) );
#3981 = PCURVE('',#3982,#3989);
#3982 = SURFACE_OF_LINEAR_EXTRUSION('',#3983,#3987);
#3983 = B_SPLINE_CURVE_WITH_KNOTS('',2,(#3984,#3985,#3986),
  .UNSPECIFIED.,.F.,.F.,(3,3),(0.,1.),.PIECEWISE_BEZIER_KNOTS.);
#3984 = CARTESIAN_POINT('',(3.627547770701,1.656050955414,2.761008928571
    ));
#3985 = CARTESIAN_POINT('',(3.546656050955,1.730573248408,2.761008928571
    ));
#3986 = CARTESIAN_POINT('',(3.403343949045,1.731210191083,2.761008928571
    ));
#3987 = VECTOR('',#3988,1.);
#3988 = DIRECTION('',(-0.,-0.,-1.));
#3989 = DEFINITIONAL_REPRESENTATION('',(#3990),#3997);
#3990 = B_SPLINE_CURVE_WITH_KNOTS('',5,(#3991,#3992,#3993,#3994,#3995,
    #3996),.UNSPECIFIED.,.F.,.F.,(6,6),(0.,1.),
  .PIECEWISE_BEZIER_KNOTS.);
#3991 = CARTESIAN_POINT('',(1.,-0.1));
#3992 = CARTESIAN_POINT('',(0.802152809456,-0.1));
#3993 = CARTESIAN_POINT('',(0.602685986452,-1.E-01));
#3994 = CARTESIAN_POINT('',(0.402114552789,-0.1));
#3995 = CARTESIAN_POINT('',(0.201008859014,-1.E-01));
#3996 = CARTESIAN_POINT('',(0.,-1.E-01));
#3997 = ( GEOMETRIC_REPRESENTATION_CONTEXT(2) 
PARAMETRIC_REPRESENTATION_CONTEXT() REPRESENTATION_CONTEXT('2D SPACE',''
  ) );
#3998 = ORIENTED_EDGE('',*,*,#3999,.F.);
#3999 = EDGE_CURVE('',#4000,#3961,#4002,.T.);
#4000 = VERTEX_POINT('',#4001);
#4001 = CARTESIAN_POINT('',(3.422452229299,1.908280254777,2.861008928571
    ));
#4002 = SURFACE_CURVE('',#4003,(#4007,#4013),.PCURVE_S1.);
#4003 = LINE('',#4004,#4005);
#4004 = CARTESIAN_POINT('',(3.363478264656,1.361788182413,2.861008928571
    ));
#4005 = VECTOR('',#4006,1.);
#4006 = DIRECTION('',(-0.107290757576,-0.99422768687,0.));
#4007 = PCURVE('',#1319,#4008);
#4008 = DEFINITIONAL_REPRESENTATION('',(#4009),#4012);
#4009 = B_SPLINE_CURVE_WITH_KNOTS('',1,(#4010,#4011),.UNSPECIFIED.,.F.,
  .F.,(2,2),(-0.549664910343,-0.371566808638),.PIECEWISE_BEZIER_KNOTS.);
#4010 = CARTESIAN_POINT('',(-9.097086842663,1.908280249202));
#4011 = CARTESIAN_POINT('',(-9.116195122918,1.731210185508));
#4012 = ( GEOMETRIC_REPRESENTATION_CONTEXT(2) 
PARAMETRIC_REPRESENTATION_CONTEXT() REPRESENTATION_CONTEXT('2D SPACE',''
  ) );
#4013 = PCURVE('',#4014,#4019);
#4014 = PLANE('',#4015);
#4015 = AXIS2_PLACEMENT_3D('',#4016,#4017,#4018);
#4016 = CARTESIAN_POINT('',(3.403343949045,1.731210191083,2.761008928571
    ));
#4017 = DIRECTION('',(-0.99422768687,0.107290757576,0.));
#4018 = DIRECTION('',(0.107290757576,0.99422768687,0.));
#4019 = DEFINITIONAL_REPRESENTATION('',(#4020),#4023);
#4020 = B_SPLINE_CURVE_WITH_KNOTS('',1,(#4021,#4022),.UNSPECIFIED.,.F.,
  .F.,(2,2),(-0.549664910343,-0.371566808638),.PIECEWISE_BEZIER_KNOTS.);
#4021 = CARTESIAN_POINT('',(0.178098101705,-0.1));
#4022 = CARTESIAN_POINT('',(0.,-0.1));
#4023 = ( GEOMETRIC_REPRESENTATION_CONTEXT(2) 
PARAMETRIC_REPRESENTATION_CONTEXT() REPRESENTATION_CONTEXT('2D SPACE',''
  ) );
#4024 = ORIENTED_EDGE('',*,*,#4025,.F.);
#4025 = EDGE_CURVE('',#4026,#4000,#4028,.T.);
#4026 = VERTEX_POINT('',#4027);
#4027 = CARTESIAN_POINT('',(3.741560509554,1.771337579618,2.861008928571
    ));
#4028 = SURFACE_CURVE('',#4029,(#4040,#4054),.PCURVE_S1.);
#4029 = B_SPLINE_CURVE_WITH_KNOTS('',5,(#4030,#4031,#4032,#4033,#4034,
    #4035,#4036,#4037,#4038,#4039),.UNSPECIFIED.,.F.,.F.,(6,4,6),(0.,
    4.453749796914E-02,1.),.UNSPECIFIED.);
#4030 = CARTESIAN_POINT('',(3.741560509554,1.771337579618,2.861008928571
    ));
#4031 = CARTESIAN_POINT('',(3.739588629965,1.77346996066,2.861008928571)
  );
#4032 = CARTESIAN_POINT('',(3.737596431054,1.775582171527,2.861008928571
    ));
#4033 = CARTESIAN_POINT('',(3.735583933476,1.777674182728,2.861008928571
    ));
#4034 = CARTESIAN_POINT('',(3.733551160286,1.779745967138,2.861008928571
    ));
#4035 = CARTESIAN_POINT('',(3.687454647537,1.825809014125,2.861008928571
    ));
#4036 = CARTESIAN_POINT('',(3.634085636571,1.86050579902,2.861008928571)
  );
#4037 = CARTESIAN_POINT('',(3.571653351337,1.885616637554,2.861008928571
    ));
#4038 = CARTESIAN_POINT('',(3.500822469734,1.901372235593,2.861008928571
    ));
#4039 = CARTESIAN_POINT('',(3.422452229299,1.908280254777,2.861008928571
    ));
#4040 = PCURVE('',#1319,#4041);
#4041 = DEFINITIONAL_REPRESENTATION('',(#4042),#4053);
#4042 = B_SPLINE_CURVE_WITH_KNOTS('',5,(#4043,#4044,#4045,#4046,#4047,
    #4048,#4049,#4050,#4051,#4052),.UNSPECIFIED.,.F.,.F.,(6,4,6),(0.,
    4.453749796914E-02,1.),.UNSPECIFIED.);
#4043 = CARTESIAN_POINT('',(-8.777978562408,1.771337574043));
#4044 = CARTESIAN_POINT('',(-8.779950441997,1.773469955085));
#4045 = CARTESIAN_POINT('',(-8.781942640908,1.775582165952));
#4046 = CARTESIAN_POINT('',(-8.783955138486,1.777674177154));
#4047 = CARTESIAN_POINT('',(-8.785987911677,1.779745961564));
#4048 = CARTESIAN_POINT('',(-8.832084424425,1.82580900855));
#4049 = CARTESIAN_POINT('',(-8.885453435392,1.860505793445));
#4050 = CARTESIAN_POINT('',(-8.947885720625,1.885616631979));
#4051 = CARTESIAN_POINT('',(-9.018716602228,1.901372230018));
#4052 = CARTESIAN_POINT('',(-9.097086842663,1.908280249202));
#4053 = ( GEOMETRIC_REPRESENTATION_CONTEXT(2) 
PARAMETRIC_REPRESENTATION_CONTEXT() REPRESENTATION_CONTEXT('2D SPACE',''
  ) );
#4054 = PCURVE('',#4055,#4062);
#4055 = SURFACE_OF_LINEAR_EXTRUSION('',#4056,#4060);
#4056 = B_SPLINE_CURVE_WITH_KNOTS('',2,(#4057,#4058,#4059),
  .UNSPECIFIED.,.F.,.F.,(3,3),(0.,1.),.PIECEWISE_BEZIER_KNOTS.);
#4057 = CARTESIAN_POINT('',(3.422452229299,1.908280254777,2.761008928571
    ));
#4058 = CARTESIAN_POINT('',(3.632006369427,1.889808917197,2.761008928571
    ));
#4059 = CARTESIAN_POINT('',(3.741560509554,1.771337579618,2.761008928571
    ));
#4060 = VECTOR('',#4061,1.);
#4061 = DIRECTION('',(-0.,-0.,-1.));
#4062 = DEFINITIONAL_REPRESENTATION('',(#4063),#4074);
#4063 = B_SPLINE_CURVE_WITH_KNOTS('',5,(#4064,#4065,#4066,#4067,#4068,
    #4069,#4070,#4071,#4072,#4073),.UNSPECIFIED.,.F.,.F.,(6,4,6),(0.,
    4.453749796914E-02,1.),.UNSPECIFIED.);
#4064 = CARTESIAN_POINT('',(1.,-0.1));
#4065 = CARTESIAN_POINT('',(0.991000434091,-0.1));
#4066 = CARTESIAN_POINT('',(0.982000541142,-0.1));
#4067 = CARTESIAN_POINT('',(0.973000431108,-0.1));
#4068 = CARTESIAN_POINT('',(0.964000214024,-0.1));
#4069 = CARTESIAN_POINT('',(0.761918497846,-0.1));
#4070 = CARTESIAN_POINT('',(0.568813330943,-1.E-01));
#4071 = CARTESIAN_POINT('',(0.376854246702,-0.1));
#4072 = CARTESIAN_POINT('',(0.186992831846,-1.E-01));
#4073 = CARTESIAN_POINT('',(0.,-1.E-01));
#4074 = ( GEOMETRIC_REPRESENTATION_CONTEXT(2) 
PARAMETRIC_REPRESENTATION_CONTEXT() REPRESENTATION_CONTEXT('2D SPACE',''
  ) );
#4075 = ORIENTED_EDGE('',*,*,#4076,.F.);
#4076 = EDGE_CURVE('',#4077,#4026,#4079,.T.);
#4077 = VERTEX_POINT('',#4078);
#4078 = CARTESIAN_POINT('',(3.851751592357,1.453503184713,2.861008928571
    ));
#4079 = SURFACE_CURVE('',#4080,(#4091,#4105),.PCURVE_S1.);
#4080 = B_SPLINE_CURVE_WITH_KNOTS('',5,(#4081,#4082,#4083,#4084,#4085,
    #4086,#4087,#4088,#4089,#4090),.UNSPECIFIED.,.F.,.F.,(6,4,6),(0.,
    0.864946040615,1.),.UNSPECIFIED.);
#4081 = CARTESIAN_POINT('',(3.851751592357,1.453503184713,2.861008928571
    ));
#4082 = CARTESIAN_POINT('',(3.85175158861,1.521286763083,2.861008928571)
  );
#4083 = CARTESIAN_POINT('',(3.843790270219,1.584034196233,2.861008928571
    ));
#4084 = CARTESIAN_POINT('',(3.82748781278,1.641237179359,2.861008928571)
  );
#4085 = CARTESIAN_POINT('',(3.802671100056,1.692499078448,2.861008928571
    ));
#4086 = CARTESIAN_POINT('',(3.764314128997,1.744662013453,2.861008928571
    ));
#4087 = CARTESIAN_POINT('',(3.758929982993,1.751557128741,2.861008928571
    ));
#4088 = CARTESIAN_POINT('',(3.753342494952,1.758301811956,2.861008928571
    ));
#4089 = CARTESIAN_POINT('',(3.747552376865,1.764895455298,2.861008928571
    ));
#4090 = CARTESIAN_POINT('',(3.741560509554,1.771337579618,2.861008928571
    ));
#4091 = PCURVE('',#1319,#4092);
#4092 = DEFINITIONAL_REPRESENTATION('',(#4093),#4104);
#4093 = B_SPLINE_CURVE_WITH_KNOTS('',5,(#4094,#4095,#4096,#4097,#4098,
    #4099,#4100,#4101,#4102,#4103),.UNSPECIFIED.,.F.,.F.,(6,4,6),(0.,
    0.864946040615,1.),.UNSPECIFIED.);
#4094 = CARTESIAN_POINT('',(-8.667787479605,1.453503179139));
#4095 = CARTESIAN_POINT('',(-8.667787483352,1.521286757508));
#4096 = CARTESIAN_POINT('',(-8.675748801743,1.584034190658));
#4097 = CARTESIAN_POINT('',(-8.692051259182,1.641237173784));
#4098 = CARTESIAN_POINT('',(-8.716867971906,1.692499072873));
#4099 = CARTESIAN_POINT('',(-8.755224942965,1.744662007879));
#4100 = CARTESIAN_POINT('',(-8.760609088969,1.751557123166));
#4101 = CARTESIAN_POINT('',(-8.76619657701,1.758301806381));
#4102 = CARTESIAN_POINT('',(-8.771986695097,1.764895449723));
#4103 = CARTESIAN_POINT('',(-8.777978562408,1.771337574043));
#4104 = ( GEOMETRIC_REPRESENTATION_CONTEXT(2) 
PARAMETRIC_REPRESENTATION_CONTEXT() REPRESENTATION_CONTEXT('2D SPACE',''
  ) );
#4105 = PCURVE('',#4106,#4113);
#4106 = SURFACE_OF_LINEAR_EXTRUSION('',#4107,#4111);
#4107 = B_SPLINE_CURVE_WITH_KNOTS('',2,(#4108,#4109,#4110),
  .UNSPECIFIED.,.F.,.F.,(3,3),(0.,1.),.PIECEWISE_BEZIER_KNOTS.);
#4108 = CARTESIAN_POINT('',(3.741560509554,1.771337579618,2.761008928571
    ));
#4109 = CARTESIAN_POINT('',(3.851751592357,1.652866242038,2.761008928571
    ));
#4110 = CARTESIAN_POINT('',(3.851751592357,1.453503184713,2.761008928571
    ));
#4111 = VECTOR('',#4112,1.);
#4112 = DIRECTION('',(-0.,-0.,-1.));
#4113 = DEFINITIONAL_REPRESENTATION('',(#4114),#4125);
#4114 = B_SPLINE_CURVE_WITH_KNOTS('',5,(#4115,#4116,#4117,#4118,#4119,
    #4120,#4121,#4122,#4123,#4124),.UNSPECIFIED.,.F.,.F.,(6,4,6),(0.,
    0.864946040615,1.),.UNSPECIFIED.);
#4115 = CARTESIAN_POINT('',(1.,-0.1));
#4116 = CARTESIAN_POINT('',(0.829999644794,-0.1));
#4117 = CARTESIAN_POINT('',(0.65797211343,-0.1));
#4118 = CARTESIAN_POINT('',(0.484492924197,-0.1));
#4119 = CARTESIAN_POINT('',(0.310238101747,-0.1));
#4120 = CARTESIAN_POINT('',(0.108794204018,-0.1));
#4121 = CARTESIAN_POINT('',(8.158846489942E-02,-0.1));
#4122 = CARTESIAN_POINT('',(5.438562968047E-02,-0.1));
#4123 = CARTESIAN_POINT('',(2.718853357976E-02,-1.E-01));
#4124 = CARTESIAN_POINT('',(0.,-1.E-01));
#4125 = ( GEOMETRIC_REPRESENTATION_CONTEXT(2) 
PARAMETRIC_REPRESENTATION_CONTEXT() REPRESENTATION_CONTEXT('2D SPACE',''
  ) );
#4126 = ORIENTED_EDGE('',*,*,#4127,.F.);
#4127 = EDGE_CURVE('',#4128,#4077,#4130,.T.);
#4128 = VERTEX_POINT('',#4129);
#4129 = CARTESIAN_POINT('',(3.738375796178,1.134394904459,2.861008928571
    ));
#4130 = SURFACE_CURVE('',#4131,(#4142,#4156),.PCURVE_S1.);
#4131 = B_SPLINE_CURVE_WITH_KNOTS('',5,(#4132,#4133,#4134,#4135,#4136,
    #4137,#4138,#4139,#4140,#4141),.UNSPECIFIED.,.F.,.F.,(6,4,6),(0.,
    0.145944307499,1.),.UNSPECIFIED.);
#4132 = CARTESIAN_POINT('',(3.738375796178,1.134394904459,2.861008928571
    ));
#4133 = CARTESIAN_POINT('',(3.745038846575,1.141282553246,2.861008928571
    ));
#4134 = CARTESIAN_POINT('',(3.751459747612,1.148355745664,2.861008928571
    ));
#4135 = CARTESIAN_POINT('',(3.757637251704,1.155613874298,2.861008928571
    ));
#4136 = CARTESIAN_POINT('',(3.763570364059,1.163056134973,2.861008928571
    ));
#4137 = CARTESIAN_POINT('',(3.802543988405,1.215304776314,2.861008928571
    ));
#4138 = CARTESIAN_POINT('',(3.827437985665,1.266203324286,2.861008928571
    ));
#4139 = CARTESIAN_POINT('',(3.843779276136,1.323166764232,2.861008928571
    ));
#4140 = CARTESIAN_POINT('',(3.851751588554,1.38577772025,2.861008928571)
  );
#4141 = CARTESIAN_POINT('',(3.851751592357,1.453503184713,2.861008928571
    ));
#4142 = PCURVE('',#1319,#4143);
#4143 = DEFINITIONAL_REPRESENTATION('',(#4144),#4155);
#4144 = B_SPLINE_CURVE_WITH_KNOTS('',5,(#4145,#4146,#4147,#4148,#4149,
    #4150,#4151,#4152,#4153,#4154),.UNSPECIFIED.,.F.,.F.,(6,4,6),(0.,
    0.145944307499,1.),.UNSPECIFIED.);
#4145 = CARTESIAN_POINT('',(-8.781163275784,1.134394898884));
#4146 = CARTESIAN_POINT('',(-8.774500225387,1.141282547672));
#4147 = CARTESIAN_POINT('',(-8.76807932435,1.148355740089));
#4148 = CARTESIAN_POINT('',(-8.761901820258,1.155613868723));
#4149 = CARTESIAN_POINT('',(-8.755968707903,1.163056129399));
#4150 = CARTESIAN_POINT('',(-8.716995083557,1.215304770739));
#4151 = CARTESIAN_POINT('',(-8.692101086297,1.266203318711));
#4152 = CARTESIAN_POINT('',(-8.675759795826,1.323166758657));
#4153 = CARTESIAN_POINT('',(-8.667787483408,1.385777714675));
#4154 = CARTESIAN_POINT('',(-8.667787479605,1.453503179139));
#4155 = ( GEOMETRIC_REPRESENTATION_CONTEXT(2) 
PARAMETRIC_REPRESENTATION_CONTEXT() REPRESENTATION_CONTEXT('2D SPACE',''
  ) );
#4156 = PCURVE('',#4157,#4164);
#4157 = SURFACE_OF_LINEAR_EXTRUSION('',#4158,#4162);
#4158 = B_SPLINE_CURVE_WITH_KNOTS('',2,(#4159,#4160,#4161),
  .UNSPECIFIED.,.F.,.F.,(3,3),(0.,1.),.PIECEWISE_BEZIER_KNOTS.);
#4159 = CARTESIAN_POINT('',(3.851751592357,1.453503184713,2.761008928571
    ));
#4160 = CARTESIAN_POINT('',(3.851751592357,1.251592356688,2.761008928571
    ));
#4161 = CARTESIAN_POINT('',(3.738375796178,1.134394904459,2.761008928571
    ));
#4162 = VECTOR('',#4163,1.);
#4163 = DIRECTION('',(-0.,-0.,-1.));
#4164 = DEFINITIONAL_REPRESENTATION('',(#4165),#4176);
#4165 = B_SPLINE_CURVE_WITH_KNOTS('',5,(#4166,#4167,#4168,#4169,#4170,
    #4171,#4172,#4173,#4174,#4175),.UNSPECIFIED.,.F.,.F.,(6,4,6),(0.,
    0.145944307499,1.),.UNSPECIFIED.);
#4166 = CARTESIAN_POINT('',(1.,-0.1));
#4167 = CARTESIAN_POINT('',(0.970615196155,-0.1));
#4168 = CARTESIAN_POINT('',(0.94121897191,-0.1));
#4169 = CARTESIAN_POINT('',(0.911815139833,-0.1));
#4170 = CARTESIAN_POINT('',(0.882407531999,-0.1));
#4171 = CARTESIAN_POINT('',(0.680909217315,-0.1));
#4172 = CARTESIAN_POINT('',(0.50880572084,-1.E-01));
#4173 = CARTESIAN_POINT('',(0.337508554724,-0.1));
#4174 = CARTESIAN_POINT('',(0.167711330707,-1.E-01));
#4175 = CARTESIAN_POINT('',(0.,-1.E-01));
#4176 = ( GEOMETRIC_REPRESENTATION_CONTEXT(2) 
PARAMETRIC_REPRESENTATION_CONTEXT() REPRESENTATION_CONTEXT('2D SPACE',''
  ) );
#4177 = ORIENTED_EDGE('',*,*,#4178,.F.);
#4178 = EDGE_CURVE('',#4179,#4128,#4181,.T.);
#4179 = VERTEX_POINT('',#4180);
#4180 = CARTESIAN_POINT('',(3.456847133758,1.016560509554,2.861008928571
    ));
#4181 = SURFACE_CURVE('',#4182,(#4193,#4207),.PCURVE_S1.);
#4182 = B_SPLINE_CURVE_WITH_KNOTS('',5,(#4183,#4184,#4185,#4186,#4187,
    #4188,#4189,#4190,#4191,#4192),.UNSPECIFIED.,.F.,.F.,(6,4,6),(0.,
    0.54622895973,1.),.UNSPECIFIED.);
#4183 = CARTESIAN_POINT('',(3.456847133758,1.016560509554,2.861008928571
    ));
#4184 = CARTESIAN_POINT('',(3.493349666314,1.016560512112,2.861008928571
    ));
#4185 = CARTESIAN_POINT('',(3.528403318557,1.020030981033,2.861008928571
    ));
#4186 = CARTESIAN_POINT('',(3.561927207666,1.027034496005,2.861008928571
    ));
#4187 = CARTESIAN_POINT('',(3.593855416613,1.037594634316,2.861008928571
    ));
#4188 = CARTESIAN_POINT('',(3.649298698267,1.063397355791,2.861008928571
    ));
#4189 = CARTESIAN_POINT('',(3.673323412447,1.077545112903,2.861008928571
    ));
#4190 = CARTESIAN_POINT('',(3.69618722696,1.094118976218,2.861008928571)
  );
#4191 = CARTESIAN_POINT('',(3.717873457995,1.113086297709,2.861008928571
    ));
#4192 = CARTESIAN_POINT('',(3.738375796178,1.134394904459,2.861008928571
    ));
#4193 = PCURVE('',#1319,#4194);
#4194 = DEFINITIONAL_REPRESENTATION('',(#4195),#4206);
#4195 = B_SPLINE_CURVE_WITH_KNOTS('',5,(#4196,#4197,#4198,#4199,#4200,
    #4201,#4202,#4203,#4204,#4205),.UNSPECIFIED.,.F.,.F.,(6,4,6),(0.,
    0.54622895973,1.),.UNSPECIFIED.);
#4196 = CARTESIAN_POINT('',(-9.062691938204,1.016560503979));
#4197 = CARTESIAN_POINT('',(-9.026189405649,1.016560506537));
#4198 = CARTESIAN_POINT('',(-8.991135753405,1.020030975458));
#4199 = CARTESIAN_POINT('',(-8.957611864296,1.02703449043));
#4200 = CARTESIAN_POINT('',(-8.925683655349,1.037594628741));
#4201 = CARTESIAN_POINT('',(-8.870240373695,1.063397350216));
#4202 = CARTESIAN_POINT('',(-8.846215659515,1.077545107328));
#4203 = CARTESIAN_POINT('',(-8.823351845002,1.094118970644));
#4204 = CARTESIAN_POINT('',(-8.801665613967,1.113086292134));
#4205 = CARTESIAN_POINT('',(-8.781163275784,1.134394898884));
#4206 = ( GEOMETRIC_REPRESENTATION_CONTEXT(2) 
PARAMETRIC_REPRESENTATION_CONTEXT() REPRESENTATION_CONTEXT('2D SPACE',''
  ) );
#4207 = PCURVE('',#4208,#4215);
#4208 = SURFACE_OF_LINEAR_EXTRUSION('',#4209,#4213);
#4209 = B_SPLINE_CURVE_WITH_KNOTS('',2,(#4210,#4211,#4212),
  .UNSPECIFIED.,.F.,.F.,(3,3),(0.,1.),.PIECEWISE_BEZIER_KNOTS.);
#4210 = CARTESIAN_POINT('',(3.738375796178,1.134394904459,2.761008928571
    ));
#4211 = CARTESIAN_POINT('',(3.625,1.016560509554,2.761008928571));
#4212 = CARTESIAN_POINT('',(3.456847133758,1.016560509554,2.761008928571
    ));
#4213 = VECTOR('',#4214,1.);
#4214 = DIRECTION('',(-0.,-0.,-1.));
#4215 = DEFINITIONAL_REPRESENTATION('',(#4216),#4227);
#4216 = B_SPLINE_CURVE_WITH_KNOTS('',5,(#4217,#4218,#4219,#4220,#4221,
    #4222,#4223,#4224,#4225,#4226),.UNSPECIFIED.,.F.,.F.,(6,4,6),(0.,
    0.54622895973,1.),.UNSPECIFIED.);
#4217 = CARTESIAN_POINT('',(1.,-0.1));
#4218 = CARTESIAN_POINT('',(0.891460268979,-0.1));
#4219 = CARTESIAN_POINT('',(0.782431644821,-0.1));
#4220 = CARTESIAN_POINT('',(0.673068129432,-0.1));
#4221 = CARTESIAN_POINT('',(0.563533135947,-0.1));
#4222 = CARTESIAN_POINT('',(0.363007085477,-0.1));
#4223 = CARTESIAN_POINT('',(0.272013961001,-0.1));
#4224 = CARTESIAN_POINT('',(0.181119223591,-0.1));
#4225 = CARTESIAN_POINT('',(9.041761065502E-02,-1.E-01));
#4226 = CARTESIAN_POINT('',(0.,-1.E-01));
#4227 = ( GEOMETRIC_REPRESENTATION_CONTEXT(2) 
PARAMETRIC_REPRESENTATION_CONTEXT() REPRESENTATION_CONTEXT('2D SPACE',''
  ) );
#4228 = ORIENTED_EDGE('',*,*,#4229,.F.);
#4229 = EDGE_CURVE('',#4230,#4179,#4232,.T.);
#4230 = VERTEX_POINT('',#4231);
#4231 = CARTESIAN_POINT('',(3.288694267516,1.050955414013,2.861008928571
    ));
#4232 = SURFACE_CURVE('',#4233,(#4242,#4254),.PCURVE_S1.);
#4233 = B_SPLINE_CURVE_WITH_KNOTS('',4,(#4234,#4235,#4236,#4237,#4238,
    #4239,#4240,#4241),.UNSPECIFIED.,.F.,.F.,(5,3,5),(0.,0.81707303821,
    1.),.UNSPECIFIED.);
#4234 = CARTESIAN_POINT('',(3.288694267516,1.050955414013,2.861008928571
    ));
#4235 = CARTESIAN_POINT('',(3.322484379286,1.036919522878,2.861008928571
    ));
#4236 = CARTESIAN_POINT('',(3.356591990118,1.026687741144,2.861008928571
    ));
#4237 = CARTESIAN_POINT('',(3.391001255659,1.020284891546,2.861008928571
    ));
#4238 = CARTESIAN_POINT('',(3.43346133231,1.017136420215,2.861008928571)
  );
#4239 = CARTESIAN_POINT('',(3.441242646649,1.016752464665,2.861008928571
    ));
#4240 = CARTESIAN_POINT('',(3.44903798208,1.016560509869,2.861008928571)
  );
#4241 = CARTESIAN_POINT('',(3.456847133758,1.016560509554,2.861008928571
    ));
#4242 = PCURVE('',#1319,#4243);
#4243 = DEFINITIONAL_REPRESENTATION('',(#4244),#4253);
#4244 = B_SPLINE_CURVE_WITH_KNOTS('',4,(#4245,#4246,#4247,#4248,#4249,
    #4250,#4251,#4252),.UNSPECIFIED.,.F.,.F.,(5,3,5),(0.,0.81707303821,
    1.),.UNSPECIFIED.);
#4245 = CARTESIAN_POINT('',(-9.230844804446,1.050955408438));
#4246 = CARTESIAN_POINT('',(-9.197054692676,1.036919517303));
#4247 = CARTESIAN_POINT('',(-9.162947081844,1.026687735569));
#4248 = CARTESIAN_POINT('',(-9.128537816303,1.020284885972));
#4249 = CARTESIAN_POINT('',(-9.086077739653,1.01713641464));
#4250 = CARTESIAN_POINT('',(-9.078296425314,1.01675245909));
#4251 = CARTESIAN_POINT('',(-9.070501089882,1.016560504294));
#4252 = CARTESIAN_POINT('',(-9.062691938204,1.016560503979));
#4253 = ( GEOMETRIC_REPRESENTATION_CONTEXT(2) 
PARAMETRIC_REPRESENTATION_CONTEXT() REPRESENTATION_CONTEXT('2D SPACE',''
  ) );
#4254 = PCURVE('',#4255,#4262);
#4255 = SURFACE_OF_LINEAR_EXTRUSION('',#4256,#4260);
#4256 = B_SPLINE_CURVE_WITH_KNOTS('',2,(#4257,#4258,#4259),
  .UNSPECIFIED.,.F.,.F.,(3,3),(0.,1.),.PIECEWISE_BEZIER_KNOTS.);
#4257 = CARTESIAN_POINT('',(3.456847133758,1.016560509554,2.761008928571
    ));
#4258 = CARTESIAN_POINT('',(3.371496815287,1.016560509554,2.761008928571
    ));
#4259 = CARTESIAN_POINT('',(3.288694267516,1.050955414013,2.761008928571
    ));
#4260 = VECTOR('',#4261,1.);
#4261 = DIRECTION('',(-0.,-0.,-1.));
#4262 = DEFINITIONAL_REPRESENTATION('',(#4263),#4272);
#4263 = B_SPLINE_CURVE_WITH_KNOTS('',4,(#4264,#4265,#4266,#4267,#4268,
    #4269,#4270,#4271),.UNSPECIFIED.,.F.,.F.,(5,3,5),(0.,0.81707303821,
    1.),.UNSPECIFIED.);
#4264 = CARTESIAN_POINT('',(1.,-0.1));
#4265 = CARTESIAN_POINT('',(0.795959710323,-0.1));
#4266 = CARTESIAN_POINT('',(0.591710205374,-0.1));
#4267 = CARTESIAN_POINT('',(0.387355076295,-0.1));
#4268 = CARTESIAN_POINT('',(0.137248822951,-0.1));
#4269 = CARTESIAN_POINT('',(9.14976433962E-02,-0.1));
#4270 = CARTESIAN_POINT('',(4.574764242628E-02,-1.E-01));
#4271 = CARTESIAN_POINT('',(0.,-1.E-01));
#4272 = ( GEOMETRIC_REPRESENTATION_CONTEXT(2) 
PARAMETRIC_REPRESENTATION_CONTEXT() REPRESENTATION_CONTEXT('2D SPACE',''
  ) );
#4273 = ORIENTED_EDGE('',*,*,#4274,.F.);
#4274 = EDGE_CURVE('',#4275,#4230,#4277,.T.);
#4275 = VERTEX_POINT('',#4276);
#4276 = CARTESIAN_POINT('',(3.115445859873,1.165605095541,2.861008928571
    ));
#4277 = SURFACE_CURVE('',#4278,(#4284,#4293),.PCURVE_S1.);
#4278 = B_SPLINE_CURVE_WITH_KNOTS('',4,(#4279,#4280,#4281,#4282,#4283),
  .UNSPECIFIED.,.F.,.F.,(5,5),(0.,1.),.PIECEWISE_BEZIER_KNOTS.);
#4279 = CARTESIAN_POINT('',(3.115445859873,1.165605095541,2.861008928571
    ));
#4280 = CARTESIAN_POINT('',(3.160661899477,1.125764391203,2.861008928571
    ));
#4281 = CARTESIAN_POINT('',(3.204667102372,1.093233770878,2.861008928571
    ));
#4282 = CARTESIAN_POINT('',(3.247370574551,1.06825370621,2.861008928571)
  );
#4283 = CARTESIAN_POINT('',(3.288694267516,1.050955414013,2.861008928571
    ));
#4284 = PCURVE('',#1319,#4285);
#4285 = DEFINITIONAL_REPRESENTATION('',(#4286),#4292);
#4286 = B_SPLINE_CURVE_WITH_KNOTS('',4,(#4287,#4288,#4289,#4290,#4291),
  .UNSPECIFIED.,.F.,.F.,(5,5),(0.,1.),.PIECEWISE_BEZIER_KNOTS.);
#4287 = CARTESIAN_POINT('',(-9.40409321209,1.165605089967));
#4288 = CARTESIAN_POINT('',(-9.358877172485,1.125764385628));
#4289 = CARTESIAN_POINT('',(-9.31487196959,1.093233765303));
#4290 = CARTESIAN_POINT('',(-9.272168497411,1.068253700635));
#4291 = CARTESIAN_POINT('',(-9.230844804446,1.050955408438));
#4292 = ( GEOMETRIC_REPRESENTATION_CONTEXT(2) 
PARAMETRIC_REPRESENTATION_CONTEXT() REPRESENTATION_CONTEXT('2D SPACE',''
  ) );
#4293 = PCURVE('',#4294,#4301);
#4294 = SURFACE_OF_LINEAR_EXTRUSION('',#4295,#4299);
#4295 = B_SPLINE_CURVE_WITH_KNOTS('',2,(#4296,#4297,#4298),
  .UNSPECIFIED.,.F.,.F.,(3,3),(0.,1.),.PIECEWISE_BEZIER_KNOTS.);
#4296 = CARTESIAN_POINT('',(3.288694267516,1.050955414013,2.761008928571
    ));
#4297 = CARTESIAN_POINT('',(3.20652866242,1.085350318471,2.761008928571)
  );
#4298 = CARTESIAN_POINT('',(3.115445859873,1.165605095541,2.761008928571
    ));
#4299 = VECTOR('',#4300,1.);
#4300 = DIRECTION('',(-0.,-0.,-1.));
#4301 = DEFINITIONAL_REPRESENTATION('',(#4302),#4308);
#4302 = B_SPLINE_CURVE_WITH_KNOTS('',4,(#4303,#4304,#4305,#4306,#4307),
  .UNSPECIFIED.,.F.,.F.,(5,5),(0.,1.),.PIECEWISE_BEZIER_KNOTS.);
#4303 = CARTESIAN_POINT('',(1.,-0.1));
#4304 = CARTESIAN_POINT('',(0.751786073868,-0.1));
#4305 = CARTESIAN_POINT('',(0.502177242381,-0.1));
#4306 = CARTESIAN_POINT('',(0.251465880819,-1.E-01));
#4307 = CARTESIAN_POINT('',(0.,-1.E-01));
#4308 = ( GEOMETRIC_REPRESENTATION_CONTEXT(2) 
PARAMETRIC_REPRESENTATION_CONTEXT() REPRESENTATION_CONTEXT('2D SPACE',''
  ) );
#4309 = ORIENTED_EDGE('',*,*,#4310,.F.);
#4310 = EDGE_CURVE('',#4311,#4275,#4313,.T.);
#4311 = VERTEX_POINT('',#4312);
#4312 = CARTESIAN_POINT('',(2.865127388535,1.430573248408,2.861008928571
    ));
#4313 = SURFACE_CURVE('',#4314,(#4322,#4333),.PCURVE_S1.);
#4314 = B_SPLINE_CURVE_WITH_KNOTS('',6,(#4315,#4316,#4317,#4318,#4319,
    #4320,#4321),.UNSPECIFIED.,.F.,.F.,(7,7),(0.,1.),
  .PIECEWISE_BEZIER_KNOTS.);
#4315 = CARTESIAN_POINT('',(2.865127388535,1.430573248408,2.861008928571
    ));
#4316 = CARTESIAN_POINT('',(2.915988858086,1.371370498694,2.861008928571
    ));
#4317 = CARTESIAN_POINT('',(2.96363838157,1.317522641865,2.861008928571)
  );
#4318 = CARTESIAN_POINT('',(3.007750248658,1.269523237433,2.861008928571
    ));
#4319 = CARTESIAN_POINT('',(3.047976419811,1.22788882088,2.861008928571)
  );
#4320 = CARTESIAN_POINT('',(3.083972073329,1.193117148311,2.861008928571
    ));
#4321 = CARTESIAN_POINT('',(3.115445859873,1.165605095541,2.861008928571
    ));
#4322 = PCURVE('',#1319,#4323);
#4323 = DEFINITIONAL_REPRESENTATION('',(#4324),#4332);
#4324 = B_SPLINE_CURVE_WITH_KNOTS('',6,(#4325,#4326,#4327,#4328,#4329,
    #4330,#4331),.UNSPECIFIED.,.F.,.F.,(7,7),(0.,1.),
  .PIECEWISE_BEZIER_KNOTS.);
#4325 = CARTESIAN_POINT('',(-9.654411683427,1.430573242833));
#4326 = CARTESIAN_POINT('',(-9.603550213876,1.371370493119));
#4327 = CARTESIAN_POINT('',(-9.555900690392,1.31752263629));
#4328 = CARTESIAN_POINT('',(-9.511788823304,1.269523231858));
#4329 = CARTESIAN_POINT('',(-9.471562652151,1.227888815305));
#4330 = CARTESIAN_POINT('',(-9.435566998633,1.193117142736));
#4331 = CARTESIAN_POINT('',(-9.40409321209,1.165605089967));
#4332 = ( GEOMETRIC_REPRESENTATION_CONTEXT(2) 
PARAMETRIC_REPRESENTATION_CONTEXT() REPRESENTATION_CONTEXT('2D SPACE',''
  ) );
#4333 = PCURVE('',#4334,#4341);
#4334 = SURFACE_OF_LINEAR_EXTRUSION('',#4335,#4339);
#4335 = B_SPLINE_CURVE_WITH_KNOTS('',2,(#4336,#4337,#4338),
  .UNSPECIFIED.,.F.,.F.,(3,3),(0.,1.),.PIECEWISE_BEZIER_KNOTS.);
#4336 = CARTESIAN_POINT('',(3.115445859873,1.165605095541,2.761008928571
    ));
#4337 = CARTESIAN_POINT('',(3.024363057325,1.245222929936,2.761008928571
    ));
#4338 = CARTESIAN_POINT('',(2.865127388535,1.430573248408,2.761008928571
    ));
#4339 = VECTOR('',#4340,1.);
#4340 = DIRECTION('',(-0.,-0.,-1.));
#4341 = DEFINITIONAL_REPRESENTATION('',(#4342),#4350);
#4342 = B_SPLINE_CURVE_WITH_KNOTS('',6,(#4343,#4344,#4345,#4346,#4347,
    #4348,#4349),.UNSPECIFIED.,.F.,.F.,(7,7),(0.,1.),
  .PIECEWISE_BEZIER_KNOTS.);
#4343 = CARTESIAN_POINT('',(1.,-0.1));
#4344 = CARTESIAN_POINT('',(0.840294978775,-0.1));
#4345 = CARTESIAN_POINT('',(0.677575817246,-0.1));
#4346 = CARTESIAN_POINT('',(0.511937737068,-1.E-01));
#4347 = CARTESIAN_POINT('',(0.343570512843,-0.1));
#4348 = CARTESIAN_POINT('',(0.172775668446,-1.E-01));
#4349 = CARTESIAN_POINT('',(0.,-1.E-01));
#4350 = ( GEOMETRIC_REPRESENTATION_CONTEXT(2) 
PARAMETRIC_REPRESENTATION_CONTEXT() REPRESENTATION_CONTEXT('2D SPACE',''
  ) );
#4351 = ORIENTED_EDGE('',*,*,#4352,.F.);
#4352 = EDGE_CURVE('',#4353,#4311,#4355,.T.);
#4353 = VERTEX_POINT('',#4354);
#4354 = CARTESIAN_POINT('',(2.683598726115,1.629299363057,2.861008928571
    ));
#4355 = SURFACE_CURVE('',#4356,(#4364,#4375),.PCURVE_S1.);
#4356 = B_SPLINE_CURVE_WITH_KNOTS('',6,(#4357,#4358,#4359,#4360,#4361,
    #4362,#4363),.UNSPECIFIED.,.F.,.F.,(7,7),(0.,1.),
  .PIECEWISE_BEZIER_KNOTS.);
#4357 = CARTESIAN_POINT('',(2.683598726115,1.629299363057,2.861008928571
    ));
#4358 = CARTESIAN_POINT('',(2.699998289254,1.61421176388,2.861008928571)
  );
#4359 = CARTESIAN_POINT('',(2.722359622763,1.591396378365,2.861008928571
    ));
#4360 = CARTESIAN_POINT('',(2.750452021925,1.561126230897,2.861008928571
    ));
#4361 = CARTESIAN_POINT('',(2.78390094174,1.523866147056,2.861008928571)
  );
#4362 = CARTESIAN_POINT('',(2.822273106877,1.480161773964,2.861008928571
    ));
#4363 = CARTESIAN_POINT('',(2.865127388535,1.430573248408,2.861008928571
    ));
#4364 = PCURVE('',#1319,#4365);
#4365 = DEFINITIONAL_REPRESENTATION('',(#4366),#4374);
#4366 = B_SPLINE_CURVE_WITH_KNOTS('',6,(#4367,#4368,#4369,#4370,#4371,
    #4372,#4373),.UNSPECIFIED.,.F.,.F.,(7,7),(0.,1.),
  .PIECEWISE_BEZIER_KNOTS.);
#4367 = CARTESIAN_POINT('',(-9.835940345847,1.629299357483));
#4368 = CARTESIAN_POINT('',(-9.819540782708,1.614211758305));
#4369 = CARTESIAN_POINT('',(-9.7971794492,1.591396372791));
#4370 = CARTESIAN_POINT('',(-9.769087050037,1.561126225322));
#4371 = CARTESIAN_POINT('',(-9.735638130223,1.523866141481));
#4372 = CARTESIAN_POINT('',(-9.697265965086,1.480161768389));
#4373 = CARTESIAN_POINT('',(-9.654411683427,1.430573242833));
#4374 = ( GEOMETRIC_REPRESENTATION_CONTEXT(2) 
PARAMETRIC_REPRESENTATION_CONTEXT() REPRESENTATION_CONTEXT('2D SPACE',''
  ) );
#4375 = PCURVE('',#4376,#4383);
#4376 = SURFACE_OF_LINEAR_EXTRUSION('',#4377,#4381);
#4377 = B_SPLINE_CURVE_WITH_KNOTS('',2,(#4378,#4379,#4380),
  .UNSPECIFIED.,.F.,.F.,(3,3),(0.,1.),.PIECEWISE_BEZIER_KNOTS.);
#4378 = CARTESIAN_POINT('',(2.865127388535,1.430573248408,2.761008928571
    ));
#4379 = CARTESIAN_POINT('',(2.731369426752,1.585350318471,2.761008928571
    ));
#4380 = CARTESIAN_POINT('',(2.683598726115,1.629299363057,2.761008928571
    ));
#4381 = VECTOR('',#4382,1.);
#4382 = DIRECTION('',(-0.,-0.,-1.));
#4383 = DEFINITIONAL_REPRESENTATION('',(#4384),#4392);
#4384 = B_SPLINE_CURVE_WITH_KNOTS('',6,(#4385,#4386,#4387,#4388,#4389,
    #4390,#4391),.UNSPECIFIED.,.F.,.F.,(7,7),(0.,1.),
  .PIECEWISE_BEZIER_KNOTS.);
#4385 = CARTESIAN_POINT('',(1.,-0.1));
#4386 = CARTESIAN_POINT('',(0.828351270034,-0.1));
#4387 = CARTESIAN_POINT('',(0.657943220773,-0.1));
#4388 = CARTESIAN_POINT('',(0.489466132787,-1.E-01));
#4389 = CARTESIAN_POINT('',(0.32342849627,-0.1));
#4390 = CARTESIAN_POINT('',(0.160193396498,-1.E-01));
#4391 = CARTESIAN_POINT('',(0.,-1.E-01));
#4392 = ( GEOMETRIC_REPRESENTATION_CONTEXT(2) 
PARAMETRIC_REPRESENTATION_CONTEXT() REPRESENTATION_CONTEXT('2D SPACE',''
  ) );
#4393 = ORIENTED_EDGE('',*,*,#4394,.F.);
#4394 = EDGE_CURVE('',#4395,#4353,#4397,.T.);
#4395 = VERTEX_POINT('',#4396);
#4396 = CARTESIAN_POINT('',(2.588057324841,1.701910828025,2.861008928571
    ));
#4397 = SURFACE_CURVE('',#4398,(#4404,#4413),.PCURVE_S1.);
#4398 = B_SPLINE_CURVE_WITH_KNOTS('',4,(#4399,#4400,#4401,#4402,#4403),
  .UNSPECIFIED.,.F.,.F.,(5,5),(0.,1.),.PIECEWISE_BEZIER_KNOTS.);
#4399 = CARTESIAN_POINT('',(2.588057324841,1.701910828025,2.861008928571
    ));
#4400 = CARTESIAN_POINT('',(2.612282878979,1.687566749114,2.861008928571
    ));
#4401 = CARTESIAN_POINT('',(2.63628371898,1.670677438341,2.861008928571)
  );
#4402 = CARTESIAN_POINT('',(2.660056592202,1.651250811423,2.861008928571
    ));
#4403 = CARTESIAN_POINT('',(2.683598726115,1.629299363057,2.861008928571
    ));
#4404 = PCURVE('',#1319,#4405);
#4405 = DEFINITIONAL_REPRESENTATION('',(#4406),#4412);
#4406 = B_SPLINE_CURVE_WITH_KNOTS('',4,(#4407,#4408,#4409,#4410,#4411),
  .UNSPECIFIED.,.F.,.F.,(5,5),(0.,1.),.PIECEWISE_BEZIER_KNOTS.);
#4407 = CARTESIAN_POINT('',(-9.931481747121,1.701910822451));
#4408 = CARTESIAN_POINT('',(-9.907256192983,1.68756674354));
#4409 = CARTESIAN_POINT('',(-9.883255352982,1.670677432766));
#4410 = CARTESIAN_POINT('',(-9.85948247976,1.651250805849));
#4411 = CARTESIAN_POINT('',(-9.835940345847,1.629299357483));
#4412 = ( GEOMETRIC_REPRESENTATION_CONTEXT(2) 
PARAMETRIC_REPRESENTATION_CONTEXT() REPRESENTATION_CONTEXT('2D SPACE',''
  ) );
#4413 = PCURVE('',#4414,#4421);
#4414 = SURFACE_OF_LINEAR_EXTRUSION('',#4415,#4419);
#4415 = B_SPLINE_CURVE_WITH_KNOTS('',2,(#4416,#4417,#4418),
  .UNSPECIFIED.,.F.,.F.,(3,3),(0.,1.),.PIECEWISE_BEZIER_KNOTS.);
#4416 = CARTESIAN_POINT('',(2.683598726115,1.629299363057,2.761008928571
    ));
#4417 = CARTESIAN_POINT('',(2.636464968153,1.673248407643,2.761008928571
    ));
#4418 = CARTESIAN_POINT('',(2.588057324841,1.701910828025,2.761008928571
    ));
#4419 = VECTOR('',#4420,1.);
#4420 = DIRECTION('',(-0.,-0.,-1.));
#4421 = DEFINITIONAL_REPRESENTATION('',(#4422),#4428);
#4422 = B_SPLINE_CURVE_WITH_KNOTS('',4,(#4423,#4424,#4425,#4426,#4427),
  .UNSPECIFIED.,.F.,.F.,(5,5),(0.,1.),.PIECEWISE_BEZIER_KNOTS.);
#4423 = CARTESIAN_POINT('',(1.,-0.1));
#4424 = CARTESIAN_POINT('',(0.749775525673,-0.1));
#4425 = CARTESIAN_POINT('',(0.499675189451,-0.1));
#4426 = CARTESIAN_POINT('',(0.249737500967,-1.E-01));
#4427 = CARTESIAN_POINT('',(0.,-1.E-01));
#4428 = ( GEOMETRIC_REPRESENTATION_CONTEXT(2) 
PARAMETRIC_REPRESENTATION_CONTEXT() REPRESENTATION_CONTEXT('2D SPACE',''
  ) );
#4429 = ORIENTED_EDGE('',*,*,#4430,.F.);
#4430 = EDGE_CURVE('',#3573,#4395,#4431,.T.);
#4431 = SURFACE_CURVE('',#4432,(#4436,#4442),.PCURVE_S1.);
#4432 = LINE('',#4433,#4434);
#4433 = CARTESIAN_POINT('',(2.588057324841,0.8509554168,2.861008928571)
  );
#4434 = VECTOR('',#4435,1.);
#4435 = DIRECTION('',(-2.22044604925E-16,1.,0.));
#4436 = PCURVE('',#1319,#4437);
#4437 = DEFINITIONAL_REPRESENTATION('',(#4438),#4441);
#4438 = B_SPLINE_CURVE_WITH_KNOTS('',1,(#4439,#4440),.UNSPECIFIED.,.F.,
  .F.,(2,2),(0.163694264729,0.850955411225),.PIECEWISE_BEZIER_KNOTS.);
#4439 = CARTESIAN_POINT('',(-9.931481747121,1.014649675954));
#4440 = CARTESIAN_POINT('',(-9.931481747121,1.701910822451));
#4441 = ( GEOMETRIC_REPRESENTATION_CONTEXT(2) 
PARAMETRIC_REPRESENTATION_CONTEXT() REPRESENTATION_CONTEXT('2D SPACE',''
  ) );
#4442 = PCURVE('',#4443,#4448);
#4443 = PLANE('',#4444);
#4444 = AXIS2_PLACEMENT_3D('',#4445,#4446,#4447);
#4445 = CARTESIAN_POINT('',(2.588057324841,1.701910828025,2.761008928571
    ));
#4446 = DIRECTION('',(1.,2.22044604925E-16,0.));
#4447 = DIRECTION('',(2.22044604925E-16,-1.,0.));
#4448 = DEFINITIONAL_REPRESENTATION('',(#4449),#4452);
#4449 = B_SPLINE_CURVE_WITH_KNOTS('',1,(#4450,#4451),.UNSPECIFIED.,.F.,
  .F.,(2,2),(0.163694264729,0.850955411225),.PIECEWISE_BEZIER_KNOTS.);
#4450 = CARTESIAN_POINT('',(0.687261146497,-0.1));
#4451 = CARTESIAN_POINT('',(0.,-0.1));
#4452 = ( GEOMETRIC_REPRESENTATION_CONTEXT(2) 
PARAMETRIC_REPRESENTATION_CONTEXT() REPRESENTATION_CONTEXT('2D SPACE',''
  ) );
#4453 = FACE_BOUND('',#4454,.T.);
#4454 = EDGE_LOOP('',(#4455,#4483,#4509,#4535,#4561,#4587,#4613,#4639,
    #4665,#4691,#4717,#4743,#4769,#4795,#4821,#4847,#4873,#4899,#4925,
    #4951,#4977,#5003));
#4455 = ORIENTED_EDGE('',*,*,#4456,.F.);
#4456 = EDGE_CURVE('',#4457,#4459,#4461,.T.);
#4457 = VERTEX_POINT('',#4458);
#4458 = CARTESIAN_POINT('',(11.825,1.65,2.861008928571));
#4459 = VERTEX_POINT('',#4460);
#4460 = CARTESIAN_POINT('',(11.825,0.35,2.861008928571));
#4461 = SURFACE_CURVE('',#4462,(#4466,#4472),.PCURVE_S1.);
#4462 = LINE('',#4463,#4464);
#4463 = CARTESIAN_POINT('',(11.825,0.175000002787,2.861008928571));
#4464 = VECTOR('',#4465,1.);
#4465 = DIRECTION('',(2.22044604925E-16,-1.,0.));
#4466 = PCURVE('',#1319,#4467);
#4467 = DEFINITIONAL_REPRESENTATION('',(#4468),#4471);
#4468 = B_SPLINE_CURVE_WITH_KNOTS('',1,(#4469,#4470),.UNSPECIFIED.,.F.,
  .F.,(2,2),(-1.474999997213,-0.174999997213),.PIECEWISE_BEZIER_KNOTS.);
#4469 = CARTESIAN_POINT('',(-0.694539071962,1.649999994425));
#4470 = CARTESIAN_POINT('',(-0.694539071962,0.349999994425));
#4471 = ( GEOMETRIC_REPRESENTATION_CONTEXT(2) 
PARAMETRIC_REPRESENTATION_CONTEXT() REPRESENTATION_CONTEXT('2D SPACE',''
  ) );
#4472 = PCURVE('',#4473,#4478);
#4473 = PLANE('',#4474);
#4474 = AXIS2_PLACEMENT_3D('',#4475,#4476,#4477);
#4475 = CARTESIAN_POINT('',(11.825,0.35,2.761008928571));
#4476 = DIRECTION('',(-1.,-2.22044604925E-16,0.));
#4477 = DIRECTION('',(-2.22044604925E-16,1.,0.));
#4478 = DEFINITIONAL_REPRESENTATION('',(#4479),#4482);
#4479 = B_SPLINE_CURVE_WITH_KNOTS('',1,(#4480,#4481),.UNSPECIFIED.,.F.,
  .F.,(2,2),(-1.474999997213,-0.174999997213),.PIECEWISE_BEZIER_KNOTS.);
#4480 = CARTESIAN_POINT('',(1.3,-0.1));
#4481 = CARTESIAN_POINT('',(0.,-0.1));
#4482 = ( GEOMETRIC_REPRESENTATION_CONTEXT(2) 
PARAMETRIC_REPRESENTATION_CONTEXT() REPRESENTATION_CONTEXT('2D SPACE',''
  ) );
#4483 = ORIENTED_EDGE('',*,*,#4484,.F.);
#4484 = EDGE_CURVE('',#4485,#4457,#4487,.T.);
#4485 = VERTEX_POINT('',#4486);
#4486 = CARTESIAN_POINT('',(14.825,1.65,2.861008928571));
#4487 = SURFACE_CURVE('',#4488,(#4492,#4498),.PCURVE_S1.);
#4488 = LINE('',#4489,#4490);
#4489 = CARTESIAN_POINT('',(12.172269535981,1.65,2.861008928571));
#4490 = VECTOR('',#4491,1.);
#4491 = DIRECTION('',(-1.,-2.22044604925E-16,0.));
#4492 = PCURVE('',#1319,#4493);
#4493 = DEFINITIONAL_REPRESENTATION('',(#4494),#4497);
#4494 = B_SPLINE_CURVE_WITH_KNOTS('',1,(#4495,#4496),.UNSPECIFIED.,.F.,
  .F.,(2,2),(-2.652730464019,0.347269535981),.PIECEWISE_BEZIER_KNOTS.);
#4495 = CARTESIAN_POINT('',(2.305460928038,1.649999994425));
#4496 = CARTESIAN_POINT('',(-0.694539071962,1.649999994425));
#4497 = ( GEOMETRIC_REPRESENTATION_CONTEXT(2) 
PARAMETRIC_REPRESENTATION_CONTEXT() REPRESENTATION_CONTEXT('2D SPACE',''
  ) );
#4498 = PCURVE('',#4499,#4504);
#4499 = PLANE('',#4500);
#4500 = AXIS2_PLACEMENT_3D('',#4501,#4502,#4503);
#4501 = CARTESIAN_POINT('',(11.825,1.65,2.761008928571));
#4502 = DIRECTION('',(-2.22044604925E-16,1.,0.));
#4503 = DIRECTION('',(1.,2.22044604925E-16,0.));
#4504 = DEFINITIONAL_REPRESENTATION('',(#4505),#4508);
#4505 = B_SPLINE_CURVE_WITH_KNOTS('',1,(#4506,#4507),.UNSPECIFIED.,.F.,
  .F.,(2,2),(-2.652730464019,0.347269535981),.PIECEWISE_BEZIER_KNOTS.);
#4506 = CARTESIAN_POINT('',(3.,-0.1));
#4507 = CARTESIAN_POINT('',(0.,-0.1));
#4508 = ( GEOMETRIC_REPRESENTATION_CONTEXT(2) 
PARAMETRIC_REPRESENTATION_CONTEXT() REPRESENTATION_CONTEXT('2D SPACE',''
  ) );
#4509 = ORIENTED_EDGE('',*,*,#4510,.F.);
#4510 = EDGE_CURVE('',#4511,#4485,#4513,.T.);
#4511 = VERTEX_POINT('',#4512);
#4512 = CARTESIAN_POINT('',(14.825,-0.65,2.861008928571));
#4513 = SURFACE_CURVE('',#4514,(#4518,#4524),.PCURVE_S1.);
#4514 = LINE('',#4515,#4516);
#4515 = CARTESIAN_POINT('',(14.825,0.825000002787,2.861008928571));
#4516 = VECTOR('',#4517,1.);
#4517 = DIRECTION('',(-2.22044604925E-16,1.,0.));
#4518 = PCURVE('',#1319,#4519);
#4519 = DEFINITIONAL_REPRESENTATION('',(#4520),#4523);
#4520 = B_SPLINE_CURVE_WITH_KNOTS('',1,(#4521,#4522),.UNSPECIFIED.,.F.,
  .F.,(2,2),(-1.475000002787,0.824999997213),.PIECEWISE_BEZIER_KNOTS.);
#4521 = CARTESIAN_POINT('',(2.305460928038,-0.650000005575));
#4522 = CARTESIAN_POINT('',(2.305460928038,1.649999994425));
#4523 = ( GEOMETRIC_REPRESENTATION_CONTEXT(2) 
PARAMETRIC_REPRESENTATION_CONTEXT() REPRESENTATION_CONTEXT('2D SPACE',''
  ) );
#4524 = PCURVE('',#4525,#4530);
#4525 = PLANE('',#4526);
#4526 = AXIS2_PLACEMENT_3D('',#4527,#4528,#4529);
#4527 = CARTESIAN_POINT('',(14.825,1.65,2.761008928571));
#4528 = DIRECTION('',(1.,2.22044604925E-16,0.));
#4529 = DIRECTION('',(2.22044604925E-16,-1.,0.));
#4530 = DEFINITIONAL_REPRESENTATION('',(#4531),#4534);
#4531 = B_SPLINE_CURVE_WITH_KNOTS('',1,(#4532,#4533),.UNSPECIFIED.,.F.,
  .F.,(2,2),(-1.475000002787,0.824999997213),.PIECEWISE_BEZIER_KNOTS.);
#4532 = CARTESIAN_POINT('',(2.3,-0.1));
#4533 = CARTESIAN_POINT('',(0.,-0.1));
#4534 = ( GEOMETRIC_REPRESENTATION_CONTEXT(2) 
PARAMETRIC_REPRESENTATION_CONTEXT() REPRESENTATION_CONTEXT('2D SPACE',''
  ) );
#4535 = ORIENTED_EDGE('',*,*,#4536,.F.);
#4536 = EDGE_CURVE('',#4537,#4511,#4539,.T.);
#4537 = VERTEX_POINT('',#4538);
#4538 = CARTESIAN_POINT('',(13.525,-0.65,2.861008928571));
#4539 = SURFACE_CURVE('',#4540,(#4544,#4550),.PCURVE_S1.);
#4540 = LINE('',#4541,#4542);
#4541 = CARTESIAN_POINT('',(13.672269535981,-0.65,2.861008928571));
#4542 = VECTOR('',#4543,1.);
#4543 = DIRECTION('',(1.,2.22044604925E-16,0.));
#4544 = PCURVE('',#1319,#4545);
#4545 = DEFINITIONAL_REPRESENTATION('',(#4546),#4549);
#4546 = B_SPLINE_CURVE_WITH_KNOTS('',1,(#4547,#4548),.UNSPECIFIED.,.F.,
  .F.,(2,2),(-0.147269535981,1.152730464019),.PIECEWISE_BEZIER_KNOTS.);
#4547 = CARTESIAN_POINT('',(1.005460928038,-0.650000005575));
#4548 = CARTESIAN_POINT('',(2.305460928038,-0.650000005575));
#4549 = ( GEOMETRIC_REPRESENTATION_CONTEXT(2) 
PARAMETRIC_REPRESENTATION_CONTEXT() REPRESENTATION_CONTEXT('2D SPACE',''
  ) );
#4550 = PCURVE('',#4551,#4556);
#4551 = PLANE('',#4552);
#4552 = AXIS2_PLACEMENT_3D('',#4553,#4554,#4555);
#4553 = CARTESIAN_POINT('',(14.825,-0.65,2.761008928571));
#4554 = DIRECTION('',(2.22044604925E-16,-1.,0.));
#4555 = DIRECTION('',(-1.,-2.22044604925E-16,0.));
#4556 = DEFINITIONAL_REPRESENTATION('',(#4557),#4560);
#4557 = B_SPLINE_CURVE_WITH_KNOTS('',1,(#4558,#4559),.UNSPECIFIED.,.F.,
  .F.,(2,2),(-0.147269535981,1.152730464019),.PIECEWISE_BEZIER_KNOTS.);
#4558 = CARTESIAN_POINT('',(1.3,-0.1));
#4559 = CARTESIAN_POINT('',(0.,-0.1));
#4560 = ( GEOMETRIC_REPRESENTATION_CONTEXT(2) 
PARAMETRIC_REPRESENTATION_CONTEXT() REPRESENTATION_CONTEXT('2D SPACE',''
  ) );
#4561 = ORIENTED_EDGE('',*,*,#4562,.F.);
#4562 = EDGE_CURVE('',#4563,#4537,#4565,.T.);
#4563 = VERTEX_POINT('',#4564);
#4564 = CARTESIAN_POINT('',(13.525,0.65,2.861008928571));
#4565 = SURFACE_CURVE('',#4566,(#4570,#4576),.PCURVE_S1.);
#4566 = LINE('',#4567,#4568);
#4567 = CARTESIAN_POINT('',(13.525,-0.324999997213,2.861008928571));
#4568 = VECTOR('',#4569,1.);
#4569 = DIRECTION('',(2.22044604925E-16,-1.,0.));
#4570 = PCURVE('',#1319,#4571);
#4571 = DEFINITIONAL_REPRESENTATION('',(#4572),#4575);
#4572 = B_SPLINE_CURVE_WITH_KNOTS('',1,(#4573,#4574),.UNSPECIFIED.,.F.,
  .F.,(2,2),(-0.974999997213,0.325000002787),.PIECEWISE_BEZIER_KNOTS.);
#4573 = CARTESIAN_POINT('',(1.005460928038,0.649999994425));
#4574 = CARTESIAN_POINT('',(1.005460928038,-0.650000005575));
#4575 = ( GEOMETRIC_REPRESENTATION_CONTEXT(2) 
PARAMETRIC_REPRESENTATION_CONTEXT() REPRESENTATION_CONTEXT('2D SPACE',''
  ) );
#4576 = PCURVE('',#4577,#4582);
#4577 = PLANE('',#4578);
#4578 = AXIS2_PLACEMENT_3D('',#4579,#4580,#4581);
#4579 = CARTESIAN_POINT('',(13.525,-0.65,2.761008928571));
#4580 = DIRECTION('',(-1.,-2.22044604925E-16,0.));
#4581 = DIRECTION('',(-2.22044604925E-16,1.,0.));
#4582 = DEFINITIONAL_REPRESENTATION('',(#4583),#4586);
#4583 = B_SPLINE_CURVE_WITH_KNOTS('',1,(#4584,#4585),.UNSPECIFIED.,.F.,
  .F.,(2,2),(-0.974999997213,0.325000002787),.PIECEWISE_BEZIER_KNOTS.);
#4584 = CARTESIAN_POINT('',(1.3,-0.1));
#4585 = CARTESIAN_POINT('',(0.,-0.1));
#4586 = ( GEOMETRIC_REPRESENTATION_CONTEXT(2) 
PARAMETRIC_REPRESENTATION_CONTEXT() REPRESENTATION_CONTEXT('2D SPACE',''
  ) );
#4587 = ORIENTED_EDGE('',*,*,#4588,.F.);
#4588 = EDGE_CURVE('',#4589,#4563,#4591,.T.);
#4589 = VERTEX_POINT('',#4590);
#4590 = CARTESIAN_POINT('',(13.825,0.65,2.861008928571));
#4591 = SURFACE_CURVE('',#4592,(#4596,#4602),.PCURVE_S1.);
#4592 = LINE('',#4593,#4594);
#4593 = CARTESIAN_POINT('',(13.022269535981,0.65,2.861008928571));
#4594 = VECTOR('',#4595,1.);
#4595 = DIRECTION('',(-1.,-2.22044604925E-16,0.));
#4596 = PCURVE('',#1319,#4597);
#4597 = DEFINITIONAL_REPRESENTATION('',(#4598),#4601);
#4598 = B_SPLINE_CURVE_WITH_KNOTS('',1,(#4599,#4600),.UNSPECIFIED.,.F.,
  .F.,(2,2),(-0.802730464019,-0.502730464019),.PIECEWISE_BEZIER_KNOTS.);
#4599 = CARTESIAN_POINT('',(1.305460928038,0.649999994425));
#4600 = CARTESIAN_POINT('',(1.005460928038,0.649999994425));
#4601 = ( GEOMETRIC_REPRESENTATION_CONTEXT(2) 
PARAMETRIC_REPRESENTATION_CONTEXT() REPRESENTATION_CONTEXT('2D SPACE',''
  ) );
#4602 = PCURVE('',#4603,#4608);
#4603 = PLANE('',#4604);
#4604 = AXIS2_PLACEMENT_3D('',#4605,#4606,#4607);
#4605 = CARTESIAN_POINT('',(13.525,0.65,2.761008928571));
#4606 = DIRECTION('',(-2.22044604925E-16,1.,0.));
#4607 = DIRECTION('',(1.,2.22044604925E-16,0.));
#4608 = DEFINITIONAL_REPRESENTATION('',(#4609),#4612);
#4609 = B_SPLINE_CURVE_WITH_KNOTS('',1,(#4610,#4611),.UNSPECIFIED.,.F.,
  .F.,(2,2),(-0.802730464019,-0.502730464019),.PIECEWISE_BEZIER_KNOTS.);
#4610 = CARTESIAN_POINT('',(0.3,-0.1));
#4611 = CARTESIAN_POINT('',(0.,-0.1));
#4612 = ( GEOMETRIC_REPRESENTATION_CONTEXT(2) 
PARAMETRIC_REPRESENTATION_CONTEXT() REPRESENTATION_CONTEXT('2D SPACE',''
  ) );
#4613 = ORIENTED_EDGE('',*,*,#4614,.T.);
#4614 = EDGE_CURVE('',#4589,#4615,#4617,.T.);
#4615 = VERTEX_POINT('',#4616);
#4616 = CARTESIAN_POINT('',(13.825,-0.35,2.861008928571));
#4617 = SURFACE_CURVE('',#4618,(#4622,#4628),.PCURVE_S1.);
#4618 = LINE('',#4619,#4620);
#4619 = CARTESIAN_POINT('',(13.825,-0.174999997213,2.861008928571));
#4620 = VECTOR('',#4621,1.);
#4621 = DIRECTION('',(2.22044604925E-16,-1.,0.));
#4622 = PCURVE('',#1319,#4623);
#4623 = DEFINITIONAL_REPRESENTATION('',(#4624),#4627);
#4624 = B_SPLINE_CURVE_WITH_KNOTS('',1,(#4625,#4626),.UNSPECIFIED.,.F.,
  .F.,(2,2),(-0.824999997213,0.175000002787),.PIECEWISE_BEZIER_KNOTS.);
#4625 = CARTESIAN_POINT('',(1.305460928038,0.649999994425));
#4626 = CARTESIAN_POINT('',(1.305460928038,-0.350000005575));
#4627 = ( GEOMETRIC_REPRESENTATION_CONTEXT(2) 
PARAMETRIC_REPRESENTATION_CONTEXT() REPRESENTATION_CONTEXT('2D SPACE',''
  ) );
#4628 = PCURVE('',#4629,#4634);
#4629 = PLANE('',#4630);
#4630 = AXIS2_PLACEMENT_3D('',#4631,#4632,#4633);
#4631 = CARTESIAN_POINT('',(13.825,-0.35,2.761008928571));
#4632 = DIRECTION('',(-1.,-2.22044604925E-16,0.));
#4633 = DIRECTION('',(-2.22044604925E-16,1.,0.));
#4634 = DEFINITIONAL_REPRESENTATION('',(#4635),#4638);
#4635 = B_SPLINE_CURVE_WITH_KNOTS('',1,(#4636,#4637),.UNSPECIFIED.,.F.,
  .F.,(2,2),(-0.824999997213,0.175000002787),.PIECEWISE_BEZIER_KNOTS.);
#4636 = CARTESIAN_POINT('',(1.,-0.1));
#4637 = CARTESIAN_POINT('',(0.,-0.1));
#4638 = ( GEOMETRIC_REPRESENTATION_CONTEXT(2) 
PARAMETRIC_REPRESENTATION_CONTEXT() REPRESENTATION_CONTEXT('2D SPACE',''
  ) );
#4639 = ORIENTED_EDGE('',*,*,#4640,.T.);
#4640 = EDGE_CURVE('',#4615,#4641,#4643,.T.);
#4641 = VERTEX_POINT('',#4642);
#4642 = CARTESIAN_POINT('',(14.525,-0.35,2.861008928571));
#4643 = SURFACE_CURVE('',#4644,(#4648,#4654),.PCURVE_S1.);
#4644 = LINE('',#4645,#4646);
#4645 = CARTESIAN_POINT('',(13.522269535981,-0.35,2.861008928571));
#4646 = VECTOR('',#4647,1.);
#4647 = DIRECTION('',(1.,2.22044604925E-16,0.));
#4648 = PCURVE('',#1319,#4649);
#4649 = DEFINITIONAL_REPRESENTATION('',(#4650),#4653);
#4650 = B_SPLINE_CURVE_WITH_KNOTS('',1,(#4651,#4652),.UNSPECIFIED.,.F.,
  .F.,(2,2),(0.302730464019,1.002730464019),.PIECEWISE_BEZIER_KNOTS.);
#4651 = CARTESIAN_POINT('',(1.305460928038,-0.350000005575));
#4652 = CARTESIAN_POINT('',(2.005460928038,-0.350000005575));
#4653 = ( GEOMETRIC_REPRESENTATION_CONTEXT(2) 
PARAMETRIC_REPRESENTATION_CONTEXT() REPRESENTATION_CONTEXT('2D SPACE',''
  ) );
#4654 = PCURVE('',#4655,#4660);
#4655 = PLANE('',#4656);
#4656 = AXIS2_PLACEMENT_3D('',#4657,#4658,#4659);
#4657 = CARTESIAN_POINT('',(14.525,-0.35,2.761008928571));
#4658 = DIRECTION('',(2.22044604925E-16,-1.,0.));
#4659 = DIRECTION('',(-1.,-2.22044604925E-16,0.));
#4660 = DEFINITIONAL_REPRESENTATION('',(#4661),#4664);
#4661 = B_SPLINE_CURVE_WITH_KNOTS('',1,(#4662,#4663),.UNSPECIFIED.,.F.,
  .F.,(2,2),(0.302730464019,1.002730464019),.PIECEWISE_BEZIER_KNOTS.);
#4662 = CARTESIAN_POINT('',(0.7,-0.1));
#4663 = CARTESIAN_POINT('',(0.,-0.1));
#4664 = ( GEOMETRIC_REPRESENTATION_CONTEXT(2) 
PARAMETRIC_REPRESENTATION_CONTEXT() REPRESENTATION_CONTEXT('2D SPACE',''
  ) );
#4665 = ORIENTED_EDGE('',*,*,#4666,.T.);
#4666 = EDGE_CURVE('',#4641,#4667,#4669,.T.);
#4667 = VERTEX_POINT('',#4668);
#4668 = CARTESIAN_POINT('',(14.525,1.35,2.861008928571));
#4669 = SURFACE_CURVE('',#4670,(#4674,#4680),.PCURVE_S1.);
#4670 = LINE('',#4671,#4672);
#4671 = CARTESIAN_POINT('',(14.525,0.675000002787,2.861008928571));
#4672 = VECTOR('',#4673,1.);
#4673 = DIRECTION('',(-2.22044604925E-16,1.,0.));
#4674 = PCURVE('',#1319,#4675);
#4675 = DEFINITIONAL_REPRESENTATION('',(#4676),#4679);
#4676 = B_SPLINE_CURVE_WITH_KNOTS('',1,(#4677,#4678),.UNSPECIFIED.,.F.,
  .F.,(2,2),(-1.025000002787,0.674999997213),.PIECEWISE_BEZIER_KNOTS.);
#4677 = CARTESIAN_POINT('',(2.005460928038,-0.350000005575));
#4678 = CARTESIAN_POINT('',(2.005460928038,1.349999994425));
#4679 = ( GEOMETRIC_REPRESENTATION_CONTEXT(2) 
PARAMETRIC_REPRESENTATION_CONTEXT() REPRESENTATION_CONTEXT('2D SPACE',''
  ) );
#4680 = PCURVE('',#4681,#4686);
#4681 = PLANE('',#4682);
#4682 = AXIS2_PLACEMENT_3D('',#4683,#4684,#4685);
#4683 = CARTESIAN_POINT('',(14.525,1.35,2.761008928571));
#4684 = DIRECTION('',(1.,2.22044604925E-16,0.));
#4685 = DIRECTION('',(2.22044604925E-16,-1.,0.));
#4686 = DEFINITIONAL_REPRESENTATION('',(#4687),#4690);
#4687 = B_SPLINE_CURVE_WITH_KNOTS('',1,(#4688,#4689),.UNSPECIFIED.,.F.,
  .F.,(2,2),(-1.025000002787,0.674999997213),.PIECEWISE_BEZIER_KNOTS.);
#4688 = CARTESIAN_POINT('',(1.7,-0.1));
#4689 = CARTESIAN_POINT('',(0.,-0.1));
#4690 = ( GEOMETRIC_REPRESENTATION_CONTEXT(2) 
PARAMETRIC_REPRESENTATION_CONTEXT() REPRESENTATION_CONTEXT('2D SPACE',''
  ) );
#4691 = ORIENTED_EDGE('',*,*,#4692,.F.);
#4692 = EDGE_CURVE('',#4693,#4667,#4695,.T.);
#4693 = VERTEX_POINT('',#4694);
#4694 = CARTESIAN_POINT('',(12.125,1.35,2.861008928571));
#4695 = SURFACE_CURVE('',#4696,(#4700,#4706),.PCURVE_S1.);
#4696 = LINE('',#4697,#4698);
#4697 = CARTESIAN_POINT('',(13.522269535981,1.35,2.861008928571));
#4698 = VECTOR('',#4699,1.);
#4699 = DIRECTION('',(1.,2.22044604925E-16,0.));
#4700 = PCURVE('',#1319,#4701);
#4701 = DEFINITIONAL_REPRESENTATION('',(#4702),#4705);
#4702 = B_SPLINE_CURVE_WITH_KNOTS('',1,(#4703,#4704),.UNSPECIFIED.,.F.,
  .F.,(2,2),(-1.397269535981,1.002730464019),.PIECEWISE_BEZIER_KNOTS.);
#4703 = CARTESIAN_POINT('',(-0.394539071962,1.349999994425));
#4704 = CARTESIAN_POINT('',(2.005460928038,1.349999994425));
#4705 = ( GEOMETRIC_REPRESENTATION_CONTEXT(2) 
PARAMETRIC_REPRESENTATION_CONTEXT() REPRESENTATION_CONTEXT('2D SPACE',''
  ) );
#4706 = PCURVE('',#4707,#4712);
#4707 = PLANE('',#4708);
#4708 = AXIS2_PLACEMENT_3D('',#4709,#4710,#4711);
#4709 = CARTESIAN_POINT('',(14.525,1.35,2.761008928571));
#4710 = DIRECTION('',(2.22044604925E-16,-1.,0.));
#4711 = DIRECTION('',(-1.,-2.22044604925E-16,0.));
#4712 = DEFINITIONAL_REPRESENTATION('',(#4713),#4716);
#4713 = B_SPLINE_CURVE_WITH_KNOTS('',1,(#4714,#4715),.UNSPECIFIED.,.F.,
  .F.,(2,2),(-1.397269535981,1.002730464019),.PIECEWISE_BEZIER_KNOTS.);
#4714 = CARTESIAN_POINT('',(2.4,-0.1));
#4715 = CARTESIAN_POINT('',(0.,-0.1));
#4716 = ( GEOMETRIC_REPRESENTATION_CONTEXT(2) 
PARAMETRIC_REPRESENTATION_CONTEXT() REPRESENTATION_CONTEXT('2D SPACE',''
  ) );
#4717 = ORIENTED_EDGE('',*,*,#4718,.F.);
#4718 = EDGE_CURVE('',#4719,#4693,#4721,.T.);
#4719 = VERTEX_POINT('',#4720);
#4720 = CARTESIAN_POINT('',(12.125,0.65,2.861008928571));
#4721 = SURFACE_CURVE('',#4722,(#4726,#4732),.PCURVE_S1.);
#4722 = LINE('',#4723,#4724);
#4723 = CARTESIAN_POINT('',(12.125,0.675000002787,2.861008928571));
#4724 = VECTOR('',#4725,1.);
#4725 = DIRECTION('',(-2.22044604925E-16,1.,0.));
#4726 = PCURVE('',#1319,#4727);
#4727 = DEFINITIONAL_REPRESENTATION('',(#4728),#4731);
#4728 = B_SPLINE_CURVE_WITH_KNOTS('',1,(#4729,#4730),.UNSPECIFIED.,.F.,
  .F.,(2,2),(-2.50000027874E-02,0.674999997213),
  .PIECEWISE_BEZIER_KNOTS.);
#4729 = CARTESIAN_POINT('',(-0.394539071962,0.649999994425));
#4730 = CARTESIAN_POINT('',(-0.394539071962,1.349999994425));
#4731 = ( GEOMETRIC_REPRESENTATION_CONTEXT(2) 
PARAMETRIC_REPRESENTATION_CONTEXT() REPRESENTATION_CONTEXT('2D SPACE',''
  ) );
#4732 = PCURVE('',#4733,#4738);
#4733 = PLANE('',#4734);
#4734 = AXIS2_PLACEMENT_3D('',#4735,#4736,#4737);
#4735 = CARTESIAN_POINT('',(12.125,1.35,2.761008928571));
#4736 = DIRECTION('',(1.,2.22044604925E-16,0.));
#4737 = DIRECTION('',(2.22044604925E-16,-1.,0.));
#4738 = DEFINITIONAL_REPRESENTATION('',(#4739),#4742);
#4739 = B_SPLINE_CURVE_WITH_KNOTS('',1,(#4740,#4741),.UNSPECIFIED.,.F.,
  .F.,(2,2),(-2.50000027874E-02,0.674999997213),
  .PIECEWISE_BEZIER_KNOTS.);
#4740 = CARTESIAN_POINT('',(0.7,-0.1));
#4741 = CARTESIAN_POINT('',(0.,-0.1));
#4742 = ( GEOMETRIC_REPRESENTATION_CONTEXT(2) 
PARAMETRIC_REPRESENTATION_CONTEXT() REPRESENTATION_CONTEXT('2D SPACE',''
  ) );
#4743 = ORIENTED_EDGE('',*,*,#4744,.F.);
#4744 = EDGE_CURVE('',#4745,#4719,#4747,.T.);
#4745 = VERTEX_POINT('',#4746);
#4746 = CARTESIAN_POINT('',(12.825,0.65,2.861008928571));
#4747 = SURFACE_CURVE('',#4748,(#4752,#4758),.PCURVE_S1.);
#4748 = LINE('',#4749,#4750);
#4749 = CARTESIAN_POINT('',(12.322269535981,0.65,2.861008928571));
#4750 = VECTOR('',#4751,1.);
#4751 = DIRECTION('',(-1.,-2.22044604925E-16,0.));
#4752 = PCURVE('',#1319,#4753);
#4753 = DEFINITIONAL_REPRESENTATION('',(#4754),#4757);
#4754 = B_SPLINE_CURVE_WITH_KNOTS('',1,(#4755,#4756),.UNSPECIFIED.,.F.,
  .F.,(2,2),(-0.502730464019,0.197269535981),.PIECEWISE_BEZIER_KNOTS.);
#4755 = CARTESIAN_POINT('',(0.305460928038,0.649999994425));
#4756 = CARTESIAN_POINT('',(-0.394539071962,0.649999994425));
#4757 = ( GEOMETRIC_REPRESENTATION_CONTEXT(2) 
PARAMETRIC_REPRESENTATION_CONTEXT() REPRESENTATION_CONTEXT('2D SPACE',''
  ) );
#4758 = PCURVE('',#4759,#4764);
#4759 = PLANE('',#4760);
#4760 = AXIS2_PLACEMENT_3D('',#4761,#4762,#4763);
#4761 = CARTESIAN_POINT('',(12.125,0.65,2.761008928571));
#4762 = DIRECTION('',(-2.22044604925E-16,1.,0.));
#4763 = DIRECTION('',(1.,2.22044604925E-16,0.));
#4764 = DEFINITIONAL_REPRESENTATION('',(#4765),#4768);
#4765 = B_SPLINE_CURVE_WITH_KNOTS('',1,(#4766,#4767),.UNSPECIFIED.,.F.,
  .F.,(2,2),(-0.502730464019,0.197269535981),.PIECEWISE_BEZIER_KNOTS.);
#4766 = CARTESIAN_POINT('',(0.7,-0.1));
#4767 = CARTESIAN_POINT('',(0.,-0.1));
#4768 = ( GEOMETRIC_REPRESENTATION_CONTEXT(2) 
PARAMETRIC_REPRESENTATION_CONTEXT() REPRESENTATION_CONTEXT('2D SPACE',''
  ) );
#4769 = ORIENTED_EDGE('',*,*,#4770,.F.);
#4770 = EDGE_CURVE('',#4771,#4745,#4773,.T.);
#4771 = VERTEX_POINT('',#4772);
#4772 = CARTESIAN_POINT('',(12.825,-0.65,2.861008928571));
#4773 = SURFACE_CURVE('',#4774,(#4778,#4784),.PCURVE_S1.);
#4774 = LINE('',#4775,#4776);
#4775 = CARTESIAN_POINT('',(12.825,0.325000002787,2.861008928571));
#4776 = VECTOR('',#4777,1.);
#4777 = DIRECTION('',(-2.22044604925E-16,1.,0.));
#4778 = PCURVE('',#1319,#4779);
#4779 = DEFINITIONAL_REPRESENTATION('',(#4780),#4783);
#4780 = B_SPLINE_CURVE_WITH_KNOTS('',1,(#4781,#4782),.UNSPECIFIED.,.F.,
  .F.,(2,2),(-0.975000002787,0.324999997213),.PIECEWISE_BEZIER_KNOTS.);
#4781 = CARTESIAN_POINT('',(0.305460928038,-0.650000005575));
#4782 = CARTESIAN_POINT('',(0.305460928038,0.649999994425));
#4783 = ( GEOMETRIC_REPRESENTATION_CONTEXT(2) 
PARAMETRIC_REPRESENTATION_CONTEXT() REPRESENTATION_CONTEXT('2D SPACE',''
  ) );
#4784 = PCURVE('',#4785,#4790);
#4785 = PLANE('',#4786);
#4786 = AXIS2_PLACEMENT_3D('',#4787,#4788,#4789);
#4787 = CARTESIAN_POINT('',(12.825,0.65,2.761008928571));
#4788 = DIRECTION('',(1.,2.22044604925E-16,0.));
#4789 = DIRECTION('',(2.22044604925E-16,-1.,0.));
#4790 = DEFINITIONAL_REPRESENTATION('',(#4791),#4794);
#4791 = B_SPLINE_CURVE_WITH_KNOTS('',1,(#4792,#4793),.UNSPECIFIED.,.F.,
  .F.,(2,2),(-0.975000002787,0.324999997213),.PIECEWISE_BEZIER_KNOTS.);
#4792 = CARTESIAN_POINT('',(1.3,-0.1));
#4793 = CARTESIAN_POINT('',(0.,-0.1));
#4794 = ( GEOMETRIC_REPRESENTATION_CONTEXT(2) 
PARAMETRIC_REPRESENTATION_CONTEXT() REPRESENTATION_CONTEXT('2D SPACE',''
  ) );
#4795 = ORIENTED_EDGE('',*,*,#4796,.T.);
#4796 = EDGE_CURVE('',#4771,#4797,#4799,.T.);
#4797 = VERTEX_POINT('',#4798);
#4798 = CARTESIAN_POINT('',(12.125,-0.65,2.861008928571));
#4799 = SURFACE_CURVE('',#4800,(#4804,#4810),.PCURVE_S1.);
#4800 = LINE('',#4801,#4802);
#4801 = CARTESIAN_POINT('',(12.322269535981,-0.65,2.861008928571));
#4802 = VECTOR('',#4803,1.);
#4803 = DIRECTION('',(-1.,-2.22044604925E-16,0.));
#4804 = PCURVE('',#1319,#4805);
#4805 = DEFINITIONAL_REPRESENTATION('',(#4806),#4809);
#4806 = B_SPLINE_CURVE_WITH_KNOTS('',1,(#4807,#4808),.UNSPECIFIED.,.F.,
  .F.,(2,2),(-0.502730464019,0.197269535981),.PIECEWISE_BEZIER_KNOTS.);
#4807 = CARTESIAN_POINT('',(0.305460928038,-0.650000005575));
#4808 = CARTESIAN_POINT('',(-0.394539071962,-0.650000005575));
#4809 = ( GEOMETRIC_REPRESENTATION_CONTEXT(2) 
PARAMETRIC_REPRESENTATION_CONTEXT() REPRESENTATION_CONTEXT('2D SPACE',''
  ) );
#4810 = PCURVE('',#4811,#4816);
#4811 = PLANE('',#4812);
#4812 = AXIS2_PLACEMENT_3D('',#4813,#4814,#4815);
#4813 = CARTESIAN_POINT('',(12.125,-0.65,2.761008928571));
#4814 = DIRECTION('',(-2.22044604925E-16,1.,0.));
#4815 = DIRECTION('',(1.,2.22044604925E-16,0.));
#4816 = DEFINITIONAL_REPRESENTATION('',(#4817),#4820);
#4817 = B_SPLINE_CURVE_WITH_KNOTS('',1,(#4818,#4819),.UNSPECIFIED.,.F.,
  .F.,(2,2),(-0.502730464019,0.197269535981),.PIECEWISE_BEZIER_KNOTS.);
#4818 = CARTESIAN_POINT('',(0.7,-0.1));
#4819 = CARTESIAN_POINT('',(0.,-0.1));
#4820 = ( GEOMETRIC_REPRESENTATION_CONTEXT(2) 
PARAMETRIC_REPRESENTATION_CONTEXT() REPRESENTATION_CONTEXT('2D SPACE',''
  ) );
#4821 = ORIENTED_EDGE('',*,*,#4822,.T.);
#4822 = EDGE_CURVE('',#4797,#4823,#4825,.T.);
#4823 = VERTEX_POINT('',#4824);
#4824 = CARTESIAN_POINT('',(12.125,-1.35,2.861008928571));
#4825 = SURFACE_CURVE('',#4826,(#4830,#4836),.PCURVE_S1.);
#4826 = LINE('',#4827,#4828);
#4827 = CARTESIAN_POINT('',(12.125,-0.674999997213,2.861008928571));
#4828 = VECTOR('',#4829,1.);
#4829 = DIRECTION('',(2.22044604925E-16,-1.,0.));
#4830 = PCURVE('',#1319,#4831);
#4831 = DEFINITIONAL_REPRESENTATION('',(#4832),#4835);
#4832 = B_SPLINE_CURVE_WITH_KNOTS('',1,(#4833,#4834),.UNSPECIFIED.,.F.,
  .F.,(2,2),(-2.49999972126E-02,0.675000002787),
  .PIECEWISE_BEZIER_KNOTS.);
#4833 = CARTESIAN_POINT('',(-0.394539071962,-0.650000005575));
#4834 = CARTESIAN_POINT('',(-0.394539071962,-1.350000005575));
#4835 = ( GEOMETRIC_REPRESENTATION_CONTEXT(2) 
PARAMETRIC_REPRESENTATION_CONTEXT() REPRESENTATION_CONTEXT('2D SPACE',''
  ) );
#4836 = PCURVE('',#4837,#4842);
#4837 = PLANE('',#4838);
#4838 = AXIS2_PLACEMENT_3D('',#4839,#4840,#4841);
#4839 = CARTESIAN_POINT('',(12.125,-1.35,2.761008928571));
#4840 = DIRECTION('',(-1.,-2.22044604925E-16,0.));
#4841 = DIRECTION('',(-2.22044604925E-16,1.,0.));
#4842 = DEFINITIONAL_REPRESENTATION('',(#4843),#4846);
#4843 = B_SPLINE_CURVE_WITH_KNOTS('',1,(#4844,#4845),.UNSPECIFIED.,.F.,
  .F.,(2,2),(-2.49999972126E-02,0.675000002787),
  .PIECEWISE_BEZIER_KNOTS.);
#4844 = CARTESIAN_POINT('',(0.7,-0.1));
#4845 = CARTESIAN_POINT('',(0.,-0.1));
#4846 = ( GEOMETRIC_REPRESENTATION_CONTEXT(2) 
PARAMETRIC_REPRESENTATION_CONTEXT() REPRESENTATION_CONTEXT('2D SPACE',''
  ) );
#4847 = ORIENTED_EDGE('',*,*,#4848,.T.);
#4848 = EDGE_CURVE('',#4823,#4849,#4851,.T.);
#4849 = VERTEX_POINT('',#4850);
#4850 = CARTESIAN_POINT('',(14.825,-1.35,2.861008928571));
#4851 = SURFACE_CURVE('',#4852,(#4856,#4862),.PCURVE_S1.);
#4852 = LINE('',#4853,#4854);
#4853 = CARTESIAN_POINT('',(13.672269535981,-1.35,2.861008928571));
#4854 = VECTOR('',#4855,1.);
#4855 = DIRECTION('',(1.,2.22044604925E-16,0.));
#4856 = PCURVE('',#1319,#4857);
#4857 = DEFINITIONAL_REPRESENTATION('',(#4858),#4861);
#4858 = B_SPLINE_CURVE_WITH_KNOTS('',1,(#4859,#4860),.UNSPECIFIED.,.F.,
  .F.,(2,2),(-1.547269535981,1.152730464019),.PIECEWISE_BEZIER_KNOTS.);
#4859 = CARTESIAN_POINT('',(-0.394539071962,-1.350000005575));
#4860 = CARTESIAN_POINT('',(2.305460928038,-1.350000005575));
#4861 = ( GEOMETRIC_REPRESENTATION_CONTEXT(2) 
PARAMETRIC_REPRESENTATION_CONTEXT() REPRESENTATION_CONTEXT('2D SPACE',''
  ) );
#4862 = PCURVE('',#4863,#4868);
#4863 = PLANE('',#4864);
#4864 = AXIS2_PLACEMENT_3D('',#4865,#4866,#4867);
#4865 = CARTESIAN_POINT('',(14.825,-1.35,2.761008928571));
#4866 = DIRECTION('',(2.22044604925E-16,-1.,0.));
#4867 = DIRECTION('',(-1.,-2.22044604925E-16,0.));
#4868 = DEFINITIONAL_REPRESENTATION('',(#4869),#4872);
#4869 = B_SPLINE_CURVE_WITH_KNOTS('',1,(#4870,#4871),.UNSPECIFIED.,.F.,
  .F.,(2,2),(-1.547269535981,1.152730464019),.PIECEWISE_BEZIER_KNOTS.);
#4870 = CARTESIAN_POINT('',(2.7,-0.1));
#4871 = CARTESIAN_POINT('',(0.,-0.1));
#4872 = ( GEOMETRIC_REPRESENTATION_CONTEXT(2) 
PARAMETRIC_REPRESENTATION_CONTEXT() REPRESENTATION_CONTEXT('2D SPACE',''
  ) );
#4873 = ORIENTED_EDGE('',*,*,#4874,.F.);
#4874 = EDGE_CURVE('',#4875,#4849,#4877,.T.);
#4875 = VERTEX_POINT('',#4876);
#4876 = CARTESIAN_POINT('',(14.825,-1.65,2.861008928571));
#4877 = SURFACE_CURVE('',#4878,(#4882,#4888),.PCURVE_S1.);
#4878 = LINE('',#4879,#4880);
#4879 = CARTESIAN_POINT('',(14.825,-0.674999997213,2.861008928571));
#4880 = VECTOR('',#4881,1.);
#4881 = DIRECTION('',(-6.143234069593E-15,1.,0.));
#4882 = PCURVE('',#1319,#4883);
#4883 = DEFINITIONAL_REPRESENTATION('',(#4884),#4887);
#4884 = B_SPLINE_CURVE_WITH_KNOTS('',1,(#4885,#4886),.UNSPECIFIED.,.F.,
  .F.,(2,2),(-0.975000002787,-0.675000002787),.PIECEWISE_BEZIER_KNOTS.);
#4885 = CARTESIAN_POINT('',(2.305460928038,-1.650000005575));
#4886 = CARTESIAN_POINT('',(2.305460928038,-1.350000005575));
#4887 = ( GEOMETRIC_REPRESENTATION_CONTEXT(2) 
PARAMETRIC_REPRESENTATION_CONTEXT() REPRESENTATION_CONTEXT('2D SPACE',''
  ) );
#4888 = PCURVE('',#4889,#4894);
#4889 = PLANE('',#4890);
#4890 = AXIS2_PLACEMENT_3D('',#4891,#4892,#4893);
#4891 = CARTESIAN_POINT('',(14.825,-1.35,2.761008928571));
#4892 = DIRECTION('',(1.,6.143234069593E-15,0.));
#4893 = DIRECTION('',(6.143234069593E-15,-1.,0.));
#4894 = DEFINITIONAL_REPRESENTATION('',(#4895),#4898);
#4895 = B_SPLINE_CURVE_WITH_KNOTS('',1,(#4896,#4897),.UNSPECIFIED.,.F.,
  .F.,(2,2),(-0.975000002787,-0.675000002787),.PIECEWISE_BEZIER_KNOTS.);
#4896 = CARTESIAN_POINT('',(0.3,-0.1));
#4897 = CARTESIAN_POINT('',(0.,-0.1));
#4898 = ( GEOMETRIC_REPRESENTATION_CONTEXT(2) 
PARAMETRIC_REPRESENTATION_CONTEXT() REPRESENTATION_CONTEXT('2D SPACE',''
  ) );
#4899 = ORIENTED_EDGE('',*,*,#4900,.F.);
#4900 = EDGE_CURVE('',#4901,#4875,#4903,.T.);
#4901 = VERTEX_POINT('',#4902);
#4902 = CARTESIAN_POINT('',(11.825,-1.65,2.861008928571));
#4903 = SURFACE_CURVE('',#4904,(#4908,#4914),.PCURVE_S1.);
#4904 = LINE('',#4905,#4906);
#4905 = CARTESIAN_POINT('',(13.672269535981,-1.65,2.861008928571));
#4906 = VECTOR('',#4907,1.);
#4907 = DIRECTION('',(1.,2.22044604925E-16,0.));
#4908 = PCURVE('',#1319,#4909);
#4909 = DEFINITIONAL_REPRESENTATION('',(#4910),#4913);
#4910 = B_SPLINE_CURVE_WITH_KNOTS('',1,(#4911,#4912),.UNSPECIFIED.,.F.,
  .F.,(2,2),(-1.847269535981,1.152730464019),.PIECEWISE_BEZIER_KNOTS.);
#4911 = CARTESIAN_POINT('',(-0.694539071962,-1.650000005575));
#4912 = CARTESIAN_POINT('',(2.305460928038,-1.650000005575));
#4913 = ( GEOMETRIC_REPRESENTATION_CONTEXT(2) 
PARAMETRIC_REPRESENTATION_CONTEXT() REPRESENTATION_CONTEXT('2D SPACE',''
  ) );
#4914 = PCURVE('',#4915,#4920);
#4915 = PLANE('',#4916);
#4916 = AXIS2_PLACEMENT_3D('',#4917,#4918,#4919);
#4917 = CARTESIAN_POINT('',(14.825,-1.65,2.761008928571));
#4918 = DIRECTION('',(2.22044604925E-16,-1.,0.));
#4919 = DIRECTION('',(-1.,-2.22044604925E-16,0.));
#4920 = DEFINITIONAL_REPRESENTATION('',(#4921),#4924);
#4921 = B_SPLINE_CURVE_WITH_KNOTS('',1,(#4922,#4923),.UNSPECIFIED.,.F.,
  .F.,(2,2),(-1.847269535981,1.152730464019),.PIECEWISE_BEZIER_KNOTS.);
#4922 = CARTESIAN_POINT('',(3.,-0.1));
#4923 = CARTESIAN_POINT('',(0.,-0.1));
#4924 = ( GEOMETRIC_REPRESENTATION_CONTEXT(2) 
PARAMETRIC_REPRESENTATION_CONTEXT() REPRESENTATION_CONTEXT('2D SPACE',''
  ) );
#4925 = ORIENTED_EDGE('',*,*,#4926,.F.);
#4926 = EDGE_CURVE('',#4927,#4901,#4929,.T.);
#4927 = VERTEX_POINT('',#4928);
#4928 = CARTESIAN_POINT('',(11.825,-0.35,2.861008928571));
#4929 = SURFACE_CURVE('',#4930,(#4934,#4940),.PCURVE_S1.);
#4930 = LINE('',#4931,#4932);
#4931 = CARTESIAN_POINT('',(11.825,-0.824999997213,2.861008928571));
#4932 = VECTOR('',#4933,1.);
#4933 = DIRECTION('',(2.22044604925E-16,-1.,0.));
#4934 = PCURVE('',#1319,#4935);
#4935 = DEFINITIONAL_REPRESENTATION('',(#4936),#4939);
#4936 = B_SPLINE_CURVE_WITH_KNOTS('',1,(#4937,#4938),.UNSPECIFIED.,.F.,
  .F.,(2,2),(-0.474999997213,0.825000002787),.PIECEWISE_BEZIER_KNOTS.);
#4937 = CARTESIAN_POINT('',(-0.694539071962,-0.350000005575));
#4938 = CARTESIAN_POINT('',(-0.694539071962,-1.650000005575));
#4939 = ( GEOMETRIC_REPRESENTATION_CONTEXT(2) 
PARAMETRIC_REPRESENTATION_CONTEXT() REPRESENTATION_CONTEXT('2D SPACE',''
  ) );
#4940 = PCURVE('',#4941,#4946);
#4941 = PLANE('',#4942);
#4942 = AXIS2_PLACEMENT_3D('',#4943,#4944,#4945);
#4943 = CARTESIAN_POINT('',(11.825,-1.65,2.761008928571));
#4944 = DIRECTION('',(-1.,-2.22044604925E-16,0.));
#4945 = DIRECTION('',(-2.22044604925E-16,1.,0.));
#4946 = DEFINITIONAL_REPRESENTATION('',(#4947),#4950);
#4947 = B_SPLINE_CURVE_WITH_KNOTS('',1,(#4948,#4949),.UNSPECIFIED.,.F.,
  .F.,(2,2),(-0.474999997213,0.825000002787),.PIECEWISE_BEZIER_KNOTS.);
#4948 = CARTESIAN_POINT('',(1.3,-0.1));
#4949 = CARTESIAN_POINT('',(0.,-0.1));
#4950 = ( GEOMETRIC_REPRESENTATION_CONTEXT(2) 
PARAMETRIC_REPRESENTATION_CONTEXT() REPRESENTATION_CONTEXT('2D SPACE',''
  ) );
#4951 = ORIENTED_EDGE('',*,*,#4952,.T.);
#4952 = EDGE_CURVE('',#4927,#4953,#4955,.T.);
#4953 = VERTEX_POINT('',#4954);
#4954 = CARTESIAN_POINT('',(12.525,-0.35,2.861008928571));
#4955 = SURFACE_CURVE('',#4956,(#4960,#4966),.PCURVE_S1.);
#4956 = LINE('',#4957,#4958);
#4957 = CARTESIAN_POINT('',(12.522269535981,-0.35,2.861008928571));
#4958 = VECTOR('',#4959,1.);
#4959 = DIRECTION('',(1.,2.22044604925E-16,0.));
#4960 = PCURVE('',#1319,#4961);
#4961 = DEFINITIONAL_REPRESENTATION('',(#4962),#4965);
#4962 = B_SPLINE_CURVE_WITH_KNOTS('',1,(#4963,#4964),.UNSPECIFIED.,.F.,
  .F.,(2,2),(-0.697269535981,2.730464018933E-03),
  .PIECEWISE_BEZIER_KNOTS.);
#4963 = CARTESIAN_POINT('',(-0.694539071962,-0.350000005575));
#4964 = CARTESIAN_POINT('',(5.460928037866E-03,-0.350000005575));
#4965 = ( GEOMETRIC_REPRESENTATION_CONTEXT(2) 
PARAMETRIC_REPRESENTATION_CONTEXT() REPRESENTATION_CONTEXT('2D SPACE',''
  ) );
#4966 = PCURVE('',#4967,#4972);
#4967 = PLANE('',#4968);
#4968 = AXIS2_PLACEMENT_3D('',#4969,#4970,#4971);
#4969 = CARTESIAN_POINT('',(12.525,-0.35,2.761008928571));
#4970 = DIRECTION('',(2.22044604925E-16,-1.,0.));
#4971 = DIRECTION('',(-1.,-2.22044604925E-16,0.));
#4972 = DEFINITIONAL_REPRESENTATION('',(#4973),#4976);
#4973 = B_SPLINE_CURVE_WITH_KNOTS('',1,(#4974,#4975),.UNSPECIFIED.,.F.,
  .F.,(2,2),(-0.697269535981,2.730464018933E-03),
  .PIECEWISE_BEZIER_KNOTS.);
#4974 = CARTESIAN_POINT('',(0.7,-0.1));
#4975 = CARTESIAN_POINT('',(0.,-0.1));
#4976 = ( GEOMETRIC_REPRESENTATION_CONTEXT(2) 
PARAMETRIC_REPRESENTATION_CONTEXT() REPRESENTATION_CONTEXT('2D SPACE',''
  ) );
#4977 = ORIENTED_EDGE('',*,*,#4978,.T.);
#4978 = EDGE_CURVE('',#4953,#4979,#4981,.T.);
#4979 = VERTEX_POINT('',#4980);
#4980 = CARTESIAN_POINT('',(12.525,0.35,2.861008928571));
#4981 = SURFACE_CURVE('',#4982,(#4986,#4992),.PCURVE_S1.);
#4982 = LINE('',#4983,#4984);
#4983 = CARTESIAN_POINT('',(12.525,0.175000002787,2.861008928571));
#4984 = VECTOR('',#4985,1.);
#4985 = DIRECTION('',(-2.22044604925E-16,1.,0.));
#4986 = PCURVE('',#1319,#4987);
#4987 = DEFINITIONAL_REPRESENTATION('',(#4988),#4991);
#4988 = B_SPLINE_CURVE_WITH_KNOTS('',1,(#4989,#4990),.UNSPECIFIED.,.F.,
  .F.,(2,2),(-0.525000002787,0.174999997213),.PIECEWISE_BEZIER_KNOTS.);
#4989 = CARTESIAN_POINT('',(5.460928037866E-03,-0.350000005575));
#4990 = CARTESIAN_POINT('',(5.460928037866E-03,0.349999994425));
#4991 = ( GEOMETRIC_REPRESENTATION_CONTEXT(2) 
PARAMETRIC_REPRESENTATION_CONTEXT() REPRESENTATION_CONTEXT('2D SPACE',''
  ) );
#4992 = PCURVE('',#4993,#4998);
#4993 = PLANE('',#4994);
#4994 = AXIS2_PLACEMENT_3D('',#4995,#4996,#4997);
#4995 = CARTESIAN_POINT('',(12.525,0.35,2.761008928571));
#4996 = DIRECTION('',(1.,2.22044604925E-16,0.));
#4997 = DIRECTION('',(2.22044604925E-16,-1.,0.));
#4998 = DEFINITIONAL_REPRESENTATION('',(#4999),#5002);
#4999 = B_SPLINE_CURVE_WITH_KNOTS('',1,(#5000,#5001),.UNSPECIFIED.,.F.,
  .F.,(2,2),(-0.525000002787,0.174999997213),.PIECEWISE_BEZIER_KNOTS.);
#5000 = CARTESIAN_POINT('',(0.7,-0.1));
#5001 = CARTESIAN_POINT('',(0.,-0.1));
#5002 = ( GEOMETRIC_REPRESENTATION_CONTEXT(2) 
PARAMETRIC_REPRESENTATION_CONTEXT() REPRESENTATION_CONTEXT('2D SPACE',''
  ) );
#5003 = ORIENTED_EDGE('',*,*,#5004,.T.);
#5004 = EDGE_CURVE('',#4979,#4459,#5005,.T.);
#5005 = SURFACE_CURVE('',#5006,(#5010,#5016),.PCURVE_S1.);
#5006 = LINE('',#5007,#5008);
#5007 = CARTESIAN_POINT('',(12.172269535981,0.35,2.861008928571));
#5008 = VECTOR('',#5009,1.);
#5009 = DIRECTION('',(-1.,-2.22044604925E-16,0.));
#5010 = PCURVE('',#1319,#5011);
#5011 = DEFINITIONAL_REPRESENTATION('',(#5012),#5015);
#5012 = B_SPLINE_CURVE_WITH_KNOTS('',1,(#5013,#5014),.UNSPECIFIED.,.F.,
  .F.,(2,2),(-0.352730464019,0.347269535981),.PIECEWISE_BEZIER_KNOTS.);
#5013 = CARTESIAN_POINT('',(5.460928037866E-03,0.349999994425));
#5014 = CARTESIAN_POINT('',(-0.694539071962,0.349999994425));
#5015 = ( GEOMETRIC_REPRESENTATION_CONTEXT(2) 
PARAMETRIC_REPRESENTATION_CONTEXT() REPRESENTATION_CONTEXT('2D SPACE',''
  ) );
#5016 = PCURVE('',#5017,#5022);
#5017 = PLANE('',#5018);
#5018 = AXIS2_PLACEMENT_3D('',#5019,#5020,#5021);
#5019 = CARTESIAN_POINT('',(11.825,0.35,2.761008928571));
#5020 = DIRECTION('',(-2.22044604925E-16,1.,0.));
#5021 = DIRECTION('',(1.,2.22044604925E-16,0.));
#5022 = DEFINITIONAL_REPRESENTATION('',(#5023),#5026);
#5023 = B_SPLINE_CURVE_WITH_KNOTS('',1,(#5024,#5025),.UNSPECIFIED.,.F.,
  .F.,(2,2),(-0.352730464019,0.347269535981),.PIECEWISE_BEZIER_KNOTS.);
#5024 = CARTESIAN_POINT('',(0.7,-0.1));
#5025 = CARTESIAN_POINT('',(0.,-0.1));
#5026 = ( GEOMETRIC_REPRESENTATION_CONTEXT(2) 
PARAMETRIC_REPRESENTATION_CONTEXT() REPRESENTATION_CONTEXT('2D SPACE',''
  ) );
#5027 = ADVANCED_FACE('',(#5028),#1606,.T.);
#5028 = FACE_BOUND('',#5029,.T.);
#5029 = EDGE_LOOP('',(#5030,#5031,#5054,#5077));
#5030 = ORIENTED_EDGE('',*,*,#1591,.F.);
#5031 = ORIENTED_EDGE('',*,*,#5032,.T.);
#5032 = EDGE_CURVE('',#1565,#5033,#5035,.T.);
#5033 = VERTEX_POINT('',#5034);
#5034 = CARTESIAN_POINT('',(18.818986914749,-6.999999999985,
    2.361001734133));
#5035 = SURFACE_CURVE('',#5036,(#5041,#5047),.PCURVE_S1.);
#5036 = CIRCLE('',#5037,0.5);
#5037 = AXIS2_PLACEMENT_3D('',#5038,#5039,#5040);
#5038 = CARTESIAN_POINT('',(18.818986914749,-6.500000000021,
    2.361008928571));
#5039 = DIRECTION('',(1.,0.,0.));
#5040 = DIRECTION('',(0.,1.,0.));
#5041 = PCURVE('',#1606,#5042);
#5042 = DEFINITIONAL_REPRESENTATION('',(#5043),#5046);
#5043 = B_SPLINE_CURVE_WITH_KNOTS('',1,(#5044,#5045),.UNSPECIFIED.,.F.,
  .F.,(2,2),(1.570796326753,3.141607042467),.PIECEWISE_BEZIER_KNOTS.);
#5044 = CARTESIAN_POINT('',(4.712389182803,7.853981845655));
#5045 = CARTESIAN_POINT('',(4.712389182803,6.28317112994));
#5046 = ( GEOMETRIC_REPRESENTATION_CONTEXT(2) 
PARAMETRIC_REPRESENTATION_CONTEXT() REPRESENTATION_CONTEXT('2D SPACE',''
  ) );
#5047 = PCURVE('',#1580,#5048);
#5048 = DEFINITIONAL_REPRESENTATION('',(#5049),#5053);
#5049 = LINE('',#5050,#5051);
#5050 = CARTESIAN_POINT('',(0.,18.818986914749));
#5051 = VECTOR('',#5052,1.);
#5052 = DIRECTION('',(1.,0.));
#5053 = ( GEOMETRIC_REPRESENTATION_CONTEXT(2) 
PARAMETRIC_REPRESENTATION_CONTEXT() REPRESENTATION_CONTEXT('2D SPACE',''
  ) );
#5054 = ORIENTED_EDGE('',*,*,#5055,.T.);
#5055 = EDGE_CURVE('',#5033,#5056,#5058,.T.);
#5056 = VERTEX_POINT('',#5057);
#5057 = CARTESIAN_POINT('',(27.113037428241,-3.456292890132,
    2.361001734133));
#5058 = SURFACE_CURVE('',#5059,(#5064,#5071),.PCURVE_S1.);
#5059 = CIRCLE('',#5060,11.477976313871);
#5060 = AXIS2_PLACEMENT_3D('',#5061,#5062,#5063);
#5061 = CARTESIAN_POINT('',(18.818984591395,4.477976313901,
    2.361001839952));
#5062 = DIRECTION('',(0.,-0.,1.));
#5063 = DIRECTION('',(1.,9.219299671302E-09,0.));
#5064 = PCURVE('',#1606,#5065);
#5065 = DEFINITIONAL_REPRESENTATION('',(#5066),#5070);
#5066 = LINE('',#5067,#5068);
#5067 = CARTESIAN_POINT('',(0.,6.28317112994));
#5068 = VECTOR('',#5069,1.);
#5069 = DIRECTION('',(1.,0.));
#5070 = ( GEOMETRIC_REPRESENTATION_CONTEXT(2) 
PARAMETRIC_REPRESENTATION_CONTEXT() REPRESENTATION_CONTEXT('2D SPACE',''
  ) );
#5071 = PCURVE('',#415,#5072);
#5072 = DEFINITIONAL_REPRESENTATION('',(#5073),#5076);
#5073 = B_SPLINE_CURVE_WITH_KNOTS('',1,(#5074,#5075),.UNSPECIFIED.,.F.,
  .F.,(2,2),(4.712389182803,5.519953619349),.PIECEWISE_BEZIER_KNOTS.);
#5074 = CARTESIAN_POINT('',(4.712389182803,1.861008928254));
#5075 = CARTESIAN_POINT('',(5.519953619349,1.861008928254));
#5076 = ( GEOMETRIC_REPRESENTATION_CONTEXT(2) 
PARAMETRIC_REPRESENTATION_CONTEXT() REPRESENTATION_CONTEXT('2D SPACE',''
  ) );
#5077 = ORIENTED_EDGE('',*,*,#5078,.F.);
#5078 = EDGE_CURVE('',#1485,#5056,#5079,.T.);
#5079 = SURFACE_CURVE('',#5080,(#5125,#5173),.PCURVE_S1.);
#5080 = B_SPLINE_CURVE_WITH_KNOTS('',7,(#5081,#5082,#5083,#5084,#5085,
    #5086,#5087,#5088,#5089,#5090,#5091,#5092,#5093,#5094,#5095,#5096,
    #5097,#5098,#5099,#5100,#5101,#5102,#5103,#5104,#5105,#5106,#5107,
    #5108,#5109,#5110,#5111,#5112,#5113,#5114,#5115,#5116,#5117,#5118,
    #5119,#5120,#5121,#5122,#5123,#5124),.UNSPECIFIED.,.F.,.F.,(8,6,6,6,
    6,6,6,8),(0.,0.204308985111,0.581997525435,0.99573180152,
    0.99848983527,0.999438592987,0.99990904815,1.),.UNSPECIFIED.);
#5081 = CARTESIAN_POINT('',(24.54199786146,-4.890218855707,
    2.861008928571));
#5082 = CARTESIAN_POINT('',(24.624557573601,-4.872627199324,
    2.861008931748));
#5083 = CARTESIAN_POINT('',(24.707546392637,-4.853244113822,
    2.859175990018));
#5084 = CARTESIAN_POINT('',(24.790742912987,-4.832059431924,
    2.855658639519));
#5085 = CARTESIAN_POINT('',(24.873960434393,-4.809076809651,
    2.850594331824));
#5086 = CARTESIAN_POINT('',(24.95704361137,-4.784309167092,
    2.844109451957));
#5087 = CARTESIAN_POINT('',(25.039865102658,-4.757774129157,
    2.836319336411));
#5088 = CARTESIAN_POINT('',(25.274753639816,-4.677202030218,
    2.810707315073));
#5089 = CARTESIAN_POINT('',(25.425899988716,-4.618949213281,
    2.789986814959));
#5090 = CARTESIAN_POINT('',(25.575128936057,-4.554845434001,
    2.765827219347));
#5091 = CARTESIAN_POINT('',(25.721951594932,-4.48505595281,
    2.738775982774));
#5092 = CARTESIAN_POINT('',(25.86598711819,-4.409765507821,
    2.709299941743));
#5093 = CARTESIAN_POINT('',(26.0069390448,-4.329152508333,2.677804842005
    ));
#5094 = CARTESIAN_POINT('',(26.295364213786,-4.149398060467,
    2.608314249603));
#5095 = CARTESIAN_POINT('',(26.442144258842,-4.049242145319,
    2.569993123708));
#5096 = CARTESIAN_POINT('',(26.584609114007,-3.943119001277,
    2.530147638158));
#5097 = CARTESIAN_POINT('',(26.722481838339,-3.831253932381,
    2.489190839352));
#5098 = CARTESIAN_POINT('',(26.855514083688,-3.713874140856,
    2.44750117984));
#5099 = CARTESIAN_POINT('',(26.983479738283,-3.591203331724,
    2.405439447059));
#5100 = CARTESIAN_POINT('',(27.106988983191,-3.462604780981,
    2.363080781071));
#5101 = CARTESIAN_POINT('',(27.107806635512,-3.461752966962,
    2.362800281641));
#5102 = CARTESIAN_POINT('',(27.108624051448,-3.460900929459,
    2.362519779931));
#5103 = CARTESIAN_POINT('',(27.109441229913,-3.46004866961,
    2.362239274957));
#5104 = CARTESIAN_POINT('',(27.110258172787,-3.45919618545,
    2.361958768896));
#5105 = CARTESIAN_POINT('',(27.111074884918,-3.458343471909,
    2.361678267081));
#5106 = CARTESIAN_POINT('',(27.112172244667,-3.457197107461,
    2.361301290356));
#5107 = CARTESIAN_POINT('',(27.11227632236,-3.457088365444,
    2.361265535077));
#5108 = CARTESIAN_POINT('',(27.112331499925,-3.457030692475,
    2.361246576737));
#5109 = CARTESIAN_POINT('',(27.112412750122,-3.456945771013,
    2.361218661676));
#5110 = CARTESIAN_POINT('',(27.112542125738,-3.456810568262,
    2.361174217992));
#5111 = CARTESIAN_POINT('',(27.112688759596,-3.456657336172,
    2.361123855542));
#5112 = CARTESIAN_POINT('',(27.112808585748,-3.45653209533,
    2.361082734839));
#5113 = CARTESIAN_POINT('',(27.112842518134,-3.456496628683,
    2.361074253269));
#5114 = CARTESIAN_POINT('',(27.112875004984,-3.456462672036,
    2.361063936192));
#5115 = CARTESIAN_POINT('',(27.112908763426,-3.456427385487,
    2.361049055637));
#5116 = CARTESIAN_POINT('',(27.112944884442,-3.456389628703,
    2.36103114071));
#5117 = CARTESIAN_POINT('',(27.112982832875,-3.456349960914,
    2.36101597759));
#5118 = CARTESIAN_POINT('',(27.113027719341,-3.456303039287,
    2.361013151724));
#5119 = CARTESIAN_POINT('',(27.113045179517,-3.4562847874,2.361014129822
    ));
#5120 = CARTESIAN_POINT('',(27.113017192456,-3.456314043408,
    2.361021328971));
#5121 = CARTESIAN_POINT('',(27.113122905838,-3.456203536273,
    2.361013127121));
#5122 = CARTESIAN_POINT('',(27.11290078326,-3.456435731787,
    2.361022119126));
#5123 = CARTESIAN_POINT('',(27.113084903375,-3.456243261941,
    2.360990123175));
#5124 = CARTESIAN_POINT('',(27.113037501371,-3.456292813649,
    2.361002129493));
#5125 = PCURVE('',#1606,#5126);
#5126 = DEFINITIONAL_REPRESENTATION('',(#5127),#5172);
#5127 = B_SPLINE_CURVE_WITH_KNOTS('',7,(#5128,#5129,#5130,#5131,#5132,
    #5133,#5134,#5135,#5136,#5137,#5138,#5139,#5140,#5141,#5142,#5143,
    #5144,#5145,#5146,#5147,#5148,#5149,#5150,#5151,#5152,#5153,#5154,
    #5155,#5156,#5157,#5158,#5159,#5160,#5161,#5162,#5163,#5164,#5165,
    #5166,#5167,#5168,#5169,#5170,#5171),.UNSPECIFIED.,.F.,.F.,(8,6,6,6,
    6,6,6,8),(0.,0.204308985111,0.581997525435,0.99573180152,
    0.99848983527,0.999438592987,0.99990904815,1.),.UNSPECIFIED.);
#5128 = CARTESIAN_POINT('',(5.260783317471,7.853981845655));
#5129 = CARTESIAN_POINT('',(5.268036404612,7.79792629168));
#5130 = CARTESIAN_POINT('',(5.275364704636,7.743132982508));
#5131 = CARTESIAN_POINT('',(5.282753080548,7.689498801291));
#5132 = CARTESIAN_POINT('',(5.290189206016,7.636932821528));
#5133 = CARTESIAN_POINT('',(5.297663305035,7.585352782791));
#5134 = CARTESIAN_POINT('',(5.305167891588,7.534681566444));
#5135 = CARTESIAN_POINT('',(5.326616869348,7.392712618805));
#5136 = CARTESIAN_POINT('',(5.340618143874,7.303453621696));
#5137 = CARTESIAN_POINT('',(5.354668260654,7.216584222902));
#5138 = CARTESIAN_POINT('',(5.368745109751,7.131737922563));
#5139 = CARTESIAN_POINT('',(5.38283449807,7.048606274883));
#5140 = CARTESIAN_POINT('',(5.396928690598,6.966905524056));
#5141 = CARTESIAN_POINT('',(5.426469852546,6.798143695291));
#5142 = CARTESIAN_POINT('',(5.441914306885,6.711333324239));
#5143 = CARTESIAN_POINT('',(5.457356041816,6.625595066566));
#5144 = CARTESIAN_POINT('',(5.472793499738,6.540641480241));
#5145 = CARTESIAN_POINT('',(5.488226808316,6.456210819909));
#5146 = CARTESIAN_POINT('',(5.503657576403,6.372047292896));
#5147 = CARTESIAN_POINT('',(5.519191972124,6.287329023326));
#5148 = CARTESIAN_POINT('',(5.519294841993,6.286768019985));
#5149 = CARTESIAN_POINT('',(5.519397711653,6.286207013522));
#5150 = CARTESIAN_POINT('',(5.519500580974,6.285646001684));
#5151 = CARTESIAN_POINT('',(5.519603450202,6.285084988533));
#5152 = CARTESIAN_POINT('',(5.519706319957,6.284523984446));
#5153 = CARTESIAN_POINT('',(5.519844578733,6.283770030769));
#5154 = CARTESIAN_POINT('',(5.519857692752,6.283698520199));
#5155 = CARTESIAN_POINT('',(5.519864646668,6.283660603526));
#5156 = CARTESIAN_POINT('',(5.519874886258,6.283604773408));
#5157 = CARTESIAN_POINT('',(5.519891189701,6.283515886033));
#5158 = CARTESIAN_POINT('',(5.519909667572,6.283415161123));
#5159 = CARTESIAN_POINT('',(5.519924768738,6.283332919715));
#5160 = CARTESIAN_POINT('',(5.519929045147,6.283315956574));
#5161 = CARTESIAN_POINT('',(5.519933139435,6.28329532242));
#5162 = CARTESIAN_POINT('',(5.51993739403,6.283265561311));
#5163 = CARTESIAN_POINT('',(5.519941946426,6.283229731456));
#5164 = CARTESIAN_POINT('',(5.519946729187,6.283199405216));
#5165 = CARTESIAN_POINT('',(5.519952386463,6.283193753486));
#5166 = CARTESIAN_POINT('',(5.519954587064,6.283195709682));
#5167 = CARTESIAN_POINT('',(5.519951059708,6.283210107979));
#5168 = CARTESIAN_POINT('',(5.51996438336,6.283193704279));
#5169 = CARTESIAN_POINT('',(5.519936387976,6.283211688289));
#5170 = CARTESIAN_POINT('',(5.519959593701,6.283147696387));
#5171 = CARTESIAN_POINT('',(5.519953619349,6.283171709023));
#5172 = ( GEOMETRIC_REPRESENTATION_CONTEXT(2) 
PARAMETRIC_REPRESENTATION_CONTEXT() REPRESENTATION_CONTEXT('2D SPACE',''
  ) );
#5173 = PCURVE('',#140,#5174);
#5174 = DEFINITIONAL_REPRESENTATION('',(#5175),#5245);
#5175 = B_SPLINE_CURVE_WITH_KNOTS('',3,(#5176,#5177,#5178,#5179,#5180,
    #5181,#5182,#5183,#5184,#5185,#5186,#5187,#5188,#5189,#5190,#5191,
    #5192,#5193,#5194,#5195,#5196,#5197,#5198,#5199,#5200,#5201,#5202,
    #5203,#5204,#5205,#5206,#5207,#5208,#5209,#5210,#5211,#5212,#5213,
    #5214,#5215,#5216,#5217,#5218,#5219,#5220,#5221,#5222,#5223,#5224,
    #5225,#5226,#5227,#5228,#5229,#5230,#5231,#5232,#5233,#5234,#5235,
    #5236,#5237,#5238,#5239,#5240,#5241,#5242,#5243,#5244),
  .UNSPECIFIED.,.F.,.F.,(4,1,1,1,1,1,1,1,1,1,1,1,1,1,1,1,1,1,1,1,1,1,1,1
    ,1,1,1,1,1,1,1,1,1,1,1,1,1,1,1,1,1,1,1,1,1,1,1,1,1,1,1,1,1,1,1,1,1,1
    ,1,1,1,1,1,1,1,1,4),(1.101955474647E-07,1.515162367743E-02,
    3.030313715932E-02,4.54546506412E-02,6.060616412309E-02,
    7.575767760498E-02,9.090919108686E-02,0.106060704569,0.121212218051,
    0.136363731533,0.151515245014,0.166666758496,0.181818271978,
    0.19696978546,0.212121298942,0.227272812424,0.242424325906,
    0.257575839388,0.272727352869,0.287878866351,0.303030379833,
    0.318181893315,0.333333406797,0.348484920279,0.363636433761,
    0.378787947243,0.393939460725,0.409090974206,0.424242487688,
    0.43939400117,0.454545514652,0.469697028134,0.484848541616,
    0.500000055098,0.51515156858,0.530303082062,0.545454595543,
    0.560606109025,0.575757622507,0.590909135989,0.606060649471,
    0.621212162953,0.636363676435,0.651515189917,0.666666703399,
    0.68181821688,0.696969730362,0.712121243844,0.727272757326,
    0.742424270808,0.75757578429,0.772727297772,0.787878811254,
    0.803030324735,0.818181838217,0.833333351699,0.848484865181,
    0.863636378663,0.878787892145,0.893939405627,0.909090919109,
    0.924242432591,0.939393946072,0.954545459554,0.969696973036,
    0.984848486518,1.),.QUASI_UNIFORM_KNOTS.);
#5176 = CARTESIAN_POINT('',(-4.922327361865,5.));
#5177 = CARTESIAN_POINT('',(-4.925248736932,5.000000023935));
#5178 = CARTESIAN_POINT('',(-4.931103645203,5.000141111132));
#5179 = CARTESIAN_POINT('',(-4.939919754574,5.000763587772));
#5180 = CARTESIAN_POINT('',(-4.948766818202,5.001784527711));
#5181 = CARTESIAN_POINT('',(-4.957642271799,5.003191934846));
#5182 = CARTESIAN_POINT('',(-4.966543695153,5.004974066253));
#5183 = CARTESIAN_POINT('',(-4.975468829239,5.007119467767));
#5184 = CARTESIAN_POINT('',(-4.984415566314,5.009616964315));
#5185 = CARTESIAN_POINT('',(-4.993381947461,5.012455662397));
#5186 = CARTESIAN_POINT('',(-5.002366158186,5.015624949221));
#5187 = CARTESIAN_POINT('',(-5.011366525271,5.019114493063));
#5188 = CARTESIAN_POINT('',(-5.020381511457,5.022914242077));
#5189 = CARTESIAN_POINT('',(-5.029409718484,5.027014428105));
#5190 = CARTESIAN_POINT('',(-5.038449859892,5.031405551989));
#5191 = CARTESIAN_POINT('',(-5.047500847383,5.036078437926));
#5192 = CARTESIAN_POINT('',(-5.056561003867,5.041023783946));
#5193 = CARTESIAN_POINT('',(-5.065629482549,5.046232919264));
#5194 = CARTESIAN_POINT('',(-5.074705391642,5.051697358836));
#5195 = CARTESIAN_POINT('',(-5.083787917532,5.057408855672));
#5196 = CARTESIAN_POINT('',(-5.092876289506,5.063359377031));
#5197 = CARTESIAN_POINT('',(-5.101969787057,5.069541101361));
#5198 = CARTESIAN_POINT('',(-5.111067735892,5.075946410017));
#5199 = CARTESIAN_POINT('',(-5.120169507077,5.082567880723));
#5200 = CARTESIAN_POINT('',(-5.12927451546,5.089398280906));
#5201 = CARTESIAN_POINT('',(-5.138382218393,5.09643056141));
#5202 = CARTESIAN_POINT('',(-5.147492114494,5.103657850445));
#5203 = CARTESIAN_POINT('',(-5.156603742497,5.111073447817));
#5204 = CARTESIAN_POINT('',(-5.165716680202,5.118670819424));
#5205 = CARTESIAN_POINT('',(-5.174830543491,5.126443592026));
#5206 = CARTESIAN_POINT('',(-5.183944985443,5.134385548275));
#5207 = CARTESIAN_POINT('',(-5.193059695518,5.142490622026));
#5208 = CARTESIAN_POINT('',(-5.202174398835,5.15075289391));
#5209 = CARTESIAN_POINT('',(-5.21128885551,5.159166587175));
#5210 = CARTESIAN_POINT('',(-5.220402860101,5.167726063814));
#5211 = CARTESIAN_POINT('',(-5.229516241055,5.176425820897));
#5212 = CARTESIAN_POINT('',(-5.238628860456,5.185260487421));
#5213 = CARTESIAN_POINT('',(-5.247740613024,5.194224820492));
#5214 = CARTESIAN_POINT('',(-5.256851428228,5.203313705272));
#5215 = CARTESIAN_POINT('',(-5.265961261084,5.212522142175));
#5216 = CARTESIAN_POINT('',(-5.275070125511,5.221845282905));
#5217 = CARTESIAN_POINT('',(-5.284177521147,5.231277808823));
#5218 = CARTESIAN_POINT('',(-5.29328349311,5.240815044823));
#5219 = CARTESIAN_POINT('',(-5.302388006064,5.250452303609));
#5220 = CARTESIAN_POINT('',(-5.311491055366,5.26018499782));
#5221 = CARTESIAN_POINT('',(-5.320592637028,5.270008605697));
#5222 = CARTESIAN_POINT('',(-5.329692755527,5.279918676047));
#5223 = CARTESIAN_POINT('',(-5.338791421491,5.28991082276));
#5224 = CARTESIAN_POINT('',(-5.347888652113,5.299980722184));
#5225 = CARTESIAN_POINT('',(-5.356984470847,5.310124109803));
#5226 = CARTESIAN_POINT('',(-5.366078907316,5.320336777177));
#5227 = CARTESIAN_POINT('',(-5.375171997176,5.330614568868));
#5228 = CARTESIAN_POINT('',(-5.384263782014,5.340953379451));
#5229 = CARTESIAN_POINT('',(-5.393354309234,5.351349150548));
#5230 = CARTESIAN_POINT('',(-5.402443632022,5.361797867992));
#5231 = CARTESIAN_POINT('',(-5.411531809095,5.372295558779));
#5232 = CARTESIAN_POINT('',(-5.420618905291,5.382838289048));
#5233 = CARTESIAN_POINT('',(-5.429704989099,5.393422158489));
#5234 = CARTESIAN_POINT('',(-5.438790141646,5.404043308341));
#5235 = CARTESIAN_POINT('',(-5.447874423017,5.414697878911));
#5236 = CARTESIAN_POINT('',(-5.456957997809,5.425382155745));
#5237 = CARTESIAN_POINT('',(-5.466040666529,5.436092011983));
#5238 = CARTESIAN_POINT('',(-5.475123614417,5.446824977679));
#5239 = CARTESIAN_POINT('',(-5.484202884816,5.457572505356));
#5240 = CARTESIAN_POINT('',(-5.493293736988,5.468348824004));
#5241 = CARTESIAN_POINT('',(-5.502339741635,5.479083243383));
#5242 = CARTESIAN_POINT('',(-5.511552041264,5.490022068999));
#5243 = CARTESIAN_POINT('',(-5.517279489416,5.496826439257));
#5244 = CARTESIAN_POINT('',(-5.519956005904,5.500006799078));
#5245 = ( GEOMETRIC_REPRESENTATION_CONTEXT(2) 
PARAMETRIC_REPRESENTATION_CONTEXT() REPRESENTATION_CONTEXT('2D SPACE',''
  ) );
#5246 = ADVANCED_FACE('',(#5247),#86,.T.);
#5247 = FACE_BOUND('',#5248,.T.);
#5248 = EDGE_LOOP('',(#5249,#5270,#5290,#5311,#5312));
#5249 = ORIENTED_EDGE('',*,*,#5250,.F.);
#5250 = EDGE_CURVE('',#5251,#72,#5253,.T.);
#5251 = VERTEX_POINT('',#5252);
#5252 = CARTESIAN_POINT('',(27.113037435186,-3.456292882836,
    2.861008928571));
#5253 = SURFACE_CURVE('',#5254,(#5258,#5264),.PCURVE_S1.);
#5254 = LINE('',#5255,#5256);
#5255 = CARTESIAN_POINT('',(22.557259370193,0.901864159129,
    2.861008928571));
#5256 = VECTOR('',#5257,1.);
#5257 = DIRECTION('',(0.722605705579,-0.691260438811,0.));
#5258 = PCURVE('',#86,#5259);
#5259 = DEFINITIONAL_REPRESENTATION('',(#5260),#5263);
#5260 = B_SPLINE_CURVE_WITH_KNOTS('',1,(#5261,#5262),.UNSPECIFIED.,.F.,
  .F.,(2,2),(5.804652666556,7.304652772375),.PIECEWISE_BEZIER_KNOTS.);
#5261 = CARTESIAN_POINT('',(0.825238281416,-1.43050451433));
#5262 = CARTESIAN_POINT('',(-0.674761824403,-1.43050451433));
#5263 = ( GEOMETRIC_REPRESENTATION_CONTEXT(2) 
PARAMETRIC_REPRESENTATION_CONTEXT() REPRESENTATION_CONTEXT('2D SPACE',''
  ) );
#5264 = PCURVE('',#114,#5265);
#5265 = DEFINITIONAL_REPRESENTATION('',(#5266),#5269);
#5266 = B_SPLINE_CURVE_WITH_KNOTS('',1,(#5267,#5268),.UNSPECIFIED.,.F.,
  .F.,(2,2),(5.804652666556,7.304652772375),.PIECEWISE_BEZIER_KNOTS.);
#5267 = CARTESIAN_POINT('',(14.232195433987,-3.110662595875));
#5268 = CARTESIAN_POINT('',(15.31610406882,-4.147553327239));
#5269 = ( GEOMETRIC_REPRESENTATION_CONTEXT(2) 
PARAMETRIC_REPRESENTATION_CONTEXT() REPRESENTATION_CONTEXT('2D SPACE',''
  ) );
#5270 = ORIENTED_EDGE('',*,*,#5271,.T.);
#5271 = EDGE_CURVE('',#5251,#5056,#5272,.T.);
#5272 = SURFACE_CURVE('',#5273,(#5277,#5283),.PCURVE_S1.);
#5273 = LINE('',#5274,#5275);
#5274 = CARTESIAN_POINT('',(27.113037435186,-3.456292882836,
    1.430504464286));
#5275 = VECTOR('',#5276,1.);
#5276 = DIRECTION('',(-0.,-0.,-1.));
#5277 = PCURVE('',#86,#5278);
#5278 = DEFINITIONAL_REPRESENTATION('',(#5279),#5282);
#5279 = B_SPLINE_CURVE_WITH_KNOTS('',1,(#5280,#5281),.UNSPECIFIED.,.F.,
  .F.,(2,2),(-1.716605357143,6.297917802822E-07),
  .PIECEWISE_BEZIER_KNOTS.);
#5280 = CARTESIAN_POINT('',(0.325238175621,-1.716605407187));
#5281 = CARTESIAN_POINT('',(0.325238175621,5.797479083469E-07));
#5282 = ( GEOMETRIC_REPRESENTATION_CONTEXT(2) 
PARAMETRIC_REPRESENTATION_CONTEXT() REPRESENTATION_CONTEXT('2D SPACE',''
  ) );
#5283 = PCURVE('',#140,#5284);
#5284 = DEFINITIONAL_REPRESENTATION('',(#5285),#5289);
#5285 = LINE('',#5286,#5287);
#5286 = CARTESIAN_POINT('',(-5.519955986755,6.430504464286));
#5287 = VECTOR('',#5288,1.);
#5288 = DIRECTION('',(-0.,1.));
#5289 = ( GEOMETRIC_REPRESENTATION_CONTEXT(2) 
PARAMETRIC_REPRESENTATION_CONTEXT() REPRESENTATION_CONTEXT('2D SPACE',''
  ) );
#5290 = ORIENTED_EDGE('',*,*,#5291,.F.);
#5291 = EDGE_CURVE('',#392,#5056,#5292,.T.);
#5292 = SURFACE_CURVE('',#5293,(#5297,#5304),.PCURVE_S1.);
#5293 = LINE('',#5294,#5295);
#5294 = CARTESIAN_POINT('',(27.113037428241,-3.456292890132,
    0.499992805879));
#5295 = VECTOR('',#5296,1.);
#5296 = DIRECTION('',(0.,0.,1.));
#5297 = PCURVE('',#86,#5298);
#5298 = DEFINITIONAL_REPRESENTATION('',(#5299),#5303);
#5299 = LINE('',#5300,#5301);
#5300 = CARTESIAN_POINT('',(0.325238175597,0.930511608363));
#5301 = VECTOR('',#5302,1.);
#5302 = DIRECTION('',(0.,-1.));
#5303 = ( GEOMETRIC_REPRESENTATION_CONTEXT(2) 
PARAMETRIC_REPRESENTATION_CONTEXT() REPRESENTATION_CONTEXT('2D SPACE',''
  ) );
#5304 = PCURVE('',#415,#5305);
#5305 = DEFINITIONAL_REPRESENTATION('',(#5306),#5310);
#5306 = LINE('',#5307,#5308);
#5307 = CARTESIAN_POINT('',(5.519953619349,0.));
#5308 = VECTOR('',#5309,1.);
#5309 = DIRECTION('',(0.,1.));
#5310 = ( GEOMETRIC_REPRESENTATION_CONTEXT(2) 
PARAMETRIC_REPRESENTATION_CONTEXT() REPRESENTATION_CONTEXT('2D SPACE',''
  ) );
#5311 = ORIENTED_EDGE('',*,*,#431,.T.);
#5312 = ORIENTED_EDGE('',*,*,#71,.F.);
#5313 = ADVANCED_FACE('',(#5314),#114,.T.);
#5314 = FACE_BOUND('',#5315,.T.);
#5315 = EDGE_LOOP('',(#5316,#5342,#5343));
#5316 = ORIENTED_EDGE('',*,*,#5317,.T.);
#5317 = EDGE_CURVE('',#98,#5251,#5318,.T.);
#5318 = SURFACE_CURVE('',#5319,(#5324,#5335),.PCURVE_S1.);
#5319 = CIRCLE('',#5320,5.);
#5320 = AXIS2_PLACEMENT_3D('',#5321,#5322,#5323);
#5321 = CARTESIAN_POINT('',(23.5,0.,2.861008928571));
#5322 = DIRECTION('',(0.,0.,-1.));
#5323 = DIRECTION('',(1.,0.,0.));
#5324 = PCURVE('',#114,#5325);
#5325 = DEFINITIONAL_REPRESENTATION('',(#5326),#5334);
#5326 = ( BOUNDED_CURVE() B_SPLINE_CURVE(2,(#5327,#5328,#5329,#5330,
#5331,#5332,#5333),.UNSPECIFIED.,.T.,.F.) B_SPLINE_CURVE_WITH_KNOTS((1,2
    ,2,2,2,1),(-2.094395102393,0.,2.094395102393,4.188790204786,
6.28318530718,8.377580409573),.UNSPECIFIED.) CURVE() 
GEOMETRIC_REPRESENTATION_ITEM() RATIONAL_B_SPLINE_CURVE((1.,0.5,1.,0.5,
1.,0.5,1.)) REPRESENTATION_ITEM('') );
#5327 = CARTESIAN_POINT('',(15.980460928038,-5.574809717181E-09));
#5328 = CARTESIAN_POINT('',(15.980460928038,-8.660254043419));
#5329 = CARTESIAN_POINT('',(8.480460928038,-4.330127024497));
#5330 = CARTESIAN_POINT('',(0.980460928038,-5.574810941828E-09));
#5331 = CARTESIAN_POINT('',(8.480460928038,4.330127013347));
#5332 = CARTESIAN_POINT('',(15.980460928038,8.66025403227));
#5333 = CARTESIAN_POINT('',(15.980460928038,-5.574809717181E-09));
#5334 = ( GEOMETRIC_REPRESENTATION_CONTEXT(2) 
PARAMETRIC_REPRESENTATION_CONTEXT() REPRESENTATION_CONTEXT('2D SPACE',''
  ) );
#5335 = PCURVE('',#140,#5336);
#5336 = DEFINITIONAL_REPRESENTATION('',(#5337),#5341);
#5337 = LINE('',#5338,#5339);
#5338 = CARTESIAN_POINT('',(-6.28318530718,5.));
#5339 = VECTOR('',#5340,1.);
#5340 = DIRECTION('',(1.,-0.));
#5341 = ( GEOMETRIC_REPRESENTATION_CONTEXT(2) 
PARAMETRIC_REPRESENTATION_CONTEXT() REPRESENTATION_CONTEXT('2D SPACE',''
  ) );
#5342 = ORIENTED_EDGE('',*,*,#5250,.T.);
#5343 = ORIENTED_EDGE('',*,*,#97,.T.);
#5344 = ADVANCED_FACE('',(#5345),#219,.T.);
#5345 = FACE_BOUND('',#5346,.T.);
#5346 = EDGE_LOOP('',(#5347,#5370,#5371,#5372,#5396));
#5347 = ORIENTED_EDGE('',*,*,#5348,.F.);
#5348 = EDGE_CURVE('',#993,#5349,#5351,.T.);
#5349 = VERTEX_POINT('',#5350);
#5350 = CARTESIAN_POINT('',(18.818986914749,6.999999999999,
    0.500000937643));
#5351 = SURFACE_CURVE('',#5352,(#5357,#5363),.PCURVE_S1.);
#5352 = CIRCLE('',#5353,12.121502163205);
#5353 = AXIS2_PLACEMENT_3D('',#5354,#5355,#5356);
#5354 = CARTESIAN_POINT('',(18.818984068329,-5.121502163205,
    0.500000937643));
#5355 = DIRECTION('',(0.,-0.,1.));
#5356 = DIRECTION('',(1.,3.60112258853E-09,0.));
#5357 = PCURVE('',#219,#5358);
#5358 = DEFINITIONAL_REPRESENTATION('',(#5359),#5362);
#5359 = B_SPLINE_CURVE_WITH_KNOTS('',1,(#5360,#5361),.UNSPECIFIED.,.F.,
  .F.,(2,2),(0.83030209256,1.57079608837),.PIECEWISE_BEZIER_KNOTS.);
#5360 = CARTESIAN_POINT('',(0.83030209256,6.283186937538));
#5361 = CARTESIAN_POINT('',(1.57079608837,6.283186937538));
#5362 = ( GEOMETRIC_REPRESENTATION_CONTEXT(2) 
PARAMETRIC_REPRESENTATION_CONTEXT() REPRESENTATION_CONTEXT('2D SPACE',''
  ) );
#5363 = PCURVE('',#1007,#5364);
#5364 = DEFINITIONAL_REPRESENTATION('',(#5365),#5369);
#5365 = LINE('',#5366,#5367);
#5366 = CARTESIAN_POINT('',(0.,-1.861007990929));
#5367 = VECTOR('',#5368,1.);
#5368 = DIRECTION('',(1.,0.));
#5369 = ( GEOMETRIC_REPRESENTATION_CONTEXT(2) 
PARAMETRIC_REPRESENTATION_CONTEXT() REPRESENTATION_CONTEXT('2D SPACE',''
  ) );
#5370 = ORIENTED_EDGE('',*,*,#1018,.T.);
#5371 = ORIENTED_EDGE('',*,*,#155,.T.);
#5372 = ORIENTED_EDGE('',*,*,#5373,.T.);
#5373 = EDGE_CURVE('',#158,#5374,#5376,.T.);
#5374 = VERTEX_POINT('',#5375);
#5375 = CARTESIAN_POINT('',(18.818986914749,6.5,0.));
#5376 = SURFACE_CURVE('',#5377,(#5382,#5389),.PCURVE_S1.);
#5377 = CIRCLE('',#5378,11.621502040741);
#5378 = AXIS2_PLACEMENT_3D('',#5379,#5380,#5381);
#5379 = CARTESIAN_POINT('',(18.818984068329,-5.121502163205,
    1.498801083244E-14));
#5380 = DIRECTION('',(-0.,0.,1.));
#5381 = DIRECTION('',(1.,-6.501877519412E-09,0.));
#5382 = PCURVE('',#219,#5383);
#5383 = DEFINITIONAL_REPRESENTATION('',(#5384),#5388);
#5384 = LINE('',#5385,#5386);
#5385 = CARTESIAN_POINT('',(0.,4.712388735458));
#5386 = VECTOR('',#5387,1.);
#5387 = DIRECTION('',(1.,0.));
#5388 = ( GEOMETRIC_REPRESENTATION_CONTEXT(2) 
PARAMETRIC_REPRESENTATION_CONTEXT() REPRESENTATION_CONTEXT('2D SPACE',''
  ) );
#5389 = PCURVE('',#270,#5390);
#5390 = DEFINITIONAL_REPRESENTATION('',(#5391),#5395);
#5391 = CIRCLE('',#5392,11.621502040741);
#5392 = AXIS2_PLACEMENT_2D('',#5393,#5394);
#5393 = CARTESIAN_POINT('',(6.299444996367,-5.12150216878));
#5394 = DIRECTION('',(1.,-6.501877519412E-09));
#5395 = ( GEOMETRIC_REPRESENTATION_CONTEXT(2) 
PARAMETRIC_REPRESENTATION_CONTEXT() REPRESENTATION_CONTEXT('2D SPACE',''
  ) );
#5396 = ORIENTED_EDGE('',*,*,#5397,.T.);
#5397 = EDGE_CURVE('',#5374,#5349,#5398,.T.);
#5398 = SURFACE_CURVE('',#5399,(#5404,#5411),.PCURVE_S1.);
#5399 = CIRCLE('',#5400,0.5);
#5400 = AXIS2_PLACEMENT_3D('',#5401,#5402,#5403);
#5401 = CARTESIAN_POINT('',(18.818986914749,6.5,0.5));
#5402 = DIRECTION('',(1.,-2.449270756098E-07,0.));
#5403 = DIRECTION('',(2.449270756098E-07,1.,0.));
#5404 = PCURVE('',#219,#5405);
#5405 = DEFINITIONAL_REPRESENTATION('',(#5406),#5410);
#5406 = LINE('',#5407,#5408);
#5407 = CARTESIAN_POINT('',(1.57079608837,0.));
#5408 = VECTOR('',#5409,1.);
#5409 = DIRECTION('',(0.,1.));
#5410 = ( GEOMETRIC_REPRESENTATION_CONTEXT(2) 
PARAMETRIC_REPRESENTATION_CONTEXT() REPRESENTATION_CONTEXT('2D SPACE',''
  ) );
#5411 = PCURVE('',#5412,#5417);
#5412 = CYLINDRICAL_SURFACE('',#5413,0.5);
#5413 = AXIS2_PLACEMENT_3D('',#5414,#5415,#5416);
#5414 = CARTESIAN_POINT('',(18.818986914749,6.5,0.5));
#5415 = DIRECTION('',(-1.,0.,0.));
#5416 = DIRECTION('',(0.,1.,0.));
#5417 = DEFINITIONAL_REPRESENTATION('',(#5418),#5421);
#5418 = B_SPLINE_CURVE_WITH_KNOTS('',1,(#5419,#5420),.UNSPECIFIED.,.F.,
  .F.,(2,2),(4.712388735458,6.283186937538),.PIECEWISE_BEZIER_KNOTS.);
#5419 = CARTESIAN_POINT('',(7.853981633974,0.));
#5420 = CARTESIAN_POINT('',(6.283183431894,0.));
#5421 = ( GEOMETRIC_REPRESENTATION_CONTEXT(2) 
PARAMETRIC_REPRESENTATION_CONTEXT() REPRESENTATION_CONTEXT('2D SPACE',''
  ) );
#5422 = ADVANCED_FACE('',(#5423),#415,.T.);
#5423 = FACE_BOUND('',#5424,.T.);
#5424 = EDGE_LOOP('',(#5425,#5426,#5453,#5474,#5475));
#5425 = ORIENTED_EDGE('',*,*,#5055,.F.);
#5426 = ORIENTED_EDGE('',*,*,#5427,.T.);
#5427 = EDGE_CURVE('',#5033,#5428,#5430,.T.);
#5428 = VERTEX_POINT('',#5429);
#5429 = CARTESIAN_POINT('',(18.818986914749,-6.999999999985,
    0.499992805879));
#5430 = SURFACE_CURVE('',#5431,(#5435,#5441),.PCURVE_S1.);
#5431 = LINE('',#5432,#5433);
#5432 = CARTESIAN_POINT('',(18.818986914749,-7.,0.499992805879));
#5433 = VECTOR('',#5434,1.);
#5434 = DIRECTION('',(0.,0.,-1.));
#5435 = PCURVE('',#415,#5436);
#5436 = DEFINITIONAL_REPRESENTATION('',(#5437),#5440);
#5437 = B_SPLINE_CURVE_WITH_KNOTS('',1,(#5438,#5439),.UNSPECIFIED.,.F.,
  .F.,(2,2),(-1.861008928254,-0.),.PIECEWISE_BEZIER_KNOTS.);
#5438 = CARTESIAN_POINT('',(4.712389182803,1.861008928254));
#5439 = CARTESIAN_POINT('',(4.712389182803,0.));
#5440 = ( GEOMETRIC_REPRESENTATION_CONTEXT(2) 
PARAMETRIC_REPRESENTATION_CONTEXT() REPRESENTATION_CONTEXT('2D SPACE',''
  ) );
#5441 = PCURVE('',#5442,#5447);
#5442 = PLANE('',#5443);
#5443 = AXIS2_PLACEMENT_3D('',#5444,#5445,#5446);
#5444 = CARTESIAN_POINT('',(1.875644340732,-7.,0.));
#5445 = DIRECTION('',(0.,1.,0.));
#5446 = DIRECTION('',(1.,0.,0.));
#5447 = DEFINITIONAL_REPRESENTATION('',(#5448),#5452);
#5448 = LINE('',#5449,#5450);
#5449 = CARTESIAN_POINT('',(16.943342574018,-0.499992805879));
#5450 = VECTOR('',#5451,1.);
#5451 = DIRECTION('',(0.,1.));
#5452 = ( GEOMETRIC_REPRESENTATION_CONTEXT(2) 
PARAMETRIC_REPRESENTATION_CONTEXT() REPRESENTATION_CONTEXT('2D SPACE',''
  ) );
#5453 = ORIENTED_EDGE('',*,*,#5454,.T.);
#5454 = EDGE_CURVE('',#5428,#283,#5455,.T.);
#5455 = SURFACE_CURVE('',#5456,(#5461,#5468),.PCURVE_S1.);
#5456 = CIRCLE('',#5457,11.477976313901);
#5457 = AXIS2_PLACEMENT_3D('',#5458,#5459,#5460);
#5458 = CARTESIAN_POINT('',(18.818984591395,4.477976313901,
    0.499992805879));
#5459 = DIRECTION('',(0.,0.,1.));
#5460 = DIRECTION('',(1.,0.,0.));
#5461 = PCURVE('',#415,#5462);
#5462 = DEFINITIONAL_REPRESENTATION('',(#5463),#5467);
#5463 = LINE('',#5464,#5465);
#5464 = CARTESIAN_POINT('',(0.,0.));
#5465 = VECTOR('',#5466,1.);
#5466 = DIRECTION('',(1.,0.));
#5467 = ( GEOMETRIC_REPRESENTATION_CONTEXT(2) 
PARAMETRIC_REPRESENTATION_CONTEXT() REPRESENTATION_CONTEXT('2D SPACE',''
  ) );
#5468 = PCURVE('',#352,#5469);
#5469 = DEFINITIONAL_REPRESENTATION('',(#5470),#5473);
#5470 = B_SPLINE_CURVE_WITH_KNOTS('',1,(#5471,#5472),.UNSPECIFIED.,.F.,
  .F.,(2,2),(4.712389182803,5.519953619349),.PIECEWISE_BEZIER_KNOTS.);
#5471 = CARTESIAN_POINT('',(4.712389182803,6.283171130576));
#5472 = CARTESIAN_POINT('',(5.519953619349,6.283171130576));
#5473 = ( GEOMETRIC_REPRESENTATION_CONTEXT(2) 
PARAMETRIC_REPRESENTATION_CONTEXT() REPRESENTATION_CONTEXT('2D SPACE',''
  ) );
#5474 = ORIENTED_EDGE('',*,*,#391,.T.);
#5475 = ORIENTED_EDGE('',*,*,#5291,.T.);
#5476 = ADVANCED_FACE('',(#5477),#352,.T.);
#5477 = FACE_BOUND('',#5478,.T.);
#5478 = EDGE_LOOP('',(#5479,#5480,#5508,#5530));
#5479 = ORIENTED_EDGE('',*,*,#5454,.F.);
#5480 = ORIENTED_EDGE('',*,*,#5481,.T.);
#5481 = EDGE_CURVE('',#5428,#5482,#5484,.T.);
#5482 = VERTEX_POINT('',#5483);
#5483 = CARTESIAN_POINT('',(18.818986914749,-6.5,-4.440892098501E-16));
#5484 = SURFACE_CURVE('',#5485,(#5490,#5496),.PCURVE_S1.);
#5485 = CIRCLE('',#5486,0.5);
#5486 = AXIS2_PLACEMENT_3D('',#5487,#5488,#5489);
#5487 = CARTESIAN_POINT('',(18.818986914749,-6.500000000021,0.5));
#5488 = DIRECTION('',(1.,0.,0.));
#5489 = DIRECTION('',(0.,1.,0.));
#5490 = PCURVE('',#352,#5491);
#5491 = DEFINITIONAL_REPRESENTATION('',(#5492),#5495);
#5492 = B_SPLINE_CURVE_WITH_KNOTS('',1,(#5493,#5494),.UNSPECIFIED.,.F.,
  .F.,(2,2),(3.141607041832,4.712388980427),.PIECEWISE_BEZIER_KNOTS.);
#5493 = CARTESIAN_POINT('',(4.712389182803,6.283171130576));
#5494 = CARTESIAN_POINT('',(4.712389182803,4.71238919198));
#5495 = ( GEOMETRIC_REPRESENTATION_CONTEXT(2) 
PARAMETRIC_REPRESENTATION_CONTEXT() REPRESENTATION_CONTEXT('2D SPACE',''
  ) );
#5496 = PCURVE('',#5497,#5502);
#5497 = CYLINDRICAL_SURFACE('',#5498,0.5);
#5498 = AXIS2_PLACEMENT_3D('',#5499,#5500,#5501);
#5499 = CARTESIAN_POINT('',(0.,-6.500000000021,0.5));
#5500 = DIRECTION('',(1.,0.,0.));
#5501 = DIRECTION('',(0.,1.,0.));
#5502 = DEFINITIONAL_REPRESENTATION('',(#5503),#5507);
#5503 = LINE('',#5504,#5505);
#5504 = CARTESIAN_POINT('',(0.,18.818986914749));
#5505 = VECTOR('',#5506,1.);
#5506 = DIRECTION('',(1.,0.));
#5507 = ( GEOMETRIC_REPRESENTATION_CONTEXT(2) 
PARAMETRIC_REPRESENTATION_CONTEXT() REPRESENTATION_CONTEXT('2D SPACE',''
  ) );
#5508 = ORIENTED_EDGE('',*,*,#5509,.T.);
#5509 = EDGE_CURVE('',#5482,#255,#5510,.T.);
#5510 = SURFACE_CURVE('',#5511,(#5516,#5523),.PCURVE_S1.);
#5511 = CIRCLE('',#5512,10.977976419719);
#5512 = AXIS2_PLACEMENT_3D('',#5513,#5514,#5515);
#5513 = CARTESIAN_POINT('',(18.818984591395,4.477976313901,
    1.126876369995E-14));
#5514 = DIRECTION('',(0.,-0.,1.));
#5515 = DIRECTION('',(1.,9.219299671302E-09,0.));
#5516 = PCURVE('',#352,#5517);
#5517 = DEFINITIONAL_REPRESENTATION('',(#5518),#5522);
#5518 = LINE('',#5519,#5520);
#5519 = CARTESIAN_POINT('',(0.,4.71238919198));
#5520 = VECTOR('',#5521,1.);
#5521 = DIRECTION('',(1.,0.));
#5522 = ( GEOMETRIC_REPRESENTATION_CONTEXT(2) 
PARAMETRIC_REPRESENTATION_CONTEXT() REPRESENTATION_CONTEXT('2D SPACE',''
  ) );
#5523 = PCURVE('',#270,#5524);
#5524 = DEFINITIONAL_REPRESENTATION('',(#5525),#5529);
#5525 = CIRCLE('',#5526,10.977976419719);
#5526 = AXIS2_PLACEMENT_2D('',#5527,#5528);
#5527 = CARTESIAN_POINT('',(6.299445519432,4.477976308326));
#5528 = DIRECTION('',(1.,9.219299671302E-09));
#5529 = ( GEOMETRIC_REPRESENTATION_CONTEXT(2) 
PARAMETRIC_REPRESENTATION_CONTEXT() REPRESENTATION_CONTEXT('2D SPACE',''
  ) );
#5530 = ORIENTED_EDGE('',*,*,#282,.F.);
#5531 = ADVANCED_FACE('',(#5532,#5605),#270,.F.);
#5532 = FACE_BOUND('',#5533,.F.);
#5533 = EDGE_LOOP('',(#5534,#5535,#5536,#5559,#5583,#5604));
#5534 = ORIENTED_EDGE('',*,*,#254,.F.);
#5535 = ORIENTED_EDGE('',*,*,#5373,.T.);
#5536 = ORIENTED_EDGE('',*,*,#5537,.T.);
#5537 = EDGE_CURVE('',#5374,#5538,#5540,.T.);
#5538 = VERTEX_POINT('',#5539);
#5539 = CARTESIAN_POINT('',(1.600403226077,6.5,0.));
#5540 = SURFACE_CURVE('',#5541,(#5545,#5552),.PCURVE_S1.);
#5541 = LINE('',#5542,#5543);
#5542 = CARTESIAN_POINT('',(18.818986914749,6.5,0.));
#5543 = VECTOR('',#5544,1.);
#5544 = DIRECTION('',(-1.,0.,0.));
#5545 = PCURVE('',#270,#5546);
#5546 = DEFINITIONAL_REPRESENTATION('',(#5547),#5551);
#5547 = LINE('',#5548,#5549);
#5548 = CARTESIAN_POINT('',(6.299447842787,6.499999994425));
#5549 = VECTOR('',#5550,1.);
#5550 = DIRECTION('',(-1.,0.));
#5551 = ( GEOMETRIC_REPRESENTATION_CONTEXT(2) 
PARAMETRIC_REPRESENTATION_CONTEXT() REPRESENTATION_CONTEXT('2D SPACE',''
  ) );
#5552 = PCURVE('',#5412,#5553);
#5553 = DEFINITIONAL_REPRESENTATION('',(#5554),#5558);
#5554 = LINE('',#5555,#5556);
#5555 = CARTESIAN_POINT('',(7.853981633974,0.));
#5556 = VECTOR('',#5557,1.);
#5557 = DIRECTION('',(0.,1.));
#5558 = ( GEOMETRIC_REPRESENTATION_CONTEXT(2) 
PARAMETRIC_REPRESENTATION_CONTEXT() REPRESENTATION_CONTEXT('2D SPACE',''
  ) );
#5559 = ORIENTED_EDGE('',*,*,#5560,.T.);
#5560 = EDGE_CURVE('',#5538,#5561,#5563,.T.);
#5561 = VERTEX_POINT('',#5562);
#5562 = CARTESIAN_POINT('',(1.600403226076,-6.5,-2.22044604925E-16));
#5563 = SURFACE_CURVE('',#5564,(#5569,#5576),.PCURVE_S1.);
#5564 = CIRCLE('',#5565,14.);
#5565 = AXIS2_PLACEMENT_3D('',#5566,#5567,#5568);
#5566 = CARTESIAN_POINT('',(13.999999993714,-4.380192734857E-27,0.));
#5567 = DIRECTION('',(0.,0.,1.));
#5568 = DIRECTION('',(1.,0.,0.));
#5569 = PCURVE('',#270,#5570);
#5570 = DEFINITIONAL_REPRESENTATION('',(#5571),#5575);
#5571 = CIRCLE('',#5572,14.);
#5572 = AXIS2_PLACEMENT_2D('',#5573,#5574);
#5573 = CARTESIAN_POINT('',(1.480460921752,-5.574809717181E-09));
#5574 = DIRECTION('',(1.,0.));
#5575 = ( GEOMETRIC_REPRESENTATION_CONTEXT(2) 
PARAMETRIC_REPRESENTATION_CONTEXT() REPRESENTATION_CONTEXT('2D SPACE',''
  ) );
#5576 = PCURVE('',#1552,#5577);
#5577 = DEFINITIONAL_REPRESENTATION('',(#5578),#5582);
#5578 = LINE('',#5579,#5580);
#5579 = CARTESIAN_POINT('',(-0.,0.));
#5580 = VECTOR('',#5581,1.);
#5581 = DIRECTION('',(-1.,0.));
#5582 = ( GEOMETRIC_REPRESENTATION_CONTEXT(2) 
PARAMETRIC_REPRESENTATION_CONTEXT() REPRESENTATION_CONTEXT('2D SPACE',''
  ) );
#5583 = ORIENTED_EDGE('',*,*,#5584,.T.);
#5584 = EDGE_CURVE('',#5561,#5482,#5585,.T.);
#5585 = SURFACE_CURVE('',#5586,(#5590,#5597),.PCURVE_S1.);
#5586 = LINE('',#5587,#5588);
#5587 = CARTESIAN_POINT('',(0.,-6.5,-4.440892098501E-16));
#5588 = VECTOR('',#5589,1.);
#5589 = DIRECTION('',(1.,0.,0.));
#5590 = PCURVE('',#270,#5591);
#5591 = DEFINITIONAL_REPRESENTATION('',(#5592),#5596);
#5592 = LINE('',#5593,#5594);
#5593 = CARTESIAN_POINT('',(-12.51953907196,-6.500000005575));
#5594 = VECTOR('',#5595,1.);
#5595 = DIRECTION('',(1.,0.));
#5596 = ( GEOMETRIC_REPRESENTATION_CONTEXT(2) 
PARAMETRIC_REPRESENTATION_CONTEXT() REPRESENTATION_CONTEXT('2D SPACE',''
  ) );
#5597 = PCURVE('',#5497,#5598);
#5598 = DEFINITIONAL_REPRESENTATION('',(#5599),#5603);
#5599 = LINE('',#5600,#5601);
#5600 = CARTESIAN_POINT('',(4.712388980427,0.));
#5601 = VECTOR('',#5602,1.);
#5602 = DIRECTION('',(0.,1.));
#5603 = ( GEOMETRIC_REPRESENTATION_CONTEXT(2) 
PARAMETRIC_REPRESENTATION_CONTEXT() REPRESENTATION_CONTEXT('2D SPACE',''
  ) );
#5604 = ORIENTED_EDGE('',*,*,#5509,.T.);
#5605 = FACE_BOUND('',#5606,.F.);
#5606 = EDGE_LOOP('',(#5607));
#5607 = ORIENTED_EDGE('',*,*,#5608,.F.);
#5608 = EDGE_CURVE('',#5609,#5609,#5611,.T.);
#5609 = VERTEX_POINT('',#5610);
#5610 = CARTESIAN_POINT('',(10.15,0.,0.));
#5611 = SURFACE_CURVE('',#5612,(#5617,#5624),.PCURVE_S1.);
#5612 = CIRCLE('',#5613,2.65);
#5613 = AXIS2_PLACEMENT_3D('',#5614,#5615,#5616);
#5614 = CARTESIAN_POINT('',(7.5,0.,0.));
#5615 = DIRECTION('',(0.,0.,1.));
#5616 = DIRECTION('',(1.,0.,0.));
#5617 = PCURVE('',#270,#5618);
#5618 = DEFINITIONAL_REPRESENTATION('',(#5619),#5623);
#5619 = CIRCLE('',#5620,2.65);
#5620 = AXIS2_PLACEMENT_2D('',#5621,#5622);
#5621 = CARTESIAN_POINT('',(-5.019539071962,-5.574809717181E-09));
#5622 = DIRECTION('',(1.,0.));
#5623 = ( GEOMETRIC_REPRESENTATION_CONTEXT(2) 
PARAMETRIC_REPRESENTATION_CONTEXT() REPRESENTATION_CONTEXT('2D SPACE',''
  ) );
#5624 = PCURVE('',#5625,#5630);
#5625 = CYLINDRICAL_SURFACE('',#5626,2.65);
#5626 = AXIS2_PLACEMENT_3D('',#5627,#5628,#5629);
#5627 = CARTESIAN_POINT('',(7.5,0.,0.));
#5628 = DIRECTION('',(-0.,-0.,-1.));
#5629 = DIRECTION('',(1.,0.,0.));
#5630 = DEFINITIONAL_REPRESENTATION('',(#5631),#5635);
#5631 = LINE('',#5632,#5633);
#5632 = CARTESIAN_POINT('',(-0.,0.));
#5633 = VECTOR('',#5634,1.);
#5634 = DIRECTION('',(-1.,0.));
#5635 = ( GEOMETRIC_REPRESENTATION_CONTEXT(2) 
PARAMETRIC_REPRESENTATION_CONTEXT() REPRESENTATION_CONTEXT('2D SPACE',''
  ) );
#5636 = ADVANCED_FACE('',(#5637),#1007,.T.);
#5637 = FACE_BOUND('',#5638,.T.);
#5638 = EDGE_LOOP('',(#5639,#5640,#5641,#5642));
#5639 = ORIENTED_EDGE('',*,*,#1432,.F.);
#5640 = ORIENTED_EDGE('',*,*,#992,.T.);
#5641 = ORIENTED_EDGE('',*,*,#5348,.T.);
#5642 = ORIENTED_EDGE('',*,*,#5643,.T.);
#5643 = EDGE_CURVE('',#5349,#1433,#5644,.T.);
#5644 = SURFACE_CURVE('',#5645,(#5649,#5656),.PCURVE_S1.);
#5645 = LINE('',#5646,#5647);
#5646 = CARTESIAN_POINT('',(18.818986914749,7.,2.361008928571));
#5647 = VECTOR('',#5648,1.);
#5648 = DIRECTION('',(0.,0.,1.));
#5649 = PCURVE('',#1007,#5650);
#5650 = DEFINITIONAL_REPRESENTATION('',(#5651),#5655);
#5651 = LINE('',#5652,#5653);
#5652 = CARTESIAN_POINT('',(1.57079608837,0.));
#5653 = VECTOR('',#5654,1.);
#5654 = DIRECTION('',(0.,1.));
#5655 = ( GEOMETRIC_REPRESENTATION_CONTEXT(2) 
PARAMETRIC_REPRESENTATION_CONTEXT() REPRESENTATION_CONTEXT('2D SPACE',''
  ) );
#5656 = PCURVE('',#5657,#5662);
#5657 = PLANE('',#5658);
#5658 = AXIS2_PLACEMENT_3D('',#5659,#5660,#5661);
#5659 = CARTESIAN_POINT('',(1.875644340732,7.,0.));
#5660 = DIRECTION('',(0.,1.,0.));
#5661 = DIRECTION('',(1.,0.,0.));
#5662 = DEFINITIONAL_REPRESENTATION('',(#5663),#5667);
#5663 = LINE('',#5664,#5665);
#5664 = CARTESIAN_POINT('',(16.943342574018,-2.361008928571));
#5665 = VECTOR('',#5666,1.);
#5666 = DIRECTION('',(0.,-1.));
#5667 = ( GEOMETRIC_REPRESENTATION_CONTEXT(2) 
PARAMETRIC_REPRESENTATION_CONTEXT() REPRESENTATION_CONTEXT('2D SPACE',''
  ) );
#5668 = ADVANCED_FACE('',(#5669),#1470,.T.);
#5669 = FACE_BOUND('',#5670,.T.);
#5670 = EDGE_LOOP('',(#5671,#5672,#5673,#5696));
#5671 = ORIENTED_EDGE('',*,*,#1513,.F.);
#5672 = ORIENTED_EDGE('',*,*,#1455,.F.);
#5673 = ORIENTED_EDGE('',*,*,#5674,.T.);
#5674 = EDGE_CURVE('',#1433,#5675,#5677,.T.);
#5675 = VERTEX_POINT('',#5676);
#5676 = CARTESIAN_POINT('',(1.875644340732,7.,2.361008928571));
#5677 = SURFACE_CURVE('',#5678,(#5682,#5689),.PCURVE_S1.);
#5678 = LINE('',#5679,#5680);
#5679 = CARTESIAN_POINT('',(18.818986914749,7.,2.361008928571));
#5680 = VECTOR('',#5681,1.);
#5681 = DIRECTION('',(-1.,0.,0.));
#5682 = PCURVE('',#1470,#5683);
#5683 = DEFINITIONAL_REPRESENTATION('',(#5684),#5688);
#5684 = LINE('',#5685,#5686);
#5685 = CARTESIAN_POINT('',(6.28318530718,0.));
#5686 = VECTOR('',#5687,1.);
#5687 = DIRECTION('',(0.,1.));
#5688 = ( GEOMETRIC_REPRESENTATION_CONTEXT(2) 
PARAMETRIC_REPRESENTATION_CONTEXT() REPRESENTATION_CONTEXT('2D SPACE',''
  ) );
#5689 = PCURVE('',#5657,#5690);
#5690 = DEFINITIONAL_REPRESENTATION('',(#5691),#5695);
#5691 = LINE('',#5692,#5693);
#5692 = CARTESIAN_POINT('',(16.943342574018,-2.361008928571));
#5693 = VECTOR('',#5694,1.);
#5694 = DIRECTION('',(-1.,0.));
#5695 = ( GEOMETRIC_REPRESENTATION_CONTEXT(2) 
PARAMETRIC_REPRESENTATION_CONTEXT() REPRESENTATION_CONTEXT('2D SPACE',''
  ) );
#5696 = ORIENTED_EDGE('',*,*,#5697,.F.);
#5697 = EDGE_CURVE('',#1514,#5675,#5698,.T.);
#5698 = SURFACE_CURVE('',#5699,(#5712,#5728),.PCURVE_S1.);
#5699 = B_SPLINE_CURVE_WITH_KNOTS('',6,(#5700,#5701,#5702,#5703,#5704,
    #5705,#5706,#5707,#5708,#5709,#5710,#5711),.UNSPECIFIED.,.F.,.F.,(7,
    5,7),(0.,0.384103189773,1.),.UNSPECIFIED.);
#5700 = CARTESIAN_POINT('',(1.600403226077,6.5,2.861008928571));
#5701 = CARTESIAN_POINT('',(1.627365375081,6.551433811403,2.861008923759
    ));
#5702 = CARTESIAN_POINT('',(1.65459722473,6.602759546496,2.854659882559)
  );
#5703 = CARTESIAN_POINT('',(1.681569631221,6.652966411375,2.842011846128
    ));
#5704 = CARTESIAN_POINT('',(1.707723031714,6.701067849198,2.823341546832
    ));
#5705 = CARTESIAN_POINT('',(1.732501182218,6.746162395606,2.799138187846
    ));
#5706 = CARTESIAN_POINT('',(1.79216224661,6.853790323508,2.723496013202)
  );
#5707 = CARTESIAN_POINT('',(1.824131095554,6.910446989637,2.664419848684
    ));
#5708 = CARTESIAN_POINT('',(1.84953172292,6.954774149763,2.595379370669)
  );
#5709 = CARTESIAN_POINT('',(1.866951986415,6.984943727525,2.519499880237
    ));
#5710 = CARTESIAN_POINT('',(1.875644335453,6.999999990858,2.440213930235
    ));
#5711 = CARTESIAN_POINT('',(1.875644340732,7.,2.361008986283));
#5712 = PCURVE('',#1470,#5713);
#5713 = DEFINITIONAL_REPRESENTATION('',(#5714),#5727);
#5714 = B_SPLINE_CURVE_WITH_KNOTS('',6,(#5715,#5716,#5717,#5718,#5719,
    #5720,#5721,#5722,#5723,#5724,#5725,#5726),.UNSPECIFIED.,.F.,.F.,(7,
    5,7),(0.,0.384103189773,1.),.UNSPECIFIED.);
#5715 = CARTESIAN_POINT('',(4.712388980385,17.218583688673));
#5716 = CARTESIAN_POINT('',(4.81525660319,17.191621539668));
#5717 = CARTESIAN_POINT('',(4.917907932595,17.16438969002));
#5718 = CARTESIAN_POINT('',(5.020281683053,17.137417283528));
#5719 = CARTESIAN_POINT('',(5.122319534772,17.111263883035));
#5720 = CARTESIAN_POINT('',(5.223941686332,17.086485732532));
#5721 = CARTESIAN_POINT('',(5.487042499325,17.026824668139));
#5722 = CARTESIAN_POINT('',(5.647686556857,16.994855819195));
#5723 = CARTESIAN_POINT('',(5.807282435842,16.969455191829));
#5724 = CARTESIAN_POINT('',(5.966205161749,16.952034928334));
#5725 = CARTESIAN_POINT('',(6.124775303853,16.943342579296));
#5726 = CARTESIAN_POINT('',(6.283185191756,16.943342574018));
#5727 = ( GEOMETRIC_REPRESENTATION_CONTEXT(2) 
PARAMETRIC_REPRESENTATION_CONTEXT() REPRESENTATION_CONTEXT('2D SPACE',''
  ) );
#5728 = PCURVE('',#1552,#5729);
#5729 = DEFINITIONAL_REPRESENTATION('',(#5730),#5743);
#5730 = B_SPLINE_CURVE_WITH_KNOTS('',6,(#5731,#5732,#5733,#5734,#5735,
    #5736,#5737,#5738,#5739,#5740,#5741,#5742),.UNSPECIFIED.,.F.,.F.,(7,
    5,7),(0.,0.384103189773,1.),.UNSPECIFIED.);
#5731 = CARTESIAN_POINT('',(-2.658764690845,-2.861008928571));
#5732 = CARTESIAN_POINT('',(-2.654616667936,-2.861008923757));
#5733 = CARTESIAN_POINT('',(-2.650466537951,-2.854659882562));
#5734 = CARTESIAN_POINT('',(-2.646395667949,-2.842011846126));
#5735 = CARTESIAN_POINT('',(-2.64248489379,-2.823341546833));
#5736 = CARTESIAN_POINT('',(-2.638809660613,-2.799138187846));
#5737 = CARTESIAN_POINT('',(-2.630019820272,-2.723496013202));
#5738 = CARTESIAN_POINT('',(-2.625373263815,-2.664419848684));
#5739 = CARTESIAN_POINT('',(-2.621724108705,-2.595379370669));
#5740 = CARTESIAN_POINT('',(-2.619235680989,-2.519499880237));
#5741 = CARTESIAN_POINT('',(-2.617993878746,-2.440213930235));
#5742 = CARTESIAN_POINT('',(-2.617993877991,-2.361008986283));
#5743 = ( GEOMETRIC_REPRESENTATION_CONTEXT(2) 
PARAMETRIC_REPRESENTATION_CONTEXT() REPRESENTATION_CONTEXT('2D SPACE',''
  ) );
#5744 = ADVANCED_FACE('',(#5745),#1580,.T.);
#5745 = FACE_BOUND('',#5746,.T.);
#5746 = EDGE_LOOP('',(#5747,#5748,#5798,#5824,#5845));
#5747 = ORIENTED_EDGE('',*,*,#1564,.F.);
#5748 = ORIENTED_EDGE('',*,*,#5749,.T.);
#5749 = EDGE_CURVE('',#1536,#5750,#5752,.T.);
#5750 = VERTEX_POINT('',#5751);
#5751 = CARTESIAN_POINT('',(1.875644340732,-7.,2.36101352864));
#5752 = SURFACE_CURVE('',#5753,(#5766,#5782),.PCURVE_S1.);
#5753 = B_SPLINE_CURVE_WITH_KNOTS('',6,(#5754,#5755,#5756,#5757,#5758,
    #5759,#5760,#5761,#5762,#5763,#5764,#5765),.UNSPECIFIED.,.F.,.F.,(7,
    5,7),(0.,0.384109008697,1.),.UNSPECIFIED.);
#5754 = CARTESIAN_POINT('',(1.600403226077,-6.5,2.861008928571));
#5755 = CARTESIAN_POINT('',(1.627365624836,-6.551434287841,
    2.861008923761));
#5756 = CARTESIAN_POINT('',(1.654597728753,-6.602760496453,
    2.854659764938));
#5757 = CARTESIAN_POINT('',(1.681570379568,-6.652967804342,
    2.842011495079));
#5758 = CARTESIAN_POINT('',(1.70772399898,-6.701069628205,2.823340856333
    ));
#5759 = CARTESIAN_POINT('',(1.732502328009,-6.746164480879,
    2.799137068875));
#5760 = CARTESIAN_POINT('',(1.792162818493,-6.85379132587,2.723494753023
    ));
#5761 = CARTESIAN_POINT('',(1.824131071729,-6.910446931529,
    2.664419382434));
#5762 = CARTESIAN_POINT('',(1.849531297185,-6.954773402826,
    2.595380033726));
#5763 = CARTESIAN_POINT('',(1.866951421388,-6.984942748937,
    2.519501862606));
#5764 = CARTESIAN_POINT('',(1.875643920025,-6.999999271315,
    2.440217259428));
#5765 = CARTESIAN_POINT('',(1.875644340732,-7.,2.36101352864));
#5766 = PCURVE('',#1580,#5767);
#5767 = DEFINITIONAL_REPRESENTATION('',(#5768),#5781);
#5768 = B_SPLINE_CURVE_WITH_KNOTS('',6,(#5769,#5770,#5771,#5772,#5773,
    #5774,#5775,#5776,#5777,#5778,#5779,#5780),.UNSPECIFIED.,.F.,.F.,(7,
    5,7),(0.,0.384109008697,1.),.UNSPECIFIED.);
#5769 = CARTESIAN_POINT('',(1.570796326753,1.600403226077));
#5770 = CARTESIAN_POINT('',(1.673664902435,1.627365624836));
#5771 = CARTESIAN_POINT('',(1.776317178869,1.654597728753));
#5772 = CARTESIAN_POINT('',(1.878691869833,1.681570379568));
#5773 = CARTESIAN_POINT('',(1.980730654995,1.70772399898));
#5774 = CARTESIAN_POINT('',(2.082353731666,1.732502328009));
#5775 = CARTESIAN_POINT('',(2.345452935087,1.792162818493));
#5776 = CARTESIAN_POINT('',(2.506094521321,1.824131071729));
#5777 = CARTESIAN_POINT('',(2.665687963926,1.849531297185));
#5778 = CARTESIAN_POINT('',(2.824608269664,1.866951421388));
#5779 = CARTESIAN_POINT('',(2.98317599187,1.875643920025));
#5780 = CARTESIAN_POINT('',(3.141583453453,1.875644340732));
#5781 = ( GEOMETRIC_REPRESENTATION_CONTEXT(2) 
PARAMETRIC_REPRESENTATION_CONTEXT() REPRESENTATION_CONTEXT('2D SPACE',''
  ) );
#5782 = PCURVE('',#1552,#5783);
#5783 = DEFINITIONAL_REPRESENTATION('',(#5784),#5797);
#5784 = B_SPLINE_CURVE_WITH_KNOTS('',6,(#5785,#5786,#5787,#5788,#5789,
    #5790,#5791,#5792,#5793,#5794,#5795,#5796),.UNSPECIFIED.,.F.,.F.,(7,
    5,7),(0.,0.384109008697,1.),.UNSPECIFIED.);
#5785 = CARTESIAN_POINT('',(-3.624420616335,-2.861008928571));
#5786 = CARTESIAN_POINT('',(-3.628568677667,-2.86100892376));
#5787 = CARTESIAN_POINT('',(-3.632718846041,-2.854659764941));
#5788 = CARTESIAN_POINT('',(-3.636789752175,-2.842011495077));
#5789 = CARTESIAN_POINT('',(-3.640700558027,-2.823340856334));
#5790 = CARTESIAN_POINT('',(-3.644375816518,-2.799137068875));
#5791 = CARTESIAN_POINT('',(-3.653165569331,-2.723494753023));
#5792 = CARTESIAN_POINT('',(-3.657812038916,-2.664419382434));
#5793 = CARTESIAN_POINT('',(-3.661461137066,-2.595380033726));
#5794 = CARTESIAN_POINT('',(-3.663949545476,-2.519501862606));
#5795 = CARTESIAN_POINT('',(-3.665191369087,-2.440217259428));
#5796 = CARTESIAN_POINT('',(-3.665191429188,-2.36101352864));
#5797 = ( GEOMETRIC_REPRESENTATION_CONTEXT(2) 
PARAMETRIC_REPRESENTATION_CONTEXT() REPRESENTATION_CONTEXT('2D SPACE',''
  ) );
#5798 = ORIENTED_EDGE('',*,*,#5799,.F.);
#5799 = EDGE_CURVE('',#5800,#5750,#5802,.T.);
#5800 = VERTEX_POINT('',#5801);
#5801 = CARTESIAN_POINT('',(1.875644340732,-6.999999999985,
    2.361001734133));
#5802 = SURFACE_CURVE('',#5803,(#5807,#5817),.PCURVE_S1.);
#5803 = LINE('',#5804,#5805);
#5804 = CARTESIAN_POINT('',(1.875644340732,-7.,0.));
#5805 = VECTOR('',#5806,1.);
#5806 = DIRECTION('',(0.,0.,1.));
#5807 = PCURVE('',#1580,#5808);
#5808 = DEFINITIONAL_REPRESENTATION('',(#5809),#5816);
#5809 = B_SPLINE_CURVE_WITH_KNOTS('',5,(#5810,#5811,#5812,#5813,#5814,
    #5815),.UNSPECIFIED.,.F.,.F.,(6,6),(2.361001734133,2.36101352864),
  .PIECEWISE_BEZIER_KNOTS.);
#5810 = CARTESIAN_POINT('',(3.141607042467,1.875644340732));
#5811 = CARTESIAN_POINT('',(3.141602324664,1.875644340732));
#5812 = CARTESIAN_POINT('',(3.141597606861,1.875644340732));
#5813 = CARTESIAN_POINT('',(3.141592889059,1.875644340732));
#5814 = CARTESIAN_POINT('',(3.141588171256,1.875644340732));
#5815 = CARTESIAN_POINT('',(3.141583453453,1.875644340732));
#5816 = ( GEOMETRIC_REPRESENTATION_CONTEXT(2) 
PARAMETRIC_REPRESENTATION_CONTEXT() REPRESENTATION_CONTEXT('2D SPACE',''
  ) );
#5817 = PCURVE('',#1552,#5818);
#5818 = DEFINITIONAL_REPRESENTATION('',(#5819),#5823);
#5819 = LINE('',#5820,#5821);
#5820 = CARTESIAN_POINT('',(-3.665191429188,0.));
#5821 = VECTOR('',#5822,1.);
#5822 = DIRECTION('',(-0.,-1.));
#5823 = ( GEOMETRIC_REPRESENTATION_CONTEXT(2) 
PARAMETRIC_REPRESENTATION_CONTEXT() REPRESENTATION_CONTEXT('2D SPACE',''
  ) );
#5824 = ORIENTED_EDGE('',*,*,#5825,.T.);
#5825 = EDGE_CURVE('',#5800,#5033,#5826,.T.);
#5826 = SURFACE_CURVE('',#5827,(#5831,#5838),.PCURVE_S1.);
#5827 = LINE('',#5828,#5829);
#5828 = CARTESIAN_POINT('',(0.,-6.999999999969,2.361001734133));
#5829 = VECTOR('',#5830,1.);
#5830 = DIRECTION('',(1.,0.,0.));
#5831 = PCURVE('',#1580,#5832);
#5832 = DEFINITIONAL_REPRESENTATION('',(#5833),#5837);
#5833 = LINE('',#5834,#5835);
#5834 = CARTESIAN_POINT('',(3.141607042467,0.));
#5835 = VECTOR('',#5836,1.);
#5836 = DIRECTION('',(0.,1.));
#5837 = ( GEOMETRIC_REPRESENTATION_CONTEXT(2) 
PARAMETRIC_REPRESENTATION_CONTEXT() REPRESENTATION_CONTEXT('2D SPACE',''
  ) );
#5838 = PCURVE('',#5442,#5839);
#5839 = DEFINITIONAL_REPRESENTATION('',(#5840),#5844);
#5840 = LINE('',#5841,#5842);
#5841 = CARTESIAN_POINT('',(-1.875644340732,-2.361001734133));
#5842 = VECTOR('',#5843,1.);
#5843 = DIRECTION('',(1.,0.));
#5844 = ( GEOMETRIC_REPRESENTATION_CONTEXT(2) 
PARAMETRIC_REPRESENTATION_CONTEXT() REPRESENTATION_CONTEXT('2D SPACE',''
  ) );
#5845 = ORIENTED_EDGE('',*,*,#5032,.F.);
#5846 = ADVANCED_FACE('',(#5847,#5996),#1552,.T.);
#5847 = FACE_BOUND('',#5848,.F.);
#5848 = EDGE_LOOP('',(#5849,#5899,#5920,#5921,#5922,#5923,#5924,#5947,
    #5995));
#5849 = ORIENTED_EDGE('',*,*,#5850,.F.);
#5850 = EDGE_CURVE('',#5851,#5538,#5853,.T.);
#5851 = VERTEX_POINT('',#5852);
#5852 = CARTESIAN_POINT('',(1.875644340732,7.,0.500000937643));
#5853 = SURFACE_CURVE('',#5854,(#5867,#5883),.PCURVE_S1.);
#5854 = B_SPLINE_CURVE_WITH_KNOTS('',6,(#5855,#5856,#5857,#5858,#5859,
    #5860,#5861,#5862,#5863,#5864,#5865,#5866),.UNSPECIFIED.,.F.,.F.,(7,
    5,7),(0.,0.615897680073,1.),.UNSPECIFIED.);
#5855 = CARTESIAN_POINT('',(1.875644340732,7.,0.49999996839));
#5856 = CARTESIAN_POINT('',(1.875644337841,6.999999994993,0.420795048813
    ));
#5857 = CARTESIAN_POINT('',(1.866951997068,6.984943745797,0.341508967791
    ));
#5858 = CARTESIAN_POINT('',(1.849531680247,6.954774076742,0.265629325204
    ));
#5859 = CARTESIAN_POINT('',(1.824130986683,6.910446799299,0.196588787791
    ));
#5860 = CARTESIAN_POINT('',(1.792162075681,6.853790021458,0.137512583541
    ));
#5861 = CARTESIAN_POINT('',(1.732500928631,6.746161934207,
    6.18704910022E-02));
#5862 = CARTESIAN_POINT('',(1.707722818282,6.701067456709,
    3.766723098671E-02));
#5863 = CARTESIAN_POINT('',(1.681569512287,6.652966186942,
    1.899706144097E-02));
#5864 = CARTESIAN_POINT('',(1.654597243787,6.602759578107,
    6.349093264049E-03));
#5865 = CARTESIAN_POINT('',(1.627365475358,6.551434002692,
    4.812767253892E-09));
#5866 = CARTESIAN_POINT('',(1.600403226077,6.5,0.));
#5867 = PCURVE('',#1552,#5868);
#5868 = DEFINITIONAL_REPRESENTATION('',(#5869),#5882);
#5869 = B_SPLINE_CURVE_WITH_KNOTS('',6,(#5870,#5871,#5872,#5873,#5874,
    #5875,#5876,#5877,#5878,#5879,#5880,#5881),.UNSPECIFIED.,.F.,.F.,(7,
    5,7),(0.,0.615897680073,1.),.UNSPECIFIED.);
#5870 = CARTESIAN_POINT('',(-2.617993877991,-0.49999996839));
#5871 = CARTESIAN_POINT('',(-2.617993878404,-0.420795048813));
#5872 = CARTESIAN_POINT('',(-2.619235679479,-0.341508967791));
#5873 = CARTESIAN_POINT('',(-2.621724114746,-0.265629325204));
#5874 = CARTESIAN_POINT('',(-2.625373279478,-0.196588787791));
#5875 = CARTESIAN_POINT('',(-2.630019845062,-0.137512583541));
#5876 = CARTESIAN_POINT('',(-2.638809698219,-6.18704910022E-02));
#5877 = CARTESIAN_POINT('',(-2.642484925702,-3.766723098584E-02));
#5878 = CARTESIAN_POINT('',(-2.64639568609,-1.899706144332E-02));
#5879 = CARTESIAN_POINT('',(-2.650466535319,-6.349093261434E-03));
#5880 = CARTESIAN_POINT('',(-2.654616652509,-4.814014131771E-09));
#5881 = CARTESIAN_POINT('',(-2.658764690845,0.));
#5882 = ( GEOMETRIC_REPRESENTATION_CONTEXT(2) 
PARAMETRIC_REPRESENTATION_CONTEXT() REPRESENTATION_CONTEXT('2D SPACE',''
  ) );
#5883 = PCURVE('',#5412,#5884);
#5884 = DEFINITIONAL_REPRESENTATION('',(#5885),#5898);
#5885 = B_SPLINE_CURVE_WITH_KNOTS('',6,(#5886,#5887,#5888,#5889,#5890,
    #5891,#5892,#5893,#5894,#5895,#5896,#5897),.UNSPECIFIED.,.F.,.F.,(7,
    5,7),(0.,0.615897680073,1.),.UNSPECIFIED.);
#5886 = CARTESIAN_POINT('',(6.2831853704,16.943342574018));
#5887 = CARTESIAN_POINT('',(6.441595209554,16.943342576909));
#5888 = CARTESIAN_POINT('',(6.600165611682,16.952034917681));
#5889 = CARTESIAN_POINT('',(6.75908863432,16.969455234503));
#5890 = CARTESIAN_POINT('',(6.918684742106,16.994855928067));
#5891 = CARTESIAN_POINT('',(7.079328990884,17.026824839069));
#5892 = CARTESIAN_POINT('',(7.342429970199,17.086485986118));
#5893 = CARTESIAN_POINT('',(7.444051909978,17.111264096468));
#5894 = CARTESIAN_POINT('',(7.546089358494,17.137417402462));
#5895 = CARTESIAN_POINT('',(7.648462618555,17.164389670962));
#5896 = CARTESIAN_POINT('',(7.75111362859,17.191621439392));
#5897 = CARTESIAN_POINT('',(7.853981633974,17.218583688673));
#5898 = ( GEOMETRIC_REPRESENTATION_CONTEXT(2) 
PARAMETRIC_REPRESENTATION_CONTEXT() REPRESENTATION_CONTEXT('2D SPACE',''
  ) );
#5899 = ORIENTED_EDGE('',*,*,#5900,.T.);
#5900 = EDGE_CURVE('',#5851,#5675,#5901,.T.);
#5901 = SURFACE_CURVE('',#5902,(#5906,#5913),.PCURVE_S1.);
#5902 = LINE('',#5903,#5904);
#5903 = CARTESIAN_POINT('',(1.875644340732,7.,0.));
#5904 = VECTOR('',#5905,1.);
#5905 = DIRECTION('',(0.,0.,1.));
#5906 = PCURVE('',#1552,#5907);
#5907 = DEFINITIONAL_REPRESENTATION('',(#5908),#5912);
#5908 = LINE('',#5909,#5910);
#5909 = CARTESIAN_POINT('',(-2.617993877991,0.));
#5910 = VECTOR('',#5911,1.);
#5911 = DIRECTION('',(-0.,-1.));
#5912 = ( GEOMETRIC_REPRESENTATION_CONTEXT(2) 
PARAMETRIC_REPRESENTATION_CONTEXT() REPRESENTATION_CONTEXT('2D SPACE',''
  ) );
#5913 = PCURVE('',#5657,#5914);
#5914 = DEFINITIONAL_REPRESENTATION('',(#5915),#5919);
#5915 = LINE('',#5916,#5917);
#5916 = CARTESIAN_POINT('',(-4.440892098501E-16,0.));
#5917 = VECTOR('',#5918,1.);
#5918 = DIRECTION('',(0.,-1.));
#5919 = ( GEOMETRIC_REPRESENTATION_CONTEXT(2) 
PARAMETRIC_REPRESENTATION_CONTEXT() REPRESENTATION_CONTEXT('2D SPACE',''
  ) );
#5920 = ORIENTED_EDGE('',*,*,#5697,.F.);
#5921 = ORIENTED_EDGE('',*,*,#1535,.T.);
#5922 = ORIENTED_EDGE('',*,*,#5749,.T.);
#5923 = ORIENTED_EDGE('',*,*,#5799,.F.);
#5924 = ORIENTED_EDGE('',*,*,#5925,.F.);
#5925 = EDGE_CURVE('',#5926,#5800,#5928,.T.);
#5926 = VERTEX_POINT('',#5927);
#5927 = CARTESIAN_POINT('',(1.875644340732,-7.,0.499992805879));
#5928 = SURFACE_CURVE('',#5929,(#5933,#5940),.PCURVE_S1.);
#5929 = LINE('',#5930,#5931);
#5930 = CARTESIAN_POINT('',(1.875644340732,-7.,0.));
#5931 = VECTOR('',#5932,1.);
#5932 = DIRECTION('',(0.,0.,1.));
#5933 = PCURVE('',#1552,#5934);
#5934 = DEFINITIONAL_REPRESENTATION('',(#5935),#5939);
#5935 = LINE('',#5936,#5937);
#5936 = CARTESIAN_POINT('',(-3.665191429188,0.));
#5937 = VECTOR('',#5938,1.);
#5938 = DIRECTION('',(-0.,-1.));
#5939 = ( GEOMETRIC_REPRESENTATION_CONTEXT(2) 
PARAMETRIC_REPRESENTATION_CONTEXT() REPRESENTATION_CONTEXT('2D SPACE',''
  ) );
#5940 = PCURVE('',#5442,#5941);
#5941 = DEFINITIONAL_REPRESENTATION('',(#5942),#5946);
#5942 = LINE('',#5943,#5944);
#5943 = CARTESIAN_POINT('',(6.661338147751E-16,0.));
#5944 = VECTOR('',#5945,1.);
#5945 = DIRECTION('',(0.,-1.));
#5946 = ( GEOMETRIC_REPRESENTATION_CONTEXT(2) 
PARAMETRIC_REPRESENTATION_CONTEXT() REPRESENTATION_CONTEXT('2D SPACE',''
  ) );
#5947 = ORIENTED_EDGE('',*,*,#5948,.T.);
#5948 = EDGE_CURVE('',#5926,#5561,#5949,.T.);
#5949 = SURFACE_CURVE('',#5950,(#5963,#5979),.PCURVE_S1.);
#5950 = B_SPLINE_CURVE_WITH_KNOTS('',6,(#5951,#5952,#5953,#5954,#5955,
    #5956,#5957,#5958,#5959,#5960,#5961,#5962),.UNSPECIFIED.,.F.,.F.,(7,
    5,7),(0.,0.61589143775,1.),.UNSPECIFIED.);
#5951 = CARTESIAN_POINT('',(1.875644340732,-6.999999999985,
    0.499992805879));
#5952 = CARTESIAN_POINT('',(1.875643678207,-6.999998852459,
    0.420788862986));
#5953 = CARTESIAN_POINT('',(1.866950917118,-6.984941872156,
    0.341504186194));
#5954 = CARTESIAN_POINT('',(1.849530453438,-6.954771939583,
    0.265625121713));
#5955 = CARTESIAN_POINT('',(1.824129317148,-6.910443882972,
    0.196584582139));
#5956 = CARTESIAN_POINT('',(1.792159947926,-6.853786206012,
    0.137509465855));
#5957 = CARTESIAN_POINT('',(1.732500029367,-6.746160297597,
    6.186961277455E-02));
#5958 = CARTESIAN_POINT('',(1.707722059137,-6.701066060479,
    3.766668905161E-02));
#5959 = CARTESIAN_POINT('',(1.681568924971,-6.652965093717,
    1.899678592913E-02));
#5960 = CARTESIAN_POINT('',(1.654596848237,-6.602758832594,
    6.349000955117E-03));
#5961 = CARTESIAN_POINT('',(1.627365279366,-6.551433628813,
    4.810554603487E-09));
#5962 = CARTESIAN_POINT('',(1.600403226077,-6.5,-4.440892098501E-16));
#5963 = PCURVE('',#1552,#5964);
#5964 = DEFINITIONAL_REPRESENTATION('',(#5965),#5978);
#5965 = B_SPLINE_CURVE_WITH_KNOTS('',6,(#5966,#5967,#5968,#5969,#5970,
    #5971,#5972,#5973,#5974,#5975,#5976,#5977),.UNSPECIFIED.,.F.,.F.,(7,
    5,7),(0.,0.61589143775,1.),.UNSPECIFIED.);
#5966 = CARTESIAN_POINT('',(-3.665191429188,-0.499992805879));
#5967 = CARTESIAN_POINT('',(-3.665191334542,-0.420788862986));
#5968 = CARTESIAN_POINT('',(-3.663949473255,-0.341504186194));
#5969 = CARTESIAN_POINT('',(-3.661461016354,-0.265625121713));
#5970 = CARTESIAN_POINT('',(-3.657811787729,-0.196584582139));
#5971 = CARTESIAN_POINT('',(-3.653165150074,-0.137509465855));
#5972 = CARTESIAN_POINT('',(-3.644375475576,-6.186961277455E-02));
#5973 = CARTESIAN_POINT('',(-3.640700267961,-3.766668905073E-02));
#5974 = CARTESIAN_POINT('',(-3.636789532448,-1.89967859315E-02));
#5975 = CARTESIAN_POINT('',(-3.632718711579,-6.349000952495E-03));
#5976 = CARTESIAN_POINT('',(-3.628568624518,-4.811802012394E-09));
#5977 = CARTESIAN_POINT('',(-3.624420616335,4.440892098501E-16));
#5978 = ( GEOMETRIC_REPRESENTATION_CONTEXT(2) 
PARAMETRIC_REPRESENTATION_CONTEXT() REPRESENTATION_CONTEXT('2D SPACE',''
  ) );
#5979 = PCURVE('',#5497,#5980);
#5980 = DEFINITIONAL_REPRESENTATION('',(#5981),#5994);
#5981 = B_SPLINE_CURVE_WITH_KNOTS('',6,(#5982,#5983,#5984,#5985,#5986,
    #5987,#5988,#5989,#5990,#5991,#5992,#5993),.UNSPECIFIED.,.F.,.F.,(7,
    5,7),(0.,0.61589143775,1.),.UNSPECIFIED.);
#5982 = CARTESIAN_POINT('',(3.141607041832,1.875644340732));
#5983 = CARTESIAN_POINT('',(3.300014927635,1.875643678207));
#5984 = CARTESIAN_POINT('',(3.458582931535,1.866950917118));
#5985 = CARTESIAN_POINT('',(3.617505461322,1.849530453438));
#5986 = CARTESIAN_POINT('',(3.77710183316,1.824129317148));
#5987 = CARTESIAN_POINT('',(3.93774616591,1.792159947926));
#5988 = CARTESIAN_POINT('',(4.200841004599,1.732500029367));
#5989 = CARTESIAN_POINT('',(4.30246221829,1.707722059137));
#5990 = CARTESIAN_POINT('',(4.404498934153,1.681568924971));
#5991 = CARTESIAN_POINT('',(4.506871456026,1.654596848237));
#5992 = CARTESIAN_POINT('',(4.609521722801,1.627365279366));
#5993 = CARTESIAN_POINT('',(4.712388980427,1.600403226077));
#5994 = ( GEOMETRIC_REPRESENTATION_CONTEXT(2) 
PARAMETRIC_REPRESENTATION_CONTEXT() REPRESENTATION_CONTEXT('2D SPACE',''
  ) );
#5995 = ORIENTED_EDGE('',*,*,#5560,.F.);
#5996 = FACE_BOUND('',#5997,.F.);
#5997 = EDGE_LOOP('',(#5998,#6026,#6055,#6079,#6105,#6138));
#5998 = ORIENTED_EDGE('',*,*,#5999,.F.);
#5999 = EDGE_CURVE('',#6000,#6002,#6004,.T.);
#6000 = VERTEX_POINT('',#6001);
#6001 = CARTESIAN_POINT('',(1.12560680413,-5.5,1.440504464286));
#6002 = VERTEX_POINT('',#6003);
#6003 = CARTESIAN_POINT('',(1.12560680413,-5.5,1.420504464286));
#6004 = SURFACE_CURVE('',#6005,(#6009,#6015),.PCURVE_S1.);
#6005 = LINE('',#6006,#6007);
#6006 = CARTESIAN_POINT('',(1.12560680413,-5.5,0.));
#6007 = VECTOR('',#6008,1.);
#6008 = DIRECTION('',(-0.,-0.,-1.));
#6009 = PCURVE('',#1552,#6010);
#6010 = DEFINITIONAL_REPRESENTATION('',(#6011),#6014);
#6011 = B_SPLINE_CURVE_WITH_KNOTS('',1,(#6012,#6013),.UNSPECIFIED.,.F.,
  .F.,(2,2),(-1.442504464286,-1.418504464286),.PIECEWISE_BEZIER_KNOTS.);
#6012 = CARTESIAN_POINT('',(-3.545329134634,-1.442504464286));
#6013 = CARTESIAN_POINT('',(-3.545329134634,-1.418504464286));
#6014 = ( GEOMETRIC_REPRESENTATION_CONTEXT(2) 
PARAMETRIC_REPRESENTATION_CONTEXT() REPRESENTATION_CONTEXT('2D SPACE',''
  ) );
#6015 = PCURVE('',#6016,#6021);
#6016 = PLANE('',#6017);
#6017 = AXIS2_PLACEMENT_3D('',#6018,#6019,#6020);
#6018 = CARTESIAN_POINT('',(0.,-5.5,1.440504464286));
#6019 = DIRECTION('',(0.,1.,0.));
#6020 = DIRECTION('',(0.,0.,-1.));
#6021 = DEFINITIONAL_REPRESENTATION('',(#6022),#6025);
#6022 = B_SPLINE_CURVE_WITH_KNOTS('',1,(#6023,#6024),.UNSPECIFIED.,.F.,
  .F.,(2,2),(-1.442504464286,-1.418504464286),.PIECEWISE_BEZIER_KNOTS.);
#6023 = CARTESIAN_POINT('',(-2.E-03,-1.12560680413));
#6024 = CARTESIAN_POINT('',(2.2E-02,-1.12560680413));
#6025 = ( GEOMETRIC_REPRESENTATION_CONTEXT(2) 
PARAMETRIC_REPRESENTATION_CONTEXT() REPRESENTATION_CONTEXT('2D SPACE',''
  ) );
#6026 = ORIENTED_EDGE('',*,*,#6027,.T.);
#6027 = EDGE_CURVE('',#6000,#6028,#6030,.T.);
#6028 = VERTEX_POINT('',#6029);
#6029 = CARTESIAN_POINT('',(0.,-4.195412383723E-04,1.440504464286));
#6030 = SURFACE_CURVE('',#6031,(#6036,#6043),.PCURVE_S1.);
#6031 = CIRCLE('',#6032,14.);
#6032 = AXIS2_PLACEMENT_3D('',#6033,#6034,#6035);
#6033 = CARTESIAN_POINT('',(13.999999993714,-4.380192734857E-27,
    1.440504464286));
#6034 = DIRECTION('',(0.,0.,-1.));
#6035 = DIRECTION('',(1.,0.,0.));
#6036 = PCURVE('',#1552,#6037);
#6037 = DEFINITIONAL_REPRESENTATION('',(#6038),#6042);
#6038 = LINE('',#6039,#6040);
#6039 = CARTESIAN_POINT('',(-6.28318530718,-1.440504464286));
#6040 = VECTOR('',#6041,1.);
#6041 = DIRECTION('',(1.,-0.));
#6042 = ( GEOMETRIC_REPRESENTATION_CONTEXT(2) 
PARAMETRIC_REPRESENTATION_CONTEXT() REPRESENTATION_CONTEXT('2D SPACE',''
  ) );
#6043 = PCURVE('',#6044,#6049);
#6044 = PLANE('',#6045);
#6045 = AXIS2_PLACEMENT_3D('',#6046,#6047,#6048);
#6046 = CARTESIAN_POINT('',(0.,5.5,1.440504464286));
#6047 = DIRECTION('',(0.,0.,-1.));
#6048 = DIRECTION('',(0.,-1.,0.));
#6049 = DEFINITIONAL_REPRESENTATION('',(#6050),#6054);
#6050 = CIRCLE('',#6051,14.);
#6051 = AXIS2_PLACEMENT_2D('',#6052,#6053);
#6052 = CARTESIAN_POINT('',(5.5,-13.99999999371));
#6053 = DIRECTION('',(0.,-1.));
#6054 = ( GEOMETRIC_REPRESENTATION_CONTEXT(2) 
PARAMETRIC_REPRESENTATION_CONTEXT() REPRESENTATION_CONTEXT('2D SPACE',''
  ) );
#6055 = ORIENTED_EDGE('',*,*,#6056,.T.);
#6056 = EDGE_CURVE('',#6028,#6057,#6059,.T.);
#6057 = VERTEX_POINT('',#6058);
#6058 = CARTESIAN_POINT('',(1.12560680413,5.5,1.440504464286));
#6059 = SURFACE_CURVE('',#6060,(#6065,#6072),.PCURVE_S1.);
#6060 = CIRCLE('',#6061,14.);
#6061 = AXIS2_PLACEMENT_3D('',#6062,#6063,#6064);
#6062 = CARTESIAN_POINT('',(13.999999993714,-4.380192734857E-27,
    1.440504464286));
#6063 = DIRECTION('',(0.,0.,-1.));
#6064 = DIRECTION('',(1.,0.,0.));
#6065 = PCURVE('',#1552,#6066);
#6066 = DEFINITIONAL_REPRESENTATION('',(#6067),#6071);
#6067 = LINE('',#6068,#6069);
#6068 = CARTESIAN_POINT('',(-6.28318530718,-1.440504464286));
#6069 = VECTOR('',#6070,1.);
#6070 = DIRECTION('',(1.,-0.));
#6071 = ( GEOMETRIC_REPRESENTATION_CONTEXT(2) 
PARAMETRIC_REPRESENTATION_CONTEXT() REPRESENTATION_CONTEXT('2D SPACE',''
  ) );
#6072 = PCURVE('',#6044,#6073);
#6073 = DEFINITIONAL_REPRESENTATION('',(#6074),#6078);
#6074 = CIRCLE('',#6075,14.);
#6075 = AXIS2_PLACEMENT_2D('',#6076,#6077);
#6076 = CARTESIAN_POINT('',(5.5,-13.99999999371));
#6077 = DIRECTION('',(0.,-1.));
#6078 = ( GEOMETRIC_REPRESENTATION_CONTEXT(2) 
PARAMETRIC_REPRESENTATION_CONTEXT() REPRESENTATION_CONTEXT('2D SPACE',''
  ) );
#6079 = ORIENTED_EDGE('',*,*,#6080,.T.);
#6080 = EDGE_CURVE('',#6057,#6081,#6083,.T.);
#6081 = VERTEX_POINT('',#6082);
#6082 = CARTESIAN_POINT('',(1.12560680413,5.5,1.420504464286));
#6083 = SURFACE_CURVE('',#6084,(#6088,#6094),.PCURVE_S1.);
#6084 = LINE('',#6085,#6086);
#6085 = CARTESIAN_POINT('',(1.12560680413,5.5,0.));
#6086 = VECTOR('',#6087,1.);
#6087 = DIRECTION('',(-0.,-0.,-1.));
#6088 = PCURVE('',#1552,#6089);
#6089 = DEFINITIONAL_REPRESENTATION('',(#6090),#6093);
#6090 = B_SPLINE_CURVE_WITH_KNOTS('',1,(#6091,#6092),.UNSPECIFIED.,.F.,
  .F.,(2,2),(-1.442504464286,-1.418504464286),.PIECEWISE_BEZIER_KNOTS.);
#6091 = CARTESIAN_POINT('',(-2.737856172546,-1.442504464286));
#6092 = CARTESIAN_POINT('',(-2.737856172546,-1.418504464286));
#6093 = ( GEOMETRIC_REPRESENTATION_CONTEXT(2) 
PARAMETRIC_REPRESENTATION_CONTEXT() REPRESENTATION_CONTEXT('2D SPACE',''
  ) );
#6094 = PCURVE('',#6095,#6100);
#6095 = PLANE('',#6096);
#6096 = AXIS2_PLACEMENT_3D('',#6097,#6098,#6099);
#6097 = CARTESIAN_POINT('',(0.,5.5,1.420504464286));
#6098 = DIRECTION('',(0.,-1.,0.));
#6099 = DIRECTION('',(0.,0.,1.));
#6100 = DEFINITIONAL_REPRESENTATION('',(#6101),#6104);
#6101 = B_SPLINE_CURVE_WITH_KNOTS('',1,(#6102,#6103),.UNSPECIFIED.,.F.,
  .F.,(2,2),(-1.442504464286,-1.418504464286),.PIECEWISE_BEZIER_KNOTS.);
#6102 = CARTESIAN_POINT('',(2.2E-02,-1.12560680413));
#6103 = CARTESIAN_POINT('',(-2.E-03,-1.12560680413));
#6104 = ( GEOMETRIC_REPRESENTATION_CONTEXT(2) 
PARAMETRIC_REPRESENTATION_CONTEXT() REPRESENTATION_CONTEXT('2D SPACE',''
  ) );
#6105 = ORIENTED_EDGE('',*,*,#6106,.F.);
#6106 = EDGE_CURVE('',#6107,#6081,#6109,.T.);
#6107 = VERTEX_POINT('',#6108);
#6108 = CARTESIAN_POINT('',(0.,4.195412383723E-04,1.420504464286));
#6109 = SURFACE_CURVE('',#6110,(#6115,#6122),.PCURVE_S1.);
#6110 = CIRCLE('',#6111,14.);
#6111 = AXIS2_PLACEMENT_3D('',#6112,#6113,#6114);
#6112 = CARTESIAN_POINT('',(13.999999993714,-4.380192734857E-27,
    1.420504464286));
#6113 = DIRECTION('',(0.,0.,-1.));
#6114 = DIRECTION('',(1.,0.,0.));
#6115 = PCURVE('',#1552,#6116);
#6116 = DEFINITIONAL_REPRESENTATION('',(#6117),#6121);
#6117 = LINE('',#6118,#6119);
#6118 = CARTESIAN_POINT('',(-6.28318530718,-1.420504464286));
#6119 = VECTOR('',#6120,1.);
#6120 = DIRECTION('',(1.,-0.));
#6121 = ( GEOMETRIC_REPRESENTATION_CONTEXT(2) 
PARAMETRIC_REPRESENTATION_CONTEXT() REPRESENTATION_CONTEXT('2D SPACE',''
  ) );
#6122 = PCURVE('',#6123,#6128);
#6123 = PLANE('',#6124);
#6124 = AXIS2_PLACEMENT_3D('',#6125,#6126,#6127);
#6125 = CARTESIAN_POINT('',(0.,-5.5,1.420504464286));
#6126 = DIRECTION('',(0.,0.,1.));
#6127 = DIRECTION('',(0.,1.,0.));
#6128 = DEFINITIONAL_REPRESENTATION('',(#6129),#6137);
#6129 = ( BOUNDED_CURVE() B_SPLINE_CURVE(2,(#6130,#6131,#6132,#6133,
#6134,#6135,#6136),.UNSPECIFIED.,.T.,.F.) B_SPLINE_CURVE_WITH_KNOTS((1,2
    ,2,2,2,1),(-2.094395102393,0.,2.094395102393,4.188790204786,
6.28318530718,8.377580409573),.UNSPECIFIED.) CURVE() 
GEOMETRIC_REPRESENTATION_ITEM() RATIONAL_B_SPLINE_CURVE((1.,0.5,1.,0.5,
1.,0.5,1.)) REPRESENTATION_ITEM('') );
#6130 = CARTESIAN_POINT('',(5.5,-27.99999999371));
#6131 = CARTESIAN_POINT('',(-18.74871130596,-27.99999999371));
#6132 = CARTESIAN_POINT('',(-6.624355652982,-6.999999993714));
#6133 = CARTESIAN_POINT('',(5.5,14.000000006286));
#6134 = CARTESIAN_POINT('',(17.624355652982,-6.999999993714));
#6135 = CARTESIAN_POINT('',(29.748711305964,-27.99999999371));
#6136 = CARTESIAN_POINT('',(5.5,-27.99999999371));
#6137 = ( GEOMETRIC_REPRESENTATION_CONTEXT(2) 
PARAMETRIC_REPRESENTATION_CONTEXT() REPRESENTATION_CONTEXT('2D SPACE',''
  ) );
#6138 = ORIENTED_EDGE('',*,*,#6139,.F.);
#6139 = EDGE_CURVE('',#6002,#6107,#6140,.T.);
#6140 = SURFACE_CURVE('',#6141,(#6146,#6153),.PCURVE_S1.);
#6141 = CIRCLE('',#6142,14.);
#6142 = AXIS2_PLACEMENT_3D('',#6143,#6144,#6145);
#6143 = CARTESIAN_POINT('',(13.999999993714,-4.380192734857E-27,
    1.420504464286));
#6144 = DIRECTION('',(0.,0.,-1.));
#6145 = DIRECTION('',(1.,0.,0.));
#6146 = PCURVE('',#1552,#6147);
#6147 = DEFINITIONAL_REPRESENTATION('',(#6148),#6152);
#6148 = LINE('',#6149,#6150);
#6149 = CARTESIAN_POINT('',(-6.28318530718,-1.420504464286));
#6150 = VECTOR('',#6151,1.);
#6151 = DIRECTION('',(1.,-0.));
#6152 = ( GEOMETRIC_REPRESENTATION_CONTEXT(2) 
PARAMETRIC_REPRESENTATION_CONTEXT() REPRESENTATION_CONTEXT('2D SPACE',''
  ) );
#6153 = PCURVE('',#6123,#6154);
#6154 = DEFINITIONAL_REPRESENTATION('',(#6155),#6163);
#6155 = ( BOUNDED_CURVE() B_SPLINE_CURVE(2,(#6156,#6157,#6158,#6159,
#6160,#6161,#6162),.UNSPECIFIED.,.T.,.F.) B_SPLINE_CURVE_WITH_KNOTS((1,2
    ,2,2,2,1),(-2.094395102393,0.,2.094395102393,4.188790204786,
6.28318530718,8.377580409573),.UNSPECIFIED.) CURVE() 
GEOMETRIC_REPRESENTATION_ITEM() RATIONAL_B_SPLINE_CURVE((1.,0.5,1.,0.5,
1.,0.5,1.)) REPRESENTATION_ITEM('') );
#6156 = CARTESIAN_POINT('',(5.5,-27.99999999371));
#6157 = CARTESIAN_POINT('',(-18.74871130596,-27.99999999371));
#6158 = CARTESIAN_POINT('',(-6.624355652982,-6.999999993714));
#6159 = CARTESIAN_POINT('',(5.5,14.000000006286));
#6160 = CARTESIAN_POINT('',(17.624355652982,-6.999999993714));
#6161 = CARTESIAN_POINT('',(29.748711305964,-27.99999999371));
#6162 = CARTESIAN_POINT('',(5.5,-27.99999999371));
#6163 = ( GEOMETRIC_REPRESENTATION_CONTEXT(2) 
PARAMETRIC_REPRESENTATION_CONTEXT() REPRESENTATION_CONTEXT('2D SPACE',''
  ) );
#6164 = ADVANCED_FACE('',(#6165),#1636,.F.);
#6165 = FACE_BOUND('',#6166,.F.);
#6166 = EDGE_LOOP('',(#6167,#6197,#6218,#6219));
#6167 = ORIENTED_EDGE('',*,*,#6168,.F.);
#6168 = EDGE_CURVE('',#6169,#6171,#6173,.T.);
#6169 = VERTEX_POINT('',#6170);
#6170 = CARTESIAN_POINT('',(2.832643312102,-0.935031847134,
    2.761008928571));
#6171 = VERTEX_POINT('',#6172);
#6172 = CARTESIAN_POINT('',(2.847929936306,-1.115286624204,
    2.761008928571));
#6173 = SURFACE_CURVE('',#6174,(#6178,#6185),.PCURVE_S1.);
#6174 = LINE('',#6175,#6176);
#6175 = CARTESIAN_POINT('',(2.832643312102,-0.935031847134,
    2.761008928571));
#6176 = VECTOR('',#6177,1.);
#6177 = DIRECTION('',(8.450232778878E-02,-0.996423281843,0.));
#6178 = PCURVE('',#1636,#6179);
#6179 = DEFINITIONAL_REPRESENTATION('',(#6180),#6184);
#6180 = LINE('',#6181,#6182);
#6181 = CARTESIAN_POINT('',(0.,0.));
#6182 = VECTOR('',#6183,1.);
#6183 = DIRECTION('',(1.,0.));
#6184 = ( GEOMETRIC_REPRESENTATION_CONTEXT(2) 
PARAMETRIC_REPRESENTATION_CONTEXT() REPRESENTATION_CONTEXT('2D SPACE',''
  ) );
#6185 = PCURVE('',#6186,#6191);
#6186 = PLANE('',#6187);
#6187 = AXIS2_PLACEMENT_3D('',#6188,#6189,#6190);
#6188 = CARTESIAN_POINT('',(3.165313069635,-1.396145777177,
    2.761008928571));
#6189 = DIRECTION('',(0.,0.,1.));
#6190 = DIRECTION('',(2.22044604925E-16,-1.,0.));
#6191 = DEFINITIONAL_REPRESENTATION('',(#6192),#6196);
#6192 = LINE('',#6193,#6194);
#6193 = CARTESIAN_POINT('',(-0.461113930043,-0.332669757533));
#6194 = VECTOR('',#6195,1.);
#6195 = DIRECTION('',(0.996423281843,8.450232778878E-02));
#6196 = ( GEOMETRIC_REPRESENTATION_CONTEXT(2) 
PARAMETRIC_REPRESENTATION_CONTEXT() REPRESENTATION_CONTEXT('2D SPACE',''
  ) );
#6197 = ORIENTED_EDGE('',*,*,#6198,.T.);
#6198 = EDGE_CURVE('',#6169,#1622,#6199,.T.);
#6199 = SURFACE_CURVE('',#6200,(#6204,#6211),.PCURVE_S1.);
#6200 = LINE('',#6201,#6202);
#6201 = CARTESIAN_POINT('',(2.832643312102,-0.935031847134,
    2.761008928571));
#6202 = VECTOR('',#6203,1.);
#6203 = DIRECTION('',(0.,0.,1.));
#6204 = PCURVE('',#1636,#6205);
#6205 = DEFINITIONAL_REPRESENTATION('',(#6206),#6210);
#6206 = LINE('',#6207,#6208);
#6207 = CARTESIAN_POINT('',(0.,0.));
#6208 = VECTOR('',#6209,1.);
#6209 = DIRECTION('',(0.,-1.));
#6210 = ( GEOMETRIC_REPRESENTATION_CONTEXT(2) 
PARAMETRIC_REPRESENTATION_CONTEXT() REPRESENTATION_CONTEXT('2D SPACE',''
  ) );
#6211 = PCURVE('',#2503,#6212);
#6212 = DEFINITIONAL_REPRESENTATION('',(#6213),#6217);
#6213 = LINE('',#6214,#6215);
#6214 = CARTESIAN_POINT('',(1.,0.));
#6215 = VECTOR('',#6216,1.);
#6216 = DIRECTION('',(0.,-1.));
#6217 = ( GEOMETRIC_REPRESENTATION_CONTEXT(2) 
PARAMETRIC_REPRESENTATION_CONTEXT() REPRESENTATION_CONTEXT('2D SPACE',''
  ) );
#6218 = ORIENTED_EDGE('',*,*,#1619,.F.);
#6219 = ORIENTED_EDGE('',*,*,#6220,.F.);
#6220 = EDGE_CURVE('',#6171,#1620,#6221,.T.);
#6221 = SURFACE_CURVE('',#6222,(#6226,#6233),.PCURVE_S1.);
#6222 = LINE('',#6223,#6224);
#6223 = CARTESIAN_POINT('',(2.847929936306,-1.115286624204,
    2.761008928571));
#6224 = VECTOR('',#6225,1.);
#6225 = DIRECTION('',(0.,0.,1.));
#6226 = PCURVE('',#1636,#6227);
#6227 = DEFINITIONAL_REPRESENTATION('',(#6228),#6232);
#6228 = LINE('',#6229,#6230);
#6229 = CARTESIAN_POINT('',(0.180901811865,0.));
#6230 = VECTOR('',#6231,1.);
#6231 = DIRECTION('',(0.,-1.));
#6232 = ( GEOMETRIC_REPRESENTATION_CONTEXT(2) 
PARAMETRIC_REPRESENTATION_CONTEXT() REPRESENTATION_CONTEXT('2D SPACE',''
  ) );
#6233 = PCURVE('',#1669,#6234);
#6234 = DEFINITIONAL_REPRESENTATION('',(#6235),#6239);
#6235 = LINE('',#6236,#6237);
#6236 = CARTESIAN_POINT('',(0.,0.));
#6237 = VECTOR('',#6238,1.);
#6238 = DIRECTION('',(0.,-1.));
#6239 = ( GEOMETRIC_REPRESENTATION_CONTEXT(2) 
PARAMETRIC_REPRESENTATION_CONTEXT() REPRESENTATION_CONTEXT('2D SPACE',''
  ) );
#6240 = ADVANCED_FACE('',(#6241),#1669,.F.);
#6241 = FACE_BOUND('',#6242,.F.);
#6242 = EDGE_LOOP('',(#6243,#6266,#6267,#6268));
#6243 = ORIENTED_EDGE('',*,*,#6244,.F.);
#6244 = EDGE_CURVE('',#6171,#6245,#6247,.T.);
#6245 = VERTEX_POINT('',#6246);
#6246 = CARTESIAN_POINT('',(2.638375796178,-1.208280254777,
    2.761008928571));
#6247 = SURFACE_CURVE('',#6248,(#6252,#6259),.PCURVE_S1.);
#6248 = B_SPLINE_CURVE_WITH_KNOTS('',2,(#6249,#6250,#6251),
  .UNSPECIFIED.,.F.,.F.,(3,3),(0.,1.),.PIECEWISE_BEZIER_KNOTS.);
#6249 = CARTESIAN_POINT('',(2.847929936306,-1.115286624204,
    2.761008928571));
#6250 = CARTESIAN_POINT('',(2.709076433121,-1.135668789809,
    2.761008928571));
#6251 = CARTESIAN_POINT('',(2.638375796178,-1.208280254777,
    2.761008928571));
#6252 = PCURVE('',#1669,#6253);
#6253 = DEFINITIONAL_REPRESENTATION('',(#6254),#6258);
#6254 = LINE('',#6255,#6256);
#6255 = CARTESIAN_POINT('',(0.,0.));
#6256 = VECTOR('',#6257,1.);
#6257 = DIRECTION('',(1.,0.));
#6258 = ( GEOMETRIC_REPRESENTATION_CONTEXT(2) 
PARAMETRIC_REPRESENTATION_CONTEXT() REPRESENTATION_CONTEXT('2D SPACE',''
  ) );
#6259 = PCURVE('',#6186,#6260);
#6260 = DEFINITIONAL_REPRESENTATION('',(#6261),#6265);
#6261 = B_SPLINE_CURVE_WITH_KNOTS('',2,(#6262,#6263,#6264),
  .UNSPECIFIED.,.F.,.F.,(3,3),(0.,1.),.PIECEWISE_BEZIER_KNOTS.);
#6262 = CARTESIAN_POINT('',(-0.280859152973,-0.317383133329));
#6263 = CARTESIAN_POINT('',(-0.260476987368,-0.456236636514));
#6264 = CARTESIAN_POINT('',(-0.1878655224,-0.526937273456));
#6265 = ( GEOMETRIC_REPRESENTATION_CONTEXT(2) 
PARAMETRIC_REPRESENTATION_CONTEXT() REPRESENTATION_CONTEXT('2D SPACE',''
  ) );
#6266 = ORIENTED_EDGE('',*,*,#6220,.T.);
#6267 = ORIENTED_EDGE('',*,*,#1647,.F.);
#6268 = ORIENTED_EDGE('',*,*,#6269,.F.);
#6269 = EDGE_CURVE('',#6245,#1648,#6270,.T.);
#6270 = SURFACE_CURVE('',#6271,(#6275,#6282),.PCURVE_S1.);
#6271 = LINE('',#6272,#6273);
#6272 = CARTESIAN_POINT('',(2.638375796178,-1.208280254777,
    2.761008928571));
#6273 = VECTOR('',#6274,1.);
#6274 = DIRECTION('',(0.,0.,1.));
#6275 = PCURVE('',#1669,#6276);
#6276 = DEFINITIONAL_REPRESENTATION('',(#6277),#6281);
#6277 = LINE('',#6278,#6279);
#6278 = CARTESIAN_POINT('',(1.,0.));
#6279 = VECTOR('',#6280,1.);
#6280 = DIRECTION('',(0.,-1.));
#6281 = ( GEOMETRIC_REPRESENTATION_CONTEXT(2) 
PARAMETRIC_REPRESENTATION_CONTEXT() REPRESENTATION_CONTEXT('2D SPACE',''
  ) );
#6282 = PCURVE('',#1712,#6283);
#6283 = DEFINITIONAL_REPRESENTATION('',(#6284),#6288);
#6284 = LINE('',#6285,#6286);
#6285 = CARTESIAN_POINT('',(0.,0.));
#6286 = VECTOR('',#6287,1.);
#6287 = DIRECTION('',(0.,-1.));
#6288 = ( GEOMETRIC_REPRESENTATION_CONTEXT(2) 
PARAMETRIC_REPRESENTATION_CONTEXT() REPRESENTATION_CONTEXT('2D SPACE',''
  ) );
#6289 = ADVANCED_FACE('',(#6290),#2503,.F.);
#6290 = FACE_BOUND('',#6291,.F.);
#6291 = EDGE_LOOP('',(#6292,#6315,#6336,#6337));
#6292 = ORIENTED_EDGE('',*,*,#6293,.F.);
#6293 = EDGE_CURVE('',#6294,#6169,#6296,.T.);
#6294 = VERTEX_POINT('',#6295);
#6295 = CARTESIAN_POINT('',(2.536464968153,-1.072611464968,
    2.761008928571));
#6296 = SURFACE_CURVE('',#6297,(#6301,#6308),.PCURVE_S1.);
#6297 = B_SPLINE_CURVE_WITH_KNOTS('',2,(#6298,#6299,#6300),
  .UNSPECIFIED.,.F.,.F.,(3,3),(0.,1.),.PIECEWISE_BEZIER_KNOTS.);
#6298 = CARTESIAN_POINT('',(2.536464968153,-1.072611464968,
    2.761008928571));
#6299 = CARTESIAN_POINT('',(2.648566878981,-0.952229299363,
    2.761008928571));
#6300 = CARTESIAN_POINT('',(2.832643312102,-0.935031847134,
    2.761008928571));
#6301 = PCURVE('',#2503,#6302);
#6302 = DEFINITIONAL_REPRESENTATION('',(#6303),#6307);
#6303 = LINE('',#6304,#6305);
#6304 = CARTESIAN_POINT('',(0.,0.));
#6305 = VECTOR('',#6306,1.);
#6306 = DIRECTION('',(1.,0.));
#6307 = ( GEOMETRIC_REPRESENTATION_CONTEXT(2) 
PARAMETRIC_REPRESENTATION_CONTEXT() REPRESENTATION_CONTEXT('2D SPACE',''
  ) );
#6308 = PCURVE('',#6186,#6309);
#6309 = DEFINITIONAL_REPRESENTATION('',(#6310),#6314);
#6310 = B_SPLINE_CURVE_WITH_KNOTS('',2,(#6311,#6312,#6313),
  .UNSPECIFIED.,.F.,.F.,(3,3),(0.,1.),.PIECEWISE_BEZIER_KNOTS.);
#6311 = CARTESIAN_POINT('',(-0.323534312209,-0.628848101482));
#6312 = CARTESIAN_POINT('',(-0.443916477814,-0.516746190654));
#6313 = CARTESIAN_POINT('',(-0.461113930043,-0.332669757533));
#6314 = ( GEOMETRIC_REPRESENTATION_CONTEXT(2) 
PARAMETRIC_REPRESENTATION_CONTEXT() REPRESENTATION_CONTEXT('2D SPACE',''
  ) );
#6315 = ORIENTED_EDGE('',*,*,#6316,.T.);
#6316 = EDGE_CURVE('',#6294,#2425,#6317,.T.);
#6317 = SURFACE_CURVE('',#6318,(#6322,#6329),.PCURVE_S1.);
#6318 = LINE('',#6319,#6320);
#6319 = CARTESIAN_POINT('',(2.536464968153,-1.072611464968,
    2.761008928571));
#6320 = VECTOR('',#6321,1.);
#6321 = DIRECTION('',(0.,0.,1.));
#6322 = PCURVE('',#2503,#6323);
#6323 = DEFINITIONAL_REPRESENTATION('',(#6324),#6328);
#6324 = LINE('',#6325,#6326);
#6325 = CARTESIAN_POINT('',(0.,0.));
#6326 = VECTOR('',#6327,1.);
#6327 = DIRECTION('',(0.,-1.));
#6328 = ( GEOMETRIC_REPRESENTATION_CONTEXT(2) 
PARAMETRIC_REPRESENTATION_CONTEXT() REPRESENTATION_CONTEXT('2D SPACE',''
  ) );
#6329 = PCURVE('',#2454,#6330);
#6330 = DEFINITIONAL_REPRESENTATION('',(#6331),#6335);
#6331 = LINE('',#6332,#6333);
#6332 = CARTESIAN_POINT('',(1.,0.));
#6333 = VECTOR('',#6334,1.);
#6334 = DIRECTION('',(0.,-1.));
#6335 = ( GEOMETRIC_REPRESENTATION_CONTEXT(2) 
PARAMETRIC_REPRESENTATION_CONTEXT() REPRESENTATION_CONTEXT('2D SPACE',''
  ) );
#6336 = ORIENTED_EDGE('',*,*,#2475,.F.);
#6337 = ORIENTED_EDGE('',*,*,#6198,.F.);
#6338 = ADVANCED_FACE('',(#6339),#1712,.F.);
#6339 = FACE_BOUND('',#6340,.F.);
#6340 = EDGE_LOOP('',(#6341,#6364,#6365,#6366));
#6341 = ORIENTED_EDGE('',*,*,#6342,.F.);
#6342 = EDGE_CURVE('',#6245,#6343,#6345,.T.);
#6343 = VERTEX_POINT('',#6344);
#6344 = CARTESIAN_POINT('',(2.567675159236,-1.384713375796,
    2.761008928571));
#6345 = SURFACE_CURVE('',#6346,(#6350,#6357),.PCURVE_S1.);
#6346 = B_SPLINE_CURVE_WITH_KNOTS('',2,(#6347,#6348,#6349),
  .UNSPECIFIED.,.F.,.F.,(3,3),(0.,1.),.PIECEWISE_BEZIER_KNOTS.);
#6347 = CARTESIAN_POINT('',(2.638375796178,-1.208280254777,
    2.761008928571));
#6348 = CARTESIAN_POINT('',(2.567675159236,-1.28152866242,2.761008928571
    ));
#6349 = CARTESIAN_POINT('',(2.567675159236,-1.384713375796,
    2.761008928571));
#6350 = PCURVE('',#1712,#6351);
#6351 = DEFINITIONAL_REPRESENTATION('',(#6352),#6356);
#6352 = LINE('',#6353,#6354);
#6353 = CARTESIAN_POINT('',(0.,0.));
#6354 = VECTOR('',#6355,1.);
#6355 = DIRECTION('',(1.,0.));
#6356 = ( GEOMETRIC_REPRESENTATION_CONTEXT(2) 
PARAMETRIC_REPRESENTATION_CONTEXT() REPRESENTATION_CONTEXT('2D SPACE',''
  ) );
#6357 = PCURVE('',#6186,#6358);
#6358 = DEFINITIONAL_REPRESENTATION('',(#6359),#6363);
#6359 = B_SPLINE_CURVE_WITH_KNOTS('',2,(#6360,#6361,#6362),
  .UNSPECIFIED.,.F.,.F.,(3,3),(0.,1.),.PIECEWISE_BEZIER_KNOTS.);
#6360 = CARTESIAN_POINT('',(-0.1878655224,-0.526937273456));
#6361 = CARTESIAN_POINT('',(-0.114617114756,-0.597637910399));
#6362 = CARTESIAN_POINT('',(-1.143240138065E-02,-0.597637910399));
#6363 = ( GEOMETRIC_REPRESENTATION_CONTEXT(2) 
PARAMETRIC_REPRESENTATION_CONTEXT() REPRESENTATION_CONTEXT('2D SPACE',''
  ) );
#6364 = ORIENTED_EDGE('',*,*,#6269,.T.);
#6365 = ORIENTED_EDGE('',*,*,#1686,.F.);
#6366 = ORIENTED_EDGE('',*,*,#6367,.F.);
#6367 = EDGE_CURVE('',#6343,#1687,#6368,.T.);
#6368 = SURFACE_CURVE('',#6369,(#6373,#6380),.PCURVE_S1.);
#6369 = LINE('',#6370,#6371);
#6370 = CARTESIAN_POINT('',(2.567675159236,-1.384713375796,
    2.761008928571));
#6371 = VECTOR('',#6372,1.);
#6372 = DIRECTION('',(0.,0.,1.));
#6373 = PCURVE('',#1712,#6374);
#6374 = DEFINITIONAL_REPRESENTATION('',(#6375),#6379);
#6375 = LINE('',#6376,#6377);
#6376 = CARTESIAN_POINT('',(1.,0.));
#6377 = VECTOR('',#6378,1.);
#6378 = DIRECTION('',(0.,-1.));
#6379 = ( GEOMETRIC_REPRESENTATION_CONTEXT(2) 
PARAMETRIC_REPRESENTATION_CONTEXT() REPRESENTATION_CONTEXT('2D SPACE',''
  ) );
#6380 = PCURVE('',#1757,#6381);
#6381 = DEFINITIONAL_REPRESENTATION('',(#6382),#6386);
#6382 = LINE('',#6383,#6384);
#6383 = CARTESIAN_POINT('',(0.,0.));
#6384 = VECTOR('',#6385,1.);
#6385 = DIRECTION('',(0.,-1.));
#6386 = ( GEOMETRIC_REPRESENTATION_CONTEXT(2) 
PARAMETRIC_REPRESENTATION_CONTEXT() REPRESENTATION_CONTEXT('2D SPACE',''
  ) );
#6387 = ADVANCED_FACE('',(#6388),#2454,.F.);
#6388 = FACE_BOUND('',#6389,.F.);
#6389 = EDGE_LOOP('',(#6390,#6413,#6434,#6435));
#6390 = ORIENTED_EDGE('',*,*,#6391,.F.);
#6391 = EDGE_CURVE('',#6392,#6294,#6394,.T.);
#6392 = VERTEX_POINT('',#6393);
#6393 = CARTESIAN_POINT('',(2.425,-1.384713375796,2.761008928571));
#6394 = SURFACE_CURVE('',#6395,(#6399,#6406),.PCURVE_S1.);
#6395 = B_SPLINE_CURVE_WITH_KNOTS('',2,(#6396,#6397,#6398),
  .UNSPECIFIED.,.F.,.F.,(3,3),(0.,1.),.PIECEWISE_BEZIER_KNOTS.);
#6396 = CARTESIAN_POINT('',(2.425,-1.384713375796,2.761008928571));
#6397 = CARTESIAN_POINT('',(2.425,-1.193630573248,2.761008928571));
#6398 = CARTESIAN_POINT('',(2.536464968153,-1.072611464968,
    2.761008928571));
#6399 = PCURVE('',#2454,#6400);
#6400 = DEFINITIONAL_REPRESENTATION('',(#6401),#6405);
#6401 = LINE('',#6402,#6403);
#6402 = CARTESIAN_POINT('',(0.,0.));
#6403 = VECTOR('',#6404,1.);
#6404 = DIRECTION('',(1.,0.));
#6405 = ( GEOMETRIC_REPRESENTATION_CONTEXT(2) 
PARAMETRIC_REPRESENTATION_CONTEXT() REPRESENTATION_CONTEXT('2D SPACE',''
  ) );
#6406 = PCURVE('',#6186,#6407);
#6407 = DEFINITIONAL_REPRESENTATION('',(#6408),#6412);
#6408 = B_SPLINE_CURVE_WITH_KNOTS('',2,(#6409,#6410,#6411),
  .UNSPECIFIED.,.F.,.F.,(3,3),(0.,1.),.PIECEWISE_BEZIER_KNOTS.);
#6409 = CARTESIAN_POINT('',(-1.143240138065E-02,-0.740313069635));
#6410 = CARTESIAN_POINT('',(-0.202515203928,-0.740313069635));
#6411 = CARTESIAN_POINT('',(-0.323534312209,-0.628848101482));
#6412 = ( GEOMETRIC_REPRESENTATION_CONTEXT(2) 
PARAMETRIC_REPRESENTATION_CONTEXT() REPRESENTATION_CONTEXT('2D SPACE',''
  ) );
#6413 = ORIENTED_EDGE('',*,*,#6414,.T.);
#6414 = EDGE_CURVE('',#6392,#2374,#6415,.T.);
#6415 = SURFACE_CURVE('',#6416,(#6420,#6427),.PCURVE_S1.);
#6416 = LINE('',#6417,#6418);
#6417 = CARTESIAN_POINT('',(2.425,-1.384713375796,2.761008928571));
#6418 = VECTOR('',#6419,1.);
#6419 = DIRECTION('',(0.,0.,1.));
#6420 = PCURVE('',#2454,#6421);
#6421 = DEFINITIONAL_REPRESENTATION('',(#6422),#6426);
#6422 = LINE('',#6423,#6424);
#6423 = CARTESIAN_POINT('',(0.,0.));
#6424 = VECTOR('',#6425,1.);
#6425 = DIRECTION('',(0.,-1.));
#6426 = ( GEOMETRIC_REPRESENTATION_CONTEXT(2) 
PARAMETRIC_REPRESENTATION_CONTEXT() REPRESENTATION_CONTEXT('2D SPACE',''
  ) );
#6427 = PCURVE('',#2403,#6428);
#6428 = DEFINITIONAL_REPRESENTATION('',(#6429),#6433);
#6429 = LINE('',#6430,#6431);
#6430 = CARTESIAN_POINT('',(1.,0.));
#6431 = VECTOR('',#6432,1.);
#6432 = DIRECTION('',(0.,-1.));
#6433 = ( GEOMETRIC_REPRESENTATION_CONTEXT(2) 
PARAMETRIC_REPRESENTATION_CONTEXT() REPRESENTATION_CONTEXT('2D SPACE',''
  ) );
#6434 = ORIENTED_EDGE('',*,*,#2424,.F.);
#6435 = ORIENTED_EDGE('',*,*,#6316,.F.);
#6436 = ADVANCED_FACE('',(#6437),#1757,.F.);
#6437 = FACE_BOUND('',#6438,.F.);
#6438 = EDGE_LOOP('',(#6439,#6462,#6463,#6464));
#6439 = ORIENTED_EDGE('',*,*,#6440,.F.);
#6440 = EDGE_CURVE('',#6343,#6441,#6443,.T.);
#6441 = VERTEX_POINT('',#6442);
#6442 = CARTESIAN_POINT('',(2.66576433121,-1.594904458599,2.761008928571
    ));
#6443 = SURFACE_CURVE('',#6444,(#6448,#6455),.PCURVE_S1.);
#6444 = B_SPLINE_CURVE_WITH_KNOTS('',2,(#6445,#6446,#6447),
  .UNSPECIFIED.,.F.,.F.,(3,3),(0.,1.),.PIECEWISE_BEZIER_KNOTS.);
#6445 = CARTESIAN_POINT('',(2.567675159236,-1.384713375796,
    2.761008928571));
#6446 = CARTESIAN_POINT('',(2.567675159236,-1.508917197452,
    2.761008928571));
#6447 = CARTESIAN_POINT('',(2.66576433121,-1.594904458599,2.761008928571
    ));
#6448 = PCURVE('',#1757,#6449);
#6449 = DEFINITIONAL_REPRESENTATION('',(#6450),#6454);
#6450 = LINE('',#6451,#6452);
#6451 = CARTESIAN_POINT('',(0.,0.));
#6452 = VECTOR('',#6453,1.);
#6453 = DIRECTION('',(1.,0.));
#6454 = ( GEOMETRIC_REPRESENTATION_CONTEXT(2) 
PARAMETRIC_REPRESENTATION_CONTEXT() REPRESENTATION_CONTEXT('2D SPACE',''
  ) );
#6455 = PCURVE('',#6186,#6456);
#6456 = DEFINITIONAL_REPRESENTATION('',(#6457),#6461);
#6457 = B_SPLINE_CURVE_WITH_KNOTS('',2,(#6458,#6459,#6460),
  .UNSPECIFIED.,.F.,.F.,(3,3),(0.,1.),.PIECEWISE_BEZIER_KNOTS.);
#6458 = CARTESIAN_POINT('',(-1.143240138065E-02,-0.597637910399));
#6459 = CARTESIAN_POINT('',(0.112771420275,-0.597637910399));
#6460 = CARTESIAN_POINT('',(0.198758681422,-0.499548738424));
#6461 = ( GEOMETRIC_REPRESENTATION_CONTEXT(2) 
PARAMETRIC_REPRESENTATION_CONTEXT() REPRESENTATION_CONTEXT('2D SPACE',''
  ) );
#6462 = ORIENTED_EDGE('',*,*,#6367,.T.);
#6463 = ORIENTED_EDGE('',*,*,#1731,.F.);
#6464 = ORIENTED_EDGE('',*,*,#6465,.F.);
#6465 = EDGE_CURVE('',#6441,#1732,#6466,.T.);
#6466 = SURFACE_CURVE('',#6467,(#6471,#6478),.PCURVE_S1.);
#6467 = LINE('',#6468,#6469);
#6468 = CARTESIAN_POINT('',(2.66576433121,-1.594904458599,2.761008928571
    ));
#6469 = VECTOR('',#6470,1.);
#6470 = DIRECTION('',(0.,0.,1.));
#6471 = PCURVE('',#1757,#6472);
#6472 = DEFINITIONAL_REPRESENTATION('',(#6473),#6477);
#6473 = LINE('',#6474,#6475);
#6474 = CARTESIAN_POINT('',(1.,0.));
#6475 = VECTOR('',#6476,1.);
#6476 = DIRECTION('',(0.,-1.));
#6477 = ( GEOMETRIC_REPRESENTATION_CONTEXT(2) 
PARAMETRIC_REPRESENTATION_CONTEXT() REPRESENTATION_CONTEXT('2D SPACE',''
  ) );
#6478 = PCURVE('',#1806,#6479);
#6479 = DEFINITIONAL_REPRESENTATION('',(#6480),#6484);
#6480 = LINE('',#6481,#6482);
#6481 = CARTESIAN_POINT('',(0.,0.));
#6482 = VECTOR('',#6483,1.);
#6483 = DIRECTION('',(0.,-1.));
#6484 = ( GEOMETRIC_REPRESENTATION_CONTEXT(2) 
PARAMETRIC_REPRESENTATION_CONTEXT() REPRESENTATION_CONTEXT('2D SPACE',''
  ) );
#6485 = ADVANCED_FACE('',(#6486),#2403,.F.);
#6486 = FACE_BOUND('',#6487,.F.);
#6487 = EDGE_LOOP('',(#6488,#6511,#6532,#6533));
#6488 = ORIENTED_EDGE('',*,*,#6489,.F.);
#6489 = EDGE_CURVE('',#6490,#6392,#6492,.T.);
#6490 = VERTEX_POINT('',#6491);
#6491 = CARTESIAN_POINT('',(2.599522292994,-1.752866242038,
    2.761008928571));
#6492 = SURFACE_CURVE('',#6493,(#6497,#6504),.PCURVE_S1.);
#6493 = B_SPLINE_CURVE_WITH_KNOTS('',2,(#6494,#6495,#6496),
  .UNSPECIFIED.,.F.,.F.,(3,3),(0.,1.),.PIECEWISE_BEZIER_KNOTS.);
#6494 = CARTESIAN_POINT('',(2.599522292994,-1.752866242038,
    2.761008928571));
#6495 = CARTESIAN_POINT('',(2.425,-1.617834394904,2.761008928571));
#6496 = CARTESIAN_POINT('',(2.425,-1.384713375796,2.761008928571));
#6497 = PCURVE('',#2403,#6498);
#6498 = DEFINITIONAL_REPRESENTATION('',(#6499),#6503);
#6499 = LINE('',#6500,#6501);
#6500 = CARTESIAN_POINT('',(0.,0.));
#6501 = VECTOR('',#6502,1.);
#6502 = DIRECTION('',(1.,0.));
#6503 = ( GEOMETRIC_REPRESENTATION_CONTEXT(2) 
PARAMETRIC_REPRESENTATION_CONTEXT() REPRESENTATION_CONTEXT('2D SPACE',''
  ) );
#6504 = PCURVE('',#6186,#6505);
#6505 = DEFINITIONAL_REPRESENTATION('',(#6506),#6510);
#6506 = B_SPLINE_CURVE_WITH_KNOTS('',2,(#6507,#6508,#6509),
  .UNSPECIFIED.,.F.,.F.,(3,3),(0.,1.),.PIECEWISE_BEZIER_KNOTS.);
#6507 = CARTESIAN_POINT('',(0.356720464861,-0.565790776641));
#6508 = CARTESIAN_POINT('',(0.221688617728,-0.740313069635));
#6509 = CARTESIAN_POINT('',(-1.143240138065E-02,-0.740313069635));
#6510 = ( GEOMETRIC_REPRESENTATION_CONTEXT(2) 
PARAMETRIC_REPRESENTATION_CONTEXT() REPRESENTATION_CONTEXT('2D SPACE',''
  ) );
#6511 = ORIENTED_EDGE('',*,*,#6512,.T.);
#6512 = EDGE_CURVE('',#6490,#2323,#6513,.T.);
#6513 = SURFACE_CURVE('',#6514,(#6518,#6525),.PCURVE_S1.);
#6514 = LINE('',#6515,#6516);
#6515 = CARTESIAN_POINT('',(2.599522292994,-1.752866242038,
    2.761008928571));
#6516 = VECTOR('',#6517,1.);
#6517 = DIRECTION('',(0.,0.,1.));
#6518 = PCURVE('',#2403,#6519);
#6519 = DEFINITIONAL_REPRESENTATION('',(#6520),#6524);
#6520 = LINE('',#6521,#6522);
#6521 = CARTESIAN_POINT('',(0.,0.));
#6522 = VECTOR('',#6523,1.);
#6523 = DIRECTION('',(0.,-1.));
#6524 = ( GEOMETRIC_REPRESENTATION_CONTEXT(2) 
PARAMETRIC_REPRESENTATION_CONTEXT() REPRESENTATION_CONTEXT('2D SPACE',''
  ) );
#6525 = PCURVE('',#2352,#6526);
#6526 = DEFINITIONAL_REPRESENTATION('',(#6527),#6531);
#6527 = LINE('',#6528,#6529);
#6528 = CARTESIAN_POINT('',(1.,0.));
#6529 = VECTOR('',#6530,1.);
#6530 = DIRECTION('',(0.,-1.));
#6531 = ( GEOMETRIC_REPRESENTATION_CONTEXT(2) 
PARAMETRIC_REPRESENTATION_CONTEXT() REPRESENTATION_CONTEXT('2D SPACE',''
  ) );
#6532 = ORIENTED_EDGE('',*,*,#2373,.F.);
#6533 = ORIENTED_EDGE('',*,*,#6414,.F.);
#6534 = ADVANCED_FACE('',(#6535),#1806,.F.);
#6535 = FACE_BOUND('',#6536,.F.);
#6536 = EDGE_LOOP('',(#6537,#6560,#6561,#6562));
#6537 = ORIENTED_EDGE('',*,*,#6538,.F.);
#6538 = EDGE_CURVE('',#6441,#6539,#6541,.T.);
#6539 = VERTEX_POINT('',#6540);
#6540 = CARTESIAN_POINT('',(2.926910828025,-1.680891719745,
    2.761008928571));
#6541 = SURFACE_CURVE('',#6542,(#6546,#6553),.PCURVE_S1.);
#6542 = B_SPLINE_CURVE_WITH_KNOTS('',2,(#6543,#6544,#6545),
  .UNSPECIFIED.,.F.,.F.,(3,3),(0.,1.),.PIECEWISE_BEZIER_KNOTS.);
#6543 = CARTESIAN_POINT('',(2.66576433121,-1.594904458599,2.761008928571
    ));
#6544 = CARTESIAN_POINT('',(2.76449044586,-1.680891719745,2.761008928571
    ));
#6545 = CARTESIAN_POINT('',(2.926910828025,-1.680891719745,
    2.761008928571));
#6546 = PCURVE('',#1806,#6547);
#6547 = DEFINITIONAL_REPRESENTATION('',(#6548),#6552);
#6548 = LINE('',#6549,#6550);
#6549 = CARTESIAN_POINT('',(0.,0.));
#6550 = VECTOR('',#6551,1.);
#6551 = DIRECTION('',(1.,0.));
#6552 = ( GEOMETRIC_REPRESENTATION_CONTEXT(2) 
PARAMETRIC_REPRESENTATION_CONTEXT() REPRESENTATION_CONTEXT('2D SPACE',''
  ) );
#6553 = PCURVE('',#6186,#6554);
#6554 = DEFINITIONAL_REPRESENTATION('',(#6555),#6559);
#6555 = B_SPLINE_CURVE_WITH_KNOTS('',2,(#6556,#6557,#6558),
  .UNSPECIFIED.,.F.,.F.,(3,3),(0.,1.),.PIECEWISE_BEZIER_KNOTS.);
#6556 = CARTESIAN_POINT('',(0.198758681422,-0.499548738424));
#6557 = CARTESIAN_POINT('',(0.284745942568,-0.400822623775));
#6558 = CARTESIAN_POINT('',(0.284745942568,-0.238402241609));
#6559 = ( GEOMETRIC_REPRESENTATION_CONTEXT(2) 
PARAMETRIC_REPRESENTATION_CONTEXT() REPRESENTATION_CONTEXT('2D SPACE',''
  ) );
#6560 = ORIENTED_EDGE('',*,*,#6465,.T.);
#6561 = ORIENTED_EDGE('',*,*,#1776,.F.);
#6562 = ORIENTED_EDGE('',*,*,#6563,.F.);
#6563 = EDGE_CURVE('',#6539,#1777,#6564,.T.);
#6564 = SURFACE_CURVE('',#6565,(#6569,#6576),.PCURVE_S1.);
#6565 = LINE('',#6566,#6567);
#6566 = CARTESIAN_POINT('',(2.926910828025,-1.680891719745,
    2.761008928571));
#6567 = VECTOR('',#6568,1.);
#6568 = DIRECTION('',(0.,0.,1.));
#6569 = PCURVE('',#1806,#6570);
#6570 = DEFINITIONAL_REPRESENTATION('',(#6571),#6575);
#6571 = LINE('',#6572,#6573);
#6572 = CARTESIAN_POINT('',(1.,0.));
#6573 = VECTOR('',#6574,1.);
#6574 = DIRECTION('',(0.,-1.));
#6575 = ( GEOMETRIC_REPRESENTATION_CONTEXT(2) 
PARAMETRIC_REPRESENTATION_CONTEXT() REPRESENTATION_CONTEXT('2D SPACE',''
  ) );
#6576 = PCURVE('',#1857,#6577);
#6577 = DEFINITIONAL_REPRESENTATION('',(#6578),#6582);
#6578 = LINE('',#6579,#6580);
#6579 = CARTESIAN_POINT('',(0.,0.));
#6580 = VECTOR('',#6581,1.);
#6581 = DIRECTION('',(0.,-1.));
#6582 = ( GEOMETRIC_REPRESENTATION_CONTEXT(2) 
PARAMETRIC_REPRESENTATION_CONTEXT() REPRESENTATION_CONTEXT('2D SPACE',''
  ) );
#6583 = ADVANCED_FACE('',(#6584),#2352,.F.);
#6584 = FACE_BOUND('',#6585,.F.);
#6585 = EDGE_LOOP('',(#6586,#6609,#6630,#6631));
#6586 = ORIENTED_EDGE('',*,*,#6587,.F.);
#6587 = EDGE_CURVE('',#6588,#6490,#6590,.T.);
#6588 = VERTEX_POINT('',#6589);
#6589 = CARTESIAN_POINT('',(2.937101910828,-1.863694267516,
    2.761008928571));
#6590 = SURFACE_CURVE('',#6591,(#6595,#6602),.PCURVE_S1.);
#6591 = B_SPLINE_CURVE_WITH_KNOTS('',2,(#6592,#6593,#6594),
  .UNSPECIFIED.,.F.,.F.,(3,3),(0.,1.),.PIECEWISE_BEZIER_KNOTS.);
#6592 = CARTESIAN_POINT('',(2.937101910828,-1.863694267516,
    2.761008928571));
#6593 = CARTESIAN_POINT('',(2.742197452229,-1.863694267516,
    2.761008928571));
#6594 = CARTESIAN_POINT('',(2.599522292994,-1.752866242038,
    2.761008928571));
#6595 = PCURVE('',#2352,#6596);
#6596 = DEFINITIONAL_REPRESENTATION('',(#6597),#6601);
#6597 = LINE('',#6598,#6599);
#6598 = CARTESIAN_POINT('',(0.,0.));
#6599 = VECTOR('',#6600,1.);
#6600 = DIRECTION('',(1.,0.));
#6601 = ( GEOMETRIC_REPRESENTATION_CONTEXT(2) 
PARAMETRIC_REPRESENTATION_CONTEXT() REPRESENTATION_CONTEXT('2D SPACE',''
  ) );
#6602 = PCURVE('',#6186,#6603);
#6603 = DEFINITIONAL_REPRESENTATION('',(#6604),#6608);
#6604 = B_SPLINE_CURVE_WITH_KNOTS('',2,(#6605,#6606,#6607),
  .UNSPECIFIED.,.F.,.F.,(3,3),(0.,1.),.PIECEWISE_BEZIER_KNOTS.);
#6605 = CARTESIAN_POINT('',(0.467548490339,-0.228211158807));
#6606 = CARTESIAN_POINT('',(0.467548490339,-0.423115617405));
#6607 = CARTESIAN_POINT('',(0.356720464861,-0.565790776641));
#6608 = ( GEOMETRIC_REPRESENTATION_CONTEXT(2) 
PARAMETRIC_REPRESENTATION_CONTEXT() REPRESENTATION_CONTEXT('2D SPACE',''
  ) );
#6609 = ORIENTED_EDGE('',*,*,#6610,.T.);
#6610 = EDGE_CURVE('',#6588,#2272,#6611,.T.);
#6611 = SURFACE_CURVE('',#6612,(#6616,#6623),.PCURVE_S1.);
#6612 = LINE('',#6613,#6614);
#6613 = CARTESIAN_POINT('',(2.937101910828,-1.863694267516,
    2.761008928571));
#6614 = VECTOR('',#6615,1.);
#6615 = DIRECTION('',(0.,0.,1.));
#6616 = PCURVE('',#2352,#6617);
#6617 = DEFINITIONAL_REPRESENTATION('',(#6618),#6622);
#6618 = LINE('',#6619,#6620);
#6619 = CARTESIAN_POINT('',(0.,0.));
#6620 = VECTOR('',#6621,1.);
#6621 = DIRECTION('',(0.,-1.));
#6622 = ( GEOMETRIC_REPRESENTATION_CONTEXT(2) 
PARAMETRIC_REPRESENTATION_CONTEXT() REPRESENTATION_CONTEXT('2D SPACE',''
  ) );
#6623 = PCURVE('',#2301,#6624);
#6624 = DEFINITIONAL_REPRESENTATION('',(#6625),#6629);
#6625 = LINE('',#6626,#6627);
#6626 = CARTESIAN_POINT('',(1.,0.));
#6627 = VECTOR('',#6628,1.);
#6628 = DIRECTION('',(0.,-1.));
#6629 = ( GEOMETRIC_REPRESENTATION_CONTEXT(2) 
PARAMETRIC_REPRESENTATION_CONTEXT() REPRESENTATION_CONTEXT('2D SPACE',''
  ) );
#6630 = ORIENTED_EDGE('',*,*,#2322,.F.);
#6631 = ORIENTED_EDGE('',*,*,#6512,.F.);
#6632 = ADVANCED_FACE('',(#6633),#1857,.F.);
#6633 = FACE_BOUND('',#6634,.F.);
#6634 = EDGE_LOOP('',(#6635,#6658,#6659,#6660));
#6635 = ORIENTED_EDGE('',*,*,#6636,.F.);
#6636 = EDGE_CURVE('',#6539,#6637,#6639,.T.);
#6637 = VERTEX_POINT('',#6638);
#6638 = CARTESIAN_POINT('',(3.170859872611,-1.598089171975,
    2.761008928571));
#6639 = SURFACE_CURVE('',#6640,(#6644,#6651),.PCURVE_S1.);
#6640 = B_SPLINE_CURVE_WITH_KNOTS('',2,(#6641,#6642,#6643),
  .UNSPECIFIED.,.F.,.F.,(3,3),(0.,1.),.PIECEWISE_BEZIER_KNOTS.);
#6641 = CARTESIAN_POINT('',(2.926910828025,-1.680891719745,
    2.761008928571));
#6642 = CARTESIAN_POINT('',(3.081687898089,-1.680891719745,
    2.761008928571));
#6643 = CARTESIAN_POINT('',(3.170859872611,-1.598089171975,
    2.761008928571));
#6644 = PCURVE('',#1857,#6645);
#6645 = DEFINITIONAL_REPRESENTATION('',(#6646),#6650);
#6646 = LINE('',#6647,#6648);
#6647 = CARTESIAN_POINT('',(0.,0.));
#6648 = VECTOR('',#6649,1.);
#6649 = DIRECTION('',(1.,0.));
#6650 = ( GEOMETRIC_REPRESENTATION_CONTEXT(2) 
PARAMETRIC_REPRESENTATION_CONTEXT() REPRESENTATION_CONTEXT('2D SPACE',''
  ) );
#6651 = PCURVE('',#6186,#6652);
#6652 = DEFINITIONAL_REPRESENTATION('',(#6653),#6657);
#6653 = B_SPLINE_CURVE_WITH_KNOTS('',2,(#6654,#6655,#6656),
  .UNSPECIFIED.,.F.,.F.,(3,3),(0.,1.),.PIECEWISE_BEZIER_KNOTS.);
#6654 = CARTESIAN_POINT('',(0.284745942568,-0.238402241609));
#6655 = CARTESIAN_POINT('',(0.284745942568,-8.362517154542E-02));
#6656 = CARTESIAN_POINT('',(0.201943394798,5.546802976873E-03));
#6657 = ( GEOMETRIC_REPRESENTATION_CONTEXT(2) 
PARAMETRIC_REPRESENTATION_CONTEXT() REPRESENTATION_CONTEXT('2D SPACE',''
  ) );
#6658 = ORIENTED_EDGE('',*,*,#6563,.T.);
#6659 = ORIENTED_EDGE('',*,*,#1827,.F.);
#6660 = ORIENTED_EDGE('',*,*,#6661,.F.);
#6661 = EDGE_CURVE('',#6637,#1828,#6662,.T.);
#6662 = SURFACE_CURVE('',#6663,(#6667,#6674),.PCURVE_S1.);
#6663 = LINE('',#6664,#6665);
#6664 = CARTESIAN_POINT('',(3.170859872611,-1.598089171975,
    2.761008928571));
#6665 = VECTOR('',#6666,1.);
#6666 = DIRECTION('',(0.,0.,1.));
#6667 = PCURVE('',#1857,#6668);
#6668 = DEFINITIONAL_REPRESENTATION('',(#6669),#6673);
#6669 = LINE('',#6670,#6671);
#6670 = CARTESIAN_POINT('',(1.,0.));
#6671 = VECTOR('',#6672,1.);
#6672 = DIRECTION('',(0.,-1.));
#6673 = ( GEOMETRIC_REPRESENTATION_CONTEXT(2) 
PARAMETRIC_REPRESENTATION_CONTEXT() REPRESENTATION_CONTEXT('2D SPACE',''
  ) );
#6674 = PCURVE('',#1904,#6675);
#6675 = DEFINITIONAL_REPRESENTATION('',(#6676),#6680);
#6676 = LINE('',#6677,#6678);
#6677 = CARTESIAN_POINT('',(0.,0.));
#6678 = VECTOR('',#6679,1.);
#6679 = DIRECTION('',(0.,-1.));
#6680 = ( GEOMETRIC_REPRESENTATION_CONTEXT(2) 
PARAMETRIC_REPRESENTATION_CONTEXT() REPRESENTATION_CONTEXT('2D SPACE',''
  ) );
#6681 = ADVANCED_FACE('',(#6682),#2301,.F.);
#6682 = FACE_BOUND('',#6683,.F.);
#6683 = EDGE_LOOP('',(#6684,#6707,#6728,#6729));
#6684 = ORIENTED_EDGE('',*,*,#6685,.F.);
#6685 = EDGE_CURVE('',#6686,#6588,#6688,.T.);
#6686 = VERTEX_POINT('',#6687);
#6687 = CARTESIAN_POINT('',(3.272770700637,-1.737579617834,
    2.761008928571));
#6688 = SURFACE_CURVE('',#6689,(#6693,#6700),.PCURVE_S1.);
#6689 = B_SPLINE_CURVE_WITH_KNOTS('',2,(#6690,#6691,#6692),
  .UNSPECIFIED.,.F.,.F.,(3,3),(0.,1.),.PIECEWISE_BEZIER_KNOTS.);
#6690 = CARTESIAN_POINT('',(3.272770700637,-1.737579617834,
    2.761008928571));
#6691 = CARTESIAN_POINT('',(3.142197452229,-1.863694267516,
    2.761008928571));
#6692 = CARTESIAN_POINT('',(2.937101910828,-1.863694267516,
    2.761008928571));
#6693 = PCURVE('',#2301,#6694);
#6694 = DEFINITIONAL_REPRESENTATION('',(#6695),#6699);
#6695 = LINE('',#6696,#6697);
#6696 = CARTESIAN_POINT('',(0.,0.));
#6697 = VECTOR('',#6698,1.);
#6698 = DIRECTION('',(1.,0.));
#6699 = ( GEOMETRIC_REPRESENTATION_CONTEXT(2) 
PARAMETRIC_REPRESENTATION_CONTEXT() REPRESENTATION_CONTEXT('2D SPACE',''
  ) );
#6700 = PCURVE('',#6186,#6701);
#6701 = DEFINITIONAL_REPRESENTATION('',(#6702),#6706);
#6702 = B_SPLINE_CURVE_WITH_KNOTS('',2,(#6703,#6704,#6705),
  .UNSPECIFIED.,.F.,.F.,(3,3),(0.,1.),.PIECEWISE_BEZIER_KNOTS.);
#6703 = CARTESIAN_POINT('',(0.341433840658,0.107457631002));
#6704 = CARTESIAN_POINT('',(0.467548490339,-2.311561740529E-02));
#6705 = CARTESIAN_POINT('',(0.467548490339,-0.228211158807));
#6706 = ( GEOMETRIC_REPRESENTATION_CONTEXT(2) 
PARAMETRIC_REPRESENTATION_CONTEXT() REPRESENTATION_CONTEXT('2D SPACE',''
  ) );
#6707 = ORIENTED_EDGE('',*,*,#6708,.T.);
#6708 = EDGE_CURVE('',#6686,#2221,#6709,.T.);
#6709 = SURFACE_CURVE('',#6710,(#6714,#6721),.PCURVE_S1.);
#6710 = LINE('',#6711,#6712);
#6711 = CARTESIAN_POINT('',(3.272770700637,-1.737579617834,
    2.761008928571));
#6712 = VECTOR('',#6713,1.);
#6713 = DIRECTION('',(0.,0.,1.));
#6714 = PCURVE('',#2301,#6715);
#6715 = DEFINITIONAL_REPRESENTATION('',(#6716),#6720);
#6716 = LINE('',#6717,#6718);
#6717 = CARTESIAN_POINT('',(0.,0.));
#6718 = VECTOR('',#6719,1.);
#6719 = DIRECTION('',(0.,-1.));
#6720 = ( GEOMETRIC_REPRESENTATION_CONTEXT(2) 
PARAMETRIC_REPRESENTATION_CONTEXT() REPRESENTATION_CONTEXT('2D SPACE',''
  ) );
#6721 = PCURVE('',#2250,#6722);
#6722 = DEFINITIONAL_REPRESENTATION('',(#6723),#6727);
#6723 = LINE('',#6724,#6725);
#6724 = CARTESIAN_POINT('',(1.,0.));
#6725 = VECTOR('',#6726,1.);
#6726 = DIRECTION('',(0.,-1.));
#6727 = ( GEOMETRIC_REPRESENTATION_CONTEXT(2) 
PARAMETRIC_REPRESENTATION_CONTEXT() REPRESENTATION_CONTEXT('2D SPACE',''
  ) );
#6728 = ORIENTED_EDGE('',*,*,#2271,.F.);
#6729 = ORIENTED_EDGE('',*,*,#6610,.F.);
#6730 = ADVANCED_FACE('',(#6731),#1904,.F.);
#6731 = FACE_BOUND('',#6732,.F.);
#6732 = EDGE_LOOP('',(#6733,#6756,#6757,#6758));
#6733 = ORIENTED_EDGE('',*,*,#6734,.F.);
#6734 = EDGE_CURVE('',#6637,#6735,#6737,.T.);
#6735 = VERTEX_POINT('',#6736);
#6736 = CARTESIAN_POINT('',(3.260668789809,-1.382165605096,
    2.761008928571));
#6737 = SURFACE_CURVE('',#6738,(#6742,#6749),.PCURVE_S1.);
#6738 = B_SPLINE_CURVE_WITH_KNOTS('',2,(#6739,#6740,#6741),
  .UNSPECIFIED.,.F.,.F.,(3,3),(0.,1.),.PIECEWISE_BEZIER_KNOTS.);
#6739 = CARTESIAN_POINT('',(3.170859872611,-1.598089171975,
    2.761008928571));
#6740 = CARTESIAN_POINT('',(3.260668789809,-1.515923566879,
    2.761008928571));
#6741 = CARTESIAN_POINT('',(3.260668789809,-1.382165605096,
    2.761008928571));
#6742 = PCURVE('',#1904,#6743);
#6743 = DEFINITIONAL_REPRESENTATION('',(#6744),#6748);
#6744 = LINE('',#6745,#6746);
#6745 = CARTESIAN_POINT('',(0.,0.));
#6746 = VECTOR('',#6747,1.);
#6747 = DIRECTION('',(1.,0.));
#6748 = ( GEOMETRIC_REPRESENTATION_CONTEXT(2) 
PARAMETRIC_REPRESENTATION_CONTEXT() REPRESENTATION_CONTEXT('2D SPACE',''
  ) );
#6749 = PCURVE('',#6186,#6750);
#6750 = DEFINITIONAL_REPRESENTATION('',(#6751),#6755);
#6751 = B_SPLINE_CURVE_WITH_KNOTS('',2,(#6752,#6753,#6754),
  .UNSPECIFIED.,.F.,.F.,(3,3),(0.,1.),.PIECEWISE_BEZIER_KNOTS.);
#6752 = CARTESIAN_POINT('',(0.201943394798,5.546802976873E-03));
#6753 = CARTESIAN_POINT('',(0.119777789702,9.535572017433E-02));
#6754 = CARTESIAN_POINT('',(-1.398017208128E-02,9.535572017433E-02));
#6755 = ( GEOMETRIC_REPRESENTATION_CONTEXT(2) 
PARAMETRIC_REPRESENTATION_CONTEXT() REPRESENTATION_CONTEXT('2D SPACE',''
  ) );
#6756 = ORIENTED_EDGE('',*,*,#6661,.T.);
#6757 = ORIENTED_EDGE('',*,*,#1878,.F.);
#6758 = ORIENTED_EDGE('',*,*,#6759,.F.);
#6759 = EDGE_CURVE('',#6735,#1879,#6760,.T.);
#6760 = SURFACE_CURVE('',#6761,(#6765,#6772),.PCURVE_S1.);
#6761 = LINE('',#6762,#6763);
#6762 = CARTESIAN_POINT('',(3.260668789809,-1.382165605096,
    2.761008928571));
#6763 = VECTOR('',#6764,1.);
#6764 = DIRECTION('',(0.,0.,1.));
#6765 = PCURVE('',#1904,#6766);
#6766 = DEFINITIONAL_REPRESENTATION('',(#6767),#6771);
#6767 = LINE('',#6768,#6769);
#6768 = CARTESIAN_POINT('',(1.,0.));
#6769 = VECTOR('',#6770,1.);
#6770 = DIRECTION('',(0.,-1.));
#6771 = ( GEOMETRIC_REPRESENTATION_CONTEXT(2) 
PARAMETRIC_REPRESENTATION_CONTEXT() REPRESENTATION_CONTEXT('2D SPACE',''
  ) );
#6772 = PCURVE('',#1949,#6773);
#6773 = DEFINITIONAL_REPRESENTATION('',(#6774),#6778);
#6774 = LINE('',#6775,#6776);
#6775 = CARTESIAN_POINT('',(0.,0.));
#6776 = VECTOR('',#6777,1.);
#6777 = DIRECTION('',(0.,-1.));
#6778 = ( GEOMETRIC_REPRESENTATION_CONTEXT(2) 
PARAMETRIC_REPRESENTATION_CONTEXT() REPRESENTATION_CONTEXT('2D SPACE',''
  ) );
#6779 = ADVANCED_FACE('',(#6780),#2250,.F.);
#6780 = FACE_BOUND('',#6781,.F.);
#6781 = EDGE_LOOP('',(#6782,#6805,#6826,#6827));
#6782 = ORIENTED_EDGE('',*,*,#6783,.F.);
#6783 = EDGE_CURVE('',#6784,#6686,#6786,.T.);
#6784 = VERTEX_POINT('',#6785);
#6785 = CARTESIAN_POINT('',(3.403343949045,-1.428025477707,
    2.761008928571));
#6786 = SURFACE_CURVE('',#6787,(#6791,#6798),.PCURVE_S1.);
#6787 = B_SPLINE_CURVE_WITH_KNOTS('',2,(#6788,#6789,#6790),
  .UNSPECIFIED.,.F.,.F.,(3,3),(0.,1.),.PIECEWISE_BEZIER_KNOTS.);
#6788 = CARTESIAN_POINT('',(3.403343949045,-1.428025477707,
    2.761008928571));
#6789 = CARTESIAN_POINT('',(3.403343949045,-1.611464968153,
    2.761008928571));
#6790 = CARTESIAN_POINT('',(3.272770700637,-1.737579617834,
    2.761008928571));
#6791 = PCURVE('',#2250,#6792);
#6792 = DEFINITIONAL_REPRESENTATION('',(#6793),#6797);
#6793 = LINE('',#6794,#6795);
#6794 = CARTESIAN_POINT('',(0.,0.));
#6795 = VECTOR('',#6796,1.);
#6796 = DIRECTION('',(1.,0.));
#6797 = ( GEOMETRIC_REPRESENTATION_CONTEXT(2) 
PARAMETRIC_REPRESENTATION_CONTEXT() REPRESENTATION_CONTEXT('2D SPACE',''
  ) );
#6798 = PCURVE('',#6186,#6799);
#6799 = DEFINITIONAL_REPRESENTATION('',(#6800),#6804);
#6800 = B_SPLINE_CURVE_WITH_KNOTS('',2,(#6801,#6802,#6803),
  .UNSPECIFIED.,.F.,.F.,(3,3),(0.,1.),.PIECEWISE_BEZIER_KNOTS.);
#6801 = CARTESIAN_POINT('',(3.187970053018E-02,0.23803087941));
#6802 = CARTESIAN_POINT('',(0.215319190976,0.23803087941));
#6803 = CARTESIAN_POINT('',(0.341433840658,0.107457631002));
#6804 = ( GEOMETRIC_REPRESENTATION_CONTEXT(2) 
PARAMETRIC_REPRESENTATION_CONTEXT() REPRESENTATION_CONTEXT('2D SPACE',''
  ) );
#6805 = ORIENTED_EDGE('',*,*,#6806,.T.);
#6806 = EDGE_CURVE('',#6784,#2170,#6807,.T.);
#6807 = SURFACE_CURVE('',#6808,(#6812,#6819),.PCURVE_S1.);
#6808 = LINE('',#6809,#6810);
#6809 = CARTESIAN_POINT('',(3.403343949045,-1.428025477707,
    2.761008928571));
#6810 = VECTOR('',#6811,1.);
#6811 = DIRECTION('',(0.,0.,1.));
#6812 = PCURVE('',#2250,#6813);
#6813 = DEFINITIONAL_REPRESENTATION('',(#6814),#6818);
#6814 = LINE('',#6815,#6816);
#6815 = CARTESIAN_POINT('',(0.,0.));
#6816 = VECTOR('',#6817,1.);
#6817 = DIRECTION('',(0.,-1.));
#6818 = ( GEOMETRIC_REPRESENTATION_CONTEXT(2) 
PARAMETRIC_REPRESENTATION_CONTEXT() REPRESENTATION_CONTEXT('2D SPACE',''
  ) );
#6819 = PCURVE('',#2199,#6820);
#6820 = DEFINITIONAL_REPRESENTATION('',(#6821),#6825);
#6821 = LINE('',#6822,#6823);
#6822 = CARTESIAN_POINT('',(1.,0.));
#6823 = VECTOR('',#6824,1.);
#6824 = DIRECTION('',(0.,-1.));
#6825 = ( GEOMETRIC_REPRESENTATION_CONTEXT(2) 
PARAMETRIC_REPRESENTATION_CONTEXT() REPRESENTATION_CONTEXT('2D SPACE',''
  ) );
#6826 = ORIENTED_EDGE('',*,*,#2220,.F.);
#6827 = ORIENTED_EDGE('',*,*,#6708,.F.);
#6828 = ADVANCED_FACE('',(#6829),#1949,.F.);
#6829 = FACE_BOUND('',#6830,.F.);
#6830 = EDGE_LOOP('',(#6831,#6854,#6855,#6856));
#6831 = ORIENTED_EDGE('',*,*,#6832,.F.);
#6832 = EDGE_CURVE('',#6735,#6833,#6835,.T.);
#6833 = VERTEX_POINT('',#6834);
#6834 = CARTESIAN_POINT('',(3.220541401274,-1.231847133758,
    2.761008928571));
#6835 = SURFACE_CURVE('',#6836,(#6840,#6847),.PCURVE_S1.);
#6836 = B_SPLINE_CURVE_WITH_KNOTS('',2,(#6837,#6838,#6839),
  .UNSPECIFIED.,.F.,.F.,(3,3),(0.,1.),.PIECEWISE_BEZIER_KNOTS.);
#6837 = CARTESIAN_POINT('',(3.260668789809,-1.382165605096,
    2.761008928571));
#6838 = CARTESIAN_POINT('',(3.260668789809,-1.29872611465,2.761008928571
    ));
#6839 = CARTESIAN_POINT('',(3.220541401274,-1.231847133758,
    2.761008928571));
#6840 = PCURVE('',#1949,#6841);
#6841 = DEFINITIONAL_REPRESENTATION('',(#6842),#6846);
#6842 = LINE('',#6843,#6844);
#6843 = CARTESIAN_POINT('',(0.,0.));
#6844 = VECTOR('',#6845,1.);
#6845 = DIRECTION('',(1.,0.));
#6846 = ( GEOMETRIC_REPRESENTATION_CONTEXT(2) 
PARAMETRIC_REPRESENTATION_CONTEXT() REPRESENTATION_CONTEXT('2D SPACE',''
  ) );
#6847 = PCURVE('',#6186,#6848);
#6848 = DEFINITIONAL_REPRESENTATION('',(#6849),#6853);
#6849 = B_SPLINE_CURVE_WITH_KNOTS('',2,(#6850,#6851,#6852),
  .UNSPECIFIED.,.F.,.F.,(3,3),(0.,1.),.PIECEWISE_BEZIER_KNOTS.);
#6850 = CARTESIAN_POINT('',(-1.398017208128E-02,9.535572017433E-02));
#6851 = CARTESIAN_POINT('',(-9.741966252714E-02,9.535572017433E-02));
#6852 = CARTESIAN_POINT('',(-0.164298643419,5.522833163929E-02));
#6853 = ( GEOMETRIC_REPRESENTATION_CONTEXT(2) 
PARAMETRIC_REPRESENTATION_CONTEXT() REPRESENTATION_CONTEXT('2D SPACE',''
  ) );
#6854 = ORIENTED_EDGE('',*,*,#6759,.T.);
#6855 = ORIENTED_EDGE('',*,*,#1923,.F.);
#6856 = ORIENTED_EDGE('',*,*,#6857,.F.);
#6857 = EDGE_CURVE('',#6833,#1924,#6858,.T.);
#6858 = SURFACE_CURVE('',#6859,(#6863,#6870),.PCURVE_S1.);
#6859 = LINE('',#6860,#6861);
#6860 = CARTESIAN_POINT('',(3.220541401274,-1.231847133758,
    2.761008928571));
#6861 = VECTOR('',#6862,1.);
#6862 = DIRECTION('',(0.,0.,1.));
#6863 = PCURVE('',#1949,#6864);
#6864 = DEFINITIONAL_REPRESENTATION('',(#6865),#6869);
#6865 = LINE('',#6866,#6867);
#6866 = CARTESIAN_POINT('',(1.,0.));
#6867 = VECTOR('',#6868,1.);
#6868 = DIRECTION('',(0.,-1.));
#6869 = ( GEOMETRIC_REPRESENTATION_CONTEXT(2) 
PARAMETRIC_REPRESENTATION_CONTEXT() REPRESENTATION_CONTEXT('2D SPACE',''
  ) );
#6870 = PCURVE('',#1994,#6871);
#6871 = DEFINITIONAL_REPRESENTATION('',(#6872),#6876);
#6872 = LINE('',#6873,#6874);
#6873 = CARTESIAN_POINT('',(0.,0.));
#6874 = VECTOR('',#6875,1.);
#6875 = DIRECTION('',(0.,-1.));
#6876 = ( GEOMETRIC_REPRESENTATION_CONTEXT(2) 
PARAMETRIC_REPRESENTATION_CONTEXT() REPRESENTATION_CONTEXT('2D SPACE',''
  ) );
#6877 = ADVANCED_FACE('',(#6878),#2199,.F.);
#6878 = FACE_BOUND('',#6879,.F.);
#6879 = EDGE_LOOP('',(#6880,#6903,#6924,#6925));
#6880 = ORIENTED_EDGE('',*,*,#6881,.F.);
#6881 = EDGE_CURVE('',#6882,#6784,#6884,.T.);
#6882 = VERTEX_POINT('',#6883);
#6883 = CARTESIAN_POINT('',(3.317356687898,-1.163057324841,
    2.761008928571));
#6884 = SURFACE_CURVE('',#6885,(#6889,#6896),.PCURVE_S1.);
#6885 = B_SPLINE_CURVE_WITH_KNOTS('',2,(#6886,#6887,#6888),
  .UNSPECIFIED.,.F.,.F.,(3,3),(0.,1.),.PIECEWISE_BEZIER_KNOTS.);
#6886 = CARTESIAN_POINT('',(3.317356687898,-1.163057324841,
    2.761008928571));
#6887 = CARTESIAN_POINT('',(3.403343949045,-1.289171974522,
    2.761008928571));
#6888 = CARTESIAN_POINT('',(3.403343949045,-1.428025477707,
    2.761008928571));
#6889 = PCURVE('',#2199,#6890);
#6890 = DEFINITIONAL_REPRESENTATION('',(#6891),#6895);
#6891 = LINE('',#6892,#6893);
#6892 = CARTESIAN_POINT('',(0.,0.));
#6893 = VECTOR('',#6894,1.);
#6894 = DIRECTION('',(1.,0.));
#6895 = ( GEOMETRIC_REPRESENTATION_CONTEXT(2) 
PARAMETRIC_REPRESENTATION_CONTEXT() REPRESENTATION_CONTEXT('2D SPACE',''
  ) );
#6896 = PCURVE('',#6186,#6897);
#6897 = DEFINITIONAL_REPRESENTATION('',(#6898),#6902);
#6898 = B_SPLINE_CURVE_WITH_KNOTS('',2,(#6899,#6900,#6901),
  .UNSPECIFIED.,.F.,.F.,(3,3),(0.,1.),.PIECEWISE_BEZIER_KNOTS.);
#6899 = CARTESIAN_POINT('',(-0.233088452336,0.152043618263));
#6900 = CARTESIAN_POINT('',(-0.106973802655,0.23803087941));
#6901 = CARTESIAN_POINT('',(3.187970053018E-02,0.23803087941));
#6902 = ( GEOMETRIC_REPRESENTATION_CONTEXT(2) 
PARAMETRIC_REPRESENTATION_CONTEXT() REPRESENTATION_CONTEXT('2D SPACE',''
  ) );
#6903 = ORIENTED_EDGE('',*,*,#6904,.T.);
#6904 = EDGE_CURVE('',#6882,#2144,#6905,.T.);
#6905 = SURFACE_CURVE('',#6906,(#6910,#6917),.PCURVE_S1.);
#6906 = LINE('',#6907,#6908);
#6907 = CARTESIAN_POINT('',(3.317356687898,-1.163057324841,
    2.761008928571));
#6908 = VECTOR('',#6909,1.);
#6909 = DIRECTION('',(0.,0.,1.));
#6910 = PCURVE('',#2199,#6911);
#6911 = DEFINITIONAL_REPRESENTATION('',(#6912),#6916);
#6912 = LINE('',#6913,#6914);
#6913 = CARTESIAN_POINT('',(0.,0.));
#6914 = VECTOR('',#6915,1.);
#6915 = DIRECTION('',(0.,-1.));
#6916 = ( GEOMETRIC_REPRESENTATION_CONTEXT(2) 
PARAMETRIC_REPRESENTATION_CONTEXT() REPRESENTATION_CONTEXT('2D SPACE',''
  ) );
#6917 = PCURVE('',#2158,#6918);
#6918 = DEFINITIONAL_REPRESENTATION('',(#6919),#6923);
#6919 = LINE('',#6920,#6921);
#6920 = CARTESIAN_POINT('',(0.378994272632,0.));
#6921 = VECTOR('',#6922,1.);
#6922 = DIRECTION('',(0.,-1.));
#6923 = ( GEOMETRIC_REPRESENTATION_CONTEXT(2) 
PARAMETRIC_REPRESENTATION_CONTEXT() REPRESENTATION_CONTEXT('2D SPACE',''
  ) );
#6924 = ORIENTED_EDGE('',*,*,#2169,.F.);
#6925 = ORIENTED_EDGE('',*,*,#6806,.F.);
#6926 = ADVANCED_FACE('',(#6927),#1994,.F.);
#6927 = FACE_BOUND('',#6928,.F.);
#6928 = EDGE_LOOP('',(#6929,#6952,#6953,#6954));
#6929 = ORIENTED_EDGE('',*,*,#6930,.F.);
#6930 = EDGE_CURVE('',#6833,#6931,#6933,.T.);
#6931 = VERTEX_POINT('',#6932);
#6932 = CARTESIAN_POINT('',(3.117993630573,-1.126751592357,
    2.761008928571));
#6933 = SURFACE_CURVE('',#6934,(#6938,#6945),.PCURVE_S1.);
#6934 = B_SPLINE_CURVE_WITH_KNOTS('',2,(#6935,#6936,#6937),
  .UNSPECIFIED.,.F.,.F.,(3,3),(0.,1.),.PIECEWISE_BEZIER_KNOTS.);
#6935 = CARTESIAN_POINT('',(3.220541401274,-1.231847133758,
    2.761008928571));
#6936 = CARTESIAN_POINT('',(3.181050955414,-1.164968152866,
    2.761008928571));
#6937 = CARTESIAN_POINT('',(3.117993630573,-1.126751592357,
    2.761008928571));
#6938 = PCURVE('',#1994,#6939);
#6939 = DEFINITIONAL_REPRESENTATION('',(#6940),#6944);
#6940 = LINE('',#6941,#6942);
#6941 = CARTESIAN_POINT('',(0.,0.));
#6942 = VECTOR('',#6943,1.);
#6943 = DIRECTION('',(1.,0.));
#6944 = ( GEOMETRIC_REPRESENTATION_CONTEXT(2) 
PARAMETRIC_REPRESENTATION_CONTEXT() REPRESENTATION_CONTEXT('2D SPACE',''
  ) );
#6945 = PCURVE('',#6186,#6946);
#6946 = DEFINITIONAL_REPRESENTATION('',(#6947),#6951);
#6947 = B_SPLINE_CURVE_WITH_KNOTS('',2,(#6948,#6949,#6950),
  .UNSPECIFIED.,.F.,.F.,(3,3),(0.,1.),.PIECEWISE_BEZIER_KNOTS.);
#6948 = CARTESIAN_POINT('',(-0.164298643419,5.522833163929E-02));
#6949 = CARTESIAN_POINT('',(-0.231177624311,1.573788577942E-02));
#6950 = CARTESIAN_POINT('',(-0.26939418482,-4.731943906134E-02));
#6951 = ( GEOMETRIC_REPRESENTATION_CONTEXT(2) 
PARAMETRIC_REPRESENTATION_CONTEXT() REPRESENTATION_CONTEXT('2D SPACE',''
  ) );
#6952 = ORIENTED_EDGE('',*,*,#6857,.T.);
#6953 = ORIENTED_EDGE('',*,*,#1968,.F.);
#6954 = ORIENTED_EDGE('',*,*,#6955,.F.);
#6955 = EDGE_CURVE('',#6931,#1969,#6956,.T.);
#6956 = SURFACE_CURVE('',#6957,(#6961,#6968),.PCURVE_S1.);
#6957 = LINE('',#6958,#6959);
#6958 = CARTESIAN_POINT('',(3.117993630573,-1.126751592357,
    2.761008928571));
#6959 = VECTOR('',#6960,1.);
#6960 = DIRECTION('',(0.,0.,1.));
#6961 = PCURVE('',#1994,#6962);
#6962 = DEFINITIONAL_REPRESENTATION('',(#6963),#6967);
#6963 = LINE('',#6964,#6965);
#6964 = CARTESIAN_POINT('',(1.,0.));
#6965 = VECTOR('',#6966,1.);
#6966 = DIRECTION('',(0.,-1.));
#6967 = ( GEOMETRIC_REPRESENTATION_CONTEXT(2) 
PARAMETRIC_REPRESENTATION_CONTEXT() REPRESENTATION_CONTEXT('2D SPACE',''
  ) );
#6968 = PCURVE('',#2028,#6969);
#6969 = DEFINITIONAL_REPRESENTATION('',(#6970),#6974);
#6970 = LINE('',#6971,#6972);
#6971 = CARTESIAN_POINT('',(0.,0.));
#6972 = VECTOR('',#6973,1.);
#6973 = DIRECTION('',(0.,-1.));
#6974 = ( GEOMETRIC_REPRESENTATION_CONTEXT(2) 
PARAMETRIC_REPRESENTATION_CONTEXT() REPRESENTATION_CONTEXT('2D SPACE',''
  ) );
#6975 = ADVANCED_FACE('',(#6976),#2158,.F.);
#6976 = FACE_BOUND('',#6977,.F.);
#6977 = EDGE_LOOP('',(#6978,#7001,#7022,#7023));
#6978 = ORIENTED_EDGE('',*,*,#6979,.F.);
#6979 = EDGE_CURVE('',#6980,#6882,#6982,.T.);
#6980 = VERTEX_POINT('',#6981);
#6981 = CARTESIAN_POINT('',(3.688694267516,-1.238853503185,
    2.761008928571));
#6982 = SURFACE_CURVE('',#6983,(#6987,#6994),.PCURVE_S1.);
#6983 = LINE('',#6984,#6985);
#6984 = CARTESIAN_POINT('',(3.688694267516,-1.238853503185,
    2.761008928571));
#6985 = VECTOR('',#6986,1.);
#6986 = DIRECTION('',(-0.979797338463,0.199992938726,0.));
#6987 = PCURVE('',#2158,#6988);
#6988 = DEFINITIONAL_REPRESENTATION('',(#6989),#6993);
#6989 = LINE('',#6990,#6991);
#6990 = CARTESIAN_POINT('',(0.,0.));
#6991 = VECTOR('',#6992,1.);
#6992 = DIRECTION('',(1.,0.));
#6993 = ( GEOMETRIC_REPRESENTATION_CONTEXT(2) 
PARAMETRIC_REPRESENTATION_CONTEXT() REPRESENTATION_CONTEXT('2D SPACE',''
  ) );
#6994 = PCURVE('',#6186,#6995);
#6995 = DEFINITIONAL_REPRESENTATION('',(#6996),#7000);
#6996 = LINE('',#6997,#6998);
#6997 = CARTESIAN_POINT('',(-0.157292273992,0.523381197881));
#6998 = VECTOR('',#6999,1.);
#6999 = DIRECTION('',(-0.199992938726,-0.979797338463));
#7000 = ( GEOMETRIC_REPRESENTATION_CONTEXT(2) 
PARAMETRIC_REPRESENTATION_CONTEXT() REPRESENTATION_CONTEXT('2D SPACE',''
  ) );
#7001 = ORIENTED_EDGE('',*,*,#7002,.T.);
#7002 = EDGE_CURVE('',#6980,#2118,#7003,.T.);
#7003 = SURFACE_CURVE('',#7004,(#7008,#7015),.PCURVE_S1.);
#7004 = LINE('',#7005,#7006);
#7005 = CARTESIAN_POINT('',(3.688694267516,-1.238853503185,
    2.761008928571));
#7006 = VECTOR('',#7007,1.);
#7007 = DIRECTION('',(0.,0.,1.));
#7008 = PCURVE('',#2158,#7009);
#7009 = DEFINITIONAL_REPRESENTATION('',(#7010),#7014);
#7010 = LINE('',#7011,#7012);
#7011 = CARTESIAN_POINT('',(0.,0.));
#7012 = VECTOR('',#7013,1.);
#7013 = DIRECTION('',(0.,-1.));
#7014 = ( GEOMETRIC_REPRESENTATION_CONTEXT(2) 
PARAMETRIC_REPRESENTATION_CONTEXT() REPRESENTATION_CONTEXT('2D SPACE',''
  ) );
#7015 = PCURVE('',#2132,#7016);
#7016 = DEFINITIONAL_REPRESENTATION('',(#7017),#7021);
#7017 = LINE('',#7018,#7019);
#7018 = CARTESIAN_POINT('',(0.558598726115,0.));
#7019 = VECTOR('',#7020,1.);
#7020 = DIRECTION('',(0.,-1.));
#7021 = ( GEOMETRIC_REPRESENTATION_CONTEXT(2) 
PARAMETRIC_REPRESENTATION_CONTEXT() REPRESENTATION_CONTEXT('2D SPACE',''
  ) );
#7022 = ORIENTED_EDGE('',*,*,#2143,.F.);
#7023 = ORIENTED_EDGE('',*,*,#6904,.F.);
#7024 = ADVANCED_FACE('',(#7025),#2028,.F.);
#7025 = FACE_BOUND('',#7026,.F.);
#7026 = EDGE_LOOP('',(#7027,#7050,#7051,#7052));
#7027 = ORIENTED_EDGE('',*,*,#7028,.F.);
#7028 = EDGE_CURVE('',#6931,#7029,#7031,.T.);
#7029 = VERTEX_POINT('',#7030);
#7030 = CARTESIAN_POINT('',(3.139012738854,-0.965605095541,
    2.761008928571));
#7031 = SURFACE_CURVE('',#7032,(#7036,#7043),.PCURVE_S1.);
#7032 = LINE('',#7033,#7034);
#7033 = CARTESIAN_POINT('',(3.117993630573,-1.126751592357,
    2.761008928571));
#7034 = VECTOR('',#7035,1.);
#7035 = DIRECTION('',(0.129339184068,0.991600411186,0.));
#7036 = PCURVE('',#2028,#7037);
#7037 = DEFINITIONAL_REPRESENTATION('',(#7038),#7042);
#7038 = LINE('',#7039,#7040);
#7039 = CARTESIAN_POINT('',(0.,0.));
#7040 = VECTOR('',#7041,1.);
#7041 = DIRECTION('',(1.,0.));
#7042 = ( GEOMETRIC_REPRESENTATION_CONTEXT(2) 
PARAMETRIC_REPRESENTATION_CONTEXT() REPRESENTATION_CONTEXT('2D SPACE',''
  ) );
#7043 = PCURVE('',#6186,#7044);
#7044 = DEFINITIONAL_REPRESENTATION('',(#7045),#7049);
#7045 = LINE('',#7046,#7047);
#7046 = CARTESIAN_POINT('',(-0.26939418482,-4.731943906134E-02));
#7047 = VECTOR('',#7048,1.);
#7048 = DIRECTION('',(-0.991600411186,0.129339184068));
#7049 = ( GEOMETRIC_REPRESENTATION_CONTEXT(2) 
PARAMETRIC_REPRESENTATION_CONTEXT() REPRESENTATION_CONTEXT('2D SPACE',''
  ) );
#7050 = ORIENTED_EDGE('',*,*,#6955,.T.);
#7051 = ORIENTED_EDGE('',*,*,#2013,.F.);
#7052 = ORIENTED_EDGE('',*,*,#7053,.F.);
#7053 = EDGE_CURVE('',#7029,#2014,#7054,.T.);
#7054 = SURFACE_CURVE('',#7055,(#7059,#7066),.PCURVE_S1.);
#7055 = LINE('',#7056,#7057);
#7056 = CARTESIAN_POINT('',(3.139012738854,-0.965605095541,
    2.761008928571));
#7057 = VECTOR('',#7058,1.);
#7058 = DIRECTION('',(0.,0.,1.));
#7059 = PCURVE('',#2028,#7060);
#7060 = DEFINITIONAL_REPRESENTATION('',(#7061),#7065);
#7061 = LINE('',#7062,#7063);
#7062 = CARTESIAN_POINT('',(0.162511526818,0.));
#7063 = VECTOR('',#7064,1.);
#7064 = DIRECTION('',(0.,-1.));
#7065 = ( GEOMETRIC_REPRESENTATION_CONTEXT(2) 
PARAMETRIC_REPRESENTATION_CONTEXT() REPRESENTATION_CONTEXT('2D SPACE',''
  ) );
#7066 = PCURVE('',#2054,#7067);
#7067 = DEFINITIONAL_REPRESENTATION('',(#7068),#7072);
#7068 = LINE('',#7069,#7070);
#7069 = CARTESIAN_POINT('',(0.,0.));
#7070 = VECTOR('',#7071,1.);
#7071 = DIRECTION('',(0.,-1.));
#7072 = ( GEOMETRIC_REPRESENTATION_CONTEXT(2) 
PARAMETRIC_REPRESENTATION_CONTEXT() REPRESENTATION_CONTEXT('2D SPACE',''
  ) );
#7073 = ADVANCED_FACE('',(#7074),#2132,.F.);
#7074 = FACE_BOUND('',#7075,.F.);
#7075 = EDGE_LOOP('',(#7076,#7099,#7120,#7121));
#7076 = ORIENTED_EDGE('',*,*,#7077,.F.);
#7077 = EDGE_CURVE('',#7078,#6980,#7080,.T.);
#7078 = VERTEX_POINT('',#7079);
#7079 = CARTESIAN_POINT('',(3.688694267516,-1.797452229299,
    2.761008928571));
#7080 = SURFACE_CURVE('',#7081,(#7085,#7092),.PCURVE_S1.);
#7081 = LINE('',#7082,#7083);
#7082 = CARTESIAN_POINT('',(3.688694267516,-1.797452229299,
    2.761008928571));
#7083 = VECTOR('',#7084,1.);
#7084 = DIRECTION('',(-2.22044604925E-16,1.,0.));
#7085 = PCURVE('',#2132,#7086);
#7086 = DEFINITIONAL_REPRESENTATION('',(#7087),#7091);
#7087 = LINE('',#7088,#7089);
#7088 = CARTESIAN_POINT('',(0.,0.));
#7089 = VECTOR('',#7090,1.);
#7090 = DIRECTION('',(1.,0.));
#7091 = ( GEOMETRIC_REPRESENTATION_CONTEXT(2) 
PARAMETRIC_REPRESENTATION_CONTEXT() REPRESENTATION_CONTEXT('2D SPACE',''
  ) );
#7092 = PCURVE('',#6186,#7093);
#7093 = DEFINITIONAL_REPRESENTATION('',(#7094),#7098);
#7094 = LINE('',#7095,#7096);
#7095 = CARTESIAN_POINT('',(0.401306452123,0.523381197881));
#7096 = VECTOR('',#7097,1.);
#7097 = DIRECTION('',(-1.,0.));
#7098 = ( GEOMETRIC_REPRESENTATION_CONTEXT(2) 
PARAMETRIC_REPRESENTATION_CONTEXT() REPRESENTATION_CONTEXT('2D SPACE',''
  ) );
#7099 = ORIENTED_EDGE('',*,*,#7100,.T.);
#7100 = EDGE_CURVE('',#7078,#2092,#7101,.T.);
#7101 = SURFACE_CURVE('',#7102,(#7106,#7113),.PCURVE_S1.);
#7102 = LINE('',#7103,#7104);
#7103 = CARTESIAN_POINT('',(3.688694267516,-1.797452229299,
    2.761008928571));
#7104 = VECTOR('',#7105,1.);
#7105 = DIRECTION('',(0.,0.,1.));
#7106 = PCURVE('',#2132,#7107);
#7107 = DEFINITIONAL_REPRESENTATION('',(#7108),#7112);
#7108 = LINE('',#7109,#7110);
#7109 = CARTESIAN_POINT('',(0.,0.));
#7110 = VECTOR('',#7111,1.);
#7111 = DIRECTION('',(0.,-1.));
#7112 = ( GEOMETRIC_REPRESENTATION_CONTEXT(2) 
PARAMETRIC_REPRESENTATION_CONTEXT() REPRESENTATION_CONTEXT('2D SPACE',''
  ) );
#7113 = PCURVE('',#2106,#7114);
#7114 = DEFINITIONAL_REPRESENTATION('',(#7115),#7119);
#7115 = LINE('',#7116,#7117);
#7116 = CARTESIAN_POINT('',(0.163057324841,-0.));
#7117 = VECTOR('',#7118,1.);
#7118 = DIRECTION('',(0.,-1.));
#7119 = ( GEOMETRIC_REPRESENTATION_CONTEXT(2) 
PARAMETRIC_REPRESENTATION_CONTEXT() REPRESENTATION_CONTEXT('2D SPACE',''
  ) );
#7120 = ORIENTED_EDGE('',*,*,#2117,.F.);
#7121 = ORIENTED_EDGE('',*,*,#7002,.F.);
#7122 = ADVANCED_FACE('',(#7123),#2054,.F.);
#7123 = FACE_BOUND('',#7124,.F.);
#7124 = EDGE_LOOP('',(#7125,#7148,#7149,#7150));
#7125 = ORIENTED_EDGE('',*,*,#7126,.F.);
#7126 = EDGE_CURVE('',#7029,#7127,#7129,.T.);
#7127 = VERTEX_POINT('',#7128);
#7128 = CARTESIAN_POINT('',(3.851751592357,-1.10127388535,2.761008928571
    ));
#7129 = SURFACE_CURVE('',#7130,(#7134,#7141),.PCURVE_S1.);
#7130 = LINE('',#7131,#7132);
#7131 = CARTESIAN_POINT('',(3.139012738854,-0.965605095541,
    2.761008928571));
#7132 = VECTOR('',#7133,1.);
#7133 = DIRECTION('',(0.982361610847,-0.186991084102,0.));
#7134 = PCURVE('',#2054,#7135);
#7135 = DEFINITIONAL_REPRESENTATION('',(#7136),#7140);
#7136 = LINE('',#7137,#7138);
#7137 = CARTESIAN_POINT('',(0.,0.));
#7138 = VECTOR('',#7139,1.);
#7139 = DIRECTION('',(1.,0.));
#7140 = ( GEOMETRIC_REPRESENTATION_CONTEXT(2) 
PARAMETRIC_REPRESENTATION_CONTEXT() REPRESENTATION_CONTEXT('2D SPACE',''
  ) );
#7141 = PCURVE('',#6186,#7142);
#7142 = DEFINITIONAL_REPRESENTATION('',(#7143),#7147);
#7143 = LINE('',#7144,#7145);
#7144 = CARTESIAN_POINT('',(-0.430540681635,-2.630033078109E-02));
#7145 = VECTOR('',#7146,1.);
#7146 = DIRECTION('',(0.186991084102,0.982361610847));
#7147 = ( GEOMETRIC_REPRESENTATION_CONTEXT(2) 
PARAMETRIC_REPRESENTATION_CONTEXT() REPRESENTATION_CONTEXT('2D SPACE',''
  ) );
#7148 = ORIENTED_EDGE('',*,*,#7053,.T.);
#7149 = ORIENTED_EDGE('',*,*,#2039,.F.);
#7150 = ORIENTED_EDGE('',*,*,#7151,.F.);
#7151 = EDGE_CURVE('',#7127,#2040,#7152,.T.);
#7152 = SURFACE_CURVE('',#7153,(#7157,#7164),.PCURVE_S1.);
#7153 = LINE('',#7154,#7155);
#7154 = CARTESIAN_POINT('',(3.851751592357,-1.10127388535,2.761008928571
    ));
#7155 = VECTOR('',#7156,1.);
#7156 = DIRECTION('',(0.,0.,1.));
#7157 = PCURVE('',#2054,#7158);
#7158 = DEFINITIONAL_REPRESENTATION('',(#7159),#7163);
#7159 = LINE('',#7160,#7161);
#7160 = CARTESIAN_POINT('',(0.725536142326,0.));
#7161 = VECTOR('',#7162,1.);
#7162 = DIRECTION('',(0.,-1.));
#7163 = ( GEOMETRIC_REPRESENTATION_CONTEXT(2) 
PARAMETRIC_REPRESENTATION_CONTEXT() REPRESENTATION_CONTEXT('2D SPACE',''
  ) );
#7164 = PCURVE('',#2080,#7165);
#7165 = DEFINITIONAL_REPRESENTATION('',(#7166),#7170);
#7166 = LINE('',#7167,#7168);
#7167 = CARTESIAN_POINT('',(0.,0.));
#7168 = VECTOR('',#7169,1.);
#7169 = DIRECTION('',(0.,-1.));
#7170 = ( GEOMETRIC_REPRESENTATION_CONTEXT(2) 
PARAMETRIC_REPRESENTATION_CONTEXT() REPRESENTATION_CONTEXT('2D SPACE',''
  ) );
#7171 = ADVANCED_FACE('',(#7172),#2106,.F.);
#7172 = FACE_BOUND('',#7173,.F.);
#7173 = EDGE_LOOP('',(#7174,#7197,#7218,#7219));
#7174 = ORIENTED_EDGE('',*,*,#7175,.F.);
#7175 = EDGE_CURVE('',#7176,#7078,#7178,.T.);
#7176 = VERTEX_POINT('',#7177);
#7177 = CARTESIAN_POINT('',(3.851751592357,-1.797452229299,
    2.761008928571));
#7178 = SURFACE_CURVE('',#7179,(#7183,#7190),.PCURVE_S1.);
#7179 = LINE('',#7180,#7181);
#7180 = CARTESIAN_POINT('',(3.851751592357,-1.797452229299,
    2.761008928571));
#7181 = VECTOR('',#7182,1.);
#7182 = DIRECTION('',(-1.,-2.22044604925E-16,0.));
#7183 = PCURVE('',#2106,#7184);
#7184 = DEFINITIONAL_REPRESENTATION('',(#7185),#7189);
#7185 = LINE('',#7186,#7187);
#7186 = CARTESIAN_POINT('',(0.,0.));
#7187 = VECTOR('',#7188,1.);
#7188 = DIRECTION('',(1.,0.));
#7189 = ( GEOMETRIC_REPRESENTATION_CONTEXT(2) 
PARAMETRIC_REPRESENTATION_CONTEXT() REPRESENTATION_CONTEXT('2D SPACE',''
  ) );
#7190 = PCURVE('',#6186,#7191);
#7191 = DEFINITIONAL_REPRESENTATION('',(#7192),#7196);
#7192 = LINE('',#7193,#7194);
#7193 = CARTESIAN_POINT('',(0.401306452123,0.686438522722));
#7194 = VECTOR('',#7195,1.);
#7195 = DIRECTION('',(0.,-1.));
#7196 = ( GEOMETRIC_REPRESENTATION_CONTEXT(2) 
PARAMETRIC_REPRESENTATION_CONTEXT() REPRESENTATION_CONTEXT('2D SPACE',''
  ) );
#7197 = ORIENTED_EDGE('',*,*,#7198,.T.);
#7198 = EDGE_CURVE('',#7176,#2066,#7199,.T.);
#7199 = SURFACE_CURVE('',#7200,(#7204,#7211),.PCURVE_S1.);
#7200 = LINE('',#7201,#7202);
#7201 = CARTESIAN_POINT('',(3.851751592357,-1.797452229299,
    2.761008928571));
#7202 = VECTOR('',#7203,1.);
#7203 = DIRECTION('',(0.,0.,1.));
#7204 = PCURVE('',#2106,#7205);
#7205 = DEFINITIONAL_REPRESENTATION('',(#7206),#7210);
#7206 = LINE('',#7207,#7208);
#7207 = CARTESIAN_POINT('',(0.,0.));
#7208 = VECTOR('',#7209,1.);
#7209 = DIRECTION('',(0.,-1.));
#7210 = ( GEOMETRIC_REPRESENTATION_CONTEXT(2) 
PARAMETRIC_REPRESENTATION_CONTEXT() REPRESENTATION_CONTEXT('2D SPACE',''
  ) );
#7211 = PCURVE('',#2080,#7212);
#7212 = DEFINITIONAL_REPRESENTATION('',(#7213),#7217);
#7213 = LINE('',#7214,#7215);
#7214 = CARTESIAN_POINT('',(0.696178343949,0.));
#7215 = VECTOR('',#7216,1.);
#7216 = DIRECTION('',(0.,-1.));
#7217 = ( GEOMETRIC_REPRESENTATION_CONTEXT(2) 
PARAMETRIC_REPRESENTATION_CONTEXT() REPRESENTATION_CONTEXT('2D SPACE',''
  ) );
#7218 = ORIENTED_EDGE('',*,*,#2091,.F.);
#7219 = ORIENTED_EDGE('',*,*,#7100,.F.);
#7220 = ADVANCED_FACE('',(#7221),#2080,.F.);
#7221 = FACE_BOUND('',#7222,.F.);
#7222 = EDGE_LOOP('',(#7223,#7244,#7245,#7246));
#7223 = ORIENTED_EDGE('',*,*,#7224,.F.);
#7224 = EDGE_CURVE('',#7127,#7176,#7225,.T.);
#7225 = SURFACE_CURVE('',#7226,(#7230,#7237),.PCURVE_S1.);
#7226 = LINE('',#7227,#7228);
#7227 = CARTESIAN_POINT('',(3.851751592357,-1.10127388535,2.761008928571
    ));
#7228 = VECTOR('',#7229,1.);
#7229 = DIRECTION('',(2.22044604925E-16,-1.,0.));
#7230 = PCURVE('',#2080,#7231);
#7231 = DEFINITIONAL_REPRESENTATION('',(#7232),#7236);
#7232 = LINE('',#7233,#7234);
#7233 = CARTESIAN_POINT('',(0.,0.));
#7234 = VECTOR('',#7235,1.);
#7235 = DIRECTION('',(1.,0.));
#7236 = ( GEOMETRIC_REPRESENTATION_CONTEXT(2) 
PARAMETRIC_REPRESENTATION_CONTEXT() REPRESENTATION_CONTEXT('2D SPACE',''
  ) );
#7237 = PCURVE('',#6186,#7238);
#7238 = DEFINITIONAL_REPRESENTATION('',(#7239),#7243);
#7239 = LINE('',#7240,#7241);
#7240 = CARTESIAN_POINT('',(-0.294871891827,0.686438522722));
#7241 = VECTOR('',#7242,1.);
#7242 = DIRECTION('',(1.,0.));
#7243 = ( GEOMETRIC_REPRESENTATION_CONTEXT(2) 
PARAMETRIC_REPRESENTATION_CONTEXT() REPRESENTATION_CONTEXT('2D SPACE',''
  ) );
#7244 = ORIENTED_EDGE('',*,*,#7151,.T.);
#7245 = ORIENTED_EDGE('',*,*,#2065,.F.);
#7246 = ORIENTED_EDGE('',*,*,#7198,.F.);
#7247 = ADVANCED_FACE('',(#7248),#2543,.F.);
#7248 = FACE_BOUND('',#7249,.F.);
#7249 = EDGE_LOOP('',(#7250,#7280,#7301,#7302));
#7250 = ORIENTED_EDGE('',*,*,#7251,.F.);
#7251 = EDGE_CURVE('',#7252,#7254,#7256,.T.);
#7252 = VERTEX_POINT('',#7253);
#7253 = CARTESIAN_POINT('',(2.873407643312,-0.263694267516,
    2.761008928571));
#7254 = VERTEX_POINT('',#7255);
#7255 = CARTESIAN_POINT('',(3.036464968153,-0.263694267516,
    2.761008928571));
#7256 = SURFACE_CURVE('',#7257,(#7261,#7268),.PCURVE_S1.);
#7257 = LINE('',#7258,#7259);
#7258 = CARTESIAN_POINT('',(2.873407643312,-0.263694267516,
    2.761008928571));
#7259 = VECTOR('',#7260,1.);
#7260 = DIRECTION('',(1.,2.22044604925E-16,0.));
#7261 = PCURVE('',#2543,#7262);
#7262 = DEFINITIONAL_REPRESENTATION('',(#7263),#7267);
#7263 = LINE('',#7264,#7265);
#7264 = CARTESIAN_POINT('',(0.,0.));
#7265 = VECTOR('',#7266,1.);
#7266 = DIRECTION('',(1.,0.));
#7267 = ( GEOMETRIC_REPRESENTATION_CONTEXT(2) 
PARAMETRIC_REPRESENTATION_CONTEXT() REPRESENTATION_CONTEXT('2D SPACE',''
  ) );
#7268 = PCURVE('',#7269,#7274);
#7269 = PLANE('',#7270);
#7270 = AXIS2_PLACEMENT_3D('',#7271,#7272,#7273);
#7271 = CARTESIAN_POINT('',(2.954936305732,-0.527707006369,
    2.761008928571));
#7272 = DIRECTION('',(0.,0.,1.));
#7273 = DIRECTION('',(2.22044604925E-16,-1.,0.));
#7274 = DEFINITIONAL_REPRESENTATION('',(#7275),#7279);
#7275 = LINE('',#7276,#7277);
#7276 = CARTESIAN_POINT('',(-0.264012738854,-8.152866242038E-02));
#7277 = VECTOR('',#7278,1.);
#7278 = DIRECTION('',(0.,1.));
#7279 = ( GEOMETRIC_REPRESENTATION_CONTEXT(2) 
PARAMETRIC_REPRESENTATION_CONTEXT() REPRESENTATION_CONTEXT('2D SPACE',''
  ) );
#7280 = ORIENTED_EDGE('',*,*,#7281,.T.);
#7281 = EDGE_CURVE('',#7252,#2529,#7282,.T.);
#7282 = SURFACE_CURVE('',#7283,(#7287,#7294),.PCURVE_S1.);
#7283 = LINE('',#7284,#7285);
#7284 = CARTESIAN_POINT('',(2.873407643312,-0.263694267516,
    2.761008928571));
#7285 = VECTOR('',#7286,1.);
#7286 = DIRECTION('',(0.,0.,1.));
#7287 = PCURVE('',#2543,#7288);
#7288 = DEFINITIONAL_REPRESENTATION('',(#7289),#7293);
#7289 = LINE('',#7290,#7291);
#7290 = CARTESIAN_POINT('',(0.,0.));
#7291 = VECTOR('',#7292,1.);
#7292 = DIRECTION('',(0.,-1.));
#7293 = ( GEOMETRIC_REPRESENTATION_CONTEXT(2) 
PARAMETRIC_REPRESENTATION_CONTEXT() REPRESENTATION_CONTEXT('2D SPACE',''
  ) );
#7294 = PCURVE('',#2619,#7295);
#7295 = DEFINITIONAL_REPRESENTATION('',(#7296),#7300);
#7296 = LINE('',#7297,#7298);
#7297 = CARTESIAN_POINT('',(0.528025477707,0.));
#7298 = VECTOR('',#7299,1.);
#7299 = DIRECTION('',(0.,-1.));
#7300 = ( GEOMETRIC_REPRESENTATION_CONTEXT(2) 
PARAMETRIC_REPRESENTATION_CONTEXT() REPRESENTATION_CONTEXT('2D SPACE',''
  ) );
#7301 = ORIENTED_EDGE('',*,*,#2526,.F.);
#7302 = ORIENTED_EDGE('',*,*,#7303,.F.);
#7303 = EDGE_CURVE('',#7254,#2527,#7304,.T.);
#7304 = SURFACE_CURVE('',#7305,(#7309,#7316),.PCURVE_S1.);
#7305 = LINE('',#7306,#7307);
#7306 = CARTESIAN_POINT('',(3.036464968153,-0.263694267516,
    2.761008928571));
#7307 = VECTOR('',#7308,1.);
#7308 = DIRECTION('',(0.,0.,1.));
#7309 = PCURVE('',#2543,#7310);
#7310 = DEFINITIONAL_REPRESENTATION('',(#7311),#7315);
#7311 = LINE('',#7312,#7313);
#7312 = CARTESIAN_POINT('',(0.163057324841,0.));
#7313 = VECTOR('',#7314,1.);
#7314 = DIRECTION('',(0.,-1.));
#7315 = ( GEOMETRIC_REPRESENTATION_CONTEXT(2) 
PARAMETRIC_REPRESENTATION_CONTEXT() REPRESENTATION_CONTEXT('2D SPACE',''
  ) );
#7316 = PCURVE('',#2569,#7317);
#7317 = DEFINITIONAL_REPRESENTATION('',(#7318),#7322);
#7318 = LINE('',#7319,#7320);
#7319 = CARTESIAN_POINT('',(0.,0.));
#7320 = VECTOR('',#7321,1.);
#7321 = DIRECTION('',(0.,-1.));
#7322 = ( GEOMETRIC_REPRESENTATION_CONTEXT(2) 
PARAMETRIC_REPRESENTATION_CONTEXT() REPRESENTATION_CONTEXT('2D SPACE',''
  ) );
#7323 = ADVANCED_FACE('',(#7324),#2569,.F.);
#7324 = FACE_BOUND('',#7325,.F.);
#7325 = EDGE_LOOP('',(#7326,#7349,#7350,#7351));
#7326 = ORIENTED_EDGE('',*,*,#7327,.F.);
#7327 = EDGE_CURVE('',#7254,#7328,#7330,.T.);
#7328 = VERTEX_POINT('',#7329);
#7329 = CARTESIAN_POINT('',(3.036464968153,-0.791719745223,
    2.761008928571));
#7330 = SURFACE_CURVE('',#7331,(#7335,#7342),.PCURVE_S1.);
#7331 = LINE('',#7332,#7333);
#7332 = CARTESIAN_POINT('',(3.036464968153,-0.263694267516,
    2.761008928571));
#7333 = VECTOR('',#7334,1.);
#7334 = DIRECTION('',(2.22044604925E-16,-1.,0.));
#7335 = PCURVE('',#2569,#7336);
#7336 = DEFINITIONAL_REPRESENTATION('',(#7337),#7341);
#7337 = LINE('',#7338,#7339);
#7338 = CARTESIAN_POINT('',(0.,0.));
#7339 = VECTOR('',#7340,1.);
#7340 = DIRECTION('',(1.,0.));
#7341 = ( GEOMETRIC_REPRESENTATION_CONTEXT(2) 
PARAMETRIC_REPRESENTATION_CONTEXT() REPRESENTATION_CONTEXT('2D SPACE',''
  ) );
#7342 = PCURVE('',#7269,#7343);
#7343 = DEFINITIONAL_REPRESENTATION('',(#7344),#7348);
#7344 = LINE('',#7345,#7346);
#7345 = CARTESIAN_POINT('',(-0.264012738854,8.152866242038E-02));
#7346 = VECTOR('',#7347,1.);
#7347 = DIRECTION('',(1.,0.));
#7348 = ( GEOMETRIC_REPRESENTATION_CONTEXT(2) 
PARAMETRIC_REPRESENTATION_CONTEXT() REPRESENTATION_CONTEXT('2D SPACE',''
  ) );
#7349 = ORIENTED_EDGE('',*,*,#7303,.T.);
#7350 = ORIENTED_EDGE('',*,*,#2554,.F.);
#7351 = ORIENTED_EDGE('',*,*,#7352,.F.);
#7352 = EDGE_CURVE('',#7328,#2555,#7353,.T.);
#7353 = SURFACE_CURVE('',#7354,(#7358,#7365),.PCURVE_S1.);
#7354 = LINE('',#7355,#7356);
#7355 = CARTESIAN_POINT('',(3.036464968153,-0.791719745223,
    2.761008928571));
#7356 = VECTOR('',#7357,1.);
#7357 = DIRECTION('',(0.,0.,1.));
#7358 = PCURVE('',#2569,#7359);
#7359 = DEFINITIONAL_REPRESENTATION('',(#7360),#7364);
#7360 = LINE('',#7361,#7362);
#7361 = CARTESIAN_POINT('',(0.528025477707,0.));
#7362 = VECTOR('',#7363,1.);
#7363 = DIRECTION('',(0.,-1.));
#7364 = ( GEOMETRIC_REPRESENTATION_CONTEXT(2) 
PARAMETRIC_REPRESENTATION_CONTEXT() REPRESENTATION_CONTEXT('2D SPACE',''
  ) );
#7365 = PCURVE('',#2595,#7366);
#7366 = DEFINITIONAL_REPRESENTATION('',(#7367),#7371);
#7367 = LINE('',#7368,#7369);
#7368 = CARTESIAN_POINT('',(0.,0.));
#7369 = VECTOR('',#7370,1.);
#7370 = DIRECTION('',(0.,-1.));
#7371 = ( GEOMETRIC_REPRESENTATION_CONTEXT(2) 
PARAMETRIC_REPRESENTATION_CONTEXT() REPRESENTATION_CONTEXT('2D SPACE',''
  ) );
#7372 = ADVANCED_FACE('',(#7373),#2619,.F.);
#7373 = FACE_BOUND('',#7374,.F.);
#7374 = EDGE_LOOP('',(#7375,#7398,#7419,#7420));
#7375 = ORIENTED_EDGE('',*,*,#7376,.F.);
#7376 = EDGE_CURVE('',#7377,#7252,#7379,.T.);
#7377 = VERTEX_POINT('',#7378);
#7378 = CARTESIAN_POINT('',(2.873407643312,-0.791719745223,
    2.761008928571));
#7379 = SURFACE_CURVE('',#7380,(#7384,#7391),.PCURVE_S1.);
#7380 = LINE('',#7381,#7382);
#7381 = CARTESIAN_POINT('',(2.873407643312,-0.791719745223,
    2.761008928571));
#7382 = VECTOR('',#7383,1.);
#7383 = DIRECTION('',(-2.22044604925E-16,1.,0.));
#7384 = PCURVE('',#2619,#7385);
#7385 = DEFINITIONAL_REPRESENTATION('',(#7386),#7390);
#7386 = LINE('',#7387,#7388);
#7387 = CARTESIAN_POINT('',(0.,0.));
#7388 = VECTOR('',#7389,1.);
#7389 = DIRECTION('',(1.,0.));
#7390 = ( GEOMETRIC_REPRESENTATION_CONTEXT(2) 
PARAMETRIC_REPRESENTATION_CONTEXT() REPRESENTATION_CONTEXT('2D SPACE',''
  ) );
#7391 = PCURVE('',#7269,#7392);
#7392 = DEFINITIONAL_REPRESENTATION('',(#7393),#7397);
#7393 = LINE('',#7394,#7395);
#7394 = CARTESIAN_POINT('',(0.264012738854,-8.152866242038E-02));
#7395 = VECTOR('',#7396,1.);
#7396 = DIRECTION('',(-1.,0.));
#7397 = ( GEOMETRIC_REPRESENTATION_CONTEXT(2) 
PARAMETRIC_REPRESENTATION_CONTEXT() REPRESENTATION_CONTEXT('2D SPACE',''
  ) );
#7398 = ORIENTED_EDGE('',*,*,#7399,.T.);
#7399 = EDGE_CURVE('',#7377,#2581,#7400,.T.);
#7400 = SURFACE_CURVE('',#7401,(#7405,#7412),.PCURVE_S1.);
#7401 = LINE('',#7402,#7403);
#7402 = CARTESIAN_POINT('',(2.873407643312,-0.791719745223,
    2.761008928571));
#7403 = VECTOR('',#7404,1.);
#7404 = DIRECTION('',(0.,0.,1.));
#7405 = PCURVE('',#2619,#7406);
#7406 = DEFINITIONAL_REPRESENTATION('',(#7407),#7411);
#7407 = LINE('',#7408,#7409);
#7408 = CARTESIAN_POINT('',(0.,0.));
#7409 = VECTOR('',#7410,1.);
#7410 = DIRECTION('',(0.,-1.));
#7411 = ( GEOMETRIC_REPRESENTATION_CONTEXT(2) 
PARAMETRIC_REPRESENTATION_CONTEXT() REPRESENTATION_CONTEXT('2D SPACE',''
  ) );
#7412 = PCURVE('',#2595,#7413);
#7413 = DEFINITIONAL_REPRESENTATION('',(#7414),#7418);
#7414 = LINE('',#7415,#7416);
#7415 = CARTESIAN_POINT('',(0.163057324841,-0.));
#7416 = VECTOR('',#7417,1.);
#7417 = DIRECTION('',(0.,-1.));
#7418 = ( GEOMETRIC_REPRESENTATION_CONTEXT(2) 
PARAMETRIC_REPRESENTATION_CONTEXT() REPRESENTATION_CONTEXT('2D SPACE',''
  ) );
#7419 = ORIENTED_EDGE('',*,*,#2606,.F.);
#7420 = ORIENTED_EDGE('',*,*,#7281,.F.);
#7421 = ADVANCED_FACE('',(#7422),#2595,.F.);
#7422 = FACE_BOUND('',#7423,.F.);
#7423 = EDGE_LOOP('',(#7424,#7445,#7446,#7447));
#7424 = ORIENTED_EDGE('',*,*,#7425,.F.);
#7425 = EDGE_CURVE('',#7328,#7377,#7426,.T.);
#7426 = SURFACE_CURVE('',#7427,(#7431,#7438),.PCURVE_S1.);
#7427 = LINE('',#7428,#7429);
#7428 = CARTESIAN_POINT('',(3.036464968153,-0.791719745223,
    2.761008928571));
#7429 = VECTOR('',#7430,1.);
#7430 = DIRECTION('',(-1.,-2.22044604925E-16,0.));
#7431 = PCURVE('',#2595,#7432);
#7432 = DEFINITIONAL_REPRESENTATION('',(#7433),#7437);
#7433 = LINE('',#7434,#7435);
#7434 = CARTESIAN_POINT('',(0.,0.));
#7435 = VECTOR('',#7436,1.);
#7436 = DIRECTION('',(1.,0.));
#7437 = ( GEOMETRIC_REPRESENTATION_CONTEXT(2) 
PARAMETRIC_REPRESENTATION_CONTEXT() REPRESENTATION_CONTEXT('2D SPACE',''
  ) );
#7438 = PCURVE('',#7269,#7439);
#7439 = DEFINITIONAL_REPRESENTATION('',(#7440),#7444);
#7440 = LINE('',#7441,#7442);
#7441 = CARTESIAN_POINT('',(0.264012738854,8.152866242038E-02));
#7442 = VECTOR('',#7443,1.);
#7443 = DIRECTION('',(0.,-1.));
#7444 = ( GEOMETRIC_REPRESENTATION_CONTEXT(2) 
PARAMETRIC_REPRESENTATION_CONTEXT() REPRESENTATION_CONTEXT('2D SPACE',''
  ) );
#7445 = ORIENTED_EDGE('',*,*,#7352,.T.);
#7446 = ORIENTED_EDGE('',*,*,#2580,.F.);
#7447 = ORIENTED_EDGE('',*,*,#7399,.F.);
#7448 = ADVANCED_FACE('',(#7449),#2649,.F.);
#7449 = FACE_BOUND('',#7450,.F.);
#7450 = EDGE_LOOP('',(#7451,#7481,#7502,#7503));
#7451 = ORIENTED_EDGE('',*,*,#7452,.F.);
#7452 = EDGE_CURVE('',#7453,#7455,#7457,.T.);
#7453 = VERTEX_POINT('',#7454);
#7454 = CARTESIAN_POINT('',(2.832643312102,0.817834394904,2.761008928571
    ));
#7455 = VERTEX_POINT('',#7456);
#7456 = CARTESIAN_POINT('',(2.847929936306,0.637579617834,2.761008928571
    ));
#7457 = SURFACE_CURVE('',#7458,(#7462,#7469),.PCURVE_S1.);
#7458 = LINE('',#7459,#7460);
#7459 = CARTESIAN_POINT('',(2.832643312102,0.817834394904,2.761008928571
    ));
#7460 = VECTOR('',#7461,1.);
#7461 = DIRECTION('',(8.450232778878E-02,-0.996423281843,0.));
#7462 = PCURVE('',#2649,#7463);
#7463 = DEFINITIONAL_REPRESENTATION('',(#7464),#7468);
#7464 = LINE('',#7465,#7466);
#7465 = CARTESIAN_POINT('',(0.,0.));
#7466 = VECTOR('',#7467,1.);
#7467 = DIRECTION('',(1.,0.));
#7468 = ( GEOMETRIC_REPRESENTATION_CONTEXT(2) 
PARAMETRIC_REPRESENTATION_CONTEXT() REPRESENTATION_CONTEXT('2D SPACE',''
  ) );
#7469 = PCURVE('',#7470,#7475);
#7470 = PLANE('',#7471);
#7471 = AXIS2_PLACEMENT_3D('',#7472,#7473,#7474);
#7472 = CARTESIAN_POINT('',(3.165313069635,0.356720464861,2.761008928571
    ));
#7473 = DIRECTION('',(0.,0.,1.));
#7474 = DIRECTION('',(2.22044604925E-16,-1.,0.));
#7475 = DEFINITIONAL_REPRESENTATION('',(#7476),#7480);
#7476 = LINE('',#7477,#7478);
#7477 = CARTESIAN_POINT('',(-0.461113930043,-0.332669757533));
#7478 = VECTOR('',#7479,1.);
#7479 = DIRECTION('',(0.996423281843,8.450232778878E-02));
#7480 = ( GEOMETRIC_REPRESENTATION_CONTEXT(2) 
PARAMETRIC_REPRESENTATION_CONTEXT() REPRESENTATION_CONTEXT('2D SPACE',''
  ) );
#7481 = ORIENTED_EDGE('',*,*,#7482,.T.);
#7482 = EDGE_CURVE('',#7453,#2635,#7483,.T.);
#7483 = SURFACE_CURVE('',#7484,(#7488,#7495),.PCURVE_S1.);
#7484 = LINE('',#7485,#7486);
#7485 = CARTESIAN_POINT('',(2.832643312102,0.817834394904,2.761008928571
    ));
#7486 = VECTOR('',#7487,1.);
#7487 = DIRECTION('',(0.,0.,1.));
#7488 = PCURVE('',#2649,#7489);
#7489 = DEFINITIONAL_REPRESENTATION('',(#7490),#7494);
#7490 = LINE('',#7491,#7492);
#7491 = CARTESIAN_POINT('',(0.,0.));
#7492 = VECTOR('',#7493,1.);
#7493 = DIRECTION('',(0.,-1.));
#7494 = ( GEOMETRIC_REPRESENTATION_CONTEXT(2) 
PARAMETRIC_REPRESENTATION_CONTEXT() REPRESENTATION_CONTEXT('2D SPACE',''
  ) );
#7495 = PCURVE('',#3516,#7496);
#7496 = DEFINITIONAL_REPRESENTATION('',(#7497),#7501);
#7497 = LINE('',#7498,#7499);
#7498 = CARTESIAN_POINT('',(1.,0.));
#7499 = VECTOR('',#7500,1.);
#7500 = DIRECTION('',(0.,-1.));
#7501 = ( GEOMETRIC_REPRESENTATION_CONTEXT(2) 
PARAMETRIC_REPRESENTATION_CONTEXT() REPRESENTATION_CONTEXT('2D SPACE',''
  ) );
#7502 = ORIENTED_EDGE('',*,*,#2632,.F.);
#7503 = ORIENTED_EDGE('',*,*,#7504,.F.);
#7504 = EDGE_CURVE('',#7455,#2633,#7505,.T.);
#7505 = SURFACE_CURVE('',#7506,(#7510,#7517),.PCURVE_S1.);
#7506 = LINE('',#7507,#7508);
#7507 = CARTESIAN_POINT('',(2.847929936306,0.637579617834,2.761008928571
    ));
#7508 = VECTOR('',#7509,1.);
#7509 = DIRECTION('',(0.,0.,1.));
#7510 = PCURVE('',#2649,#7511);
#7511 = DEFINITIONAL_REPRESENTATION('',(#7512),#7516);
#7512 = LINE('',#7513,#7514);
#7513 = CARTESIAN_POINT('',(0.180901811865,0.));
#7514 = VECTOR('',#7515,1.);
#7515 = DIRECTION('',(0.,-1.));
#7516 = ( GEOMETRIC_REPRESENTATION_CONTEXT(2) 
PARAMETRIC_REPRESENTATION_CONTEXT() REPRESENTATION_CONTEXT('2D SPACE',''
  ) );
#7517 = PCURVE('',#2682,#7518);
#7518 = DEFINITIONAL_REPRESENTATION('',(#7519),#7523);
#7519 = LINE('',#7520,#7521);
#7520 = CARTESIAN_POINT('',(0.,0.));
#7521 = VECTOR('',#7522,1.);
#7522 = DIRECTION('',(0.,-1.));
#7523 = ( GEOMETRIC_REPRESENTATION_CONTEXT(2) 
PARAMETRIC_REPRESENTATION_CONTEXT() REPRESENTATION_CONTEXT('2D SPACE',''
  ) );
#7524 = ADVANCED_FACE('',(#7525),#2682,.F.);
#7525 = FACE_BOUND('',#7526,.F.);
#7526 = EDGE_LOOP('',(#7527,#7550,#7551,#7552));
#7527 = ORIENTED_EDGE('',*,*,#7528,.F.);
#7528 = EDGE_CURVE('',#7455,#7529,#7531,.T.);
#7529 = VERTEX_POINT('',#7530);
#7530 = CARTESIAN_POINT('',(2.638375796178,0.544585987261,2.761008928571
    ));
#7531 = SURFACE_CURVE('',#7532,(#7536,#7543),.PCURVE_S1.);
#7532 = B_SPLINE_CURVE_WITH_KNOTS('',2,(#7533,#7534,#7535),
  .UNSPECIFIED.,.F.,.F.,(3,3),(0.,1.),.PIECEWISE_BEZIER_KNOTS.);
#7533 = CARTESIAN_POINT('',(2.847929936306,0.637579617834,2.761008928571
    ));
#7534 = CARTESIAN_POINT('',(2.709076433121,0.617197452229,2.761008928571
    ));
#7535 = CARTESIAN_POINT('',(2.638375796178,0.544585987261,2.761008928571
    ));
#7536 = PCURVE('',#2682,#7537);
#7537 = DEFINITIONAL_REPRESENTATION('',(#7538),#7542);
#7538 = LINE('',#7539,#7540);
#7539 = CARTESIAN_POINT('',(0.,0.));
#7540 = VECTOR('',#7541,1.);
#7541 = DIRECTION('',(1.,0.));
#7542 = ( GEOMETRIC_REPRESENTATION_CONTEXT(2) 
PARAMETRIC_REPRESENTATION_CONTEXT() REPRESENTATION_CONTEXT('2D SPACE',''
  ) );
#7543 = PCURVE('',#7470,#7544);
#7544 = DEFINITIONAL_REPRESENTATION('',(#7545),#7549);
#7545 = B_SPLINE_CURVE_WITH_KNOTS('',2,(#7546,#7547,#7548),
  .UNSPECIFIED.,.F.,.F.,(3,3),(0.,1.),.PIECEWISE_BEZIER_KNOTS.);
#7546 = CARTESIAN_POINT('',(-0.280859152973,-0.317383133329));
#7547 = CARTESIAN_POINT('',(-0.260476987368,-0.456236636514));
#7548 = CARTESIAN_POINT('',(-0.1878655224,-0.526937273456));
#7549 = ( GEOMETRIC_REPRESENTATION_CONTEXT(2) 
PARAMETRIC_REPRESENTATION_CONTEXT() REPRESENTATION_CONTEXT('2D SPACE',''
  ) );
#7550 = ORIENTED_EDGE('',*,*,#7504,.T.);
#7551 = ORIENTED_EDGE('',*,*,#2660,.F.);
#7552 = ORIENTED_EDGE('',*,*,#7553,.F.);
#7553 = EDGE_CURVE('',#7529,#2661,#7554,.T.);
#7554 = SURFACE_CURVE('',#7555,(#7559,#7566),.PCURVE_S1.);
#7555 = LINE('',#7556,#7557);
#7556 = CARTESIAN_POINT('',(2.638375796178,0.544585987261,2.761008928571
    ));
#7557 = VECTOR('',#7558,1.);
#7558 = DIRECTION('',(0.,0.,1.));
#7559 = PCURVE('',#2682,#7560);
#7560 = DEFINITIONAL_REPRESENTATION('',(#7561),#7565);
#7561 = LINE('',#7562,#7563);
#7562 = CARTESIAN_POINT('',(1.,0.));
#7563 = VECTOR('',#7564,1.);
#7564 = DIRECTION('',(0.,-1.));
#7565 = ( GEOMETRIC_REPRESENTATION_CONTEXT(2) 
PARAMETRIC_REPRESENTATION_CONTEXT() REPRESENTATION_CONTEXT('2D SPACE',''
  ) );
#7566 = PCURVE('',#2725,#7567);
#7567 = DEFINITIONAL_REPRESENTATION('',(#7568),#7572);
#7568 = LINE('',#7569,#7570);
#7569 = CARTESIAN_POINT('',(0.,0.));
#7570 = VECTOR('',#7571,1.);
#7571 = DIRECTION('',(0.,-1.));
#7572 = ( GEOMETRIC_REPRESENTATION_CONTEXT(2) 
PARAMETRIC_REPRESENTATION_CONTEXT() REPRESENTATION_CONTEXT('2D SPACE',''
  ) );
#7573 = ADVANCED_FACE('',(#7574),#3516,.F.);
#7574 = FACE_BOUND('',#7575,.F.);
#7575 = EDGE_LOOP('',(#7576,#7599,#7620,#7621));
#7576 = ORIENTED_EDGE('',*,*,#7577,.F.);
#7577 = EDGE_CURVE('',#7578,#7453,#7580,.T.);
#7578 = VERTEX_POINT('',#7579);
#7579 = CARTESIAN_POINT('',(2.536464968153,0.68025477707,2.761008928571)
  );
#7580 = SURFACE_CURVE('',#7581,(#7585,#7592),.PCURVE_S1.);
#7581 = B_SPLINE_CURVE_WITH_KNOTS('',2,(#7582,#7583,#7584),
  .UNSPECIFIED.,.F.,.F.,(3,3),(0.,1.),.PIECEWISE_BEZIER_KNOTS.);
#7582 = CARTESIAN_POINT('',(2.536464968153,0.68025477707,2.761008928571)
  );
#7583 = CARTESIAN_POINT('',(2.648566878981,0.800636942675,2.761008928571
    ));
#7584 = CARTESIAN_POINT('',(2.832643312102,0.817834394904,2.761008928571
    ));
#7585 = PCURVE('',#3516,#7586);
#7586 = DEFINITIONAL_REPRESENTATION('',(#7587),#7591);
#7587 = LINE('',#7588,#7589);
#7588 = CARTESIAN_POINT('',(0.,0.));
#7589 = VECTOR('',#7590,1.);
#7590 = DIRECTION('',(1.,0.));
#7591 = ( GEOMETRIC_REPRESENTATION_CONTEXT(2) 
PARAMETRIC_REPRESENTATION_CONTEXT() REPRESENTATION_CONTEXT('2D SPACE',''
  ) );
#7592 = PCURVE('',#7470,#7593);
#7593 = DEFINITIONAL_REPRESENTATION('',(#7594),#7598);
#7594 = B_SPLINE_CURVE_WITH_KNOTS('',2,(#7595,#7596,#7597),
  .UNSPECIFIED.,.F.,.F.,(3,3),(0.,1.),.PIECEWISE_BEZIER_KNOTS.);
#7595 = CARTESIAN_POINT('',(-0.323534312209,-0.628848101482));
#7596 = CARTESIAN_POINT('',(-0.443916477814,-0.516746190654));
#7597 = CARTESIAN_POINT('',(-0.461113930043,-0.332669757533));
#7598 = ( GEOMETRIC_REPRESENTATION_CONTEXT(2) 
PARAMETRIC_REPRESENTATION_CONTEXT() REPRESENTATION_CONTEXT('2D SPACE',''
  ) );
#7599 = ORIENTED_EDGE('',*,*,#7600,.T.);
#7600 = EDGE_CURVE('',#7578,#3438,#7601,.T.);
#7601 = SURFACE_CURVE('',#7602,(#7606,#7613),.PCURVE_S1.);
#7602 = LINE('',#7603,#7604);
#7603 = CARTESIAN_POINT('',(2.536464968153,0.68025477707,2.761008928571)
  );
#7604 = VECTOR('',#7605,1.);
#7605 = DIRECTION('',(0.,0.,1.));
#7606 = PCURVE('',#3516,#7607);
#7607 = DEFINITIONAL_REPRESENTATION('',(#7608),#7612);
#7608 = LINE('',#7609,#7610);
#7609 = CARTESIAN_POINT('',(0.,0.));
#7610 = VECTOR('',#7611,1.);
#7611 = DIRECTION('',(0.,-1.));
#7612 = ( GEOMETRIC_REPRESENTATION_CONTEXT(2) 
PARAMETRIC_REPRESENTATION_CONTEXT() REPRESENTATION_CONTEXT('2D SPACE',''
  ) );
#7613 = PCURVE('',#3467,#7614);
#7614 = DEFINITIONAL_REPRESENTATION('',(#7615),#7619);
#7615 = LINE('',#7616,#7617);
#7616 = CARTESIAN_POINT('',(1.,0.));
#7617 = VECTOR('',#7618,1.);
#7618 = DIRECTION('',(0.,-1.));
#7619 = ( GEOMETRIC_REPRESENTATION_CONTEXT(2) 
PARAMETRIC_REPRESENTATION_CONTEXT() REPRESENTATION_CONTEXT('2D SPACE',''
  ) );
#7620 = ORIENTED_EDGE('',*,*,#3488,.F.);
#7621 = ORIENTED_EDGE('',*,*,#7482,.F.);
#7622 = ADVANCED_FACE('',(#7623),#2725,.F.);
#7623 = FACE_BOUND('',#7624,.F.);
#7624 = EDGE_LOOP('',(#7625,#7648,#7649,#7650));
#7625 = ORIENTED_EDGE('',*,*,#7626,.F.);
#7626 = EDGE_CURVE('',#7529,#7627,#7629,.T.);
#7627 = VERTEX_POINT('',#7628);
#7628 = CARTESIAN_POINT('',(2.567675159236,0.368152866242,2.761008928571
    ));
#7629 = SURFACE_CURVE('',#7630,(#7634,#7641),.PCURVE_S1.);
#7630 = B_SPLINE_CURVE_WITH_KNOTS('',2,(#7631,#7632,#7633),
  .UNSPECIFIED.,.F.,.F.,(3,3),(0.,1.),.PIECEWISE_BEZIER_KNOTS.);
#7631 = CARTESIAN_POINT('',(2.638375796178,0.544585987261,2.761008928571
    ));
#7632 = CARTESIAN_POINT('',(2.567675159236,0.471337579618,2.761008928571
    ));
#7633 = CARTESIAN_POINT('',(2.567675159236,0.368152866242,2.761008928571
    ));
#7634 = PCURVE('',#2725,#7635);
#7635 = DEFINITIONAL_REPRESENTATION('',(#7636),#7640);
#7636 = LINE('',#7637,#7638);
#7637 = CARTESIAN_POINT('',(0.,0.));
#7638 = VECTOR('',#7639,1.);
#7639 = DIRECTION('',(1.,0.));
#7640 = ( GEOMETRIC_REPRESENTATION_CONTEXT(2) 
PARAMETRIC_REPRESENTATION_CONTEXT() REPRESENTATION_CONTEXT('2D SPACE',''
  ) );
#7641 = PCURVE('',#7470,#7642);
#7642 = DEFINITIONAL_REPRESENTATION('',(#7643),#7647);
#7643 = B_SPLINE_CURVE_WITH_KNOTS('',2,(#7644,#7645,#7646),
  .UNSPECIFIED.,.F.,.F.,(3,3),(0.,1.),.PIECEWISE_BEZIER_KNOTS.);
#7644 = CARTESIAN_POINT('',(-0.1878655224,-0.526937273456));
#7645 = CARTESIAN_POINT('',(-0.114617114756,-0.597637910399));
#7646 = CARTESIAN_POINT('',(-1.143240138065E-02,-0.597637910399));
#7647 = ( GEOMETRIC_REPRESENTATION_CONTEXT(2) 
PARAMETRIC_REPRESENTATION_CONTEXT() REPRESENTATION_CONTEXT('2D SPACE',''
  ) );
#7648 = ORIENTED_EDGE('',*,*,#7553,.T.);
#7649 = ORIENTED_EDGE('',*,*,#2699,.F.);
#7650 = ORIENTED_EDGE('',*,*,#7651,.F.);
#7651 = EDGE_CURVE('',#7627,#2700,#7652,.T.);
#7652 = SURFACE_CURVE('',#7653,(#7657,#7664),.PCURVE_S1.);
#7653 = LINE('',#7654,#7655);
#7654 = CARTESIAN_POINT('',(2.567675159236,0.368152866242,2.761008928571
    ));
#7655 = VECTOR('',#7656,1.);
#7656 = DIRECTION('',(0.,0.,1.));
#7657 = PCURVE('',#2725,#7658);
#7658 = DEFINITIONAL_REPRESENTATION('',(#7659),#7663);
#7659 = LINE('',#7660,#7661);
#7660 = CARTESIAN_POINT('',(1.,0.));
#7661 = VECTOR('',#7662,1.);
#7662 = DIRECTION('',(0.,-1.));
#7663 = ( GEOMETRIC_REPRESENTATION_CONTEXT(2) 
PARAMETRIC_REPRESENTATION_CONTEXT() REPRESENTATION_CONTEXT('2D SPACE',''
  ) );
#7664 = PCURVE('',#2770,#7665);
#7665 = DEFINITIONAL_REPRESENTATION('',(#7666),#7670);
#7666 = LINE('',#7667,#7668);
#7667 = CARTESIAN_POINT('',(0.,0.));
#7668 = VECTOR('',#7669,1.);
#7669 = DIRECTION('',(0.,-1.));
#7670 = ( GEOMETRIC_REPRESENTATION_CONTEXT(2) 
PARAMETRIC_REPRESENTATION_CONTEXT() REPRESENTATION_CONTEXT('2D SPACE',''
  ) );
#7671 = ADVANCED_FACE('',(#7672),#3467,.F.);
#7672 = FACE_BOUND('',#7673,.F.);
#7673 = EDGE_LOOP('',(#7674,#7697,#7718,#7719));
#7674 = ORIENTED_EDGE('',*,*,#7675,.F.);
#7675 = EDGE_CURVE('',#7676,#7578,#7678,.T.);
#7676 = VERTEX_POINT('',#7677);
#7677 = CARTESIAN_POINT('',(2.425,0.368152866242,2.761008928571));
#7678 = SURFACE_CURVE('',#7679,(#7683,#7690),.PCURVE_S1.);
#7679 = B_SPLINE_CURVE_WITH_KNOTS('',2,(#7680,#7681,#7682),
  .UNSPECIFIED.,.F.,.F.,(3,3),(0.,1.),.PIECEWISE_BEZIER_KNOTS.);
#7680 = CARTESIAN_POINT('',(2.425,0.368152866242,2.761008928571));
#7681 = CARTESIAN_POINT('',(2.425,0.55923566879,2.761008928571));
#7682 = CARTESIAN_POINT('',(2.536464968153,0.68025477707,2.761008928571)
  );
#7683 = PCURVE('',#3467,#7684);
#7684 = DEFINITIONAL_REPRESENTATION('',(#7685),#7689);
#7685 = LINE('',#7686,#7687);
#7686 = CARTESIAN_POINT('',(0.,0.));
#7687 = VECTOR('',#7688,1.);
#7688 = DIRECTION('',(1.,0.));
#7689 = ( GEOMETRIC_REPRESENTATION_CONTEXT(2) 
PARAMETRIC_REPRESENTATION_CONTEXT() REPRESENTATION_CONTEXT('2D SPACE',''
  ) );
#7690 = PCURVE('',#7470,#7691);
#7691 = DEFINITIONAL_REPRESENTATION('',(#7692),#7696);
#7692 = B_SPLINE_CURVE_WITH_KNOTS('',2,(#7693,#7694,#7695),
  .UNSPECIFIED.,.F.,.F.,(3,3),(0.,1.),.PIECEWISE_BEZIER_KNOTS.);
#7693 = CARTESIAN_POINT('',(-1.143240138065E-02,-0.740313069635));
#7694 = CARTESIAN_POINT('',(-0.202515203928,-0.740313069635));
#7695 = CARTESIAN_POINT('',(-0.323534312209,-0.628848101482));
#7696 = ( GEOMETRIC_REPRESENTATION_CONTEXT(2) 
PARAMETRIC_REPRESENTATION_CONTEXT() REPRESENTATION_CONTEXT('2D SPACE',''
  ) );
#7697 = ORIENTED_EDGE('',*,*,#7698,.T.);
#7698 = EDGE_CURVE('',#7676,#3387,#7699,.T.);
#7699 = SURFACE_CURVE('',#7700,(#7704,#7711),.PCURVE_S1.);
#7700 = LINE('',#7701,#7702);
#7701 = CARTESIAN_POINT('',(2.425,0.368152866242,2.761008928571));
#7702 = VECTOR('',#7703,1.);
#7703 = DIRECTION('',(0.,0.,1.));
#7704 = PCURVE('',#3467,#7705);
#7705 = DEFINITIONAL_REPRESENTATION('',(#7706),#7710);
#7706 = LINE('',#7707,#7708);
#7707 = CARTESIAN_POINT('',(0.,0.));
#7708 = VECTOR('',#7709,1.);
#7709 = DIRECTION('',(0.,-1.));
#7710 = ( GEOMETRIC_REPRESENTATION_CONTEXT(2) 
PARAMETRIC_REPRESENTATION_CONTEXT() REPRESENTATION_CONTEXT('2D SPACE',''
  ) );
#7711 = PCURVE('',#3416,#7712);
#7712 = DEFINITIONAL_REPRESENTATION('',(#7713),#7717);
#7713 = LINE('',#7714,#7715);
#7714 = CARTESIAN_POINT('',(1.,0.));
#7715 = VECTOR('',#7716,1.);
#7716 = DIRECTION('',(0.,-1.));
#7717 = ( GEOMETRIC_REPRESENTATION_CONTEXT(2) 
PARAMETRIC_REPRESENTATION_CONTEXT() REPRESENTATION_CONTEXT('2D SPACE',''
  ) );
#7718 = ORIENTED_EDGE('',*,*,#3437,.F.);
#7719 = ORIENTED_EDGE('',*,*,#7600,.F.);
#7720 = ADVANCED_FACE('',(#7721),#2770,.F.);
#7721 = FACE_BOUND('',#7722,.F.);
#7722 = EDGE_LOOP('',(#7723,#7746,#7747,#7748));
#7723 = ORIENTED_EDGE('',*,*,#7724,.F.);
#7724 = EDGE_CURVE('',#7627,#7725,#7727,.T.);
#7725 = VERTEX_POINT('',#7726);
#7726 = CARTESIAN_POINT('',(2.66576433121,0.157961783439,2.761008928571)
  );
#7727 = SURFACE_CURVE('',#7728,(#7732,#7739),.PCURVE_S1.);
#7728 = B_SPLINE_CURVE_WITH_KNOTS('',2,(#7729,#7730,#7731),
  .UNSPECIFIED.,.F.,.F.,(3,3),(0.,1.),.PIECEWISE_BEZIER_KNOTS.);
#7729 = CARTESIAN_POINT('',(2.567675159236,0.368152866242,2.761008928571
    ));
#7730 = CARTESIAN_POINT('',(2.567675159236,0.243949044586,2.761008928571
    ));
#7731 = CARTESIAN_POINT('',(2.66576433121,0.157961783439,2.761008928571)
  );
#7732 = PCURVE('',#2770,#7733);
#7733 = DEFINITIONAL_REPRESENTATION('',(#7734),#7738);
#7734 = LINE('',#7735,#7736);
#7735 = CARTESIAN_POINT('',(0.,0.));
#7736 = VECTOR('',#7737,1.);
#7737 = DIRECTION('',(1.,0.));
#7738 = ( GEOMETRIC_REPRESENTATION_CONTEXT(2) 
PARAMETRIC_REPRESENTATION_CONTEXT() REPRESENTATION_CONTEXT('2D SPACE',''
  ) );
#7739 = PCURVE('',#7470,#7740);
#7740 = DEFINITIONAL_REPRESENTATION('',(#7741),#7745);
#7741 = B_SPLINE_CURVE_WITH_KNOTS('',2,(#7742,#7743,#7744),
  .UNSPECIFIED.,.F.,.F.,(3,3),(0.,1.),.PIECEWISE_BEZIER_KNOTS.);
#7742 = CARTESIAN_POINT('',(-1.143240138065E-02,-0.597637910399));
#7743 = CARTESIAN_POINT('',(0.112771420275,-0.597637910399));
#7744 = CARTESIAN_POINT('',(0.198758681422,-0.499548738424));
#7745 = ( GEOMETRIC_REPRESENTATION_CONTEXT(2) 
PARAMETRIC_REPRESENTATION_CONTEXT() REPRESENTATION_CONTEXT('2D SPACE',''
  ) );
#7746 = ORIENTED_EDGE('',*,*,#7651,.T.);
#7747 = ORIENTED_EDGE('',*,*,#2744,.F.);
#7748 = ORIENTED_EDGE('',*,*,#7749,.F.);
#7749 = EDGE_CURVE('',#7725,#2745,#7750,.T.);
#7750 = SURFACE_CURVE('',#7751,(#7755,#7762),.PCURVE_S1.);
#7751 = LINE('',#7752,#7753);
#7752 = CARTESIAN_POINT('',(2.66576433121,0.157961783439,2.761008928571)
  );
#7753 = VECTOR('',#7754,1.);
#7754 = DIRECTION('',(0.,0.,1.));
#7755 = PCURVE('',#2770,#7756);
#7756 = DEFINITIONAL_REPRESENTATION('',(#7757),#7761);
#7757 = LINE('',#7758,#7759);
#7758 = CARTESIAN_POINT('',(1.,0.));
#7759 = VECTOR('',#7760,1.);
#7760 = DIRECTION('',(0.,-1.));
#7761 = ( GEOMETRIC_REPRESENTATION_CONTEXT(2) 
PARAMETRIC_REPRESENTATION_CONTEXT() REPRESENTATION_CONTEXT('2D SPACE',''
  ) );
#7762 = PCURVE('',#2819,#7763);
#7763 = DEFINITIONAL_REPRESENTATION('',(#7764),#7768);
#7764 = LINE('',#7765,#7766);
#7765 = CARTESIAN_POINT('',(0.,0.));
#7766 = VECTOR('',#7767,1.);
#7767 = DIRECTION('',(0.,-1.));
#7768 = ( GEOMETRIC_REPRESENTATION_CONTEXT(2) 
PARAMETRIC_REPRESENTATION_CONTEXT() REPRESENTATION_CONTEXT('2D SPACE',''
  ) );
#7769 = ADVANCED_FACE('',(#7770),#3416,.F.);
#7770 = FACE_BOUND('',#7771,.F.);
#7771 = EDGE_LOOP('',(#7772,#7795,#7816,#7817));
#7772 = ORIENTED_EDGE('',*,*,#7773,.F.);
#7773 = EDGE_CURVE('',#7774,#7676,#7776,.T.);
#7774 = VERTEX_POINT('',#7775);
#7775 = CARTESIAN_POINT('',(2.599522292994,0.,2.761008928571));
#7776 = SURFACE_CURVE('',#7777,(#7781,#7788),.PCURVE_S1.);
#7777 = B_SPLINE_CURVE_WITH_KNOTS('',2,(#7778,#7779,#7780),
  .UNSPECIFIED.,.F.,.F.,(3,3),(0.,1.),.PIECEWISE_BEZIER_KNOTS.);
#7778 = CARTESIAN_POINT('',(2.599522292994,0.,2.761008928571));
#7779 = CARTESIAN_POINT('',(2.425,0.135031847134,2.761008928571));
#7780 = CARTESIAN_POINT('',(2.425,0.368152866242,2.761008928571));
#7781 = PCURVE('',#3416,#7782);
#7782 = DEFINITIONAL_REPRESENTATION('',(#7783),#7787);
#7783 = LINE('',#7784,#7785);
#7784 = CARTESIAN_POINT('',(0.,0.));
#7785 = VECTOR('',#7786,1.);
#7786 = DIRECTION('',(1.,0.));
#7787 = ( GEOMETRIC_REPRESENTATION_CONTEXT(2) 
PARAMETRIC_REPRESENTATION_CONTEXT() REPRESENTATION_CONTEXT('2D SPACE',''
  ) );
#7788 = PCURVE('',#7470,#7789);
#7789 = DEFINITIONAL_REPRESENTATION('',(#7790),#7794);
#7790 = B_SPLINE_CURVE_WITH_KNOTS('',2,(#7791,#7792,#7793),
  .UNSPECIFIED.,.F.,.F.,(3,3),(0.,1.),.PIECEWISE_BEZIER_KNOTS.);
#7791 = CARTESIAN_POINT('',(0.356720464861,-0.565790776641));
#7792 = CARTESIAN_POINT('',(0.221688617728,-0.740313069635));
#7793 = CARTESIAN_POINT('',(-1.143240138065E-02,-0.740313069635));
#7794 = ( GEOMETRIC_REPRESENTATION_CONTEXT(2) 
PARAMETRIC_REPRESENTATION_CONTEXT() REPRESENTATION_CONTEXT('2D SPACE',''
  ) );
#7795 = ORIENTED_EDGE('',*,*,#7796,.T.);
#7796 = EDGE_CURVE('',#7774,#3336,#7797,.T.);
#7797 = SURFACE_CURVE('',#7798,(#7802,#7809),.PCURVE_S1.);
#7798 = LINE('',#7799,#7800);
#7799 = CARTESIAN_POINT('',(2.599522292994,0.,2.761008928571));
#7800 = VECTOR('',#7801,1.);
#7801 = DIRECTION('',(0.,0.,1.));
#7802 = PCURVE('',#3416,#7803);
#7803 = DEFINITIONAL_REPRESENTATION('',(#7804),#7808);
#7804 = LINE('',#7805,#7806);
#7805 = CARTESIAN_POINT('',(0.,0.));
#7806 = VECTOR('',#7807,1.);
#7807 = DIRECTION('',(0.,-1.));
#7808 = ( GEOMETRIC_REPRESENTATION_CONTEXT(2) 
PARAMETRIC_REPRESENTATION_CONTEXT() REPRESENTATION_CONTEXT('2D SPACE',''
  ) );
#7809 = PCURVE('',#3365,#7810);
#7810 = DEFINITIONAL_REPRESENTATION('',(#7811),#7815);
#7811 = LINE('',#7812,#7813);
#7812 = CARTESIAN_POINT('',(1.,0.));
#7813 = VECTOR('',#7814,1.);
#7814 = DIRECTION('',(0.,-1.));
#7815 = ( GEOMETRIC_REPRESENTATION_CONTEXT(2) 
PARAMETRIC_REPRESENTATION_CONTEXT() REPRESENTATION_CONTEXT('2D SPACE',''
  ) );
#7816 = ORIENTED_EDGE('',*,*,#3386,.F.);
#7817 = ORIENTED_EDGE('',*,*,#7698,.F.);
#7818 = ADVANCED_FACE('',(#7819),#2819,.F.);
#7819 = FACE_BOUND('',#7820,.F.);
#7820 = EDGE_LOOP('',(#7821,#7844,#7845,#7846));
#7821 = ORIENTED_EDGE('',*,*,#7822,.F.);
#7822 = EDGE_CURVE('',#7725,#7823,#7825,.T.);
#7823 = VERTEX_POINT('',#7824);
#7824 = CARTESIAN_POINT('',(2.926910828025,7.197452229299E-02,
    2.761008928571));
#7825 = SURFACE_CURVE('',#7826,(#7830,#7837),.PCURVE_S1.);
#7826 = B_SPLINE_CURVE_WITH_KNOTS('',2,(#7827,#7828,#7829),
  .UNSPECIFIED.,.F.,.F.,(3,3),(0.,1.),.PIECEWISE_BEZIER_KNOTS.);
#7827 = CARTESIAN_POINT('',(2.66576433121,0.157961783439,2.761008928571)
  );
#7828 = CARTESIAN_POINT('',(2.76449044586,7.197452229299E-02,
    2.761008928571));
#7829 = CARTESIAN_POINT('',(2.926910828025,7.197452229299E-02,
    2.761008928571));
#7830 = PCURVE('',#2819,#7831);
#7831 = DEFINITIONAL_REPRESENTATION('',(#7832),#7836);
#7832 = LINE('',#7833,#7834);
#7833 = CARTESIAN_POINT('',(0.,0.));
#7834 = VECTOR('',#7835,1.);
#7835 = DIRECTION('',(1.,0.));
#7836 = ( GEOMETRIC_REPRESENTATION_CONTEXT(2) 
PARAMETRIC_REPRESENTATION_CONTEXT() REPRESENTATION_CONTEXT('2D SPACE',''
  ) );
#7837 = PCURVE('',#7470,#7838);
#7838 = DEFINITIONAL_REPRESENTATION('',(#7839),#7843);
#7839 = B_SPLINE_CURVE_WITH_KNOTS('',2,(#7840,#7841,#7842),
  .UNSPECIFIED.,.F.,.F.,(3,3),(0.,1.),.PIECEWISE_BEZIER_KNOTS.);
#7840 = CARTESIAN_POINT('',(0.198758681422,-0.499548738424));
#7841 = CARTESIAN_POINT('',(0.284745942568,-0.400822623775));
#7842 = CARTESIAN_POINT('',(0.284745942568,-0.238402241609));
#7843 = ( GEOMETRIC_REPRESENTATION_CONTEXT(2) 
PARAMETRIC_REPRESENTATION_CONTEXT() REPRESENTATION_CONTEXT('2D SPACE',''
  ) );
#7844 = ORIENTED_EDGE('',*,*,#7749,.T.);
#7845 = ORIENTED_EDGE('',*,*,#2789,.F.);
#7846 = ORIENTED_EDGE('',*,*,#7847,.F.);
#7847 = EDGE_CURVE('',#7823,#2790,#7848,.T.);
#7848 = SURFACE_CURVE('',#7849,(#7853,#7860),.PCURVE_S1.);
#7849 = LINE('',#7850,#7851);
#7850 = CARTESIAN_POINT('',(2.926910828025,7.197452229299E-02,
    2.761008928571));
#7851 = VECTOR('',#7852,1.);
#7852 = DIRECTION('',(0.,0.,1.));
#7853 = PCURVE('',#2819,#7854);
#7854 = DEFINITIONAL_REPRESENTATION('',(#7855),#7859);
#7855 = LINE('',#7856,#7857);
#7856 = CARTESIAN_POINT('',(1.,0.));
#7857 = VECTOR('',#7858,1.);
#7858 = DIRECTION('',(0.,-1.));
#7859 = ( GEOMETRIC_REPRESENTATION_CONTEXT(2) 
PARAMETRIC_REPRESENTATION_CONTEXT() REPRESENTATION_CONTEXT('2D SPACE',''
  ) );
#7860 = PCURVE('',#2870,#7861);
#7861 = DEFINITIONAL_REPRESENTATION('',(#7862),#7866);
#7862 = LINE('',#7863,#7864);
#7863 = CARTESIAN_POINT('',(0.,0.));
#7864 = VECTOR('',#7865,1.);
#7865 = DIRECTION('',(0.,-1.));
#7866 = ( GEOMETRIC_REPRESENTATION_CONTEXT(2) 
PARAMETRIC_REPRESENTATION_CONTEXT() REPRESENTATION_CONTEXT('2D SPACE',''
  ) );
#7867 = ADVANCED_FACE('',(#7868),#3365,.F.);
#7868 = FACE_BOUND('',#7869,.F.);
#7869 = EDGE_LOOP('',(#7870,#7893,#7914,#7915));
#7870 = ORIENTED_EDGE('',*,*,#7871,.F.);
#7871 = EDGE_CURVE('',#7872,#7774,#7874,.T.);
#7872 = VERTEX_POINT('',#7873);
#7873 = CARTESIAN_POINT('',(2.937101910828,-0.110828025478,
    2.761008928571));
#7874 = SURFACE_CURVE('',#7875,(#7879,#7886),.PCURVE_S1.);
#7875 = B_SPLINE_CURVE_WITH_KNOTS('',2,(#7876,#7877,#7878),
  .UNSPECIFIED.,.F.,.F.,(3,3),(0.,1.),.PIECEWISE_BEZIER_KNOTS.);
#7876 = CARTESIAN_POINT('',(2.937101910828,-0.110828025478,
    2.761008928571));
#7877 = CARTESIAN_POINT('',(2.742197452229,-0.110828025478,
    2.761008928571));
#7878 = CARTESIAN_POINT('',(2.599522292994,0.,2.761008928571));
#7879 = PCURVE('',#3365,#7880);
#7880 = DEFINITIONAL_REPRESENTATION('',(#7881),#7885);
#7881 = LINE('',#7882,#7883);
#7882 = CARTESIAN_POINT('',(0.,0.));
#7883 = VECTOR('',#7884,1.);
#7884 = DIRECTION('',(1.,0.));
#7885 = ( GEOMETRIC_REPRESENTATION_CONTEXT(2) 
PARAMETRIC_REPRESENTATION_CONTEXT() REPRESENTATION_CONTEXT('2D SPACE',''
  ) );
#7886 = PCURVE('',#7470,#7887);
#7887 = DEFINITIONAL_REPRESENTATION('',(#7888),#7892);
#7888 = B_SPLINE_CURVE_WITH_KNOTS('',2,(#7889,#7890,#7891),
  .UNSPECIFIED.,.F.,.F.,(3,3),(0.,1.),.PIECEWISE_BEZIER_KNOTS.);
#7889 = CARTESIAN_POINT('',(0.467548490339,-0.228211158807));
#7890 = CARTESIAN_POINT('',(0.467548490339,-0.423115617405));
#7891 = CARTESIAN_POINT('',(0.356720464861,-0.565790776641));
#7892 = ( GEOMETRIC_REPRESENTATION_CONTEXT(2) 
PARAMETRIC_REPRESENTATION_CONTEXT() REPRESENTATION_CONTEXT('2D SPACE',''
  ) );
#7893 = ORIENTED_EDGE('',*,*,#7894,.T.);
#7894 = EDGE_CURVE('',#7872,#3285,#7895,.T.);
#7895 = SURFACE_CURVE('',#7896,(#7900,#7907),.PCURVE_S1.);
#7896 = LINE('',#7897,#7898);
#7897 = CARTESIAN_POINT('',(2.937101910828,-0.110828025478,
    2.761008928571));
#7898 = VECTOR('',#7899,1.);
#7899 = DIRECTION('',(0.,0.,1.));
#7900 = PCURVE('',#3365,#7901);
#7901 = DEFINITIONAL_REPRESENTATION('',(#7902),#7906);
#7902 = LINE('',#7903,#7904);
#7903 = CARTESIAN_POINT('',(0.,0.));
#7904 = VECTOR('',#7905,1.);
#7905 = DIRECTION('',(0.,-1.));
#7906 = ( GEOMETRIC_REPRESENTATION_CONTEXT(2) 
PARAMETRIC_REPRESENTATION_CONTEXT() REPRESENTATION_CONTEXT('2D SPACE',''
  ) );
#7907 = PCURVE('',#3314,#7908);
#7908 = DEFINITIONAL_REPRESENTATION('',(#7909),#7913);
#7909 = LINE('',#7910,#7911);
#7910 = CARTESIAN_POINT('',(1.,0.));
#7911 = VECTOR('',#7912,1.);
#7912 = DIRECTION('',(0.,-1.));
#7913 = ( GEOMETRIC_REPRESENTATION_CONTEXT(2) 
PARAMETRIC_REPRESENTATION_CONTEXT() REPRESENTATION_CONTEXT('2D SPACE',''
  ) );
#7914 = ORIENTED_EDGE('',*,*,#3335,.F.);
#7915 = ORIENTED_EDGE('',*,*,#7796,.F.);
#7916 = ADVANCED_FACE('',(#7917),#2870,.F.);
#7917 = FACE_BOUND('',#7918,.F.);
#7918 = EDGE_LOOP('',(#7919,#7942,#7943,#7944));
#7919 = ORIENTED_EDGE('',*,*,#7920,.F.);
#7920 = EDGE_CURVE('',#7823,#7921,#7923,.T.);
#7921 = VERTEX_POINT('',#7922);
#7922 = CARTESIAN_POINT('',(3.170859872611,0.154777070064,2.761008928571
    ));
#7923 = SURFACE_CURVE('',#7924,(#7928,#7935),.PCURVE_S1.);
#7924 = B_SPLINE_CURVE_WITH_KNOTS('',2,(#7925,#7926,#7927),
  .UNSPECIFIED.,.F.,.F.,(3,3),(0.,1.),.PIECEWISE_BEZIER_KNOTS.);
#7925 = CARTESIAN_POINT('',(2.926910828025,7.197452229299E-02,
    2.761008928571));
#7926 = CARTESIAN_POINT('',(3.081687898089,7.197452229299E-02,
    2.761008928571));
#7927 = CARTESIAN_POINT('',(3.170859872611,0.154777070064,2.761008928571
    ));
#7928 = PCURVE('',#2870,#7929);
#7929 = DEFINITIONAL_REPRESENTATION('',(#7930),#7934);
#7930 = LINE('',#7931,#7932);
#7931 = CARTESIAN_POINT('',(0.,0.));
#7932 = VECTOR('',#7933,1.);
#7933 = DIRECTION('',(1.,0.));
#7934 = ( GEOMETRIC_REPRESENTATION_CONTEXT(2) 
PARAMETRIC_REPRESENTATION_CONTEXT() REPRESENTATION_CONTEXT('2D SPACE',''
  ) );
#7935 = PCURVE('',#7470,#7936);
#7936 = DEFINITIONAL_REPRESENTATION('',(#7937),#7941);
#7937 = B_SPLINE_CURVE_WITH_KNOTS('',2,(#7938,#7939,#7940),
  .UNSPECIFIED.,.F.,.F.,(3,3),(0.,1.),.PIECEWISE_BEZIER_KNOTS.);
#7938 = CARTESIAN_POINT('',(0.284745942568,-0.238402241609));
#7939 = CARTESIAN_POINT('',(0.284745942568,-8.362517154542E-02));
#7940 = CARTESIAN_POINT('',(0.201943394798,5.546802976873E-03));
#7941 = ( GEOMETRIC_REPRESENTATION_CONTEXT(2) 
PARAMETRIC_REPRESENTATION_CONTEXT() REPRESENTATION_CONTEXT('2D SPACE',''
  ) );
#7942 = ORIENTED_EDGE('',*,*,#7847,.T.);
#7943 = ORIENTED_EDGE('',*,*,#2840,.F.);
#7944 = ORIENTED_EDGE('',*,*,#7945,.F.);
#7945 = EDGE_CURVE('',#7921,#2841,#7946,.T.);
#7946 = SURFACE_CURVE('',#7947,(#7951,#7958),.PCURVE_S1.);
#7947 = LINE('',#7948,#7949);
#7948 = CARTESIAN_POINT('',(3.170859872611,0.154777070064,2.761008928571
    ));
#7949 = VECTOR('',#7950,1.);
#7950 = DIRECTION('',(0.,0.,1.));
#7951 = PCURVE('',#2870,#7952);
#7952 = DEFINITIONAL_REPRESENTATION('',(#7953),#7957);
#7953 = LINE('',#7954,#7955);
#7954 = CARTESIAN_POINT('',(1.,0.));
#7955 = VECTOR('',#7956,1.);
#7956 = DIRECTION('',(0.,-1.));
#7957 = ( GEOMETRIC_REPRESENTATION_CONTEXT(2) 
PARAMETRIC_REPRESENTATION_CONTEXT() REPRESENTATION_CONTEXT('2D SPACE',''
  ) );
#7958 = PCURVE('',#2917,#7959);
#7959 = DEFINITIONAL_REPRESENTATION('',(#7960),#7964);
#7960 = LINE('',#7961,#7962);
#7961 = CARTESIAN_POINT('',(0.,0.));
#7962 = VECTOR('',#7963,1.);
#7963 = DIRECTION('',(0.,-1.));
#7964 = ( GEOMETRIC_REPRESENTATION_CONTEXT(2) 
PARAMETRIC_REPRESENTATION_CONTEXT() REPRESENTATION_CONTEXT('2D SPACE',''
  ) );
#7965 = ADVANCED_FACE('',(#7966),#3314,.F.);
#7966 = FACE_BOUND('',#7967,.F.);
#7967 = EDGE_LOOP('',(#7968,#7991,#8012,#8013));
#7968 = ORIENTED_EDGE('',*,*,#7969,.F.);
#7969 = EDGE_CURVE('',#7970,#7872,#7972,.T.);
#7970 = VERTEX_POINT('',#7971);
#7971 = CARTESIAN_POINT('',(3.272770700637,1.528662420382E-02,
    2.761008928571));
#7972 = SURFACE_CURVE('',#7973,(#7977,#7984),.PCURVE_S1.);
#7973 = B_SPLINE_CURVE_WITH_KNOTS('',2,(#7974,#7975,#7976),
  .UNSPECIFIED.,.F.,.F.,(3,3),(0.,1.),.PIECEWISE_BEZIER_KNOTS.);
#7974 = CARTESIAN_POINT('',(3.272770700637,1.528662420382E-02,
    2.761008928571));
#7975 = CARTESIAN_POINT('',(3.142197452229,-0.110828025478,
    2.761008928571));
#7976 = CARTESIAN_POINT('',(2.937101910828,-0.110828025478,
    2.761008928571));
#7977 = PCURVE('',#3314,#7978);
#7978 = DEFINITIONAL_REPRESENTATION('',(#7979),#7983);
#7979 = LINE('',#7980,#7981);
#7980 = CARTESIAN_POINT('',(0.,0.));
#7981 = VECTOR('',#7982,1.);
#7982 = DIRECTION('',(1.,0.));
#7983 = ( GEOMETRIC_REPRESENTATION_CONTEXT(2) 
PARAMETRIC_REPRESENTATION_CONTEXT() REPRESENTATION_CONTEXT('2D SPACE',''
  ) );
#7984 = PCURVE('',#7470,#7985);
#7985 = DEFINITIONAL_REPRESENTATION('',(#7986),#7990);
#7986 = B_SPLINE_CURVE_WITH_KNOTS('',2,(#7987,#7988,#7989),
  .UNSPECIFIED.,.F.,.F.,(3,3),(0.,1.),.PIECEWISE_BEZIER_KNOTS.);
#7987 = CARTESIAN_POINT('',(0.341433840658,0.107457631002));
#7988 = CARTESIAN_POINT('',(0.467548490339,-2.311561740529E-02));
#7989 = CARTESIAN_POINT('',(0.467548490339,-0.228211158807));
#7990 = ( GEOMETRIC_REPRESENTATION_CONTEXT(2) 
PARAMETRIC_REPRESENTATION_CONTEXT() REPRESENTATION_CONTEXT('2D SPACE',''
  ) );
#7991 = ORIENTED_EDGE('',*,*,#7992,.T.);
#7992 = EDGE_CURVE('',#7970,#3234,#7993,.T.);
#7993 = SURFACE_CURVE('',#7994,(#7998,#8005),.PCURVE_S1.);
#7994 = LINE('',#7995,#7996);
#7995 = CARTESIAN_POINT('',(3.272770700637,1.528662420382E-02,
    2.761008928571));
#7996 = VECTOR('',#7997,1.);
#7997 = DIRECTION('',(0.,0.,1.));
#7998 = PCURVE('',#3314,#7999);
#7999 = DEFINITIONAL_REPRESENTATION('',(#8000),#8004);
#8000 = LINE('',#8001,#8002);
#8001 = CARTESIAN_POINT('',(0.,0.));
#8002 = VECTOR('',#8003,1.);
#8003 = DIRECTION('',(0.,-1.));
#8004 = ( GEOMETRIC_REPRESENTATION_CONTEXT(2) 
PARAMETRIC_REPRESENTATION_CONTEXT() REPRESENTATION_CONTEXT('2D SPACE',''
  ) );
#8005 = PCURVE('',#3263,#8006);
#8006 = DEFINITIONAL_REPRESENTATION('',(#8007),#8011);
#8007 = LINE('',#8008,#8009);
#8008 = CARTESIAN_POINT('',(1.,0.));
#8009 = VECTOR('',#8010,1.);
#8010 = DIRECTION('',(0.,-1.));
#8011 = ( GEOMETRIC_REPRESENTATION_CONTEXT(2) 
PARAMETRIC_REPRESENTATION_CONTEXT() REPRESENTATION_CONTEXT('2D SPACE',''
  ) );
#8012 = ORIENTED_EDGE('',*,*,#3284,.F.);
#8013 = ORIENTED_EDGE('',*,*,#7894,.F.);
#8014 = ADVANCED_FACE('',(#8015),#2917,.F.);
#8015 = FACE_BOUND('',#8016,.F.);
#8016 = EDGE_LOOP('',(#8017,#8040,#8041,#8042));
#8017 = ORIENTED_EDGE('',*,*,#8018,.F.);
#8018 = EDGE_CURVE('',#7921,#8019,#8021,.T.);
#8019 = VERTEX_POINT('',#8020);
#8020 = CARTESIAN_POINT('',(3.260668789809,0.370700636943,2.761008928571
    ));
#8021 = SURFACE_CURVE('',#8022,(#8026,#8033),.PCURVE_S1.);
#8022 = B_SPLINE_CURVE_WITH_KNOTS('',2,(#8023,#8024,#8025),
  .UNSPECIFIED.,.F.,.F.,(3,3),(0.,1.),.PIECEWISE_BEZIER_KNOTS.);
#8023 = CARTESIAN_POINT('',(3.170859872611,0.154777070064,2.761008928571
    ));
#8024 = CARTESIAN_POINT('',(3.260668789809,0.236942675159,2.761008928571
    ));
#8025 = CARTESIAN_POINT('',(3.260668789809,0.370700636943,2.761008928571
    ));
#8026 = PCURVE('',#2917,#8027);
#8027 = DEFINITIONAL_REPRESENTATION('',(#8028),#8032);
#8028 = LINE('',#8029,#8030);
#8029 = CARTESIAN_POINT('',(0.,0.));
#8030 = VECTOR('',#8031,1.);
#8031 = DIRECTION('',(1.,0.));
#8032 = ( GEOMETRIC_REPRESENTATION_CONTEXT(2) 
PARAMETRIC_REPRESENTATION_CONTEXT() REPRESENTATION_CONTEXT('2D SPACE',''
  ) );
#8033 = PCURVE('',#7470,#8034);
#8034 = DEFINITIONAL_REPRESENTATION('',(#8035),#8039);
#8035 = B_SPLINE_CURVE_WITH_KNOTS('',2,(#8036,#8037,#8038),
  .UNSPECIFIED.,.F.,.F.,(3,3),(0.,1.),.PIECEWISE_BEZIER_KNOTS.);
#8036 = CARTESIAN_POINT('',(0.201943394798,5.546802976873E-03));
#8037 = CARTESIAN_POINT('',(0.119777789702,9.535572017433E-02));
#8038 = CARTESIAN_POINT('',(-1.398017208128E-02,9.535572017433E-02));
#8039 = ( GEOMETRIC_REPRESENTATION_CONTEXT(2) 
PARAMETRIC_REPRESENTATION_CONTEXT() REPRESENTATION_CONTEXT('2D SPACE',''
  ) );
#8040 = ORIENTED_EDGE('',*,*,#7945,.T.);
#8041 = ORIENTED_EDGE('',*,*,#2891,.F.);
#8042 = ORIENTED_EDGE('',*,*,#8043,.F.);
#8043 = EDGE_CURVE('',#8019,#2892,#8044,.T.);
#8044 = SURFACE_CURVE('',#8045,(#8049,#8056),.PCURVE_S1.);
#8045 = LINE('',#8046,#8047);
#8046 = CARTESIAN_POINT('',(3.260668789809,0.370700636943,2.761008928571
    ));
#8047 = VECTOR('',#8048,1.);
#8048 = DIRECTION('',(0.,0.,1.));
#8049 = PCURVE('',#2917,#8050);
#8050 = DEFINITIONAL_REPRESENTATION('',(#8051),#8055);
#8051 = LINE('',#8052,#8053);
#8052 = CARTESIAN_POINT('',(1.,0.));
#8053 = VECTOR('',#8054,1.);
#8054 = DIRECTION('',(0.,-1.));
#8055 = ( GEOMETRIC_REPRESENTATION_CONTEXT(2) 
PARAMETRIC_REPRESENTATION_CONTEXT() REPRESENTATION_CONTEXT('2D SPACE',''
  ) );
#8056 = PCURVE('',#2962,#8057);
#8057 = DEFINITIONAL_REPRESENTATION('',(#8058),#8062);
#8058 = LINE('',#8059,#8060);
#8059 = CARTESIAN_POINT('',(0.,0.));
#8060 = VECTOR('',#8061,1.);
#8061 = DIRECTION('',(0.,-1.));
#8062 = ( GEOMETRIC_REPRESENTATION_CONTEXT(2) 
PARAMETRIC_REPRESENTATION_CONTEXT() REPRESENTATION_CONTEXT('2D SPACE',''
  ) );
#8063 = ADVANCED_FACE('',(#8064),#3263,.F.);
#8064 = FACE_BOUND('',#8065,.F.);
#8065 = EDGE_LOOP('',(#8066,#8089,#8110,#8111));
#8066 = ORIENTED_EDGE('',*,*,#8067,.F.);
#8067 = EDGE_CURVE('',#8068,#7970,#8070,.T.);
#8068 = VERTEX_POINT('',#8069);
#8069 = CARTESIAN_POINT('',(3.403343949045,0.324840764331,2.761008928571
    ));
#8070 = SURFACE_CURVE('',#8071,(#8075,#8082),.PCURVE_S1.);
#8071 = B_SPLINE_CURVE_WITH_KNOTS('',2,(#8072,#8073,#8074),
  .UNSPECIFIED.,.F.,.F.,(3,3),(0.,1.),.PIECEWISE_BEZIER_KNOTS.);
#8072 = CARTESIAN_POINT('',(3.403343949045,0.324840764331,2.761008928571
    ));
#8073 = CARTESIAN_POINT('',(3.403343949045,0.141401273885,2.761008928571
    ));
#8074 = CARTESIAN_POINT('',(3.272770700637,1.528662420382E-02,
    2.761008928571));
#8075 = PCURVE('',#3263,#8076);
#8076 = DEFINITIONAL_REPRESENTATION('',(#8077),#8081);
#8077 = LINE('',#8078,#8079);
#8078 = CARTESIAN_POINT('',(0.,0.));
#8079 = VECTOR('',#8080,1.);
#8080 = DIRECTION('',(1.,0.));
#8081 = ( GEOMETRIC_REPRESENTATION_CONTEXT(2) 
PARAMETRIC_REPRESENTATION_CONTEXT() REPRESENTATION_CONTEXT('2D SPACE',''
  ) );
#8082 = PCURVE('',#7470,#8083);
#8083 = DEFINITIONAL_REPRESENTATION('',(#8084),#8088);
#8084 = B_SPLINE_CURVE_WITH_KNOTS('',2,(#8085,#8086,#8087),
  .UNSPECIFIED.,.F.,.F.,(3,3),(0.,1.),.PIECEWISE_BEZIER_KNOTS.);
#8085 = CARTESIAN_POINT('',(3.187970053018E-02,0.23803087941));
#8086 = CARTESIAN_POINT('',(0.215319190976,0.23803087941));
#8087 = CARTESIAN_POINT('',(0.341433840658,0.107457631002));
#8088 = ( GEOMETRIC_REPRESENTATION_CONTEXT(2) 
PARAMETRIC_REPRESENTATION_CONTEXT() REPRESENTATION_CONTEXT('2D SPACE',''
  ) );
#8089 = ORIENTED_EDGE('',*,*,#8090,.T.);
#8090 = EDGE_CURVE('',#8068,#3183,#8091,.T.);
#8091 = SURFACE_CURVE('',#8092,(#8096,#8103),.PCURVE_S1.);
#8092 = LINE('',#8093,#8094);
#8093 = CARTESIAN_POINT('',(3.403343949045,0.324840764331,2.761008928571
    ));
#8094 = VECTOR('',#8095,1.);
#8095 = DIRECTION('',(0.,0.,1.));
#8096 = PCURVE('',#3263,#8097);
#8097 = DEFINITIONAL_REPRESENTATION('',(#8098),#8102);
#8098 = LINE('',#8099,#8100);
#8099 = CARTESIAN_POINT('',(0.,0.));
#8100 = VECTOR('',#8101,1.);
#8101 = DIRECTION('',(0.,-1.));
#8102 = ( GEOMETRIC_REPRESENTATION_CONTEXT(2) 
PARAMETRIC_REPRESENTATION_CONTEXT() REPRESENTATION_CONTEXT('2D SPACE',''
  ) );
#8103 = PCURVE('',#3212,#8104);
#8104 = DEFINITIONAL_REPRESENTATION('',(#8105),#8109);
#8105 = LINE('',#8106,#8107);
#8106 = CARTESIAN_POINT('',(1.,0.));
#8107 = VECTOR('',#8108,1.);
#8108 = DIRECTION('',(0.,-1.));
#8109 = ( GEOMETRIC_REPRESENTATION_CONTEXT(2) 
PARAMETRIC_REPRESENTATION_CONTEXT() REPRESENTATION_CONTEXT('2D SPACE',''
  ) );
#8110 = ORIENTED_EDGE('',*,*,#3233,.F.);
#8111 = ORIENTED_EDGE('',*,*,#7992,.F.);
#8112 = ADVANCED_FACE('',(#8113),#2962,.F.);
#8113 = FACE_BOUND('',#8114,.F.);
#8114 = EDGE_LOOP('',(#8115,#8138,#8139,#8140));
#8115 = ORIENTED_EDGE('',*,*,#8116,.F.);
#8116 = EDGE_CURVE('',#8019,#8117,#8119,.T.);
#8117 = VERTEX_POINT('',#8118);
#8118 = CARTESIAN_POINT('',(3.220541401274,0.52101910828,2.761008928571)
  );
#8119 = SURFACE_CURVE('',#8120,(#8124,#8131),.PCURVE_S1.);
#8120 = B_SPLINE_CURVE_WITH_KNOTS('',2,(#8121,#8122,#8123),
  .UNSPECIFIED.,.F.,.F.,(3,3),(0.,1.),.PIECEWISE_BEZIER_KNOTS.);
#8121 = CARTESIAN_POINT('',(3.260668789809,0.370700636943,2.761008928571
    ));
#8122 = CARTESIAN_POINT('',(3.260668789809,0.454140127389,2.761008928571
    ));
#8123 = CARTESIAN_POINT('',(3.220541401274,0.52101910828,2.761008928571)
  );
#8124 = PCURVE('',#2962,#8125);
#8125 = DEFINITIONAL_REPRESENTATION('',(#8126),#8130);
#8126 = LINE('',#8127,#8128);
#8127 = CARTESIAN_POINT('',(0.,0.));
#8128 = VECTOR('',#8129,1.);
#8129 = DIRECTION('',(1.,0.));
#8130 = ( GEOMETRIC_REPRESENTATION_CONTEXT(2) 
PARAMETRIC_REPRESENTATION_CONTEXT() REPRESENTATION_CONTEXT('2D SPACE',''
  ) );
#8131 = PCURVE('',#7470,#8132);
#8132 = DEFINITIONAL_REPRESENTATION('',(#8133),#8137);
#8133 = B_SPLINE_CURVE_WITH_KNOTS('',2,(#8134,#8135,#8136),
  .UNSPECIFIED.,.F.,.F.,(3,3),(0.,1.),.PIECEWISE_BEZIER_KNOTS.);
#8134 = CARTESIAN_POINT('',(-1.398017208128E-02,9.535572017433E-02));
#8135 = CARTESIAN_POINT('',(-9.741966252714E-02,9.535572017433E-02));
#8136 = CARTESIAN_POINT('',(-0.164298643419,5.522833163929E-02));
#8137 = ( GEOMETRIC_REPRESENTATION_CONTEXT(2) 
PARAMETRIC_REPRESENTATION_CONTEXT() REPRESENTATION_CONTEXT('2D SPACE',''
  ) );
#8138 = ORIENTED_EDGE('',*,*,#8043,.T.);
#8139 = ORIENTED_EDGE('',*,*,#2936,.F.);
#8140 = ORIENTED_EDGE('',*,*,#8141,.F.);
#8141 = EDGE_CURVE('',#8117,#2937,#8142,.T.);
#8142 = SURFACE_CURVE('',#8143,(#8147,#8154),.PCURVE_S1.);
#8143 = LINE('',#8144,#8145);
#8144 = CARTESIAN_POINT('',(3.220541401274,0.52101910828,2.761008928571)
  );
#8145 = VECTOR('',#8146,1.);
#8146 = DIRECTION('',(0.,0.,1.));
#8147 = PCURVE('',#2962,#8148);
#8148 = DEFINITIONAL_REPRESENTATION('',(#8149),#8153);
#8149 = LINE('',#8150,#8151);
#8150 = CARTESIAN_POINT('',(1.,0.));
#8151 = VECTOR('',#8152,1.);
#8152 = DIRECTION('',(0.,-1.));
#8153 = ( GEOMETRIC_REPRESENTATION_CONTEXT(2) 
PARAMETRIC_REPRESENTATION_CONTEXT() REPRESENTATION_CONTEXT('2D SPACE',''
  ) );
#8154 = PCURVE('',#3007,#8155);
#8155 = DEFINITIONAL_REPRESENTATION('',(#8156),#8160);
#8156 = LINE('',#8157,#8158);
#8157 = CARTESIAN_POINT('',(0.,0.));
#8158 = VECTOR('',#8159,1.);
#8159 = DIRECTION('',(0.,-1.));
#8160 = ( GEOMETRIC_REPRESENTATION_CONTEXT(2) 
PARAMETRIC_REPRESENTATION_CONTEXT() REPRESENTATION_CONTEXT('2D SPACE',''
  ) );
#8161 = ADVANCED_FACE('',(#8162),#3212,.F.);
#8162 = FACE_BOUND('',#8163,.F.);
#8163 = EDGE_LOOP('',(#8164,#8187,#8208,#8209));
#8164 = ORIENTED_EDGE('',*,*,#8165,.F.);
#8165 = EDGE_CURVE('',#8166,#8068,#8168,.T.);
#8166 = VERTEX_POINT('',#8167);
#8167 = CARTESIAN_POINT('',(3.317356687898,0.589808917197,2.761008928571
    ));
#8168 = SURFACE_CURVE('',#8169,(#8173,#8180),.PCURVE_S1.);
#8169 = B_SPLINE_CURVE_WITH_KNOTS('',2,(#8170,#8171,#8172),
  .UNSPECIFIED.,.F.,.F.,(3,3),(0.,1.),.PIECEWISE_BEZIER_KNOTS.);
#8170 = CARTESIAN_POINT('',(3.317356687898,0.589808917197,2.761008928571
    ));
#8171 = CARTESIAN_POINT('',(3.403343949045,0.463694267516,2.761008928571
    ));
#8172 = CARTESIAN_POINT('',(3.403343949045,0.324840764331,2.761008928571
    ));
#8173 = PCURVE('',#3212,#8174);
#8174 = DEFINITIONAL_REPRESENTATION('',(#8175),#8179);
#8175 = LINE('',#8176,#8177);
#8176 = CARTESIAN_POINT('',(0.,0.));
#8177 = VECTOR('',#8178,1.);
#8178 = DIRECTION('',(1.,0.));
#8179 = ( GEOMETRIC_REPRESENTATION_CONTEXT(2) 
PARAMETRIC_REPRESENTATION_CONTEXT() REPRESENTATION_CONTEXT('2D SPACE',''
  ) );
#8180 = PCURVE('',#7470,#8181);
#8181 = DEFINITIONAL_REPRESENTATION('',(#8182),#8186);
#8182 = B_SPLINE_CURVE_WITH_KNOTS('',2,(#8183,#8184,#8185),
  .UNSPECIFIED.,.F.,.F.,(3,3),(0.,1.),.PIECEWISE_BEZIER_KNOTS.);
#8183 = CARTESIAN_POINT('',(-0.233088452336,0.152043618263));
#8184 = CARTESIAN_POINT('',(-0.106973802655,0.23803087941));
#8185 = CARTESIAN_POINT('',(3.187970053018E-02,0.23803087941));
#8186 = ( GEOMETRIC_REPRESENTATION_CONTEXT(2) 
PARAMETRIC_REPRESENTATION_CONTEXT() REPRESENTATION_CONTEXT('2D SPACE',''
  ) );
#8187 = ORIENTED_EDGE('',*,*,#8188,.T.);
#8188 = EDGE_CURVE('',#8166,#3157,#8189,.T.);
#8189 = SURFACE_CURVE('',#8190,(#8194,#8201),.PCURVE_S1.);
#8190 = LINE('',#8191,#8192);
#8191 = CARTESIAN_POINT('',(3.317356687898,0.589808917197,2.761008928571
    ));
#8192 = VECTOR('',#8193,1.);
#8193 = DIRECTION('',(0.,0.,1.));
#8194 = PCURVE('',#3212,#8195);
#8195 = DEFINITIONAL_REPRESENTATION('',(#8196),#8200);
#8196 = LINE('',#8197,#8198);
#8197 = CARTESIAN_POINT('',(0.,0.));
#8198 = VECTOR('',#8199,1.);
#8199 = DIRECTION('',(0.,-1.));
#8200 = ( GEOMETRIC_REPRESENTATION_CONTEXT(2) 
PARAMETRIC_REPRESENTATION_CONTEXT() REPRESENTATION_CONTEXT('2D SPACE',''
  ) );
#8201 = PCURVE('',#3171,#8202);
#8202 = DEFINITIONAL_REPRESENTATION('',(#8203),#8207);
#8203 = LINE('',#8204,#8205);
#8204 = CARTESIAN_POINT('',(0.378994272632,0.));
#8205 = VECTOR('',#8206,1.);
#8206 = DIRECTION('',(0.,-1.));
#8207 = ( GEOMETRIC_REPRESENTATION_CONTEXT(2) 
PARAMETRIC_REPRESENTATION_CONTEXT() REPRESENTATION_CONTEXT('2D SPACE',''
  ) );
#8208 = ORIENTED_EDGE('',*,*,#3182,.F.);
#8209 = ORIENTED_EDGE('',*,*,#8090,.F.);
#8210 = ADVANCED_FACE('',(#8211),#3007,.F.);
#8211 = FACE_BOUND('',#8212,.F.);
#8212 = EDGE_LOOP('',(#8213,#8236,#8237,#8238));
#8213 = ORIENTED_EDGE('',*,*,#8214,.F.);
#8214 = EDGE_CURVE('',#8117,#8215,#8217,.T.);
#8215 = VERTEX_POINT('',#8216);
#8216 = CARTESIAN_POINT('',(3.117993630573,0.626114649682,2.761008928571
    ));
#8217 = SURFACE_CURVE('',#8218,(#8222,#8229),.PCURVE_S1.);
#8218 = B_SPLINE_CURVE_WITH_KNOTS('',2,(#8219,#8220,#8221),
  .UNSPECIFIED.,.F.,.F.,(3,3),(0.,1.),.PIECEWISE_BEZIER_KNOTS.);
#8219 = CARTESIAN_POINT('',(3.220541401274,0.52101910828,2.761008928571)
  );
#8220 = CARTESIAN_POINT('',(3.181050955414,0.587898089172,2.761008928571
    ));
#8221 = CARTESIAN_POINT('',(3.117993630573,0.626114649682,2.761008928571
    ));
#8222 = PCURVE('',#3007,#8223);
#8223 = DEFINITIONAL_REPRESENTATION('',(#8224),#8228);
#8224 = LINE('',#8225,#8226);
#8225 = CARTESIAN_POINT('',(0.,0.));
#8226 = VECTOR('',#8227,1.);
#8227 = DIRECTION('',(1.,0.));
#8228 = ( GEOMETRIC_REPRESENTATION_CONTEXT(2) 
PARAMETRIC_REPRESENTATION_CONTEXT() REPRESENTATION_CONTEXT('2D SPACE',''
  ) );
#8229 = PCURVE('',#7470,#8230);
#8230 = DEFINITIONAL_REPRESENTATION('',(#8231),#8235);
#8231 = B_SPLINE_CURVE_WITH_KNOTS('',2,(#8232,#8233,#8234),
  .UNSPECIFIED.,.F.,.F.,(3,3),(0.,1.),.PIECEWISE_BEZIER_KNOTS.);
#8232 = CARTESIAN_POINT('',(-0.164298643419,5.522833163929E-02));
#8233 = CARTESIAN_POINT('',(-0.231177624311,1.573788577942E-02));
#8234 = CARTESIAN_POINT('',(-0.26939418482,-4.731943906134E-02));
#8235 = ( GEOMETRIC_REPRESENTATION_CONTEXT(2) 
PARAMETRIC_REPRESENTATION_CONTEXT() REPRESENTATION_CONTEXT('2D SPACE',''
  ) );
#8236 = ORIENTED_EDGE('',*,*,#8141,.T.);
#8237 = ORIENTED_EDGE('',*,*,#2981,.F.);
#8238 = ORIENTED_EDGE('',*,*,#8239,.F.);
#8239 = EDGE_CURVE('',#8215,#2982,#8240,.T.);
#8240 = SURFACE_CURVE('',#8241,(#8245,#8252),.PCURVE_S1.);
#8241 = LINE('',#8242,#8243);
#8242 = CARTESIAN_POINT('',(3.117993630573,0.626114649682,2.761008928571
    ));
#8243 = VECTOR('',#8244,1.);
#8244 = DIRECTION('',(0.,0.,1.));
#8245 = PCURVE('',#3007,#8246);
#8246 = DEFINITIONAL_REPRESENTATION('',(#8247),#8251);
#8247 = LINE('',#8248,#8249);
#8248 = CARTESIAN_POINT('',(1.,0.));
#8249 = VECTOR('',#8250,1.);
#8250 = DIRECTION('',(0.,-1.));
#8251 = ( GEOMETRIC_REPRESENTATION_CONTEXT(2) 
PARAMETRIC_REPRESENTATION_CONTEXT() REPRESENTATION_CONTEXT('2D SPACE',''
  ) );
#8252 = PCURVE('',#3041,#8253);
#8253 = DEFINITIONAL_REPRESENTATION('',(#8254),#8258);
#8254 = LINE('',#8255,#8256);
#8255 = CARTESIAN_POINT('',(0.,0.));
#8256 = VECTOR('',#8257,1.);
#8257 = DIRECTION('',(0.,-1.));
#8258 = ( GEOMETRIC_REPRESENTATION_CONTEXT(2) 
PARAMETRIC_REPRESENTATION_CONTEXT() REPRESENTATION_CONTEXT('2D SPACE',''
  ) );
#8259 = ADVANCED_FACE('',(#8260),#3171,.F.);
#8260 = FACE_BOUND('',#8261,.F.);
#8261 = EDGE_LOOP('',(#8262,#8285,#8306,#8307));
#8262 = ORIENTED_EDGE('',*,*,#8263,.F.);
#8263 = EDGE_CURVE('',#8264,#8166,#8266,.T.);
#8264 = VERTEX_POINT('',#8265);
#8265 = CARTESIAN_POINT('',(3.688694267516,0.514012738854,2.761008928571
    ));
#8266 = SURFACE_CURVE('',#8267,(#8271,#8278),.PCURVE_S1.);
#8267 = LINE('',#8268,#8269);
#8268 = CARTESIAN_POINT('',(3.688694267516,0.514012738854,2.761008928571
    ));
#8269 = VECTOR('',#8270,1.);
#8270 = DIRECTION('',(-0.979797338463,0.199992938726,0.));
#8271 = PCURVE('',#3171,#8272);
#8272 = DEFINITIONAL_REPRESENTATION('',(#8273),#8277);
#8273 = LINE('',#8274,#8275);
#8274 = CARTESIAN_POINT('',(0.,0.));
#8275 = VECTOR('',#8276,1.);
#8276 = DIRECTION('',(1.,0.));
#8277 = ( GEOMETRIC_REPRESENTATION_CONTEXT(2) 
PARAMETRIC_REPRESENTATION_CONTEXT() REPRESENTATION_CONTEXT('2D SPACE',''
  ) );
#8278 = PCURVE('',#7470,#8279);
#8279 = DEFINITIONAL_REPRESENTATION('',(#8280),#8284);
#8280 = LINE('',#8281,#8282);
#8281 = CARTESIAN_POINT('',(-0.157292273992,0.523381197881));
#8282 = VECTOR('',#8283,1.);
#8283 = DIRECTION('',(-0.199992938726,-0.979797338463));
#8284 = ( GEOMETRIC_REPRESENTATION_CONTEXT(2) 
PARAMETRIC_REPRESENTATION_CONTEXT() REPRESENTATION_CONTEXT('2D SPACE',''
  ) );
#8285 = ORIENTED_EDGE('',*,*,#8286,.T.);
#8286 = EDGE_CURVE('',#8264,#3131,#8287,.T.);
#8287 = SURFACE_CURVE('',#8288,(#8292,#8299),.PCURVE_S1.);
#8288 = LINE('',#8289,#8290);
#8289 = CARTESIAN_POINT('',(3.688694267516,0.514012738854,2.761008928571
    ));
#8290 = VECTOR('',#8291,1.);
#8291 = DIRECTION('',(0.,0.,1.));
#8292 = PCURVE('',#3171,#8293);
#8293 = DEFINITIONAL_REPRESENTATION('',(#8294),#8298);
#8294 = LINE('',#8295,#8296);
#8295 = CARTESIAN_POINT('',(0.,0.));
#8296 = VECTOR('',#8297,1.);
#8297 = DIRECTION('',(0.,-1.));
#8298 = ( GEOMETRIC_REPRESENTATION_CONTEXT(2) 
PARAMETRIC_REPRESENTATION_CONTEXT() REPRESENTATION_CONTEXT('2D SPACE',''
  ) );
#8299 = PCURVE('',#3145,#8300);
#8300 = DEFINITIONAL_REPRESENTATION('',(#8301),#8305);
#8301 = LINE('',#8302,#8303);
#8302 = CARTESIAN_POINT('',(0.558598726115,0.));
#8303 = VECTOR('',#8304,1.);
#8304 = DIRECTION('',(0.,-1.));
#8305 = ( GEOMETRIC_REPRESENTATION_CONTEXT(2) 
PARAMETRIC_REPRESENTATION_CONTEXT() REPRESENTATION_CONTEXT('2D SPACE',''
  ) );
#8306 = ORIENTED_EDGE('',*,*,#3156,.F.);
#8307 = ORIENTED_EDGE('',*,*,#8188,.F.);
#8308 = ADVANCED_FACE('',(#8309),#3041,.F.);
#8309 = FACE_BOUND('',#8310,.F.);
#8310 = EDGE_LOOP('',(#8311,#8334,#8335,#8336));
#8311 = ORIENTED_EDGE('',*,*,#8312,.F.);
#8312 = EDGE_CURVE('',#8215,#8313,#8315,.T.);
#8313 = VERTEX_POINT('',#8314);
#8314 = CARTESIAN_POINT('',(3.139012738854,0.787261146497,2.761008928571
    ));
#8315 = SURFACE_CURVE('',#8316,(#8320,#8327),.PCURVE_S1.);
#8316 = LINE('',#8317,#8318);
#8317 = CARTESIAN_POINT('',(3.117993630573,0.626114649682,2.761008928571
    ));
#8318 = VECTOR('',#8319,1.);
#8319 = DIRECTION('',(0.129339184068,0.991600411186,0.));
#8320 = PCURVE('',#3041,#8321);
#8321 = DEFINITIONAL_REPRESENTATION('',(#8322),#8326);
#8322 = LINE('',#8323,#8324);
#8323 = CARTESIAN_POINT('',(0.,0.));
#8324 = VECTOR('',#8325,1.);
#8325 = DIRECTION('',(1.,0.));
#8326 = ( GEOMETRIC_REPRESENTATION_CONTEXT(2) 
PARAMETRIC_REPRESENTATION_CONTEXT() REPRESENTATION_CONTEXT('2D SPACE',''
  ) );
#8327 = PCURVE('',#7470,#8328);
#8328 = DEFINITIONAL_REPRESENTATION('',(#8329),#8333);
#8329 = LINE('',#8330,#8331);
#8330 = CARTESIAN_POINT('',(-0.26939418482,-4.731943906134E-02));
#8331 = VECTOR('',#8332,1.);
#8332 = DIRECTION('',(-0.991600411186,0.129339184068));
#8333 = ( GEOMETRIC_REPRESENTATION_CONTEXT(2) 
PARAMETRIC_REPRESENTATION_CONTEXT() REPRESENTATION_CONTEXT('2D SPACE',''
  ) );
#8334 = ORIENTED_EDGE('',*,*,#8239,.T.);
#8335 = ORIENTED_EDGE('',*,*,#3026,.F.);
#8336 = ORIENTED_EDGE('',*,*,#8337,.F.);
#8337 = EDGE_CURVE('',#8313,#3027,#8338,.T.);
#8338 = SURFACE_CURVE('',#8339,(#8343,#8350),.PCURVE_S1.);
#8339 = LINE('',#8340,#8341);
#8340 = CARTESIAN_POINT('',(3.139012738854,0.787261146497,2.761008928571
    ));
#8341 = VECTOR('',#8342,1.);
#8342 = DIRECTION('',(0.,0.,1.));
#8343 = PCURVE('',#3041,#8344);
#8344 = DEFINITIONAL_REPRESENTATION('',(#8345),#8349);
#8345 = LINE('',#8346,#8347);
#8346 = CARTESIAN_POINT('',(0.162511526818,0.));
#8347 = VECTOR('',#8348,1.);
#8348 = DIRECTION('',(0.,-1.));
#8349 = ( GEOMETRIC_REPRESENTATION_CONTEXT(2) 
PARAMETRIC_REPRESENTATION_CONTEXT() REPRESENTATION_CONTEXT('2D SPACE',''
  ) );
#8350 = PCURVE('',#3067,#8351);
#8351 = DEFINITIONAL_REPRESENTATION('',(#8352),#8356);
#8352 = LINE('',#8353,#8354);
#8353 = CARTESIAN_POINT('',(0.,0.));
#8354 = VECTOR('',#8355,1.);
#8355 = DIRECTION('',(0.,-1.));
#8356 = ( GEOMETRIC_REPRESENTATION_CONTEXT(2) 
PARAMETRIC_REPRESENTATION_CONTEXT() REPRESENTATION_CONTEXT('2D SPACE',''
  ) );
#8357 = ADVANCED_FACE('',(#8358),#3145,.F.);
#8358 = FACE_BOUND('',#8359,.F.);
#8359 = EDGE_LOOP('',(#8360,#8383,#8404,#8405));
#8360 = ORIENTED_EDGE('',*,*,#8361,.F.);
#8361 = EDGE_CURVE('',#8362,#8264,#8364,.T.);
#8362 = VERTEX_POINT('',#8363);
#8363 = CARTESIAN_POINT('',(3.688694267516,-4.458598726115E-02,
    2.761008928571));
#8364 = SURFACE_CURVE('',#8365,(#8369,#8376),.PCURVE_S1.);
#8365 = LINE('',#8366,#8367);
#8366 = CARTESIAN_POINT('',(3.688694267516,-4.458598726115E-02,
    2.761008928571));
#8367 = VECTOR('',#8368,1.);
#8368 = DIRECTION('',(-2.22044604925E-16,1.,0.));
#8369 = PCURVE('',#3145,#8370);
#8370 = DEFINITIONAL_REPRESENTATION('',(#8371),#8375);
#8371 = LINE('',#8372,#8373);
#8372 = CARTESIAN_POINT('',(0.,0.));
#8373 = VECTOR('',#8374,1.);
#8374 = DIRECTION('',(1.,0.));
#8375 = ( GEOMETRIC_REPRESENTATION_CONTEXT(2) 
PARAMETRIC_REPRESENTATION_CONTEXT() REPRESENTATION_CONTEXT('2D SPACE',''
  ) );
#8376 = PCURVE('',#7470,#8377);
#8377 = DEFINITIONAL_REPRESENTATION('',(#8378),#8382);
#8378 = LINE('',#8379,#8380);
#8379 = CARTESIAN_POINT('',(0.401306452123,0.523381197881));
#8380 = VECTOR('',#8381,1.);
#8381 = DIRECTION('',(-1.,0.));
#8382 = ( GEOMETRIC_REPRESENTATION_CONTEXT(2) 
PARAMETRIC_REPRESENTATION_CONTEXT() REPRESENTATION_CONTEXT('2D SPACE',''
  ) );
#8383 = ORIENTED_EDGE('',*,*,#8384,.T.);
#8384 = EDGE_CURVE('',#8362,#3105,#8385,.T.);
#8385 = SURFACE_CURVE('',#8386,(#8390,#8397),.PCURVE_S1.);
#8386 = LINE('',#8387,#8388);
#8387 = CARTESIAN_POINT('',(3.688694267516,-4.458598726115E-02,
    2.761008928571));
#8388 = VECTOR('',#8389,1.);
#8389 = DIRECTION('',(0.,0.,1.));
#8390 = PCURVE('',#3145,#8391);
#8391 = DEFINITIONAL_REPRESENTATION('',(#8392),#8396);
#8392 = LINE('',#8393,#8394);
#8393 = CARTESIAN_POINT('',(0.,0.));
#8394 = VECTOR('',#8395,1.);
#8395 = DIRECTION('',(0.,-1.));
#8396 = ( GEOMETRIC_REPRESENTATION_CONTEXT(2) 
PARAMETRIC_REPRESENTATION_CONTEXT() REPRESENTATION_CONTEXT('2D SPACE',''
  ) );
#8397 = PCURVE('',#3119,#8398);
#8398 = DEFINITIONAL_REPRESENTATION('',(#8399),#8403);
#8399 = LINE('',#8400,#8401);
#8400 = CARTESIAN_POINT('',(0.163057324841,0.));
#8401 = VECTOR('',#8402,1.);
#8402 = DIRECTION('',(0.,-1.));
#8403 = ( GEOMETRIC_REPRESENTATION_CONTEXT(2) 
PARAMETRIC_REPRESENTATION_CONTEXT() REPRESENTATION_CONTEXT('2D SPACE',''
  ) );
#8404 = ORIENTED_EDGE('',*,*,#3130,.F.);
#8405 = ORIENTED_EDGE('',*,*,#8286,.F.);
#8406 = ADVANCED_FACE('',(#8407),#3067,.F.);
#8407 = FACE_BOUND('',#8408,.F.);
#8408 = EDGE_LOOP('',(#8409,#8432,#8433,#8434));
#8409 = ORIENTED_EDGE('',*,*,#8410,.F.);
#8410 = EDGE_CURVE('',#8313,#8411,#8413,.T.);
#8411 = VERTEX_POINT('',#8412);
#8412 = CARTESIAN_POINT('',(3.851751592357,0.651592356688,2.761008928571
    ));
#8413 = SURFACE_CURVE('',#8414,(#8418,#8425),.PCURVE_S1.);
#8414 = LINE('',#8415,#8416);
#8415 = CARTESIAN_POINT('',(3.139012738854,0.787261146497,2.761008928571
    ));
#8416 = VECTOR('',#8417,1.);
#8417 = DIRECTION('',(0.982361610847,-0.186991084102,0.));
#8418 = PCURVE('',#3067,#8419);
#8419 = DEFINITIONAL_REPRESENTATION('',(#8420),#8424);
#8420 = LINE('',#8421,#8422);
#8421 = CARTESIAN_POINT('',(0.,0.));
#8422 = VECTOR('',#8423,1.);
#8423 = DIRECTION('',(1.,0.));
#8424 = ( GEOMETRIC_REPRESENTATION_CONTEXT(2) 
PARAMETRIC_REPRESENTATION_CONTEXT() REPRESENTATION_CONTEXT('2D SPACE',''
  ) );
#8425 = PCURVE('',#7470,#8426);
#8426 = DEFINITIONAL_REPRESENTATION('',(#8427),#8431);
#8427 = LINE('',#8428,#8429);
#8428 = CARTESIAN_POINT('',(-0.430540681635,-2.630033078109E-02));
#8429 = VECTOR('',#8430,1.);
#8430 = DIRECTION('',(0.186991084102,0.982361610847));
#8431 = ( GEOMETRIC_REPRESENTATION_CONTEXT(2) 
PARAMETRIC_REPRESENTATION_CONTEXT() REPRESENTATION_CONTEXT('2D SPACE',''
  ) );
#8432 = ORIENTED_EDGE('',*,*,#8337,.T.);
#8433 = ORIENTED_EDGE('',*,*,#3052,.F.);
#8434 = ORIENTED_EDGE('',*,*,#8435,.F.);
#8435 = EDGE_CURVE('',#8411,#3053,#8436,.T.);
#8436 = SURFACE_CURVE('',#8437,(#8441,#8448),.PCURVE_S1.);
#8437 = LINE('',#8438,#8439);
#8438 = CARTESIAN_POINT('',(3.851751592357,0.651592356688,2.761008928571
    ));
#8439 = VECTOR('',#8440,1.);
#8440 = DIRECTION('',(0.,0.,1.));
#8441 = PCURVE('',#3067,#8442);
#8442 = DEFINITIONAL_REPRESENTATION('',(#8443),#8447);
#8443 = LINE('',#8444,#8445);
#8444 = CARTESIAN_POINT('',(0.725536142326,0.));
#8445 = VECTOR('',#8446,1.);
#8446 = DIRECTION('',(0.,-1.));
#8447 = ( GEOMETRIC_REPRESENTATION_CONTEXT(2) 
PARAMETRIC_REPRESENTATION_CONTEXT() REPRESENTATION_CONTEXT('2D SPACE',''
  ) );
#8448 = PCURVE('',#3093,#8449);
#8449 = DEFINITIONAL_REPRESENTATION('',(#8450),#8454);
#8450 = LINE('',#8451,#8452);
#8451 = CARTESIAN_POINT('',(0.,0.));
#8452 = VECTOR('',#8453,1.);
#8453 = DIRECTION('',(0.,-1.));
#8454 = ( GEOMETRIC_REPRESENTATION_CONTEXT(2) 
PARAMETRIC_REPRESENTATION_CONTEXT() REPRESENTATION_CONTEXT('2D SPACE',''
  ) );
#8455 = ADVANCED_FACE('',(#8456),#3119,.F.);
#8456 = FACE_BOUND('',#8457,.F.);
#8457 = EDGE_LOOP('',(#8458,#8481,#8502,#8503));
#8458 = ORIENTED_EDGE('',*,*,#8459,.F.);
#8459 = EDGE_CURVE('',#8460,#8362,#8462,.T.);
#8460 = VERTEX_POINT('',#8461);
#8461 = CARTESIAN_POINT('',(3.851751592357,-4.458598726115E-02,
    2.761008928571));
#8462 = SURFACE_CURVE('',#8463,(#8467,#8474),.PCURVE_S1.);
#8463 = LINE('',#8464,#8465);
#8464 = CARTESIAN_POINT('',(3.851751592357,-4.458598726115E-02,
    2.761008928571));
#8465 = VECTOR('',#8466,1.);
#8466 = DIRECTION('',(-1.,-2.22044604925E-16,0.));
#8467 = PCURVE('',#3119,#8468);
#8468 = DEFINITIONAL_REPRESENTATION('',(#8469),#8473);
#8469 = LINE('',#8470,#8471);
#8470 = CARTESIAN_POINT('',(0.,0.));
#8471 = VECTOR('',#8472,1.);
#8472 = DIRECTION('',(1.,0.));
#8473 = ( GEOMETRIC_REPRESENTATION_CONTEXT(2) 
PARAMETRIC_REPRESENTATION_CONTEXT() REPRESENTATION_CONTEXT('2D SPACE',''
  ) );
#8474 = PCURVE('',#7470,#8475);
#8475 = DEFINITIONAL_REPRESENTATION('',(#8476),#8480);
#8476 = LINE('',#8477,#8478);
#8477 = CARTESIAN_POINT('',(0.401306452123,0.686438522722));
#8478 = VECTOR('',#8479,1.);
#8479 = DIRECTION('',(0.,-1.));
#8480 = ( GEOMETRIC_REPRESENTATION_CONTEXT(2) 
PARAMETRIC_REPRESENTATION_CONTEXT() REPRESENTATION_CONTEXT('2D SPACE',''
  ) );
#8481 = ORIENTED_EDGE('',*,*,#8482,.T.);
#8482 = EDGE_CURVE('',#8460,#3079,#8483,.T.);
#8483 = SURFACE_CURVE('',#8484,(#8488,#8495),.PCURVE_S1.);
#8484 = LINE('',#8485,#8486);
#8485 = CARTESIAN_POINT('',(3.851751592357,-4.458598726115E-02,
    2.761008928571));
#8486 = VECTOR('',#8487,1.);
#8487 = DIRECTION('',(0.,0.,1.));
#8488 = PCURVE('',#3119,#8489);
#8489 = DEFINITIONAL_REPRESENTATION('',(#8490),#8494);
#8490 = LINE('',#8491,#8492);
#8491 = CARTESIAN_POINT('',(0.,0.));
#8492 = VECTOR('',#8493,1.);
#8493 = DIRECTION('',(0.,-1.));
#8494 = ( GEOMETRIC_REPRESENTATION_CONTEXT(2) 
PARAMETRIC_REPRESENTATION_CONTEXT() REPRESENTATION_CONTEXT('2D SPACE',''
  ) );
#8495 = PCURVE('',#3093,#8496);
#8496 = DEFINITIONAL_REPRESENTATION('',(#8497),#8501);
#8497 = LINE('',#8498,#8499);
#8498 = CARTESIAN_POINT('',(0.696178343949,0.));
#8499 = VECTOR('',#8500,1.);
#8500 = DIRECTION('',(0.,-1.));
#8501 = ( GEOMETRIC_REPRESENTATION_CONTEXT(2) 
PARAMETRIC_REPRESENTATION_CONTEXT() REPRESENTATION_CONTEXT('2D SPACE',''
  ) );
#8502 = ORIENTED_EDGE('',*,*,#3104,.F.);
#8503 = ORIENTED_EDGE('',*,*,#8384,.F.);
#8504 = ADVANCED_FACE('',(#8505),#3093,.F.);
#8505 = FACE_BOUND('',#8506,.F.);
#8506 = EDGE_LOOP('',(#8507,#8528,#8529,#8530));
#8507 = ORIENTED_EDGE('',*,*,#8508,.F.);
#8508 = EDGE_CURVE('',#8411,#8460,#8509,.T.);
#8509 = SURFACE_CURVE('',#8510,(#8514,#8521),.PCURVE_S1.);
#8510 = LINE('',#8511,#8512);
#8511 = CARTESIAN_POINT('',(3.851751592357,0.651592356688,2.761008928571
    ));
#8512 = VECTOR('',#8513,1.);
#8513 = DIRECTION('',(2.22044604925E-16,-1.,0.));
#8514 = PCURVE('',#3093,#8515);
#8515 = DEFINITIONAL_REPRESENTATION('',(#8516),#8520);
#8516 = LINE('',#8517,#8518);
#8517 = CARTESIAN_POINT('',(0.,0.));
#8518 = VECTOR('',#8519,1.);
#8519 = DIRECTION('',(1.,0.));
#8520 = ( GEOMETRIC_REPRESENTATION_CONTEXT(2) 
PARAMETRIC_REPRESENTATION_CONTEXT() REPRESENTATION_CONTEXT('2D SPACE',''
  ) );
#8521 = PCURVE('',#7470,#8522);
#8522 = DEFINITIONAL_REPRESENTATION('',(#8523),#8527);
#8523 = LINE('',#8524,#8525);
#8524 = CARTESIAN_POINT('',(-0.294871891827,0.686438522722));
#8525 = VECTOR('',#8526,1.);
#8526 = DIRECTION('',(1.,0.));
#8527 = ( GEOMETRIC_REPRESENTATION_CONTEXT(2) 
PARAMETRIC_REPRESENTATION_CONTEXT() REPRESENTATION_CONTEXT('2D SPACE',''
  ) );
#8528 = ORIENTED_EDGE('',*,*,#8435,.T.);
#8529 = ORIENTED_EDGE('',*,*,#3078,.F.);
#8530 = ORIENTED_EDGE('',*,*,#8482,.F.);
#8531 = ADVANCED_FACE('',(#8532),#3556,.F.);
#8532 = FACE_BOUND('',#8533,.T.);
#8533 = EDGE_LOOP('',(#8534,#8558,#8579,#8580));
#8534 = ORIENTED_EDGE('',*,*,#8535,.T.);
#8535 = EDGE_CURVE('',#8536,#8536,#8538,.T.);
#8536 = VERTEX_POINT('',#8537);
#8537 = CARTESIAN_POINT('',(10.15,0.,1.440504464286));
#8538 = SURFACE_CURVE('',#8539,(#8544,#8551),.PCURVE_S1.);
#8539 = CIRCLE('',#8540,2.65);
#8540 = AXIS2_PLACEMENT_3D('',#8541,#8542,#8543);
#8541 = CARTESIAN_POINT('',(7.5,0.,1.440504464286));
#8542 = DIRECTION('',(0.,0.,-1.));
#8543 = DIRECTION('',(1.,0.,0.));
#8544 = PCURVE('',#3556,#8545);
#8545 = DEFINITIONAL_REPRESENTATION('',(#8546),#8550);
#8546 = LINE('',#8547,#8548);
#8547 = CARTESIAN_POINT('',(-6.28318530718,-1.440504464286));
#8548 = VECTOR('',#8549,1.);
#8549 = DIRECTION('',(1.,-0.));
#8550 = ( GEOMETRIC_REPRESENTATION_CONTEXT(2) 
PARAMETRIC_REPRESENTATION_CONTEXT() REPRESENTATION_CONTEXT('2D SPACE',''
  ) );
#8551 = PCURVE('',#6044,#8552);
#8552 = DEFINITIONAL_REPRESENTATION('',(#8553),#8557);
#8553 = CIRCLE('',#8554,2.65);
#8554 = AXIS2_PLACEMENT_2D('',#8555,#8556);
#8555 = CARTESIAN_POINT('',(5.5,-7.5));
#8556 = DIRECTION('',(0.,-1.));
#8557 = ( GEOMETRIC_REPRESENTATION_CONTEXT(2) 
PARAMETRIC_REPRESENTATION_CONTEXT() REPRESENTATION_CONTEXT('2D SPACE',''
  ) );
#8558 = ORIENTED_EDGE('',*,*,#8559,.T.);
#8559 = EDGE_CURVE('',#8536,#3540,#8560,.T.);
#8560 = SEAM_CURVE('',#8561,(#8565,#8572),.PCURVE_S1.);
#8561 = LINE('',#8562,#8563);
#8562 = CARTESIAN_POINT('',(10.15,0.,0.));
#8563 = VECTOR('',#8564,1.);
#8564 = DIRECTION('',(0.,0.,1.));
#8565 = PCURVE('',#3556,#8566);
#8566 = DEFINITIONAL_REPRESENTATION('',(#8567),#8571);
#8567 = LINE('',#8568,#8569);
#8568 = CARTESIAN_POINT('',(-6.28318530718,0.));
#8569 = VECTOR('',#8570,1.);
#8570 = DIRECTION('',(-0.,-1.));
#8571 = ( GEOMETRIC_REPRESENTATION_CONTEXT(2) 
PARAMETRIC_REPRESENTATION_CONTEXT() REPRESENTATION_CONTEXT('2D SPACE',''
  ) );
#8572 = PCURVE('',#3556,#8573);
#8573 = DEFINITIONAL_REPRESENTATION('',(#8574),#8578);
#8574 = LINE('',#8575,#8576);
#8575 = CARTESIAN_POINT('',(-0.,0.));
#8576 = VECTOR('',#8577,1.);
#8577 = DIRECTION('',(-0.,-1.));
#8578 = ( GEOMETRIC_REPRESENTATION_CONTEXT(2) 
PARAMETRIC_REPRESENTATION_CONTEXT() REPRESENTATION_CONTEXT('2D SPACE',''
  ) );
#8579 = ORIENTED_EDGE('',*,*,#3539,.T.);
#8580 = ORIENTED_EDGE('',*,*,#8559,.F.);
#8581 = ADVANCED_FACE('',(#8582),#3587,.F.);
#8582 = FACE_BOUND('',#8583,.F.);
#8583 = EDGE_LOOP('',(#8584,#8614,#8635,#8636));
#8584 = ORIENTED_EDGE('',*,*,#8585,.F.);
#8585 = EDGE_CURVE('',#8586,#8588,#8590,.T.);
#8586 = VERTEX_POINT('',#8587);
#8587 = CARTESIAN_POINT('',(2.588057324841,1.014649681529,2.761008928571
    ));
#8588 = VERTEX_POINT('',#8589);
#8589 = CARTESIAN_POINT('',(2.425,1.014649681529,2.761008928571));
#8590 = SURFACE_CURVE('',#8591,(#8595,#8602),.PCURVE_S1.);
#8591 = LINE('',#8592,#8593);
#8592 = CARTESIAN_POINT('',(2.588057324841,1.014649681529,2.761008928571
    ));
#8593 = VECTOR('',#8594,1.);
#8594 = DIRECTION('',(-1.,-2.22044604925E-16,0.));
#8595 = PCURVE('',#3587,#8596);
#8596 = DEFINITIONAL_REPRESENTATION('',(#8597),#8601);
#8597 = LINE('',#8598,#8599);
#8598 = CARTESIAN_POINT('',(0.,0.));
#8599 = VECTOR('',#8600,1.);
#8600 = DIRECTION('',(1.,0.));
#8601 = ( GEOMETRIC_REPRESENTATION_CONTEXT(2) 
PARAMETRIC_REPRESENTATION_CONTEXT() REPRESENTATION_CONTEXT('2D SPACE',''
  ) );
#8602 = PCURVE('',#8603,#8608);
#8603 = PLANE('',#8604);
#8604 = AXIS2_PLACEMENT_3D('',#8605,#8606,#8607);
#8605 = CARTESIAN_POINT('',(3.088262993474,1.452377443521,2.761008928571
    ));
#8606 = DIRECTION('',(0.,0.,1.));
#8607 = DIRECTION('',(2.22044604925E-16,-1.,0.));
#8608 = DEFINITIONAL_REPRESENTATION('',(#8609),#8613);
#8609 = LINE('',#8610,#8611);
#8610 = CARTESIAN_POINT('',(0.437727761992,-0.500205668633));
#8611 = VECTOR('',#8612,1.);
#8612 = DIRECTION('',(0.,-1.));
#8613 = ( GEOMETRIC_REPRESENTATION_CONTEXT(2) 
PARAMETRIC_REPRESENTATION_CONTEXT() REPRESENTATION_CONTEXT('2D SPACE',''
  ) );
#8614 = ORIENTED_EDGE('',*,*,#8615,.T.);
#8615 = EDGE_CURVE('',#8586,#3573,#8616,.T.);
#8616 = SURFACE_CURVE('',#8617,(#8621,#8628),.PCURVE_S1.);
#8617 = LINE('',#8618,#8619);
#8618 = CARTESIAN_POINT('',(2.588057324841,1.014649681529,2.761008928571
    ));
#8619 = VECTOR('',#8620,1.);
#8620 = DIRECTION('',(0.,0.,1.));
#8621 = PCURVE('',#3587,#8622);
#8622 = DEFINITIONAL_REPRESENTATION('',(#8623),#8627);
#8623 = LINE('',#8624,#8625);
#8624 = CARTESIAN_POINT('',(0.,0.));
#8625 = VECTOR('',#8626,1.);
#8626 = DIRECTION('',(0.,-1.));
#8627 = ( GEOMETRIC_REPRESENTATION_CONTEXT(2) 
PARAMETRIC_REPRESENTATION_CONTEXT() REPRESENTATION_CONTEXT('2D SPACE',''
  ) );
#8628 = PCURVE('',#4443,#8629);
#8629 = DEFINITIONAL_REPRESENTATION('',(#8630),#8634);
#8630 = LINE('',#8631,#8632);
#8631 = CARTESIAN_POINT('',(0.687261146497,0.));
#8632 = VECTOR('',#8633,1.);
#8633 = DIRECTION('',(0.,-1.));
#8634 = ( GEOMETRIC_REPRESENTATION_CONTEXT(2) 
PARAMETRIC_REPRESENTATION_CONTEXT() REPRESENTATION_CONTEXT('2D SPACE',''
  ) );
#8635 = ORIENTED_EDGE('',*,*,#3570,.F.);
#8636 = ORIENTED_EDGE('',*,*,#8637,.F.);
#8637 = EDGE_CURVE('',#8588,#3571,#8638,.T.);
#8638 = SURFACE_CURVE('',#8639,(#8643,#8650),.PCURVE_S1.);
#8639 = LINE('',#8640,#8641);
#8640 = CARTESIAN_POINT('',(2.425,1.014649681529,2.761008928571));
#8641 = VECTOR('',#8642,1.);
#8642 = DIRECTION('',(0.,0.,1.));
#8643 = PCURVE('',#3587,#8644);
#8644 = DEFINITIONAL_REPRESENTATION('',(#8645),#8649);
#8645 = LINE('',#8646,#8647);
#8646 = CARTESIAN_POINT('',(0.163057324841,-0.));
#8647 = VECTOR('',#8648,1.);
#8648 = DIRECTION('',(0.,-1.));
#8649 = ( GEOMETRIC_REPRESENTATION_CONTEXT(2) 
PARAMETRIC_REPRESENTATION_CONTEXT() REPRESENTATION_CONTEXT('2D SPACE',''
  ) );
#8650 = PCURVE('',#3613,#8651);
#8651 = DEFINITIONAL_REPRESENTATION('',(#8652),#8656);
#8652 = LINE('',#8653,#8654);
#8653 = CARTESIAN_POINT('',(0.,0.));
#8654 = VECTOR('',#8655,1.);
#8655 = DIRECTION('',(0.,-1.));
#8656 = ( GEOMETRIC_REPRESENTATION_CONTEXT(2) 
PARAMETRIC_REPRESENTATION_CONTEXT() REPRESENTATION_CONTEXT('2D SPACE',''
  ) );
#8657 = ADVANCED_FACE('',(#8658),#3613,.F.);
#8658 = FACE_BOUND('',#8659,.F.);
#8659 = EDGE_LOOP('',(#8660,#8683,#8684,#8685));
#8660 = ORIENTED_EDGE('',*,*,#8661,.F.);
#8661 = EDGE_CURVE('',#8588,#8662,#8664,.T.);
#8662 = VERTEX_POINT('',#8663);
#8663 = CARTESIAN_POINT('',(2.425,1.94076433121,2.761008928571));
#8664 = SURFACE_CURVE('',#8665,(#8669,#8676),.PCURVE_S1.);
#8665 = LINE('',#8666,#8667);
#8666 = CARTESIAN_POINT('',(2.425,1.014649681529,2.761008928571));
#8667 = VECTOR('',#8668,1.);
#8668 = DIRECTION('',(-2.22044604925E-16,1.,0.));
#8669 = PCURVE('',#3613,#8670);
#8670 = DEFINITIONAL_REPRESENTATION('',(#8671),#8675);
#8671 = LINE('',#8672,#8673);
#8672 = CARTESIAN_POINT('',(0.,0.));
#8673 = VECTOR('',#8674,1.);
#8674 = DIRECTION('',(1.,0.));
#8675 = ( GEOMETRIC_REPRESENTATION_CONTEXT(2) 
PARAMETRIC_REPRESENTATION_CONTEXT() REPRESENTATION_CONTEXT('2D SPACE',''
  ) );
#8676 = PCURVE('',#8603,#8677);
#8677 = DEFINITIONAL_REPRESENTATION('',(#8678),#8682);
#8678 = LINE('',#8679,#8680);
#8679 = CARTESIAN_POINT('',(0.437727761992,-0.663262993474));
#8680 = VECTOR('',#8681,1.);
#8681 = DIRECTION('',(-1.,0.));
#8682 = ( GEOMETRIC_REPRESENTATION_CONTEXT(2) 
PARAMETRIC_REPRESENTATION_CONTEXT() REPRESENTATION_CONTEXT('2D SPACE',''
  ) );
#8683 = ORIENTED_EDGE('',*,*,#8637,.T.);
#8684 = ORIENTED_EDGE('',*,*,#3598,.F.);
#8685 = ORIENTED_EDGE('',*,*,#8686,.F.);
#8686 = EDGE_CURVE('',#8662,#3599,#8687,.T.);
#8687 = SURFACE_CURVE('',#8688,(#8692,#8699),.PCURVE_S1.);
#8688 = LINE('',#8689,#8690);
#8689 = CARTESIAN_POINT('',(2.425,1.94076433121,2.761008928571));
#8690 = VECTOR('',#8691,1.);
#8691 = DIRECTION('',(0.,0.,1.));
#8692 = PCURVE('',#3613,#8693);
#8693 = DEFINITIONAL_REPRESENTATION('',(#8694),#8698);
#8694 = LINE('',#8695,#8696);
#8695 = CARTESIAN_POINT('',(0.926114649682,0.));
#8696 = VECTOR('',#8697,1.);
#8697 = DIRECTION('',(0.,-1.));
#8698 = ( GEOMETRIC_REPRESENTATION_CONTEXT(2) 
PARAMETRIC_REPRESENTATION_CONTEXT() REPRESENTATION_CONTEXT('2D SPACE',''
  ) );
#8699 = PCURVE('',#3650,#8700);
#8700 = DEFINITIONAL_REPRESENTATION('',(#8701),#8705);
#8701 = LINE('',#8702,#8703);
#8702 = CARTESIAN_POINT('',(0.,0.));
#8703 = VECTOR('',#8704,1.);
#8704 = DIRECTION('',(0.,-1.));
#8705 = ( GEOMETRIC_REPRESENTATION_CONTEXT(2) 
PARAMETRIC_REPRESENTATION_CONTEXT() REPRESENTATION_CONTEXT('2D SPACE',''
  ) );
#8706 = ADVANCED_FACE('',(#8707),#4443,.F.);
#8707 = FACE_BOUND('',#8708,.F.);
#8708 = EDGE_LOOP('',(#8709,#8732,#8753,#8754));
#8709 = ORIENTED_EDGE('',*,*,#8710,.F.);
#8710 = EDGE_CURVE('',#8711,#8586,#8713,.T.);
#8711 = VERTEX_POINT('',#8712);
#8712 = CARTESIAN_POINT('',(2.588057324841,1.701910828025,2.761008928571
    ));
#8713 = SURFACE_CURVE('',#8714,(#8718,#8725),.PCURVE_S1.);
#8714 = LINE('',#8715,#8716);
#8715 = CARTESIAN_POINT('',(2.588057324841,1.701910828025,2.761008928571
    ));
#8716 = VECTOR('',#8717,1.);
#8717 = DIRECTION('',(2.22044604925E-16,-1.,0.));
#8718 = PCURVE('',#4443,#8719);
#8719 = DEFINITIONAL_REPRESENTATION('',(#8720),#8724);
#8720 = LINE('',#8721,#8722);
#8721 = CARTESIAN_POINT('',(0.,0.));
#8722 = VECTOR('',#8723,1.);
#8723 = DIRECTION('',(1.,0.));
#8724 = ( GEOMETRIC_REPRESENTATION_CONTEXT(2) 
PARAMETRIC_REPRESENTATION_CONTEXT() REPRESENTATION_CONTEXT('2D SPACE',''
  ) );
#8725 = PCURVE('',#8603,#8726);
#8726 = DEFINITIONAL_REPRESENTATION('',(#8727),#8731);
#8727 = LINE('',#8728,#8729);
#8728 = CARTESIAN_POINT('',(-0.249533384505,-0.500205668633));
#8729 = VECTOR('',#8730,1.);
#8730 = DIRECTION('',(1.,0.));
#8731 = ( GEOMETRIC_REPRESENTATION_CONTEXT(2) 
PARAMETRIC_REPRESENTATION_CONTEXT() REPRESENTATION_CONTEXT('2D SPACE',''
  ) );
#8732 = ORIENTED_EDGE('',*,*,#8733,.T.);
#8733 = EDGE_CURVE('',#8711,#4395,#8734,.T.);
#8734 = SURFACE_CURVE('',#8735,(#8739,#8746),.PCURVE_S1.);
#8735 = LINE('',#8736,#8737);
#8736 = CARTESIAN_POINT('',(2.588057324841,1.701910828025,2.761008928571
    ));
#8737 = VECTOR('',#8738,1.);
#8738 = DIRECTION('',(0.,0.,1.));
#8739 = PCURVE('',#4443,#8740);
#8740 = DEFINITIONAL_REPRESENTATION('',(#8741),#8745);
#8741 = LINE('',#8742,#8743);
#8742 = CARTESIAN_POINT('',(0.,0.));
#8743 = VECTOR('',#8744,1.);
#8744 = DIRECTION('',(0.,-1.));
#8745 = ( GEOMETRIC_REPRESENTATION_CONTEXT(2) 
PARAMETRIC_REPRESENTATION_CONTEXT() REPRESENTATION_CONTEXT('2D SPACE',''
  ) );
#8746 = PCURVE('',#4414,#8747);
#8747 = DEFINITIONAL_REPRESENTATION('',(#8748),#8752);
#8748 = LINE('',#8749,#8750);
#8749 = CARTESIAN_POINT('',(1.,0.));
#8750 = VECTOR('',#8751,1.);
#8751 = DIRECTION('',(0.,-1.));
#8752 = ( GEOMETRIC_REPRESENTATION_CONTEXT(2) 
PARAMETRIC_REPRESENTATION_CONTEXT() REPRESENTATION_CONTEXT('2D SPACE',''
  ) );
#8753 = ORIENTED_EDGE('',*,*,#4430,.F.);
#8754 = ORIENTED_EDGE('',*,*,#8615,.F.);
#8755 = ADVANCED_FACE('',(#8756),#3650,.F.);
#8756 = FACE_BOUND('',#8757,.F.);
#8757 = EDGE_LOOP('',(#8758,#8781,#8782,#8783));
#8758 = ORIENTED_EDGE('',*,*,#8759,.F.);
#8759 = EDGE_CURVE('',#8662,#8760,#8762,.T.);
#8760 = VERTEX_POINT('',#8761);
#8761 = CARTESIAN_POINT('',(2.545382165605,1.920382165605,2.761008928571
    ));
#8762 = SURFACE_CURVE('',#8763,(#8767,#8774),.PCURVE_S1.);
#8763 = B_SPLINE_CURVE_WITH_KNOTS('',2,(#8764,#8765,#8766),
  .UNSPECIFIED.,.F.,.F.,(3,3),(0.,1.),.PIECEWISE_BEZIER_KNOTS.);
#8764 = CARTESIAN_POINT('',(2.425,1.94076433121,2.761008928571));
#8765 = CARTESIAN_POINT('',(2.487420382166,1.942675159236,2.761008928571
    ));
#8766 = CARTESIAN_POINT('',(2.545382165605,1.920382165605,2.761008928571
    ));
#8767 = PCURVE('',#3650,#8768);
#8768 = DEFINITIONAL_REPRESENTATION('',(#8769),#8773);
#8769 = LINE('',#8770,#8771);
#8770 = CARTESIAN_POINT('',(0.,0.));
#8771 = VECTOR('',#8772,1.);
#8772 = DIRECTION('',(1.,0.));
#8773 = ( GEOMETRIC_REPRESENTATION_CONTEXT(2) 
PARAMETRIC_REPRESENTATION_CONTEXT() REPRESENTATION_CONTEXT('2D SPACE',''
  ) );
#8774 = PCURVE('',#8603,#8775);
#8775 = DEFINITIONAL_REPRESENTATION('',(#8776),#8780);
#8776 = B_SPLINE_CURVE_WITH_KNOTS('',2,(#8777,#8778,#8779),
  .UNSPECIFIED.,.F.,.F.,(3,3),(0.,1.),.PIECEWISE_BEZIER_KNOTS.);
#8777 = CARTESIAN_POINT('',(-0.48838688769,-0.663262993474));
#8778 = CARTESIAN_POINT('',(-0.490297715715,-0.600842611308));
#8779 = CARTESIAN_POINT('',(-0.468004722085,-0.542880827869));
#8780 = ( GEOMETRIC_REPRESENTATION_CONTEXT(2) 
PARAMETRIC_REPRESENTATION_CONTEXT() REPRESENTATION_CONTEXT('2D SPACE',''
  ) );
#8781 = ORIENTED_EDGE('',*,*,#8686,.T.);
#8782 = ORIENTED_EDGE('',*,*,#3624,.F.);
#8783 = ORIENTED_EDGE('',*,*,#8784,.F.);
#8784 = EDGE_CURVE('',#8760,#3625,#8785,.T.);
#8785 = SURFACE_CURVE('',#8786,(#8790,#8797),.PCURVE_S1.);
#8786 = LINE('',#8787,#8788);
#8787 = CARTESIAN_POINT('',(2.545382165605,1.920382165605,2.761008928571
    ));
#8788 = VECTOR('',#8789,1.);
#8789 = DIRECTION('',(0.,0.,1.));
#8790 = PCURVE('',#3650,#8791);
#8791 = DEFINITIONAL_REPRESENTATION('',(#8792),#8796);
#8792 = LINE('',#8793,#8794);
#8793 = CARTESIAN_POINT('',(1.,0.));
#8794 = VECTOR('',#8795,1.);
#8795 = DIRECTION('',(0.,-1.));
#8796 = ( GEOMETRIC_REPRESENTATION_CONTEXT(2) 
PARAMETRIC_REPRESENTATION_CONTEXT() REPRESENTATION_CONTEXT('2D SPACE',''
  ) );
#8797 = PCURVE('',#3689,#8798);
#8798 = DEFINITIONAL_REPRESENTATION('',(#8799),#8803);
#8799 = LINE('',#8800,#8801);
#8800 = CARTESIAN_POINT('',(0.,0.));
#8801 = VECTOR('',#8802,1.);
#8802 = DIRECTION('',(0.,-1.));
#8803 = ( GEOMETRIC_REPRESENTATION_CONTEXT(2) 
PARAMETRIC_REPRESENTATION_CONTEXT() REPRESENTATION_CONTEXT('2D SPACE',''
  ) );
#8804 = ADVANCED_FACE('',(#8805),#4414,.F.);
#8805 = FACE_BOUND('',#8806,.F.);
#8806 = EDGE_LOOP('',(#8807,#8830,#8851,#8852));
#8807 = ORIENTED_EDGE('',*,*,#8808,.F.);
#8808 = EDGE_CURVE('',#8809,#8711,#8811,.T.);
#8809 = VERTEX_POINT('',#8810);
#8810 = CARTESIAN_POINT('',(2.683598726115,1.629299363057,2.761008928571
    ));
#8811 = SURFACE_CURVE('',#8812,(#8816,#8823),.PCURVE_S1.);
#8812 = B_SPLINE_CURVE_WITH_KNOTS('',2,(#8813,#8814,#8815),
  .UNSPECIFIED.,.F.,.F.,(3,3),(0.,1.),.PIECEWISE_BEZIER_KNOTS.);
#8813 = CARTESIAN_POINT('',(2.683598726115,1.629299363057,2.761008928571
    ));
#8814 = CARTESIAN_POINT('',(2.636464968153,1.673248407643,2.761008928571
    ));
#8815 = CARTESIAN_POINT('',(2.588057324841,1.701910828025,2.761008928571
    ));
#8816 = PCURVE('',#4414,#8817);
#8817 = DEFINITIONAL_REPRESENTATION('',(#8818),#8822);
#8818 = LINE('',#8819,#8820);
#8819 = CARTESIAN_POINT('',(0.,0.));
#8820 = VECTOR('',#8821,1.);
#8821 = DIRECTION('',(1.,0.));
#8822 = ( GEOMETRIC_REPRESENTATION_CONTEXT(2) 
PARAMETRIC_REPRESENTATION_CONTEXT() REPRESENTATION_CONTEXT('2D SPACE',''
  ) );
#8823 = PCURVE('',#8603,#8824);
#8824 = DEFINITIONAL_REPRESENTATION('',(#8825),#8829);
#8825 = B_SPLINE_CURVE_WITH_KNOTS('',2,(#8826,#8827,#8828),
  .UNSPECIFIED.,.F.,.F.,(3,3),(0.,1.),.PIECEWISE_BEZIER_KNOTS.);
#8826 = CARTESIAN_POINT('',(-0.176921919537,-0.404664267359));
#8827 = CARTESIAN_POINT('',(-0.220870964123,-0.451798025321));
#8828 = CARTESIAN_POINT('',(-0.249533384505,-0.500205668633));
#8829 = ( GEOMETRIC_REPRESENTATION_CONTEXT(2) 
PARAMETRIC_REPRESENTATION_CONTEXT() REPRESENTATION_CONTEXT('2D SPACE',''
  ) );
#8830 = ORIENTED_EDGE('',*,*,#8831,.T.);
#8831 = EDGE_CURVE('',#8809,#4353,#8832,.T.);
#8832 = SURFACE_CURVE('',#8833,(#8837,#8844),.PCURVE_S1.);
#8833 = LINE('',#8834,#8835);
#8834 = CARTESIAN_POINT('',(2.683598726115,1.629299363057,2.761008928571
    ));
#8835 = VECTOR('',#8836,1.);
#8836 = DIRECTION('',(0.,0.,1.));
#8837 = PCURVE('',#4414,#8838);
#8838 = DEFINITIONAL_REPRESENTATION('',(#8839),#8843);
#8839 = LINE('',#8840,#8841);
#8840 = CARTESIAN_POINT('',(0.,0.));
#8841 = VECTOR('',#8842,1.);
#8842 = DIRECTION('',(0.,-1.));
#8843 = ( GEOMETRIC_REPRESENTATION_CONTEXT(2) 
PARAMETRIC_REPRESENTATION_CONTEXT() REPRESENTATION_CONTEXT('2D SPACE',''
  ) );
#8844 = PCURVE('',#4376,#8845);
#8845 = DEFINITIONAL_REPRESENTATION('',(#8846),#8850);
#8846 = LINE('',#8847,#8848);
#8847 = CARTESIAN_POINT('',(1.,0.));
#8848 = VECTOR('',#8849,1.);
#8849 = DIRECTION('',(0.,-1.));
#8850 = ( GEOMETRIC_REPRESENTATION_CONTEXT(2) 
PARAMETRIC_REPRESENTATION_CONTEXT() REPRESENTATION_CONTEXT('2D SPACE',''
  ) );
#8851 = ORIENTED_EDGE('',*,*,#4394,.F.);
#8852 = ORIENTED_EDGE('',*,*,#8733,.F.);
#8853 = ADVANCED_FACE('',(#8854),#3689,.F.);
#8854 = FACE_BOUND('',#8855,.F.);
#8855 = EDGE_LOOP('',(#8856,#8879,#8880,#8881));
#8856 = ORIENTED_EDGE('',*,*,#8857,.F.);
#8857 = EDGE_CURVE('',#8760,#8858,#8860,.T.);
#8858 = VERTEX_POINT('',#8859);
#8859 = CARTESIAN_POINT('',(2.733280254777,1.807643312102,2.761008928571
    ));
#8860 = SURFACE_CURVE('',#8861,(#8865,#8872),.PCURVE_S1.);
#8861 = B_SPLINE_CURVE_WITH_KNOTS('',2,(#8862,#8863,#8864),
  .UNSPECIFIED.,.F.,.F.,(3,3),(0.,1.),.PIECEWISE_BEZIER_KNOTS.);
#8862 = CARTESIAN_POINT('',(2.545382165605,1.920382165605,2.761008928571
    ));
#8863 = CARTESIAN_POINT('',(2.640923566879,1.885350318471,2.761008928571
    ));
#8864 = CARTESIAN_POINT('',(2.733280254777,1.807643312102,2.761008928571
    ));
#8865 = PCURVE('',#3689,#8866);
#8866 = DEFINITIONAL_REPRESENTATION('',(#8867),#8871);
#8867 = LINE('',#8868,#8869);
#8868 = CARTESIAN_POINT('',(0.,0.));
#8869 = VECTOR('',#8870,1.);
#8870 = DIRECTION('',(1.,0.));
#8871 = ( GEOMETRIC_REPRESENTATION_CONTEXT(2) 
PARAMETRIC_REPRESENTATION_CONTEXT() REPRESENTATION_CONTEXT('2D SPACE',''
  ) );
#8872 = PCURVE('',#8603,#8873);
#8873 = DEFINITIONAL_REPRESENTATION('',(#8874),#8878);
#8874 = B_SPLINE_CURVE_WITH_KNOTS('',2,(#8875,#8876,#8877),
  .UNSPECIFIED.,.F.,.F.,(3,3),(0.,1.),.PIECEWISE_BEZIER_KNOTS.);
#8875 = CARTESIAN_POINT('',(-0.468004722085,-0.542880827869));
#8876 = CARTESIAN_POINT('',(-0.432972874951,-0.447339426595));
#8877 = CARTESIAN_POINT('',(-0.355265868581,-0.354982738697));
#8878 = ( GEOMETRIC_REPRESENTATION_CONTEXT(2) 
PARAMETRIC_REPRESENTATION_CONTEXT() REPRESENTATION_CONTEXT('2D SPACE',''
  ) );
#8879 = ORIENTED_EDGE('',*,*,#8784,.T.);
#8880 = ORIENTED_EDGE('',*,*,#3669,.F.);
#8881 = ORIENTED_EDGE('',*,*,#8882,.F.);
#8882 = EDGE_CURVE('',#8858,#3670,#8883,.T.);
#8883 = SURFACE_CURVE('',#8884,(#8888,#8895),.PCURVE_S1.);
#8884 = LINE('',#8885,#8886);
#8885 = CARTESIAN_POINT('',(2.733280254777,1.807643312102,2.761008928571
    ));
#8886 = VECTOR('',#8887,1.);
#8887 = DIRECTION('',(0.,0.,1.));
#8888 = PCURVE('',#3689,#8889);
#8889 = DEFINITIONAL_REPRESENTATION('',(#8890),#8894);
#8890 = LINE('',#8891,#8892);
#8891 = CARTESIAN_POINT('',(1.,0.));
#8892 = VECTOR('',#8893,1.);
#8893 = DIRECTION('',(0.,-1.));
#8894 = ( GEOMETRIC_REPRESENTATION_CONTEXT(2) 
PARAMETRIC_REPRESENTATION_CONTEXT() REPRESENTATION_CONTEXT('2D SPACE',''
  ) );
#8895 = PCURVE('',#3727,#8896);
#8896 = DEFINITIONAL_REPRESENTATION('',(#8897),#8901);
#8897 = LINE('',#8898,#8899);
#8898 = CARTESIAN_POINT('',(0.,0.));
#8899 = VECTOR('',#8900,1.);
#8900 = DIRECTION('',(0.,-1.));
#8901 = ( GEOMETRIC_REPRESENTATION_CONTEXT(2) 
PARAMETRIC_REPRESENTATION_CONTEXT() REPRESENTATION_CONTEXT('2D SPACE',''
  ) );
#8902 = ADVANCED_FACE('',(#8903),#4376,.F.);
#8903 = FACE_BOUND('',#8904,.F.);
#8904 = EDGE_LOOP('',(#8905,#8928,#8949,#8950));
#8905 = ORIENTED_EDGE('',*,*,#8906,.F.);
#8906 = EDGE_CURVE('',#8907,#8809,#8909,.T.);
#8907 = VERTEX_POINT('',#8908);
#8908 = CARTESIAN_POINT('',(2.865127388535,1.430573248408,2.761008928571
    ));
#8909 = SURFACE_CURVE('',#8910,(#8914,#8921),.PCURVE_S1.);
#8910 = B_SPLINE_CURVE_WITH_KNOTS('',2,(#8911,#8912,#8913),
  .UNSPECIFIED.,.F.,.F.,(3,3),(0.,1.),.PIECEWISE_BEZIER_KNOTS.);
#8911 = CARTESIAN_POINT('',(2.865127388535,1.430573248408,2.761008928571
    ));
#8912 = CARTESIAN_POINT('',(2.731369426752,1.585350318471,2.761008928571
    ));
#8913 = CARTESIAN_POINT('',(2.683598726115,1.629299363057,2.761008928571
    ));
#8914 = PCURVE('',#4376,#8915);
#8915 = DEFINITIONAL_REPRESENTATION('',(#8916),#8920);
#8916 = LINE('',#8917,#8918);
#8917 = CARTESIAN_POINT('',(0.,0.));
#8918 = VECTOR('',#8919,1.);
#8919 = DIRECTION('',(1.,0.));
#8920 = ( GEOMETRIC_REPRESENTATION_CONTEXT(2) 
PARAMETRIC_REPRESENTATION_CONTEXT() REPRESENTATION_CONTEXT('2D SPACE',''
  ) );
#8921 = PCURVE('',#8603,#8922);
#8922 = DEFINITIONAL_REPRESENTATION('',(#8923),#8927);
#8923 = B_SPLINE_CURVE_WITH_KNOTS('',2,(#8924,#8925,#8926),
  .UNSPECIFIED.,.F.,.F.,(3,3),(0.,1.),.PIECEWISE_BEZIER_KNOTS.);
#8924 = CARTESIAN_POINT('',(2.180419511295E-02,-0.223135604939));
#8925 = CARTESIAN_POINT('',(-0.132972874951,-0.356893566722));
#8926 = CARTESIAN_POINT('',(-0.176921919537,-0.404664267359));
#8927 = ( GEOMETRIC_REPRESENTATION_CONTEXT(2) 
PARAMETRIC_REPRESENTATION_CONTEXT() REPRESENTATION_CONTEXT('2D SPACE',''
  ) );
#8928 = ORIENTED_EDGE('',*,*,#8929,.T.);
#8929 = EDGE_CURVE('',#8907,#4311,#8930,.T.);
#8930 = SURFACE_CURVE('',#8931,(#8935,#8942),.PCURVE_S1.);
#8931 = LINE('',#8932,#8933);
#8932 = CARTESIAN_POINT('',(2.865127388535,1.430573248408,2.761008928571
    ));
#8933 = VECTOR('',#8934,1.);
#8934 = DIRECTION('',(0.,0.,1.));
#8935 = PCURVE('',#4376,#8936);
#8936 = DEFINITIONAL_REPRESENTATION('',(#8937),#8941);
#8937 = LINE('',#8938,#8939);
#8938 = CARTESIAN_POINT('',(0.,0.));
#8939 = VECTOR('',#8940,1.);
#8940 = DIRECTION('',(0.,-1.));
#8941 = ( GEOMETRIC_REPRESENTATION_CONTEXT(2) 
PARAMETRIC_REPRESENTATION_CONTEXT() REPRESENTATION_CONTEXT('2D SPACE',''
  ) );
#8942 = PCURVE('',#4334,#8943);
#8943 = DEFINITIONAL_REPRESENTATION('',(#8944),#8948);
#8944 = LINE('',#8945,#8946);
#8945 = CARTESIAN_POINT('',(1.,0.));
#8946 = VECTOR('',#8947,1.);
#8947 = DIRECTION('',(0.,-1.));
#8948 = ( GEOMETRIC_REPRESENTATION_CONTEXT(2) 
PARAMETRIC_REPRESENTATION_CONTEXT() REPRESENTATION_CONTEXT('2D SPACE',''
  ) );
#8949 = ORIENTED_EDGE('',*,*,#4352,.F.);
#8950 = ORIENTED_EDGE('',*,*,#8831,.F.);
#8951 = ADVANCED_FACE('',(#8952),#3727,.F.);
#8952 = FACE_BOUND('',#8953,.F.);
#8953 = EDGE_LOOP('',(#8954,#8977,#8978,#8979));
#8954 = ORIENTED_EDGE('',*,*,#8955,.F.);
#8955 = EDGE_CURVE('',#8858,#8956,#8958,.T.);
#8956 = VERTEX_POINT('',#8957);
#8957 = CARTESIAN_POINT('',(2.947929936306,1.582165605096,2.761008928571
    ));
#8958 = SURFACE_CURVE('',#8959,(#8963,#8970),.PCURVE_S1.);
#8959 = B_SPLINE_CURVE_WITH_KNOTS('',2,(#8960,#8961,#8962),
  .UNSPECIFIED.,.F.,.F.,(3,3),(0.,1.),.PIECEWISE_BEZIER_KNOTS.);
#8960 = CARTESIAN_POINT('',(2.733280254777,1.807643312102,2.761008928571
    ));
#8961 = CARTESIAN_POINT('',(2.82627388535,1.729299363057,2.761008928571)
  );
#8962 = CARTESIAN_POINT('',(2.947929936306,1.582165605096,2.761008928571
    ));
#8963 = PCURVE('',#3727,#8964);
#8964 = DEFINITIONAL_REPRESENTATION('',(#8965),#8969);
#8965 = LINE('',#8966,#8967);
#8966 = CARTESIAN_POINT('',(0.,0.));
#8967 = VECTOR('',#8968,1.);
#8968 = DIRECTION('',(1.,0.));
#8969 = ( GEOMETRIC_REPRESENTATION_CONTEXT(2) 
PARAMETRIC_REPRESENTATION_CONTEXT() REPRESENTATION_CONTEXT('2D SPACE',''
  ) );
#8970 = PCURVE('',#8603,#8971);
#8971 = DEFINITIONAL_REPRESENTATION('',(#8972),#8976);
#8972 = B_SPLINE_CURVE_WITH_KNOTS('',2,(#8973,#8974,#8975),
  .UNSPECIFIED.,.F.,.F.,(3,3),(0.,1.),.PIECEWISE_BEZIER_KNOTS.);
#8973 = CARTESIAN_POINT('',(-0.355265868581,-0.354982738697));
#8974 = CARTESIAN_POINT('',(-0.276921919537,-0.261989108124));
#8975 = CARTESIAN_POINT('',(-0.129788161575,-0.140333057168));
#8976 = ( GEOMETRIC_REPRESENTATION_CONTEXT(2) 
PARAMETRIC_REPRESENTATION_CONTEXT() REPRESENTATION_CONTEXT('2D SPACE',''
  ) );
#8977 = ORIENTED_EDGE('',*,*,#8882,.T.);
#8978 = ORIENTED_EDGE('',*,*,#3705,.F.);
#8979 = ORIENTED_EDGE('',*,*,#8980,.F.);
#8980 = EDGE_CURVE('',#8956,#3706,#8981,.T.);
#8981 = SURFACE_CURVE('',#8982,(#8986,#8993),.PCURVE_S1.);
#8982 = LINE('',#8983,#8984);
#8983 = CARTESIAN_POINT('',(2.947929936306,1.582165605096,2.761008928571
    ));
#8984 = VECTOR('',#8985,1.);
#8985 = DIRECTION('',(0.,0.,1.));
#8986 = PCURVE('',#3727,#8987);
#8987 = DEFINITIONAL_REPRESENTATION('',(#8988),#8992);
#8988 = LINE('',#8989,#8990);
#8989 = CARTESIAN_POINT('',(1.,0.));
#8990 = VECTOR('',#8991,1.);
#8991 = DIRECTION('',(0.,-1.));
#8992 = ( GEOMETRIC_REPRESENTATION_CONTEXT(2) 
PARAMETRIC_REPRESENTATION_CONTEXT() REPRESENTATION_CONTEXT('2D SPACE',''
  ) );
#8993 = PCURVE('',#3768,#8994);
#8994 = DEFINITIONAL_REPRESENTATION('',(#8995),#8999);
#8995 = LINE('',#8996,#8997);
#8996 = CARTESIAN_POINT('',(0.,0.));
#8997 = VECTOR('',#8998,1.);
#8998 = DIRECTION('',(0.,-1.));
#8999 = ( GEOMETRIC_REPRESENTATION_CONTEXT(2) 
PARAMETRIC_REPRESENTATION_CONTEXT() REPRESENTATION_CONTEXT('2D SPACE',''
  ) );
#9000 = ADVANCED_FACE('',(#9001),#4334,.F.);
#9001 = FACE_BOUND('',#9002,.F.);
#9002 = EDGE_LOOP('',(#9003,#9026,#9047,#9048));
#9003 = ORIENTED_EDGE('',*,*,#9004,.F.);
#9004 = EDGE_CURVE('',#9005,#8907,#9007,.T.);
#9005 = VERTEX_POINT('',#9006);
#9006 = CARTESIAN_POINT('',(3.115445859873,1.165605095541,2.761008928571
    ));
#9007 = SURFACE_CURVE('',#9008,(#9012,#9019),.PCURVE_S1.);
#9008 = B_SPLINE_CURVE_WITH_KNOTS('',2,(#9009,#9010,#9011),
  .UNSPECIFIED.,.F.,.F.,(3,3),(0.,1.),.PIECEWISE_BEZIER_KNOTS.);
#9009 = CARTESIAN_POINT('',(3.115445859873,1.165605095541,2.761008928571
    ));
#9010 = CARTESIAN_POINT('',(3.024363057325,1.245222929936,2.761008928571
    ));
#9011 = CARTESIAN_POINT('',(2.865127388535,1.430573248408,2.761008928571
    ));
#9012 = PCURVE('',#4334,#9013);
#9013 = DEFINITIONAL_REPRESENTATION('',(#9014),#9018);
#9014 = LINE('',#9015,#9016);
#9015 = CARTESIAN_POINT('',(0.,0.));
#9016 = VECTOR('',#9017,1.);
#9017 = DIRECTION('',(1.,0.));
#9018 = ( GEOMETRIC_REPRESENTATION_CONTEXT(2) 
PARAMETRIC_REPRESENTATION_CONTEXT() REPRESENTATION_CONTEXT('2D SPACE',''
  ) );
#9019 = PCURVE('',#8603,#9020);
#9020 = DEFINITIONAL_REPRESENTATION('',(#9021),#9025);
#9021 = B_SPLINE_CURVE_WITH_KNOTS('',2,(#9022,#9023,#9024),
  .UNSPECIFIED.,.F.,.F.,(3,3),(0.,1.),.PIECEWISE_BEZIER_KNOTS.);
#9022 = CARTESIAN_POINT('',(0.286772347979,2.718286639856E-02));
#9023 = CARTESIAN_POINT('',(0.207154513584,-6.389993614921E-02));
#9024 = CARTESIAN_POINT('',(2.180419511295E-02,-0.223135604939));
#9025 = ( GEOMETRIC_REPRESENTATION_CONTEXT(2) 
PARAMETRIC_REPRESENTATION_CONTEXT() REPRESENTATION_CONTEXT('2D SPACE',''
  ) );
#9026 = ORIENTED_EDGE('',*,*,#9027,.T.);
#9027 = EDGE_CURVE('',#9005,#4275,#9028,.T.);
#9028 = SURFACE_CURVE('',#9029,(#9033,#9040),.PCURVE_S1.);
#9029 = LINE('',#9030,#9031);
#9030 = CARTESIAN_POINT('',(3.115445859873,1.165605095541,2.761008928571
    ));
#9031 = VECTOR('',#9032,1.);
#9032 = DIRECTION('',(0.,0.,1.));
#9033 = PCURVE('',#4334,#9034);
#9034 = DEFINITIONAL_REPRESENTATION('',(#9035),#9039);
#9035 = LINE('',#9036,#9037);
#9036 = CARTESIAN_POINT('',(0.,0.));
#9037 = VECTOR('',#9038,1.);
#9038 = DIRECTION('',(0.,-1.));
#9039 = ( GEOMETRIC_REPRESENTATION_CONTEXT(2) 
PARAMETRIC_REPRESENTATION_CONTEXT() REPRESENTATION_CONTEXT('2D SPACE',''
  ) );
#9040 = PCURVE('',#4294,#9041);
#9041 = DEFINITIONAL_REPRESENTATION('',(#9042),#9046);
#9042 = LINE('',#9043,#9044);
#9043 = CARTESIAN_POINT('',(1.,0.));
#9044 = VECTOR('',#9045,1.);
#9045 = DIRECTION('',(0.,-1.));
#9046 = ( GEOMETRIC_REPRESENTATION_CONTEXT(2) 
PARAMETRIC_REPRESENTATION_CONTEXT() REPRESENTATION_CONTEXT('2D SPACE',''
  ) );
#9047 = ORIENTED_EDGE('',*,*,#4310,.F.);
#9048 = ORIENTED_EDGE('',*,*,#8929,.F.);
#9049 = ADVANCED_FACE('',(#9050),#3768,.F.);
#9050 = FACE_BOUND('',#9051,.F.);
#9051 = EDGE_LOOP('',(#9052,#9075,#9076,#9077));
#9052 = ORIENTED_EDGE('',*,*,#9053,.F.);
#9053 = EDGE_CURVE('',#8956,#9054,#9056,.T.);
#9054 = VERTEX_POINT('',#9055);
#9055 = CARTESIAN_POINT('',(3.250477707006,1.273885350318,2.761008928571
    ));
#9056 = SURFACE_CURVE('',#9057,(#9061,#9068),.PCURVE_S1.);
#9057 = B_SPLINE_CURVE_WITH_KNOTS('',2,(#9058,#9059,#9060),
  .UNSPECIFIED.,.F.,.F.,(3,3),(0.,1.),.PIECEWISE_BEZIER_KNOTS.);
#9058 = CARTESIAN_POINT('',(2.947929936306,1.582165605096,2.761008928571
    ));
#9059 = CARTESIAN_POINT('',(3.139012738854,1.354140127389,2.761008928571
    ));
#9060 = CARTESIAN_POINT('',(3.250477707006,1.273885350318,2.761008928571
    ));
#9061 = PCURVE('',#3768,#9062);
#9062 = DEFINITIONAL_REPRESENTATION('',(#9063),#9067);
#9063 = LINE('',#9064,#9065);
#9064 = CARTESIAN_POINT('',(0.,0.));
#9065 = VECTOR('',#9066,1.);
#9066 = DIRECTION('',(1.,0.));
#9067 = ( GEOMETRIC_REPRESENTATION_CONTEXT(2) 
PARAMETRIC_REPRESENTATION_CONTEXT() REPRESENTATION_CONTEXT('2D SPACE',''
  ) );
#9068 = PCURVE('',#8603,#9069);
#9069 = DEFINITIONAL_REPRESENTATION('',(#9070),#9074);
#9070 = B_SPLINE_CURVE_WITH_KNOTS('',2,(#9071,#9072,#9073),
  .UNSPECIFIED.,.F.,.F.,(3,3),(0.,1.),.PIECEWISE_BEZIER_KNOTS.);
#9071 = CARTESIAN_POINT('',(-0.129788161575,-0.140333057168));
#9072 = CARTESIAN_POINT('',(9.823731613206E-02,5.074974537945E-02));
#9073 = CARTESIAN_POINT('',(0.178492093202,0.162214713532));
#9074 = ( GEOMETRIC_REPRESENTATION_CONTEXT(2) 
PARAMETRIC_REPRESENTATION_CONTEXT() REPRESENTATION_CONTEXT('2D SPACE',''
  ) );
#9075 = ORIENTED_EDGE('',*,*,#8980,.T.);
#9076 = ORIENTED_EDGE('',*,*,#3744,.F.);
#9077 = ORIENTED_EDGE('',*,*,#9078,.F.);
#9078 = EDGE_CURVE('',#9054,#3745,#9079,.T.);
#9079 = SURFACE_CURVE('',#9080,(#9084,#9091),.PCURVE_S1.);
#9080 = LINE('',#9081,#9082);
#9081 = CARTESIAN_POINT('',(3.250477707006,1.273885350318,2.761008928571
    ));
#9082 = VECTOR('',#9083,1.);
#9083 = DIRECTION('',(0.,0.,1.));
#9084 = PCURVE('',#3768,#9085);
#9085 = DEFINITIONAL_REPRESENTATION('',(#9086),#9090);
#9086 = LINE('',#9087,#9088);
#9087 = CARTESIAN_POINT('',(1.,0.));
#9088 = VECTOR('',#9089,1.);
#9089 = DIRECTION('',(0.,-1.));
#9090 = ( GEOMETRIC_REPRESENTATION_CONTEXT(2) 
PARAMETRIC_REPRESENTATION_CONTEXT() REPRESENTATION_CONTEXT('2D SPACE',''
  ) );
#9091 = PCURVE('',#3808,#9092);
#9092 = DEFINITIONAL_REPRESENTATION('',(#9093),#9097);
#9093 = LINE('',#9094,#9095);
#9094 = CARTESIAN_POINT('',(0.,0.));
#9095 = VECTOR('',#9096,1.);
#9096 = DIRECTION('',(0.,-1.));
#9097 = ( GEOMETRIC_REPRESENTATION_CONTEXT(2) 
PARAMETRIC_REPRESENTATION_CONTEXT() REPRESENTATION_CONTEXT('2D SPACE',''
  ) );
#9098 = ADVANCED_FACE('',(#9099),#4294,.F.);
#9099 = FACE_BOUND('',#9100,.F.);
#9100 = EDGE_LOOP('',(#9101,#9124,#9145,#9146));
#9101 = ORIENTED_EDGE('',*,*,#9102,.F.);
#9102 = EDGE_CURVE('',#9103,#9005,#9105,.T.);
#9103 = VERTEX_POINT('',#9104);
#9104 = CARTESIAN_POINT('',(3.288694267516,1.050955414013,2.761008928571
    ));
#9105 = SURFACE_CURVE('',#9106,(#9110,#9117),.PCURVE_S1.);
#9106 = B_SPLINE_CURVE_WITH_KNOTS('',2,(#9107,#9108,#9109),
  .UNSPECIFIED.,.F.,.F.,(3,3),(0.,1.),.PIECEWISE_BEZIER_KNOTS.);
#9107 = CARTESIAN_POINT('',(3.288694267516,1.050955414013,2.761008928571
    ));
#9108 = CARTESIAN_POINT('',(3.20652866242,1.085350318471,2.761008928571)
  );
#9109 = CARTESIAN_POINT('',(3.115445859873,1.165605095541,2.761008928571
    ));
#9110 = PCURVE('',#4294,#9111);
#9111 = DEFINITIONAL_REPRESENTATION('',(#9112),#9116);
#9112 = LINE('',#9113,#9114);
#9113 = CARTESIAN_POINT('',(0.,0.));
#9114 = VECTOR('',#9115,1.);
#9115 = DIRECTION('',(1.,0.));
#9116 = ( GEOMETRIC_REPRESENTATION_CONTEXT(2) 
PARAMETRIC_REPRESENTATION_CONTEXT() REPRESENTATION_CONTEXT('2D SPACE',''
  ) );
#9117 = PCURVE('',#8603,#9118);
#9118 = DEFINITIONAL_REPRESENTATION('',(#9119),#9123);
#9119 = B_SPLINE_CURVE_WITH_KNOTS('',2,(#9120,#9121,#9122),
  .UNSPECIFIED.,.F.,.F.,(3,3),(0.,1.),.PIECEWISE_BEZIER_KNOTS.);
#9120 = CARTESIAN_POINT('',(0.401422029508,0.200431274042));
#9121 = CARTESIAN_POINT('',(0.367027125049,0.118265668946));
#9122 = CARTESIAN_POINT('',(0.286772347979,2.718286639856E-02));
#9123 = ( GEOMETRIC_REPRESENTATION_CONTEXT(2) 
PARAMETRIC_REPRESENTATION_CONTEXT() REPRESENTATION_CONTEXT('2D SPACE',''
  ) );
#9124 = ORIENTED_EDGE('',*,*,#9125,.T.);
#9125 = EDGE_CURVE('',#9103,#4230,#9126,.T.);
#9126 = SURFACE_CURVE('',#9127,(#9131,#9138),.PCURVE_S1.);
#9127 = LINE('',#9128,#9129);
#9128 = CARTESIAN_POINT('',(3.288694267516,1.050955414013,2.761008928571
    ));
#9129 = VECTOR('',#9130,1.);
#9130 = DIRECTION('',(0.,0.,1.));
#9131 = PCURVE('',#4294,#9132);
#9132 = DEFINITIONAL_REPRESENTATION('',(#9133),#9137);
#9133 = LINE('',#9134,#9135);
#9134 = CARTESIAN_POINT('',(0.,0.));
#9135 = VECTOR('',#9136,1.);
#9136 = DIRECTION('',(0.,-1.));
#9137 = ( GEOMETRIC_REPRESENTATION_CONTEXT(2) 
PARAMETRIC_REPRESENTATION_CONTEXT() REPRESENTATION_CONTEXT('2D SPACE',''
  ) );
#9138 = PCURVE('',#4255,#9139);
#9139 = DEFINITIONAL_REPRESENTATION('',(#9140),#9144);
#9140 = LINE('',#9141,#9142);
#9141 = CARTESIAN_POINT('',(1.,0.));
#9142 = VECTOR('',#9143,1.);
#9143 = DIRECTION('',(0.,-1.));
#9144 = ( GEOMETRIC_REPRESENTATION_CONTEXT(2) 
PARAMETRIC_REPRESENTATION_CONTEXT() REPRESENTATION_CONTEXT('2D SPACE',''
  ) );
#9145 = ORIENTED_EDGE('',*,*,#4274,.F.);
#9146 = ORIENTED_EDGE('',*,*,#9027,.F.);
#9147 = ADVANCED_FACE('',(#9148),#3808,.F.);
#9148 = FACE_BOUND('',#9149,.F.);
#9149 = EDGE_LOOP('',(#9150,#9173,#9174,#9175));
#9150 = ORIENTED_EDGE('',*,*,#9151,.F.);
#9151 = EDGE_CURVE('',#9054,#9152,#9154,.T.);
#9152 = VERTEX_POINT('',#9153);
#9153 = CARTESIAN_POINT('',(3.461305732484,1.193630573248,2.761008928571
    ));
#9154 = SURFACE_CURVE('',#9155,(#9159,#9166),.PCURVE_S1.);
#9155 = B_SPLINE_CURVE_WITH_KNOTS('',2,(#9156,#9157,#9158),
  .UNSPECIFIED.,.F.,.F.,(3,3),(0.,1.),.PIECEWISE_BEZIER_KNOTS.);
#9156 = CARTESIAN_POINT('',(3.250477707006,1.273885350318,2.761008928571
    ));
#9157 = CARTESIAN_POINT('',(3.361942675159,1.193630573248,2.761008928571
    ));
#9158 = CARTESIAN_POINT('',(3.461305732484,1.193630573248,2.761008928571
    ));
#9159 = PCURVE('',#3808,#9160);
#9160 = DEFINITIONAL_REPRESENTATION('',(#9161),#9165);
#9161 = LINE('',#9162,#9163);
#9162 = CARTESIAN_POINT('',(0.,0.));
#9163 = VECTOR('',#9164,1.);
#9164 = DIRECTION('',(1.,0.));
#9165 = ( GEOMETRIC_REPRESENTATION_CONTEXT(2) 
PARAMETRIC_REPRESENTATION_CONTEXT() REPRESENTATION_CONTEXT('2D SPACE',''
  ) );
#9166 = PCURVE('',#8603,#9167);
#9167 = DEFINITIONAL_REPRESENTATION('',(#9168),#9172);
#9168 = B_SPLINE_CURVE_WITH_KNOTS('',2,(#9169,#9170,#9171),
  .UNSPECIFIED.,.F.,.F.,(3,3),(0.,1.),.PIECEWISE_BEZIER_KNOTS.);
#9169 = CARTESIAN_POINT('',(0.178492093202,0.162214713532));
#9170 = CARTESIAN_POINT('',(0.258746870272,0.273679681685));
#9171 = CARTESIAN_POINT('',(0.258746870272,0.37304273901));
#9172 = ( GEOMETRIC_REPRESENTATION_CONTEXT(2) 
PARAMETRIC_REPRESENTATION_CONTEXT() REPRESENTATION_CONTEXT('2D SPACE',''
  ) );
#9173 = ORIENTED_EDGE('',*,*,#9078,.T.);
#9174 = ORIENTED_EDGE('',*,*,#3786,.F.);
#9175 = ORIENTED_EDGE('',*,*,#9176,.F.);
#9176 = EDGE_CURVE('',#9152,#3787,#9177,.T.);
#9177 = SURFACE_CURVE('',#9178,(#9182,#9189),.PCURVE_S1.);
#9178 = LINE('',#9179,#9180);
#9179 = CARTESIAN_POINT('',(3.461305732484,1.193630573248,2.761008928571
    ));
#9180 = VECTOR('',#9181,1.);
#9181 = DIRECTION('',(0.,0.,1.));
#9182 = PCURVE('',#3808,#9183);
#9183 = DEFINITIONAL_REPRESENTATION('',(#9184),#9188);
#9184 = LINE('',#9185,#9186);
#9185 = CARTESIAN_POINT('',(1.,0.));
#9186 = VECTOR('',#9187,1.);
#9187 = DIRECTION('',(0.,-1.));
#9188 = ( GEOMETRIC_REPRESENTATION_CONTEXT(2) 
PARAMETRIC_REPRESENTATION_CONTEXT() REPRESENTATION_CONTEXT('2D SPACE',''
  ) );
#9189 = PCURVE('',#3851,#9190);
#9190 = DEFINITIONAL_REPRESENTATION('',(#9191),#9195);
#9191 = LINE('',#9192,#9193);
#9192 = CARTESIAN_POINT('',(0.,0.));
#9193 = VECTOR('',#9194,1.);
#9194 = DIRECTION('',(0.,-1.));
#9195 = ( GEOMETRIC_REPRESENTATION_CONTEXT(2) 
PARAMETRIC_REPRESENTATION_CONTEXT() REPRESENTATION_CONTEXT('2D SPACE',''
  ) );
#9196 = ADVANCED_FACE('',(#9197),#4255,.F.);
#9197 = FACE_BOUND('',#9198,.F.);
#9198 = EDGE_LOOP('',(#9199,#9222,#9243,#9244));
#9199 = ORIENTED_EDGE('',*,*,#9200,.F.);
#9200 = EDGE_CURVE('',#9201,#9103,#9203,.T.);
#9201 = VERTEX_POINT('',#9202);
#9202 = CARTESIAN_POINT('',(3.456847133758,1.016560509554,2.761008928571
    ));
#9203 = SURFACE_CURVE('',#9204,(#9208,#9215),.PCURVE_S1.);
#9204 = B_SPLINE_CURVE_WITH_KNOTS('',2,(#9205,#9206,#9207),
  .UNSPECIFIED.,.F.,.F.,(3,3),(0.,1.),.PIECEWISE_BEZIER_KNOTS.);
#9205 = CARTESIAN_POINT('',(3.456847133758,1.016560509554,2.761008928571
    ));
#9206 = CARTESIAN_POINT('',(3.371496815287,1.016560509554,2.761008928571
    ));
#9207 = CARTESIAN_POINT('',(3.288694267516,1.050955414013,2.761008928571
    ));
#9208 = PCURVE('',#4255,#9209);
#9209 = DEFINITIONAL_REPRESENTATION('',(#9210),#9214);
#9210 = LINE('',#9211,#9212);
#9211 = CARTESIAN_POINT('',(0.,0.));
#9212 = VECTOR('',#9213,1.);
#9213 = DIRECTION('',(1.,0.));
#9214 = ( GEOMETRIC_REPRESENTATION_CONTEXT(2) 
PARAMETRIC_REPRESENTATION_CONTEXT() REPRESENTATION_CONTEXT('2D SPACE',''
  ) );
#9215 = PCURVE('',#8603,#9216);
#9216 = DEFINITIONAL_REPRESENTATION('',(#9217),#9221);
#9217 = B_SPLINE_CURVE_WITH_KNOTS('',2,(#9218,#9219,#9220),
  .UNSPECIFIED.,.F.,.F.,(3,3),(0.,1.),.PIECEWISE_BEZIER_KNOTS.);
#9218 = CARTESIAN_POINT('',(0.435816933966,0.368584140284));
#9219 = CARTESIAN_POINT('',(0.435816933966,0.283233821813));
#9220 = CARTESIAN_POINT('',(0.401422029508,0.200431274042));
#9221 = ( GEOMETRIC_REPRESENTATION_CONTEXT(2) 
PARAMETRIC_REPRESENTATION_CONTEXT() REPRESENTATION_CONTEXT('2D SPACE',''
  ) );
#9222 = ORIENTED_EDGE('',*,*,#9223,.T.);
#9223 = EDGE_CURVE('',#9201,#4179,#9224,.T.);
#9224 = SURFACE_CURVE('',#9225,(#9229,#9236),.PCURVE_S1.);
#9225 = LINE('',#9226,#9227);
#9226 = CARTESIAN_POINT('',(3.456847133758,1.016560509554,2.761008928571
    ));
#9227 = VECTOR('',#9228,1.);
#9228 = DIRECTION('',(0.,0.,1.));
#9229 = PCURVE('',#4255,#9230);
#9230 = DEFINITIONAL_REPRESENTATION('',(#9231),#9235);
#9231 = LINE('',#9232,#9233);
#9232 = CARTESIAN_POINT('',(0.,0.));
#9233 = VECTOR('',#9234,1.);
#9234 = DIRECTION('',(0.,-1.));
#9235 = ( GEOMETRIC_REPRESENTATION_CONTEXT(2) 
PARAMETRIC_REPRESENTATION_CONTEXT() REPRESENTATION_CONTEXT('2D SPACE',''
  ) );
#9236 = PCURVE('',#4208,#9237);
#9237 = DEFINITIONAL_REPRESENTATION('',(#9238),#9242);
#9238 = LINE('',#9239,#9240);
#9239 = CARTESIAN_POINT('',(1.,0.));
#9240 = VECTOR('',#9241,1.);
#9241 = DIRECTION('',(0.,-1.));
#9242 = ( GEOMETRIC_REPRESENTATION_CONTEXT(2) 
PARAMETRIC_REPRESENTATION_CONTEXT() REPRESENTATION_CONTEXT('2D SPACE',''
  ) );
#9243 = ORIENTED_EDGE('',*,*,#4229,.F.);
#9244 = ORIENTED_EDGE('',*,*,#9125,.F.);
#9245 = ADVANCED_FACE('',(#9246),#3851,.F.);
#9246 = FACE_BOUND('',#9247,.F.);
#9247 = EDGE_LOOP('',(#9248,#9271,#9272,#9273));
#9248 = ORIENTED_EDGE('',*,*,#9249,.F.);
#9249 = EDGE_CURVE('',#9152,#9250,#9252,.T.);
#9250 = VERTEX_POINT('',#9251);
#9251 = CARTESIAN_POINT('',(3.637101910828,1.266878980892,2.761008928571
    ));
#9252 = SURFACE_CURVE('',#9253,(#9257,#9264),.PCURVE_S1.);
#9253 = B_SPLINE_CURVE_WITH_KNOTS('',2,(#9254,#9255,#9256),
  .UNSPECIFIED.,.F.,.F.,(3,3),(0.,1.),.PIECEWISE_BEZIER_KNOTS.);
#9254 = CARTESIAN_POINT('',(3.461305732484,1.193630573248,2.761008928571
    ));
#9255 = CARTESIAN_POINT('',(3.56576433121,1.193630573248,2.761008928571)
  );
#9256 = CARTESIAN_POINT('',(3.637101910828,1.266878980892,2.761008928571
    ));
#9257 = PCURVE('',#3851,#9258);
#9258 = DEFINITIONAL_REPRESENTATION('',(#9259),#9263);
#9259 = LINE('',#9260,#9261);
#9260 = CARTESIAN_POINT('',(0.,0.));
#9261 = VECTOR('',#9262,1.);
#9262 = DIRECTION('',(1.,0.));
#9263 = ( GEOMETRIC_REPRESENTATION_CONTEXT(2) 
PARAMETRIC_REPRESENTATION_CONTEXT() REPRESENTATION_CONTEXT('2D SPACE',''
  ) );
#9264 = PCURVE('',#8603,#9265);
#9265 = DEFINITIONAL_REPRESENTATION('',(#9266),#9270);
#9266 = B_SPLINE_CURVE_WITH_KNOTS('',2,(#9267,#9268,#9269),
  .UNSPECIFIED.,.F.,.F.,(3,3),(0.,1.),.PIECEWISE_BEZIER_KNOTS.);
#9267 = CARTESIAN_POINT('',(0.258746870272,0.37304273901));
#9268 = CARTESIAN_POINT('',(0.258746870272,0.477501337736));
#9269 = CARTESIAN_POINT('',(0.185498462629,0.548838917354));
#9270 = ( GEOMETRIC_REPRESENTATION_CONTEXT(2) 
PARAMETRIC_REPRESENTATION_CONTEXT() REPRESENTATION_CONTEXT('2D SPACE',''
  ) );
#9271 = ORIENTED_EDGE('',*,*,#9176,.T.);
#9272 = ORIENTED_EDGE('',*,*,#3825,.F.);
#9273 = ORIENTED_EDGE('',*,*,#9274,.F.);
#9274 = EDGE_CURVE('',#9250,#3826,#9275,.T.);
#9275 = SURFACE_CURVE('',#9276,(#9280,#9287),.PCURVE_S1.);
#9276 = LINE('',#9277,#9278);
#9277 = CARTESIAN_POINT('',(3.637101910828,1.266878980892,2.761008928571
    ));
#9278 = VECTOR('',#9279,1.);
#9279 = DIRECTION('',(0.,0.,1.));
#9280 = PCURVE('',#3851,#9281);
#9281 = DEFINITIONAL_REPRESENTATION('',(#9282),#9286);
#9282 = LINE('',#9283,#9284);
#9283 = CARTESIAN_POINT('',(1.,0.));
#9284 = VECTOR('',#9285,1.);
#9285 = DIRECTION('',(0.,-1.));
#9286 = ( GEOMETRIC_REPRESENTATION_CONTEXT(2) 
PARAMETRIC_REPRESENTATION_CONTEXT() REPRESENTATION_CONTEXT('2D SPACE',''
  ) );
#9287 = PCURVE('',#3896,#9288);
#9288 = DEFINITIONAL_REPRESENTATION('',(#9289),#9293);
#9289 = LINE('',#9290,#9291);
#9290 = CARTESIAN_POINT('',(0.,0.));
#9291 = VECTOR('',#9292,1.);
#9292 = DIRECTION('',(0.,-1.));
#9293 = ( GEOMETRIC_REPRESENTATION_CONTEXT(2) 
PARAMETRIC_REPRESENTATION_CONTEXT() REPRESENTATION_CONTEXT('2D SPACE',''
  ) );
#9294 = ADVANCED_FACE('',(#9295),#4208,.F.);
#9295 = FACE_BOUND('',#9296,.F.);
#9296 = EDGE_LOOP('',(#9297,#9320,#9341,#9342));
#9297 = ORIENTED_EDGE('',*,*,#9298,.F.);
#9298 = EDGE_CURVE('',#9299,#9201,#9301,.T.);
#9299 = VERTEX_POINT('',#9300);
#9300 = CARTESIAN_POINT('',(3.738375796178,1.134394904459,2.761008928571
    ));
#9301 = SURFACE_CURVE('',#9302,(#9306,#9313),.PCURVE_S1.);
#9302 = B_SPLINE_CURVE_WITH_KNOTS('',2,(#9303,#9304,#9305),
  .UNSPECIFIED.,.F.,.F.,(3,3),(0.,1.),.PIECEWISE_BEZIER_KNOTS.);
#9303 = CARTESIAN_POINT('',(3.738375796178,1.134394904459,2.761008928571
    ));
#9304 = CARTESIAN_POINT('',(3.625,1.016560509554,2.761008928571));
#9305 = CARTESIAN_POINT('',(3.456847133758,1.016560509554,2.761008928571
    ));
#9306 = PCURVE('',#4208,#9307);
#9307 = DEFINITIONAL_REPRESENTATION('',(#9308),#9312);
#9308 = LINE('',#9309,#9310);
#9309 = CARTESIAN_POINT('',(0.,0.));
#9310 = VECTOR('',#9311,1.);
#9311 = DIRECTION('',(1.,0.));
#9312 = ( GEOMETRIC_REPRESENTATION_CONTEXT(2) 
PARAMETRIC_REPRESENTATION_CONTEXT() REPRESENTATION_CONTEXT('2D SPACE',''
  ) );
#9313 = PCURVE('',#8603,#9314);
#9314 = DEFINITIONAL_REPRESENTATION('',(#9315),#9319);
#9315 = B_SPLINE_CURVE_WITH_KNOTS('',2,(#9316,#9317,#9318),
  .UNSPECIFIED.,.F.,.F.,(3,3),(0.,1.),.PIECEWISE_BEZIER_KNOTS.);
#9316 = CARTESIAN_POINT('',(0.317982539062,0.650112802704));
#9317 = CARTESIAN_POINT('',(0.435816933966,0.536737006526));
#9318 = CARTESIAN_POINT('',(0.435816933966,0.368584140284));
#9319 = ( GEOMETRIC_REPRESENTATION_CONTEXT(2) 
PARAMETRIC_REPRESENTATION_CONTEXT() REPRESENTATION_CONTEXT('2D SPACE',''
  ) );
#9320 = ORIENTED_EDGE('',*,*,#9321,.T.);
#9321 = EDGE_CURVE('',#9299,#4128,#9322,.T.);
#9322 = SURFACE_CURVE('',#9323,(#9327,#9334),.PCURVE_S1.);
#9323 = LINE('',#9324,#9325);
#9324 = CARTESIAN_POINT('',(3.738375796178,1.134394904459,2.761008928571
    ));
#9325 = VECTOR('',#9326,1.);
#9326 = DIRECTION('',(0.,0.,1.));
#9327 = PCURVE('',#4208,#9328);
#9328 = DEFINITIONAL_REPRESENTATION('',(#9329),#9333);
#9329 = LINE('',#9330,#9331);
#9330 = CARTESIAN_POINT('',(0.,0.));
#9331 = VECTOR('',#9332,1.);
#9332 = DIRECTION('',(0.,-1.));
#9333 = ( GEOMETRIC_REPRESENTATION_CONTEXT(2) 
PARAMETRIC_REPRESENTATION_CONTEXT() REPRESENTATION_CONTEXT('2D SPACE',''
  ) );
#9334 = PCURVE('',#4157,#9335);
#9335 = DEFINITIONAL_REPRESENTATION('',(#9336),#9340);
#9336 = LINE('',#9337,#9338);
#9337 = CARTESIAN_POINT('',(1.,0.));
#9338 = VECTOR('',#9339,1.);
#9339 = DIRECTION('',(0.,-1.));
#9340 = ( GEOMETRIC_REPRESENTATION_CONTEXT(2) 
PARAMETRIC_REPRESENTATION_CONTEXT() REPRESENTATION_CONTEXT('2D SPACE',''
  ) );
#9341 = ORIENTED_EDGE('',*,*,#4178,.F.);
#9342 = ORIENTED_EDGE('',*,*,#9223,.F.);
#9343 = ADVANCED_FACE('',(#9344),#3896,.F.);
#9344 = FACE_BOUND('',#9345,.F.);
#9345 = EDGE_LOOP('',(#9346,#9369,#9370,#9371));
#9346 = ORIENTED_EDGE('',*,*,#9347,.F.);
#9347 = EDGE_CURVE('',#9250,#9348,#9350,.T.);
#9348 = VERTEX_POINT('',#9349);
#9349 = CARTESIAN_POINT('',(3.709076433121,1.457324840764,2.761008928571
    ));
#9350 = SURFACE_CURVE('',#9351,(#9355,#9362),.PCURVE_S1.);
#9351 = B_SPLINE_CURVE_WITH_KNOTS('',2,(#9352,#9353,#9354),
  .UNSPECIFIED.,.F.,.F.,(3,3),(0.,1.),.PIECEWISE_BEZIER_KNOTS.);
#9352 = CARTESIAN_POINT('',(3.637101910828,1.266878980892,2.761008928571
    ));
#9353 = CARTESIAN_POINT('',(3.709076433121,1.33949044586,2.761008928571)
  );
#9354 = CARTESIAN_POINT('',(3.709076433121,1.457324840764,2.761008928571
    ));
#9355 = PCURVE('',#3896,#9356);
#9356 = DEFINITIONAL_REPRESENTATION('',(#9357),#9361);
#9357 = LINE('',#9358,#9359);
#9358 = CARTESIAN_POINT('',(0.,0.));
#9359 = VECTOR('',#9360,1.);
#9360 = DIRECTION('',(1.,0.));
#9361 = ( GEOMETRIC_REPRESENTATION_CONTEXT(2) 
PARAMETRIC_REPRESENTATION_CONTEXT() REPRESENTATION_CONTEXT('2D SPACE',''
  ) );
#9362 = PCURVE('',#8603,#9363);
#9363 = DEFINITIONAL_REPRESENTATION('',(#9364),#9368);
#9364 = B_SPLINE_CURVE_WITH_KNOTS('',2,(#9365,#9366,#9367),
  .UNSPECIFIED.,.F.,.F.,(3,3),(0.,1.),.PIECEWISE_BEZIER_KNOTS.);
#9365 = CARTESIAN_POINT('',(0.185498462629,0.548838917354));
#9366 = CARTESIAN_POINT('',(0.112886997661,0.620813439647));
#9367 = CARTESIAN_POINT('',(-4.947397243739E-03,0.620813439647));
#9368 = ( GEOMETRIC_REPRESENTATION_CONTEXT(2) 
PARAMETRIC_REPRESENTATION_CONTEXT() REPRESENTATION_CONTEXT('2D SPACE',''
  ) );
#9369 = ORIENTED_EDGE('',*,*,#9274,.T.);
#9370 = ORIENTED_EDGE('',*,*,#3870,.F.);
#9371 = ORIENTED_EDGE('',*,*,#9372,.F.);
#9372 = EDGE_CURVE('',#9348,#3871,#9373,.T.);
#9373 = SURFACE_CURVE('',#9374,(#9378,#9385),.PCURVE_S1.);
#9374 = LINE('',#9375,#9376);
#9375 = CARTESIAN_POINT('',(3.709076433121,1.457324840764,2.761008928571
    ));
#9376 = VECTOR('',#9377,1.);
#9377 = DIRECTION('',(0.,0.,1.));
#9378 = PCURVE('',#3896,#9379);
#9379 = DEFINITIONAL_REPRESENTATION('',(#9380),#9384);
#9380 = LINE('',#9381,#9382);
#9381 = CARTESIAN_POINT('',(1.,0.));
#9382 = VECTOR('',#9383,1.);
#9383 = DIRECTION('',(0.,-1.));
#9384 = ( GEOMETRIC_REPRESENTATION_CONTEXT(2) 
PARAMETRIC_REPRESENTATION_CONTEXT() REPRESENTATION_CONTEXT('2D SPACE',''
  ) );
#9385 = PCURVE('',#3941,#9386);
#9386 = DEFINITIONAL_REPRESENTATION('',(#9387),#9391);
#9387 = LINE('',#9388,#9389);
#9388 = CARTESIAN_POINT('',(0.,0.));
#9389 = VECTOR('',#9390,1.);
#9390 = DIRECTION('',(0.,-1.));
#9391 = ( GEOMETRIC_REPRESENTATION_CONTEXT(2) 
PARAMETRIC_REPRESENTATION_CONTEXT() REPRESENTATION_CONTEXT('2D SPACE',''
  ) );
#9392 = ADVANCED_FACE('',(#9393),#4157,.F.);
#9393 = FACE_BOUND('',#9394,.F.);
#9394 = EDGE_LOOP('',(#9395,#9418,#9439,#9440));
#9395 = ORIENTED_EDGE('',*,*,#9396,.F.);
#9396 = EDGE_CURVE('',#9397,#9299,#9399,.T.);
#9397 = VERTEX_POINT('',#9398);
#9398 = CARTESIAN_POINT('',(3.851751592357,1.453503184713,2.761008928571
    ));
#9399 = SURFACE_CURVE('',#9400,(#9404,#9411),.PCURVE_S1.);
#9400 = B_SPLINE_CURVE_WITH_KNOTS('',2,(#9401,#9402,#9403),
  .UNSPECIFIED.,.F.,.F.,(3,3),(0.,1.),.PIECEWISE_BEZIER_KNOTS.);
#9401 = CARTESIAN_POINT('',(3.851751592357,1.453503184713,2.761008928571
    ));
#9402 = CARTESIAN_POINT('',(3.851751592357,1.251592356688,2.761008928571
    ));
#9403 = CARTESIAN_POINT('',(3.738375796178,1.134394904459,2.761008928571
    ));
#9404 = PCURVE('',#4157,#9405);
#9405 = DEFINITIONAL_REPRESENTATION('',(#9406),#9410);
#9406 = LINE('',#9407,#9408);
#9407 = CARTESIAN_POINT('',(0.,0.));
#9408 = VECTOR('',#9409,1.);
#9409 = DIRECTION('',(1.,0.));
#9410 = ( GEOMETRIC_REPRESENTATION_CONTEXT(2) 
PARAMETRIC_REPRESENTATION_CONTEXT() REPRESENTATION_CONTEXT('2D SPACE',''
  ) );
#9411 = PCURVE('',#8603,#9412);
#9412 = DEFINITIONAL_REPRESENTATION('',(#9413),#9417);
#9413 = B_SPLINE_CURVE_WITH_KNOTS('',2,(#9414,#9415,#9416),
  .UNSPECIFIED.,.F.,.F.,(3,3),(0.,1.),.PIECEWISE_BEZIER_KNOTS.);
#9414 = CARTESIAN_POINT('',(-1.125741192784E-03,0.763488598883));
#9415 = CARTESIAN_POINT('',(0.200785086833,0.763488598883));
#9416 = CARTESIAN_POINT('',(0.317982539062,0.650112802704));
#9417 = ( GEOMETRIC_REPRESENTATION_CONTEXT(2) 
PARAMETRIC_REPRESENTATION_CONTEXT() REPRESENTATION_CONTEXT('2D SPACE',''
  ) );
#9418 = ORIENTED_EDGE('',*,*,#9419,.T.);
#9419 = EDGE_CURVE('',#9397,#4077,#9420,.T.);
#9420 = SURFACE_CURVE('',#9421,(#9425,#9432),.PCURVE_S1.);
#9421 = LINE('',#9422,#9423);
#9422 = CARTESIAN_POINT('',(3.851751592357,1.453503184713,2.761008928571
    ));
#9423 = VECTOR('',#9424,1.);
#9424 = DIRECTION('',(0.,0.,1.));
#9425 = PCURVE('',#4157,#9426);
#9426 = DEFINITIONAL_REPRESENTATION('',(#9427),#9431);
#9427 = LINE('',#9428,#9429);
#9428 = CARTESIAN_POINT('',(0.,0.));
#9429 = VECTOR('',#9430,1.);
#9430 = DIRECTION('',(0.,-1.));
#9431 = ( GEOMETRIC_REPRESENTATION_CONTEXT(2) 
PARAMETRIC_REPRESENTATION_CONTEXT() REPRESENTATION_CONTEXT('2D SPACE',''
  ) );
#9432 = PCURVE('',#4106,#9433);
#9433 = DEFINITIONAL_REPRESENTATION('',(#9434),#9438);
#9434 = LINE('',#9435,#9436);
#9435 = CARTESIAN_POINT('',(1.,0.));
#9436 = VECTOR('',#9437,1.);
#9437 = DIRECTION('',(0.,-1.));
#9438 = ( GEOMETRIC_REPRESENTATION_CONTEXT(2) 
PARAMETRIC_REPRESENTATION_CONTEXT() REPRESENTATION_CONTEXT('2D SPACE',''
  ) );
#9439 = ORIENTED_EDGE('',*,*,#4127,.F.);
#9440 = ORIENTED_EDGE('',*,*,#9321,.F.);
#9441 = ADVANCED_FACE('',(#9442),#3941,.F.);
#9442 = FACE_BOUND('',#9443,.F.);
#9443 = EDGE_LOOP('',(#9444,#9467,#9468,#9469));
#9444 = ORIENTED_EDGE('',*,*,#9445,.F.);
#9445 = EDGE_CURVE('',#9348,#9446,#9448,.T.);
#9446 = VERTEX_POINT('',#9447);
#9447 = CARTESIAN_POINT('',(3.627547770701,1.656050955414,2.761008928571
    ));
#9448 = SURFACE_CURVE('',#9449,(#9453,#9460),.PCURVE_S1.);
#9449 = B_SPLINE_CURVE_WITH_KNOTS('',2,(#9450,#9451,#9452),
  .UNSPECIFIED.,.F.,.F.,(3,3),(0.,1.),.PIECEWISE_BEZIER_KNOTS.);
#9450 = CARTESIAN_POINT('',(3.709076433121,1.457324840764,2.761008928571
    ));
#9451 = CARTESIAN_POINT('',(3.709076433121,1.58152866242,2.761008928571)
  );
#9452 = CARTESIAN_POINT('',(3.627547770701,1.656050955414,2.761008928571
    ));
#9453 = PCURVE('',#3941,#9454);
#9454 = DEFINITIONAL_REPRESENTATION('',(#9455),#9459);
#9455 = LINE('',#9456,#9457);
#9456 = CARTESIAN_POINT('',(0.,0.));
#9457 = VECTOR('',#9458,1.);
#9458 = DIRECTION('',(1.,0.));
#9459 = ( GEOMETRIC_REPRESENTATION_CONTEXT(2) 
PARAMETRIC_REPRESENTATION_CONTEXT() REPRESENTATION_CONTEXT('2D SPACE',''
  ) );
#9460 = PCURVE('',#8603,#9461);
#9461 = DEFINITIONAL_REPRESENTATION('',(#9462),#9466);
#9462 = B_SPLINE_CURVE_WITH_KNOTS('',2,(#9463,#9464,#9465),
  .UNSPECIFIED.,.F.,.F.,(3,3),(0.,1.),.PIECEWISE_BEZIER_KNOTS.);
#9463 = CARTESIAN_POINT('',(-4.947397243739E-03,0.620813439647));
#9464 = CARTESIAN_POINT('',(-0.1291512189,0.620813439647));
#9465 = CARTESIAN_POINT('',(-0.203673511893,0.539284777227));
#9466 = ( GEOMETRIC_REPRESENTATION_CONTEXT(2) 
PARAMETRIC_REPRESENTATION_CONTEXT() REPRESENTATION_CONTEXT('2D SPACE',''
  ) );
#9467 = ORIENTED_EDGE('',*,*,#9372,.T.);
#9468 = ORIENTED_EDGE('',*,*,#3915,.F.);
#9469 = ORIENTED_EDGE('',*,*,#9470,.F.);
#9470 = EDGE_CURVE('',#9446,#3916,#9471,.T.);
#9471 = SURFACE_CURVE('',#9472,(#9476,#9483),.PCURVE_S1.);
#9472 = LINE('',#9473,#9474);
#9473 = CARTESIAN_POINT('',(3.627547770701,1.656050955414,2.761008928571
    ));
#9474 = VECTOR('',#9475,1.);
#9475 = DIRECTION('',(0.,0.,1.));
#9476 = PCURVE('',#3941,#9477);
#9477 = DEFINITIONAL_REPRESENTATION('',(#9478),#9482);
#9478 = LINE('',#9479,#9480);
#9479 = CARTESIAN_POINT('',(1.,0.));
#9480 = VECTOR('',#9481,1.);
#9481 = DIRECTION('',(0.,-1.));
#9482 = ( GEOMETRIC_REPRESENTATION_CONTEXT(2) 
PARAMETRIC_REPRESENTATION_CONTEXT() REPRESENTATION_CONTEXT('2D SPACE',''
  ) );
#9483 = PCURVE('',#3982,#9484);
#9484 = DEFINITIONAL_REPRESENTATION('',(#9485),#9489);
#9485 = LINE('',#9486,#9487);
#9486 = CARTESIAN_POINT('',(0.,0.));
#9487 = VECTOR('',#9488,1.);
#9488 = DIRECTION('',(0.,-1.));
#9489 = ( GEOMETRIC_REPRESENTATION_CONTEXT(2) 
PARAMETRIC_REPRESENTATION_CONTEXT() REPRESENTATION_CONTEXT('2D SPACE',''
  ) );
#9490 = ADVANCED_FACE('',(#9491),#4106,.F.);
#9491 = FACE_BOUND('',#9492,.F.);
#9492 = EDGE_LOOP('',(#9493,#9516,#9537,#9538));
#9493 = ORIENTED_EDGE('',*,*,#9494,.F.);
#9494 = EDGE_CURVE('',#9495,#9397,#9497,.T.);
#9495 = VERTEX_POINT('',#9496);
#9496 = CARTESIAN_POINT('',(3.741560509554,1.771337579618,2.761008928571
    ));
#9497 = SURFACE_CURVE('',#9498,(#9502,#9509),.PCURVE_S1.);
#9498 = B_SPLINE_CURVE_WITH_KNOTS('',2,(#9499,#9500,#9501),
  .UNSPECIFIED.,.F.,.F.,(3,3),(0.,1.),.PIECEWISE_BEZIER_KNOTS.);
#9499 = CARTESIAN_POINT('',(3.741560509554,1.771337579618,2.761008928571
    ));
#9500 = CARTESIAN_POINT('',(3.851751592357,1.652866242038,2.761008928571
    ));
#9501 = CARTESIAN_POINT('',(3.851751592357,1.453503184713,2.761008928571
    ));
#9502 = PCURVE('',#4106,#9503);
#9503 = DEFINITIONAL_REPRESENTATION('',(#9504),#9508);
#9504 = LINE('',#9505,#9506);
#9505 = CARTESIAN_POINT('',(0.,0.));
#9506 = VECTOR('',#9507,1.);
#9507 = DIRECTION('',(1.,0.));
#9508 = ( GEOMETRIC_REPRESENTATION_CONTEXT(2) 
PARAMETRIC_REPRESENTATION_CONTEXT() REPRESENTATION_CONTEXT('2D SPACE',''
  ) );
#9509 = PCURVE('',#8603,#9510);
#9510 = DEFINITIONAL_REPRESENTATION('',(#9511),#9515);
#9511 = B_SPLINE_CURVE_WITH_KNOTS('',2,(#9512,#9513,#9514),
  .UNSPECIFIED.,.F.,.F.,(3,3),(0.,1.),.PIECEWISE_BEZIER_KNOTS.);
#9512 = CARTESIAN_POINT('',(-0.318960136097,0.65329751608));
#9513 = CARTESIAN_POINT('',(-0.200488798518,0.763488598883));
#9514 = CARTESIAN_POINT('',(-1.125741192784E-03,0.763488598883));
#9515 = ( GEOMETRIC_REPRESENTATION_CONTEXT(2) 
PARAMETRIC_REPRESENTATION_CONTEXT() REPRESENTATION_CONTEXT('2D SPACE',''
  ) );
#9516 = ORIENTED_EDGE('',*,*,#9517,.T.);
#9517 = EDGE_CURVE('',#9495,#4026,#9518,.T.);
#9518 = SURFACE_CURVE('',#9519,(#9523,#9530),.PCURVE_S1.);
#9519 = LINE('',#9520,#9521);
#9520 = CARTESIAN_POINT('',(3.741560509554,1.771337579618,2.761008928571
    ));
#9521 = VECTOR('',#9522,1.);
#9522 = DIRECTION('',(0.,0.,1.));
#9523 = PCURVE('',#4106,#9524);
#9524 = DEFINITIONAL_REPRESENTATION('',(#9525),#9529);
#9525 = LINE('',#9526,#9527);
#9526 = CARTESIAN_POINT('',(0.,0.));
#9527 = VECTOR('',#9528,1.);
#9528 = DIRECTION('',(0.,-1.));
#9529 = ( GEOMETRIC_REPRESENTATION_CONTEXT(2) 
PARAMETRIC_REPRESENTATION_CONTEXT() REPRESENTATION_CONTEXT('2D SPACE',''
  ) );
#9530 = PCURVE('',#4055,#9531);
#9531 = DEFINITIONAL_REPRESENTATION('',(#9532),#9536);
#9532 = LINE('',#9533,#9534);
#9533 = CARTESIAN_POINT('',(1.,0.));
#9534 = VECTOR('',#9535,1.);
#9535 = DIRECTION('',(0.,-1.));
#9536 = ( GEOMETRIC_REPRESENTATION_CONTEXT(2) 
PARAMETRIC_REPRESENTATION_CONTEXT() REPRESENTATION_CONTEXT('2D SPACE',''
  ) );
#9537 = ORIENTED_EDGE('',*,*,#4076,.F.);
#9538 = ORIENTED_EDGE('',*,*,#9419,.F.);
#9539 = ADVANCED_FACE('',(#9540),#3982,.F.);
#9540 = FACE_BOUND('',#9541,.F.);
#9541 = EDGE_LOOP('',(#9542,#9565,#9566,#9567));
#9542 = ORIENTED_EDGE('',*,*,#9543,.F.);
#9543 = EDGE_CURVE('',#9446,#9544,#9546,.T.);
#9544 = VERTEX_POINT('',#9545);
#9545 = CARTESIAN_POINT('',(3.403343949045,1.731210191083,2.761008928571
    ));
#9546 = SURFACE_CURVE('',#9547,(#9551,#9558),.PCURVE_S1.);
#9547 = B_SPLINE_CURVE_WITH_KNOTS('',2,(#9548,#9549,#9550),
  .UNSPECIFIED.,.F.,.F.,(3,3),(0.,1.),.PIECEWISE_BEZIER_KNOTS.);
#9548 = CARTESIAN_POINT('',(3.627547770701,1.656050955414,2.761008928571
    ));
#9549 = CARTESIAN_POINT('',(3.546656050955,1.730573248408,2.761008928571
    ));
#9550 = CARTESIAN_POINT('',(3.403343949045,1.731210191083,2.761008928571
    ));
#9551 = PCURVE('',#3982,#9552);
#9552 = DEFINITIONAL_REPRESENTATION('',(#9553),#9557);
#9553 = LINE('',#9554,#9555);
#9554 = CARTESIAN_POINT('',(0.,0.));
#9555 = VECTOR('',#9556,1.);
#9556 = DIRECTION('',(1.,0.));
#9557 = ( GEOMETRIC_REPRESENTATION_CONTEXT(2) 
PARAMETRIC_REPRESENTATION_CONTEXT() REPRESENTATION_CONTEXT('2D SPACE',''
  ) );
#9558 = PCURVE('',#8603,#9559);
#9559 = DEFINITIONAL_REPRESENTATION('',(#9560),#9564);
#9560 = B_SPLINE_CURVE_WITH_KNOTS('',2,(#9561,#9562,#9563),
  .UNSPECIFIED.,.F.,.F.,(3,3),(0.,1.),.PIECEWISE_BEZIER_KNOTS.);
#9561 = CARTESIAN_POINT('',(-0.203673511893,0.539284777227));
#9562 = CARTESIAN_POINT('',(-0.278195804887,0.458393057481));
#9563 = CARTESIAN_POINT('',(-0.278832747562,0.315080955571));
#9564 = ( GEOMETRIC_REPRESENTATION_CONTEXT(2) 
PARAMETRIC_REPRESENTATION_CONTEXT() REPRESENTATION_CONTEXT('2D SPACE',''
  ) );
#9565 = ORIENTED_EDGE('',*,*,#9470,.T.);
#9566 = ORIENTED_EDGE('',*,*,#3960,.F.);
#9567 = ORIENTED_EDGE('',*,*,#9568,.F.);
#9568 = EDGE_CURVE('',#9544,#3961,#9569,.T.);
#9569 = SURFACE_CURVE('',#9570,(#9574,#9581),.PCURVE_S1.);
#9570 = LINE('',#9571,#9572);
#9571 = CARTESIAN_POINT('',(3.403343949045,1.731210191083,2.761008928571
    ));
#9572 = VECTOR('',#9573,1.);
#9573 = DIRECTION('',(0.,0.,1.));
#9574 = PCURVE('',#3982,#9575);
#9575 = DEFINITIONAL_REPRESENTATION('',(#9576),#9580);
#9576 = LINE('',#9577,#9578);
#9577 = CARTESIAN_POINT('',(1.,0.));
#9578 = VECTOR('',#9579,1.);
#9579 = DIRECTION('',(0.,-1.));
#9580 = ( GEOMETRIC_REPRESENTATION_CONTEXT(2) 
PARAMETRIC_REPRESENTATION_CONTEXT() REPRESENTATION_CONTEXT('2D SPACE',''
  ) );
#9581 = PCURVE('',#4014,#9582);
#9582 = DEFINITIONAL_REPRESENTATION('',(#9583),#9587);
#9583 = LINE('',#9584,#9585);
#9584 = CARTESIAN_POINT('',(0.,0.));
#9585 = VECTOR('',#9586,1.);
#9586 = DIRECTION('',(0.,-1.));
#9587 = ( GEOMETRIC_REPRESENTATION_CONTEXT(2) 
PARAMETRIC_REPRESENTATION_CONTEXT() REPRESENTATION_CONTEXT('2D SPACE',''
  ) );
#9588 = ADVANCED_FACE('',(#9589),#4055,.F.);
#9589 = FACE_BOUND('',#9590,.F.);
#9590 = EDGE_LOOP('',(#9591,#9614,#9635,#9636));
#9591 = ORIENTED_EDGE('',*,*,#9592,.F.);
#9592 = EDGE_CURVE('',#9593,#9495,#9595,.T.);
#9593 = VERTEX_POINT('',#9594);
#9594 = CARTESIAN_POINT('',(3.422452229299,1.908280254777,2.761008928571
    ));
#9595 = SURFACE_CURVE('',#9596,(#9600,#9607),.PCURVE_S1.);
#9596 = B_SPLINE_CURVE_WITH_KNOTS('',2,(#9597,#9598,#9599),
  .UNSPECIFIED.,.F.,.F.,(3,3),(0.,1.),.PIECEWISE_BEZIER_KNOTS.);
#9597 = CARTESIAN_POINT('',(3.422452229299,1.908280254777,2.761008928571
    ));
#9598 = CARTESIAN_POINT('',(3.632006369427,1.889808917197,2.761008928571
    ));
#9599 = CARTESIAN_POINT('',(3.741560509554,1.771337579618,2.761008928571
    ));
#9600 = PCURVE('',#4055,#9601);
#9601 = DEFINITIONAL_REPRESENTATION('',(#9602),#9606);
#9602 = LINE('',#9603,#9604);
#9603 = CARTESIAN_POINT('',(0.,0.));
#9604 = VECTOR('',#9605,1.);
#9605 = DIRECTION('',(1.,0.));
#9606 = ( GEOMETRIC_REPRESENTATION_CONTEXT(2) 
PARAMETRIC_REPRESENTATION_CONTEXT() REPRESENTATION_CONTEXT('2D SPACE',''
  ) );
#9607 = PCURVE('',#8603,#9608);
#9608 = DEFINITIONAL_REPRESENTATION('',(#9609),#9613);
#9609 = B_SPLINE_CURVE_WITH_KNOTS('',2,(#9610,#9611,#9612),
  .UNSPECIFIED.,.F.,.F.,(3,3),(0.,1.),.PIECEWISE_BEZIER_KNOTS.);
#9610 = CARTESIAN_POINT('',(-0.455902811256,0.334189235825));
#9611 = CARTESIAN_POINT('',(-0.437431473677,0.543743375953));
#9612 = CARTESIAN_POINT('',(-0.318960136097,0.65329751608));
#9613 = ( GEOMETRIC_REPRESENTATION_CONTEXT(2) 
PARAMETRIC_REPRESENTATION_CONTEXT() REPRESENTATION_CONTEXT('2D SPACE',''
  ) );
#9614 = ORIENTED_EDGE('',*,*,#9615,.T.);
#9615 = EDGE_CURVE('',#9593,#4000,#9616,.T.);
#9616 = SURFACE_CURVE('',#9617,(#9621,#9628),.PCURVE_S1.);
#9617 = LINE('',#9618,#9619);
#9618 = CARTESIAN_POINT('',(3.422452229299,1.908280254777,2.761008928571
    ));
#9619 = VECTOR('',#9620,1.);
#9620 = DIRECTION('',(0.,0.,1.));
#9621 = PCURVE('',#4055,#9622);
#9622 = DEFINITIONAL_REPRESENTATION('',(#9623),#9627);
#9623 = LINE('',#9624,#9625);
#9624 = CARTESIAN_POINT('',(0.,0.));
#9625 = VECTOR('',#9626,1.);
#9626 = DIRECTION('',(0.,-1.));
#9627 = ( GEOMETRIC_REPRESENTATION_CONTEXT(2) 
PARAMETRIC_REPRESENTATION_CONTEXT() REPRESENTATION_CONTEXT('2D SPACE',''
  ) );
#9628 = PCURVE('',#4014,#9629);
#9629 = DEFINITIONAL_REPRESENTATION('',(#9630),#9634);
#9630 = LINE('',#9631,#9632);
#9631 = CARTESIAN_POINT('',(0.178098101705,0.));
#9632 = VECTOR('',#9633,1.);
#9633 = DIRECTION('',(0.,-1.));
#9634 = ( GEOMETRIC_REPRESENTATION_CONTEXT(2) 
PARAMETRIC_REPRESENTATION_CONTEXT() REPRESENTATION_CONTEXT('2D SPACE',''
  ) );
#9635 = ORIENTED_EDGE('',*,*,#4025,.F.);
#9636 = ORIENTED_EDGE('',*,*,#9517,.F.);
#9637 = ADVANCED_FACE('',(#9638),#4014,.F.);
#9638 = FACE_BOUND('',#9639,.F.);
#9639 = EDGE_LOOP('',(#9640,#9661,#9662,#9663));
#9640 = ORIENTED_EDGE('',*,*,#9641,.F.);
#9641 = EDGE_CURVE('',#9544,#9593,#9642,.T.);
#9642 = SURFACE_CURVE('',#9643,(#9647,#9654),.PCURVE_S1.);
#9643 = LINE('',#9644,#9645);
#9644 = CARTESIAN_POINT('',(3.403343949045,1.731210191083,2.761008928571
    ));
#9645 = VECTOR('',#9646,1.);
#9646 = DIRECTION('',(0.107290757576,0.99422768687,0.));
#9647 = PCURVE('',#4014,#9648);
#9648 = DEFINITIONAL_REPRESENTATION('',(#9649),#9653);
#9649 = LINE('',#9650,#9651);
#9650 = CARTESIAN_POINT('',(0.,0.));
#9651 = VECTOR('',#9652,1.);
#9652 = DIRECTION('',(1.,0.));
#9653 = ( GEOMETRIC_REPRESENTATION_CONTEXT(2) 
PARAMETRIC_REPRESENTATION_CONTEXT() REPRESENTATION_CONTEXT('2D SPACE',''
  ) );
#9654 = PCURVE('',#8603,#9655);
#9655 = DEFINITIONAL_REPRESENTATION('',(#9656),#9660);
#9656 = LINE('',#9657,#9658);
#9657 = CARTESIAN_POINT('',(-0.278832747562,0.315080955571));
#9658 = VECTOR('',#9659,1.);
#9659 = DIRECTION('',(-0.99422768687,0.107290757576));
#9660 = ( GEOMETRIC_REPRESENTATION_CONTEXT(2) 
PARAMETRIC_REPRESENTATION_CONTEXT() REPRESENTATION_CONTEXT('2D SPACE',''
  ) );
#9661 = ORIENTED_EDGE('',*,*,#9568,.T.);
#9662 = ORIENTED_EDGE('',*,*,#3999,.F.);
#9663 = ORIENTED_EDGE('',*,*,#9615,.F.);
#9664 = ADVANCED_FACE('',(#9665),#4473,.F.);
#9665 = FACE_BOUND('',#9666,.F.);
#9666 = EDGE_LOOP('',(#9667,#9697,#9718,#9719));
#9667 = ORIENTED_EDGE('',*,*,#9668,.F.);
#9668 = EDGE_CURVE('',#9669,#9671,#9673,.T.);
#9669 = VERTEX_POINT('',#9670);
#9670 = CARTESIAN_POINT('',(11.825,0.35,2.761008928571));
#9671 = VERTEX_POINT('',#9672);
#9672 = CARTESIAN_POINT('',(11.825,1.65,2.761008928571));
#9673 = SURFACE_CURVE('',#9674,(#9678,#9685),.PCURVE_S1.);
#9674 = LINE('',#9675,#9676);
#9675 = CARTESIAN_POINT('',(11.825,0.35,2.761008928571));
#9676 = VECTOR('',#9677,1.);
#9677 = DIRECTION('',(-2.22044604925E-16,1.,0.));
#9678 = PCURVE('',#4473,#9679);
#9679 = DEFINITIONAL_REPRESENTATION('',(#9680),#9684);
#9680 = LINE('',#9681,#9682);
#9681 = CARTESIAN_POINT('',(0.,0.));
#9682 = VECTOR('',#9683,1.);
#9683 = DIRECTION('',(1.,0.));
#9684 = ( GEOMETRIC_REPRESENTATION_CONTEXT(2) 
PARAMETRIC_REPRESENTATION_CONTEXT() REPRESENTATION_CONTEXT('2D SPACE',''
  ) );
#9685 = PCURVE('',#9686,#9691);
#9686 = PLANE('',#9687);
#9687 = AXIS2_PLACEMENT_3D('',#9688,#9689,#9690);
#9688 = CARTESIAN_POINT('',(13.301388888889,1.388888888889E-02,
    2.761008928571));
#9689 = DIRECTION('',(-3.964521274865E-30,-1.027327237487E-31,1.));
#9690 = DIRECTION('',(1.,0.,3.964521274865E-30));
#9691 = DEFINITIONAL_REPRESENTATION('',(#9692),#9696);
#9692 = LINE('',#9693,#9694);
#9693 = CARTESIAN_POINT('',(-1.476388888889,0.336111111111));
#9694 = VECTOR('',#9695,1.);
#9695 = DIRECTION('',(-2.22044604925E-16,1.));
#9696 = ( GEOMETRIC_REPRESENTATION_CONTEXT(2) 
PARAMETRIC_REPRESENTATION_CONTEXT() REPRESENTATION_CONTEXT('2D SPACE',''
  ) );
#9697 = ORIENTED_EDGE('',*,*,#9698,.T.);
#9698 = EDGE_CURVE('',#9669,#4459,#9699,.T.);
#9699 = SURFACE_CURVE('',#9700,(#9704,#9711),.PCURVE_S1.);
#9700 = LINE('',#9701,#9702);
#9701 = CARTESIAN_POINT('',(11.825,0.35,2.761008928571));
#9702 = VECTOR('',#9703,1.);
#9703 = DIRECTION('',(0.,0.,1.));
#9704 = PCURVE('',#4473,#9705);
#9705 = DEFINITIONAL_REPRESENTATION('',(#9706),#9710);
#9706 = LINE('',#9707,#9708);
#9707 = CARTESIAN_POINT('',(0.,0.));
#9708 = VECTOR('',#9709,1.);
#9709 = DIRECTION('',(0.,-1.));
#9710 = ( GEOMETRIC_REPRESENTATION_CONTEXT(2) 
PARAMETRIC_REPRESENTATION_CONTEXT() REPRESENTATION_CONTEXT('2D SPACE',''
  ) );
#9711 = PCURVE('',#5017,#9712);
#9712 = DEFINITIONAL_REPRESENTATION('',(#9713),#9717);
#9713 = LINE('',#9714,#9715);
#9714 = CARTESIAN_POINT('',(0.,0.));
#9715 = VECTOR('',#9716,1.);
#9716 = DIRECTION('',(0.,-1.));
#9717 = ( GEOMETRIC_REPRESENTATION_CONTEXT(2) 
PARAMETRIC_REPRESENTATION_CONTEXT() REPRESENTATION_CONTEXT('2D SPACE',''
  ) );
#9718 = ORIENTED_EDGE('',*,*,#4456,.F.);
#9719 = ORIENTED_EDGE('',*,*,#9720,.F.);
#9720 = EDGE_CURVE('',#9671,#4457,#9721,.T.);
#9721 = SURFACE_CURVE('',#9722,(#9726,#9733),.PCURVE_S1.);
#9722 = LINE('',#9723,#9724);
#9723 = CARTESIAN_POINT('',(11.825,1.65,2.761008928571));
#9724 = VECTOR('',#9725,1.);
#9725 = DIRECTION('',(0.,0.,1.));
#9726 = PCURVE('',#4473,#9727);
#9727 = DEFINITIONAL_REPRESENTATION('',(#9728),#9732);
#9728 = LINE('',#9729,#9730);
#9729 = CARTESIAN_POINT('',(1.3,0.));
#9730 = VECTOR('',#9731,1.);
#9731 = DIRECTION('',(0.,-1.));
#9732 = ( GEOMETRIC_REPRESENTATION_CONTEXT(2) 
PARAMETRIC_REPRESENTATION_CONTEXT() REPRESENTATION_CONTEXT('2D SPACE',''
  ) );
#9733 = PCURVE('',#4499,#9734);
#9734 = DEFINITIONAL_REPRESENTATION('',(#9735),#9739);
#9735 = LINE('',#9736,#9737);
#9736 = CARTESIAN_POINT('',(0.,0.));
#9737 = VECTOR('',#9738,1.);
#9738 = DIRECTION('',(0.,-1.));
#9739 = ( GEOMETRIC_REPRESENTATION_CONTEXT(2) 
PARAMETRIC_REPRESENTATION_CONTEXT() REPRESENTATION_CONTEXT('2D SPACE',''
  ) );
#9740 = ADVANCED_FACE('',(#9741),#4499,.F.);
#9741 = FACE_BOUND('',#9742,.F.);
#9742 = EDGE_LOOP('',(#9743,#9766,#9767,#9768));
#9743 = ORIENTED_EDGE('',*,*,#9744,.F.);
#9744 = EDGE_CURVE('',#9671,#9745,#9747,.T.);
#9745 = VERTEX_POINT('',#9746);
#9746 = CARTESIAN_POINT('',(14.825,1.65,2.761008928571));
#9747 = SURFACE_CURVE('',#9748,(#9752,#9759),.PCURVE_S1.);
#9748 = LINE('',#9749,#9750);
#9749 = CARTESIAN_POINT('',(11.825,1.65,2.761008928571));
#9750 = VECTOR('',#9751,1.);
#9751 = DIRECTION('',(1.,2.22044604925E-16,0.));
#9752 = PCURVE('',#4499,#9753);
#9753 = DEFINITIONAL_REPRESENTATION('',(#9754),#9758);
#9754 = LINE('',#9755,#9756);
#9755 = CARTESIAN_POINT('',(0.,0.));
#9756 = VECTOR('',#9757,1.);
#9757 = DIRECTION('',(1.,0.));
#9758 = ( GEOMETRIC_REPRESENTATION_CONTEXT(2) 
PARAMETRIC_REPRESENTATION_CONTEXT() REPRESENTATION_CONTEXT('2D SPACE',''
  ) );
#9759 = PCURVE('',#9686,#9760);
#9760 = DEFINITIONAL_REPRESENTATION('',(#9761),#9765);
#9761 = LINE('',#9762,#9763);
#9762 = CARTESIAN_POINT('',(-1.476388888889,1.636111111111));
#9763 = VECTOR('',#9764,1.);
#9764 = DIRECTION('',(1.,2.22044604925E-16));
#9765 = ( GEOMETRIC_REPRESENTATION_CONTEXT(2) 
PARAMETRIC_REPRESENTATION_CONTEXT() REPRESENTATION_CONTEXT('2D SPACE',''
  ) );
#9766 = ORIENTED_EDGE('',*,*,#9720,.T.);
#9767 = ORIENTED_EDGE('',*,*,#4484,.F.);
#9768 = ORIENTED_EDGE('',*,*,#9769,.F.);
#9769 = EDGE_CURVE('',#9745,#4485,#9770,.T.);
#9770 = SURFACE_CURVE('',#9771,(#9775,#9782),.PCURVE_S1.);
#9771 = LINE('',#9772,#9773);
#9772 = CARTESIAN_POINT('',(14.825,1.65,2.761008928571));
#9773 = VECTOR('',#9774,1.);
#9774 = DIRECTION('',(0.,0.,1.));
#9775 = PCURVE('',#4499,#9776);
#9776 = DEFINITIONAL_REPRESENTATION('',(#9777),#9781);
#9777 = LINE('',#9778,#9779);
#9778 = CARTESIAN_POINT('',(3.,0.));
#9779 = VECTOR('',#9780,1.);
#9780 = DIRECTION('',(0.,-1.));
#9781 = ( GEOMETRIC_REPRESENTATION_CONTEXT(2) 
PARAMETRIC_REPRESENTATION_CONTEXT() REPRESENTATION_CONTEXT('2D SPACE',''
  ) );
#9782 = PCURVE('',#4525,#9783);
#9783 = DEFINITIONAL_REPRESENTATION('',(#9784),#9788);
#9784 = LINE('',#9785,#9786);
#9785 = CARTESIAN_POINT('',(0.,0.));
#9786 = VECTOR('',#9787,1.);
#9787 = DIRECTION('',(0.,-1.));
#9788 = ( GEOMETRIC_REPRESENTATION_CONTEXT(2) 
PARAMETRIC_REPRESENTATION_CONTEXT() REPRESENTATION_CONTEXT('2D SPACE',''
  ) );
#9789 = ADVANCED_FACE('',(#9790),#5017,.T.);
#9790 = FACE_BOUND('',#9791,.T.);
#9791 = EDGE_LOOP('',(#9792,#9815,#9816,#9817));
#9792 = ORIENTED_EDGE('',*,*,#9793,.F.);
#9793 = EDGE_CURVE('',#9669,#9794,#9796,.T.);
#9794 = VERTEX_POINT('',#9795);
#9795 = CARTESIAN_POINT('',(12.525,0.35,2.761008928571));
#9796 = SURFACE_CURVE('',#9797,(#9801,#9808),.PCURVE_S1.);
#9797 = LINE('',#9798,#9799);
#9798 = CARTESIAN_POINT('',(11.825,0.35,2.761008928571));
#9799 = VECTOR('',#9800,1.);
#9800 = DIRECTION('',(1.,2.22044604925E-16,0.));
#9801 = PCURVE('',#5017,#9802);
#9802 = DEFINITIONAL_REPRESENTATION('',(#9803),#9807);
#9803 = LINE('',#9804,#9805);
#9804 = CARTESIAN_POINT('',(0.,0.));
#9805 = VECTOR('',#9806,1.);
#9806 = DIRECTION('',(1.,0.));
#9807 = ( GEOMETRIC_REPRESENTATION_CONTEXT(2) 
PARAMETRIC_REPRESENTATION_CONTEXT() REPRESENTATION_CONTEXT('2D SPACE',''
  ) );
#9808 = PCURVE('',#9686,#9809);
#9809 = DEFINITIONAL_REPRESENTATION('',(#9810),#9814);
#9810 = LINE('',#9811,#9812);
#9811 = CARTESIAN_POINT('',(-1.476388888889,0.336111111111));
#9812 = VECTOR('',#9813,1.);
#9813 = DIRECTION('',(1.,2.22044604925E-16));
#9814 = ( GEOMETRIC_REPRESENTATION_CONTEXT(2) 
PARAMETRIC_REPRESENTATION_CONTEXT() REPRESENTATION_CONTEXT('2D SPACE',''
  ) );
#9815 = ORIENTED_EDGE('',*,*,#9698,.T.);
#9816 = ORIENTED_EDGE('',*,*,#5004,.F.);
#9817 = ORIENTED_EDGE('',*,*,#9818,.F.);
#9818 = EDGE_CURVE('',#9794,#4979,#9819,.T.);
#9819 = SURFACE_CURVE('',#9820,(#9824,#9831),.PCURVE_S1.);
#9820 = LINE('',#9821,#9822);
#9821 = CARTESIAN_POINT('',(12.525,0.35,2.761008928571));
#9822 = VECTOR('',#9823,1.);
#9823 = DIRECTION('',(0.,0.,1.));
#9824 = PCURVE('',#5017,#9825);
#9825 = DEFINITIONAL_REPRESENTATION('',(#9826),#9830);
#9826 = LINE('',#9827,#9828);
#9827 = CARTESIAN_POINT('',(0.7,0.));
#9828 = VECTOR('',#9829,1.);
#9829 = DIRECTION('',(0.,-1.));
#9830 = ( GEOMETRIC_REPRESENTATION_CONTEXT(2) 
PARAMETRIC_REPRESENTATION_CONTEXT() REPRESENTATION_CONTEXT('2D SPACE',''
  ) );
#9831 = PCURVE('',#4993,#9832);
#9832 = DEFINITIONAL_REPRESENTATION('',(#9833),#9837);
#9833 = LINE('',#9834,#9835);
#9834 = CARTESIAN_POINT('',(0.,0.));
#9835 = VECTOR('',#9836,1.);
#9836 = DIRECTION('',(0.,-1.));
#9837 = ( GEOMETRIC_REPRESENTATION_CONTEXT(2) 
PARAMETRIC_REPRESENTATION_CONTEXT() REPRESENTATION_CONTEXT('2D SPACE',''
  ) );
#9838 = ADVANCED_FACE('',(#9839),#4525,.F.);
#9839 = FACE_BOUND('',#9840,.F.);
#9840 = EDGE_LOOP('',(#9841,#9864,#9865,#9866));
#9841 = ORIENTED_EDGE('',*,*,#9842,.F.);
#9842 = EDGE_CURVE('',#9745,#9843,#9845,.T.);
#9843 = VERTEX_POINT('',#9844);
#9844 = CARTESIAN_POINT('',(14.825,-0.65,2.761008928571));
#9845 = SURFACE_CURVE('',#9846,(#9850,#9857),.PCURVE_S1.);
#9846 = LINE('',#9847,#9848);
#9847 = CARTESIAN_POINT('',(14.825,1.65,2.761008928571));
#9848 = VECTOR('',#9849,1.);
#9849 = DIRECTION('',(2.22044604925E-16,-1.,0.));
#9850 = PCURVE('',#4525,#9851);
#9851 = DEFINITIONAL_REPRESENTATION('',(#9852),#9856);
#9852 = LINE('',#9853,#9854);
#9853 = CARTESIAN_POINT('',(0.,0.));
#9854 = VECTOR('',#9855,1.);
#9855 = DIRECTION('',(1.,0.));
#9856 = ( GEOMETRIC_REPRESENTATION_CONTEXT(2) 
PARAMETRIC_REPRESENTATION_CONTEXT() REPRESENTATION_CONTEXT('2D SPACE',''
  ) );
#9857 = PCURVE('',#9686,#9858);
#9858 = DEFINITIONAL_REPRESENTATION('',(#9859),#9863);
#9859 = LINE('',#9860,#9861);
#9860 = CARTESIAN_POINT('',(1.523611111111,1.636111111111));
#9861 = VECTOR('',#9862,1.);
#9862 = DIRECTION('',(2.22044604925E-16,-1.));
#9863 = ( GEOMETRIC_REPRESENTATION_CONTEXT(2) 
PARAMETRIC_REPRESENTATION_CONTEXT() REPRESENTATION_CONTEXT('2D SPACE',''
  ) );
#9864 = ORIENTED_EDGE('',*,*,#9769,.T.);
#9865 = ORIENTED_EDGE('',*,*,#4510,.F.);
#9866 = ORIENTED_EDGE('',*,*,#9867,.F.);
#9867 = EDGE_CURVE('',#9843,#4511,#9868,.T.);
#9868 = SURFACE_CURVE('',#9869,(#9873,#9880),.PCURVE_S1.);
#9869 = LINE('',#9870,#9871);
#9870 = CARTESIAN_POINT('',(14.825,-0.65,2.761008928571));
#9871 = VECTOR('',#9872,1.);
#9872 = DIRECTION('',(0.,0.,1.));
#9873 = PCURVE('',#4525,#9874);
#9874 = DEFINITIONAL_REPRESENTATION('',(#9875),#9879);
#9875 = LINE('',#9876,#9877);
#9876 = CARTESIAN_POINT('',(2.3,0.));
#9877 = VECTOR('',#9878,1.);
#9878 = DIRECTION('',(0.,-1.));
#9879 = ( GEOMETRIC_REPRESENTATION_CONTEXT(2) 
PARAMETRIC_REPRESENTATION_CONTEXT() REPRESENTATION_CONTEXT('2D SPACE',''
  ) );
#9880 = PCURVE('',#4551,#9881);
#9881 = DEFINITIONAL_REPRESENTATION('',(#9882),#9886);
#9882 = LINE('',#9883,#9884);
#9883 = CARTESIAN_POINT('',(0.,0.));
#9884 = VECTOR('',#9885,1.);
#9885 = DIRECTION('',(0.,-1.));
#9886 = ( GEOMETRIC_REPRESENTATION_CONTEXT(2) 
PARAMETRIC_REPRESENTATION_CONTEXT() REPRESENTATION_CONTEXT('2D SPACE',''
  ) );
#9887 = ADVANCED_FACE('',(#9888),#4993,.T.);
#9888 = FACE_BOUND('',#9889,.T.);
#9889 = EDGE_LOOP('',(#9890,#9913,#9914,#9915));
#9890 = ORIENTED_EDGE('',*,*,#9891,.F.);
#9891 = EDGE_CURVE('',#9794,#9892,#9894,.T.);
#9892 = VERTEX_POINT('',#9893);
#9893 = CARTESIAN_POINT('',(12.525,-0.35,2.761008928571));
#9894 = SURFACE_CURVE('',#9895,(#9899,#9906),.PCURVE_S1.);
#9895 = LINE('',#9896,#9897);
#9896 = CARTESIAN_POINT('',(12.525,0.35,2.761008928571));
#9897 = VECTOR('',#9898,1.);
#9898 = DIRECTION('',(2.22044604925E-16,-1.,0.));
#9899 = PCURVE('',#4993,#9900);
#9900 = DEFINITIONAL_REPRESENTATION('',(#9901),#9905);
#9901 = LINE('',#9902,#9903);
#9902 = CARTESIAN_POINT('',(0.,0.));
#9903 = VECTOR('',#9904,1.);
#9904 = DIRECTION('',(1.,0.));
#9905 = ( GEOMETRIC_REPRESENTATION_CONTEXT(2) 
PARAMETRIC_REPRESENTATION_CONTEXT() REPRESENTATION_CONTEXT('2D SPACE',''
  ) );
#9906 = PCURVE('',#9686,#9907);
#9907 = DEFINITIONAL_REPRESENTATION('',(#9908),#9912);
#9908 = LINE('',#9909,#9910);
#9909 = CARTESIAN_POINT('',(-0.776388888889,0.336111111111));
#9910 = VECTOR('',#9911,1.);
#9911 = DIRECTION('',(2.22044604925E-16,-1.));
#9912 = ( GEOMETRIC_REPRESENTATION_CONTEXT(2) 
PARAMETRIC_REPRESENTATION_CONTEXT() REPRESENTATION_CONTEXT('2D SPACE',''
  ) );
#9913 = ORIENTED_EDGE('',*,*,#9818,.T.);
#9914 = ORIENTED_EDGE('',*,*,#4978,.F.);
#9915 = ORIENTED_EDGE('',*,*,#9916,.F.);
#9916 = EDGE_CURVE('',#9892,#4953,#9917,.T.);
#9917 = SURFACE_CURVE('',#9918,(#9922,#9929),.PCURVE_S1.);
#9918 = LINE('',#9919,#9920);
#9919 = CARTESIAN_POINT('',(12.525,-0.35,2.761008928571));
#9920 = VECTOR('',#9921,1.);
#9921 = DIRECTION('',(0.,0.,1.));
#9922 = PCURVE('',#4993,#9923);
#9923 = DEFINITIONAL_REPRESENTATION('',(#9924),#9928);
#9924 = LINE('',#9925,#9926);
#9925 = CARTESIAN_POINT('',(0.7,0.));
#9926 = VECTOR('',#9927,1.);
#9927 = DIRECTION('',(0.,-1.));
#9928 = ( GEOMETRIC_REPRESENTATION_CONTEXT(2) 
PARAMETRIC_REPRESENTATION_CONTEXT() REPRESENTATION_CONTEXT('2D SPACE',''
  ) );
#9929 = PCURVE('',#4967,#9930);
#9930 = DEFINITIONAL_REPRESENTATION('',(#9931),#9935);
#9931 = LINE('',#9932,#9933);
#9932 = CARTESIAN_POINT('',(0.,0.));
#9933 = VECTOR('',#9934,1.);
#9934 = DIRECTION('',(0.,-1.));
#9935 = ( GEOMETRIC_REPRESENTATION_CONTEXT(2) 
PARAMETRIC_REPRESENTATION_CONTEXT() REPRESENTATION_CONTEXT('2D SPACE',''
  ) );
#9936 = ADVANCED_FACE('',(#9937),#4551,.F.);
#9937 = FACE_BOUND('',#9938,.F.);
#9938 = EDGE_LOOP('',(#9939,#9962,#9963,#9964));
#9939 = ORIENTED_EDGE('',*,*,#9940,.F.);
#9940 = EDGE_CURVE('',#9843,#9941,#9943,.T.);
#9941 = VERTEX_POINT('',#9942);
#9942 = CARTESIAN_POINT('',(13.525,-0.65,2.761008928571));
#9943 = SURFACE_CURVE('',#9944,(#9948,#9955),.PCURVE_S1.);
#9944 = LINE('',#9945,#9946);
#9945 = CARTESIAN_POINT('',(14.825,-0.65,2.761008928571));
#9946 = VECTOR('',#9947,1.);
#9947 = DIRECTION('',(-1.,-2.22044604925E-16,0.));
#9948 = PCURVE('',#4551,#9949);
#9949 = DEFINITIONAL_REPRESENTATION('',(#9950),#9954);
#9950 = LINE('',#9951,#9952);
#9951 = CARTESIAN_POINT('',(0.,0.));
#9952 = VECTOR('',#9953,1.);
#9953 = DIRECTION('',(1.,0.));
#9954 = ( GEOMETRIC_REPRESENTATION_CONTEXT(2) 
PARAMETRIC_REPRESENTATION_CONTEXT() REPRESENTATION_CONTEXT('2D SPACE',''
  ) );
#9955 = PCURVE('',#9686,#9956);
#9956 = DEFINITIONAL_REPRESENTATION('',(#9957),#9961);
#9957 = LINE('',#9958,#9959);
#9958 = CARTESIAN_POINT('',(1.523611111111,-0.663888888889));
#9959 = VECTOR('',#9960,1.);
#9960 = DIRECTION('',(-1.,-2.22044604925E-16));
#9961 = ( GEOMETRIC_REPRESENTATION_CONTEXT(2) 
PARAMETRIC_REPRESENTATION_CONTEXT() REPRESENTATION_CONTEXT('2D SPACE',''
  ) );
#9962 = ORIENTED_EDGE('',*,*,#9867,.T.);
#9963 = ORIENTED_EDGE('',*,*,#4536,.F.);
#9964 = ORIENTED_EDGE('',*,*,#9965,.F.);
#9965 = EDGE_CURVE('',#9941,#4537,#9966,.T.);
#9966 = SURFACE_CURVE('',#9967,(#9971,#9978),.PCURVE_S1.);
#9967 = LINE('',#9968,#9969);
#9968 = CARTESIAN_POINT('',(13.525,-0.65,2.761008928571));
#9969 = VECTOR('',#9970,1.);
#9970 = DIRECTION('',(0.,0.,1.));
#9971 = PCURVE('',#4551,#9972);
#9972 = DEFINITIONAL_REPRESENTATION('',(#9973),#9977);
#9973 = LINE('',#9974,#9975);
#9974 = CARTESIAN_POINT('',(1.3,0.));
#9975 = VECTOR('',#9976,1.);
#9976 = DIRECTION('',(0.,-1.));
#9977 = ( GEOMETRIC_REPRESENTATION_CONTEXT(2) 
PARAMETRIC_REPRESENTATION_CONTEXT() REPRESENTATION_CONTEXT('2D SPACE',''
  ) );
#9978 = PCURVE('',#4577,#9979);
#9979 = DEFINITIONAL_REPRESENTATION('',(#9980),#9984);
#9980 = LINE('',#9981,#9982);
#9981 = CARTESIAN_POINT('',(0.,0.));
#9982 = VECTOR('',#9983,1.);
#9983 = DIRECTION('',(0.,-1.));
#9984 = ( GEOMETRIC_REPRESENTATION_CONTEXT(2) 
PARAMETRIC_REPRESENTATION_CONTEXT() REPRESENTATION_CONTEXT('2D SPACE',''
  ) );
#9985 = ADVANCED_FACE('',(#9986),#4967,.T.);
#9986 = FACE_BOUND('',#9987,.T.);
#9987 = EDGE_LOOP('',(#9988,#10011,#10012,#10013));
#9988 = ORIENTED_EDGE('',*,*,#9989,.F.);
#9989 = EDGE_CURVE('',#9892,#9990,#9992,.T.);
#9990 = VERTEX_POINT('',#9991);
#9991 = CARTESIAN_POINT('',(11.825,-0.35,2.761008928571));
#9992 = SURFACE_CURVE('',#9993,(#9997,#10004),.PCURVE_S1.);
#9993 = LINE('',#9994,#9995);
#9994 = CARTESIAN_POINT('',(12.525,-0.35,2.761008928571));
#9995 = VECTOR('',#9996,1.);
#9996 = DIRECTION('',(-1.,-2.22044604925E-16,0.));
#9997 = PCURVE('',#4967,#9998);
#9998 = DEFINITIONAL_REPRESENTATION('',(#9999),#10003);
#9999 = LINE('',#10000,#10001);
#10000 = CARTESIAN_POINT('',(0.,0.));
#10001 = VECTOR('',#10002,1.);
#10002 = DIRECTION('',(1.,0.));
#10003 = ( GEOMETRIC_REPRESENTATION_CONTEXT(2) 
PARAMETRIC_REPRESENTATION_CONTEXT() REPRESENTATION_CONTEXT('2D SPACE',''
  ) );
#10004 = PCURVE('',#9686,#10005);
#10005 = DEFINITIONAL_REPRESENTATION('',(#10006),#10010);
#10006 = LINE('',#10007,#10008);
#10007 = CARTESIAN_POINT('',(-0.776388888889,-0.363888888889));
#10008 = VECTOR('',#10009,1.);
#10009 = DIRECTION('',(-1.,-2.22044604925E-16));
#10010 = ( GEOMETRIC_REPRESENTATION_CONTEXT(2) 
PARAMETRIC_REPRESENTATION_CONTEXT() REPRESENTATION_CONTEXT('2D SPACE',''
  ) );
#10011 = ORIENTED_EDGE('',*,*,#9916,.T.);
#10012 = ORIENTED_EDGE('',*,*,#4952,.F.);
#10013 = ORIENTED_EDGE('',*,*,#10014,.F.);
#10014 = EDGE_CURVE('',#9990,#4927,#10015,.T.);
#10015 = SURFACE_CURVE('',#10016,(#10020,#10027),.PCURVE_S1.);
#10016 = LINE('',#10017,#10018);
#10017 = CARTESIAN_POINT('',(11.825,-0.35,2.761008928571));
#10018 = VECTOR('',#10019,1.);
#10019 = DIRECTION('',(0.,0.,1.));
#10020 = PCURVE('',#4967,#10021);
#10021 = DEFINITIONAL_REPRESENTATION('',(#10022),#10026);
#10022 = LINE('',#10023,#10024);
#10023 = CARTESIAN_POINT('',(0.7,0.));
#10024 = VECTOR('',#10025,1.);
#10025 = DIRECTION('',(0.,-1.));
#10026 = ( GEOMETRIC_REPRESENTATION_CONTEXT(2) 
PARAMETRIC_REPRESENTATION_CONTEXT() REPRESENTATION_CONTEXT('2D SPACE',''
  ) );
#10027 = PCURVE('',#4941,#10028);
#10028 = DEFINITIONAL_REPRESENTATION('',(#10029),#10033);
#10029 = LINE('',#10030,#10031);
#10030 = CARTESIAN_POINT('',(1.3,0.));
#10031 = VECTOR('',#10032,1.);
#10032 = DIRECTION('',(0.,-1.));
#10033 = ( GEOMETRIC_REPRESENTATION_CONTEXT(2) 
PARAMETRIC_REPRESENTATION_CONTEXT() REPRESENTATION_CONTEXT('2D SPACE',''
  ) );
#10034 = ADVANCED_FACE('',(#10035),#4577,.F.);
#10035 = FACE_BOUND('',#10036,.F.);
#10036 = EDGE_LOOP('',(#10037,#10060,#10061,#10062));
#10037 = ORIENTED_EDGE('',*,*,#10038,.F.);
#10038 = EDGE_CURVE('',#9941,#10039,#10041,.T.);
#10039 = VERTEX_POINT('',#10040);
#10040 = CARTESIAN_POINT('',(13.525,0.65,2.761008928571));
#10041 = SURFACE_CURVE('',#10042,(#10046,#10053),.PCURVE_S1.);
#10042 = LINE('',#10043,#10044);
#10043 = CARTESIAN_POINT('',(13.525,-0.65,2.761008928571));
#10044 = VECTOR('',#10045,1.);
#10045 = DIRECTION('',(-2.22044604925E-16,1.,0.));
#10046 = PCURVE('',#4577,#10047);
#10047 = DEFINITIONAL_REPRESENTATION('',(#10048),#10052);
#10048 = LINE('',#10049,#10050);
#10049 = CARTESIAN_POINT('',(0.,0.));
#10050 = VECTOR('',#10051,1.);
#10051 = DIRECTION('',(1.,0.));
#10052 = ( GEOMETRIC_REPRESENTATION_CONTEXT(2) 
PARAMETRIC_REPRESENTATION_CONTEXT() REPRESENTATION_CONTEXT('2D SPACE',''
  ) );
#10053 = PCURVE('',#9686,#10054);
#10054 = DEFINITIONAL_REPRESENTATION('',(#10055),#10059);
#10055 = LINE('',#10056,#10057);
#10056 = CARTESIAN_POINT('',(0.223611111111,-0.663888888889));
#10057 = VECTOR('',#10058,1.);
#10058 = DIRECTION('',(-2.22044604925E-16,1.));
#10059 = ( GEOMETRIC_REPRESENTATION_CONTEXT(2) 
PARAMETRIC_REPRESENTATION_CONTEXT() REPRESENTATION_CONTEXT('2D SPACE',''
  ) );
#10060 = ORIENTED_EDGE('',*,*,#9965,.T.);
#10061 = ORIENTED_EDGE('',*,*,#4562,.F.);
#10062 = ORIENTED_EDGE('',*,*,#10063,.F.);
#10063 = EDGE_CURVE('',#10039,#4563,#10064,.T.);
#10064 = SURFACE_CURVE('',#10065,(#10069,#10076),.PCURVE_S1.);
#10065 = LINE('',#10066,#10067);
#10066 = CARTESIAN_POINT('',(13.525,0.65,2.761008928571));
#10067 = VECTOR('',#10068,1.);
#10068 = DIRECTION('',(0.,0.,1.));
#10069 = PCURVE('',#4577,#10070);
#10070 = DEFINITIONAL_REPRESENTATION('',(#10071),#10075);
#10071 = LINE('',#10072,#10073);
#10072 = CARTESIAN_POINT('',(1.3,0.));
#10073 = VECTOR('',#10074,1.);
#10074 = DIRECTION('',(0.,-1.));
#10075 = ( GEOMETRIC_REPRESENTATION_CONTEXT(2) 
PARAMETRIC_REPRESENTATION_CONTEXT() REPRESENTATION_CONTEXT('2D SPACE',''
  ) );
#10076 = PCURVE('',#4603,#10077);
#10077 = DEFINITIONAL_REPRESENTATION('',(#10078),#10082);
#10078 = LINE('',#10079,#10080);
#10079 = CARTESIAN_POINT('',(0.,0.));
#10080 = VECTOR('',#10081,1.);
#10081 = DIRECTION('',(0.,-1.));
#10082 = ( GEOMETRIC_REPRESENTATION_CONTEXT(2) 
PARAMETRIC_REPRESENTATION_CONTEXT() REPRESENTATION_CONTEXT('2D SPACE',''
  ) );
#10083 = ADVANCED_FACE('',(#10084),#4941,.F.);
#10084 = FACE_BOUND('',#10085,.F.);
#10085 = EDGE_LOOP('',(#10086,#10109,#10130,#10131));
#10086 = ORIENTED_EDGE('',*,*,#10087,.F.);
#10087 = EDGE_CURVE('',#10088,#9990,#10090,.T.);
#10088 = VERTEX_POINT('',#10089);
#10089 = CARTESIAN_POINT('',(11.825,-1.65,2.761008928571));
#10090 = SURFACE_CURVE('',#10091,(#10095,#10102),.PCURVE_S1.);
#10091 = LINE('',#10092,#10093);
#10092 = CARTESIAN_POINT('',(11.825,-1.65,2.761008928571));
#10093 = VECTOR('',#10094,1.);
#10094 = DIRECTION('',(-2.22044604925E-16,1.,0.));
#10095 = PCURVE('',#4941,#10096);
#10096 = DEFINITIONAL_REPRESENTATION('',(#10097),#10101);
#10097 = LINE('',#10098,#10099);
#10098 = CARTESIAN_POINT('',(0.,0.));
#10099 = VECTOR('',#10100,1.);
#10100 = DIRECTION('',(1.,0.));
#10101 = ( GEOMETRIC_REPRESENTATION_CONTEXT(2) 
PARAMETRIC_REPRESENTATION_CONTEXT() REPRESENTATION_CONTEXT('2D SPACE',''
  ) );
#10102 = PCURVE('',#9686,#10103);
#10103 = DEFINITIONAL_REPRESENTATION('',(#10104),#10108);
#10104 = LINE('',#10105,#10106);
#10105 = CARTESIAN_POINT('',(-1.476388888889,-1.663888888889));
#10106 = VECTOR('',#10107,1.);
#10107 = DIRECTION('',(-2.22044604925E-16,1.));
#10108 = ( GEOMETRIC_REPRESENTATION_CONTEXT(2) 
PARAMETRIC_REPRESENTATION_CONTEXT() REPRESENTATION_CONTEXT('2D SPACE',''
  ) );
#10109 = ORIENTED_EDGE('',*,*,#10110,.T.);
#10110 = EDGE_CURVE('',#10088,#4901,#10111,.T.);
#10111 = SURFACE_CURVE('',#10112,(#10116,#10123),.PCURVE_S1.);
#10112 = LINE('',#10113,#10114);
#10113 = CARTESIAN_POINT('',(11.825,-1.65,2.761008928571));
#10114 = VECTOR('',#10115,1.);
#10115 = DIRECTION('',(0.,0.,1.));
#10116 = PCURVE('',#4941,#10117);
#10117 = DEFINITIONAL_REPRESENTATION('',(#10118),#10122);
#10118 = LINE('',#10119,#10120);
#10119 = CARTESIAN_POINT('',(0.,0.));
#10120 = VECTOR('',#10121,1.);
#10121 = DIRECTION('',(0.,-1.));
#10122 = ( GEOMETRIC_REPRESENTATION_CONTEXT(2) 
PARAMETRIC_REPRESENTATION_CONTEXT() REPRESENTATION_CONTEXT('2D SPACE',''
  ) );
#10123 = PCURVE('',#4915,#10124);
#10124 = DEFINITIONAL_REPRESENTATION('',(#10125),#10129);
#10125 = LINE('',#10126,#10127);
#10126 = CARTESIAN_POINT('',(3.,0.));
#10127 = VECTOR('',#10128,1.);
#10128 = DIRECTION('',(0.,-1.));
#10129 = ( GEOMETRIC_REPRESENTATION_CONTEXT(2) 
PARAMETRIC_REPRESENTATION_CONTEXT() REPRESENTATION_CONTEXT('2D SPACE',''
  ) );
#10130 = ORIENTED_EDGE('',*,*,#4926,.F.);
#10131 = ORIENTED_EDGE('',*,*,#10014,.F.);
#10132 = ADVANCED_FACE('',(#10133),#4603,.F.);
#10133 = FACE_BOUND('',#10134,.F.);
#10134 = EDGE_LOOP('',(#10135,#10158,#10159,#10160));
#10135 = ORIENTED_EDGE('',*,*,#10136,.F.);
#10136 = EDGE_CURVE('',#10039,#10137,#10139,.T.);
#10137 = VERTEX_POINT('',#10138);
#10138 = CARTESIAN_POINT('',(13.825,0.65,2.761008928571));
#10139 = SURFACE_CURVE('',#10140,(#10144,#10151),.PCURVE_S1.);
#10140 = LINE('',#10141,#10142);
#10141 = CARTESIAN_POINT('',(13.525,0.65,2.761008928571));
#10142 = VECTOR('',#10143,1.);
#10143 = DIRECTION('',(1.,2.22044604925E-16,0.));
#10144 = PCURVE('',#4603,#10145);
#10145 = DEFINITIONAL_REPRESENTATION('',(#10146),#10150);
#10146 = LINE('',#10147,#10148);
#10147 = CARTESIAN_POINT('',(0.,0.));
#10148 = VECTOR('',#10149,1.);
#10149 = DIRECTION('',(1.,0.));
#10150 = ( GEOMETRIC_REPRESENTATION_CONTEXT(2) 
PARAMETRIC_REPRESENTATION_CONTEXT() REPRESENTATION_CONTEXT('2D SPACE',''
  ) );
#10151 = PCURVE('',#9686,#10152);
#10152 = DEFINITIONAL_REPRESENTATION('',(#10153),#10157);
#10153 = LINE('',#10154,#10155);
#10154 = CARTESIAN_POINT('',(0.223611111111,0.636111111111));
#10155 = VECTOR('',#10156,1.);
#10156 = DIRECTION('',(1.,2.22044604925E-16));
#10157 = ( GEOMETRIC_REPRESENTATION_CONTEXT(2) 
PARAMETRIC_REPRESENTATION_CONTEXT() REPRESENTATION_CONTEXT('2D SPACE',''
  ) );
#10158 = ORIENTED_EDGE('',*,*,#10063,.T.);
#10159 = ORIENTED_EDGE('',*,*,#4588,.F.);
#10160 = ORIENTED_EDGE('',*,*,#10161,.F.);
#10161 = EDGE_CURVE('',#10137,#4589,#10162,.T.);
#10162 = SURFACE_CURVE('',#10163,(#10167,#10174),.PCURVE_S1.);
#10163 = LINE('',#10164,#10165);
#10164 = CARTESIAN_POINT('',(13.825,0.65,2.761008928571));
#10165 = VECTOR('',#10166,1.);
#10166 = DIRECTION('',(0.,0.,1.));
#10167 = PCURVE('',#4603,#10168);
#10168 = DEFINITIONAL_REPRESENTATION('',(#10169),#10173);
#10169 = LINE('',#10170,#10171);
#10170 = CARTESIAN_POINT('',(0.3,0.));
#10171 = VECTOR('',#10172,1.);
#10172 = DIRECTION('',(0.,-1.));
#10173 = ( GEOMETRIC_REPRESENTATION_CONTEXT(2) 
PARAMETRIC_REPRESENTATION_CONTEXT() REPRESENTATION_CONTEXT('2D SPACE',''
  ) );
#10174 = PCURVE('',#4629,#10175);
#10175 = DEFINITIONAL_REPRESENTATION('',(#10176),#10180);
#10176 = LINE('',#10177,#10178);
#10177 = CARTESIAN_POINT('',(1.,0.));
#10178 = VECTOR('',#10179,1.);
#10179 = DIRECTION('',(0.,-1.));
#10180 = ( GEOMETRIC_REPRESENTATION_CONTEXT(2) 
PARAMETRIC_REPRESENTATION_CONTEXT() REPRESENTATION_CONTEXT('2D SPACE',''
  ) );
#10181 = ADVANCED_FACE('',(#10182),#4915,.F.);
#10182 = FACE_BOUND('',#10183,.F.);
#10183 = EDGE_LOOP('',(#10184,#10207,#10228,#10229));
#10184 = ORIENTED_EDGE('',*,*,#10185,.F.);
#10185 = EDGE_CURVE('',#10186,#10088,#10188,.T.);
#10186 = VERTEX_POINT('',#10187);
#10187 = CARTESIAN_POINT('',(14.825,-1.65,2.761008928571));
#10188 = SURFACE_CURVE('',#10189,(#10193,#10200),.PCURVE_S1.);
#10189 = LINE('',#10190,#10191);
#10190 = CARTESIAN_POINT('',(14.825,-1.65,2.761008928571));
#10191 = VECTOR('',#10192,1.);
#10192 = DIRECTION('',(-1.,-2.22044604925E-16,0.));
#10193 = PCURVE('',#4915,#10194);
#10194 = DEFINITIONAL_REPRESENTATION('',(#10195),#10199);
#10195 = LINE('',#10196,#10197);
#10196 = CARTESIAN_POINT('',(0.,0.));
#10197 = VECTOR('',#10198,1.);
#10198 = DIRECTION('',(1.,0.));
#10199 = ( GEOMETRIC_REPRESENTATION_CONTEXT(2) 
PARAMETRIC_REPRESENTATION_CONTEXT() REPRESENTATION_CONTEXT('2D SPACE',''
  ) );
#10200 = PCURVE('',#9686,#10201);
#10201 = DEFINITIONAL_REPRESENTATION('',(#10202),#10206);
#10202 = LINE('',#10203,#10204);
#10203 = CARTESIAN_POINT('',(1.523611111111,-1.663888888889));
#10204 = VECTOR('',#10205,1.);
#10205 = DIRECTION('',(-1.,-2.22044604925E-16));
#10206 = ( GEOMETRIC_REPRESENTATION_CONTEXT(2) 
PARAMETRIC_REPRESENTATION_CONTEXT() REPRESENTATION_CONTEXT('2D SPACE',''
  ) );
#10207 = ORIENTED_EDGE('',*,*,#10208,.T.);
#10208 = EDGE_CURVE('',#10186,#4875,#10209,.T.);
#10209 = SURFACE_CURVE('',#10210,(#10214,#10221),.PCURVE_S1.);
#10210 = LINE('',#10211,#10212);
#10211 = CARTESIAN_POINT('',(14.825,-1.65,2.761008928571));
#10212 = VECTOR('',#10213,1.);
#10213 = DIRECTION('',(0.,0.,1.));
#10214 = PCURVE('',#4915,#10215);
#10215 = DEFINITIONAL_REPRESENTATION('',(#10216),#10220);
#10216 = LINE('',#10217,#10218);
#10217 = CARTESIAN_POINT('',(0.,0.));
#10218 = VECTOR('',#10219,1.);
#10219 = DIRECTION('',(0.,-1.));
#10220 = ( GEOMETRIC_REPRESENTATION_CONTEXT(2) 
PARAMETRIC_REPRESENTATION_CONTEXT() REPRESENTATION_CONTEXT('2D SPACE',''
  ) );
#10221 = PCURVE('',#4889,#10222);
#10222 = DEFINITIONAL_REPRESENTATION('',(#10223),#10227);
#10223 = LINE('',#10224,#10225);
#10224 = CARTESIAN_POINT('',(0.3,0.));
#10225 = VECTOR('',#10226,1.);
#10226 = DIRECTION('',(0.,-1.));
#10227 = ( GEOMETRIC_REPRESENTATION_CONTEXT(2) 
PARAMETRIC_REPRESENTATION_CONTEXT() REPRESENTATION_CONTEXT('2D SPACE',''
  ) );
#10228 = ORIENTED_EDGE('',*,*,#4900,.F.);
#10229 = ORIENTED_EDGE('',*,*,#10110,.F.);
#10230 = ADVANCED_FACE('',(#10231),#4629,.T.);
#10231 = FACE_BOUND('',#10232,.T.);
#10232 = EDGE_LOOP('',(#10233,#10256,#10277,#10278));
#10233 = ORIENTED_EDGE('',*,*,#10234,.F.);
#10234 = EDGE_CURVE('',#10235,#10137,#10237,.T.);
#10235 = VERTEX_POINT('',#10236);
#10236 = CARTESIAN_POINT('',(13.825,-0.35,2.761008928571));
#10237 = SURFACE_CURVE('',#10238,(#10242,#10249),.PCURVE_S1.);
#10238 = LINE('',#10239,#10240);
#10239 = CARTESIAN_POINT('',(13.825,-0.35,2.761008928571));
#10240 = VECTOR('',#10241,1.);
#10241 = DIRECTION('',(-2.22044604925E-16,1.,0.));
#10242 = PCURVE('',#4629,#10243);
#10243 = DEFINITIONAL_REPRESENTATION('',(#10244),#10248);
#10244 = LINE('',#10245,#10246);
#10245 = CARTESIAN_POINT('',(0.,0.));
#10246 = VECTOR('',#10247,1.);
#10247 = DIRECTION('',(1.,0.));
#10248 = ( GEOMETRIC_REPRESENTATION_CONTEXT(2) 
PARAMETRIC_REPRESENTATION_CONTEXT() REPRESENTATION_CONTEXT('2D SPACE',''
  ) );
#10249 = PCURVE('',#9686,#10250);
#10250 = DEFINITIONAL_REPRESENTATION('',(#10251),#10255);
#10251 = LINE('',#10252,#10253);
#10252 = CARTESIAN_POINT('',(0.523611111111,-0.363888888889));
#10253 = VECTOR('',#10254,1.);
#10254 = DIRECTION('',(-2.22044604925E-16,1.));
#10255 = ( GEOMETRIC_REPRESENTATION_CONTEXT(2) 
PARAMETRIC_REPRESENTATION_CONTEXT() REPRESENTATION_CONTEXT('2D SPACE',''
  ) );
#10256 = ORIENTED_EDGE('',*,*,#10257,.T.);
#10257 = EDGE_CURVE('',#10235,#4615,#10258,.T.);
#10258 = SURFACE_CURVE('',#10259,(#10263,#10270),.PCURVE_S1.);
#10259 = LINE('',#10260,#10261);
#10260 = CARTESIAN_POINT('',(13.825,-0.35,2.761008928571));
#10261 = VECTOR('',#10262,1.);
#10262 = DIRECTION('',(0.,0.,1.));
#10263 = PCURVE('',#4629,#10264);
#10264 = DEFINITIONAL_REPRESENTATION('',(#10265),#10269);
#10265 = LINE('',#10266,#10267);
#10266 = CARTESIAN_POINT('',(0.,0.));
#10267 = VECTOR('',#10268,1.);
#10268 = DIRECTION('',(0.,-1.));
#10269 = ( GEOMETRIC_REPRESENTATION_CONTEXT(2) 
PARAMETRIC_REPRESENTATION_CONTEXT() REPRESENTATION_CONTEXT('2D SPACE',''
  ) );
#10270 = PCURVE('',#4655,#10271);
#10271 = DEFINITIONAL_REPRESENTATION('',(#10272),#10276);
#10272 = LINE('',#10273,#10274);
#10273 = CARTESIAN_POINT('',(0.7,0.));
#10274 = VECTOR('',#10275,1.);
#10275 = DIRECTION('',(0.,-1.));
#10276 = ( GEOMETRIC_REPRESENTATION_CONTEXT(2) 
PARAMETRIC_REPRESENTATION_CONTEXT() REPRESENTATION_CONTEXT('2D SPACE',''
  ) );
#10277 = ORIENTED_EDGE('',*,*,#4614,.F.);
#10278 = ORIENTED_EDGE('',*,*,#10161,.F.);
#10279 = ADVANCED_FACE('',(#10280),#4889,.F.);
#10280 = FACE_BOUND('',#10281,.F.);
#10281 = EDGE_LOOP('',(#10282,#10305,#10326,#10327));
#10282 = ORIENTED_EDGE('',*,*,#10283,.F.);
#10283 = EDGE_CURVE('',#10284,#10186,#10286,.T.);
#10284 = VERTEX_POINT('',#10285);
#10285 = CARTESIAN_POINT('',(14.825,-1.35,2.761008928571));
#10286 = SURFACE_CURVE('',#10287,(#10291,#10298),.PCURVE_S1.);
#10287 = LINE('',#10288,#10289);
#10288 = CARTESIAN_POINT('',(14.825,-1.35,2.761008928571));
#10289 = VECTOR('',#10290,1.);
#10290 = DIRECTION('',(6.143234069593E-15,-1.,0.));
#10291 = PCURVE('',#4889,#10292);
#10292 = DEFINITIONAL_REPRESENTATION('',(#10293),#10297);
#10293 = LINE('',#10294,#10295);
#10294 = CARTESIAN_POINT('',(0.,0.));
#10295 = VECTOR('',#10296,1.);
#10296 = DIRECTION('',(1.,0.));
#10297 = ( GEOMETRIC_REPRESENTATION_CONTEXT(2) 
PARAMETRIC_REPRESENTATION_CONTEXT() REPRESENTATION_CONTEXT('2D SPACE',''
  ) );
#10298 = PCURVE('',#9686,#10299);
#10299 = DEFINITIONAL_REPRESENTATION('',(#10300),#10304);
#10300 = LINE('',#10301,#10302);
#10301 = CARTESIAN_POINT('',(1.523611111111,-1.363888888889));
#10302 = VECTOR('',#10303,1.);
#10303 = DIRECTION('',(6.143234069593E-15,-1.));
#10304 = ( GEOMETRIC_REPRESENTATION_CONTEXT(2) 
PARAMETRIC_REPRESENTATION_CONTEXT() REPRESENTATION_CONTEXT('2D SPACE',''
  ) );
#10305 = ORIENTED_EDGE('',*,*,#10306,.T.);
#10306 = EDGE_CURVE('',#10284,#4849,#10307,.T.);
#10307 = SURFACE_CURVE('',#10308,(#10312,#10319),.PCURVE_S1.);
#10308 = LINE('',#10309,#10310);
#10309 = CARTESIAN_POINT('',(14.825,-1.35,2.761008928571));
#10310 = VECTOR('',#10311,1.);
#10311 = DIRECTION('',(0.,0.,1.));
#10312 = PCURVE('',#4889,#10313);
#10313 = DEFINITIONAL_REPRESENTATION('',(#10314),#10318);
#10314 = LINE('',#10315,#10316);
#10315 = CARTESIAN_POINT('',(0.,0.));
#10316 = VECTOR('',#10317,1.);
#10317 = DIRECTION('',(0.,-1.));
#10318 = ( GEOMETRIC_REPRESENTATION_CONTEXT(2) 
PARAMETRIC_REPRESENTATION_CONTEXT() REPRESENTATION_CONTEXT('2D SPACE',''
  ) );
#10319 = PCURVE('',#4863,#10320);
#10320 = DEFINITIONAL_REPRESENTATION('',(#10321),#10325);
#10321 = LINE('',#10322,#10323);
#10322 = CARTESIAN_POINT('',(0.,0.));
#10323 = VECTOR('',#10324,1.);
#10324 = DIRECTION('',(0.,-1.));
#10325 = ( GEOMETRIC_REPRESENTATION_CONTEXT(2) 
PARAMETRIC_REPRESENTATION_CONTEXT() REPRESENTATION_CONTEXT('2D SPACE',''
  ) );
#10326 = ORIENTED_EDGE('',*,*,#4874,.F.);
#10327 = ORIENTED_EDGE('',*,*,#10208,.F.);
#10328 = ADVANCED_FACE('',(#10329),#4655,.T.);
#10329 = FACE_BOUND('',#10330,.T.);
#10330 = EDGE_LOOP('',(#10331,#10354,#10375,#10376));
#10331 = ORIENTED_EDGE('',*,*,#10332,.F.);
#10332 = EDGE_CURVE('',#10333,#10235,#10335,.T.);
#10333 = VERTEX_POINT('',#10334);
#10334 = CARTESIAN_POINT('',(14.525,-0.35,2.761008928571));
#10335 = SURFACE_CURVE('',#10336,(#10340,#10347),.PCURVE_S1.);
#10336 = LINE('',#10337,#10338);
#10337 = CARTESIAN_POINT('',(14.525,-0.35,2.761008928571));
#10338 = VECTOR('',#10339,1.);
#10339 = DIRECTION('',(-1.,-2.22044604925E-16,0.));
#10340 = PCURVE('',#4655,#10341);
#10341 = DEFINITIONAL_REPRESENTATION('',(#10342),#10346);
#10342 = LINE('',#10343,#10344);
#10343 = CARTESIAN_POINT('',(0.,0.));
#10344 = VECTOR('',#10345,1.);
#10345 = DIRECTION('',(1.,0.));
#10346 = ( GEOMETRIC_REPRESENTATION_CONTEXT(2) 
PARAMETRIC_REPRESENTATION_CONTEXT() REPRESENTATION_CONTEXT('2D SPACE',''
  ) );
#10347 = PCURVE('',#9686,#10348);
#10348 = DEFINITIONAL_REPRESENTATION('',(#10349),#10353);
#10349 = LINE('',#10350,#10351);
#10350 = CARTESIAN_POINT('',(1.223611111111,-0.363888888889));
#10351 = VECTOR('',#10352,1.);
#10352 = DIRECTION('',(-1.,-2.22044604925E-16));
#10353 = ( GEOMETRIC_REPRESENTATION_CONTEXT(2) 
PARAMETRIC_REPRESENTATION_CONTEXT() REPRESENTATION_CONTEXT('2D SPACE',''
  ) );
#10354 = ORIENTED_EDGE('',*,*,#10355,.T.);
#10355 = EDGE_CURVE('',#10333,#4641,#10356,.T.);
#10356 = SURFACE_CURVE('',#10357,(#10361,#10368),.PCURVE_S1.);
#10357 = LINE('',#10358,#10359);
#10358 = CARTESIAN_POINT('',(14.525,-0.35,2.761008928571));
#10359 = VECTOR('',#10360,1.);
#10360 = DIRECTION('',(0.,0.,1.));
#10361 = PCURVE('',#4655,#10362);
#10362 = DEFINITIONAL_REPRESENTATION('',(#10363),#10367);
#10363 = LINE('',#10364,#10365);
#10364 = CARTESIAN_POINT('',(0.,0.));
#10365 = VECTOR('',#10366,1.);
#10366 = DIRECTION('',(0.,-1.));
#10367 = ( GEOMETRIC_REPRESENTATION_CONTEXT(2) 
PARAMETRIC_REPRESENTATION_CONTEXT() REPRESENTATION_CONTEXT('2D SPACE',''
  ) );
#10368 = PCURVE('',#4681,#10369);
#10369 = DEFINITIONAL_REPRESENTATION('',(#10370),#10374);
#10370 = LINE('',#10371,#10372);
#10371 = CARTESIAN_POINT('',(1.7,0.));
#10372 = VECTOR('',#10373,1.);
#10373 = DIRECTION('',(0.,-1.));
#10374 = ( GEOMETRIC_REPRESENTATION_CONTEXT(2) 
PARAMETRIC_REPRESENTATION_CONTEXT() REPRESENTATION_CONTEXT('2D SPACE',''
  ) );
#10375 = ORIENTED_EDGE('',*,*,#4640,.F.);
#10376 = ORIENTED_EDGE('',*,*,#10257,.F.);
#10377 = ADVANCED_FACE('',(#10378),#4863,.T.);
#10378 = FACE_BOUND('',#10379,.T.);
#10379 = EDGE_LOOP('',(#10380,#10403,#10404,#10405));
#10380 = ORIENTED_EDGE('',*,*,#10381,.F.);
#10381 = EDGE_CURVE('',#10284,#10382,#10384,.T.);
#10382 = VERTEX_POINT('',#10383);
#10383 = CARTESIAN_POINT('',(12.125,-1.35,2.761008928571));
#10384 = SURFACE_CURVE('',#10385,(#10389,#10396),.PCURVE_S1.);
#10385 = LINE('',#10386,#10387);
#10386 = CARTESIAN_POINT('',(14.825,-1.35,2.761008928571));
#10387 = VECTOR('',#10388,1.);
#10388 = DIRECTION('',(-1.,-2.22044604925E-16,0.));
#10389 = PCURVE('',#4863,#10390);
#10390 = DEFINITIONAL_REPRESENTATION('',(#10391),#10395);
#10391 = LINE('',#10392,#10393);
#10392 = CARTESIAN_POINT('',(0.,0.));
#10393 = VECTOR('',#10394,1.);
#10394 = DIRECTION('',(1.,0.));
#10395 = ( GEOMETRIC_REPRESENTATION_CONTEXT(2) 
PARAMETRIC_REPRESENTATION_CONTEXT() REPRESENTATION_CONTEXT('2D SPACE',''
  ) );
#10396 = PCURVE('',#9686,#10397);
#10397 = DEFINITIONAL_REPRESENTATION('',(#10398),#10402);
#10398 = LINE('',#10399,#10400);
#10399 = CARTESIAN_POINT('',(1.523611111111,-1.363888888889));
#10400 = VECTOR('',#10401,1.);
#10401 = DIRECTION('',(-1.,-2.22044604925E-16));
#10402 = ( GEOMETRIC_REPRESENTATION_CONTEXT(2) 
PARAMETRIC_REPRESENTATION_CONTEXT() REPRESENTATION_CONTEXT('2D SPACE',''
  ) );
#10403 = ORIENTED_EDGE('',*,*,#10306,.T.);
#10404 = ORIENTED_EDGE('',*,*,#4848,.F.);
#10405 = ORIENTED_EDGE('',*,*,#10406,.F.);
#10406 = EDGE_CURVE('',#10382,#4823,#10407,.T.);
#10407 = SURFACE_CURVE('',#10408,(#10412,#10419),.PCURVE_S1.);
#10408 = LINE('',#10409,#10410);
#10409 = CARTESIAN_POINT('',(12.125,-1.35,2.761008928571));
#10410 = VECTOR('',#10411,1.);
#10411 = DIRECTION('',(0.,0.,1.));
#10412 = PCURVE('',#4863,#10413);
#10413 = DEFINITIONAL_REPRESENTATION('',(#10414),#10418);
#10414 = LINE('',#10415,#10416);
#10415 = CARTESIAN_POINT('',(2.7,0.));
#10416 = VECTOR('',#10417,1.);
#10417 = DIRECTION('',(0.,-1.));
#10418 = ( GEOMETRIC_REPRESENTATION_CONTEXT(2) 
PARAMETRIC_REPRESENTATION_CONTEXT() REPRESENTATION_CONTEXT('2D SPACE',''
  ) );
#10419 = PCURVE('',#4837,#10420);
#10420 = DEFINITIONAL_REPRESENTATION('',(#10421),#10425);
#10421 = LINE('',#10422,#10423);
#10422 = CARTESIAN_POINT('',(0.,0.));
#10423 = VECTOR('',#10424,1.);
#10424 = DIRECTION('',(0.,-1.));
#10425 = ( GEOMETRIC_REPRESENTATION_CONTEXT(2) 
PARAMETRIC_REPRESENTATION_CONTEXT() REPRESENTATION_CONTEXT('2D SPACE',''
  ) );
#10426 = ADVANCED_FACE('',(#10427),#4681,.T.);
#10427 = FACE_BOUND('',#10428,.T.);
#10428 = EDGE_LOOP('',(#10429,#10452,#10473,#10474));
#10429 = ORIENTED_EDGE('',*,*,#10430,.F.);
#10430 = EDGE_CURVE('',#10431,#10333,#10433,.T.);
#10431 = VERTEX_POINT('',#10432);
#10432 = CARTESIAN_POINT('',(14.525,1.35,2.761008928571));
#10433 = SURFACE_CURVE('',#10434,(#10438,#10445),.PCURVE_S1.);
#10434 = LINE('',#10435,#10436);
#10435 = CARTESIAN_POINT('',(14.525,1.35,2.761008928571));
#10436 = VECTOR('',#10437,1.);
#10437 = DIRECTION('',(2.22044604925E-16,-1.,0.));
#10438 = PCURVE('',#4681,#10439);
#10439 = DEFINITIONAL_REPRESENTATION('',(#10440),#10444);
#10440 = LINE('',#10441,#10442);
#10441 = CARTESIAN_POINT('',(0.,0.));
#10442 = VECTOR('',#10443,1.);
#10443 = DIRECTION('',(1.,0.));
#10444 = ( GEOMETRIC_REPRESENTATION_CONTEXT(2) 
PARAMETRIC_REPRESENTATION_CONTEXT() REPRESENTATION_CONTEXT('2D SPACE',''
  ) );
#10445 = PCURVE('',#9686,#10446);
#10446 = DEFINITIONAL_REPRESENTATION('',(#10447),#10451);
#10447 = LINE('',#10448,#10449);
#10448 = CARTESIAN_POINT('',(1.223611111111,1.336111111111));
#10449 = VECTOR('',#10450,1.);
#10450 = DIRECTION('',(2.22044604925E-16,-1.));
#10451 = ( GEOMETRIC_REPRESENTATION_CONTEXT(2) 
PARAMETRIC_REPRESENTATION_CONTEXT() REPRESENTATION_CONTEXT('2D SPACE',''
  ) );
#10452 = ORIENTED_EDGE('',*,*,#10453,.T.);
#10453 = EDGE_CURVE('',#10431,#4667,#10454,.T.);
#10454 = SURFACE_CURVE('',#10455,(#10459,#10466),.PCURVE_S1.);
#10455 = LINE('',#10456,#10457);
#10456 = CARTESIAN_POINT('',(14.525,1.35,2.761008928571));
#10457 = VECTOR('',#10458,1.);
#10458 = DIRECTION('',(0.,0.,1.));
#10459 = PCURVE('',#4681,#10460);
#10460 = DEFINITIONAL_REPRESENTATION('',(#10461),#10465);
#10461 = LINE('',#10462,#10463);
#10462 = CARTESIAN_POINT('',(0.,0.));
#10463 = VECTOR('',#10464,1.);
#10464 = DIRECTION('',(0.,-1.));
#10465 = ( GEOMETRIC_REPRESENTATION_CONTEXT(2) 
PARAMETRIC_REPRESENTATION_CONTEXT() REPRESENTATION_CONTEXT('2D SPACE',''
  ) );
#10466 = PCURVE('',#4707,#10467);
#10467 = DEFINITIONAL_REPRESENTATION('',(#10468),#10472);
#10468 = LINE('',#10469,#10470);
#10469 = CARTESIAN_POINT('',(0.,0.));
#10470 = VECTOR('',#10471,1.);
#10471 = DIRECTION('',(0.,-1.));
#10472 = ( GEOMETRIC_REPRESENTATION_CONTEXT(2) 
PARAMETRIC_REPRESENTATION_CONTEXT() REPRESENTATION_CONTEXT('2D SPACE',''
  ) );
#10473 = ORIENTED_EDGE('',*,*,#4666,.F.);
#10474 = ORIENTED_EDGE('',*,*,#10355,.F.);
#10475 = ADVANCED_FACE('',(#10476),#4837,.T.);
#10476 = FACE_BOUND('',#10477,.T.);
#10477 = EDGE_LOOP('',(#10478,#10501,#10502,#10503));
#10478 = ORIENTED_EDGE('',*,*,#10479,.F.);
#10479 = EDGE_CURVE('',#10382,#10480,#10482,.T.);
#10480 = VERTEX_POINT('',#10481);
#10481 = CARTESIAN_POINT('',(12.125,-0.65,2.761008928571));
#10482 = SURFACE_CURVE('',#10483,(#10487,#10494),.PCURVE_S1.);
#10483 = LINE('',#10484,#10485);
#10484 = CARTESIAN_POINT('',(12.125,-1.35,2.761008928571));
#10485 = VECTOR('',#10486,1.);
#10486 = DIRECTION('',(-2.22044604925E-16,1.,0.));
#10487 = PCURVE('',#4837,#10488);
#10488 = DEFINITIONAL_REPRESENTATION('',(#10489),#10493);
#10489 = LINE('',#10490,#10491);
#10490 = CARTESIAN_POINT('',(0.,0.));
#10491 = VECTOR('',#10492,1.);
#10492 = DIRECTION('',(1.,0.));
#10493 = ( GEOMETRIC_REPRESENTATION_CONTEXT(2) 
PARAMETRIC_REPRESENTATION_CONTEXT() REPRESENTATION_CONTEXT('2D SPACE',''
  ) );
#10494 = PCURVE('',#9686,#10495);
#10495 = DEFINITIONAL_REPRESENTATION('',(#10496),#10500);
#10496 = LINE('',#10497,#10498);
#10497 = CARTESIAN_POINT('',(-1.176388888889,-1.363888888889));
#10498 = VECTOR('',#10499,1.);
#10499 = DIRECTION('',(-2.22044604925E-16,1.));
#10500 = ( GEOMETRIC_REPRESENTATION_CONTEXT(2) 
PARAMETRIC_REPRESENTATION_CONTEXT() REPRESENTATION_CONTEXT('2D SPACE',''
  ) );
#10501 = ORIENTED_EDGE('',*,*,#10406,.T.);
#10502 = ORIENTED_EDGE('',*,*,#4822,.F.);
#10503 = ORIENTED_EDGE('',*,*,#10504,.F.);
#10504 = EDGE_CURVE('',#10480,#4797,#10505,.T.);
#10505 = SURFACE_CURVE('',#10506,(#10510,#10517),.PCURVE_S1.);
#10506 = LINE('',#10507,#10508);
#10507 = CARTESIAN_POINT('',(12.125,-0.65,2.761008928571));
#10508 = VECTOR('',#10509,1.);
#10509 = DIRECTION('',(0.,0.,1.));
#10510 = PCURVE('',#4837,#10511);
#10511 = DEFINITIONAL_REPRESENTATION('',(#10512),#10516);
#10512 = LINE('',#10513,#10514);
#10513 = CARTESIAN_POINT('',(0.7,0.));
#10514 = VECTOR('',#10515,1.);
#10515 = DIRECTION('',(0.,-1.));
#10516 = ( GEOMETRIC_REPRESENTATION_CONTEXT(2) 
PARAMETRIC_REPRESENTATION_CONTEXT() REPRESENTATION_CONTEXT('2D SPACE',''
  ) );
#10517 = PCURVE('',#4811,#10518);
#10518 = DEFINITIONAL_REPRESENTATION('',(#10519),#10523);
#10519 = LINE('',#10520,#10521);
#10520 = CARTESIAN_POINT('',(0.,0.));
#10521 = VECTOR('',#10522,1.);
#10522 = DIRECTION('',(0.,-1.));
#10523 = ( GEOMETRIC_REPRESENTATION_CONTEXT(2) 
PARAMETRIC_REPRESENTATION_CONTEXT() REPRESENTATION_CONTEXT('2D SPACE',''
  ) );
#10524 = ADVANCED_FACE('',(#10525),#4707,.F.);
#10525 = FACE_BOUND('',#10526,.F.);
#10526 = EDGE_LOOP('',(#10527,#10550,#10551,#10552));
#10527 = ORIENTED_EDGE('',*,*,#10528,.F.);
#10528 = EDGE_CURVE('',#10431,#10529,#10531,.T.);
#10529 = VERTEX_POINT('',#10530);
#10530 = CARTESIAN_POINT('',(12.125,1.35,2.761008928571));
#10531 = SURFACE_CURVE('',#10532,(#10536,#10543),.PCURVE_S1.);
#10532 = LINE('',#10533,#10534);
#10533 = CARTESIAN_POINT('',(14.525,1.35,2.761008928571));
#10534 = VECTOR('',#10535,1.);
#10535 = DIRECTION('',(-1.,-2.22044604925E-16,0.));
#10536 = PCURVE('',#4707,#10537);
#10537 = DEFINITIONAL_REPRESENTATION('',(#10538),#10542);
#10538 = LINE('',#10539,#10540);
#10539 = CARTESIAN_POINT('',(0.,0.));
#10540 = VECTOR('',#10541,1.);
#10541 = DIRECTION('',(1.,0.));
#10542 = ( GEOMETRIC_REPRESENTATION_CONTEXT(2) 
PARAMETRIC_REPRESENTATION_CONTEXT() REPRESENTATION_CONTEXT('2D SPACE',''
  ) );
#10543 = PCURVE('',#9686,#10544);
#10544 = DEFINITIONAL_REPRESENTATION('',(#10545),#10549);
#10545 = LINE('',#10546,#10547);
#10546 = CARTESIAN_POINT('',(1.223611111111,1.336111111111));
#10547 = VECTOR('',#10548,1.);
#10548 = DIRECTION('',(-1.,-2.22044604925E-16));
#10549 = ( GEOMETRIC_REPRESENTATION_CONTEXT(2) 
PARAMETRIC_REPRESENTATION_CONTEXT() REPRESENTATION_CONTEXT('2D SPACE',''
  ) );
#10550 = ORIENTED_EDGE('',*,*,#10453,.T.);
#10551 = ORIENTED_EDGE('',*,*,#4692,.F.);
#10552 = ORIENTED_EDGE('',*,*,#10553,.F.);
#10553 = EDGE_CURVE('',#10529,#4693,#10554,.T.);
#10554 = SURFACE_CURVE('',#10555,(#10559,#10566),.PCURVE_S1.);
#10555 = LINE('',#10556,#10557);
#10556 = CARTESIAN_POINT('',(12.125,1.35,2.761008928571));
#10557 = VECTOR('',#10558,1.);
#10558 = DIRECTION('',(0.,0.,1.));
#10559 = PCURVE('',#4707,#10560);
#10560 = DEFINITIONAL_REPRESENTATION('',(#10561),#10565);
#10561 = LINE('',#10562,#10563);
#10562 = CARTESIAN_POINT('',(2.4,0.));
#10563 = VECTOR('',#10564,1.);
#10564 = DIRECTION('',(0.,-1.));
#10565 = ( GEOMETRIC_REPRESENTATION_CONTEXT(2) 
PARAMETRIC_REPRESENTATION_CONTEXT() REPRESENTATION_CONTEXT('2D SPACE',''
  ) );
#10566 = PCURVE('',#4733,#10567);
#10567 = DEFINITIONAL_REPRESENTATION('',(#10568),#10572);
#10568 = LINE('',#10569,#10570);
#10569 = CARTESIAN_POINT('',(0.,0.));
#10570 = VECTOR('',#10571,1.);
#10571 = DIRECTION('',(0.,-1.));
#10572 = ( GEOMETRIC_REPRESENTATION_CONTEXT(2) 
PARAMETRIC_REPRESENTATION_CONTEXT() REPRESENTATION_CONTEXT('2D SPACE',''
  ) );
#10573 = ADVANCED_FACE('',(#10574),#4811,.T.);
#10574 = FACE_BOUND('',#10575,.T.);
#10575 = EDGE_LOOP('',(#10576,#10599,#10600,#10601));
#10576 = ORIENTED_EDGE('',*,*,#10577,.F.);
#10577 = EDGE_CURVE('',#10480,#10578,#10580,.T.);
#10578 = VERTEX_POINT('',#10579);
#10579 = CARTESIAN_POINT('',(12.825,-0.65,2.761008928571));
#10580 = SURFACE_CURVE('',#10581,(#10585,#10592),.PCURVE_S1.);
#10581 = LINE('',#10582,#10583);
#10582 = CARTESIAN_POINT('',(12.125,-0.65,2.761008928571));
#10583 = VECTOR('',#10584,1.);
#10584 = DIRECTION('',(1.,2.22044604925E-16,0.));
#10585 = PCURVE('',#4811,#10586);
#10586 = DEFINITIONAL_REPRESENTATION('',(#10587),#10591);
#10587 = LINE('',#10588,#10589);
#10588 = CARTESIAN_POINT('',(0.,0.));
#10589 = VECTOR('',#10590,1.);
#10590 = DIRECTION('',(1.,0.));
#10591 = ( GEOMETRIC_REPRESENTATION_CONTEXT(2) 
PARAMETRIC_REPRESENTATION_CONTEXT() REPRESENTATION_CONTEXT('2D SPACE',''
  ) );
#10592 = PCURVE('',#9686,#10593);
#10593 = DEFINITIONAL_REPRESENTATION('',(#10594),#10598);
#10594 = LINE('',#10595,#10596);
#10595 = CARTESIAN_POINT('',(-1.176388888889,-0.663888888889));
#10596 = VECTOR('',#10597,1.);
#10597 = DIRECTION('',(1.,2.22044604925E-16));
#10598 = ( GEOMETRIC_REPRESENTATION_CONTEXT(2) 
PARAMETRIC_REPRESENTATION_CONTEXT() REPRESENTATION_CONTEXT('2D SPACE',''
  ) );
#10599 = ORIENTED_EDGE('',*,*,#10504,.T.);
#10600 = ORIENTED_EDGE('',*,*,#4796,.F.);
#10601 = ORIENTED_EDGE('',*,*,#10602,.F.);
#10602 = EDGE_CURVE('',#10578,#4771,#10603,.T.);
#10603 = SURFACE_CURVE('',#10604,(#10608,#10615),.PCURVE_S1.);
#10604 = LINE('',#10605,#10606);
#10605 = CARTESIAN_POINT('',(12.825,-0.65,2.761008928571));
#10606 = VECTOR('',#10607,1.);
#10607 = DIRECTION('',(0.,0.,1.));
#10608 = PCURVE('',#4811,#10609);
#10609 = DEFINITIONAL_REPRESENTATION('',(#10610),#10614);
#10610 = LINE('',#10611,#10612);
#10611 = CARTESIAN_POINT('',(0.7,0.));
#10612 = VECTOR('',#10613,1.);
#10613 = DIRECTION('',(0.,-1.));
#10614 = ( GEOMETRIC_REPRESENTATION_CONTEXT(2) 
PARAMETRIC_REPRESENTATION_CONTEXT() REPRESENTATION_CONTEXT('2D SPACE',''
  ) );
#10615 = PCURVE('',#4785,#10616);
#10616 = DEFINITIONAL_REPRESENTATION('',(#10617),#10621);
#10617 = LINE('',#10618,#10619);
#10618 = CARTESIAN_POINT('',(1.3,0.));
#10619 = VECTOR('',#10620,1.);
#10620 = DIRECTION('',(0.,-1.));
#10621 = ( GEOMETRIC_REPRESENTATION_CONTEXT(2) 
PARAMETRIC_REPRESENTATION_CONTEXT() REPRESENTATION_CONTEXT('2D SPACE',''
  ) );
#10622 = ADVANCED_FACE('',(#10623),#4733,.F.);
#10623 = FACE_BOUND('',#10624,.F.);
#10624 = EDGE_LOOP('',(#10625,#10648,#10649,#10650));
#10625 = ORIENTED_EDGE('',*,*,#10626,.F.);
#10626 = EDGE_CURVE('',#10529,#10627,#10629,.T.);
#10627 = VERTEX_POINT('',#10628);
#10628 = CARTESIAN_POINT('',(12.125,0.65,2.761008928571));
#10629 = SURFACE_CURVE('',#10630,(#10634,#10641),.PCURVE_S1.);
#10630 = LINE('',#10631,#10632);
#10631 = CARTESIAN_POINT('',(12.125,1.35,2.761008928571));
#10632 = VECTOR('',#10633,1.);
#10633 = DIRECTION('',(2.22044604925E-16,-1.,0.));
#10634 = PCURVE('',#4733,#10635);
#10635 = DEFINITIONAL_REPRESENTATION('',(#10636),#10640);
#10636 = LINE('',#10637,#10638);
#10637 = CARTESIAN_POINT('',(0.,0.));
#10638 = VECTOR('',#10639,1.);
#10639 = DIRECTION('',(1.,0.));
#10640 = ( GEOMETRIC_REPRESENTATION_CONTEXT(2) 
PARAMETRIC_REPRESENTATION_CONTEXT() REPRESENTATION_CONTEXT('2D SPACE',''
  ) );
#10641 = PCURVE('',#9686,#10642);
#10642 = DEFINITIONAL_REPRESENTATION('',(#10643),#10647);
#10643 = LINE('',#10644,#10645);
#10644 = CARTESIAN_POINT('',(-1.176388888889,1.336111111111));
#10645 = VECTOR('',#10646,1.);
#10646 = DIRECTION('',(2.22044604925E-16,-1.));
#10647 = ( GEOMETRIC_REPRESENTATION_CONTEXT(2) 
PARAMETRIC_REPRESENTATION_CONTEXT() REPRESENTATION_CONTEXT('2D SPACE',''
  ) );
#10648 = ORIENTED_EDGE('',*,*,#10553,.T.);
#10649 = ORIENTED_EDGE('',*,*,#4718,.F.);
#10650 = ORIENTED_EDGE('',*,*,#10651,.F.);
#10651 = EDGE_CURVE('',#10627,#4719,#10652,.T.);
#10652 = SURFACE_CURVE('',#10653,(#10657,#10664),.PCURVE_S1.);
#10653 = LINE('',#10654,#10655);
#10654 = CARTESIAN_POINT('',(12.125,0.65,2.761008928571));
#10655 = VECTOR('',#10656,1.);
#10656 = DIRECTION('',(0.,0.,1.));
#10657 = PCURVE('',#4733,#10658);
#10658 = DEFINITIONAL_REPRESENTATION('',(#10659),#10663);
#10659 = LINE('',#10660,#10661);
#10660 = CARTESIAN_POINT('',(0.7,0.));
#10661 = VECTOR('',#10662,1.);
#10662 = DIRECTION('',(0.,-1.));
#10663 = ( GEOMETRIC_REPRESENTATION_CONTEXT(2) 
PARAMETRIC_REPRESENTATION_CONTEXT() REPRESENTATION_CONTEXT('2D SPACE',''
  ) );
#10664 = PCURVE('',#4759,#10665);
#10665 = DEFINITIONAL_REPRESENTATION('',(#10666),#10670);
#10666 = LINE('',#10667,#10668);
#10667 = CARTESIAN_POINT('',(0.,0.));
#10668 = VECTOR('',#10669,1.);
#10669 = DIRECTION('',(0.,-1.));
#10670 = ( GEOMETRIC_REPRESENTATION_CONTEXT(2) 
PARAMETRIC_REPRESENTATION_CONTEXT() REPRESENTATION_CONTEXT('2D SPACE',''
  ) );
#10671 = ADVANCED_FACE('',(#10672),#4785,.F.);
#10672 = FACE_BOUND('',#10673,.F.);
#10673 = EDGE_LOOP('',(#10674,#10697,#10718,#10719));
#10674 = ORIENTED_EDGE('',*,*,#10675,.F.);
#10675 = EDGE_CURVE('',#10676,#10578,#10678,.T.);
#10676 = VERTEX_POINT('',#10677);
#10677 = CARTESIAN_POINT('',(12.825,0.65,2.761008928571));
#10678 = SURFACE_CURVE('',#10679,(#10683,#10690),.PCURVE_S1.);
#10679 = LINE('',#10680,#10681);
#10680 = CARTESIAN_POINT('',(12.825,0.65,2.761008928571));
#10681 = VECTOR('',#10682,1.);
#10682 = DIRECTION('',(2.22044604925E-16,-1.,0.));
#10683 = PCURVE('',#4785,#10684);
#10684 = DEFINITIONAL_REPRESENTATION('',(#10685),#10689);
#10685 = LINE('',#10686,#10687);
#10686 = CARTESIAN_POINT('',(0.,0.));
#10687 = VECTOR('',#10688,1.);
#10688 = DIRECTION('',(1.,0.));
#10689 = ( GEOMETRIC_REPRESENTATION_CONTEXT(2) 
PARAMETRIC_REPRESENTATION_CONTEXT() REPRESENTATION_CONTEXT('2D SPACE',''
  ) );
#10690 = PCURVE('',#9686,#10691);
#10691 = DEFINITIONAL_REPRESENTATION('',(#10692),#10696);
#10692 = LINE('',#10693,#10694);
#10693 = CARTESIAN_POINT('',(-0.476388888889,0.636111111111));
#10694 = VECTOR('',#10695,1.);
#10695 = DIRECTION('',(2.22044604925E-16,-1.));
#10696 = ( GEOMETRIC_REPRESENTATION_CONTEXT(2) 
PARAMETRIC_REPRESENTATION_CONTEXT() REPRESENTATION_CONTEXT('2D SPACE',''
  ) );
#10697 = ORIENTED_EDGE('',*,*,#10698,.T.);
#10698 = EDGE_CURVE('',#10676,#4745,#10699,.T.);
#10699 = SURFACE_CURVE('',#10700,(#10704,#10711),.PCURVE_S1.);
#10700 = LINE('',#10701,#10702);
#10701 = CARTESIAN_POINT('',(12.825,0.65,2.761008928571));
#10702 = VECTOR('',#10703,1.);
#10703 = DIRECTION('',(0.,0.,1.));
#10704 = PCURVE('',#4785,#10705);
#10705 = DEFINITIONAL_REPRESENTATION('',(#10706),#10710);
#10706 = LINE('',#10707,#10708);
#10707 = CARTESIAN_POINT('',(0.,0.));
#10708 = VECTOR('',#10709,1.);
#10709 = DIRECTION('',(0.,-1.));
#10710 = ( GEOMETRIC_REPRESENTATION_CONTEXT(2) 
PARAMETRIC_REPRESENTATION_CONTEXT() REPRESENTATION_CONTEXT('2D SPACE',''
  ) );
#10711 = PCURVE('',#4759,#10712);
#10712 = DEFINITIONAL_REPRESENTATION('',(#10713),#10717);
#10713 = LINE('',#10714,#10715);
#10714 = CARTESIAN_POINT('',(0.7,0.));
#10715 = VECTOR('',#10716,1.);
#10716 = DIRECTION('',(0.,-1.));
#10717 = ( GEOMETRIC_REPRESENTATION_CONTEXT(2) 
PARAMETRIC_REPRESENTATION_CONTEXT() REPRESENTATION_CONTEXT('2D SPACE',''
  ) );
#10718 = ORIENTED_EDGE('',*,*,#4770,.F.);
#10719 = ORIENTED_EDGE('',*,*,#10602,.F.);
#10720 = ADVANCED_FACE('',(#10721),#4759,.F.);
#10721 = FACE_BOUND('',#10722,.F.);
#10722 = EDGE_LOOP('',(#10723,#10744,#10745,#10746));
#10723 = ORIENTED_EDGE('',*,*,#10724,.F.);
#10724 = EDGE_CURVE('',#10627,#10676,#10725,.T.);
#10725 = SURFACE_CURVE('',#10726,(#10730,#10737),.PCURVE_S1.);
#10726 = LINE('',#10727,#10728);
#10727 = CARTESIAN_POINT('',(12.125,0.65,2.761008928571));
#10728 = VECTOR('',#10729,1.);
#10729 = DIRECTION('',(1.,2.22044604925E-16,0.));
#10730 = PCURVE('',#4759,#10731);
#10731 = DEFINITIONAL_REPRESENTATION('',(#10732),#10736);
#10732 = LINE('',#10733,#10734);
#10733 = CARTESIAN_POINT('',(0.,0.));
#10734 = VECTOR('',#10735,1.);
#10735 = DIRECTION('',(1.,0.));
#10736 = ( GEOMETRIC_REPRESENTATION_CONTEXT(2) 
PARAMETRIC_REPRESENTATION_CONTEXT() REPRESENTATION_CONTEXT('2D SPACE',''
  ) );
#10737 = PCURVE('',#9686,#10738);
#10738 = DEFINITIONAL_REPRESENTATION('',(#10739),#10743);
#10739 = LINE('',#10740,#10741);
#10740 = CARTESIAN_POINT('',(-1.176388888889,0.636111111111));
#10741 = VECTOR('',#10742,1.);
#10742 = DIRECTION('',(1.,2.22044604925E-16));
#10743 = ( GEOMETRIC_REPRESENTATION_CONTEXT(2) 
PARAMETRIC_REPRESENTATION_CONTEXT() REPRESENTATION_CONTEXT('2D SPACE',''
  ) );
#10744 = ORIENTED_EDGE('',*,*,#10651,.T.);
#10745 = ORIENTED_EDGE('',*,*,#4744,.F.);
#10746 = ORIENTED_EDGE('',*,*,#10698,.F.);
#10747 = ADVANCED_FACE('',(#10748),#5412,.T.);
#10748 = FACE_BOUND('',#10749,.T.);
#10749 = EDGE_LOOP('',(#10750,#10770,#10771,#10772));
#10750 = ORIENTED_EDGE('',*,*,#10751,.F.);
#10751 = EDGE_CURVE('',#5349,#5851,#10752,.T.);
#10752 = SURFACE_CURVE('',#10753,(#10757,#10763),.PCURVE_S1.);
#10753 = LINE('',#10754,#10755);
#10754 = CARTESIAN_POINT('',(18.818986914749,7.,0.500000937643));
#10755 = VECTOR('',#10756,1.);
#10756 = DIRECTION('',(-1.,0.,0.));
#10757 = PCURVE('',#5412,#10758);
#10758 = DEFINITIONAL_REPRESENTATION('',(#10759),#10762);
#10759 = B_SPLINE_CURVE_WITH_KNOTS('',1,(#10760,#10761),.UNSPECIFIED.,
  .F.,.F.,(2,2),(0.,18.818986914749),.PIECEWISE_BEZIER_KNOTS.);
#10760 = CARTESIAN_POINT('',(6.283183431894,0.));
#10761 = CARTESIAN_POINT('',(6.283183431894,18.818986914749));
#10762 = ( GEOMETRIC_REPRESENTATION_CONTEXT(2) 
PARAMETRIC_REPRESENTATION_CONTEXT() REPRESENTATION_CONTEXT('2D SPACE',''
  ) );
#10763 = PCURVE('',#5657,#10764);
#10764 = DEFINITIONAL_REPRESENTATION('',(#10765),#10769);
#10765 = LINE('',#10766,#10767);
#10766 = CARTESIAN_POINT('',(16.943342574018,-0.500000937643));
#10767 = VECTOR('',#10768,1.);
#10768 = DIRECTION('',(-1.,0.));
#10769 = ( GEOMETRIC_REPRESENTATION_CONTEXT(2) 
PARAMETRIC_REPRESENTATION_CONTEXT() REPRESENTATION_CONTEXT('2D SPACE',''
  ) );
#10770 = ORIENTED_EDGE('',*,*,#5397,.F.);
#10771 = ORIENTED_EDGE('',*,*,#5537,.T.);
#10772 = ORIENTED_EDGE('',*,*,#5850,.F.);
#10773 = ADVANCED_FACE('',(#10774),#5442,.F.);
#10774 = FACE_BOUND('',#10775,.F.);
#10775 = EDGE_LOOP('',(#10776,#10796,#10797,#10798));
#10776 = ORIENTED_EDGE('',*,*,#10777,.F.);
#10777 = EDGE_CURVE('',#5926,#5428,#10778,.T.);
#10778 = SURFACE_CURVE('',#10779,(#10783,#10790),.PCURVE_S1.);
#10779 = LINE('',#10780,#10781);
#10780 = CARTESIAN_POINT('',(0.,-7.,0.499992805879));
#10781 = VECTOR('',#10782,1.);
#10782 = DIRECTION('',(1.,0.,0.));
#10783 = PCURVE('',#5442,#10784);
#10784 = DEFINITIONAL_REPRESENTATION('',(#10785),#10789);
#10785 = LINE('',#10786,#10787);
#10786 = CARTESIAN_POINT('',(-1.875644340732,-0.499992805879));
#10787 = VECTOR('',#10788,1.);
#10788 = DIRECTION('',(1.,0.));
#10789 = ( GEOMETRIC_REPRESENTATION_CONTEXT(2) 
PARAMETRIC_REPRESENTATION_CONTEXT() REPRESENTATION_CONTEXT('2D SPACE',''
  ) );
#10790 = PCURVE('',#5497,#10791);
#10791 = DEFINITIONAL_REPRESENTATION('',(#10792),#10795);
#10792 = B_SPLINE_CURVE_WITH_KNOTS('',1,(#10793,#10794),.UNSPECIFIED.,
  .F.,.F.,(2,2),(0.,18.818986914749),.PIECEWISE_BEZIER_KNOTS.);
#10793 = CARTESIAN_POINT('',(3.141607041832,0.));
#10794 = CARTESIAN_POINT('',(3.141607041832,18.818986914749));
#10795 = ( GEOMETRIC_REPRESENTATION_CONTEXT(2) 
PARAMETRIC_REPRESENTATION_CONTEXT() REPRESENTATION_CONTEXT('2D SPACE',''
  ) );
#10796 = ORIENTED_EDGE('',*,*,#5925,.T.);
#10797 = ORIENTED_EDGE('',*,*,#5825,.T.);
#10798 = ORIENTED_EDGE('',*,*,#5427,.T.);
#10799 = ADVANCED_FACE('',(#10800),#5497,.T.);
#10800 = FACE_BOUND('',#10801,.T.);
#10801 = EDGE_LOOP('',(#10802,#10803,#10804,#10805));
#10802 = ORIENTED_EDGE('',*,*,#10777,.F.);
#10803 = ORIENTED_EDGE('',*,*,#5948,.T.);
#10804 = ORIENTED_EDGE('',*,*,#5584,.T.);
#10805 = ORIENTED_EDGE('',*,*,#5481,.F.);
#10806 = ADVANCED_FACE('',(#10807),#5625,.F.);
#10807 = FACE_BOUND('',#10808,.T.);
#10808 = EDGE_LOOP('',(#10809,#10810,#10833,#10859));
#10809 = ORIENTED_EDGE('',*,*,#5608,.F.);
#10810 = ORIENTED_EDGE('',*,*,#10811,.T.);
#10811 = EDGE_CURVE('',#5609,#10812,#10814,.T.);
#10812 = VERTEX_POINT('',#10813);
#10813 = CARTESIAN_POINT('',(10.15,0.,1.420504464286));
#10814 = SEAM_CURVE('',#10815,(#10819,#10826),.PCURVE_S1.);
#10815 = LINE('',#10816,#10817);
#10816 = CARTESIAN_POINT('',(10.15,0.,0.));
#10817 = VECTOR('',#10818,1.);
#10818 = DIRECTION('',(0.,0.,1.));
#10819 = PCURVE('',#5625,#10820);
#10820 = DEFINITIONAL_REPRESENTATION('',(#10821),#10825);
#10821 = LINE('',#10822,#10823);
#10822 = CARTESIAN_POINT('',(-6.28318530718,0.));
#10823 = VECTOR('',#10824,1.);
#10824 = DIRECTION('',(-0.,-1.));
#10825 = ( GEOMETRIC_REPRESENTATION_CONTEXT(2) 
PARAMETRIC_REPRESENTATION_CONTEXT() REPRESENTATION_CONTEXT('2D SPACE',''
  ) );
#10826 = PCURVE('',#5625,#10827);
#10827 = DEFINITIONAL_REPRESENTATION('',(#10828),#10832);
#10828 = LINE('',#10829,#10830);
#10829 = CARTESIAN_POINT('',(-0.,0.));
#10830 = VECTOR('',#10831,1.);
#10831 = DIRECTION('',(-0.,-1.));
#10832 = ( GEOMETRIC_REPRESENTATION_CONTEXT(2) 
PARAMETRIC_REPRESENTATION_CONTEXT() REPRESENTATION_CONTEXT('2D SPACE',''
  ) );
#10833 = ORIENTED_EDGE('',*,*,#10834,.F.);
#10834 = EDGE_CURVE('',#10812,#10812,#10835,.T.);
#10835 = SURFACE_CURVE('',#10836,(#10841,#10848),.PCURVE_S1.);
#10836 = CIRCLE('',#10837,2.65);
#10837 = AXIS2_PLACEMENT_3D('',#10838,#10839,#10840);
#10838 = CARTESIAN_POINT('',(7.5,0.,1.420504464286));
#10839 = DIRECTION('',(0.,0.,-1.));
#10840 = DIRECTION('',(1.,0.,0.));
#10841 = PCURVE('',#5625,#10842);
#10842 = DEFINITIONAL_REPRESENTATION('',(#10843),#10847);
#10843 = LINE('',#10844,#10845);
#10844 = CARTESIAN_POINT('',(-6.28318530718,-1.420504464286));
#10845 = VECTOR('',#10846,1.);
#10846 = DIRECTION('',(1.,-0.));
#10847 = ( GEOMETRIC_REPRESENTATION_CONTEXT(2) 
PARAMETRIC_REPRESENTATION_CONTEXT() REPRESENTATION_CONTEXT('2D SPACE',''
  ) );
#10848 = PCURVE('',#6123,#10849);
#10849 = DEFINITIONAL_REPRESENTATION('',(#10850),#10858);
#10850 = ( BOUNDED_CURVE() B_SPLINE_CURVE(2,(#10851,#10852,#10853,#10854
    ,#10855,#10856,#10857),.UNSPECIFIED.,.T.,.F.) 
B_SPLINE_CURVE_WITH_KNOTS((1,2,2,2,2,1),(-2.094395102393,0.,
    2.094395102393,4.188790204786,6.28318530718,8.377580409573),
.UNSPECIFIED.) CURVE() GEOMETRIC_REPRESENTATION_ITEM() 
RATIONAL_B_SPLINE_CURVE((1.,0.5,1.,0.5,1.,0.5,1.)) REPRESENTATION_ITEM(
  '') );
#10851 = CARTESIAN_POINT('',(5.5,-10.15));
#10852 = CARTESIAN_POINT('',(0.910065359942,-10.15));
#10853 = CARTESIAN_POINT('',(3.205032679971,-6.175));
#10854 = CARTESIAN_POINT('',(5.5,-2.2));
#10855 = CARTESIAN_POINT('',(7.794967320029,-6.175));
#10856 = CARTESIAN_POINT('',(10.089934640058,-10.15));
#10857 = CARTESIAN_POINT('',(5.5,-10.15));
#10858 = ( GEOMETRIC_REPRESENTATION_CONTEXT(2) 
PARAMETRIC_REPRESENTATION_CONTEXT() REPRESENTATION_CONTEXT('2D SPACE',''
  ) );
#10859 = ORIENTED_EDGE('',*,*,#10811,.F.);
#10860 = ADVANCED_FACE('',(#10861),#5657,.T.);
#10861 = FACE_BOUND('',#10862,.T.);
#10862 = EDGE_LOOP('',(#10863,#10864,#10865,#10866));
#10863 = ORIENTED_EDGE('',*,*,#10751,.T.);
#10864 = ORIENTED_EDGE('',*,*,#5900,.T.);
#10865 = ORIENTED_EDGE('',*,*,#5674,.F.);
#10866 = ORIENTED_EDGE('',*,*,#5643,.F.);
#10867 = ADVANCED_FACE('',(#10868),#6016,.T.);
#10868 = FACE_BOUND('',#10869,.T.);
#10869 = EDGE_LOOP('',(#10870,#10871,#10894,#10922));
#10870 = ORIENTED_EDGE('',*,*,#5999,.F.);
#10871 = ORIENTED_EDGE('',*,*,#10872,.T.);
#10872 = EDGE_CURVE('',#6000,#10873,#10875,.T.);
#10873 = VERTEX_POINT('',#10874);
#10874 = CARTESIAN_POINT('',(11.15,-5.5,1.440504464286));
#10875 = SURFACE_CURVE('',#10876,(#10880,#10887),.PCURVE_S1.);
#10876 = LINE('',#10877,#10878);
#10877 = CARTESIAN_POINT('',(0.,-5.5,1.440504464286));
#10878 = VECTOR('',#10879,1.);
#10879 = DIRECTION('',(1.,0.,0.));
#10880 = PCURVE('',#6016,#10881);
#10881 = DEFINITIONAL_REPRESENTATION('',(#10882),#10886);
#10882 = LINE('',#10883,#10884);
#10883 = CARTESIAN_POINT('',(0.,0.));
#10884 = VECTOR('',#10885,1.);
#10885 = DIRECTION('',(0.,-1.));
#10886 = ( GEOMETRIC_REPRESENTATION_CONTEXT(2) 
PARAMETRIC_REPRESENTATION_CONTEXT() REPRESENTATION_CONTEXT('2D SPACE',''
  ) );
#10887 = PCURVE('',#6044,#10888);
#10888 = DEFINITIONAL_REPRESENTATION('',(#10889),#10893);
#10889 = LINE('',#10890,#10891);
#10890 = CARTESIAN_POINT('',(11.,0.));
#10891 = VECTOR('',#10892,1.);
#10892 = DIRECTION('',(0.,-1.));
#10893 = ( GEOMETRIC_REPRESENTATION_CONTEXT(2) 
PARAMETRIC_REPRESENTATION_CONTEXT() REPRESENTATION_CONTEXT('2D SPACE',''
  ) );
#10894 = ORIENTED_EDGE('',*,*,#10895,.T.);
#10895 = EDGE_CURVE('',#10873,#10896,#10898,.T.);
#10896 = VERTEX_POINT('',#10897);
#10897 = CARTESIAN_POINT('',(11.15,-5.5,1.420504464286));
#10898 = SURFACE_CURVE('',#10899,(#10903,#10910),.PCURVE_S1.);
#10899 = LINE('',#10900,#10901);
#10900 = CARTESIAN_POINT('',(11.15,-5.5,1.440504464286));
#10901 = VECTOR('',#10902,1.);
#10902 = DIRECTION('',(0.,0.,-1.));
#10903 = PCURVE('',#6016,#10904);
#10904 = DEFINITIONAL_REPRESENTATION('',(#10905),#10909);
#10905 = LINE('',#10906,#10907);
#10906 = CARTESIAN_POINT('',(0.,-11.15));
#10907 = VECTOR('',#10908,1.);
#10908 = DIRECTION('',(1.,0.));
#10909 = ( GEOMETRIC_REPRESENTATION_CONTEXT(2) 
PARAMETRIC_REPRESENTATION_CONTEXT() REPRESENTATION_CONTEXT('2D SPACE',''
  ) );
#10910 = PCURVE('',#10911,#10916);
#10911 = PLANE('',#10912);
#10912 = AXIS2_PLACEMENT_3D('',#10913,#10914,#10915);
#10913 = CARTESIAN_POINT('',(11.15,3.02238572947E-17,1.430504464286));
#10914 = DIRECTION('',(1.,0.,0.));
#10915 = DIRECTION('',(0.,0.,1.));
#10916 = DEFINITIONAL_REPRESENTATION('',(#10917),#10921);
#10917 = LINE('',#10918,#10919);
#10918 = CARTESIAN_POINT('',(1.E-02,5.5));
#10919 = VECTOR('',#10920,1.);
#10920 = DIRECTION('',(-1.,0.));
#10921 = ( GEOMETRIC_REPRESENTATION_CONTEXT(2) 
PARAMETRIC_REPRESENTATION_CONTEXT() REPRESENTATION_CONTEXT('2D SPACE',''
  ) );
#10922 = ORIENTED_EDGE('',*,*,#10923,.F.);
#10923 = EDGE_CURVE('',#6002,#10896,#10924,.T.);
#10924 = SURFACE_CURVE('',#10925,(#10929,#10936),.PCURVE_S1.);
#10925 = LINE('',#10926,#10927);
#10926 = CARTESIAN_POINT('',(0.,-5.5,1.420504464286));
#10927 = VECTOR('',#10928,1.);
#10928 = DIRECTION('',(1.,0.,0.));
#10929 = PCURVE('',#6016,#10930);
#10930 = DEFINITIONAL_REPRESENTATION('',(#10931),#10935);
#10931 = LINE('',#10932,#10933);
#10932 = CARTESIAN_POINT('',(2.E-02,0.));
#10933 = VECTOR('',#10934,1.);
#10934 = DIRECTION('',(0.,-1.));
#10935 = ( GEOMETRIC_REPRESENTATION_CONTEXT(2) 
PARAMETRIC_REPRESENTATION_CONTEXT() REPRESENTATION_CONTEXT('2D SPACE',''
  ) );
#10936 = PCURVE('',#6123,#10937);
#10937 = DEFINITIONAL_REPRESENTATION('',(#10938),#10942);
#10938 = LINE('',#10939,#10940);
#10939 = CARTESIAN_POINT('',(0.,0.));
#10940 = VECTOR('',#10941,1.);
#10941 = DIRECTION('',(0.,-1.));
#10942 = ( GEOMETRIC_REPRESENTATION_CONTEXT(2) 
PARAMETRIC_REPRESENTATION_CONTEXT() REPRESENTATION_CONTEXT('2D SPACE',''
  ) );
#10943 = ADVANCED_FACE('',(#10944,#10993),#6123,.T.);
#10944 = FACE_BOUND('',#10945,.T.);
#10945 = EDGE_LOOP('',(#10946,#10947,#10948,#10971,#10992));
#10946 = ORIENTED_EDGE('',*,*,#6139,.F.);
#10947 = ORIENTED_EDGE('',*,*,#10923,.T.);
#10948 = ORIENTED_EDGE('',*,*,#10949,.T.);
#10949 = EDGE_CURVE('',#10896,#10950,#10952,.T.);
#10950 = VERTEX_POINT('',#10951);
#10951 = CARTESIAN_POINT('',(11.15,5.5,1.420504464286));
#10952 = SURFACE_CURVE('',#10953,(#10957,#10964),.PCURVE_S1.);
#10953 = LINE('',#10954,#10955);
#10954 = CARTESIAN_POINT('',(11.15,-5.5,1.420504464286));
#10955 = VECTOR('',#10956,1.);
#10956 = DIRECTION('',(0.,1.,0.));
#10957 = PCURVE('',#6123,#10958);
#10958 = DEFINITIONAL_REPRESENTATION('',(#10959),#10963);
#10959 = LINE('',#10960,#10961);
#10960 = CARTESIAN_POINT('',(0.,-11.15));
#10961 = VECTOR('',#10962,1.);
#10962 = DIRECTION('',(1.,0.));
#10963 = ( GEOMETRIC_REPRESENTATION_CONTEXT(2) 
PARAMETRIC_REPRESENTATION_CONTEXT() REPRESENTATION_CONTEXT('2D SPACE',''
  ) );
#10964 = PCURVE('',#10911,#10965);
#10965 = DEFINITIONAL_REPRESENTATION('',(#10966),#10970);
#10966 = LINE('',#10967,#10968);
#10967 = CARTESIAN_POINT('',(-1.E-02,5.5));
#10968 = VECTOR('',#10969,1.);
#10969 = DIRECTION('',(0.,-1.));
#10970 = ( GEOMETRIC_REPRESENTATION_CONTEXT(2) 
PARAMETRIC_REPRESENTATION_CONTEXT() REPRESENTATION_CONTEXT('2D SPACE',''
  ) );
#10971 = ORIENTED_EDGE('',*,*,#10972,.F.);
#10972 = EDGE_CURVE('',#6081,#10950,#10973,.T.);
#10973 = SURFACE_CURVE('',#10974,(#10978,#10985),.PCURVE_S1.);
#10974 = LINE('',#10975,#10976);
#10975 = CARTESIAN_POINT('',(0.,5.5,1.420504464286));
#10976 = VECTOR('',#10977,1.);
#10977 = DIRECTION('',(1.,0.,0.));
#10978 = PCURVE('',#6123,#10979);
#10979 = DEFINITIONAL_REPRESENTATION('',(#10980),#10984);
#10980 = LINE('',#10981,#10982);
#10981 = CARTESIAN_POINT('',(11.,0.));
#10982 = VECTOR('',#10983,1.);
#10983 = DIRECTION('',(0.,-1.));
#10984 = ( GEOMETRIC_REPRESENTATION_CONTEXT(2) 
PARAMETRIC_REPRESENTATION_CONTEXT() REPRESENTATION_CONTEXT('2D SPACE',''
  ) );
#10985 = PCURVE('',#6095,#10986);
#10986 = DEFINITIONAL_REPRESENTATION('',(#10987),#10991);
#10987 = LINE('',#10988,#10989);
#10988 = CARTESIAN_POINT('',(0.,0.));
#10989 = VECTOR('',#10990,1.);
#10990 = DIRECTION('',(0.,-1.));
#10991 = ( GEOMETRIC_REPRESENTATION_CONTEXT(2) 
PARAMETRIC_REPRESENTATION_CONTEXT() REPRESENTATION_CONTEXT('2D SPACE',''
  ) );
#10992 = ORIENTED_EDGE('',*,*,#6106,.F.);
#10993 = FACE_BOUND('',#10994,.T.);
#10994 = EDGE_LOOP('',(#10995));
#10995 = ORIENTED_EDGE('',*,*,#10834,.T.);
#10996 = ADVANCED_FACE('',(#10997),#6095,.T.);
#10997 = FACE_BOUND('',#10998,.T.);
#10998 = EDGE_LOOP('',(#10999,#11000,#11001,#11024));
#10999 = ORIENTED_EDGE('',*,*,#6080,.T.);
#11000 = ORIENTED_EDGE('',*,*,#10972,.T.);
#11001 = ORIENTED_EDGE('',*,*,#11002,.T.);
#11002 = EDGE_CURVE('',#10950,#11003,#11005,.T.);
#11003 = VERTEX_POINT('',#11004);
#11004 = CARTESIAN_POINT('',(11.15,5.5,1.440504464286));
#11005 = SURFACE_CURVE('',#11006,(#11010,#11017),.PCURVE_S1.);
#11006 = LINE('',#11007,#11008);
#11007 = CARTESIAN_POINT('',(11.15,5.5,1.420504464286));
#11008 = VECTOR('',#11009,1.);
#11009 = DIRECTION('',(0.,0.,1.));
#11010 = PCURVE('',#6095,#11011);
#11011 = DEFINITIONAL_REPRESENTATION('',(#11012),#11016);
#11012 = LINE('',#11013,#11014);
#11013 = CARTESIAN_POINT('',(0.,-11.15));
#11014 = VECTOR('',#11015,1.);
#11015 = DIRECTION('',(1.,0.));
#11016 = ( GEOMETRIC_REPRESENTATION_CONTEXT(2) 
PARAMETRIC_REPRESENTATION_CONTEXT() REPRESENTATION_CONTEXT('2D SPACE',''
  ) );
#11017 = PCURVE('',#10911,#11018);
#11018 = DEFINITIONAL_REPRESENTATION('',(#11019),#11023);
#11019 = LINE('',#11020,#11021);
#11020 = CARTESIAN_POINT('',(-1.E-02,-5.5));
#11021 = VECTOR('',#11022,1.);
#11022 = DIRECTION('',(1.,0.));
#11023 = ( GEOMETRIC_REPRESENTATION_CONTEXT(2) 
PARAMETRIC_REPRESENTATION_CONTEXT() REPRESENTATION_CONTEXT('2D SPACE',''
  ) );
#11024 = ORIENTED_EDGE('',*,*,#11025,.F.);
#11025 = EDGE_CURVE('',#6057,#11003,#11026,.T.);
#11026 = SURFACE_CURVE('',#11027,(#11031,#11038),.PCURVE_S1.);
#11027 = LINE('',#11028,#11029);
#11028 = CARTESIAN_POINT('',(0.,5.5,1.440504464286));
#11029 = VECTOR('',#11030,1.);
#11030 = DIRECTION('',(1.,0.,0.));
#11031 = PCURVE('',#6095,#11032);
#11032 = DEFINITIONAL_REPRESENTATION('',(#11033),#11037);
#11033 = LINE('',#11034,#11035);
#11034 = CARTESIAN_POINT('',(2.E-02,0.));
#11035 = VECTOR('',#11036,1.);
#11036 = DIRECTION('',(0.,-1.));
#11037 = ( GEOMETRIC_REPRESENTATION_CONTEXT(2) 
PARAMETRIC_REPRESENTATION_CONTEXT() REPRESENTATION_CONTEXT('2D SPACE',''
  ) );
#11038 = PCURVE('',#6044,#11039);
#11039 = DEFINITIONAL_REPRESENTATION('',(#11040),#11044);
#11040 = LINE('',#11041,#11042);
#11041 = CARTESIAN_POINT('',(0.,-0.));
#11042 = VECTOR('',#11043,1.);
#11043 = DIRECTION('',(0.,-1.));
#11044 = ( GEOMETRIC_REPRESENTATION_CONTEXT(2) 
PARAMETRIC_REPRESENTATION_CONTEXT() REPRESENTATION_CONTEXT('2D SPACE',''
  ) );
#11045 = ADVANCED_FACE('',(#11046,#11073),#6044,.T.);
#11046 = FACE_BOUND('',#11047,.T.);
#11047 = EDGE_LOOP('',(#11048,#11049,#11050,#11071,#11072));
#11048 = ORIENTED_EDGE('',*,*,#6056,.T.);
#11049 = ORIENTED_EDGE('',*,*,#11025,.T.);
#11050 = ORIENTED_EDGE('',*,*,#11051,.T.);
#11051 = EDGE_CURVE('',#11003,#10873,#11052,.T.);
#11052 = SURFACE_CURVE('',#11053,(#11057,#11064),.PCURVE_S1.);
#11053 = LINE('',#11054,#11055);
#11054 = CARTESIAN_POINT('',(11.15,5.5,1.440504464286));
#11055 = VECTOR('',#11056,1.);
#11056 = DIRECTION('',(0.,-1.,0.));
#11057 = PCURVE('',#6044,#11058);
#11058 = DEFINITIONAL_REPRESENTATION('',(#11059),#11063);
#11059 = LINE('',#11060,#11061);
#11060 = CARTESIAN_POINT('',(0.,-11.15));
#11061 = VECTOR('',#11062,1.);
#11062 = DIRECTION('',(1.,0.));
#11063 = ( GEOMETRIC_REPRESENTATION_CONTEXT(2) 
PARAMETRIC_REPRESENTATION_CONTEXT() REPRESENTATION_CONTEXT('2D SPACE',''
  ) );
#11064 = PCURVE('',#10911,#11065);
#11065 = DEFINITIONAL_REPRESENTATION('',(#11066),#11070);
#11066 = LINE('',#11067,#11068);
#11067 = CARTESIAN_POINT('',(1.E-02,-5.5));
#11068 = VECTOR('',#11069,1.);
#11069 = DIRECTION('',(0.,1.));
#11070 = ( GEOMETRIC_REPRESENTATION_CONTEXT(2) 
PARAMETRIC_REPRESENTATION_CONTEXT() REPRESENTATION_CONTEXT('2D SPACE',''
  ) );
#11071 = ORIENTED_EDGE('',*,*,#10872,.F.);
#11072 = ORIENTED_EDGE('',*,*,#6027,.T.);
#11073 = FACE_BOUND('',#11074,.T.);
#11074 = EDGE_LOOP('',(#11075));
#11075 = ORIENTED_EDGE('',*,*,#8535,.F.);
#11076 = ADVANCED_FACE('',(#11077),#6186,.T.);
#11077 = FACE_BOUND('',#11078,.T.);
#11078 = EDGE_LOOP('',(#11079,#11080,#11081,#11082,#11083,#11084,#11085,
    #11086,#11087,#11088,#11089,#11090,#11091,#11092,#11093,#11094,
    #11095,#11096,#11097,#11098,#11099,#11100));
#11079 = ORIENTED_EDGE('',*,*,#6168,.F.);
#11080 = ORIENTED_EDGE('',*,*,#6293,.F.);
#11081 = ORIENTED_EDGE('',*,*,#6391,.F.);
#11082 = ORIENTED_EDGE('',*,*,#6489,.F.);
#11083 = ORIENTED_EDGE('',*,*,#6587,.F.);
#11084 = ORIENTED_EDGE('',*,*,#6685,.F.);
#11085 = ORIENTED_EDGE('',*,*,#6783,.F.);
#11086 = ORIENTED_EDGE('',*,*,#6881,.F.);
#11087 = ORIENTED_EDGE('',*,*,#6979,.F.);
#11088 = ORIENTED_EDGE('',*,*,#7077,.F.);
#11089 = ORIENTED_EDGE('',*,*,#7175,.F.);
#11090 = ORIENTED_EDGE('',*,*,#7224,.F.);
#11091 = ORIENTED_EDGE('',*,*,#7126,.F.);
#11092 = ORIENTED_EDGE('',*,*,#7028,.F.);
#11093 = ORIENTED_EDGE('',*,*,#6930,.F.);
#11094 = ORIENTED_EDGE('',*,*,#6832,.F.);
#11095 = ORIENTED_EDGE('',*,*,#6734,.F.);
#11096 = ORIENTED_EDGE('',*,*,#6636,.F.);
#11097 = ORIENTED_EDGE('',*,*,#6538,.F.);
#11098 = ORIENTED_EDGE('',*,*,#6440,.F.);
#11099 = ORIENTED_EDGE('',*,*,#6342,.F.);
#11100 = ORIENTED_EDGE('',*,*,#6244,.F.);
#11101 = ADVANCED_FACE('',(#11102),#7269,.T.);
#11102 = FACE_BOUND('',#11103,.T.);
#11103 = EDGE_LOOP('',(#11104,#11105,#11106,#11107));
#11104 = ORIENTED_EDGE('',*,*,#7251,.F.);
#11105 = ORIENTED_EDGE('',*,*,#7376,.F.);
#11106 = ORIENTED_EDGE('',*,*,#7425,.F.);
#11107 = ORIENTED_EDGE('',*,*,#7327,.F.);
#11108 = ADVANCED_FACE('',(#11109),#7470,.T.);
#11109 = FACE_BOUND('',#11110,.T.);
#11110 = EDGE_LOOP('',(#11111,#11112,#11113,#11114,#11115,#11116,#11117,
    #11118,#11119,#11120,#11121,#11122,#11123,#11124,#11125,#11126,
    #11127,#11128,#11129,#11130,#11131,#11132));
#11111 = ORIENTED_EDGE('',*,*,#7452,.F.);
#11112 = ORIENTED_EDGE('',*,*,#7577,.F.);
#11113 = ORIENTED_EDGE('',*,*,#7675,.F.);
#11114 = ORIENTED_EDGE('',*,*,#7773,.F.);
#11115 = ORIENTED_EDGE('',*,*,#7871,.F.);
#11116 = ORIENTED_EDGE('',*,*,#7969,.F.);
#11117 = ORIENTED_EDGE('',*,*,#8067,.F.);
#11118 = ORIENTED_EDGE('',*,*,#8165,.F.);
#11119 = ORIENTED_EDGE('',*,*,#8263,.F.);
#11120 = ORIENTED_EDGE('',*,*,#8361,.F.);
#11121 = ORIENTED_EDGE('',*,*,#8459,.F.);
#11122 = ORIENTED_EDGE('',*,*,#8508,.F.);
#11123 = ORIENTED_EDGE('',*,*,#8410,.F.);
#11124 = ORIENTED_EDGE('',*,*,#8312,.F.);
#11125 = ORIENTED_EDGE('',*,*,#8214,.F.);
#11126 = ORIENTED_EDGE('',*,*,#8116,.F.);
#11127 = ORIENTED_EDGE('',*,*,#8018,.F.);
#11128 = ORIENTED_EDGE('',*,*,#7920,.F.);
#11129 = ORIENTED_EDGE('',*,*,#7822,.F.);
#11130 = ORIENTED_EDGE('',*,*,#7724,.F.);
#11131 = ORIENTED_EDGE('',*,*,#7626,.F.);
#11132 = ORIENTED_EDGE('',*,*,#7528,.F.);
#11133 = ADVANCED_FACE('',(#11134),#8603,.T.);
#11134 = FACE_BOUND('',#11135,.T.);
#11135 = EDGE_LOOP('',(#11136,#11137,#11138,#11139,#11140,#11141,#11142,
    #11143,#11144,#11145,#11146,#11147,#11148,#11149,#11150,#11151,
    #11152,#11153,#11154,#11155,#11156,#11157));
#11136 = ORIENTED_EDGE('',*,*,#8585,.F.);
#11137 = ORIENTED_EDGE('',*,*,#8710,.F.);
#11138 = ORIENTED_EDGE('',*,*,#8808,.F.);
#11139 = ORIENTED_EDGE('',*,*,#8906,.F.);
#11140 = ORIENTED_EDGE('',*,*,#9004,.F.);
#11141 = ORIENTED_EDGE('',*,*,#9102,.F.);
#11142 = ORIENTED_EDGE('',*,*,#9200,.F.);
#11143 = ORIENTED_EDGE('',*,*,#9298,.F.);
#11144 = ORIENTED_EDGE('',*,*,#9396,.F.);
#11145 = ORIENTED_EDGE('',*,*,#9494,.F.);
#11146 = ORIENTED_EDGE('',*,*,#9592,.F.);
#11147 = ORIENTED_EDGE('',*,*,#9641,.F.);
#11148 = ORIENTED_EDGE('',*,*,#9543,.F.);
#11149 = ORIENTED_EDGE('',*,*,#9445,.F.);
#11150 = ORIENTED_EDGE('',*,*,#9347,.F.);
#11151 = ORIENTED_EDGE('',*,*,#9249,.F.);
#11152 = ORIENTED_EDGE('',*,*,#9151,.F.);
#11153 = ORIENTED_EDGE('',*,*,#9053,.F.);
#11154 = ORIENTED_EDGE('',*,*,#8955,.F.);
#11155 = ORIENTED_EDGE('',*,*,#8857,.F.);
#11156 = ORIENTED_EDGE('',*,*,#8759,.F.);
#11157 = ORIENTED_EDGE('',*,*,#8661,.F.);
#11158 = ADVANCED_FACE('',(#11159),#9686,.T.);
#11159 = FACE_BOUND('',#11160,.F.);
#11160 = EDGE_LOOP('',(#11161,#11162,#11163,#11164,#11165,#11166,#11167,
    #11168,#11169,#11170,#11171,#11172,#11173,#11174,#11175,#11176,
    #11177,#11178,#11179,#11180,#11181,#11182));
#11161 = ORIENTED_EDGE('',*,*,#9668,.T.);
#11162 = ORIENTED_EDGE('',*,*,#9744,.T.);
#11163 = ORIENTED_EDGE('',*,*,#9842,.T.);
#11164 = ORIENTED_EDGE('',*,*,#9940,.T.);
#11165 = ORIENTED_EDGE('',*,*,#10038,.T.);
#11166 = ORIENTED_EDGE('',*,*,#10136,.T.);
#11167 = ORIENTED_EDGE('',*,*,#10234,.F.);
#11168 = ORIENTED_EDGE('',*,*,#10332,.F.);
#11169 = ORIENTED_EDGE('',*,*,#10430,.F.);
#11170 = ORIENTED_EDGE('',*,*,#10528,.T.);
#11171 = ORIENTED_EDGE('',*,*,#10626,.T.);
#11172 = ORIENTED_EDGE('',*,*,#10724,.T.);
#11173 = ORIENTED_EDGE('',*,*,#10675,.T.);
#11174 = ORIENTED_EDGE('',*,*,#10577,.F.);
#11175 = ORIENTED_EDGE('',*,*,#10479,.F.);
#11176 = ORIENTED_EDGE('',*,*,#10381,.F.);
#11177 = ORIENTED_EDGE('',*,*,#10283,.T.);
#11178 = ORIENTED_EDGE('',*,*,#10185,.T.);
#11179 = ORIENTED_EDGE('',*,*,#10087,.T.);
#11180 = ORIENTED_EDGE('',*,*,#9989,.F.);
#11181 = ORIENTED_EDGE('',*,*,#9891,.F.);
#11182 = ORIENTED_EDGE('',*,*,#9793,.F.);
#11183 = ADVANCED_FACE('',(#11184),#10911,.F.);
#11184 = FACE_BOUND('',#11185,.F.);
#11185 = EDGE_LOOP('',(#11186,#11187,#11188,#11189));
#11186 = ORIENTED_EDGE('',*,*,#11051,.T.);
#11187 = ORIENTED_EDGE('',*,*,#10895,.T.);
#11188 = ORIENTED_EDGE('',*,*,#10949,.T.);
#11189 = ORIENTED_EDGE('',*,*,#11002,.T.);
#11190 = ADVANCED_FACE('',(#11191),#140,.T.);
#11191 = FACE_BOUND('',#11192,.F.);
#11192 = EDGE_LOOP('',(#11193,#11194,#11195,#11196,#11197,#11198,#11199,
    #11200,#11201,#11202,#11224,#11250,#11251,#11252,#11253,#11254));
#11193 = ORIENTED_EDGE('',*,*,#5271,.T.);
#11194 = ORIENTED_EDGE('',*,*,#5078,.F.);
#11195 = ORIENTED_EDGE('',*,*,#1484,.T.);
#11196 = ORIENTED_EDGE('',*,*,#1331,.T.);
#11197 = ORIENTED_EDGE('',*,*,#1253,.F.);
#11198 = ORIENTED_EDGE('',*,*,#1222,.T.);
#11199 = ORIENTED_EDGE('',*,*,#727,.F.);
#11200 = ORIENTED_EDGE('',*,*,#606,.T.);
#11201 = ORIENTED_EDGE('',*,*,#556,.T.);
#11202 = ORIENTED_EDGE('',*,*,#11203,.F.);
#11203 = EDGE_CURVE('',#11204,#507,#11206,.T.);
#11204 = VERTEX_POINT('',#11205);
#11205 = CARTESIAN_POINT('',(28.5,-6.12323395162E-16,22.861008928571));
#11206 = SEAM_CURVE('',#11207,(#11210,#11217),.PCURVE_S1.);
#11207 = B_SPLINE_CURVE_WITH_KNOTS('',1,(#11208,#11209),.UNSPECIFIED.,
  .F.,.F.,(2,2),(-15.,2.861008928571),.PIECEWISE_BEZIER_KNOTS.);
#11208 = CARTESIAN_POINT('',(28.5,-1.224646799147E-15,22.861008928571));
#11209 = CARTESIAN_POINT('',(28.5,-1.224646799147E-15,5.));
#11210 = PCURVE('',#140,#11211);
#11211 = DEFINITIONAL_REPRESENTATION('',(#11212),#11216);
#11212 = LINE('',#11213,#11214);
#11213 = CARTESIAN_POINT('',(-0.,0.));
#11214 = VECTOR('',#11215,1.);
#11215 = DIRECTION('',(-0.,1.));
#11216 = ( GEOMETRIC_REPRESENTATION_CONTEXT(2) 
PARAMETRIC_REPRESENTATION_CONTEXT() REPRESENTATION_CONTEXT('2D SPACE',''
  ) );
#11217 = PCURVE('',#140,#11218);
#11218 = DEFINITIONAL_REPRESENTATION('',(#11219),#11223);
#11219 = LINE('',#11220,#11221);
#11220 = CARTESIAN_POINT('',(-6.28318530718,0.));
#11221 = VECTOR('',#11222,1.);
#11222 = DIRECTION('',(-0.,1.));
#11223 = ( GEOMETRIC_REPRESENTATION_CONTEXT(2) 
PARAMETRIC_REPRESENTATION_CONTEXT() REPRESENTATION_CONTEXT('2D SPACE',''
  ) );
#11224 = ORIENTED_EDGE('',*,*,#11225,.T.);
#11225 = EDGE_CURVE('',#11204,#11204,#11226,.T.);
#11226 = SURFACE_CURVE('',#11227,(#11232,#11239),.PCURVE_S1.);
#11227 = CIRCLE('',#11228,5.);
#11228 = AXIS2_PLACEMENT_3D('',#11229,#11230,#11231);
#11229 = CARTESIAN_POINT('',(23.5,0.,22.861008928571));
#11230 = DIRECTION('',(0.,0.,1.));
#11231 = DIRECTION('',(1.,0.,0.));
#11232 = PCURVE('',#140,#11233);
#11233 = DEFINITIONAL_REPRESENTATION('',(#11234),#11238);
#11234 = LINE('',#11235,#11236);
#11235 = CARTESIAN_POINT('',(-0.,-15.));
#11236 = VECTOR('',#11237,1.);
#11237 = DIRECTION('',(-1.,0.));
#11238 = ( GEOMETRIC_REPRESENTATION_CONTEXT(2) 
PARAMETRIC_REPRESENTATION_CONTEXT() REPRESENTATION_CONTEXT('2D SPACE',''
  ) );
#11239 = PCURVE('',#11240,#11245);
#11240 = CONICAL_SURFACE('',#11241,3.5,0.643501108793);
#11241 = AXIS2_PLACEMENT_3D('',#11242,#11243,#11244);
#11242 = CARTESIAN_POINT('',(23.5,0.,20.861008928571));
#11243 = DIRECTION('',(0.,0.,1.));
#11244 = DIRECTION('',(1.,0.,0.));
#11245 = DEFINITIONAL_REPRESENTATION('',(#11246),#11249);
#11246 = B_SPLINE_CURVE_WITH_KNOTS('',1,(#11247,#11248),.UNSPECIFIED.,
  .F.,.F.,(2,2),(0.,6.28318530718),.PIECEWISE_BEZIER_KNOTS.);
#11247 = CARTESIAN_POINT('',(0.,2.));
#11248 = CARTESIAN_POINT('',(6.28318530718,2.));
#11249 = ( GEOMETRIC_REPRESENTATION_CONTEXT(2) 
PARAMETRIC_REPRESENTATION_CONTEXT() REPRESENTATION_CONTEXT('2D SPACE',''
  ) );
#11250 = ORIENTED_EDGE('',*,*,#11203,.T.);
#11251 = ORIENTED_EDGE('',*,*,#506,.T.);
#11252 = ORIENTED_EDGE('',*,*,#457,.T.);
#11253 = ORIENTED_EDGE('',*,*,#126,.T.);
#11254 = ORIENTED_EDGE('',*,*,#5317,.T.);
#11255 = ADVANCED_FACE('',(#11256),#11240,.F.);
#11256 = FACE_BOUND('',#11257,.F.);
#11257 = EDGE_LOOP('',(#11258,#11259,#11282,#11309));
#11258 = ORIENTED_EDGE('',*,*,#11225,.F.);
#11259 = ORIENTED_EDGE('',*,*,#11260,.F.);
#11260 = EDGE_CURVE('',#11261,#11204,#11263,.T.);
#11261 = VERTEX_POINT('',#11262);
#11262 = CARTESIAN_POINT('',(27.,-8.572527594031E-16,20.861008928571));
#11263 = SEAM_CURVE('',#11264,(#11268,#11275),.PCURVE_S1.);
#11264 = LINE('',#11265,#11266);
#11265 = CARTESIAN_POINT('',(27.,-8.572527594031E-16,20.861008928571));
#11266 = VECTOR('',#11267,1.);
#11267 = DIRECTION('',(0.6,-1.469576158977E-16,0.8));
#11268 = PCURVE('',#11240,#11269);
#11269 = DEFINITIONAL_REPRESENTATION('',(#11270),#11274);
#11270 = LINE('',#11271,#11272);
#11271 = CARTESIAN_POINT('',(6.28318530718,-0.));
#11272 = VECTOR('',#11273,1.);
#11273 = DIRECTION('',(0.,1.));
#11274 = ( GEOMETRIC_REPRESENTATION_CONTEXT(2) 
PARAMETRIC_REPRESENTATION_CONTEXT() REPRESENTATION_CONTEXT('2D SPACE',''
  ) );
#11275 = PCURVE('',#11240,#11276);
#11276 = DEFINITIONAL_REPRESENTATION('',(#11277),#11281);
#11277 = LINE('',#11278,#11279);
#11278 = CARTESIAN_POINT('',(0.,-0.));
#11279 = VECTOR('',#11280,1.);
#11280 = DIRECTION('',(0.,1.));
#11281 = ( GEOMETRIC_REPRESENTATION_CONTEXT(2) 
PARAMETRIC_REPRESENTATION_CONTEXT() REPRESENTATION_CONTEXT('2D SPACE',''
  ) );
#11282 = ORIENTED_EDGE('',*,*,#11283,.T.);
#11283 = EDGE_CURVE('',#11261,#11261,#11284,.T.);
#11284 = SURFACE_CURVE('',#11285,(#11290,#11297),.PCURVE_S1.);
#11285 = CIRCLE('',#11286,3.5);
#11286 = AXIS2_PLACEMENT_3D('',#11287,#11288,#11289);
#11287 = CARTESIAN_POINT('',(23.5,0.,20.861008928571));
#11288 = DIRECTION('',(0.,0.,1.));
#11289 = DIRECTION('',(1.,0.,0.));
#11290 = PCURVE('',#11240,#11291);
#11291 = DEFINITIONAL_REPRESENTATION('',(#11292),#11296);
#11292 = LINE('',#11293,#11294);
#11293 = CARTESIAN_POINT('',(0.,0.));
#11294 = VECTOR('',#11295,1.);
#11295 = DIRECTION('',(1.,0.));
#11296 = ( GEOMETRIC_REPRESENTATION_CONTEXT(2) 
PARAMETRIC_REPRESENTATION_CONTEXT() REPRESENTATION_CONTEXT('2D SPACE',''
  ) );
#11297 = PCURVE('',#11298,#11303);
#11298 = CYLINDRICAL_SURFACE('',#11299,3.5);
#11299 = AXIS2_PLACEMENT_3D('',#11300,#11301,#11302);
#11300 = CARTESIAN_POINT('',(23.5,0.,7.861008928571));
#11301 = DIRECTION('',(-0.,-0.,-1.));
#11302 = DIRECTION('',(1.,0.,0.));
#11303 = DEFINITIONAL_REPRESENTATION('',(#11304),#11308);
#11304 = LINE('',#11305,#11306);
#11305 = CARTESIAN_POINT('',(-0.,-13.));
#11306 = VECTOR('',#11307,1.);
#11307 = DIRECTION('',(-1.,0.));
#11308 = ( GEOMETRIC_REPRESENTATION_CONTEXT(2) 
PARAMETRIC_REPRESENTATION_CONTEXT() REPRESENTATION_CONTEXT('2D SPACE',''
  ) );
#11309 = ORIENTED_EDGE('',*,*,#11260,.T.);
#11310 = ADVANCED_FACE('',(#11311),#11298,.F.);
#11311 = FACE_BOUND('',#11312,.T.);
#11312 = EDGE_LOOP('',(#11313,#11342,#11363,#11364));
#11313 = ORIENTED_EDGE('',*,*,#11314,.F.);
#11314 = EDGE_CURVE('',#11315,#11315,#11317,.T.);
#11315 = VERTEX_POINT('',#11316);
#11316 = CARTESIAN_POINT('',(27.,0.,7.861008928571));
#11317 = SURFACE_CURVE('',#11318,(#11323,#11330),.PCURVE_S1.);
#11318 = CIRCLE('',#11319,3.5);
#11319 = AXIS2_PLACEMENT_3D('',#11320,#11321,#11322);
#11320 = CARTESIAN_POINT('',(23.5,0.,7.861008928571));
#11321 = DIRECTION('',(0.,0.,1.));
#11322 = DIRECTION('',(1.,0.,0.));
#11323 = PCURVE('',#11298,#11324);
#11324 = DEFINITIONAL_REPRESENTATION('',(#11325),#11329);
#11325 = LINE('',#11326,#11327);
#11326 = CARTESIAN_POINT('',(-0.,0.));
#11327 = VECTOR('',#11328,1.);
#11328 = DIRECTION('',(-1.,0.));
#11329 = ( GEOMETRIC_REPRESENTATION_CONTEXT(2) 
PARAMETRIC_REPRESENTATION_CONTEXT() REPRESENTATION_CONTEXT('2D SPACE',''
  ) );
#11330 = PCURVE('',#11331,#11336);
#11331 = PLANE('',#11332);
#11332 = AXIS2_PLACEMENT_3D('',#11333,#11334,#11335);
#11333 = CARTESIAN_POINT('',(23.5,-2.041077998579E-16,7.861008928571));
#11334 = DIRECTION('',(0.,0.,1.));
#11335 = DIRECTION('',(1.,0.,0.));
#11336 = DEFINITIONAL_REPRESENTATION('',(#11337),#11341);
#11337 = CIRCLE('',#11338,3.5);
#11338 = AXIS2_PLACEMENT_2D('',#11339,#11340);
#11339 = CARTESIAN_POINT('',(7.105427357601E-15,2.041077998579E-16));
#11340 = DIRECTION('',(1.,0.));
#11341 = ( GEOMETRIC_REPRESENTATION_CONTEXT(2) 
PARAMETRIC_REPRESENTATION_CONTEXT() REPRESENTATION_CONTEXT('2D SPACE',''
  ) );
#11342 = ORIENTED_EDGE('',*,*,#11343,.T.);
#11343 = EDGE_CURVE('',#11315,#11261,#11344,.T.);
#11344 = SEAM_CURVE('',#11345,(#11349,#11356),.PCURVE_S1.);
#11345 = LINE('',#11346,#11347);
#11346 = CARTESIAN_POINT('',(27.,0.,7.861008928571));
#11347 = VECTOR('',#11348,1.);
#11348 = DIRECTION('',(0.,0.,1.));
#11349 = PCURVE('',#11298,#11350);
#11350 = DEFINITIONAL_REPRESENTATION('',(#11351),#11355);
#11351 = LINE('',#11352,#11353);
#11352 = CARTESIAN_POINT('',(-6.28318530718,0.));
#11353 = VECTOR('',#11354,1.);
#11354 = DIRECTION('',(-0.,-1.));
#11355 = ( GEOMETRIC_REPRESENTATION_CONTEXT(2) 
PARAMETRIC_REPRESENTATION_CONTEXT() REPRESENTATION_CONTEXT('2D SPACE',''
  ) );
#11356 = PCURVE('',#11298,#11357);
#11357 = DEFINITIONAL_REPRESENTATION('',(#11358),#11362);
#11358 = LINE('',#11359,#11360);
#11359 = CARTESIAN_POINT('',(-0.,0.));
#11360 = VECTOR('',#11361,1.);
#11361 = DIRECTION('',(-0.,-1.));
#11362 = ( GEOMETRIC_REPRESENTATION_CONTEXT(2) 
PARAMETRIC_REPRESENTATION_CONTEXT() REPRESENTATION_CONTEXT('2D SPACE',''
  ) );
#11363 = ORIENTED_EDGE('',*,*,#11283,.T.);
#11364 = ORIENTED_EDGE('',*,*,#11343,.F.);
#11365 = ADVANCED_FACE('',(#11366),#11331,.T.);
#11366 = FACE_BOUND('',#11367,.T.);
#11367 = EDGE_LOOP('',(#11368));
#11368 = ORIENTED_EDGE('',*,*,#11314,.T.);
#11369 = ( GEOMETRIC_REPRESENTATION_CONTEXT(3) 
GLOBAL_UNCERTAINTY_ASSIGNED_CONTEXT((#11373)) 
GLOBAL_UNIT_ASSIGNED_CONTEXT((#11370,#11371,#11372)) 
REPRESENTATION_CONTEXT('Context #1',
  '3D Context with UNIT and UNCERTAINTY') );
#11370 = ( LENGTH_UNIT() NAMED_UNIT(*) SI_UNIT(.MILLI.,.METRE.) );
#11371 = ( NAMED_UNIT(*) PLANE_ANGLE_UNIT() SI_UNIT($,.RADIAN.) );
#11372 = ( NAMED_UNIT(*) SI_UNIT($,.STERADIAN.) SOLID_ANGLE_UNIT() );
#11373 = UNCERTAINTY_MEASURE_WITH_UNIT(LENGTH_MEASURE(2.E-06),#11370,
  'distance_accuracy_value','confusion accuracy');
#11374 = PRODUCT_RELATED_PRODUCT_CATEGORY('detail',$,(#7));
#11375 = PRODUCT_CATEGORY_RELATIONSHIP('','',#11376,#11374);
#11376 = PRODUCT_CATEGORY('part',$);
#11377 = CC_DESIGN_PERSON_AND_ORGANIZATION_ASSIGNMENT(#11378,#11381,(#6,
    #5));
#11378 = PERSON_AND_ORGANIZATION(#11379,#11380);
#11379 = PERSON('IP10.8.12,herrmann','','herrmann',$,$,$);
#11380 = ORGANIZATION('IP10.8.12','Unspecified','');
#11381 = PERSON_AND_ORGANIZATION_ROLE('creator');
#11382 = CC_DESIGN_PERSON_AND_ORGANIZATION_ASSIGNMENT(#11378,#11383,(#7)
  );
#11383 = PERSON_AND_ORGANIZATION_ROLE('design_owner');
#11384 = CC_DESIGN_PERSON_AND_ORGANIZATION_ASSIGNMENT(#11378,#11385,(#6)
  );
#11385 = PERSON_AND_ORGANIZATION_ROLE('design_supplier');
#11386 = CC_DESIGN_PERSON_AND_ORGANIZATION_ASSIGNMENT(#11378,#11387,(
    #11388));
#11387 = PERSON_AND_ORGANIZATION_ROLE('classification_officer');
#11388 = SECURITY_CLASSIFICATION('','',#11389);
#11389 = SECURITY_CLASSIFICATION_LEVEL('unclassified');
#11390 = CC_DESIGN_SECURITY_CLASSIFICATION(#11388,(#6));
#11391 = CC_DESIGN_DATE_AND_TIME_ASSIGNMENT(#11392,#11396,(#5));
#11392 = DATE_AND_TIME(#11393,#11394);
#11393 = CALENDAR_DATE(2022,3,2);
#11394 = LOCAL_TIME(13,28,$,#11395);
#11395 = COORDINATED_UNIVERSAL_TIME_OFFSET(1,$,.AHEAD.);
#11396 = DATE_TIME_ROLE('creation_date');
#11397 = CC_DESIGN_DATE_AND_TIME_ASSIGNMENT(#11392,#11398,(#11388));
#11398 = DATE_TIME_ROLE('classification_date');
#11399 = CC_DESIGN_APPROVAL(#11400,(#6,#5,#11388));
#11400 = APPROVAL(#11401,'');
#11401 = APPROVAL_STATUS('not_yet_approved');
#11402 = APPROVAL_PERSON_ORGANIZATION(#11378,#11400,#11403);
#11403 = APPROVAL_ROLE('approver');
#11404 = APPROVAL_DATE_TIME(#11392,#11400);
#11405 = MECHANICAL_DESIGN_GEOMETRIC_PRESENTATION_REPRESENTATION('',(
    #11406),#11369);
#11406 = STYLED_ITEM('color',(#11407),#15);
#11407 = PRESENTATION_STYLE_ASSIGNMENT((#11408,#11414));
#11408 = SURFACE_STYLE_USAGE(.BOTH.,#11409);
#11409 = SURFACE_SIDE_STYLE('',(#11410));
#11410 = SURFACE_STYLE_FILL_AREA(#11411);
#11411 = FILL_AREA_STYLE('',(#11412));
#11412 = FILL_AREA_STYLE_COLOUR('',#11413);
#11413 = COLOUR_RGB('',0.896443133065,0.778868164405,0.371441914706);
#11414 = CURVE_STYLE('',#11415,POSITIVE_LENGTH_MEASURE(0.1),#11416);
#11415 = DRAUGHTING_PRE_DEFINED_CURVE_FONT('continuous');
#11416 = COLOUR_RGB('',0.345868924627,0.345868924627,0.345868924627);
ENDSEC;
END-ISO-10303-21;
