                                                                        S0000001
,,31HOpen CASCADE IGES processor 7.7,13HFilename.iges,                  G0000001
16HOpen CASCADE 7.7,31HOpen CASCADE IGES processor 7.7,32,308,15,308,15,G0000002
,1.,2,2HMM,1,0.01,15H20250915.111550,1E-07,13.4,6HSYSTEM,,11,0,         G0000003
15H20250915.111550,;                                                    G0000004
     402       1       0       0       0       0       0       000000000D0000001
     402       0       0       1       1                LPG0003A        D0000002
     402       2       0       0       0       0       0       000020000D0000003
     402       0       0       1       1                BODY-TO9        D0000004
     144       3       0       0       0       0       0       000020000D0000005
     144       0   -1003       1       0                               0D0000006
     108       4       0       0       0       0       0       000010000D0000007
     108       0       0       1       0                               0D0000008
     142       5       0       0       0       0       0       000010500D0000009
     142       0       0       1       0                               0D0000010
     102       6       0       0       0       0       0       000010000D0000011
     102       0       0       1       0                               0D0000012
     110       7       0       0       0       0       0       000010000D0000013
     110       0       0       1       0                               0D0000014
     110       8       0       0       0       0       0       000010000D0000015
     110       0       0       1       0                               0D0000016
     110       9       0       0       0       0       0       000010000D0000017
     110       0       0       1       0                               0D0000018
     110      10       0       0       0       0       0       000010000D0000019
     110       0       0       1       0                               0D0000020
     144      11       0       0       0       0       0       000020000D0000021
     144       0   -1003       1       0                               0D0000022
     108      12       0       0       0       0       0       000010000D0000023
     108       0       0       2       0                               0D0000024
     142      14       0       0       0       0       0       000010500D0000025
     142       0       0       1       0                               0D0000026
     102      15       0       0       0       0       0       000010000D0000027
     102       0       0       1       0                               0D0000028
     110      16       0       0       0       0       0       000010000D0000029
     110       0       0       1       0                               0D0000030
     110      17       0       0       0       0       0       000010000D0000031
     110       0       0       1       0                               0D0000032
     110      18       0       0       0       0       0       000010000D0000033
     110       0       0       1       0                               0D0000034
     110      19       0       0       0       0       0       000010000D0000035
     110       0       0       1       0                               0D0000036
     144      20       0       0       0       0       0       000020000D0000037
     144       0   -1003       1       0                               0D0000038
     108      21       0       0       0       0       0       000010000D0000039
     108       0       0       1       0                               0D0000040
     142      22       0       0       0       0       0       000010500D0000041
     142       0       0       1       0                               0D0000042
     102      23       0       0       0       0       0       000010000D0000043
     102       0       0       1       0                               0D0000044
     110      24       0       0       0       0       0       000010000D0000045
     110       0       0       1       0                               0D0000046
     110      25       0       0       0       0       0       000010000D0000047
     110       0       0       1       0                               0D0000048
     110      26       0       0       0       0       0       000010000D0000049
     110       0       0       1       0                               0D0000050
     110      27       0       0       0       0       0       000010000D0000051
     110       0       0       1       0                               0D0000052
     144      28       0       0       0       0       0       000020000D0000053
     144       0   -1003       1       0                               0D0000054
     120      29       0       0       0       0      57       000010000D0000055
     120       0       0       1       0                               0D0000056
     124      30       0       0       0       0       0       000000000D0000057
     124       0       0       1       0                               0D0000058
     110      31       0       0       0       0       0       000010000D0000059
     110       0       0       1       0                               0D0000060
     110      32       0       0       0       0       0       000010000D0000061
     110       0       0       1       0                               0D0000062
     142      33       0       0       0       0       0       000010500D0000063
     142       0       0       1       0                               0D0000064
     102      34       0       0       0       0       0       000010000D0000065
     102       0       0       1       0                               0D0000066
     110      35       0       0       0       0       0       000010000D0000067
     110       0       0       1       0                               0D0000068
     110      36       0       0       0       0       0       000010000D0000069
     110       0       0       2       0                               0D0000070
     110      38       0       0       0       0       0       000010000D0000071
     110       0       0       1       0                               0D0000072
     110      39       0       0       0       0       0       000010000D0000073
     110       0       0       1       0                               0D0000074
     102      40       0       0       0       0       0       000010000D0000075
     102       0       0       1       0                               0D0000076
     110      41       0       0       0       0       0       000010000D0000077
     110       0       0       1       0                               0D0000078
     100      42       0       0       0       0      81       000010000D0000079
     100       0       0       1       0                               0D0000080
     124      43       0       0       0       0       0       000000000D0000081
     124       0       0       1       0                               0D0000082
     110      44       0       0       0       0       0       000010000D0000083
     110       0       0       1       0                               0D0000084
     100      45       0       0       0       0      87       000010000D0000085
     100       0       0       1       0                               0D0000086
     124      46       0       0       0       0       0       000000000D0000087
     124       0       0       1       0                               0D0000088
     144      47       0       0       0       0       0       000020000D0000089
     144       0   -1003       1       0                               0D0000090
     108      48       0       0       0       0       0       000010000D0000091
     108       0       0       1       0                               0D0000092
     142      49       0       0       0       0       0       000010500D0000093
     142       0       0       1       0                               0D0000094
     102      50       0       0       0       0       0       000010000D0000095
     102       0       0       1       0                               0D0000096
     110      51       0       0       0       0       0       000010000D0000097
     110       0       0       1       0                               0D0000098
     100      52       0       0       0       0     101       000010000D0000099
     100       0       0       1       0                               0D0000100
     124      53       0       0       0       0       0       000000000D0000101
     124       0       0       1       0                               0D0000102
     110      54       0       0       0       0       0       000010000D0000103
     110       0       0       1       0                               0D0000104
     110      55       0       0       0       0       0       000010000D0000105
     110       0       0       1       0                               0D0000106
     110      56       0       0       0       0       0       000010000D0000107
     110       0       0       1       0                               0D0000108
     110      57       0       0       0       0       0       000010000D0000109
     110       0       0       1       0                               0D0000110
     110      58       0       0       0       0       0       000010000D0000111
     110       0       0       1       0                               0D0000112
     100      59       0       0       0       0     115       000010000D0000113
     100       0       0       1       0                               0D0000114
     124      60       0       0       0       0       0       000000000D0000115
     124       0       0       1       0                               0D0000116
     144      61       0       0       0       0       0       000020000D0000117
     144       0   -1003       1       0                               0D0000118
     120      62       0       0       0       0     121       000010000D0000119
     120       0       0       1       0                               0D0000120
     124      63       0       0       0       0       0       000000000D0000121
     124       0       0       1       0                               0D0000122
     110      64       0       0       0       0       0       000010000D0000123
     110       0       0       1       0                               0D0000124
     110      65       0       0       0       0       0       000010000D0000125
     110       0       0       1       0                               0D0000126
     142      66       0       0       0       0       0       000010500D0000127
     142       0       0       1       0                               0D0000128
     102      67       0       0       0       0       0       000010000D0000129
     102       0       0       1       0                               0D0000130
     110      68       0       0       0       0       0       000010000D0000131
     110       0       0       1       0                               0D0000132
     110      69       0       0       0       0       0       000010000D0000133
     110       0       0       2       0                               0D0000134
     110      71       0       0       0       0       0       000010000D0000135
     110       0       0       1       0                               0D0000136
     110      72       0       0       0       0       0       000010000D0000137
     110       0       0       1       0                               0D0000138
     102      73       0       0       0       0       0       000010000D0000139
     102       0       0       1       0                               0D0000140
     110      74       0       0       0       0       0       000010000D0000141
     110       0       0       1       0                               0D0000142
     100      75       0       0       0       0     145       000010000D0000143
     100       0       0       1       0                               0D0000144
     124      76       0       0       0       0       0       000000000D0000145
     124       0       0       1       0                               0D0000146
     110      77       0       0       0       0       0       000010000D0000147
     110       0       0       1       0                               0D0000148
     100      78       0       0       0       0     151       000010000D0000149
     100       0       0       1       0                               0D0000150
     124      79       0       0       0       0       0       000000000D0000151
     124       0       0       1       0                               0D0000152
     144      80       0       0       0       0       0       000020000D0000153
     144       0   -1003       1       0                               0D0000154
     108      81       0       0       0       0       0       000010000D0000155
     108       0       0       1       0                               0D0000156
     142      82       0       0       0       0       0       000010500D0000157
     142       0       0       1       0                               0D0000158
     102      83       0       0       0       0       0       000010000D0000159
     102       0       0       1       0                               0D0000160
     110      84       0       0       0       0       0       000010000D0000161
     110       0       0       1       0                               0D0000162
     110      85       0       0       0       0       0       000010000D0000163
     110       0       0       1       0                               0D0000164
     110      86       0       0       0       0       0       000010000D0000165
     110       0       0       1       0                               0D0000166
     110      87       0       0       0       0       0       000010000D0000167
     110       0       0       1       0                               0D0000168
     110      88       0       0       0       0       0       000010000D0000169
     110       0       0       1       0                               0D0000170
     100      89       0       0       0       0     173       000010000D0000171
     100       0       0       1       0                               0D0000172
     124      90       0       0       0       0       0       000000000D0000173
     124       0       0       1       0                               0D0000174
     110      91       0       0       0       0       0       000010000D0000175
     110       0       0       1       0                               0D0000176
     100      92       0       0       0       0     179       000010000D0000177
     100       0       0       1       0                               0D0000178
     124      93       0       0       0       0       0       000000000D0000179
     124       0       0       1       0                               0D0000180
     144      94       0       0       0       0       0       000020000D0000181
     144       0   -1003       1       0                               0D0000182
     108      95       0       0       0       0       0       000010000D0000183
     108       0       0       1       0                               0D0000184
     142      96       0       0       0       0       0       000010500D0000185
     142       0       0       1       0                               0D0000186
     102      97       0       0       0       0       0       000010000D0000187
     102       0       0       1       0                               0D0000188
     110      98       0       0       0       0       0       000010000D0000189
     110       0       0       1       0                               0D0000190
     110      99       0       0       0       0       0       000010000D0000191
     110       0       0       1       0                               0D0000192
     110     100       0       0       0       0       0       000010000D0000193
     110       0       0       1       0                               0D0000194
     110     101       0       0       0       0       0       000010000D0000195
     110       0       0       1       0                               0D0000196
     144     102       0       0       0       0       0       000020000D0000197
     144       0   -1003       1       0                               0D0000198
     108     103       0       0       0       0       0       000010000D0000199
     108       0       0       2       0                               0D0000200
     142     105       0       0       0       0       0       000010500D0000201
     142       0       0       1       0                               0D0000202
     102     106       0       0       0       0       0       000010000D0000203
     102       0       0       1       0                               0D0000204
     110     107       0       0       0       0       0       000010000D0000205
     110       0       0       1       0                               0D0000206
     110     108       0       0       0       0       0       000010000D0000207
     110       0       0       1       0                               0D0000208
     110     109       0       0       0       0       0       000010000D0000209
     110       0       0       1       0                               0D0000210
     110     110       0       0       0       0       0       000010000D0000211
     110       0       0       1       0                               0D0000212
     144     111       0       0       0       0       0       000020000D0000213
     144       0   -1003       1       0                               0D0000214
     108     112       0       0       0       0       0       000010000D0000215
     108       0       0       1       0                               0D0000216
     142     113       0       0       0       0       0       000010500D0000217
     142       0       0       1       0                               0D0000218
     102     114       0       0       0       0       0       000010000D0000219
     102       0       0       1       0                               0D0000220
     110     115       0       0       0       0       0       000010000D0000221
     110       0       0       1       0                               0D0000222
     110     116       0       0       0       0       0       000010000D0000223
     110       0       0       1       0                               0D0000224
     110     117       0       0       0       0       0       000010000D0000225
     110       0       0       1       0                               0D0000226
     110     118       0       0       0       0       0       000010000D0000227
     110       0       0       1       0                               0D0000228
     402     119       0       0       0       0       0       000020000D0000229
     402       0       0       2       1                LEAD-TO9        D0000230
     144     121       0       0       0       0       0       000020000D0000231
     144       0       8       1       0                               0D0000232
     108     122       0       0       0       0       0       000010000D0000233
     108       0       0       1       0                               0D0000234
     142     123       0       0       0       0       0       000010500D0000235
     142       0       0       1       0                               0D0000236
     102     124       0       0       0       0       0       000010000D0000237
     102       0       0       1       0                               0D0000238
     110     125       0       0       0       0       0       000010000D0000239
     110       0       0       1       0                               0D0000240
     110     126       0       0       0       0       0       000010000D0000241
     110       0       0       1       0                               0D0000242
     110     127       0       0       0       0       0       000010000D0000243
     110       0       0       1       0                               0D0000244
     110     128       0       0       0       0       0       000010000D0000245
     110       0       0       1       0                               0D0000246
     110     129       0       0       0       0       0       000010000D0000247
     110       0       0       1       0                               0D0000248
     110     130       0       0       0       0       0       000010000D0000249
     110       0       0       1       0                               0D0000250
     110     131       0       0       0       0       0       000010000D0000251
     110       0       0       1       0                               0D0000252
     110     132       0       0       0       0       0       000010000D0000253
     110       0       0       1       0                               0D0000254
     110     133       0       0       0       0       0       000010000D0000255
     110       0       0       1       0                               0D0000256
     110     134       0       0       0       0       0       000010000D0000257
     110       0       0       1       0                               0D0000258
     110     135       0       0       0       0       0       000010000D0000259
     110       0       0       1       0                               0D0000260
     110     136       0       0       0       0       0       000010000D0000261
     110       0       0       1       0                               0D0000262
     144     137       0       0       0       0       0       000020000D0000263
     144       0       8       1       0                               0D0000264
     108     138       0       0       0       0       0       000010000D0000265
     108       0       0       1       0                               0D0000266
     142     139       0       0       0       0       0       000010500D0000267
     142       0       0       1       0                               0D0000268
     102     140       0       0       0       0       0       000010000D0000269
     102       0       0       1       0                               0D0000270
     110     141       0       0       0       0       0       000010000D0000271
     110       0       0       1       0                               0D0000272
     110     142       0       0       0       0       0       000010000D0000273
     110       0       0       1       0                               0D0000274
     110     143       0       0       0       0       0       000010000D0000275
     110       0       0       1       0                               0D0000276
     110     144       0       0       0       0       0       000010000D0000277
     110       0       0       1       0                               0D0000278
     144     145       0       0       0       0       0       000020000D0000279
     144       0       8       1       0                               0D0000280
     108     146       0       0       0       0       0       000010000D0000281
     108       0       0       1       0                               0D0000282
     142     147       0       0       0       0       0       000010500D0000283
     142       0       0       1       0                               0D0000284
     102     148       0       0       0       0       0       000010000D0000285
     102       0       0       1       0                               0D0000286
     110     149       0       0       0       0       0       000010000D0000287
     110       0       0       1       0                               0D0000288
     110     150       0       0       0       0       0       000010000D0000289
     110       0       0       1       0                               0D0000290
     110     151       0       0       0       0       0       000010000D0000291
     110       0       0       1       0                               0D0000292
     110     152       0       0       0       0       0       000010000D0000293
     110       0       0       1       0                               0D0000294
     144     153       0       0       0       0       0       000020000D0000295
     144       0       8       1       0                               0D0000296
     108     154       0       0       0       0       0       000010000D0000297
     108       0       0       1       0                               0D0000298
     142     155       0       0       0       0       0       000010500D0000299
     142       0       0       1       0                               0D0000300
     102     156       0       0       0       0       0       000010000D0000301
     102       0       0       1       0                               0D0000302
     110     157       0       0       0       0       0       000010000D0000303
     110       0       0       1       0                               0D0000304
     110     158       0       0       0       0       0       000010000D0000305
     110       0       0       1       0                               0D0000306
     110     159       0       0       0       0       0       000010000D0000307
     110       0       0       1       0                               0D0000308
     110     160       0       0       0       0       0       000010000D0000309
     110       0       0       1       0                               0D0000310
     110     161       0       0       0       0       0       000010000D0000311
     110       0       0       1       0                               0D0000312
     110     162       0       0       0       0       0       000010000D0000313
     110       0       0       1       0                               0D0000314
     110     163       0       0       0       0       0       000010000D0000315
     110       0       0       1       0                               0D0000316
     110     164       0       0       0       0       0       000010000D0000317
     110       0       0       1       0                               0D0000318
     110     165       0       0       0       0       0       000010000D0000319
     110       0       0       1       0                               0D0000320
     110     166       0       0       0       0       0       000010000D0000321
     110       0       0       1       0                               0D0000322
     110     167       0       0       0       0       0       000010000D0000323
     110       0       0       1       0                               0D0000324
     110     168       0       0       0       0       0       000010000D0000325
     110       0       0       1       0                               0D0000326
     144     169       0       0       0       0       0       000020000D0000327
     144       0       8       1       0                               0D0000328
     108     170       0       0       0       0       0       000010000D0000329
     108       0       0       1       0                               0D0000330
     142     171       0       0       0       0       0       000010500D0000331
     142       0       0       1       0                               0D0000332
     102     172       0       0       0       0       0       000010000D0000333
     102       0       0       1       0                               0D0000334
     110     173       0       0       0       0       0       000010000D0000335
     110       0       0       1       0                               0D0000336
     110     174       0       0       0       0       0       000010000D0000337
     110       0       0       1       0                               0D0000338
     110     175       0       0       0       0       0       000010000D0000339
     110       0       0       1       0                               0D0000340
     110     176       0       0       0       0       0       000010000D0000341
     110       0       0       1       0                               0D0000342
     144     177       0       0       0       0       0       000020000D0000343
     144       0       8       1       0                               0D0000344
     108     178       0       0       0       0       0       000010000D0000345
     108       0       0       1       0                               0D0000346
     142     179       0       0       0       0       0       000010500D0000347
     142       0       0       1       0                               0D0000348
     102     180       0       0       0       0       0       000010000D0000349
     102       0       0       1       0                               0D0000350
     110     181       0       0       0       0       0       000010000D0000351
     110       0       0       1       0                               0D0000352
     110     182       0       0       0       0       0       000010000D0000353
     110       0       0       1       0                               0D0000354
     110     183       0       0       0       0       0       000010000D0000355
     110       0       0       1       0                               0D0000356
     110     184       0       0       0       0       0       000010000D0000357
     110       0       0       1       0                               0D0000358
     144     185       0       0       0       0       0       000020000D0000359
     144       0       8       1       0                               0D0000360
     108     186       0       0       0       0       0       000010000D0000361
     108       0       0       1       0                               0D0000362
     142     187       0       0       0       0       0       000010500D0000363
     142       0       0       1       0                               0D0000364
     102     188       0       0       0       0       0       000010000D0000365
     102       0       0       1       0                               0D0000366
     110     189       0       0       0       0       0       000010000D0000367
     110       0       0       1       0                               0D0000368
     110     190       0       0       0       0       0       000010000D0000369
     110       0       0       1       0                               0D0000370
     110     191       0       0       0       0       0       000010000D0000371
     110       0       0       1       0                               0D0000372
     110     192       0       0       0       0       0       000010000D0000373
     110       0       0       1       0                               0D0000374
     144     193       0       0       0       0       0       000020000D0000375
     144       0       8       1       0                               0D0000376
     108     194       0       0       0       0       0       000010000D0000377
     108       0       0       1       0                               0D0000378
     142     195       0       0       0       0       0       000010500D0000379
     142       0       0       1       0                               0D0000380
     102     196       0       0       0       0       0       000010000D0000381
     102       0       0       1       0                               0D0000382
     110     197       0       0       0       0       0       000010000D0000383
     110       0       0       1       0                               0D0000384
     110     198       0       0       0       0       0       000010000D0000385
     110       0       0       1       0                               0D0000386
     110     199       0       0       0       0       0       000010000D0000387
     110       0       0       1       0                               0D0000388
     110     200       0       0       0       0       0       000010000D0000389
     110       0       0       1       0                               0D0000390
     144     201       0       0       0       0       0       000020000D0000391
     144       0       8       1       0                               0D0000392
     108     202       0       0       0       0       0       000010000D0000393
     108       0       0       1       0                               0D0000394
     142     203       0       0       0       0       0       000010500D0000395
     142       0       0       1       0                               0D0000396
     102     204       0       0       0       0       0       000010000D0000397
     102       0       0       1       0                               0D0000398
     110     205       0       0       0       0       0       000010000D0000399
     110       0       0       1       0                               0D0000400
     110     206       0       0       0       0       0       000010000D0000401
     110       0       0       1       0                               0D0000402
     110     207       0       0       0       0       0       000010000D0000403
     110       0       0       1       0                               0D0000404
     110     208       0       0       0       0       0       000010000D0000405
     110       0       0       1       0                               0D0000406
     144     209       0       0       0       0       0       000020000D0000407
     144       0       8       1       0                               0D0000408
     108     210       0       0       0       0       0       000010000D0000409
     108       0       0       1       0                               0D0000410
     142     211       0       0       0       0       0       000010500D0000411
     142       0       0       1       0                               0D0000412
     102     212       0       0       0       0       0       000010000D0000413
     102       0       0       1       0                               0D0000414
     110     213       0       0       0       0       0       000010000D0000415
     110       0       0       1       0                               0D0000416
     110     214       0       0       0       0       0       000010000D0000417
     110       0       0       1       0                               0D0000418
     110     215       0       0       0       0       0       000010000D0000419
     110       0       0       1       0                               0D0000420
     110     216       0       0       0       0       0       000010000D0000421
     110       0       0       1       0                               0D0000422
     144     217       0       0       0       0       0       000020000D0000423
     144       0       8       1       0                               0D0000424
     108     218       0       0       0       0       0       000010000D0000425
     108       0       0       1       0                               0D0000426
     142     219       0       0       0       0       0       000010500D0000427
     142       0       0       1       0                               0D0000428
     102     220       0       0       0       0       0       000010000D0000429
     102       0       0       1       0                               0D0000430
     110     221       0       0       0       0       0       000010000D0000431
     110       0       0       1       0                               0D0000432
     110     222       0       0       0       0       0       000010000D0000433
     110       0       0       1       0                               0D0000434
     110     223       0       0       0       0       0       000010000D0000435
     110       0       0       1       0                               0D0000436
     110     224       0       0       0       0       0       000010000D0000437
     110       0       0       1       0                               0D0000438
     144     225       0       0       0       0       0       000020000D0000439
     144       0       8       1       0                               0D0000440
     108     226       0       0       0       0       0       000010000D0000441
     108       0       0       1       0                               0D0000442
     142     227       0       0       0       0       0       000010500D0000443
     142       0       0       1       0                               0D0000444
     102     228       0       0       0       0       0       000010000D0000445
     102       0       0       1       0                               0D0000446
     110     229       0       0       0       0       0       000010000D0000447
     110       0       0       1       0                               0D0000448
     110     230       0       0       0       0       0       000010000D0000449
     110       0       0       1       0                               0D0000450
     110     231       0       0       0       0       0       000010000D0000451
     110       0       0       1       0                               0D0000452
     110     232       0       0       0       0       0       000010000D0000453
     110       0       0       1       0                               0D0000454
     144     233       0       0       0       0       0       000020000D0000455
     144       0       8       1       0                               0D0000456
     108     234       0       0       0       0       0       000010000D0000457
     108       0       0       1       0                               0D0000458
     142     235       0       0       0       0       0       000010500D0000459
     142       0       0       1       0                               0D0000460
     102     236       0       0       0       0       0       000010000D0000461
     102       0       0       1       0                               0D0000462
     110     237       0       0       0       0       0       000010000D0000463
     110       0       0       1       0                               0D0000464
     110     238       0       0       0       0       0       000010000D0000465
     110       0       0       1       0                               0D0000466
     110     239       0       0       0       0       0       000010000D0000467
     110       0       0       1       0                               0D0000468
     110     240       0       0       0       0       0       000010000D0000469
     110       0       0       1       0                               0D0000470
     144     241       0       0       0       0       0       000020000D0000471
     144       0       8       1       0                               0D0000472
     108     242       0       0       0       0       0       000010000D0000473
     108       0       0       1       0                               0D0000474
     142     243       0       0       0       0       0       000010500D0000475
     142       0       0       1       0                               0D0000476
     102     244       0       0       0       0       0       000010000D0000477
     102       0       0       1       0                               0D0000478
     110     245       0       0       0       0       0       000010000D0000479
     110       0       0       1       0                               0D0000480
     110     246       0       0       0       0       0       000010000D0000481
     110       0       0       1       0                               0D0000482
     110     247       0       0       0       0       0       000010000D0000483
     110       0       0       1       0                               0D0000484
     110     248       0       0       0       0       0       000010000D0000485
     110       0       0       1       0                               0D0000486
     402     249       0       0       0       0       0       000020000D0000487
     402       0       0       2       1                LEAD-TO9        D0000488
     144     251       0       0       0       0       0       000020000D0000489
     144       0       8       1       0                               0D0000490
     108     252       0       0       0       0       0       000010000D0000491
     108       0       0       1       0                               0D0000492
     142     253       0       0       0       0       0       000010500D0000493
     142       0       0       1       0                               0D0000494
     102     254       0       0       0       0       0       000010000D0000495
     102       0       0       1       0                               0D0000496
     110     255       0       0       0       0       0       000010000D0000497
     110       0       0       1       0                               0D0000498
     110     256       0       0       0       0       0       000010000D0000499
     110       0       0       1       0                               0D0000500
     110     257       0       0       0       0       0       000010000D0000501
     110       0       0       1       0                               0D0000502
     110     258       0       0       0       0       0       000010000D0000503
     110       0       0       1       0                               0D0000504
     110     259       0       0       0       0       0       000010000D0000505
     110       0       0       1       0                               0D0000506
     110     260       0       0       0       0       0       000010000D0000507
     110       0       0       1       0                               0D0000508
     110     261       0       0       0       0       0       000010000D0000509
     110       0       0       1       0                               0D0000510
     110     262       0       0       0       0       0       000010000D0000511
     110       0       0       1       0                               0D0000512
     110     263       0       0       0       0       0       000010000D0000513
     110       0       0       1       0                               0D0000514
     110     264       0       0       0       0       0       000010000D0000515
     110       0       0       1       0                               0D0000516
     110     265       0       0       0       0       0       000010000D0000517
     110       0       0       1       0                               0D0000518
     110     266       0       0       0       0       0       000010000D0000519
     110       0       0       1       0                               0D0000520
     144     267       0       0       0       0       0       000020000D0000521
     144       0       8       1       0                               0D0000522
     108     268       0       0       0       0       0       000010000D0000523
     108       0       0       1       0                               0D0000524
     142     269       0       0       0       0       0       000010500D0000525
     142       0       0       1       0                               0D0000526
     102     270       0       0       0       0       0       000010000D0000527
     102       0       0       1       0                               0D0000528
     110     271       0       0       0       0       0       000010000D0000529
     110       0       0       1       0                               0D0000530
     110     272       0       0       0       0       0       000010000D0000531
     110       0       0       1       0                               0D0000532
     110     273       0       0       0       0       0       000010000D0000533
     110       0       0       1       0                               0D0000534
     110     274       0       0       0       0       0       000010000D0000535
     110       0       0       1       0                               0D0000536
     144     275       0       0       0       0       0       000020000D0000537
     144       0       8       1       0                               0D0000538
     108     276       0       0       0       0       0       000010000D0000539
     108       0       0       1       0                               0D0000540
     142     277       0       0       0       0       0       000010500D0000541
     142       0       0       1       0                               0D0000542
     102     278       0       0       0       0       0       000010000D0000543
     102       0       0       1       0                               0D0000544
     110     279       0       0       0       0       0       000010000D0000545
     110       0       0       1       0                               0D0000546
     110     280       0       0       0       0       0       000010000D0000547
     110       0       0       1       0                               0D0000548
     110     281       0       0       0       0       0       000010000D0000549
     110       0       0       1       0                               0D0000550
     110     282       0       0       0       0       0       000010000D0000551
     110       0       0       1       0                               0D0000552
     144     283       0       0       0       0       0       000020000D0000553
     144       0       8       1       0                               0D0000554
     108     284       0       0       0       0       0       000010000D0000555
     108       0       0       1       0                               0D0000556
     142     285       0       0       0       0       0       000010500D0000557
     142       0       0       1       0                               0D0000558
     102     286       0       0       0       0       0       000010000D0000559
     102       0       0       1       0                               0D0000560
     110     287       0       0       0       0       0       000010000D0000561
     110       0       0       1       0                               0D0000562
     110     288       0       0       0       0       0       000010000D0000563
     110       0       0       1       0                               0D0000564
     110     289       0       0       0       0       0       000010000D0000565
     110       0       0       1       0                               0D0000566
     110     290       0       0       0       0       0       000010000D0000567
     110       0       0       1       0                               0D0000568
     110     291       0       0       0       0       0       000010000D0000569
     110       0       0       1       0                               0D0000570
     110     292       0       0       0       0       0       000010000D0000571
     110       0       0       1       0                               0D0000572
     110     293       0       0       0       0       0       000010000D0000573
     110       0       0       1       0                               0D0000574
     110     294       0       0       0       0       0       000010000D0000575
     110       0       0       1       0                               0D0000576
     110     295       0       0       0       0       0       000010000D0000577
     110       0       0       1       0                               0D0000578
     110     296       0       0       0       0       0       000010000D0000579
     110       0       0       1       0                               0D0000580
     110     297       0       0       0       0       0       000010000D0000581
     110       0       0       1       0                               0D0000582
     110     298       0       0       0       0       0       000010000D0000583
     110       0       0       1       0                               0D0000584
     144     299       0       0       0       0       0       000020000D0000585
     144       0       8       1       0                               0D0000586
     108     300       0       0       0       0       0       000010000D0000587
     108       0       0       1       0                               0D0000588
     142     301       0       0       0       0       0       000010500D0000589
     142       0       0       1       0                               0D0000590
     102     302       0       0       0       0       0       000010000D0000591
     102       0       0       1       0                               0D0000592
     110     303       0       0       0       0       0       000010000D0000593
     110       0       0       1       0                               0D0000594
     110     304       0       0       0       0       0       000010000D0000595
     110       0       0       1       0                               0D0000596
     110     305       0       0       0       0       0       000010000D0000597
     110       0       0       1       0                               0D0000598
     110     306       0       0       0       0       0       000010000D0000599
     110       0       0       1       0                               0D0000600
     144     307       0       0       0       0       0       000020000D0000601
     144       0       8       1       0                               0D0000602
     108     308       0       0       0       0       0       000010000D0000603
     108       0       0       1       0                               0D0000604
     142     309       0       0       0       0       0       000010500D0000605
     142       0       0       1       0                               0D0000606
     102     310       0       0       0       0       0       000010000D0000607
     102       0       0       1       0                               0D0000608
     110     311       0       0       0       0       0       000010000D0000609
     110       0       0       1       0                               0D0000610
     110     312       0       0       0       0       0       000010000D0000611
     110       0       0       1       0                               0D0000612
     110     313       0       0       0       0       0       000010000D0000613
     110       0       0       1       0                               0D0000614
     110     314       0       0       0       0       0       000010000D0000615
     110       0       0       1       0                               0D0000616
     144     315       0       0       0       0       0       000020000D0000617
     144       0       8       1       0                               0D0000618
     108     316       0       0       0       0       0       000010000D0000619
     108       0       0       1       0                               0D0000620
     142     317       0       0       0       0       0       000010500D0000621
     142       0       0       1       0                               0D0000622
     102     318       0       0       0       0       0       000010000D0000623
     102       0       0       1       0                               0D0000624
     110     319       0       0       0       0       0       000010000D0000625
     110       0       0       1       0                               0D0000626
     110     320       0       0       0       0       0       000010000D0000627
     110       0       0       1       0                               0D0000628
     110     321       0       0       0       0       0       000010000D0000629
     110       0       0       1       0                               0D0000630
     110     322       0       0       0       0       0       000010000D0000631
     110       0       0       1       0                               0D0000632
     144     323       0       0       0       0       0       000020000D0000633
     144       0       8       1       0                               0D0000634
     108     324       0       0       0       0       0       000010000D0000635
     108       0       0       1       0                               0D0000636
     142     325       0       0       0       0       0       000010500D0000637
     142       0       0       1       0                               0D0000638
     102     326       0       0       0       0       0       000010000D0000639
     102       0       0       1       0                               0D0000640
     110     327       0       0       0       0       0       000010000D0000641
     110       0       0       1       0                               0D0000642
     110     328       0       0       0       0       0       000010000D0000643
     110       0       0       1       0                               0D0000644
     110     329       0       0       0       0       0       000010000D0000645
     110       0       0       1       0                               0D0000646
     110     330       0       0       0       0       0       000010000D0000647
     110       0       0       1       0                               0D0000648
     144     331       0       0       0       0       0       000020000D0000649
     144       0       8       1       0                               0D0000650
     108     332       0       0       0       0       0       000010000D0000651
     108       0       0       1       0                               0D0000652
     142     333       0       0       0       0       0       000010500D0000653
     142       0       0       1       0                               0D0000654
     102     334       0       0       0       0       0       000010000D0000655
     102       0       0       1       0                               0D0000656
     110     335       0       0       0       0       0       000010000D0000657
     110       0       0       1       0                               0D0000658
     110     336       0       0       0       0       0       000010000D0000659
     110       0       0       1       0                               0D0000660
     110     337       0       0       0       0       0       000010000D0000661
     110       0       0       1       0                               0D0000662
     110     338       0       0       0       0       0       000010000D0000663
     110       0       0       1       0                               0D0000664
     144     339       0       0       0       0       0       000020000D0000665
     144       0       8       1       0                               0D0000666
     108     340       0       0       0       0       0       000010000D0000667
     108       0       0       1       0                               0D0000668
     142     341       0       0       0       0       0       000010500D0000669
     142       0       0       1       0                               0D0000670
     102     342       0       0       0       0       0       000010000D0000671
     102       0       0       1       0                               0D0000672
     110     343       0       0       0       0       0       000010000D0000673
     110       0       0       1       0                               0D0000674
     110     344       0       0       0       0       0       000010000D0000675
     110       0       0       1       0                               0D0000676
     110     345       0       0       0       0       0       000010000D0000677
     110       0       0       1       0                               0D0000678
     110     346       0       0       0       0       0       000010000D0000679
     110       0       0       1       0                               0D0000680
     144     347       0       0       0       0       0       000020000D0000681
     144       0       8       1       0                               0D0000682
     108     348       0       0       0       0       0       000010000D0000683
     108       0       0       1       0                               0D0000684
     142     349       0       0       0       0       0       000010500D0000685
     142       0       0       1       0                               0D0000686
     102     350       0       0       0       0       0       000010000D0000687
     102       0       0       1       0                               0D0000688
     110     351       0       0       0       0       0       000010000D0000689
     110       0       0       1       0                               0D0000690
     110     352       0       0       0       0       0       000010000D0000691
     110       0       0       1       0                               0D0000692
     110     353       0       0       0       0       0       000010000D0000693
     110       0       0       1       0                               0D0000694
     110     354       0       0       0       0       0       000010000D0000695
     110       0       0       1       0                               0D0000696
     144     355       0       0       0       0       0       000020000D0000697
     144       0       8       1       0                               0D0000698
     108     356       0       0       0       0       0       000010000D0000699
     108       0       0       1       0                               0D0000700
     142     357       0       0       0       0       0       000010500D0000701
     142       0       0       1       0                               0D0000702
     102     358       0       0       0       0       0       000010000D0000703
     102       0       0       1       0                               0D0000704
     110     359       0       0       0       0       0       000010000D0000705
     110       0       0       1       0                               0D0000706
     110     360       0       0       0       0       0       000010000D0000707
     110       0       0       1       0                               0D0000708
     110     361       0       0       0       0       0       000010000D0000709
     110       0       0       1       0                               0D0000710
     110     362       0       0       0       0       0       000010000D0000711
     110       0       0       1       0                               0D0000712
     144     363       0       0       0       0       0       000020000D0000713
     144       0       8       1       0                               0D0000714
     108     364       0       0       0       0       0       000010000D0000715
     108       0       0       1       0                               0D0000716
     142     365       0       0       0       0       0       000010500D0000717
     142       0       0       1       0                               0D0000718
     102     366       0       0       0       0       0       000010000D0000719
     102       0       0       1       0                               0D0000720
     110     367       0       0       0       0       0       000010000D0000721
     110       0       0       1       0                               0D0000722
     110     368       0       0       0       0       0       000010000D0000723
     110       0       0       1       0                               0D0000724
     110     369       0       0       0       0       0       000010000D0000725
     110       0       0       1       0                               0D0000726
     110     370       0       0       0       0       0       000010000D0000727
     110       0       0       1       0                               0D0000728
     144     371       0       0       0       0       0       000020000D0000729
     144       0       8       1       0                               0D0000730
     108     372       0       0       0       0       0       000010000D0000731
     108       0       0       1       0                               0D0000732
     142     373       0       0       0       0       0       000010500D0000733
     142       0       0       1       0                               0D0000734
     102     374       0       0       0       0       0       000010000D0000735
     102       0       0       1       0                               0D0000736
     110     375       0       0       0       0       0       000010000D0000737
     110       0       0       1       0                               0D0000738
     110     376       0       0       0       0       0       000010000D0000739
     110       0       0       1       0                               0D0000740
     110     377       0       0       0       0       0       000010000D0000741
     110       0       0       1       0                               0D0000742
     110     378       0       0       0       0       0       000010000D0000743
     110       0       0       1       0                               0D0000744
     402     379       0       0       0       0       0       000020000D0000745
     402       0       0       2       1                LEAD-TO9        D0000746
     144     381       0       0       0       0       0       000020000D0000747
     144       0       8       1       0                               0D0000748
     108     382       0       0       0       0       0       000010000D0000749
     108       0       0       1       0                               0D0000750
     142     383       0       0       0       0       0       000010500D0000751
     142       0       0       1       0                               0D0000752
     102     384       0       0       0       0       0       000010000D0000753
     102       0       0       1       0                               0D0000754
     110     385       0       0       0       0       0       000010000D0000755
     110       0       0       1       0                               0D0000756
     110     386       0       0       0       0       0       000010000D0000757
     110       0       0       1       0                               0D0000758
     110     387       0       0       0       0       0       000010000D0000759
     110       0       0       1       0                               0D0000760
     110     388       0       0       0       0       0       000010000D0000761
     110       0       0       1       0                               0D0000762
     110     389       0       0       0       0       0       000010000D0000763
     110       0       0       1       0                               0D0000764
     110     390       0       0       0       0       0       000010000D0000765
     110       0       0       1       0                               0D0000766
     110     391       0       0       0       0       0       000010000D0000767
     110       0       0       1       0                               0D0000768
     110     392       0       0       0       0       0       000010000D0000769
     110       0       0       1       0                               0D0000770
     110     393       0       0       0       0       0       000010000D0000771
     110       0       0       1       0                               0D0000772
     110     394       0       0       0       0       0       000010000D0000773
     110       0       0       1       0                               0D0000774
     110     395       0       0       0       0       0       000010000D0000775
     110       0       0       1       0                               0D0000776
     110     396       0       0       0       0       0       000010000D0000777
     110       0       0       1       0                               0D0000778
     144     397       0       0       0       0       0       000020000D0000779
     144       0       8       1       0                               0D0000780
     108     398       0       0       0       0       0       000010000D0000781
     108       0       0       1       0                               0D0000782
     142     399       0       0       0       0       0       000010500D0000783
     142       0       0       1       0                               0D0000784
     102     400       0       0       0       0       0       000010000D0000785
     102       0       0       1       0                               0D0000786
     110     401       0       0       0       0       0       000010000D0000787
     110       0       0       1       0                               0D0000788
     110     402       0       0       0       0       0       000010000D0000789
     110       0       0       1       0                               0D0000790
     110     403       0       0       0       0       0       000010000D0000791
     110       0       0       1       0                               0D0000792
     110     404       0       0       0       0       0       000010000D0000793
     110       0       0       1       0                               0D0000794
     144     405       0       0       0       0       0       000020000D0000795
     144       0       8       1       0                               0D0000796
     108     406       0       0       0       0       0       000010000D0000797
     108       0       0       1       0                               0D0000798
     142     407       0       0       0       0       0       000010500D0000799
     142       0       0       1       0                               0D0000800
     102     408       0       0       0       0       0       000010000D0000801
     102       0       0       1       0                               0D0000802
     110     409       0       0       0       0       0       000010000D0000803
     110       0       0       1       0                               0D0000804
     110     410       0       0       0       0       0       000010000D0000805
     110       0       0       1       0                               0D0000806
     110     411       0       0       0       0       0       000010000D0000807
     110       0       0       1       0                               0D0000808
     110     412       0       0       0       0       0       000010000D0000809
     110       0       0       1       0                               0D0000810
     144     413       0       0       0       0       0       000020000D0000811
     144       0       8       1       0                               0D0000812
     108     414       0       0       0       0       0       000010000D0000813
     108       0       0       1       0                               0D0000814
     142     415       0       0       0       0       0       000010500D0000815
     142       0       0       1       0                               0D0000816
     102     416       0       0       0       0       0       000010000D0000817
     102       0       0       1       0                               0D0000818
     110     417       0       0       0       0       0       000010000D0000819
     110       0       0       1       0                               0D0000820
     110     418       0       0       0       0       0       000010000D0000821
     110       0       0       1       0                               0D0000822
     110     419       0       0       0       0       0       000010000D0000823
     110       0       0       1       0                               0D0000824
     110     420       0       0       0       0       0       000010000D0000825
     110       0       0       1       0                               0D0000826
     110     421       0       0       0       0       0       000010000D0000827
     110       0       0       1       0                               0D0000828
     110     422       0       0       0       0       0       000010000D0000829
     110       0       0       1       0                               0D0000830
     110     423       0       0       0       0       0       000010000D0000831
     110       0       0       1       0                               0D0000832
     110     424       0       0       0       0       0       000010000D0000833
     110       0       0       1       0                               0D0000834
     110     425       0       0       0       0       0       000010000D0000835
     110       0       0       1       0                               0D0000836
     110     426       0       0       0       0       0       000010000D0000837
     110       0       0       1       0                               0D0000838
     110     427       0       0       0       0       0       000010000D0000839
     110       0       0       1       0                               0D0000840
     110     428       0       0       0       0       0       000010000D0000841
     110       0       0       1       0                               0D0000842
     144     429       0       0       0       0       0       000020000D0000843
     144       0       8       1       0                               0D0000844
     108     430       0       0       0       0       0       000010000D0000845
     108       0       0       1       0                               0D0000846
     142     431       0       0       0       0       0       000010500D0000847
     142       0       0       1       0                               0D0000848
     102     432       0       0       0       0       0       000010000D0000849
     102       0       0       1       0                               0D0000850
     110     433       0       0       0       0       0       000010000D0000851
     110       0       0       1       0                               0D0000852
     110     434       0       0       0       0       0       000010000D0000853
     110       0       0       1       0                               0D0000854
     110     435       0       0       0       0       0       000010000D0000855
     110       0       0       1       0                               0D0000856
     110     436       0       0       0       0       0       000010000D0000857
     110       0       0       1       0                               0D0000858
     144     437       0       0       0       0       0       000020000D0000859
     144       0       8       1       0                               0D0000860
     108     438       0       0       0       0       0       000010000D0000861
     108       0       0       1       0                               0D0000862
     142     439       0       0       0       0       0       000010500D0000863
     142       0       0       1       0                               0D0000864
     102     440       0       0       0       0       0       000010000D0000865
     102       0       0       1       0                               0D0000866
     110     441       0       0       0       0       0       000010000D0000867
     110       0       0       1       0                               0D0000868
     110     442       0       0       0       0       0       000010000D0000869
     110       0       0       1       0                               0D0000870
     110     443       0       0       0       0       0       000010000D0000871
     110       0       0       1       0                               0D0000872
     110     444       0       0       0       0       0       000010000D0000873
     110       0       0       1       0                               0D0000874
     144     445       0       0       0       0       0       000020000D0000875
     144       0       8       1       0                               0D0000876
     108     446       0       0       0       0       0       000010000D0000877
     108       0       0       1       0                               0D0000878
     142     447       0       0       0       0       0       000010500D0000879
     142       0       0       1       0                               0D0000880
     102     448       0       0       0       0       0       000010000D0000881
     102       0       0       1       0                               0D0000882
     110     449       0       0       0       0       0       000010000D0000883
     110       0       0       1       0                               0D0000884
     110     450       0       0       0       0       0       000010000D0000885
     110       0       0       1       0                               0D0000886
     110     451       0       0       0       0       0       000010000D0000887
     110       0       0       1       0                               0D0000888
     110     452       0       0       0       0       0       000010000D0000889
     110       0       0       1       0                               0D0000890
     144     453       0       0       0       0       0       000020000D0000891
     144       0       8       1       0                               0D0000892
     108     454       0       0       0       0       0       000010000D0000893
     108       0       0       1       0                               0D0000894
     142     455       0       0       0       0       0       000010500D0000895
     142       0       0       1       0                               0D0000896
     102     456       0       0       0       0       0       000010000D0000897
     102       0       0       1       0                               0D0000898
     110     457       0       0       0       0       0       000010000D0000899
     110       0       0       1       0                               0D0000900
     110     458       0       0       0       0       0       000010000D0000901
     110       0       0       1       0                               0D0000902
     110     459       0       0       0       0       0       000010000D0000903
     110       0       0       1       0                               0D0000904
     110     460       0       0       0       0       0       000010000D0000905
     110       0       0       1       0                               0D0000906
     144     461       0       0       0       0       0       000020000D0000907
     144       0       8       1       0                               0D0000908
     108     462       0       0       0       0       0       000010000D0000909
     108       0       0       1       0                               0D0000910
     142     463       0       0       0       0       0       000010500D0000911
     142       0       0       1       0                               0D0000912
     102     464       0       0       0       0       0       000010000D0000913
     102       0       0       1       0                               0D0000914
     110     465       0       0       0       0       0       000010000D0000915
     110       0       0       1       0                               0D0000916
     110     466       0       0       0       0       0       000010000D0000917
     110       0       0       1       0                               0D0000918
     110     467       0       0       0       0       0       000010000D0000919
     110       0       0       1       0                               0D0000920
     110     468       0       0       0       0       0       000010000D0000921
     110       0       0       1       0                               0D0000922
     144     469       0       0       0       0       0       000020000D0000923
     144       0       8       1       0                               0D0000924
     108     470       0       0       0       0       0       000010000D0000925
     108       0       0       1       0                               0D0000926
     142     471       0       0       0       0       0       000010500D0000927
     142       0       0       1       0                               0D0000928
     102     472       0       0       0       0       0       000010000D0000929
     102       0       0       1       0                               0D0000930
     110     473       0       0       0       0       0       000010000D0000931
     110       0       0       1       0                               0D0000932
     110     474       0       0       0       0       0       000010000D0000933
     110       0       0       1       0                               0D0000934
     110     475       0       0       0       0       0       000010000D0000935
     110       0       0       1       0                               0D0000936
     110     476       0       0       0       0       0       000010000D0000937
     110       0       0       1       0                               0D0000938
     144     477       0       0       0       0       0       000020000D0000939
     144       0       8       1       0                               0D0000940
     108     478       0       0       0       0       0       000010000D0000941
     108       0       0       1       0                               0D0000942
     142     479       0       0       0       0       0       000010500D0000943
     142       0       0       1       0                               0D0000944
     102     480       0       0       0       0       0       000010000D0000945
     102       0       0       1       0                               0D0000946
     110     481       0       0       0       0       0       000010000D0000947
     110       0       0       1       0                               0D0000948
     110     482       0       0       0       0       0       000010000D0000949
     110       0       0       1       0                               0D0000950
     110     483       0       0       0       0       0       000010000D0000951
     110       0       0       1       0                               0D0000952
     110     484       0       0       0       0       0       000010000D0000953
     110       0       0       1       0                               0D0000954
     144     485       0       0       0       0       0       000020000D0000955
     144       0       8       1       0                               0D0000956
     108     486       0       0       0       0       0       000010000D0000957
     108       0       0       1       0                               0D0000958
     142     487       0       0       0       0       0       000010500D0000959
     142       0       0       1       0                               0D0000960
     102     488       0       0       0       0       0       000010000D0000961
     102       0       0       1       0                               0D0000962
     110     489       0       0       0       0       0       000010000D0000963
     110       0       0       1       0                               0D0000964
     110     490       0       0       0       0       0       000010000D0000965
     110       0       0       1       0                               0D0000966
     110     491       0       0       0       0       0       000010000D0000967
     110       0       0       1       0                               0D0000968
     110     492       0       0       0       0       0       000010000D0000969
     110       0       0       1       0                               0D0000970
     144     493       0       0       0       0       0       000020000D0000971
     144       0       8       1       0                               0D0000972
     108     494       0       0       0       0       0       000010000D0000973
     108       0       0       1       0                               0D0000974
     142     495       0       0       0       0       0       000010500D0000975
     142       0       0       1       0                               0D0000976
     102     496       0       0       0       0       0       000010000D0000977
     102       0       0       1       0                               0D0000978
     110     497       0       0       0       0       0       000010000D0000979
     110       0       0       1       0                               0D0000980
     110     498       0       0       0       0       0       000010000D0000981
     110       0       0       1       0                               0D0000982
     110     499       0       0       0       0       0       000010000D0000983
     110       0       0       1       0                               0D0000984
     110     500       0       0       0       0       0       000010000D0000985
     110       0       0       1       0                               0D0000986
     144     501       0       0       0       0       0       000020000D0000987
     144       0       8       1       0                               0D0000988
     108     502       0       0       0       0       0       000010000D0000989
     108       0       0       1       0                               0D0000990
     142     503       0       0       0       0       0       000010500D0000991
     142       0       0       1       0                               0D0000992
     102     504       0       0       0       0       0       000010000D0000993
     102       0       0       1       0                               0D0000994
     110     505       0       0       0       0       0       000010000D0000995
     110       0       0       1       0                               0D0000996
     110     506       0       0       0       0       0       000010000D0000997
     110       0       0       1       0                               0D0000998
     110     507       0       0       0       0       0       000010000D0000999
     110       0       0       1       0                               0D0001000
     110     508       0       0       0       0       0       000010000D0001001
     110       0       0       1       0                               0D0001002
     314     509       0       0       0       0       0       000000200D0001003
     314       0       0       1       0                               0D0001004
     406     510       0       0       0       0       0       000000000D0001005
     406       0       0       1      15                               0D0001006
     406     511       0       0       0       0       0       000000000D0001007
     406       0       0       1      15                               0D0001008
     406     512       0       0       0       0       0       000000000D0001009
     406       0       0       1      15                               0D0001010
     406     513       0       0       0       0       0       000000000D0001011
     406       0       0       1      15                               0D0001012
     406     514       0       0       0       0       0       000000000D0001013
     406       0       0       1      15                               0D0001014
402,4,3,229,487,745,0,1,1013;                                    0000001P0000001
402,10,5,21,37,53,89,117,153,181,197,213,0,1,1005;               0000003P0000002
144,7,1,0,9;                                                     0000005P0000003
108,0.,-1.,0.,0.76,0,0.,-0.76,1.9,0.;                            0000007P0000004
142,0,7,0,11,2;                                                  0000009P0000005
102,4,13,15,17,19;                                               0000011P0000006
110,-1.24,-0.76,1.9,1.24,-0.76,1.9;                              0000013P0000007
110,1.24,-0.76,1.9,1.24,-0.76,5.05;                              0000015P0000008
110,1.24,-0.76,5.05,-1.24,-0.76,5.05;                            0000017P0000009
110,-1.24,-0.76,5.05,-1.24,-0.76,1.9;                            0000019P0000010
144,23,1,0,25;                                                   0000021P0000011
108,-0.707106781,-0.707106781,0.,1.414213562,0,-1.24,-0.76,      0000023P0000012
5.365,0.;                                                        0000023P0000013
142,0,23,0,27,2;                                                 0000025P0000014
102,4,29,31,33,35;                                               0000027P0000015
110,-2.,0.,1.9,-1.24,-0.76,1.9;                                  0000029P0000016
110,-1.24,-0.76,1.9,-1.24,-0.76,5.05;                            0000031P0000017
110,-1.24,-0.76,5.05,-2.,0.,5.05;                                0000033P0000018
110,-2.,0.,5.05,-2.,0.,1.9;                                      0000035P0000019
144,39,1,0,41;                                                   0000037P0000020
108,-1.,0.,0.,2.,0,-2.,0.,5.05,0.;                               0000039P0000021
142,0,39,0,43,2;                                                 0000041P0000022
102,4,45,47,49,51;                                               0000043P0000023
110,-2.,0.506,1.9,-2.,0.,1.9;                                    0000045P0000024
110,-2.,0.,1.9,-2.,0.,5.05;                                      0000047P0000025
110,-2.,0.,5.05,-2.,0.506,5.05;                                  0000049P0000026
110,-2.,0.506,5.05,-2.,0.506,1.9;                                0000051P0000027
144,55,1,0,63;                                                   0000053P0000028
120,59,61,4.71238898,6.283185307;                                0000055P0000029
124,0.,-1.,0.,-1.746,1.,0.,0.,0.506,0.,0.,1.,-2.20634;           0000057P0000030
110,0.,0.,1.,0.,0.,0.;                                           0000059P0000031
110,0.254,0.,4.10634,0.254,0.,7.25634;                           0000061P0000032
142,0,55,65,75,3;                                                0000063P0000033
102,4,67,69,71,73;                                               0000065P0000034
110,1.,6.283185307,0.,0.,6.283185307,0.;                         0000067P0000035
110,3.697785493E-32,6.283185307,0.,-1.107259841E-16,4.71238898,  0000069P0000036
0.;                                                              0000069P0000037
110,-1.107259841E-16,4.71238898,0.,1.,4.71238898,0.;             0000071P0000038
110,1.,4.71238898,0.,1.,6.283185307,0.;                          0000073P0000039
102,4,77,79,83,85;                                               0000075P0000040
110,-1.746,0.76,5.05,-1.746,0.76,1.9;                            0000077P0000041
100,0.,0.,0.,0.,-0.254,0.254,-1.110223025E-16;                   0000079P0000042
124,-1.,0.,-0.,-1.746,0.,-1.,0.,0.506,0.,-0.,1.,1.9;             0000081P0000043
110,-2.,0.506,1.9,-2.,0.506,5.05;                                0000083P0000044
100,0.,0.,0.,0.,-0.254,0.254,0.;                                 0000085P0000045
124,0.,1.,0.,-1.746,1.,0.,0.,0.506,0.,0.,-1.,5.05;               0000087P0000046
144,91,1,0,93;                                                   0000089P0000047
108,0.,0.,1.,5.05,0,2.,0.,5.05,0.;                               0000091P0000048
142,0,91,0,95,2;                                                 0000093P0000049
102,8,97,99,103,105,107,109,111,113;                             0000095P0000050
110,1.746,0.76,5.05,-1.746,0.76,5.05;                            0000097P0000051
100,0.,0.,0.,0.254,0.,0.,0.254;                                  0000099P0000052
124,0.,-1.,0.,-1.746,1.,0.,0.,0.506,0.,0.,1.,5.05;               0000101P0000053
110,-2.,0.506,5.05,-2.,0.,5.05;                                  0000103P0000054
110,-2.,0.,5.05,-1.24,-0.76,5.05;                                0000105P0000055
110,-1.24,-0.76,5.05,1.24,-0.76,5.05;                            0000107P0000056
110,1.24,-0.76,5.05,2.,0.,5.05;                                  0000109P0000057
110,2.,0.,5.05,2.,0.506,5.05;                                    0000111P0000058
100,0.,0.,0.,0.254,0.,0.,0.254;                                  0000113P0000059
124,1.,0.,0.,1.746,0.,1.,0.,0.506,0.,0.,1.,5.05;                 0000115P0000060
144,119,1,0,127;                                                 0000117P0000061
120,123,125,4.71238898,6.283185307;                              0000119P0000062
124,0.,1.,0.,1.746,1.,0.,0.,0.506,0.,0.,-1.,9.15634;             0000121P0000063
110,0.,0.,1.,0.,0.,0.;                                           0000123P0000064
110,0.254,0.,4.10634,0.254,0.,7.25634;                           0000125P0000065
142,0,119,129,139,3;                                             0000127P0000066
102,4,131,133,135,137;                                           0000129P0000067
110,1.,6.283185307,0.,0.,6.283185307,0.;                         0000131P0000068
110,3.697785493E-32,6.283185307,0.,-1.107259841E-16,4.71238898,  0000133P0000069
0.;                                                              0000133P0000070
110,-1.107259841E-16,4.71238898,0.,1.,4.71238898,0.;             0000135P0000071
110,1.,4.71238898,0.,1.,6.283185307,0.;                          0000137P0000072
102,4,141,143,147,149;                                           0000139P0000073
110,1.746,0.76,1.9,1.746,0.76,5.05;                              0000141P0000074
100,0.,0.,0.,0.,-0.254,0.254,-1.110223025E-16;                   0000143P0000075
124,1.,0.,0.,1.746,0.,-1.,0.,0.506,0.,0.,-1.,5.05;               0000145P0000076
110,2.,0.506,5.05,2.,0.506,1.9;                                  0000147P0000077
100,0.,0.,0.,0.,-0.254,0.254,0.;                                 0000149P0000078
124,0.,-1.,-0.,1.746,1.,0.,0.,0.506,0.,0.,1.,1.9;                0000151P0000079
144,155,1,0,157;                                                 0000153P0000080
108,0.,0.,-1.,-1.9,0,-2.,0.,1.9,0.;                              0000155P0000081
142,0,155,0,159,2;                                               0000157P0000082
102,8,161,163,165,167,169,171,175,177;                           0000159P0000083
110,2.,0.506,1.9,2.,0.,1.9;                                      0000161P0000084
110,2.,0.,1.9,1.24,-0.76,1.9;                                    0000163P0000085
110,1.24,-0.76,1.9,-1.24,-0.76,1.9;                              0000165P0000086
110,-1.24,-0.76,1.9,-2.,0.,1.9;                                  0000167P0000087
110,-2.,0.,1.9,-2.,0.506,1.9;                                    0000169P0000088
100,0.,0.,0.,0.254,0.,0.,0.254;                                  0000171P0000089
124,-1.,0.,0.,-1.746,0.,1.,0.,0.506,0.,0.,-1.,1.9;               0000173P0000090
110,-1.746,0.76,1.9,1.746,0.76,1.9;                              0000175P0000091
100,0.,0.,0.,0.254,0.,0.,0.254;                                  0000177P0000092
124,0.,1.,0.,1.746,1.,0.,0.,0.506,0.,0.,-1.,1.9;                 0000179P0000093
144,183,1,0,185;                                                 0000181P0000094
108,-0.,1.,-0.,0.76,0,0.,0.76,1.9,0.;                            0000183P0000095
142,0,183,0,187,2;                                               0000185P0000096
102,4,189,191,193,195;                                           0000187P0000097
110,1.746,0.76,1.9,-1.746,0.76,1.9;                              0000189P0000098
110,-1.746,0.76,1.9,-1.746,0.76,5.05;                            0000191P0000099
110,-1.746,0.76,5.05,1.746,0.76,5.05;                            0000193P0000100
110,1.746,0.76,5.05,1.746,0.76,1.9;                              0000195P0000101
144,199,1,0,201;                                                 0000197P0000102
108,0.707106781,-0.707106781,0.,1.414213562,0,1.24,-0.76,5.365,  0000199P0000103
0.;                                                              0000199P0000104
142,0,199,0,203,2;                                               0000201P0000105
102,4,205,207,209,211;                                           0000203P0000106
110,2.,0.,5.05,1.24,-0.76,5.05;                                  0000205P0000107
110,1.24,-0.76,5.05,1.24,-0.76,1.9;                              0000207P0000108
110,1.24,-0.76,1.9,2.,0.,1.9;                                    0000209P0000109
110,2.,0.,1.9,2.,0.,5.05;                                        0000211P0000110
144,215,1,0,217;                                                 0000213P0000111
108,1.,0.,0.,2.,0,2.,0.,1.9,0.;                                  0000215P0000112
142,0,215,0,219,2;                                               0000217P0000113
102,4,221,223,225,227;                                           0000219P0000114
110,2.,0.506,5.05,2.,0.,5.05;                                    0000221P0000115
110,2.,0.,5.05,2.,0.,1.9;                                        0000223P0000116
110,2.,0.,1.9,2.,0.506,1.9;                                      0000225P0000117
110,2.,0.506,1.9,2.,0.506,5.05;                                  0000227P0000118
402,14,231,263,279,295,327,343,359,375,391,407,423,439,455,471,  0000229P0000119
0,1,1011;                                                        0000229P0000120
144,233,1,0,235;                                                 0000231P0000121
108,-0.,1.,-0.,0.435,0,-1.27,0.435,1.9,0.;                       0000233P0000122
142,0,233,0,237,2;                                               0000235P0000123
102,12,239,241,243,245,247,249,251,253,255,257,259,261;          0000237P0000124
110,-0.9865,0.435,0.8,-0.9865,0.435,0.;                          0000239P0000125
110,-0.9865,0.435,0.,-1.0625,0.435,0.;                           0000241P0000126
110,-1.0625,0.435,0.,-1.0625,0.435,-13.4;                        0000243P0000127
110,-1.0625,0.435,-13.4,-1.4775,0.435,-13.4;                     0000245P0000128
110,-1.4775,0.435,-13.4,-1.4775,0.435,0.;                        0000247P0000129
110,-1.4775,0.435,0.,-1.5535,0.435,0.;                           0000249P0000130
110,-1.5535,0.435,0.,-1.5535,0.435,0.8;                          0000251P0000131
110,-1.5535,0.435,0.8,-1.5075,0.435,0.8;                         0000253P0000132
110,-1.5075,0.435,0.8,-1.5075,0.435,1.9;                         0000255P0000133
110,-1.5075,0.435,1.9,-1.0325,0.435,1.9;                         0000257P0000134
110,-1.0325,0.435,1.9,-1.0325,0.435,0.8;                         0000259P0000135
110,-1.0325,0.435,0.8,-0.9865,0.435,0.8;                         0000261P0000136
144,265,1,0,267;                                                 0000263P0000137
108,0.,0.,1.,0.8,0,-0.9865,0.435,0.8,0.;                         0000265P0000138
142,0,265,0,269,2;                                               0000267P0000139
102,4,271,273,275,277;                                           0000269P0000140
110,-1.0325,0.,0.8,-0.9865,0.,0.8;                               0000271P0000141
110,-0.9865,0.,0.8,-0.9865,0.435,0.8;                            0000273P0000142
110,-0.9865,0.435,0.8,-1.0325,0.435,0.8;                         0000275P0000143
110,-1.0325,0.435,0.8,-1.0325,0.,0.8;                            0000277P0000144
144,281,1,0,283;                                                 0000279P0000145
108,1.,0.,0.,-1.0325,0,-1.0325,0.435,0.8,0.;                     0000281P0000146
142,0,281,0,285,2;                                               0000283P0000147
102,4,287,289,291,293;                                           0000285P0000148
110,-1.0325,0.435,0.8,-1.0325,0.435,1.9;                         0000287P0000149
110,-1.0325,0.435,1.9,-1.0325,0.,1.9;                            0000289P0000150
110,-1.0325,0.,1.9,-1.0325,0.,0.8;                               0000291P0000151
110,-1.0325,0.,0.8,-1.0325,0.435,0.8;                            0000293P0000152
144,297,1,0,299;                                                 0000295P0000153
108,0.,-1.,0.,0.,0,-1.27,0.,1.9,0.;                              0000297P0000154
142,0,297,0,301,2;                                               0000299P0000155
102,12,303,305,307,309,311,313,315,317,319,321,323,325;          0000301P0000156
110,-1.5075,0.,1.9,-1.5075,0.,0.8;                               0000303P0000157
110,-1.5075,0.,0.8,-1.5535,0.,0.8;                               0000305P0000158
110,-1.5535,0.,0.8,-1.5535,0.,0.;                                0000307P0000159
110,-1.5535,0.,0.,-1.4775,0.,0.;                                 0000309P0000160
110,-1.4775,0.,0.,-1.4775,0.,-13.4;                              0000311P0000161
110,-1.4775,0.,-13.4,-1.0625,0.,-13.4;                           0000313P0000162
110,-1.0625,0.,-13.4,-1.0625,0.,0.;                              0000315P0000163
110,-1.0625,0.,0.,-0.9865,0.,0.;                                 0000317P0000164
110,-0.9865,0.,0.,-0.9865,0.,0.8;                                0000319P0000165
110,-0.9865,0.,0.8,-1.0325,0.,0.8;                               0000321P0000166
110,-1.0325,0.,0.8,-1.0325,0.,1.9;                               0000323P0000167
110,-1.0325,0.,1.9,-1.5075,0.,1.9;                               0000325P0000168
144,329,1,0,331;                                                 0000327P0000169
108,0.,0.,1.,1.9,0,-1.0625,0.435,1.9,0.;                         0000329P0000170
142,0,329,0,333,2;                                               0000331P0000171
102,4,335,337,339,341;                                           0000333P0000172
110,-1.0325,0.,1.9,-1.0325,0.435,1.9;                            0000335P0000173
110,-1.0325,0.435,1.9,-1.5075,0.435,1.9;                         0000337P0000174
110,-1.5075,0.435,1.9,-1.5075,0.,1.9;                            0000339P0000175
110,-1.5075,0.,1.9,-1.0325,0.,1.9;                               0000341P0000176
144,345,1,0,347;                                                 0000343P0000177
108,-1.,0.,0.,1.5075,0,-1.5075,0.435,1.9,0.;                     0000345P0000178
142,0,345,0,349,2;                                               0000347P0000179
102,4,351,353,355,357;                                           0000349P0000180
110,-1.5075,0.,0.8,-1.5075,0.,1.9;                               0000351P0000181
110,-1.5075,0.,1.9,-1.5075,0.435,1.9;                            0000353P0000182
110,-1.5075,0.435,1.9,-1.5075,0.435,0.8;                         0000355P0000183
110,-1.5075,0.435,0.8,-1.5075,0.,0.8;                            0000357P0000184
144,361,1,0,363;                                                 0000359P0000185
108,0.,0.,1.,0.8,0,-1.4775,0.435,0.8,0.;                         0000361P0000186
142,0,361,0,365,2;                                               0000363P0000187
102,4,367,369,371,373;                                           0000365P0000188
110,-1.5075,0.435,0.8,-1.5535,0.435,0.8;                         0000367P0000189
110,-1.5535,0.435,0.8,-1.5535,0.,0.8;                            0000369P0000190
110,-1.5535,0.,0.8,-1.5075,0.,0.8;                               0000371P0000191
110,-1.5075,0.,0.8,-1.5075,0.435,0.8;                            0000373P0000192
144,377,1,0,379;                                                 0000375P0000193
108,-1.,0.,0.,1.5535,0,-1.5535,0.435,0.8,0.;                     0000377P0000194
142,0,377,0,381,2;                                               0000379P0000195
102,4,383,385,387,389;                                           0000381P0000196
110,-1.5535,0.435,0.,-1.5535,0.,0.;                              0000383P0000197
110,-1.5535,0.,0.,-1.5535,0.,0.8;                                0000385P0000198
110,-1.5535,0.,0.8,-1.5535,0.435,0.8;                            0000387P0000199
110,-1.5535,0.435,0.8,-1.5535,0.435,0.;                          0000389P0000200
144,393,1,0,395;                                                 0000391P0000201
108,0.,0.,-1.,0.,0,-1.5535,0.435,0.,0.;                          0000393P0000202
142,0,393,0,397,2;                                               0000395P0000203
102,4,399,401,403,405;                                           0000397P0000204
110,-1.4775,0.435,0.,-1.4775,0.,0.;                              0000399P0000205
110,-1.4775,0.,0.,-1.5535,0.,0.;                                 0000401P0000206
110,-1.5535,0.,0.,-1.5535,0.435,0.;                              0000403P0000207
110,-1.5535,0.435,0.,-1.4775,0.435,0.;                           0000405P0000208
144,409,1,0,411;                                                 0000407P0000209
108,-1.,0.,0.,1.4775,0,-1.4775,0.435,0.,0.;                      0000409P0000210
142,0,409,0,413,2;                                               0000411P0000211
102,4,415,417,419,421;                                           0000413P0000212
110,-1.4775,0.435,-13.4,-1.4775,0.,-13.4;                        0000415P0000213
110,-1.4775,0.,-13.4,-1.4775,0.,0.;                              0000417P0000214
110,-1.4775,0.,0.,-1.4775,0.435,0.;                              0000419P0000215
110,-1.4775,0.435,0.,-1.4775,0.435,-13.4;                        0000421P0000216
144,425,1,0,427;                                                 0000423P0000217
108,0.,0.,-1.,13.4,0,-1.4775,0.435,-13.4,0.;                     0000425P0000218
142,0,425,0,429,2;                                               0000427P0000219
102,4,431,433,435,437;                                           0000429P0000220
110,-1.0625,0.435,-13.4,-1.0625,0.,-13.4;                        0000431P0000221
110,-1.0625,0.,-13.4,-1.4775,0.,-13.4;                           0000433P0000222
110,-1.4775,0.,-13.4,-1.4775,0.435,-13.4;                        0000435P0000223
110,-1.4775,0.435,-13.4,-1.0625,0.435,-13.4;                     0000437P0000224
144,441,1,0,443;                                                 0000439P0000225
108,1.,0.,0.,-1.0625,0,-1.0625,0.435,-13.4,0.;                   0000441P0000226
142,0,441,0,445,2;                                               0000443P0000227
102,4,447,449,451,453;                                           0000445P0000228
110,-1.0625,0.435,0.,-1.0625,0.,0.;                              0000447P0000229
110,-1.0625,0.,0.,-1.0625,0.,-13.4;                              0000449P0000230
110,-1.0625,0.,-13.4,-1.0625,0.435,-13.4;                        0000451P0000231
110,-1.0625,0.435,-13.4,-1.0625,0.435,0.;                        0000453P0000232
144,457,1,0,459;                                                 0000455P0000233
108,0.,0.,-1.,0.,0,-1.0625,0.435,0.,0.;                          0000457P0000234
142,0,457,0,461,2;                                               0000459P0000235
102,4,463,465,467,469;                                           0000461P0000236
110,-0.9865,0.435,0.,-0.9865,0.,0.;                              0000463P0000237
110,-0.9865,0.,0.,-1.0625,0.,0.;                                 0000465P0000238
110,-1.0625,0.,0.,-1.0625,0.435,0.;                              0000467P0000239
110,-1.0625,0.435,0.,-0.9865,0.435,0.;                           0000469P0000240
144,473,1,0,475;                                                 0000471P0000241
108,1.,0.,0.,-0.9865,0,-0.9865,0.435,0.,0.;                      0000473P0000242
142,0,473,0,477,2;                                               0000475P0000243
102,4,479,481,483,485;                                           0000477P0000244
110,-0.9865,0.435,0.8,-0.9865,0.,0.8;                            0000479P0000245
110,-0.9865,0.,0.8,-0.9865,0.,0.;                                0000481P0000246
110,-0.9865,0.,0.,-0.9865,0.435,0.;                              0000483P0000247
110,-0.9865,0.435,0.,-0.9865,0.435,0.8;                          0000485P0000248
402,14,489,521,537,553,585,601,617,633,649,665,681,697,713,729,  0000487P0000249
0,1,1007;                                                        0000487P0000250
144,491,1,0,493;                                                 0000489P0000251
108,-0.,1.,-0.,0.435,0,0.,0.435,1.9,0.;                          0000491P0000252
142,0,491,0,495,2;                                               0000493P0000253
102,12,497,499,501,503,505,507,509,511,513,515,517,519;          0000495P0000254
110,0.2835,0.435,0.8,0.2835,0.435,0.;                            0000497P0000255
110,0.2835,0.435,0.,0.2075,0.435,0.;                             0000499P0000256
110,0.2075,0.435,0.,0.2075,0.435,-13.4;                          0000501P0000257
110,0.2075,0.435,-13.4,-0.2075,0.435,-13.4;                      0000503P0000258
110,-0.2075,0.435,-13.4,-0.2075,0.435,0.;                        0000505P0000259
110,-0.2075,0.435,0.,-0.2835,0.435,0.;                           0000507P0000260
110,-0.2835,0.435,0.,-0.2835,0.435,0.8;                          0000509P0000261
110,-0.2835,0.435,0.8,-0.2375,0.435,0.8;                         0000511P0000262
110,-0.2375,0.435,0.8,-0.2375,0.435,1.9;                         0000513P0000263
110,-0.2375,0.435,1.9,0.2375,0.435,1.9;                          0000515P0000264
110,0.2375,0.435,1.9,0.2375,0.435,0.8;                           0000517P0000265
110,0.2375,0.435,0.8,0.2835,0.435,0.8;                           0000519P0000266
144,523,1,0,525;                                                 0000521P0000267
108,0.,0.,1.,0.8,0,0.2835,0.435,0.8,0.;                          0000523P0000268
142,0,523,0,527,2;                                               0000525P0000269
102,4,529,531,533,535;                                           0000527P0000270
110,0.2375,0.,0.8,0.2835,0.,0.8;                                 0000529P0000271
110,0.2835,0.,0.8,0.2835,0.435,0.8;                              0000531P0000272
110,0.2835,0.435,0.8,0.2375,0.435,0.8;                           0000533P0000273
110,0.2375,0.435,0.8,0.2375,0.,0.8;                              0000535P0000274
144,539,1,0,541;                                                 0000537P0000275
108,1.,0.,0.,0.2375,0,0.2375,0.435,0.8,0.;                       0000539P0000276
142,0,539,0,543,2;                                               0000541P0000277
102,4,545,547,549,551;                                           0000543P0000278
110,0.2375,0.435,0.8,0.2375,0.435,1.9;                           0000545P0000279
110,0.2375,0.435,1.9,0.2375,0.,1.9;                              0000547P0000280
110,0.2375,0.,1.9,0.2375,0.,0.8;                                 0000549P0000281
110,0.2375,0.,0.8,0.2375,0.435,0.8;                              0000551P0000282
144,555,1,0,557;                                                 0000553P0000283
108,0.,-1.,0.,0.,0,0.,0.,1.9,0.;                                 0000555P0000284
142,0,555,0,559,2;                                               0000557P0000285
102,12,561,563,565,567,569,571,573,575,577,579,581,583;          0000559P0000286
110,-0.2375,0.,1.9,-0.2375,0.,0.8;                               0000561P0000287
110,-0.2375,0.,0.8,-0.2835,0.,0.8;                               0000563P0000288
110,-0.2835,0.,0.8,-0.2835,0.,0.;                                0000565P0000289
110,-0.2835,0.,0.,-0.2075,0.,0.;                                 0000567P0000290
110,-0.2075,0.,0.,-0.2075,0.,-13.4;                              0000569P0000291
110,-0.2075,0.,-13.4,0.2075,0.,-13.4;                            0000571P0000292
110,0.2075,0.,-13.4,0.2075,0.,0.;                                0000573P0000293
110,0.2075,0.,0.,0.2835,0.,0.;                                   0000575P0000294
110,0.2835,0.,0.,0.2835,0.,0.8;                                  0000577P0000295
110,0.2835,0.,0.8,0.2375,0.,0.8;                                 0000579P0000296
110,0.2375,0.,0.8,0.2375,0.,1.9;                                 0000581P0000297
110,0.2375,0.,1.9,-0.2375,0.,1.9;                                0000583P0000298
144,587,1,0,589;                                                 0000585P0000299
108,0.,0.,1.,1.9,0,0.2075,0.435,1.9,0.;                          0000587P0000300
142,0,587,0,591,2;                                               0000589P0000301
102,4,593,595,597,599;                                           0000591P0000302
110,0.2375,0.,1.9,0.2375,0.435,1.9;                              0000593P0000303
110,0.2375,0.435,1.9,-0.2375,0.435,1.9;                          0000595P0000304
110,-0.2375,0.435,1.9,-0.2375,0.,1.9;                            0000597P0000305
110,-0.2375,0.,1.9,0.2375,0.,1.9;                                0000599P0000306
144,603,1,0,605;                                                 0000601P0000307
108,-1.,0.,0.,0.2375,0,-0.2375,0.435,1.9,0.;                     0000603P0000308
142,0,603,0,607,2;                                               0000605P0000309
102,4,609,611,613,615;                                           0000607P0000310
110,-0.2375,0.,0.8,-0.2375,0.,1.9;                               0000609P0000311
110,-0.2375,0.,1.9,-0.2375,0.435,1.9;                            0000611P0000312
110,-0.2375,0.435,1.9,-0.2375,0.435,0.8;                         0000613P0000313
110,-0.2375,0.435,0.8,-0.2375,0.,0.8;                            0000615P0000314
144,619,1,0,621;                                                 0000617P0000315
108,0.,0.,1.,0.8,0,-0.2075,0.435,0.8,0.;                         0000619P0000316
142,0,619,0,623,2;                                               0000621P0000317
102,4,625,627,629,631;                                           0000623P0000318
110,-0.2375,0.435,0.8,-0.2835,0.435,0.8;                         0000625P0000319
110,-0.2835,0.435,0.8,-0.2835,0.,0.8;                            0000627P0000320
110,-0.2835,0.,0.8,-0.2375,0.,0.8;                               0000629P0000321
110,-0.2375,0.,0.8,-0.2375,0.435,0.8;                            0000631P0000322
144,635,1,0,637;                                                 0000633P0000323
108,-1.,0.,0.,0.2835,0,-0.2835,0.435,0.8,0.;                     0000635P0000324
142,0,635,0,639,2;                                               0000637P0000325
102,4,641,643,645,647;                                           0000639P0000326
110,-0.2835,0.435,0.,-0.2835,0.,0.;                              0000641P0000327
110,-0.2835,0.,0.,-0.2835,0.,0.8;                                0000643P0000328
110,-0.2835,0.,0.8,-0.2835,0.435,0.8;                            0000645P0000329
110,-0.2835,0.435,0.8,-0.2835,0.435,0.;                          0000647P0000330
144,651,1,0,653;                                                 0000649P0000331
108,0.,0.,-1.,0.,0,-0.2835,0.435,0.,0.;                          0000651P0000332
142,0,651,0,655,2;                                               0000653P0000333
102,4,657,659,661,663;                                           0000655P0000334
110,-0.2075,0.435,0.,-0.2075,0.,0.;                              0000657P0000335
110,-0.2075,0.,0.,-0.2835,0.,0.;                                 0000659P0000336
110,-0.2835,0.,0.,-0.2835,0.435,0.;                              0000661P0000337
110,-0.2835,0.435,0.,-0.2075,0.435,0.;                           0000663P0000338
144,667,1,0,669;                                                 0000665P0000339
108,-1.,0.,0.,0.2075,0,-0.2075,0.435,0.,0.;                      0000667P0000340
142,0,667,0,671,2;                                               0000669P0000341
102,4,673,675,677,679;                                           0000671P0000342
110,-0.2075,0.435,-13.4,-0.2075,0.,-13.4;                        0000673P0000343
110,-0.2075,0.,-13.4,-0.2075,0.,0.;                              0000675P0000344
110,-0.2075,0.,0.,-0.2075,0.435,0.;                              0000677P0000345
110,-0.2075,0.435,0.,-0.2075,0.435,-13.4;                        0000679P0000346
144,683,1,0,685;                                                 0000681P0000347
108,0.,0.,-1.,13.4,0,-0.2075,0.435,-13.4,0.;                     0000683P0000348
142,0,683,0,687,2;                                               0000685P0000349
102,4,689,691,693,695;                                           0000687P0000350
110,0.2075,0.435,-13.4,0.2075,0.,-13.4;                          0000689P0000351
110,0.2075,0.,-13.4,-0.2075,0.,-13.4;                            0000691P0000352
110,-0.2075,0.,-13.4,-0.2075,0.435,-13.4;                        0000693P0000353
110,-0.2075,0.435,-13.4,0.2075,0.435,-13.4;                      0000695P0000354
144,699,1,0,701;                                                 0000697P0000355
108,1.,0.,0.,0.2075,0,0.2075,0.435,-13.4,0.;                     0000699P0000356
142,0,699,0,703,2;                                               0000701P0000357
102,4,705,707,709,711;                                           0000703P0000358
110,0.2075,0.435,0.,0.2075,0.,0.;                                0000705P0000359
110,0.2075,0.,0.,0.2075,0.,-13.4;                                0000707P0000360
110,0.2075,0.,-13.4,0.2075,0.435,-13.4;                          0000709P0000361
110,0.2075,0.435,-13.4,0.2075,0.435,0.;                          0000711P0000362
144,715,1,0,717;                                                 0000713P0000363
108,0.,0.,-1.,0.,0,0.2075,0.435,0.,0.;                           0000715P0000364
142,0,715,0,719,2;                                               0000717P0000365
102,4,721,723,725,727;                                           0000719P0000366
110,0.2835,0.435,0.,0.2835,0.,0.;                                0000721P0000367
110,0.2835,0.,0.,0.2075,0.,0.;                                   0000723P0000368
110,0.2075,0.,0.,0.2075,0.435,0.;                                0000725P0000369
110,0.2075,0.435,0.,0.2835,0.435,0.;                             0000727P0000370
144,731,1,0,733;                                                 0000729P0000371
108,1.,0.,0.,0.2835,0,0.2835,0.435,0.,0.;                        0000731P0000372
142,0,731,0,735,2;                                               0000733P0000373
102,4,737,739,741,743;                                           0000735P0000374
110,0.2835,0.435,0.8,0.2835,0.,0.8;                              0000737P0000375
110,0.2835,0.,0.8,0.2835,0.,0.;                                  0000739P0000376
110,0.2835,0.,0.,0.2835,0.435,0.;                                0000741P0000377
110,0.2835,0.435,0.,0.2835,0.435,0.8;                            0000743P0000378
402,14,747,779,795,811,843,859,875,891,907,923,939,955,971,987,  0000745P0000379
0,1,1009;                                                        0000745P0000380
144,749,1,0,751;                                                 0000747P0000381
108,-0.,1.,-0.,0.435,0,1.27,0.435,1.9,0.;                        0000749P0000382
142,0,749,0,753,2;                                               0000751P0000383
102,12,755,757,759,761,763,765,767,769,771,773,775,777;          0000753P0000384
110,1.5535,0.435,0.8,1.5535,0.435,0.;                            0000755P0000385
110,1.5535,0.435,0.,1.4775,0.435,0.;                             0000757P0000386
110,1.4775,0.435,0.,1.4775,0.435,-13.4;                          0000759P0000387
110,1.4775,0.435,-13.4,1.0625,0.435,-13.4;                       0000761P0000388
110,1.0625,0.435,-13.4,1.0625,0.435,0.;                          0000763P0000389
110,1.0625,0.435,0.,0.9865,0.435,0.;                             0000765P0000390
110,0.9865,0.435,0.,0.9865,0.435,0.8;                            0000767P0000391
110,0.9865,0.435,0.8,1.0325,0.435,0.8;                           0000769P0000392
110,1.0325,0.435,0.8,1.0325,0.435,1.9;                           0000771P0000393
110,1.0325,0.435,1.9,1.5075,0.435,1.9;                           0000773P0000394
110,1.5075,0.435,1.9,1.5075,0.435,0.8;                           0000775P0000395
110,1.5075,0.435,0.8,1.5535,0.435,0.8;                           0000777P0000396
144,781,1,0,783;                                                 0000779P0000397
108,0.,0.,1.,0.8,0,1.5535,0.435,0.8,0.;                          0000781P0000398
142,0,781,0,785,2;                                               0000783P0000399
102,4,787,789,791,793;                                           0000785P0000400
110,1.5075,0.,0.8,1.5535,0.,0.8;                                 0000787P0000401
110,1.5535,0.,0.8,1.5535,0.435,0.8;                              0000789P0000402
110,1.5535,0.435,0.8,1.5075,0.435,0.8;                           0000791P0000403
110,1.5075,0.435,0.8,1.5075,0.,0.8;                              0000793P0000404
144,797,1,0,799;                                                 0000795P0000405
108,1.,0.,0.,1.5075,0,1.5075,0.435,0.8,0.;                       0000797P0000406
142,0,797,0,801,2;                                               0000799P0000407
102,4,803,805,807,809;                                           0000801P0000408
110,1.5075,0.435,0.8,1.5075,0.435,1.9;                           0000803P0000409
110,1.5075,0.435,1.9,1.5075,0.,1.9;                              0000805P0000410
110,1.5075,0.,1.9,1.5075,0.,0.8;                                 0000807P0000411
110,1.5075,0.,0.8,1.5075,0.435,0.8;                              0000809P0000412
144,813,1,0,815;                                                 0000811P0000413
108,0.,-1.,0.,0.,0,1.27,0.,1.9,0.;                               0000813P0000414
142,0,813,0,817,2;                                               0000815P0000415
102,12,819,821,823,825,827,829,831,833,835,837,839,841;          0000817P0000416
110,1.0325,0.,1.9,1.0325,0.,0.8;                                 0000819P0000417
110,1.0325,0.,0.8,0.9865,0.,0.8;                                 0000821P0000418
110,0.9865,0.,0.8,0.9865,0.,0.;                                  0000823P0000419
110,0.9865,0.,0.,1.0625,0.,0.;                                   0000825P0000420
110,1.0625,0.,0.,1.0625,0.,-13.4;                                0000827P0000421
110,1.0625,0.,-13.4,1.4775,0.,-13.4;                             0000829P0000422
110,1.4775,0.,-13.4,1.4775,0.,0.;                                0000831P0000423
110,1.4775,0.,0.,1.5535,0.,0.;                                   0000833P0000424
110,1.5535,0.,0.,1.5535,0.,0.8;                                  0000835P0000425
110,1.5535,0.,0.8,1.5075,0.,0.8;                                 0000837P0000426
110,1.5075,0.,0.8,1.5075,0.,1.9;                                 0000839P0000427
110,1.5075,0.,1.9,1.0325,0.,1.9;                                 0000841P0000428
144,845,1,0,847;                                                 0000843P0000429
108,0.,0.,1.,1.9,0,1.4775,0.435,1.9,0.;                          0000845P0000430
142,0,845,0,849,2;                                               0000847P0000431
102,4,851,853,855,857;                                           0000849P0000432
110,1.5075,0.,1.9,1.5075,0.435,1.9;                              0000851P0000433
110,1.5075,0.435,1.9,1.0325,0.435,1.9;                           0000853P0000434
110,1.0325,0.435,1.9,1.0325,0.,1.9;                              0000855P0000435
110,1.0325,0.,1.9,1.5075,0.,1.9;                                 0000857P0000436
144,861,1,0,863;                                                 0000859P0000437
108,-1.,0.,0.,-1.0325,0,1.0325,0.435,1.9,0.;                     0000861P0000438
142,0,861,0,865,2;                                               0000863P0000439
102,4,867,869,871,873;                                           0000865P0000440
110,1.0325,0.,0.8,1.0325,0.,1.9;                                 0000867P0000441
110,1.0325,0.,1.9,1.0325,0.435,1.9;                              0000869P0000442
110,1.0325,0.435,1.9,1.0325,0.435,0.8;                           0000871P0000443
110,1.0325,0.435,0.8,1.0325,0.,0.8;                              0000873P0000444
144,877,1,0,879;                                                 0000875P0000445
108,0.,0.,1.,0.8,0,1.0625,0.435,0.8,0.;                          0000877P0000446
142,0,877,0,881,2;                                               0000879P0000447
102,4,883,885,887,889;                                           0000881P0000448
110,1.0325,0.435,0.8,0.9865,0.435,0.8;                           0000883P0000449
110,0.9865,0.435,0.8,0.9865,0.,0.8;                              0000885P0000450
110,0.9865,0.,0.8,1.0325,0.,0.8;                                 0000887P0000451
110,1.0325,0.,0.8,1.0325,0.435,0.8;                              0000889P0000452
144,893,1,0,895;                                                 0000891P0000453
108,-1.,0.,0.,-0.9865,0,0.9865,0.435,0.8,0.;                     0000893P0000454
142,0,893,0,897,2;                                               0000895P0000455
102,4,899,901,903,905;                                           0000897P0000456
110,0.9865,0.435,0.,0.9865,0.,0.;                                0000899P0000457
110,0.9865,0.,0.,0.9865,0.,0.8;                                  0000901P0000458
110,0.9865,0.,0.8,0.9865,0.435,0.8;                              0000903P0000459
110,0.9865,0.435,0.8,0.9865,0.435,0.;                            0000905P0000460
144,909,1,0,911;                                                 0000907P0000461
108,0.,0.,-1.,0.,0,0.9865,0.435,0.,0.;                           0000909P0000462
142,0,909,0,913,2;                                               0000911P0000463
102,4,915,917,919,921;                                           0000913P0000464
110,1.0625,0.435,0.,1.0625,0.,0.;                                0000915P0000465
110,1.0625,0.,0.,0.9865,0.,0.;                                   0000917P0000466
110,0.9865,0.,0.,0.9865,0.435,0.;                                0000919P0000467
110,0.9865,0.435,0.,1.0625,0.435,0.;                             0000921P0000468
144,925,1,0,927;                                                 0000923P0000469
108,-1.,0.,0.,-1.0625,0,1.0625,0.435,0.,0.;                      0000925P0000470
142,0,925,0,929,2;                                               0000927P0000471
102,4,931,933,935,937;                                           0000929P0000472
110,1.0625,0.435,-13.4,1.0625,0.,-13.4;                          0000931P0000473
110,1.0625,0.,-13.4,1.0625,0.,0.;                                0000933P0000474
110,1.0625,0.,0.,1.0625,0.435,0.;                                0000935P0000475
110,1.0625,0.435,0.,1.0625,0.435,-13.4;                          0000937P0000476
144,941,1,0,943;                                                 0000939P0000477
108,0.,0.,-1.,13.4,0,1.0625,0.435,-13.4,0.;                      0000941P0000478
142,0,941,0,945,2;                                               0000943P0000479
102,4,947,949,951,953;                                           0000945P0000480
110,1.4775,0.435,-13.4,1.4775,0.,-13.4;                          0000947P0000481
110,1.4775,0.,-13.4,1.0625,0.,-13.4;                             0000949P0000482
110,1.0625,0.,-13.4,1.0625,0.435,-13.4;                          0000951P0000483
110,1.0625,0.435,-13.4,1.4775,0.435,-13.4;                       0000953P0000484
144,957,1,0,959;                                                 0000955P0000485
108,1.,0.,0.,1.4775,0,1.4775,0.435,-13.4,0.;                     0000957P0000486
142,0,957,0,961,2;                                               0000959P0000487
102,4,963,965,967,969;                                           0000961P0000488
110,1.4775,0.435,0.,1.4775,0.,0.;                                0000963P0000489
110,1.4775,0.,0.,1.4775,0.,-13.4;                                0000965P0000490
110,1.4775,0.,-13.4,1.4775,0.435,-13.4;                          0000967P0000491
110,1.4775,0.435,-13.4,1.4775,0.435,0.;                          0000969P0000492
144,973,1,0,975;                                                 0000971P0000493
108,0.,0.,-1.,0.,0,1.4775,0.435,0.,0.;                           0000973P0000494
142,0,973,0,977,2;                                               0000975P0000495
102,4,979,981,983,985;                                           0000977P0000496
110,1.5535,0.435,0.,1.5535,0.,0.;                                0000979P0000497
110,1.5535,0.,0.,1.4775,0.,0.;                                   0000981P0000498
110,1.4775,0.,0.,1.4775,0.435,0.;                                0000983P0000499
110,1.4775,0.435,0.,1.5535,0.435,0.;                             0000985P0000500
144,989,1,0,991;                                                 0000987P0000501
108,1.,0.,0.,1.5535,0,1.5535,0.435,0.,0.;                        0000989P0000502
142,0,989,0,993,2;                                               0000991P0000503
102,4,995,997,999,1001;                                          0000993P0000504
110,1.5535,0.435,0.8,1.5535,0.,0.8;                              0000995P0000505
110,1.5535,0.,0.8,1.5535,0.,0.;                                  0000997P0000506
110,1.5535,0.,0.,1.5535,0.435,0.;                                0000999P0000507
110,1.5535,0.435,0.,1.5535,0.435,0.8;                            0001001P0000508
314,27.45100002,27.45100002,27.45100002,6HGRAY28;                0001003P0000509
406,1,9HBODY-TO92;                                               0001005P0000510
406,1,9HLEAD-TO92;                                               0001007P0000511
406,1,9HLEAD-TO92;                                               0001009P0000512
406,1,9HLEAD-TO92;                                               0001011P0000513
406,1,12HLPG0003A_ASM;                                           0001013P0000514
S      1G      4D   1014P    514                                        T0000001
