ISO-10303-21;
HEADER;
FILE_DESCRIPTION((''),'2;1');
FILE_NAME('10-738726_RECEPTACLE_SW0003','2016-10-27T',('evans.jiang'),(''),
'PRO/ENGINEER BY PARAMETRIC TECHNOLOGY CORPORATION, 2013230',
'PRO/ENGINEER BY PARAMETRIC TECHNOLOGY CORPORATION, 2013230','');
FILE_SCHEMA(('CONFIG_CONTROL_DESIGN'));
ENDSEC;
DATA;
#1=CARTESIAN_POINT('',(4.234997681881E0,7.008775800522E0,-7.2E1));
#2=DIRECTION('',(0.E0,0.E0,1.E0));
#3=DIRECTION('',(-1.E0,0.E0,0.E0));
#4=AXIS2_PLACEMENT_3D('',#1,#2,#3);
#6=CARTESIAN_POINT('',(4.234997681881E0,7.008775800522E0,-7.2E1));
#7=DIRECTION('',(0.E0,0.E0,1.E0));
#8=DIRECTION('',(1.E0,0.E0,0.E0));
#9=AXIS2_PLACEMENT_3D('',#6,#7,#8);
#11=CARTESIAN_POINT('',(4.234997681881E0,7.008775800522E0,-7.2E1));
#12=DIRECTION('',(0.E0,0.E0,1.E0));
#13=DIRECTION('',(0.E0,1.E0,0.E0));
#14=AXIS2_PLACEMENT_3D('',#11,#12,#13);
#16=CARTESIAN_POINT('',(4.234997681881E0,7.008775800522E0,-7.2E1));
#17=DIRECTION('',(0.E0,0.E0,1.E0));
#18=DIRECTION('',(0.E0,-1.E0,0.E0));
#19=AXIS2_PLACEMENT_3D('',#16,#17,#18);
#21=CARTESIAN_POINT('',(4.234997681881E0,7.008775800522E0,-5.5E1));
#22=DIRECTION('',(0.E0,0.E0,1.E0));
#23=DIRECTION('',(-1.E0,0.E0,0.E0));
#24=AXIS2_PLACEMENT_3D('',#21,#22,#23);
#26=CARTESIAN_POINT('',(4.234997681881E0,7.008775800522E0,-7.18E1));
#27=DIRECTION('',(0.E0,0.E0,1.E0));
#28=DIRECTION('',(-1.E0,0.E0,0.E0));
#29=AXIS2_PLACEMENT_3D('',#26,#27,#28);
#31=CARTESIAN_POINT('',(4.234997681881E0,7.008775800522E0,-3.15E1));
#32=DIRECTION('',(0.E0,0.E0,1.E0));
#33=DIRECTION('',(-2.753623188406E-1,-9.613405189436E-1,0.E0));
#34=AXIS2_PLACEMENT_3D('',#31,#32,#33);
#36=DIRECTION('',(1.575825884724E-13,1.408222916694E-11,-1.E0));
#37=VECTOR('',#36,2.250000006862E1);
#38=CARTESIAN_POINT('',(2.307461449993E0,2.793921675995E-1,-8.999999931375E0));
#39=LINE('',#38,#37);
#40=DIRECTION('',(3.260601658531E-14,-6.046412740811E-12,1.E0));
#41=VECTOR('',#40,2.250000004609E1);
#42=CARTESIAN_POINT('',(6.162533913765E0,2.793921679164E-1,-3.15E1));
#43=LINE('',#42,#41);
#44=DIRECTION('',(0.E0,-1.E0,0.E0));
#45=VECTOR('',#44,1.144727041700E1);
#46=CARTESIAN_POINT('',(6.034997681881E0,1.273241100902E1,-8.E0));
#47=LINE('',#46,#45);
#48=DIRECTION('',(0.E0,-1.E0,0.E0));
#49=VECTOR('',#48,1.144727041700E1);
#50=CARTESIAN_POINT('',(2.434997681881E0,1.273241100902E1,-8.E0));
#51=LINE('',#50,#49);
#52=CARTESIAN_POINT('',(4.234997681881E0,7.008775800522E0,-5.5E1));
#53=DIRECTION('',(0.E0,0.E0,1.E0));
#54=DIRECTION('',(1.E0,0.E0,0.E0));
#55=AXIS2_PLACEMENT_3D('',#52,#53,#54);
#57=DIRECTION('',(0.E0,-3.991198905764E-12,1.E0));
#58=VECTOR('',#57,1.68E1);
#59=CARTESIAN_POINT('',(2.349976818811E-1,7.008775800589E0,-7.18E1));
#60=LINE('',#59,#58);
#61=CARTESIAN_POINT('',(4.234997681881E0,7.008775800522E0,-7.18E1));
#62=DIRECTION('',(0.E0,0.E0,1.E0));
#63=DIRECTION('',(1.E0,0.E0,0.E0));
#64=AXIS2_PLACEMENT_3D('',#61,#62,#63);
#66=DIRECTION('',(0.E0,3.991304641291E-12,1.E0));
#67=VECTOR('',#66,1.68E1);
#68=CARTESIAN_POINT('',(8.234997681881E0,7.008775800454E0,-7.18E1));
#69=LINE('',#68,#67);
#70=CARTESIAN_POINT('',(4.234997681881E0,7.008775800522E0,-3.15E1));
#71=DIRECTION('',(0.E0,0.E0,1.E0));
#72=DIRECTION('',(2.753623188406E-1,9.613405189436E-1,0.E0));
#73=AXIS2_PLACEMENT_3D('',#70,#71,#72);
#75=DIRECTION('',(-1.577010122613E-13,-1.408224643708E-11,-1.E0));
#76=VECTOR('',#75,2.250000006862E1);
#77=CARTESIAN_POINT('',(6.162533913769E0,1.373815943344E1,-8.999999931375E0));
#78=LINE('',#77,#76);
#79=DIRECTION('',(-3.272444037436E-14,6.046402872161E-12,1.E0));
#80=VECTOR('',#79,2.250000004609E1);
#81=CARTESIAN_POINT('',(2.307461449997E0,1.373815943313E1,-3.15E1));
#82=LINE('',#81,#80);
#83=DIRECTION('',(0.E0,1.E0,0.E0));
#84=VECTOR('',#83,1.295067820204E1);
#85=CARTESIAN_POINT('',(2.234997681881E0,5.334394890593E-1,-8.5E0));
#86=LINE('',#85,#84);
#87=CARTESIAN_POINT('',(2.234997681881E0,5.334394890593E-1,-8.5E0));
#88=CARTESIAN_POINT('',(2.234997681881E0,5.199462771029E-1,-8.519371850063E0));
#89=CARTESIAN_POINT('',(2.234997681881E0,4.647331757296E-1,-8.605754399466E0));
#90=CARTESIAN_POINT('',(2.234997681881E0,3.954438950809E-1,-8.772466865218E0));
#91=CARTESIAN_POINT('',(2.234997681881E0,3.751786851177E-1,-8.924814214647E0));
#92=CARTESIAN_POINT('',(2.234997681881E0,3.755262194396E-1,-8.999999919716E0));
#94=DIRECTION('',(0.E0,1.649378405743E-11,-1.E0));
#95=VECTOR('',#94,2.250000008028E1);
#96=CARTESIAN_POINT('',(2.234997681881E0,3.755262194396E-1,-8.999999919716E0));
#97=LINE('',#96,#95);
#98=DIRECTION('',(0.E0,1.E0,0.E0));
#99=VECTOR('',#98,1.326649916142E1);
#100=CARTESIAN_POINT('',(2.234997681881E0,3.755262198107E-1,-3.15E1));
#101=LINE('',#100,#99);
#102=DIRECTION('',(-5.569642509538E-11,-6.679693816595E-11,1.E0));
#103=VECTOR('',#102,2.250000006230E1);
#104=CARTESIAN_POINT('',(2.234997681881E0,1.364202538123E1,-3.15E1));
#105=LINE('',#104,#103);
#106=CARTESIAN_POINT('',(2.234997680628E0,1.364202537973E1,-8.999999937695E0));
#107=CARTESIAN_POINT('',(2.234997680628E0,1.364225235161E1,-8.922988130721E0));
#108=CARTESIAN_POINT('',(2.234997682490E0,1.362127075474E1,-8.768728646181E0));
#109=CARTESIAN_POINT('',(2.234997681836E0,1.355147318423E1,-8.603346210737E0));
#110=CARTESIAN_POINT('',(2.234997681881E0,1.349684970185E1,-8.518283502351E0));
#111=CARTESIAN_POINT('',(2.234997681881E0,1.348411769110E1,-8.5E0));
#113=CARTESIAN_POINT('',(2.234997681881E0,7.008775800522E0,-2.1E1));
#114=DIRECTION('',(-1.E0,0.E0,0.E0));
#115=DIRECTION('',(0.E0,1.E0,0.E0));
#116=AXIS2_PLACEMENT_3D('',#113,#114,#115);
#118=DIRECTION('',(0.E0,0.E0,1.E0));
#119=VECTOR('',#118,5.E0);
#120=CARTESIAN_POINT('',(2.234997681881E0,4.258775800522E0,-2.1E1));
#121=LINE('',#120,#119);
#122=CARTESIAN_POINT('',(2.234997681881E0,7.008775800522E0,-1.6E1));
#123=DIRECTION('',(-1.E0,0.E0,0.E0));
#124=DIRECTION('',(0.E0,-1.E0,0.E0));
#125=AXIS2_PLACEMENT_3D('',#122,#123,#124);
#127=DIRECTION('',(0.E0,0.E0,-1.E0));
#128=VECTOR('',#127,5.E0);
#129=CARTESIAN_POINT('',(2.234997681881E0,9.758775800522E0,-1.6E1));
#130=LINE('',#129,#128);
#131=DIRECTION('',(0.E0,-1.E0,0.E0));
#132=VECTOR('',#131,1.295067820204E1);
#133=CARTESIAN_POINT('',(6.234997681881E0,1.348411211198E1,-8.5E0));
#134=LINE('',#133,#132);
#135=CARTESIAN_POINT('',(6.234997681881E0,1.348411211198E1,-8.5E0));
#136=CARTESIAN_POINT('',(6.234997681881E0,1.349760532394E1,-8.519371850063E0));
#137=CARTESIAN_POINT('',(6.234997681881E0,1.355281842531E1,-8.605754399466E0));
#138=CARTESIAN_POINT('',(6.234997681881E0,1.362210770596E1,-8.772466865218E0));
#139=CARTESIAN_POINT('',(6.234997681881E0,1.364237291593E1,-8.924814214647E0));
#140=CARTESIAN_POINT('',(6.234997681881E0,1.364202538160E1,-8.999999919716E0));
#142=DIRECTION('',(0.E0,-1.649382846635E-11,-1.E0));
#143=VECTOR('',#142,2.250000008028E1);
#144=CARTESIAN_POINT('',(6.234997681881E0,1.364202538160E1,-8.999999919716E0));
#145=LINE('',#144,#143);
#146=DIRECTION('',(0.E0,-1.E0,0.E0));
#147=VECTOR('',#146,1.326649916142E1);
#148=CARTESIAN_POINT('',(6.234997681881E0,1.364202538123E1,-3.15E1));
#149=LINE('',#148,#147);
#150=DIRECTION('',(5.569636588348E-11,6.679687895405E-11,1.E0));
#151=VECTOR('',#150,2.250000006230E1);
#152=CARTESIAN_POINT('',(6.234997681881E0,3.755262198107E-1,-3.15E1));
#153=LINE('',#152,#151);
#154=CARTESIAN_POINT('',(6.234997683134E0,3.755262213137E-1,-8.999999937695E0));
#155=CARTESIAN_POINT('',(6.234997683134E0,3.752992494327E-1,-8.922988130721E0));
#156=CARTESIAN_POINT('',(6.234997681272E0,3.962808463003E-1,-8.768728646181E0));
#157=CARTESIAN_POINT('',(6.234997681927E0,4.660784168136E-1,-8.603346210737E0));
#158=CARTESIAN_POINT('',(6.234997681881E0,5.207018991937E-1,-8.518283502351E0));
#159=CARTESIAN_POINT('',(6.234997681881E0,5.334339099392E-1,-8.5E0));
#161=CARTESIAN_POINT('',(6.234997681881E0,7.008775800522E0,-2.1E1));
#162=DIRECTION('',(-1.E0,0.E0,0.E0));
#163=DIRECTION('',(0.E0,1.E0,0.E0));
#164=AXIS2_PLACEMENT_3D('',#161,#162,#163);
#166=DIRECTION('',(0.E0,0.E0,-1.E0));
#167=VECTOR('',#166,5.E0);
#168=CARTESIAN_POINT('',(6.234997681881E0,9.758775800522E0,-1.6E1));
#169=LINE('',#168,#167);
#170=CARTESIAN_POINT('',(6.234997681881E0,7.008775800522E0,-1.6E1));
#171=DIRECTION('',(-1.E0,0.E0,0.E0));
#172=DIRECTION('',(0.E0,-1.E0,0.E0));
#173=AXIS2_PLACEMENT_3D('',#170,#171,#172);
#175=DIRECTION('',(0.E0,0.E0,1.E0));
#176=VECTOR('',#175,5.E0);
#177=CARTESIAN_POINT('',(6.234997681881E0,4.258775800522E0,-2.1E1));
#178=LINE('',#177,#176);
#179=DIRECTION('',(1.E0,0.E0,0.E0));
#180=VECTOR('',#179,4.E0);
#181=CARTESIAN_POINT('',(2.234997681881E0,9.758775800522E0,-2.1E1));
#182=LINE('',#181,#180);
#183=DIRECTION('',(1.E0,0.E0,0.E0));
#184=VECTOR('',#183,4.E0);
#185=CARTESIAN_POINT('',(2.234997681881E0,4.258775800522E0,-2.1E1));
#186=LINE('',#185,#184);
#187=DIRECTION('',(1.E0,0.E0,0.E0));
#188=VECTOR('',#187,4.E0);
#189=CARTESIAN_POINT('',(2.234997681881E0,4.258775800522E0,-1.6E1));
#190=LINE('',#189,#188);
#191=DIRECTION('',(1.E0,0.E0,0.E0));
#192=VECTOR('',#191,4.E0);
#193=CARTESIAN_POINT('',(2.234997681881E0,9.758775800522E0,-1.6E1));
#194=LINE('',#193,#192);
#195=CARTESIAN_POINT('',(8.034997681881E0,7.008775798559E0,-7.18E1));
#196=DIRECTION('',(5.165418023867E-10,1.E0,0.E0));
#197=DIRECTION('',(1.E0,-5.165423644371E-10,0.E0));
#198=AXIS2_PLACEMENT_3D('',#195,#196,#197);
#200=CARTESIAN_POINT('',(4.349976818811E-1,7.008775802484E0,-7.18E1));
#201=DIRECTION('',(-5.165407754304E-10,-1.E0,0.E0));
#202=DIRECTION('',(-1.E0,5.165423644371E-10,0.E0));
#203=AXIS2_PLACEMENT_3D('',#200,#201,#202);
#205=CARTESIAN_POINT('',(6.155453084492E0,5.739853634534E-1,-8.301138506526E0));
#206=CARTESIAN_POINT('',(6.144667242707E0,5.982611864224E-1,-8.274173902065E0));
#207=CARTESIAN_POINT('',(6.124453005136E0,6.499538382511E-1,-8.223638308139E0));
#208=CARTESIAN_POINT('',(6.098040504245E0,7.368680705097E-1,-8.157607055910E0));
#209=CARTESIAN_POINT('',(6.075787585030E0,8.325292345202E-1,-8.101974757872E0));
#210=CARTESIAN_POINT('',(6.058041029387E0,9.356237192569E-1,-8.057608368765E0));
#211=CARTESIAN_POINT('',(6.044946438361E0,1.046063693256E0,-8.024871891200E0));
#212=CARTESIAN_POINT('',(6.036872056269E0,1.162470154828E0,-8.004685935970E0));
#213=CARTESIAN_POINT('',(6.034997681881E0,1.243633823342E0,-8.E0));
#214=CARTESIAN_POINT('',(6.034997681881E0,1.285140592020E0,-8.E0));
#216=CARTESIAN_POINT('',(6.162533913766E0,2.793921677803E-1,-8.999999953911E0));
#217=CARTESIAN_POINT('',(6.162638920529E0,2.794222454741E-1,-8.963256986074E0));
#218=CARTESIAN_POINT('',(6.162581608362E0,2.836138989775E-1,-8.889802253337E0));
#219=CARTESIAN_POINT('',(6.162026261529E0,3.023928718133E-1,-8.780820836796E0));
#220=CARTESIAN_POINT('',(6.161219918542E0,3.332507750693E-1,-8.675052036100E0));
#221=CARTESIAN_POINT('',(6.160231496782E0,3.763156304252E-1,-8.572428080125E0));
#222=CARTESIAN_POINT('',(6.158983311752E0,4.306221098801E-1,-8.475395679487E0));
#223=CARTESIAN_POINT('',(6.157374301193E0,4.962765651165E-1,-8.383892144024E0));
#224=CARTESIAN_POINT('',(6.156128818909E0,5.470013545178E-1,-8.327799909906E0));
#225=CARTESIAN_POINT('',(6.155453084492E0,5.739853634534E-1,-8.301138506526E0));
#227=CARTESIAN_POINT('',(4.234997681881E0,7.008775800522E0,-9.E0));
#228=DIRECTION('',(0.E0,0.E0,-1.E0));
#229=DIRECTION('',(2.753623188406E-1,-9.613405189436E-1,0.E0));
#230=AXIS2_PLACEMENT_3D('',#227,#228,#229);
#232=CARTESIAN_POINT('',(2.314542393403E0,5.739856203333E-1,-8.301138221194E0));
#233=CARTESIAN_POINT('',(2.313872307117E0,5.470080833938E-1,-8.327791602989E0));
#234=CARTESIAN_POINT('',(2.312637773837E0,4.962895313139E-1,-8.383890109464E0));
#235=CARTESIAN_POINT('',(2.311011768155E0,4.307856673233E-1,-8.475121577381E0));
#236=CARTESIAN_POINT('',(2.309767875435E0,3.762294809104E-1,-8.572610557381E0));
#237=CARTESIAN_POINT('',(2.308808550701E0,3.334054034562E-1,-8.674621121172E0));
#238=CARTESIAN_POINT('',(2.307965042069E0,3.024338042264E-1,-8.780649849674E0));
#239=CARTESIAN_POINT('',(2.307344163973E0,2.837077489296E-1,-8.889215185220E0));
#240=CARTESIAN_POINT('',(2.307294860999E0,2.794398846478E-1,-8.963016376171E0));
#241=CARTESIAN_POINT('',(2.307461449993E0,2.793921675995E-1,-8.999999931375E0));
#243=CARTESIAN_POINT('',(2.434997681881E0,1.285140592020E0,-8.E0));
#244=CARTESIAN_POINT('',(2.434997681881E0,1.243575947225E0,-8.E0));
#245=CARTESIAN_POINT('',(2.433120342848E0,1.162324664312E0,-8.004693347582E0));
#246=CARTESIAN_POINT('',(2.425016489476E0,1.045723565198E0,-8.024952981013E0));
#247=CARTESIAN_POINT('',(2.411931961009E0,9.354685276648E-1,-8.057664302180E0));
#248=CARTESIAN_POINT('',(2.394149170116E0,8.322409727633E-1,-8.102121279412E0));
#249=CARTESIAN_POINT('',(2.371936904320E0,7.368111648074E-1,-8.157651943904E0));
#250=CARTESIAN_POINT('',(2.345508203510E0,6.498524144144E-1,-8.223723695927E0));
#251=CARTESIAN_POINT('',(2.325314346012E0,5.982302047020E-1,-8.274208339672E0));
#252=CARTESIAN_POINT('',(2.314542393403E0,5.739856203333E-1,-8.301138221194E0));
#254=CARTESIAN_POINT('',(4.234997681881E0,7.008775800522E0,-8.E0));
#255=DIRECTION('',(0.E0,0.E0,1.E0));
#256=DIRECTION('',(-3.E-1,-9.539392014169E-1,0.E0));
#257=AXIS2_PLACEMENT_3D('',#254,#255,#256);
#259=CARTESIAN_POINT('',(6.034997681881E0,1.273241100902E1,-8.E0));
#260=CARTESIAN_POINT('',(6.034997681881E0,1.277391774801E1,-8.E0));
#261=CARTESIAN_POINT('',(6.036872054167E0,1.285508137175E1,-8.004685930714E0));
#262=CARTESIAN_POINT('',(6.044946425764E0,1.297148777629E1,-8.024871859706E0));
#263=CARTESIAN_POINT('',(6.058041018631E0,1.308192780433E1,-8.057608341876E0));
#264=CARTESIAN_POINT('',(6.075787556574E0,1.318502222591E1,-8.101974686731E0));
#265=CARTESIAN_POINT('',(6.098040485527E0,1.328068345822E1,-8.157607009114E0));
#266=CARTESIAN_POINT('',(6.124452941879E0,1.336759756775E1,-8.223638149995E0));
#267=CARTESIAN_POINT('',(6.144667148069E0,1.341929017966E1,-8.274173665470E0));
#268=CARTESIAN_POINT('',(6.155452970359E0,1.344356598071E1,-8.301138221195E0));
#270=CARTESIAN_POINT('',(4.234997681881E0,7.008775800522E0,-8.E0));
#271=DIRECTION('',(0.E0,0.E0,1.E0));
#272=DIRECTION('',(3.E-1,9.539392014169E-1,0.E0));
#273=AXIS2_PLACEMENT_3D('',#270,#271,#272);
#275=CARTESIAN_POINT('',(2.314542279271E0,1.344356623759E1,-8.301138506526E0));
#276=CARTESIAN_POINT('',(2.325314278605E0,1.341932156999E1,-8.274208508190E0));
#277=CARTESIAN_POINT('',(2.345508210764E0,1.336769919004E1,-8.223723677794E0));
#278=CARTESIAN_POINT('',(2.371936989189E0,1.328074013734E1,-8.157651731730E0));
#279=CARTESIAN_POINT('',(2.394149260888E0,1.318531017977E1,-8.102121052482E0));
#280=CARTESIAN_POINT('',(2.411932017652E0,1.308208266010E1,-8.057664160573E0));
#281=CARTESIAN_POINT('',(2.425016510998E0,1.297182779368E1,-8.024952927208E0));
#282=CARTESIAN_POINT('',(2.433120353988E0,1.285522667149E1,-8.004693319733E0));
#283=CARTESIAN_POINT('',(2.434997681881E0,1.277397555264E1,-8.E0));
#284=CARTESIAN_POINT('',(2.434997681881E0,1.273241100902E1,-8.E0));
#286=CARTESIAN_POINT('',(2.307461449996E0,1.373815943326E1,-8.999999953911E0));
#287=CARTESIAN_POINT('',(2.307356443233E0,1.373812935557E1,-8.963256986074E0));
#288=CARTESIAN_POINT('',(2.307413755400E0,1.373393770207E1,-8.889802253337E0));
#289=CARTESIAN_POINT('',(2.307969102233E0,1.371515872923E1,-8.780820836796E0));
#290=CARTESIAN_POINT('',(2.308775445220E0,1.368430082597E1,-8.675052036100E0));
#291=CARTESIAN_POINT('',(2.309763866980E0,1.364123597062E1,-8.572428080125E0));
#292=CARTESIAN_POINT('',(2.311012052010E0,1.358692949116E1,-8.475395679487E0));
#293=CARTESIAN_POINT('',(2.312621062569E0,1.352127503593E1,-8.383892144024E0));
#294=CARTESIAN_POINT('',(2.313866544854E0,1.347055024653E1,-8.327799909906E0));
#295=CARTESIAN_POINT('',(2.314542279271E0,1.344356623759E1,-8.301138506526E0));
#297=CARTESIAN_POINT('',(4.234997681881E0,7.008775800522E0,-9.E0));
#298=DIRECTION('',(0.E0,0.E0,-1.E0));
#299=DIRECTION('',(-2.753623188406E-1,9.613405189436E-1,0.E0));
#300=AXIS2_PLACEMENT_3D('',#297,#298,#299);
#302=CARTESIAN_POINT('',(6.155452970359E0,1.344356598071E1,-8.301138221195E0));
#303=CARTESIAN_POINT('',(6.156123056645E0,1.347054351765E1,-8.327791602989E0));
#304=CARTESIAN_POINT('',(6.157357589926E0,1.352126206973E1,-8.383890109464E0));
#305=CARTESIAN_POINT('',(6.158983595608E0,1.358676593372E1,-8.475121577381E0));
#306=CARTESIAN_POINT('',(6.160227488327E0,1.364132212013E1,-8.572610557381E0));
#307=CARTESIAN_POINT('',(6.161186813061E0,1.368414619759E1,-8.674621121172E0));
#308=CARTESIAN_POINT('',(6.162030321693E0,1.371511779682E1,-8.780649849674E0));
#309=CARTESIAN_POINT('',(6.162651199789E0,1.373384385211E1,-8.889215185220E0));
#310=CARTESIAN_POINT('',(6.162700502764E0,1.373811171640E1,-8.963016376171E0));
#311=CARTESIAN_POINT('',(6.162533913769E0,1.373815943344E1,-8.999999931375E0));
#313=CARTESIAN_POINT('',(4.234997681881E0,7.008775800522E0,-5.5E1));
#314=DIRECTION('',(0.E0,0.E0,-1.E0));
#315=DIRECTION('',(0.E0,-1.E0,0.E0));
#316=AXIS2_PLACEMENT_3D('',#313,#314,#315);
#318=CARTESIAN_POINT('',(4.234997681881E0,7.008775800522E0,-5.5E1));
#319=DIRECTION('',(0.E0,0.E0,-1.E0));
#320=DIRECTION('',(0.E0,1.E0,0.E0));
#321=AXIS2_PLACEMENT_3D('',#318,#319,#320);
#323=DIRECTION('',(-1.E0,0.E0,0.E0));
#324=VECTOR('',#323,1.090518447593E1);
#325=CARTESIAN_POINT('',(9.687589919848E0,-1.151478237323E0,-3.15E1));
#326=LINE('',#325,#324);
#327=CARTESIAN_POINT('',(-1.217594556085E0,-1.514782373228E-1,-3.15E1));
#328=DIRECTION('',(0.E0,0.E0,1.E0));
#329=DIRECTION('',(-6.058435819963E-1,-7.955837819827E-1,0.E0));
#330=AXIS2_PLACEMENT_3D('',#327,#328,#329);
#332=CARTESIAN_POINT('',(4.234997681881E0,7.008775800522E0,-3.15E1));
#333=DIRECTION('',(0.E0,0.E0,1.E0));
#334=DIRECTION('',(-6.058435819963E-1,7.955837819827E-1,0.E0));
#335=AXIS2_PLACEMENT_3D('',#332,#333,#334);
#337=CARTESIAN_POINT('',(-1.217594556085E0,1.416902983837E1,-3.15E1));
#338=DIRECTION('',(0.E0,0.E0,1.E0));
#339=DIRECTION('',(0.E0,1.E0,0.E0));
#340=AXIS2_PLACEMENT_3D('',#337,#338,#339);
#342=DIRECTION('',(1.E0,0.E0,0.E0));
#343=VECTOR('',#342,1.090518447593E1);
#344=CARTESIAN_POINT('',(-1.217594556085E0,1.516902983837E1,-3.15E1));
#345=LINE('',#344,#343);
#346=CARTESIAN_POINT('',(9.687589919848E0,1.416902983837E1,-3.15E1));
#347=DIRECTION('',(0.E0,0.E0,1.E0));
#348=DIRECTION('',(6.058435819963E-1,7.955837819827E-1,0.E0));
#349=AXIS2_PLACEMENT_3D('',#346,#347,#348);
#351=CARTESIAN_POINT('',(4.234997681881E0,7.008775800522E0,-3.15E1));
#352=DIRECTION('',(0.E0,0.E0,1.E0));
#353=DIRECTION('',(6.058435819963E-1,-7.955837819827E-1,0.E0));
#354=AXIS2_PLACEMENT_3D('',#351,#352,#353);
#356=CARTESIAN_POINT('',(9.687589919848E0,-1.514782373228E-1,-3.15E1));
#357=DIRECTION('',(0.E0,0.E0,1.E0));
#358=DIRECTION('',(0.E0,-1.E0,0.E0));
#359=AXIS2_PLACEMENT_3D('',#356,#357,#358);
#361=DIRECTION('',(-6.019292654288E-1,7.985494095047E-1,0.E0));
#362=VECTOR('',#361,1.203858530858E-1);
#363=CARTESIAN_POINT('',(2.307461449997E0,2.793921679164E-1,-3.15E1));
#364=LINE('',#363,#362);
#365=DIRECTION('',(-6.019292656267E-1,7.985494093555E-1,9.684523804398E-8));
#366=VECTOR('',#365,1.203858530403E-1);
#367=CARTESIAN_POINT('',(2.307461449993E0,2.793921675995E-1,-8.999999931375E0));
#368=LINE('',#367,#366);
#369=CARTESIAN_POINT('',(2.314542393403E0,5.739856203333E-1,-8.301138221194E0));
#370=CARTESIAN_POINT('',(2.306297377971E0,5.669567760476E-1,-8.321750759775E0));
#371=CARTESIAN_POINT('',(2.289418604308E0,5.545093830402E-1,-8.363947693932E0));
#372=CARTESIAN_POINT('',(2.262817101237E0,5.408122034903E-1,-8.430451451611E0));
#373=CARTESIAN_POINT('',(2.244395964744E0,5.352664027026E-1,-8.476504292842E0));
#374=CARTESIAN_POINT('',(2.234997681881E0,5.334394890593E-1,-8.5E0));
#376=CARTESIAN_POINT('',(2.234997681881E0,1.348411769110E1,-8.5E0));
#377=CARTESIAN_POINT('',(2.244396746079E0,1.348229358222E1,-8.476502339506E0));
#378=CARTESIAN_POINT('',(2.262818954669E0,1.347675262567E1,-8.430446818030E0));
#379=CARTESIAN_POINT('',(2.289420669774E0,1.346305293267E1,-8.363942530268E0));
#380=CARTESIAN_POINT('',(2.306298089174E0,1.345059853219E1,-8.321748981767E0));
#381=CARTESIAN_POINT('',(2.314542279271E0,1.344356623759E1,-8.301138506526E0));
#383=DIRECTION('',(-6.019292655189E-1,-7.985494094368E-1,1.346960721438E-7));
#384=VECTOR('',#383,1.203858551485E-1);
#385=CARTESIAN_POINT('',(2.307461449996E0,1.373815943326E1,-8.999999953911E0));
#386=LINE('',#385,#384);
#387=DIRECTION('',(6.019292654288E-1,7.985494095047E-1,0.E0));
#388=VECTOR('',#387,1.203858530858E-1);
#389=CARTESIAN_POINT('',(2.234997681881E0,1.364202538123E1,-3.15E1));
#390=LINE('',#389,#388);
#391=DIRECTION('',(-6.019292654288E-1,-7.985494095047E-1,0.E0));
#392=VECTOR('',#391,1.203858530858E-1);
#393=CARTESIAN_POINT('',(6.234997681881E0,3.755262198107E-1,-3.15E1));
#394=LINE('',#393,#392);
#395=CARTESIAN_POINT('',(6.234997681881E0,5.334339099392E-1,-8.5E0));
#396=CARTESIAN_POINT('',(6.225598617479E0,5.352580188631E-1,-8.476502338995E0));
#397=CARTESIAN_POINT('',(6.207176408676E0,5.407989757880E-1,-8.430446816988E0));
#398=CARTESIAN_POINT('',(6.180574698254E0,5.544986658394E-1,-8.363942540932E0));
#399=CARTESIAN_POINT('',(6.163697276387E0,5.669530673147E-1,-8.321748986266E0));
#400=CARTESIAN_POINT('',(6.155453084492E0,5.739853634534E-1,-8.301138506526E0));
#402=DIRECTION('',(6.019292655189E-1,7.985494094368E-1,1.346960573883E-7));
#403=VECTOR('',#402,1.203858551484E-1);
#404=CARTESIAN_POINT('',(6.162533913766E0,2.793921677803E-1,-8.999999953911E0));
#405=LINE('',#404,#403);
#406=CARTESIAN_POINT('',(6.155452970359E0,1.344356598071E1,-8.301138221195E0));
#407=CARTESIAN_POINT('',(6.163697986434E0,1.345059482554E1,-8.321750761381E0));
#408=CARTESIAN_POINT('',(6.180576760977E0,1.346304221891E1,-8.363947697741E0));
#409=CARTESIAN_POINT('',(6.207178262379E0,1.347673939741E1,-8.430451451246E0));
#410=CARTESIAN_POINT('',(6.225599398946E0,1.348228519833E1,-8.476504292663E0));
#411=CARTESIAN_POINT('',(6.234997681881E0,1.348411211198E1,-8.5E0));
#413=DIRECTION('',(6.019292654288E-1,-7.985494095047E-1,0.E0));
#414=VECTOR('',#413,1.203858530858E-1);
#415=CARTESIAN_POINT('',(6.162533913765E0,1.373815943313E1,-3.15E1));
#416=LINE('',#415,#414);
#417=DIRECTION('',(6.019292656267E-1,-7.985494093556E-1,9.684510524422E-8));
#418=VECTOR('',#417,1.203858530403E-1);
#419=CARTESIAN_POINT('',(6.162533913769E0,1.373815943344E1,-8.999999931375E0));
#420=LINE('',#419,#418);
#421=CARTESIAN_POINT('',(4.234997681881E0,7.008775800522E0,-7.39E1));
#422=DIRECTION('',(0.E0,0.E0,-1.E0));
#423=DIRECTION('',(0.E0,-1.E0,0.E0));
#424=AXIS2_PLACEMENT_3D('',#421,#422,#423);
#426=CARTESIAN_POINT('',(4.234997681881E0,7.008775800522E0,-7.42E1));
#427=DIRECTION('',(0.E0,0.E0,-1.E0));
#428=DIRECTION('',(0.E0,1.E0,0.E0));
#429=AXIS2_PLACEMENT_3D('',#426,#427,#428);
#431=CARTESIAN_POINT('',(4.234997681881E0,7.008775800522E0,-7.42E1));
#432=DIRECTION('',(0.E0,0.E0,-1.E0));
#433=DIRECTION('',(0.E0,-1.E0,0.E0));
#434=AXIS2_PLACEMENT_3D('',#431,#432,#433);
#436=DIRECTION('',(-4.175373497243E-12,0.E0,-1.E0));
#437=VECTOR('',#436,1.9E0);
#438=CARTESIAN_POINT('',(4.234997681881E0,1.050877580052E1,-7.2E1));
#439=LINE('',#438,#437);
#440=CARTESIAN_POINT('',(4.234997681881E0,7.008775800522E0,-7.39E1));
#441=DIRECTION('',(0.E0,0.E0,-1.E0));
#442=DIRECTION('',(0.E0,1.E0,0.E0));
#443=AXIS2_PLACEMENT_3D('',#440,#441,#442);
#445=DIRECTION('',(4.175373497243E-12,0.E0,-1.E0));
#446=VECTOR('',#445,1.9E0);
#447=CARTESIAN_POINT('',(4.234997681881E0,3.508775800522E0,-7.2E1));
#448=LINE('',#447,#446);
#449=CARTESIAN_POINT('',(4.234997681881E0,3.808775800522E0,-7.39E1));
#450=DIRECTION('',(-1.E0,0.E0,0.E0));
#451=DIRECTION('',(0.E0,0.E0,-1.E0));
#452=AXIS2_PLACEMENT_3D('',#449,#450,#451);
#454=CARTESIAN_POINT('',(4.234997681881E0,1.020877580052E1,-7.39E1));
#455=DIRECTION('',(1.E0,0.E0,0.E0));
#456=DIRECTION('',(0.E0,0.E0,-1.E0));
#457=AXIS2_PLACEMENT_3D('',#454,#455,#456);
#459=CARTESIAN_POINT('',(4.234997681881E0,7.008775800522E0,-5.48E1));
#460=DIRECTION('',(0.E0,0.E0,-1.E0));
#461=DIRECTION('',(0.E0,-1.E0,0.E0));
#462=AXIS2_PLACEMENT_3D('',#459,#460,#461);
#464=DIRECTION('',(5.755587925452E-11,0.E0,1.E0));
#465=VECTOR('',#464,8.8E0);
#466=CARTESIAN_POINT('',(4.234997681375E0,1.235877580052E1,-5.48E1));
#467=LINE('',#466,#465);
#468=CARTESIAN_POINT('',(4.234997681881E0,7.008775800522E0,-4.6E1));
#469=DIRECTION('',(0.E0,0.E0,1.E0));
#470=DIRECTION('',(0.E0,1.E0,0.E0));
#471=AXIS2_PLACEMENT_3D('',#468,#469,#470);
#473=CARTESIAN_POINT('',(4.234997681881E0,7.008775800522E0,-5.48E1));
#474=DIRECTION('',(0.E0,0.E0,-1.E0));
#475=DIRECTION('',(0.E0,1.E0,0.E0));
#476=AXIS2_PLACEMENT_3D('',#473,#474,#475);
#478=DIRECTION('',(-5.755587925452E-11,0.E0,1.E0));
#479=VECTOR('',#478,8.8E0);
#480=CARTESIAN_POINT('',(4.234997682388E0,1.658775800522E0,-5.48E1));
#481=LINE('',#480,#479);
#482=CARTESIAN_POINT('',(4.234997681881E0,7.008775800522E0,-4.6E1));
#483=DIRECTION('',(0.E0,0.E0,1.E0));
#484=DIRECTION('',(0.E0,-1.E0,0.E0));
#485=AXIS2_PLACEMENT_3D('',#482,#483,#484);
#487=CARTESIAN_POINT('',(4.234997681881E0,7.008775800522E0,-7.6E1));
#488=DIRECTION('',(0.E0,0.E0,-1.E0));
#489=DIRECTION('',(1.E0,0.E0,0.E0));
#490=AXIS2_PLACEMENT_3D('',#487,#488,#489);
#492=CARTESIAN_POINT('',(4.234997681881E0,7.008775800522E0,-7.6E1));
#493=DIRECTION('',(0.E0,0.E0,-1.E0));
#494=DIRECTION('',(-1.E0,0.E0,0.E0));
#495=AXIS2_PLACEMENT_3D('',#492,#493,#494);
#497=CARTESIAN_POINT('',(4.234997681881E0,7.008775800522E0,-7.6E1));
#498=DIRECTION('',(0.E0,0.E0,-1.E0));
#499=DIRECTION('',(1.E0,0.E0,0.E0));
#500=AXIS2_PLACEMENT_3D('',#497,#498,#499);
#502=CARTESIAN_POINT('',(4.234997681881E0,7.008775800522E0,-7.6E1));
#503=DIRECTION('',(0.E0,0.E0,-1.E0));
#504=DIRECTION('',(-1.E0,0.E0,0.E0));
#505=AXIS2_PLACEMENT_3D('',#502,#503,#504);
#507=CARTESIAN_POINT('',(4.234997681881E0,7.008775800522E0,-4.6E1));
#508=DIRECTION('',(0.E0,0.E0,1.E0));
#509=DIRECTION('',(-6.710526315789E-1,-7.414097151043E-1,0.E0));
#510=AXIS2_PLACEMENT_3D('',#507,#508,#509);
#512=DIRECTION('',(0.E0,0.E0,1.E0));
#513=VECTOR('',#512,6.793649167310E0);
#514=CARTESIAN_POINT('',(-8.650023181189E-1,1.374061965729E0,
-5.279364916731E1));
#515=LINE('',#514,#513);
#516=CARTESIAN_POINT('',(4.234997681881E0,7.008775800522E0,-5.500003131073E1));
#517=DIRECTION('',(0.E0,0.E0,1.E0));
#518=DIRECTION('',(-1.E0,0.E0,0.E0));
#519=AXIS2_PLACEMENT_3D('',#516,#517,#518);
#521=DIRECTION('',(2.054634315919E-7,8.742577163919E-6,-9.999999999618E-1));
#522=VECTOR('',#521,2.100001886357E1);
#523=CARTESIAN_POINT('',(1.183499336715E1,7.008592206236E0,-5.499998113723E1));
#524=LINE('',#523,#522);
#525=CARTESIAN_POINT('',(4.234997681881E0,7.008775800522E0,-5.500000352820E1));
#526=DIRECTION('',(0.E0,0.E0,1.E0));
#527=DIRECTION('',(6.710526315789E-1,-7.414097151043E-1,0.E0));
#528=AXIS2_PLACEMENT_3D('',#525,#526,#527);
#530=DIRECTION('',(0.E0,0.E0,1.E0));
#531=VECTOR('',#530,6.793649167310E0);
#532=CARTESIAN_POINT('',(9.334997681881E0,1.374061965729E0,-5.279364916731E1));
#533=LINE('',#532,#531);
#534=CARTESIAN_POINT('',(4.234997681881E0,7.008775800522E0,-4.6E1));
#535=DIRECTION('',(0.E0,0.E0,1.E0));
#536=DIRECTION('',(6.710526315789E-1,7.414097151043E-1,0.E0));
#537=AXIS2_PLACEMENT_3D('',#534,#535,#536);
#539=DIRECTION('',(0.E0,0.E0,1.E0));
#540=VECTOR('',#539,6.793649167310E0);
#541=CARTESIAN_POINT('',(9.334997681881E0,1.264348963531E1,-5.279364916731E1));
#542=LINE('',#541,#540);
#543=CARTESIAN_POINT('',(4.234997681881E0,7.008775800522E0,-5.499996971980E1));
#544=DIRECTION('',(0.E0,0.E0,1.E0));
#545=DIRECTION('',(1.E0,0.E0,0.E0));
#546=AXIS2_PLACEMENT_3D('',#543,#544,#545);
#548=DIRECTION('',(2.032987539471E-7,8.735276003740E-6,-9.999999999618E-1));
#549=VECTOR('',#548,2.099998111468E1);
#550=CARTESIAN_POINT('',(-3.365006587389E0,7.008592359890E0,-5.500001888612E1));
#551=LINE('',#550,#549);
#552=CARTESIAN_POINT('',(4.234997681881E0,7.008775800522E0,-5.499999613294E1));
#553=DIRECTION('',(0.E0,0.E0,1.E0));
#554=DIRECTION('',(-6.710526315789E-1,7.414097151043E-1,0.E0));
#555=AXIS2_PLACEMENT_3D('',#552,#553,#554);
#557=DIRECTION('',(0.E0,0.E0,1.E0));
#558=VECTOR('',#557,6.793649167310E0);
#559=CARTESIAN_POINT('',(-8.650023181189E-1,1.264348963531E1,
-5.279364916731E1));
#560=LINE('',#559,#558);
#561=CARTESIAN_POINT('',(4.234997681881E0,7.008775800522E0,-7.39E1));
#562=DIRECTION('',(0.E0,0.E0,1.E0));
#563=DIRECTION('',(1.E0,0.E0,0.E0));
#564=AXIS2_PLACEMENT_3D('',#561,#562,#563);
#566=DIRECTION('',(0.E0,0.E0,-1.E0));
#567=VECTOR('',#566,1.935E1);
#568=CARTESIAN_POINT('',(1.263499768188E1,7.008775800522E0,-5.455E1));
#569=LINE('',#568,#567);
#570=CARTESIAN_POINT('',(4.234997681881E0,7.008775800522E0,-5.455E1));
#571=DIRECTION('',(0.E0,0.E0,1.E0));
#572=DIRECTION('',(1.E0,0.E0,0.E0));
#573=AXIS2_PLACEMENT_3D('',#570,#571,#572);
#575=CARTESIAN_POINT('',(4.234997681881E0,7.008775800522E0,-7.39E1));
#576=DIRECTION('',(0.E0,0.E0,1.E0));
#577=DIRECTION('',(-1.E0,0.E0,0.E0));
#578=AXIS2_PLACEMENT_3D('',#575,#576,#577);
#580=DIRECTION('',(0.E0,0.E0,-1.E0));
#581=VECTOR('',#580,1.935E1);
#582=CARTESIAN_POINT('',(-4.165002318119E0,7.008775800522E0,-5.455E1));
#583=LINE('',#582,#581);
#584=CARTESIAN_POINT('',(4.234997681881E0,7.008775800522E0,-5.455E1));
#585=DIRECTION('',(0.E0,0.E0,1.E0));
#586=DIRECTION('',(-1.E0,0.E0,0.E0));
#587=AXIS2_PLACEMENT_3D('',#584,#585,#586);
#589=CARTESIAN_POINT('',(4.234997681881E0,7.008775800522E0,-4.6E1));
#590=DIRECTION('',(0.E0,0.E0,-1.E0));
#591=DIRECTION('',(-5.249398328332E-1,-8.511393375383E-1,0.E0));
#592=AXIS2_PLACEMENT_3D('',#589,#590,#591);
#594=DIRECTION('',(1.373243501614E-10,-8.469477946649E-11,1.E0));
#595=VECTOR('',#594,8.35E0);
#596=CARTESIAN_POINT('',(-1.014400647597E0,-1.502617574154E0,-5.435E1));
#597=LINE('',#596,#595);
#598=DIRECTION('',(-1.373235789885E-10,-8.469414125445E-11,-1.E0));
#599=VECTOR('',#598,8.35E0);
#600=CARTESIAN_POINT('',(-1.014400646451E0,1.552016917590E1,-4.6E1));
#601=LINE('',#600,#599);
#602=CARTESIAN_POINT('',(4.234997681881E0,7.008775800522E0,-3.935E1));
#603=DIRECTION('',(0.E0,0.E0,-1.E0));
#604=DIRECTION('',(-6.058435819963E-1,-7.955837819827E-1,0.E0));
#605=AXIS2_PLACEMENT_3D('',#602,#603,#604);
#607=CARTESIAN_POINT('',(4.234997681881E0,7.008775800522E0,-7.39E1));
#608=DIRECTION('',(0.E0,0.E0,1.E0));
#609=DIRECTION('',(1.E0,0.E0,0.E0));
#610=AXIS2_PLACEMENT_3D('',#607,#608,#609);
#612=CARTESIAN_POINT('',(4.234997681881E0,7.008775800522E0,-7.39E1));
#613=DIRECTION('',(0.E0,0.E0,1.E0));
#614=DIRECTION('',(-1.E0,0.E0,0.E0));
#615=AXIS2_PLACEMENT_3D('',#612,#613,#614);
#617=CARTESIAN_POINT('',(4.234997681881E0,7.008775800522E0,-7.5E1));
#618=DIRECTION('',(0.E0,0.E0,-1.E0));
#619=DIRECTION('',(-1.E0,0.E0,0.E0));
#620=AXIS2_PLACEMENT_3D('',#617,#618,#619);
#622=DIRECTION('',(1.059193137127E-11,6.458435401956E-9,1.E0));
#623=VECTOR('',#622,1.100000000116E0);
#624=CARTESIAN_POINT('',(1.243499768187E1,7.008775793417E0,-7.500000000012E1));
#625=LINE('',#624,#623);
#626=CARTESIAN_POINT('',(4.234997681881E0,7.008775800522E0,-7.5E1));
#627=DIRECTION('',(0.E0,0.E0,-1.E0));
#628=DIRECTION('',(1.E0,0.E0,0.E0));
#629=AXIS2_PLACEMENT_3D('',#626,#627,#628);
#631=DIRECTION('',(-1.059354624112E-11,-6.458433787087E-9,1.E0));
#632=VECTOR('',#631,1.100000000116E0);
#633=CARTESIAN_POINT('',(-3.965002318107E0,7.008775807626E0,-7.500000000012E1));
#634=LINE('',#633,#632);
#635=DIRECTION('',(-9.950371902100E-2,-2.241397681524E-9,9.950371902100E-1));
#636=VECTOR('',#635,1.004987562149E0);
#637=CARTESIAN_POINT('',(-3.865002318104E0,7.008775809878E0,-7.600000000015E1));
#638=LINE('',#637,#636);
#639=DIRECTION('',(9.950371902100E-2,2.241398565294E-9,9.950371902100E-1));
#640=VECTOR('',#639,1.004987562149E0);
#641=CARTESIAN_POINT('',(1.233499768187E1,7.008775791165E0,-7.600000000015E1));
#642=LINE('',#641,#640);
#643=DIRECTION('',(1.E0,0.E0,0.E0));
#644=VECTOR('',#643,9.448916990997E0);
#645=CARTESIAN_POINT('',(-4.894608136175E-1,1.566902983837E1,-4.6E1));
#646=LINE('',#645,#644);
#647=DIRECTION('',(1.637762447283E-10,0.E0,-1.E0));
#648=VECTOR('',#647,8.35E0);
#649=CARTESIAN_POINT('',(-4.894608136175E-1,1.566902983837E1,-4.6E1));
#650=LINE('',#649,#648);
#651=DIRECTION('',(1.E0,0.E0,0.E0));
#652=VECTOR('',#651,9.448916988262E0);
#653=CARTESIAN_POINT('',(-4.894608122500E-1,1.566902983837E1,-5.435E1));
#654=LINE('',#653,#652);
#655=DIRECTION('',(1.637764840578E-10,0.E0,1.E0));
#656=VECTOR('',#655,8.35E0);
#657=CARTESIAN_POINT('',(8.959456176012E0,1.566902983837E1,-5.435E1));
#658=LINE('',#657,#656);
#659=DIRECTION('',(-1.E0,0.E0,0.E0));
#660=VECTOR('',#659,9.448916990997E0);
#661=CARTESIAN_POINT('',(8.959456177380E0,-1.651478237323E0,-4.6E1));
#662=LINE('',#661,#660);
#663=DIRECTION('',(-1.637762713205E-10,0.E0,-1.E0));
#664=VECTOR('',#663,8.35E0);
#665=CARTESIAN_POINT('',(8.959456177380E0,-1.651478237323E0,-4.6E1));
#666=LINE('',#665,#664);
#667=DIRECTION('',(-1.E0,0.E0,0.E0));
#668=VECTOR('',#667,9.448916988262E0);
#669=CARTESIAN_POINT('',(8.959456176012E0,-1.651478237323E0,-5.435E1));
#670=LINE('',#669,#668);
#671=DIRECTION('',(-1.637761516557E-10,0.E0,1.E0));
#672=VECTOR('',#671,8.35E0);
#673=CARTESIAN_POINT('',(-4.894608122500E-1,-1.651478237323E0,-5.435E1));
#674=LINE('',#673,#672);
#675=CARTESIAN_POINT('',(4.234997681881E0,1.215877580052E1,-5.48E1));
#676=DIRECTION('',(1.E0,0.E0,0.E0));
#677=DIRECTION('',(0.E0,-4.440892098501E-14,-1.E0));
#678=AXIS2_PLACEMENT_3D('',#675,#676,#677);
#680=CARTESIAN_POINT('',(4.234997681881E0,1.858775800522E0,-5.48E1));
#681=DIRECTION('',(-1.E0,0.E0,0.E0));
#682=DIRECTION('',(0.E0,3.552713678800E-14,-1.E0));
#683=AXIS2_PLACEMENT_3D('',#680,#681,#682);
#685=CARTESIAN_POINT('',(4.234997681881E0,7.008775800522E0,-5.455E1));
#686=DIRECTION('',(0.E0,0.E0,1.E0));
#687=DIRECTION('',(1.445096150132E-1,-9.895033962391E-1,0.E0));
#688=AXIS2_PLACEMENT_3D('',#685,#686,#687);
#690=DIRECTION('',(1.E0,0.E0,0.E0));
#691=VECTOR('',#690,2.471114416726E0);
#692=CARTESIAN_POINT('',(2.999440473518E0,1.546902983837E1,-5.455E1));
#693=LINE('',#692,#691);
#694=CARTESIAN_POINT('',(4.234997681881E0,7.008775800522E0,-5.455E1));
#695=DIRECTION('',(0.E0,0.E0,1.E0));
#696=DIRECTION('',(-1.445096150132E-1,9.895033962391E-1,0.E0));
#697=AXIS2_PLACEMENT_3D('',#694,#695,#696);
#699=DIRECTION('',(-1.E0,0.E0,0.E0));
#700=VECTOR('',#699,2.471114416726E0);
#701=CARTESIAN_POINT('',(5.470554890244E0,-1.451478237323E0,-5.455E1));
#702=LINE('',#701,#700);
#703=CARTESIAN_POINT('',(4.234997681881E0,7.008775800522E0,-5.455E1));
#704=DIRECTION('',(0.E0,0.E0,-1.E0));
#705=DIRECTION('',(5.249398328332E-1,8.511393375383E-1,0.E0));
#706=AXIS2_PLACEMENT_3D('',#703,#704,#705);
#708=CARTESIAN_POINT('',(9.379408043646E0,-1.332389707353E0,-5.435E1));
#709=DIRECTION('',(8.511393375383E-1,5.249398328332E-1,0.E0));
#710=DIRECTION('',(5.249398328332E-1,-8.511393375383E-1,0.E0));
#711=AXIS2_PLACEMENT_3D('',#708,#709,#710);
#713=CARTESIAN_POINT('',(4.234997681881E0,7.008775800522E0,-5.435E1));
#714=DIRECTION('',(0.E0,0.E0,1.E0));
#715=DIRECTION('',(5.249398328332E-1,-8.511393375383E-1,0.E0));
#716=AXIS2_PLACEMENT_3D('',#713,#714,#715);
#718=CARTESIAN_POINT('',(9.379408043646E0,1.534994130840E1,-5.435E1));
#719=DIRECTION('',(-8.511393375383E-1,5.249398328332E-1,0.E0));
#720=DIRECTION('',(5.249398328332E-1,8.511393375383E-1,0.E0));
#721=AXIS2_PLACEMENT_3D('',#718,#719,#720);
#723=DIRECTION('',(-1.E0,0.E0,0.E0));
#724=VECTOR('',#723,3.488901287136E0);
#725=CARTESIAN_POINT('',(8.959456177380E0,-1.451478237323E0,-5.455E1));
#726=LINE('',#725,#724);
#727=DIRECTION('',(-1.E0,0.E0,0.E0));
#728=VECTOR('',#727,3.488901287136E0);
#729=CARTESIAN_POINT('',(2.999440473518E0,-1.451478237323E0,-5.455E1));
#730=LINE('',#729,#728);
#731=CARTESIAN_POINT('',(-4.894608136175E-1,-1.451478237323E0,-5.435E1));
#732=DIRECTION('',(1.E0,0.E0,0.E0));
#733=DIRECTION('',(0.E0,-1.E0,1.065814103640E-13));
#734=AXIS2_PLACEMENT_3D('',#731,#732,#733);
#736=CARTESIAN_POINT('',(8.959456177380E0,-1.451478237323E0,-5.435E1));
#737=DIRECTION('',(1.E0,0.E0,0.E0));
#738=DIRECTION('',(0.E0,-1.E0,3.552713678801E-14));
#739=AXIS2_PLACEMENT_3D('',#736,#737,#738);
#741=CARTESIAN_POINT('',(4.234997681881E0,7.008775800522E0,-5.455E1));
#742=DIRECTION('',(0.E0,0.E0,-1.E0));
#743=DIRECTION('',(-5.249398328332E-1,-8.511393375383E-1,0.E0));
#744=AXIS2_PLACEMENT_3D('',#741,#742,#743);
#746=CARTESIAN_POINT('',(-9.094126798840E-1,1.534994130840E1,-5.435E1));
#747=DIRECTION('',(-8.511393375383E-1,-5.249398328332E-1,0.E0));
#748=DIRECTION('',(-5.249398328332E-1,8.511393375383E-1,0.E0));
#749=AXIS2_PLACEMENT_3D('',#746,#747,#748);
#751=CARTESIAN_POINT('',(4.234997681881E0,7.008775800522E0,-5.435E1));
#752=DIRECTION('',(0.E0,0.E0,1.E0));
#753=DIRECTION('',(-5.249398328332E-1,8.511393375383E-1,0.E0));
#754=AXIS2_PLACEMENT_3D('',#751,#752,#753);
#756=CARTESIAN_POINT('',(-9.094126798840E-1,-1.332389707353E0,-5.435E1));
#757=DIRECTION('',(8.511393375383E-1,-5.249398328332E-1,0.E0));
#758=DIRECTION('',(-5.249398328332E-1,-8.511393375383E-1,0.E0));
#759=AXIS2_PLACEMENT_3D('',#756,#757,#758);
#761=DIRECTION('',(1.E0,0.E0,0.E0));
#762=VECTOR('',#761,3.488901287136E0);
#763=CARTESIAN_POINT('',(-4.894608136175E-1,1.546902983837E1,-5.455E1));
#764=LINE('',#763,#762);
#765=DIRECTION('',(1.E0,0.E0,0.E0));
#766=VECTOR('',#765,3.488901287136E0);
#767=CARTESIAN_POINT('',(5.470554890244E0,1.546902983837E1,-5.455E1));
#768=LINE('',#767,#766);
#769=CARTESIAN_POINT('',(8.959456177380E0,1.546902983837E1,-5.435E1));
#770=DIRECTION('',(-1.E0,0.E0,0.E0));
#771=DIRECTION('',(0.E0,1.E0,0.E0));
#772=AXIS2_PLACEMENT_3D('',#769,#770,#771);
#774=CARTESIAN_POINT('',(-4.894608136175E-1,1.546902983837E1,-5.435E1));
#775=DIRECTION('',(-1.E0,0.E0,0.E0));
#776=DIRECTION('',(0.E0,1.E0,0.E0));
#777=AXIS2_PLACEMENT_3D('',#774,#775,#776);
#779=CARTESIAN_POINT('',(8.959456177380E0,1.466902983837E1,-4.6E1));
#780=DIRECTION('',(0.E0,0.E0,1.E0));
#781=DIRECTION('',(5.249398328332E-1,8.511393375383E-1,0.E0));
#782=AXIS2_PLACEMENT_3D('',#779,#780,#781);
#784=CARTESIAN_POINT('',(-4.894608136175E-1,1.466902983837E1,-4.6E1));
#785=DIRECTION('',(0.E0,0.E0,-1.E0));
#786=DIRECTION('',(-5.249398328332E-1,8.511393375383E-1,0.E0));
#787=AXIS2_PLACEMENT_3D('',#784,#785,#786);
#789=CARTESIAN_POINT('',(-4.894608136175E-1,-6.514782373228E-1,-4.6E1));
#790=DIRECTION('',(0.E0,0.E0,1.E0));
#791=DIRECTION('',(-5.249398328332E-1,-8.511393375383E-1,0.E0));
#792=AXIS2_PLACEMENT_3D('',#789,#790,#791);
#794=CARTESIAN_POINT('',(8.959456177380E0,-6.514782373228E-1,-4.6E1));
#795=DIRECTION('',(0.E0,0.E0,-1.E0));
#796=DIRECTION('',(5.249398328332E-1,-8.511393375383E-1,0.E0));
#797=AXIS2_PLACEMENT_3D('',#794,#795,#796);
#799=CARTESIAN_POINT('',(8.959456177380E0,1.466902983837E1,-5.455E1));
#800=DIRECTION('',(0.E0,0.E0,1.E0));
#801=DIRECTION('',(5.249398328331E-1,8.511393375383E-1,0.E0));
#802=AXIS2_PLACEMENT_3D('',#799,#800,#801);
#804=CARTESIAN_POINT('',(8.959456177380E0,1.466902983837E1,-5.435E1));
#805=DIRECTION('',(0.E0,0.E0,-1.E0));
#806=DIRECTION('',(0.E0,1.E0,0.E0));
#807=AXIS2_PLACEMENT_3D('',#804,#805,#806);
#809=CARTESIAN_POINT('',(-4.894608136175E-1,1.466902983837E1,-5.455E1));
#810=DIRECTION('',(0.E0,0.E0,-1.E0));
#811=DIRECTION('',(-5.249398328331E-1,8.511393375383E-1,0.E0));
#812=AXIS2_PLACEMENT_3D('',#809,#810,#811);
#814=CARTESIAN_POINT('',(-4.894608136175E-1,1.466902983837E1,-5.435E1));
#815=DIRECTION('',(0.E0,0.E0,-1.E0));
#816=DIRECTION('',(-5.249398328332E-1,8.511393375383E-1,0.E0));
#817=AXIS2_PLACEMENT_3D('',#814,#815,#816);
#819=CARTESIAN_POINT('',(-4.894608136175E-1,-6.514782373228E-1,-5.455E1));
#820=DIRECTION('',(0.E0,0.E0,1.E0));
#821=DIRECTION('',(-5.249398328331E-1,-8.511393375383E-1,0.E0));
#822=AXIS2_PLACEMENT_3D('',#819,#820,#821);
#824=CARTESIAN_POINT('',(-4.894608136175E-1,-6.514782373228E-1,-5.435E1));
#825=DIRECTION('',(0.E0,0.E0,-1.E0));
#826=DIRECTION('',(0.E0,-1.E0,0.E0));
#827=AXIS2_PLACEMENT_3D('',#824,#825,#826);
#829=CARTESIAN_POINT('',(8.959456177380E0,-6.514782373228E-1,-5.455E1));
#830=DIRECTION('',(0.E0,0.E0,-1.E0));
#831=DIRECTION('',(5.249398328331E-1,-8.511393375383E-1,0.E0));
#832=AXIS2_PLACEMENT_3D('',#829,#830,#831);
#834=CARTESIAN_POINT('',(8.959456177380E0,-6.514782373228E-1,-5.435E1));
#835=DIRECTION('',(0.E0,0.E0,-1.E0));
#836=DIRECTION('',(5.249398328332E-1,-8.511393375383E-1,0.E0));
#837=AXIS2_PLACEMENT_3D('',#834,#835,#836);
#839=CARTESIAN_POINT('',(-1.265002318119E0,1.062348301594E0,-5.3E1));
#840=DIRECTION('',(0.E0,0.E0,1.E0));
#841=DIRECTION('',(-6.790123456790E-1,-7.341268517194E-1,0.E0));
#842=AXIS2_PLACEMENT_3D('',#839,#840,#841);
#844=CARTESIAN_POINT('',(4.234997681881E0,7.008775800522E0,-5.3E1));
#845=DIRECTION('',(0.E0,0.E0,-1.E0));
#846=DIRECTION('',(-6.790123456790E-1,-7.341268517194E-1,0.E0));
#847=AXIS2_PLACEMENT_3D('',#844,#845,#846);
#849=CARTESIAN_POINT('',(-1.265002318119E0,1.295520329945E1,-5.3E1));
#850=DIRECTION('',(0.E0,0.E0,1.E0));
#851=DIRECTION('',(9.430806409161E-1,3.325641362643E-1,0.E0));
#852=AXIS2_PLACEMENT_3D('',#849,#850,#851);
#854=CARTESIAN_POINT('',(4.234997681881E0,7.008775800522E0,-5.15E1));
#855=DIRECTION('',(0.E0,0.E0,1.E0));
#856=DIRECTION('',(-6.710526315789E-1,7.414097151043E-1,0.E0));
#857=AXIS2_PLACEMENT_3D('',#854,#855,#856);
#859=DIRECTION('',(0.E0,1.E0,0.E0));
#860=VECTOR('',#859,5.523915309631E-1);
#861=CARTESIAN_POINT('',(-8.650023181189E-1,1.209109810435E1,-5.15E1));
#862=LINE('',#861,#860);
#863=CARTESIAN_POINT('',(4.234997681881E0,7.008775800522E0,-5.15E1));
#864=DIRECTION('',(0.E0,0.E0,-1.E0));
#865=DIRECTION('',(-7.083333333333E-1,-7.058780977541E-1,0.E0));
#866=AXIS2_PLACEMENT_3D('',#863,#864,#865);
#868=DIRECTION('',(0.E0,1.E0,0.E0));
#869=VECTOR('',#868,5.523915309631E-1);
#870=CARTESIAN_POINT('',(-8.650023181189E-1,1.374061965729E0,-5.15E1));
#871=LINE('',#870,#869);
#872=DIRECTION('',(0.E0,0.E0,-1.E0));
#873=VECTOR('',#872,1.293649167310E0);
#874=CARTESIAN_POINT('',(-8.650023181189E-1,1.374061965729E0,-5.15E1));
#875=LINE('',#874,#873);
#876=DIRECTION('',(0.E0,0.E0,-1.E0));
#877=VECTOR('',#876,1.293649167310E0);
#878=CARTESIAN_POINT('',(-8.650023181189E-1,1.264348963531E1,-5.15E1));
#879=LINE('',#878,#877);
#880=DIRECTION('',(-2.179575913742E-7,2.408096341076E-7,-9.999999999999E-1));
#881=VECTOR('',#880,2.206350641591E0);
#882=CARTESIAN_POINT('',(-8.650023181189E-1,1.264348963531E1,
-5.279364916731E1));
#883=LINE('',#882,#881);
#884=CARTESIAN_POINT('',(-8.650028294019E-1,1.209109861386E1,
-5.349999980752E1));
#885=CARTESIAN_POINT('',(-8.650028294019E-1,1.215012584219E1,
-5.365624740973E1));
#886=CARTESIAN_POINT('',(-8.650021436390E-1,1.226977204190E1,
-5.397567921150E1));
#887=CARTESIAN_POINT('',(-8.650021618742E-1,1.245393461233E1,
-5.447567696145E1));
#888=CARTESIAN_POINT('',(-8.650027990098E-1,1.257979427062E1,
-5.482290695850E1));
#889=CARTESIAN_POINT('',(-8.650027990098E-1,1.264349016662E1,
-5.499999980890E1));
#891=DIRECTION('',(-2.556414940967E-7,2.547551188715E-7,-9.999999999999E-1));
#892=VECTOR('',#891,1.999999807515E0);
#893=CARTESIAN_POINT('',(-8.650023181189E-1,1.209109810435E1,-5.15E1));
#894=LINE('',#893,#892);
#895=DIRECTION('',(3.700266160013E-6,-2.798448558421E-7,9.999999999931E-1));
#896=VECTOR('',#895,2.206388748405E0);
#897=CARTESIAN_POINT('',(-8.650104823445E-1,1.374062583176E0,
-5.500003791570E1));
#898=LINE('',#897,#896);
#899=DIRECTION('',(-4.057413846775E-6,3.105584479080E-7,-9.999999999917E-1));
#900=VECTOR('',#899,2.000037925266E0);
#901=CARTESIAN_POINT('',(-8.650023181189E-1,1.926453496692E0,-5.15E1));
#902=LINE('',#901,#900);
#903=CARTESIAN_POINT('',(-8.650104823445E-1,1.374062583176E0,
-5.500003791570E1));
#904=CARTESIAN_POINT('',(-8.650104823445E-1,1.434120036926E0,
-5.483306104733E1));
#905=CARTESIAN_POINT('',(-8.649995901445E-1,1.555058146034E0,
-5.449924332216E1));
#906=CARTESIAN_POINT('',(-8.649996196909E-1,1.739061275702E0,
-5.399918467529E1));
#907=CARTESIAN_POINT('',(-8.650104331005E-1,1.863628068018E0,
-5.366634113089E1));
#908=CARTESIAN_POINT('',(-8.650104331005E-1,1.926454117821E0,
-5.350003792525E1));
#910=CARTESIAN_POINT('',(4.234984902457E0,7.008787651442E0,-5.350001303322E1));
#911=DIRECTION('',(0.E0,0.E0,-1.E0));
#912=DIRECTION('',(-7.083316259770E-1,-7.058798110449E-1,0.E0));
#913=AXIS2_PLACEMENT_3D('',#910,#911,#912);
#915=CARTESIAN_POINT('',(4.234997681881E0,7.008775800522E0,-5.15E1));
#916=DIRECTION('',(0.E0,0.E0,1.E0));
#917=DIRECTION('',(6.710526315789E-1,-7.414097151043E-1,0.E0));
#918=AXIS2_PLACEMENT_3D('',#915,#916,#917);
#920=DIRECTION('',(0.E0,-1.E0,0.E0));
#921=VECTOR('',#920,5.523915309631E-1);
#922=CARTESIAN_POINT('',(9.334997681881E0,1.926453496692E0,-5.15E1));
#923=LINE('',#922,#921);
#924=CARTESIAN_POINT('',(4.234997681881E0,7.008775800522E0,-5.15E1));
#925=DIRECTION('',(0.E0,0.E0,-1.E0));
#926=DIRECTION('',(7.083333333333E-1,7.058780977541E-1,0.E0));
#927=AXIS2_PLACEMENT_3D('',#924,#925,#926);
#929=DIRECTION('',(0.E0,-1.E0,0.E0));
#930=VECTOR('',#929,5.523915309631E-1);
#931=CARTESIAN_POINT('',(9.334997681881E0,1.264348963531E1,-5.15E1));
#932=LINE('',#931,#930);
#933=DIRECTION('',(0.E0,0.E0,1.E0));
#934=VECTOR('',#933,1.293649167310E0);
#935=CARTESIAN_POINT('',(9.334997681881E0,1.374061965729E0,-5.279364916731E1));
#936=LINE('',#935,#934);
#937=DIRECTION('',(3.672695334629E-6,-1.711707511746E-7,9.999999999932E-1));
#938=VECTOR('',#937,2.206312892720E0);
#939=CARTESIAN_POINT('',(9.334989578766E0,1.264349001297E1,-5.499996206002E1));
#940=LINE('',#939,#938);
#941=DIRECTION('',(0.E0,0.E0,1.E0));
#942=VECTOR('',#941,1.293649167310E0);
#943=CARTESIAN_POINT('',(9.334997681881E0,1.264348963531E1,-5.279364916731E1));
#944=LINE('',#943,#942);
#945=CARTESIAN_POINT('',(9.334989578766E0,1.264349001297E1,-5.499996206002E1));
#946=CARTESIAN_POINT('',(9.334989578766E0,1.258341454490E1,-5.483293503712E1));
#947=CARTESIAN_POINT('',(9.335000386971E0,1.246249842427E1,-5.449913460493E1));
#948=CARTESIAN_POINT('',(9.335000368738E0,1.227849398535E1,-5.399907631096E1));
#949=CARTESIAN_POINT('',(9.334989609156E0,1.215390577770E1,-5.366621571881E1));
#950=CARTESIAN_POINT('',(9.334989609156E0,1.209109846008E1,-5.349996205828E1));
#952=DIRECTION('',(4.036439357372E-6,-1.778663874835E-7,9.999999999918E-1));
#953=VECTOR('',#952,1.999962058296E0);
#954=CARTESIAN_POINT('',(9.334989609156E0,1.209109846008E1,-5.349996205828E1));
#955=LINE('',#954,#953);
#956=DIRECTION('',(-1.902599867105E-7,2.102078484665E-7,-1.E0));
#957=VECTOR('',#956,2.206350999504E0);
#958=CARTESIAN_POINT('',(9.334997681881E0,1.374061965729E0,-5.279364916731E1));
#959=LINE('',#958,#957);
#960=CARTESIAN_POINT('',(9.334997212858E0,1.926453964090E0,-5.350000017657E1));
#961=CARTESIAN_POINT('',(9.334997212858E0,1.867426724212E0,-5.365624777200E1));
#962=CARTESIAN_POINT('',(9.334997844788E0,1.747786499254E0,-5.397568183162E1));
#963=CARTESIAN_POINT('',(9.334997815242E0,1.563623600463E0,-5.447567941114E1));
#964=CARTESIAN_POINT('',(9.334997262101E0,1.437758338749E0,-5.482290735341E1));
#965=CARTESIAN_POINT('',(9.334997262101E0,1.374062429522E0,-5.500000016681E1));
#967=DIRECTION('',(2.345113975804E-7,-2.336987493702E-7,9.999999999999E-1));
#968=VECTOR('',#967,2.000000176572E0);
#969=CARTESIAN_POINT('',(9.334997212858E0,1.926453964090E0,-5.350000017657E1));
#970=LINE('',#969,#968);
#971=CARTESIAN_POINT('',(4.234984709287E0,7.008787190479E0,-5.349998761354E1));
#972=DIRECTION('',(0.E0,0.E0,-1.E0));
#973=DIRECTION('',(7.083350220421E-1,7.058764031675E-1,0.E0));
#974=AXIS2_PLACEMENT_3D('',#971,#972,#973);
#976=DIRECTION('',(1.E0,0.E0,0.E0));
#977=VECTOR('',#976,1.090518447593E1);
#978=CARTESIAN_POINT('',(-1.217594556085E0,1.516902983837E1,-3.935E1));
#979=LINE('',#978,#977);
#980=DIRECTION('',(0.E0,0.E0,1.E0));
#981=VECTOR('',#980,7.85E0);
#982=CARTESIAN_POINT('',(9.687589919848E0,1.516902983837E1,-3.935E1));
#983=LINE('',#982,#981);
#984=DIRECTION('',(0.E0,0.E0,1.E0));
#985=VECTOR('',#984,7.85E0);
#986=CARTESIAN_POINT('',(-1.217594556085E0,-1.151478237323E0,-3.935E1));
#987=LINE('',#986,#985);
#988=DIRECTION('',(-1.E0,0.E0,0.E0));
#989=VECTOR('',#988,1.090518447593E1);
#990=CARTESIAN_POINT('',(9.687589919848E0,-1.151478237323E0,-3.935E1));
#991=LINE('',#990,#989);
#992=DIRECTION('',(0.E0,0.E0,1.E0));
#993=VECTOR('',#992,7.85E0);
#994=CARTESIAN_POINT('',(1.029343350184E1,1.496461362035E1,-3.935E1));
#995=LINE('',#994,#993);
#996=CARTESIAN_POINT('',(9.687589919848E0,1.416902983837E1,-3.935E1));
#997=DIRECTION('',(0.E0,0.E0,1.E0));
#998=DIRECTION('',(6.058435819963E-1,7.955837819827E-1,0.E0));
#999=AXIS2_PLACEMENT_3D('',#996,#997,#998);
#1001=DIRECTION('',(0.E0,0.E0,1.E0));
#1002=VECTOR('',#1001,7.85E0);
#1003=CARTESIAN_POINT('',(-1.217594556085E0,1.516902983837E1,-3.935E1));
#1004=LINE('',#1003,#1002);
#1005=DIRECTION('',(0.E0,0.E0,-1.E0));
#1006=VECTOR('',#1005,7.85E0);
#1007=CARTESIAN_POINT('',(-1.823438138082E0,1.496461362035E1,-3.15E1));
#1008=LINE('',#1007,#1006);
#1009=CARTESIAN_POINT('',(-1.217594556085E0,1.416902983837E1,-3.935E1));
#1010=DIRECTION('',(0.E0,0.E0,-1.E0));
#1011=DIRECTION('',(-6.058435819963E-1,7.955837819827E-1,0.E0));
#1012=AXIS2_PLACEMENT_3D('',#1009,#1010,#1011);
#1014=DIRECTION('',(0.E0,0.E0,1.E0));
#1015=VECTOR('',#1014,7.85E0);
#1016=CARTESIAN_POINT('',(9.687589919848E0,-1.151478237323E0,-3.935E1));
#1017=LINE('',#1016,#1015);
#1018=CARTESIAN_POINT('',(9.687589919848E0,-1.514782373228E-1,-3.935E1));
#1019=DIRECTION('',(0.E0,0.E0,-1.E0));
#1020=DIRECTION('',(6.058435819963E-1,-7.955837819827E-1,0.E0));
#1021=AXIS2_PLACEMENT_3D('',#1018,#1019,#1020);
#1023=DIRECTION('',(0.E0,0.E0,1.E0));
#1024=VECTOR('',#1023,7.85E0);
#1025=CARTESIAN_POINT('',(-1.823438138082E0,-9.470620193055E-1,-3.935E1));
#1026=LINE('',#1025,#1024);
#1027=CARTESIAN_POINT('',(-1.217594556085E0,-1.514782373228E-1,-3.935E1));
#1028=DIRECTION('',(0.E0,0.E0,1.E0));
#1029=DIRECTION('',(-6.058435819963E-1,-7.955837819827E-1,0.E0));
#1030=AXIS2_PLACEMENT_3D('',#1027,#1028,#1029);
#1032=CARTESIAN_POINT('',(4.234997681881E0,7.008775800522E0,-5.279364916731E1));
#1033=DIRECTION('',(0.E0,0.E0,1.E0));
#1034=DIRECTION('',(-6.710526315789E-1,7.414097151043E-1,0.E0));
#1035=AXIS2_PLACEMENT_3D('',#1032,#1033,#1034);
#1037=CARTESIAN_POINT('',(4.234997681881E0,7.008775800522E0,-5.3E1));
#1038=DIRECTION('',(0.E0,0.E0,-1.E0));
#1039=DIRECTION('',(-6.443733010860E-1,-7.647110884822E-1,0.E0));
#1040=AXIS2_PLACEMENT_3D('',#1037,#1038,#1039);
#1042=CARTESIAN_POINT('',(4.234997681881E0,7.008775800522E0,-5.3E1));
#1043=DIRECTION('',(0.E0,0.E0,-1.E0));
#1044=DIRECTION('',(6.443733010860E-1,7.647110884822E-1,0.E0));
#1045=AXIS2_PLACEMENT_3D('',#1042,#1043,#1044);
#1047=CARTESIAN_POINT('',(4.234997681881E0,7.008775800522E0,-5.279364916731E1));
#1048=DIRECTION('',(0.E0,0.E0,1.E0));
#1049=DIRECTION('',(6.710526315789E-1,-7.414097151043E-1,0.E0));
#1050=AXIS2_PLACEMENT_3D('',#1047,#1048,#1049);
#1052=CARTESIAN_POINT('',(4.234997681881E0,7.008775800522E0,-4.6E1));
#1053=DIRECTION('',(0.E0,0.E0,1.E0));
#1054=DIRECTION('',(5.145062414432E-1,-8.574866340160E-1,0.E0));
#1055=AXIS2_PLACEMENT_3D('',#1052,#1053,#1054);
#1057=DIRECTION('',(0.E0,0.E0,-1.E0));
#1058=VECTOR('',#1057,8.55E0);
#1059=CARTESIAN_POINT('',(9.405785408385E0,-1.608964871339E0,-4.6E1));
#1060=LINE('',#1059,#1058);
#1061=CARTESIAN_POINT('',(4.234997681881E0,7.008775800522E0,-5.455E1));
#1062=DIRECTION('',(0.E0,0.E0,1.E0));
#1063=DIRECTION('',(5.145062414432E-1,-8.574866340160E-1,0.E0));
#1064=AXIS2_PLACEMENT_3D('',#1061,#1062,#1063);
#1066=DIRECTION('',(0.E0,0.E0,1.E0));
#1067=VECTOR('',#1066,8.55E0);
#1068=CARTESIAN_POINT('',(9.405785408385E0,1.562651647238E1,-5.455E1));
#1069=LINE('',#1068,#1067);
#1070=CARTESIAN_POINT('',(4.234997681881E0,7.008775800522E0,-7.9E1));
#1071=DIRECTION('',(0.E0,0.E0,-1.E0));
#1072=DIRECTION('',(0.E0,1.E0,0.E0));
#1073=AXIS2_PLACEMENT_3D('',#1070,#1071,#1072);
#1075=CARTESIAN_POINT('',(4.234997681881E0,7.008775800522E0,-7.65E1));
#1076=DIRECTION('',(0.E0,0.E0,1.E0));
#1077=DIRECTION('',(0.E0,-1.E0,0.E0));
#1078=AXIS2_PLACEMENT_3D('',#1075,#1076,#1077);
#1080=CARTESIAN_POINT('',(4.234997681881E0,7.008775800522E0,-7.95E1));
#1081=DIRECTION('',(0.E0,0.E0,-1.E0));
#1082=DIRECTION('',(0.E0,1.E0,0.E0));
#1083=AXIS2_PLACEMENT_3D('',#1080,#1081,#1082);
#1085=CARTESIAN_POINT('',(4.234997681881E0,7.008775800522E0,-7.95E1));
#1086=DIRECTION('',(0.E0,0.E0,-1.E0));
#1087=DIRECTION('',(0.E0,-1.E0,0.E0));
#1088=AXIS2_PLACEMENT_3D('',#1085,#1086,#1087);
#1090=CARTESIAN_POINT('',(4.234997681881E0,7.008775800522E0,-7.95E1));
#1091=DIRECTION('',(0.E0,0.E0,-1.E0));
#1092=DIRECTION('',(0.E0,1.E0,0.E0));
#1093=AXIS2_PLACEMENT_3D('',#1090,#1091,#1092);
#1095=CARTESIAN_POINT('',(4.234997681881E0,7.008775800522E0,-7.95E1));
#1096=DIRECTION('',(0.E0,0.E0,-1.E0));
#1097=DIRECTION('',(0.E0,-1.E0,0.E0));
#1098=AXIS2_PLACEMENT_3D('',#1095,#1096,#1097);
#1100=CARTESIAN_POINT('',(4.234997681881E0,7.008775800522E0,-7.93E1));
#1101=DIRECTION('',(0.E0,0.E0,-1.E0));
#1102=DIRECTION('',(0.E0,1.E0,0.E0));
#1103=AXIS2_PLACEMENT_3D('',#1100,#1101,#1102);
#1105=CARTESIAN_POINT('',(4.234997681881E0,7.008775800522E0,-7.9E1));
#1106=DIRECTION('',(0.E0,0.E0,-1.E0));
#1107=DIRECTION('',(0.E0,-1.E0,0.E0));
#1108=AXIS2_PLACEMENT_3D('',#1105,#1106,#1107);
#1110=CARTESIAN_POINT('',(4.234997681881E0,7.008775800522E0,-7.9E1));
#1111=DIRECTION('',(0.E0,0.E0,1.E0));
#1112=DIRECTION('',(0.E0,-1.E0,0.E0));
#1113=AXIS2_PLACEMENT_3D('',#1110,#1111,#1112);
#1115=CARTESIAN_POINT('',(4.234997681881E0,7.008775800522E0,-5.465E1));
#1116=DIRECTION('',(0.E0,0.E0,-1.E0));
#1117=DIRECTION('',(0.E0,1.E0,0.E0));
#1118=AXIS2_PLACEMENT_3D('',#1115,#1116,#1117);
#1120=CARTESIAN_POINT('',(4.234997681881E0,7.008775800522E0,-7.9E1));
#1121=DIRECTION('',(0.E0,0.E0,1.E0));
#1122=DIRECTION('',(0.E0,-1.E0,0.E0));
#1123=AXIS2_PLACEMENT_3D('',#1120,#1121,#1122);
#1125=CARTESIAN_POINT('',(4.234997681881E0,7.008775800522E0,-4.6E1));
#1126=DIRECTION('',(0.E0,0.E0,1.E0));
#1127=DIRECTION('',(-5.145062414432E-1,8.574866340160E-1,0.E0));
#1128=AXIS2_PLACEMENT_3D('',#1125,#1126,#1127);
#1130=DIRECTION('',(0.E0,0.E0,-1.E0));
#1131=VECTOR('',#1130,8.55E0);
#1132=CARTESIAN_POINT('',(-9.357900446229E-1,1.562651647238E1,-4.6E1));
#1133=LINE('',#1132,#1131);
#1134=CARTESIAN_POINT('',(4.234997681881E0,7.008775800522E0,-5.455E1));
#1135=DIRECTION('',(0.E0,0.E0,-1.E0));
#1136=DIRECTION('',(-5.145062414432E-1,-8.574866340160E-1,0.E0));
#1137=AXIS2_PLACEMENT_3D('',#1134,#1135,#1136);
#1139=DIRECTION('',(0.E0,0.E0,1.E0));
#1140=VECTOR('',#1139,8.55E0);
#1141=CARTESIAN_POINT('',(-9.357900446229E-1,-1.608964871339E0,-5.455E1));
#1142=LINE('',#1141,#1140);
#1143=CARTESIAN_POINT('',(4.234997681881E0,7.008775800522E0,-7.9E1));
#1144=DIRECTION('',(0.E0,0.E0,-1.E0));
#1145=DIRECTION('',(0.E0,-1.E0,0.E0));
#1146=AXIS2_PLACEMENT_3D('',#1143,#1144,#1145);
#1148=DIRECTION('',(-1.539746108392E-12,0.E0,-1.E0));
#1149=VECTOR('',#1148,2.5E0);
#1150=CARTESIAN_POINT('',(4.234997681881E0,1.685877580052E1,-7.65E1));
#1151=LINE('',#1150,#1149);
#1152=CARTESIAN_POINT('',(4.234997681881E0,7.008775800522E0,-7.65E1));
#1153=DIRECTION('',(0.E0,0.E0,1.E0));
#1154=DIRECTION('',(0.E0,1.E0,0.E0));
#1155=AXIS2_PLACEMENT_3D('',#1152,#1153,#1154);
#1157=DIRECTION('',(1.539746108392E-12,0.E0,-1.E0));
#1158=VECTOR('',#1157,2.5E0);
#1159=CARTESIAN_POINT('',(4.234997681881E0,-2.841224199478E0,-7.65E1));
#1160=LINE('',#1159,#1158);
#1161=CARTESIAN_POINT('',(4.234997681881E0,7.008775800522E0,-7.93E1));
#1162=DIRECTION('',(0.E0,0.E0,-1.E0));
#1163=DIRECTION('',(0.E0,-1.E0,0.E0));
#1164=AXIS2_PLACEMENT_3D('',#1161,#1162,#1163);
#1166=DIRECTION('',(2.978358300728E-12,0.E0,1.E0));
#1167=VECTOR('',#1166,3.E-1);
#1168=CARTESIAN_POINT('',(4.234997681880E0,-1.141224199478E0,-7.93E1));
#1169=LINE('',#1168,#1167);
#1170=DIRECTION('',(-2.978358300728E-12,0.E0,1.E0));
#1171=VECTOR('',#1170,3.E-1);
#1172=CARTESIAN_POINT('',(4.234997681882E0,1.515877580052E1,-7.93E1));
#1173=LINE('',#1172,#1171);
#1174=CARTESIAN_POINT('',(4.234997681881E0,7.008775800522E0,-5.465E1));
#1175=DIRECTION('',(0.E0,0.E0,-1.E0));
#1176=DIRECTION('',(0.E0,-1.E0,0.E0));
#1177=AXIS2_PLACEMENT_3D('',#1174,#1175,#1176);
#1179=DIRECTION('',(-2.031247631879E-12,0.E0,1.E0));
#1180=VECTOR('',#1179,2.435E1);
#1181=CARTESIAN_POINT('',(4.234997681881E0,1.545877580052E1,-7.9E1));
#1182=LINE('',#1181,#1180);
#1183=CARTESIAN_POINT('',(4.234997681881E0,7.008775800522E0,-7.9E1));
#1184=DIRECTION('',(0.E0,0.E0,-1.E0));
#1185=DIRECTION('',(0.E0,-1.E0,0.E0));
#1186=AXIS2_PLACEMENT_3D('',#1183,#1184,#1185);
#1188=DIRECTION('',(2.031284107379E-12,0.E0,1.E0));
#1189=VECTOR('',#1188,2.435E1);
#1190=CARTESIAN_POINT('',(4.234997681881E0,-1.441224199478E0,-7.9E1));
#1191=LINE('',#1190,#1189);
#1192=DIRECTION('',(0.E0,0.E0,-1.E0));
#1193=VECTOR('',#1192,1.48E1);
#1194=CARTESIAN_POINT('',(-1.443910663919E0,-2.991224199478E0,-3.955E1));
#1195=LINE('',#1194,#1193);
#1196=CARTESIAN_POINT('',(4.234997681881E0,7.008775800522E0,-5.435E1));
#1197=DIRECTION('',(0.E0,0.E0,-1.E0));
#1198=DIRECTION('',(-4.938181170261E-1,-8.695652173913E-1,0.E0));
#1199=AXIS2_PLACEMENT_3D('',#1196,#1197,#1198);
#1201=DIRECTION('',(0.E0,0.E0,1.E0));
#1202=VECTOR('',#1201,1.48E1);
#1203=CARTESIAN_POINT('',(-1.443910663919E0,1.700877580052E1,-5.435E1));
#1204=LINE('',#1203,#1202);
#1205=CARTESIAN_POINT('',(-9.265002318119E0,-6.491224199478E0,-5.685E1));
#1206=DIRECTION('',(0.E0,0.E0,-1.E0));
#1207=DIRECTION('',(0.E0,-1.E0,0.E0));
#1208=AXIS2_PLACEMENT_3D('',#1205,#1206,#1207);
#1210=DIRECTION('',(-1.E0,0.E0,0.E0));
#1211=VECTOR('',#1210,2.7E1);
#1212=CARTESIAN_POINT('',(1.773499768188E1,-8.291224199478E0,-5.685E1));
#1213=LINE('',#1212,#1211);
#1214=CARTESIAN_POINT('',(1.773499768188E1,-6.491224199478E0,-5.685E1));
#1215=DIRECTION('',(0.E0,0.E0,-1.E0));
#1216=DIRECTION('',(1.E0,0.E0,0.E0));
#1217=AXIS2_PLACEMENT_3D('',#1214,#1215,#1216);
#1219=DIRECTION('',(0.E0,-1.E0,0.E0));
#1220=VECTOR('',#1219,2.7E1);
#1221=CARTESIAN_POINT('',(1.953499768188E1,2.050877580052E1,-5.685E1));
#1222=LINE('',#1221,#1220);
#1223=CARTESIAN_POINT('',(1.773499768188E1,2.050877580052E1,-5.685E1));
#1224=DIRECTION('',(0.E0,0.E0,-1.E0));
#1225=DIRECTION('',(0.E0,1.E0,0.E0));
#1226=AXIS2_PLACEMENT_3D('',#1223,#1224,#1225);
#1228=DIRECTION('',(1.E0,0.E0,0.E0));
#1229=VECTOR('',#1228,2.7E1);
#1230=CARTESIAN_POINT('',(-9.265002318119E0,2.230877580052E1,-5.685E1));
#1231=LINE('',#1230,#1229);
#1232=CARTESIAN_POINT('',(-9.265002318119E0,2.050877580052E1,-5.685E1));
#1233=DIRECTION('',(0.E0,0.E0,-1.E0));
#1234=DIRECTION('',(-1.E0,0.E0,0.E0));
#1235=AXIS2_PLACEMENT_3D('',#1232,#1233,#1234);
#1237=DIRECTION('',(0.E0,1.E0,0.E0));
#1238=VECTOR('',#1237,2.7E1);
#1239=CARTESIAN_POINT('',(-1.106500231812E1,-6.491224199478E0,-5.685E1));
#1240=LINE('',#1239,#1238);
#1241=CARTESIAN_POINT('',(4.234997681881E0,7.008775800522E0,-5.685E1));
#1242=DIRECTION('',(0.E0,0.E0,-1.E0));
#1243=DIRECTION('',(0.E0,-1.E0,0.E0));
#1244=AXIS2_PLACEMENT_3D('',#1241,#1242,#1243);
#1246=CARTESIAN_POINT('',(4.234997681881E0,7.008775800522E0,-5.685E1));
#1247=DIRECTION('',(0.E0,0.E0,-1.E0));
#1248=DIRECTION('',(0.E0,1.E0,0.E0));
#1249=AXIS2_PLACEMENT_3D('',#1246,#1247,#1248);
#1251=CARTESIAN_POINT('',(-7.265002318119E0,1.850877580052E1,-5.685E1));
#1252=DIRECTION('',(0.E0,0.E0,-1.E0));
#1253=DIRECTION('',(0.E0,-1.E0,0.E0));
#1254=AXIS2_PLACEMENT_3D('',#1251,#1252,#1253);
#1256=CARTESIAN_POINT('',(-7.265002318119E0,1.850877580052E1,-5.685E1));
#1257=DIRECTION('',(0.E0,0.E0,-1.E0));
#1258=DIRECTION('',(0.E0,1.E0,0.E0));
#1259=AXIS2_PLACEMENT_3D('',#1256,#1257,#1258);
#1261=CARTESIAN_POINT('',(-7.265002318119E0,-4.491224199478E0,-5.685E1));
#1262=DIRECTION('',(0.E0,0.E0,-1.E0));
#1263=DIRECTION('',(0.E0,-1.E0,0.E0));
#1264=AXIS2_PLACEMENT_3D('',#1261,#1262,#1263);
#1266=CARTESIAN_POINT('',(-7.265002318119E0,-4.491224199478E0,-5.685E1));
#1267=DIRECTION('',(0.E0,0.E0,-1.E0));
#1268=DIRECTION('',(0.E0,1.E0,0.E0));
#1269=AXIS2_PLACEMENT_3D('',#1266,#1267,#1268);
#1271=CARTESIAN_POINT('',(1.573499768188E1,1.850877580052E1,-5.685E1));
#1272=DIRECTION('',(0.E0,0.E0,-1.E0));
#1273=DIRECTION('',(0.E0,-1.E0,0.E0));
#1274=AXIS2_PLACEMENT_3D('',#1271,#1272,#1273);
#1276=CARTESIAN_POINT('',(1.573499768188E1,1.850877580052E1,-5.685E1));
#1277=DIRECTION('',(0.E0,0.E0,-1.E0));
#1278=DIRECTION('',(0.E0,1.E0,0.E0));
#1279=AXIS2_PLACEMENT_3D('',#1276,#1277,#1278);
#1281=CARTESIAN_POINT('',(1.573499768188E1,-4.491224199478E0,-5.685E1));
#1282=DIRECTION('',(0.E0,0.E0,-1.E0));
#1283=DIRECTION('',(0.E0,-1.E0,0.E0));
#1284=AXIS2_PLACEMENT_3D('',#1281,#1282,#1283);
#1286=CARTESIAN_POINT('',(1.573499768188E1,-4.491224199478E0,-5.685E1));
#1287=DIRECTION('',(0.E0,0.E0,-1.E0));
#1288=DIRECTION('',(0.E0,1.E0,0.E0));
#1289=AXIS2_PLACEMENT_3D('',#1286,#1287,#1288);
#1291=CARTESIAN_POINT('',(5.644997681881E0,7.008775800522E0,-5.685E1));
#1292=DIRECTION('',(0.E0,0.E0,-1.E0));
#1293=DIRECTION('',(-3.420201433257E-1,-9.396926207859E-1,0.E0));
#1294=AXIS2_PLACEMENT_3D('',#1291,#1292,#1293);
#1296=DIRECTION('',(-5.E-1,-8.660254037844E-1,0.E0));
#1297=VECTOR('',#1296,2.5E-1);
#1298=CARTESIAN_POINT('',(-1.105002318119E0,-4.682567150568E0,-5.685E1));
#1299=LINE('',#1298,#1297);
#1300=DIRECTION('',(-5.E-1,8.660254037844E-1,0.E0));
#1301=VECTOR('',#1300,1.E0);
#1302=CARTESIAN_POINT('',(-1.230002318119E0,-4.899073501514E0,-5.685E1));
#1303=LINE('',#1302,#1301);
#1304=DIRECTION('',(1.E0,0.E0,0.E0));
#1305=VECTOR('',#1304,1.E0);
#1306=CARTESIAN_POINT('',(-1.730002318119E0,-4.033048097730E0,-5.685E1));
#1307=LINE('',#1306,#1305);
#1308=DIRECTION('',(-5.E-1,-8.660254037844E-1,0.E0));
#1309=VECTOR('',#1308,2.5E-1);
#1310=CARTESIAN_POINT('',(-7.300023181190E-1,-4.033048097730E0,-5.685E1));
#1311=LINE('',#1310,#1309);
#1312=CARTESIAN_POINT('',(5.644997681881E0,7.008775800522E0,-5.685E1));
#1313=DIRECTION('',(0.E0,0.E0,-1.E0));
#1314=DIRECTION('',(-3.420201433257E-1,-9.396926207859E-1,0.E0));
#1315=AXIS2_PLACEMENT_3D('',#1312,#1313,#1314);
#1317=DIRECTION('',(-3.420201433257E-1,-9.396926207859E-1,0.E0));
#1318=VECTOR('',#1317,5.E-1);
#1319=CARTESIAN_POINT('',(1.198735818647E0,-5.207228269695E0,-5.685E1));
#1320=LINE('',#1319,#1318);
#1321=CARTESIAN_POINT('',(1.773499768188E1,-6.491224199478E0,-5.435E1));
#1322=DIRECTION('',(0.E0,0.E0,1.E0));
#1323=DIRECTION('',(0.E0,-1.E0,0.E0));
#1324=AXIS2_PLACEMENT_3D('',#1321,#1322,#1323);
#1326=DIRECTION('',(1.E0,0.E0,0.E0));
#1327=VECTOR('',#1326,2.7E1);
#1328=CARTESIAN_POINT('',(-9.265002318119E0,-8.291224199478E0,-5.435E1));
#1329=LINE('',#1328,#1327);
#1330=CARTESIAN_POINT('',(-9.265002318119E0,-6.491224199478E0,-5.435E1));
#1331=DIRECTION('',(0.E0,0.E0,1.E0));
#1332=DIRECTION('',(-1.E0,0.E0,0.E0));
#1333=AXIS2_PLACEMENT_3D('',#1330,#1331,#1332);
#1335=DIRECTION('',(0.E0,-1.E0,0.E0));
#1336=VECTOR('',#1335,2.7E1);
#1337=CARTESIAN_POINT('',(-1.106500231812E1,2.050877580052E1,-5.435E1));
#1338=LINE('',#1337,#1336);
#1339=CARTESIAN_POINT('',(-9.265002318119E0,2.050877580052E1,-5.435E1));
#1340=DIRECTION('',(0.E0,0.E0,1.E0));
#1341=DIRECTION('',(0.E0,1.E0,0.E0));
#1342=AXIS2_PLACEMENT_3D('',#1339,#1340,#1341);
#1344=DIRECTION('',(-1.E0,0.E0,0.E0));
#1345=VECTOR('',#1344,2.7E1);
#1346=CARTESIAN_POINT('',(1.773499768188E1,2.230877580052E1,-5.435E1));
#1347=LINE('',#1346,#1345);
#1348=CARTESIAN_POINT('',(1.773499768188E1,2.050877580052E1,-5.435E1));
#1349=DIRECTION('',(0.E0,0.E0,1.E0));
#1350=DIRECTION('',(1.E0,0.E0,0.E0));
#1351=AXIS2_PLACEMENT_3D('',#1348,#1349,#1350);
#1353=DIRECTION('',(0.E0,1.E0,0.E0));
#1354=VECTOR('',#1353,2.7E1);
#1355=CARTESIAN_POINT('',(1.953499768188E1,-6.491224199478E0,-5.435E1));
#1356=LINE('',#1355,#1354);
#1357=DIRECTION('',(1.E0,0.E0,0.E0));
#1358=VECTOR('',#1357,1.135781669160E1);
#1359=CARTESIAN_POINT('',(-1.443910663919E0,1.700877580052E1,-5.435E1));
#1360=LINE('',#1359,#1358);
#1361=DIRECTION('',(-1.E0,0.E0,0.E0));
#1362=VECTOR('',#1361,1.135781669160E1);
#1363=CARTESIAN_POINT('',(9.913906027681E0,-2.991224199478E0,-5.435E1));
#1364=LINE('',#1363,#1362);
#1365=CARTESIAN_POINT('',(-7.265002318119E0,1.850877580052E1,-5.435E1));
#1366=DIRECTION('',(0.E0,0.E0,-1.E0));
#1367=DIRECTION('',(0.E0,-1.E0,0.E0));
#1368=AXIS2_PLACEMENT_3D('',#1365,#1366,#1367);
#1370=CARTESIAN_POINT('',(-7.265002318119E0,1.850877580052E1,-5.435E1));
#1371=DIRECTION('',(0.E0,0.E0,-1.E0));
#1372=DIRECTION('',(0.E0,1.E0,0.E0));
#1373=AXIS2_PLACEMENT_3D('',#1370,#1371,#1372);
#1375=CARTESIAN_POINT('',(-7.265002318119E0,-4.491224199478E0,-5.435E1));
#1376=DIRECTION('',(0.E0,0.E0,-1.E0));
#1377=DIRECTION('',(0.E0,-1.E0,0.E0));
#1378=AXIS2_PLACEMENT_3D('',#1375,#1376,#1377);
#1380=CARTESIAN_POINT('',(-7.265002318119E0,-4.491224199478E0,-5.435E1));
#1381=DIRECTION('',(0.E0,0.E0,-1.E0));
#1382=DIRECTION('',(0.E0,1.E0,0.E0));
#1383=AXIS2_PLACEMENT_3D('',#1380,#1381,#1382);
#1385=CARTESIAN_POINT('',(1.573499768188E1,1.850877580052E1,-5.435E1));
#1386=DIRECTION('',(0.E0,0.E0,-1.E0));
#1387=DIRECTION('',(0.E0,-1.E0,0.E0));
#1388=AXIS2_PLACEMENT_3D('',#1385,#1386,#1387);
#1390=CARTESIAN_POINT('',(1.573499768188E1,1.850877580052E1,-5.435E1));
#1391=DIRECTION('',(0.E0,0.E0,-1.E0));
#1392=DIRECTION('',(0.E0,1.E0,0.E0));
#1393=AXIS2_PLACEMENT_3D('',#1390,#1391,#1392);
#1395=CARTESIAN_POINT('',(1.573499768188E1,-4.491224199478E0,-5.435E1));
#1396=DIRECTION('',(0.E0,0.E0,-1.E0));
#1397=DIRECTION('',(0.E0,-1.E0,0.E0));
#1398=AXIS2_PLACEMENT_3D('',#1395,#1396,#1397);
#1400=CARTESIAN_POINT('',(1.573499768188E1,-4.491224199478E0,-5.435E1));
#1401=DIRECTION('',(0.E0,0.E0,-1.E0));
#1402=DIRECTION('',(0.E0,1.E0,0.E0));
#1403=AXIS2_PLACEMENT_3D('',#1400,#1401,#1402);
#1405=DIRECTION('',(-1.E0,0.E0,0.E0));
#1406=VECTOR('',#1405,2.699999999631E1);
#1407=CARTESIAN_POINT('',(1.773499768091E1,-8.491224199478E0,-5.665E1));
#1408=LINE('',#1407,#1406);
#1409=DIRECTION('',(-6.488989240119E-10,0.E0,1.E0));
#1410=VECTOR('',#1409,2.1E0);
#1411=CARTESIAN_POINT('',(-9.265002315394E0,-8.491224199478E0,-5.665E1));
#1412=LINE('',#1411,#1410);
#1413=DIRECTION('',(1.E0,0.E0,0.E0));
#1414=VECTOR('',#1413,2.699999999670E1);
#1415=CARTESIAN_POINT('',(-9.265002316757E0,-8.491224199478E0,-5.455E1));
#1416=LINE('',#1415,#1414);
#1417=DIRECTION('',(-4.609612162875E-10,0.E0,1.E0));
#1418=VECTOR('',#1417,2.1E0);
#1419=CARTESIAN_POINT('',(1.773499768091E1,-8.491224199478E0,-5.665E1));
#1420=LINE('',#1419,#1418);
#1421=DIRECTION('',(0.E0,1.E0,0.E0));
#1422=VECTOR('',#1421,2.699999999631E1);
#1423=CARTESIAN_POINT('',(-1.126500231812E1,-6.491224198511E0,-5.665E1));
#1424=LINE('',#1423,#1422);
#1425=DIRECTION('',(0.E0,6.488997698961E-10,1.E0));
#1426=VECTOR('',#1425,2.1E0);
#1427=CARTESIAN_POINT('',(-1.126500231812E1,2.050877579780E1,-5.665E1));
#1428=LINE('',#1427,#1426);
#1429=DIRECTION('',(0.E0,-1.E0,0.E0));
#1430=VECTOR('',#1429,2.699999999670E1);
#1431=CARTESIAN_POINT('',(-1.126500231812E1,2.050877579916E1,-5.455E1));
#1432=LINE('',#1431,#1430);
#1433=DIRECTION('',(0.E0,4.609612162875E-10,1.E0));
#1434=VECTOR('',#1433,2.1E0);
#1435=CARTESIAN_POINT('',(-1.126500231812E1,-6.491224198511E0,-5.665E1));
#1436=LINE('',#1435,#1434);
#1437=DIRECTION('',(1.E0,0.E0,0.E0));
#1438=VECTOR('',#1437,2.699999999631E1);
#1439=CARTESIAN_POINT('',(-9.265002317151E0,2.250877580052E1,-5.665E1));
#1440=LINE('',#1439,#1438);
#1441=DIRECTION('',(6.488997698961E-10,0.E0,1.E0));
#1442=VECTOR('',#1441,2.1E0);
#1443=CARTESIAN_POINT('',(1.773499767916E1,2.250877580052E1,-5.665E1));
#1444=LINE('',#1443,#1442);
#1445=DIRECTION('',(-1.E0,0.E0,0.E0));
#1446=VECTOR('',#1445,2.699999999670E1);
#1447=CARTESIAN_POINT('',(1.773499768052E1,2.250877580052E1,-5.455E1));
#1448=LINE('',#1447,#1446);
#1449=DIRECTION('',(4.609603704033E-10,0.E0,1.E0));
#1450=VECTOR('',#1449,2.1E0);
#1451=CARTESIAN_POINT('',(-9.265002317151E0,2.250877580052E1,-5.665E1));
#1452=LINE('',#1451,#1450);
#1453=DIRECTION('',(0.E0,-1.E0,0.E0));
#1454=VECTOR('',#1453,2.699999999631E1);
#1455=CARTESIAN_POINT('',(1.973499768188E1,2.050877579955E1,-5.665E1));
#1456=LINE('',#1455,#1454);
#1457=DIRECTION('',(0.E0,-6.488993469540E-10,1.E0));
#1458=VECTOR('',#1457,2.1E0);
#1459=CARTESIAN_POINT('',(1.973499768188E1,-6.491224196753E0,-5.665E1));
#1460=LINE('',#1459,#1458);
#1461=DIRECTION('',(0.E0,1.E0,0.E0));
#1462=VECTOR('',#1461,2.699999999670E1);
#1463=CARTESIAN_POINT('',(1.973499768188E1,-6.491224198116E0,-5.455E1));
#1464=LINE('',#1463,#1462);
#1465=DIRECTION('',(0.E0,-4.609612162875E-10,1.E0));
#1466=VECTOR('',#1465,2.1E0);
#1467=CARTESIAN_POINT('',(1.973499768188E1,2.050877579955E1,-5.665E1));
#1468=LINE('',#1467,#1466);
#1469=DIRECTION('',(1.E0,0.E0,0.E0));
#1470=VECTOR('',#1469,9.312562970122E0);
#1471=CARTESIAN_POINT('',(-4.212838031797E-1,1.576902983837E1,-4.6E1));
#1472=LINE('',#1471,#1470);
#1473=DIRECTION('',(0.E0,0.E0,1.E0));
#1474=VECTOR('',#1473,8.55E0);
#1475=CARTESIAN_POINT('',(8.891279166942E0,1.576902983837E1,-5.455E1));
#1476=LINE('',#1475,#1474);
#1477=DIRECTION('',(0.E0,0.E0,-1.E0));
#1478=VECTOR('',#1477,8.55E0);
#1479=CARTESIAN_POINT('',(-4.212838031797E-1,1.576902983837E1,-4.6E1));
#1480=LINE('',#1479,#1478);
#1481=DIRECTION('',(-1.E0,0.E0,0.E0));
#1482=VECTOR('',#1481,9.312562970122E0);
#1483=CARTESIAN_POINT('',(8.891279166942E0,-1.751478237323E0,-4.6E1));
#1484=LINE('',#1483,#1482);
#1485=DIRECTION('',(0.E0,0.E0,1.E0));
#1486=VECTOR('',#1485,8.55E0);
#1487=CARTESIAN_POINT('',(-4.212838031797E-1,-1.751478237323E0,-5.455E1));
#1488=LINE('',#1487,#1486);
#1489=DIRECTION('',(0.E0,0.E0,-1.E0));
#1490=VECTOR('',#1489,8.55E0);
#1491=CARTESIAN_POINT('',(8.891279166942E0,-1.751478237323E0,-4.6E1));
#1492=LINE('',#1491,#1490);
#1493=DIRECTION('',(-1.E0,0.E0,0.E0));
#1494=VECTOR('',#1493,1.135781669160E1);
#1495=CARTESIAN_POINT('',(9.913906027681E0,1.700877580052E1,-3.955E1));
#1496=LINE('',#1495,#1494);
#1497=DIRECTION('',(1.E0,0.E0,0.E0));
#1498=VECTOR('',#1497,1.135781669160E1);
#1499=CARTESIAN_POINT('',(-1.443910663919E0,-2.991224199478E0,-3.955E1));
#1500=LINE('',#1499,#1498);
#1501=CARTESIAN_POINT('',(4.234997681881E0,7.008775800522E0,-7.35E1));
#1502=DIRECTION('',(0.E0,0.E0,1.E0));
#1503=DIRECTION('',(0.E0,1.E0,0.E0));
#1504=AXIS2_PLACEMENT_3D('',#1501,#1502,#1503);
#1506=CARTESIAN_POINT('',(4.234997681881E0,7.008775800522E0,-7.335E1));
#1507=DIRECTION('',(0.E0,0.E0,1.E0));
#1508=DIRECTION('',(0.E0,1.E0,0.E0));
#1509=AXIS2_PLACEMENT_3D('',#1506,#1507,#1508);
#1511=CARTESIAN_POINT('',(4.234997681881E0,7.008775800522E0,-7.65E1));
#1512=DIRECTION('',(0.E0,0.E0,-1.E0));
#1513=DIRECTION('',(0.E0,1.E0,0.E0));
#1514=AXIS2_PLACEMENT_3D('',#1511,#1512,#1513);
#1516=CARTESIAN_POINT('',(4.234997681881E0,7.008775800522E0,-7.65E1));
#1517=DIRECTION('',(0.E0,0.E0,-1.E0));
#1518=DIRECTION('',(0.E0,-1.E0,0.E0));
#1519=AXIS2_PLACEMENT_3D('',#1516,#1517,#1518);
#1521=CARTESIAN_POINT('',(4.234997681881E0,7.008775800522E0,-7.35E1));
#1522=DIRECTION('',(0.E0,0.E0,1.E0));
#1523=DIRECTION('',(0.E0,-1.E0,0.E0));
#1524=AXIS2_PLACEMENT_3D('',#1521,#1522,#1523);
#1526=DIRECTION('',(1.184237892933E-14,0.E0,-1.E0));
#1527=VECTOR('',#1526,1.5E-1);
#1528=CARTESIAN_POINT('',(4.234997681881E0,-2.241224199478E0,-7.335E1));
#1529=LINE('',#1528,#1527);
#1530=CARTESIAN_POINT('',(4.234997681881E0,7.008775800522E0,-7.335E1));
#1531=DIRECTION('',(0.E0,0.E0,-1.E0));
#1532=DIRECTION('',(0.E0,1.E0,0.E0));
#1533=AXIS2_PLACEMENT_3D('',#1530,#1531,#1532);
#1535=DIRECTION('',(0.E0,0.E0,-1.E0));
#1536=VECTOR('',#1535,1.5E-1);
#1537=CARTESIAN_POINT('',(4.234997681881E0,1.625877580052E1,-7.335E1));
#1538=LINE('',#1537,#1536);
#1539=CARTESIAN_POINT('',(4.234997681881E0,7.008775800522E0,-6.915E1));
#1540=DIRECTION('',(0.E0,0.E0,1.E0));
#1541=DIRECTION('',(-1.E0,0.E0,0.E0));
#1542=AXIS2_PLACEMENT_3D('',#1539,#1540,#1541);
#1544=CARTESIAN_POINT('',(4.234997681881E0,7.008775800522E0,-7.05E1));
#1545=DIRECTION('',(0.E0,0.E0,1.E0));
#1546=DIRECTION('',(-1.E0,0.E0,0.E0));
#1547=AXIS2_PLACEMENT_3D('',#1544,#1545,#1546);
#1549=CARTESIAN_POINT('',(4.234997681881E0,7.008775800522E0,-7.05E1));
#1550=DIRECTION('',(0.E0,0.E0,-1.E0));
#1551=DIRECTION('',(-1.E0,0.E0,0.E0));
#1552=AXIS2_PLACEMENT_3D('',#1549,#1550,#1551);
#1554=DIRECTION('',(0.E0,0.E0,-1.E0));
#1555=VECTOR('',#1554,1.35E0);
#1556=CARTESIAN_POINT('',(-4.915002318119E0,7.008775800522E0,-6.915E1));
#1557=LINE('',#1556,#1555);
#1558=DIRECTION('',(0.E0,0.E0,-1.E0));
#1559=VECTOR('',#1558,1.35E0);
#1560=CARTESIAN_POINT('',(1.338499768188E1,7.008775800522E0,-6.915E1));
#1561=LINE('',#1560,#1559);
#1562=CARTESIAN_POINT('',(4.234997681881E0,7.008775800522E0,-6.915E1));
#1563=DIRECTION('',(0.E0,0.E0,-1.E0));
#1564=DIRECTION('',(-1.E0,0.E0,0.E0));
#1565=AXIS2_PLACEMENT_3D('',#1562,#1563,#1564);
#1567=CARTESIAN_POINT('',(4.234997681881E0,7.008775800522E0,-6.86E1));
#1568=DIRECTION('',(0.E0,0.E0,-1.E0));
#1569=DIRECTION('',(0.E0,-1.E0,0.E0));
#1570=AXIS2_PLACEMENT_3D('',#1567,#1568,#1569);
#1572=CARTESIAN_POINT('',(4.234997681881E0,7.008775800522E0,-6.86E1));
#1573=DIRECTION('',(0.E0,0.E0,-1.E0));
#1574=DIRECTION('',(0.E0,1.E0,0.E0));
#1575=AXIS2_PLACEMENT_3D('',#1572,#1573,#1574);
#1577=DIRECTION('',(0.E0,0.E0,-1.E0));
#1578=VECTOR('',#1577,1.175E1);
#1579=CARTESIAN_POINT('',(4.234997681881E0,-3.491224199478E0,-5.685E1));
#1580=LINE('',#1579,#1578);
#1581=DIRECTION('',(0.E0,0.E0,-1.E0));
#1582=VECTOR('',#1581,1.175E1);
#1583=CARTESIAN_POINT('',(4.234997681881E0,1.750877580052E1,-5.685E1));
#1584=LINE('',#1583,#1582);
#1585=CARTESIAN_POINT('',(-9.265002318119E0,2.050877580052E1,-5.665E1));
#1586=DIRECTION('',(0.E0,0.E0,-1.E0));
#1587=DIRECTION('',(-1.E0,0.E0,0.E0));
#1588=AXIS2_PLACEMENT_3D('',#1585,#1586,#1587);
#1590=CARTESIAN_POINT('',(-9.265002318119E0,2.050877580052E1,-5.455E1));
#1591=DIRECTION('',(0.E0,0.E0,1.E0));
#1592=DIRECTION('',(0.E0,1.E0,0.E0));
#1593=AXIS2_PLACEMENT_3D('',#1590,#1591,#1592);
#1595=CARTESIAN_POINT('',(-9.265002318119E0,-6.491224199478E0,-5.665E1));
#1596=DIRECTION('',(0.E0,0.E0,-1.E0));
#1597=DIRECTION('',(0.E0,-1.E0,0.E0));
#1598=AXIS2_PLACEMENT_3D('',#1595,#1596,#1597);
#1600=CARTESIAN_POINT('',(-9.265002318119E0,-6.491224199478E0,-5.455E1));
#1601=DIRECTION('',(0.E0,0.E0,1.E0));
#1602=DIRECTION('',(-1.E0,0.E0,0.E0));
#1603=AXIS2_PLACEMENT_3D('',#1600,#1601,#1602);
#1605=CARTESIAN_POINT('',(1.773499768188E1,2.050877580052E1,-5.665E1));
#1606=DIRECTION('',(0.E0,0.E0,-1.E0));
#1607=DIRECTION('',(0.E0,1.E0,0.E0));
#1608=AXIS2_PLACEMENT_3D('',#1605,#1606,#1607);
#1610=CARTESIAN_POINT('',(1.773499768188E1,2.050877580052E1,-5.455E1));
#1611=DIRECTION('',(0.E0,0.E0,1.E0));
#1612=DIRECTION('',(1.E0,0.E0,0.E0));
#1613=AXIS2_PLACEMENT_3D('',#1610,#1611,#1612);
#1615=CARTESIAN_POINT('',(1.773499768188E1,-6.491224199478E0,-5.665E1));
#1616=DIRECTION('',(0.E0,0.E0,-1.E0));
#1617=DIRECTION('',(1.E0,0.E0,0.E0));
#1618=AXIS2_PLACEMENT_3D('',#1615,#1616,#1617);
#1620=CARTESIAN_POINT('',(1.773499768188E1,-6.491224199478E0,-5.455E1));
#1621=DIRECTION('',(0.E0,0.E0,1.E0));
#1622=DIRECTION('',(0.E0,-1.E0,0.E0));
#1623=AXIS2_PLACEMENT_3D('',#1620,#1621,#1622);
#1625=DIRECTION('',(0.E0,0.E0,1.E0));
#1626=VECTOR('',#1625,2.5E0);
#1627=CARTESIAN_POINT('',(-7.265002318119E0,1.695877580052E1,-5.685E1));
#1628=LINE('',#1627,#1626);
#1629=DIRECTION('',(0.E0,0.E0,1.E0));
#1630=VECTOR('',#1629,2.5E0);
#1631=CARTESIAN_POINT('',(-7.265002318119E0,2.005877580052E1,-5.685E1));
#1632=LINE('',#1631,#1630);
#1633=DIRECTION('',(0.E0,0.E0,1.E0));
#1634=VECTOR('',#1633,2.5E0);
#1635=CARTESIAN_POINT('',(-7.265002318119E0,-6.041224199478E0,-5.685E1));
#1636=LINE('',#1635,#1634);
#1637=DIRECTION('',(0.E0,0.E0,1.E0));
#1638=VECTOR('',#1637,2.5E0);
#1639=CARTESIAN_POINT('',(-7.265002318119E0,-2.941224199478E0,-5.685E1));
#1640=LINE('',#1639,#1638);
#1641=DIRECTION('',(0.E0,0.E0,1.E0));
#1642=VECTOR('',#1641,2.5E0);
#1643=CARTESIAN_POINT('',(1.573499768188E1,1.695877580052E1,-5.685E1));
#1644=LINE('',#1643,#1642);
#1645=DIRECTION('',(0.E0,0.E0,1.E0));
#1646=VECTOR('',#1645,2.5E0);
#1647=CARTESIAN_POINT('',(1.573499768188E1,2.005877580052E1,-5.685E1));
#1648=LINE('',#1647,#1646);
#1649=DIRECTION('',(0.E0,0.E0,1.E0));
#1650=VECTOR('',#1649,2.5E0);
#1651=CARTESIAN_POINT('',(1.573499768188E1,-6.041224199478E0,-5.685E1));
#1652=LINE('',#1651,#1650);
#1653=DIRECTION('',(0.E0,0.E0,1.E0));
#1654=VECTOR('',#1653,2.5E0);
#1655=CARTESIAN_POINT('',(1.573499768188E1,-2.941224199478E0,-5.685E1));
#1656=LINE('',#1655,#1654);
#1657=CARTESIAN_POINT('',(4.234997681881E0,-2.341224199478E0,-7.9E1));
#1658=DIRECTION('',(-1.E0,0.E0,0.E0));
#1659=DIRECTION('',(0.E0,0.E0,-1.E0));
#1660=AXIS2_PLACEMENT_3D('',#1657,#1658,#1659);
#1662=CARTESIAN_POINT('',(4.234997681881E0,1.635877580052E1,-7.9E1));
#1663=DIRECTION('',(1.E0,0.E0,0.E0));
#1664=DIRECTION('',(0.E0,0.E0,-1.E0));
#1665=AXIS2_PLACEMENT_3D('',#1662,#1663,#1664);
#1667=CARTESIAN_POINT('',(1.773499768188E1,-8.291224199478E0,-5.665E1));
#1668=DIRECTION('',(-1.E0,0.E0,0.E0));
#1669=DIRECTION('',(0.E0,0.E0,-1.E0));
#1670=AXIS2_PLACEMENT_3D('',#1667,#1668,#1669);
#1672=CARTESIAN_POINT('',(1.953499768188E1,-6.491224199478E0,-5.665E1));
#1673=DIRECTION('',(0.E0,-1.E0,0.E0));
#1674=DIRECTION('',(0.E0,0.E0,-1.E0));
#1675=AXIS2_PLACEMENT_3D('',#1672,#1673,#1674);
#1677=CARTESIAN_POINT('',(1.953499768188E1,2.050877580052E1,-5.665E1));
#1678=DIRECTION('',(0.E0,-1.E0,0.E0));
#1679=DIRECTION('',(0.E0,0.E0,-1.E0));
#1680=AXIS2_PLACEMENT_3D('',#1677,#1678,#1679);
#1682=CARTESIAN_POINT('',(1.773499768188E1,2.230877580052E1,-5.665E1));
#1683=DIRECTION('',(1.E0,0.E0,0.E0));
#1684=DIRECTION('',(0.E0,0.E0,-1.E0));
#1685=AXIS2_PLACEMENT_3D('',#1682,#1683,#1684);
#1687=CARTESIAN_POINT('',(-9.265002318119E0,2.230877580052E1,-5.665E1));
#1688=DIRECTION('',(1.E0,0.E0,0.E0));
#1689=DIRECTION('',(0.E0,0.E0,-1.E0));
#1690=AXIS2_PLACEMENT_3D('',#1687,#1688,#1689);
#1692=CARTESIAN_POINT('',(-1.106500231812E1,2.050877580052E1,-5.665E1));
#1693=DIRECTION('',(0.E0,1.E0,0.E0));
#1694=DIRECTION('',(0.E0,0.E0,-1.E0));
#1695=AXIS2_PLACEMENT_3D('',#1692,#1693,#1694);
#1697=CARTESIAN_POINT('',(-1.106500231812E1,-6.491224199478E0,-5.665E1));
#1698=DIRECTION('',(0.E0,1.E0,0.E0));
#1699=DIRECTION('',(0.E0,0.E0,-1.E0));
#1700=AXIS2_PLACEMENT_3D('',#1697,#1698,#1699);
#1702=CARTESIAN_POINT('',(-9.265002318119E0,-8.291224199478E0,-5.665E1));
#1703=DIRECTION('',(-1.E0,0.E0,0.E0));
#1704=DIRECTION('',(0.E0,0.E0,-1.E0));
#1705=AXIS2_PLACEMENT_3D('',#1702,#1703,#1704);
#1707=CARTESIAN_POINT('',(-9.265002318119E0,-8.291224199478E0,-5.455E1));
#1708=DIRECTION('',(1.E0,0.E0,0.E0));
#1709=DIRECTION('',(0.E0,0.E0,1.E0));
#1710=AXIS2_PLACEMENT_3D('',#1707,#1708,#1709);
#1712=CARTESIAN_POINT('',(-1.106500231812E1,-6.491224199478E0,-5.455E1));
#1713=DIRECTION('',(0.E0,-1.E0,0.E0));
#1714=DIRECTION('',(0.E0,0.E0,1.E0));
#1715=AXIS2_PLACEMENT_3D('',#1712,#1713,#1714);
#1717=CARTESIAN_POINT('',(-1.106500231812E1,2.050877580052E1,-5.455E1));
#1718=DIRECTION('',(0.E0,-1.E0,0.E0));
#1719=DIRECTION('',(0.E0,0.E0,1.E0));
#1720=AXIS2_PLACEMENT_3D('',#1717,#1718,#1719);
#1722=CARTESIAN_POINT('',(-9.265002318119E0,2.230877580052E1,-5.455E1));
#1723=DIRECTION('',(-1.E0,0.E0,0.E0));
#1724=DIRECTION('',(0.E0,0.E0,1.E0));
#1725=AXIS2_PLACEMENT_3D('',#1722,#1723,#1724);
#1727=CARTESIAN_POINT('',(1.773499768188E1,2.230877580052E1,-5.455E1));
#1728=DIRECTION('',(-1.E0,0.E0,0.E0));
#1729=DIRECTION('',(0.E0,0.E0,1.E0));
#1730=AXIS2_PLACEMENT_3D('',#1727,#1728,#1729);
#1732=CARTESIAN_POINT('',(1.953499768188E1,2.050877580052E1,-5.455E1));
#1733=DIRECTION('',(0.E0,1.E0,0.E0));
#1734=DIRECTION('',(0.E0,0.E0,1.E0));
#1735=AXIS2_PLACEMENT_3D('',#1732,#1733,#1734);
#1737=CARTESIAN_POINT('',(1.953499768188E1,-6.491224199478E0,-5.455E1));
#1738=DIRECTION('',(0.E0,1.E0,0.E0));
#1739=DIRECTION('',(0.E0,0.E0,1.E0));
#1740=AXIS2_PLACEMENT_3D('',#1737,#1738,#1739);
#1742=CARTESIAN_POINT('',(1.773499768188E1,-8.291224199478E0,-5.455E1));
#1743=DIRECTION('',(1.E0,0.E0,0.E0));
#1744=DIRECTION('',(0.E0,0.E0,1.E0));
#1745=AXIS2_PLACEMENT_3D('',#1742,#1743,#1744);
#1747=CARTESIAN_POINT('',(4.234997681881E0,7.008775800522E0,-3.955E1));
#1748=DIRECTION('',(0.E0,0.E0,-1.E0));
#1749=DIRECTION('',(4.938181170261E-1,8.695652173913E-1,0.E0));
#1750=AXIS2_PLACEMENT_3D('',#1747,#1748,#1749);
#1752=CARTESIAN_POINT('',(4.234997681881E0,7.008775800522E0,-3.935E1));
#1753=DIRECTION('',(0.E0,0.E0,1.E0));
#1754=DIRECTION('',(4.978613514703E-1,-8.672566371681E-1,0.E0));
#1755=AXIS2_PLACEMENT_3D('',#1752,#1753,#1754);
#1757=CARTESIAN_POINT('',(9.913906027681E0,1.700877580052E1,-3.955E1));
#1758=CARTESIAN_POINT('',(9.913906027681E0,1.700877580052E1,-3.953975951661E1));
#1759=CARTESIAN_POINT('',(9.913492318801E0,1.700720942870E1,-3.951923918044E1));
#1760=CARTESIAN_POINT('',(9.911599742743E0,1.700004546318E1,-3.948888143695E1));
#1761=CARTESIAN_POINT('',(9.908526993581E0,1.698841926516E1,-3.946027624361E1));
#1762=CARTESIAN_POINT('',(9.904245647494E0,1.697223072187E1,-3.943332890165E1));
#1763=CARTESIAN_POINT('',(9.898907963035E0,1.695206527425E1,-3.940930391658E1));
#1764=CARTESIAN_POINT('',(9.892600196847E0,1.692825941188E1,-3.938856369905E1));
#1765=CARTESIAN_POINT('',(9.885396295112E0,1.690110437485E1,-3.937163931841E1));
#1766=CARTESIAN_POINT('',(9.877639600805E0,1.687190455339E1,-3.935933833812E1));
#1767=CARTESIAN_POINT('',(9.869351117988E0,1.684074741943E1,-3.935170477863E1));
#1768=CARTESIAN_POINT('',(9.863677613587E0,1.681945235723E1,-3.935E1));
#1769=CARTESIAN_POINT('',(9.860830953495E0,1.680877580052E1,-3.935E1));
#1771=CARTESIAN_POINT('',(-1.443910663919E0,1.700877580052E1,-3.955E1));
#1772=CARTESIAN_POINT('',(-1.443910663919E0,1.700877580052E1,
-3.953975951661E1));
#1773=CARTESIAN_POINT('',(-1.443496955039E0,1.700720942870E1,
-3.951923918044E1));
#1774=CARTESIAN_POINT('',(-1.441604378981E0,1.700004546318E1,
-3.948888143695E1));
#1775=CARTESIAN_POINT('',(-1.438531629819E0,1.698841926516E1,
-3.946027624361E1));
#1776=CARTESIAN_POINT('',(-1.434250283732E0,1.697223072187E1,
-3.943332890165E1));
#1777=CARTESIAN_POINT('',(-1.428912599273E0,1.695206527425E1,
-3.940930391658E1));
#1778=CARTESIAN_POINT('',(-1.422604833085E0,1.692825941188E1,
-3.938856369905E1));
#1779=CARTESIAN_POINT('',(-1.415400931350E0,1.690110437485E1,
-3.937163931841E1));
#1780=CARTESIAN_POINT('',(-1.407644237043E0,1.687190455339E1,
-3.935933833812E1));
#1781=CARTESIAN_POINT('',(-1.399355754226E0,1.684074741943E1,
-3.935170477863E1));
#1782=CARTESIAN_POINT('',(-1.393682249825E0,1.681945235723E1,-3.935E1));
#1783=CARTESIAN_POINT('',(-1.390835589733E0,1.680877580052E1,-3.935E1));
#1785=CARTESIAN_POINT('',(4.234997681881E0,7.008775800522E0,-3.955E1));
#1786=DIRECTION('',(0.E0,0.E0,-1.E0));
#1787=DIRECTION('',(-4.938181170261E-1,-8.695652173913E-1,0.E0));
#1788=AXIS2_PLACEMENT_3D('',#1785,#1786,#1787);
#1790=CARTESIAN_POINT('',(4.234997681881E0,7.008775800522E0,-3.935E1));
#1791=DIRECTION('',(0.E0,0.E0,1.E0));
#1792=DIRECTION('',(-4.978613514703E-1,8.672566371681E-1,0.E0));
#1793=AXIS2_PLACEMENT_3D('',#1790,#1791,#1792);
#1795=CARTESIAN_POINT('',(-1.443910663919E0,-2.991224199478E0,-3.955E1));
#1796=CARTESIAN_POINT('',(-1.443910663919E0,-2.991224199478E0,
-3.953975951661E1));
#1797=CARTESIAN_POINT('',(-1.443496955039E0,-2.989657827656E0,
-3.951923918044E1));
#1798=CARTESIAN_POINT('',(-1.441604378981E0,-2.982493862133E0,
-3.948888143695E1));
#1799=CARTESIAN_POINT('',(-1.438531629819E0,-2.970867664112E0,
-3.946027624361E1));
#1800=CARTESIAN_POINT('',(-1.434250283732E0,-2.954679120828E0,
-3.943332890165E1));
#1801=CARTESIAN_POINT('',(-1.428912599273E0,-2.934513673206E0,
-3.940930391658E1));
#1802=CARTESIAN_POINT('',(-1.422604833085E0,-2.910707810839E0,
-3.938856369905E1));
#1803=CARTESIAN_POINT('',(-1.415400931350E0,-2.883552773803E0,
-3.937163931841E1));
#1804=CARTESIAN_POINT('',(-1.407644237043E0,-2.854352952343E0,
-3.935933833812E1));
#1805=CARTESIAN_POINT('',(-1.399355754226E0,-2.823195818383E0,
-3.935170477863E1));
#1806=CARTESIAN_POINT('',(-1.393682249825E0,-2.801900756184E0,-3.935E1));
#1807=CARTESIAN_POINT('',(-1.390835589733E0,-2.791224199478E0,-3.935E1));
#1809=CARTESIAN_POINT('',(9.913906027681E0,-2.991224199478E0,-3.955E1));
#1810=CARTESIAN_POINT('',(9.913906027681E0,-2.991224199478E0,
-3.953975951661E1));
#1811=CARTESIAN_POINT('',(9.913492318801E0,-2.989657827656E0,
-3.951923918044E1));
#1812=CARTESIAN_POINT('',(9.911599742743E0,-2.982493862133E0,
-3.948888143695E1));
#1813=CARTESIAN_POINT('',(9.908526993581E0,-2.970867664112E0,
-3.946027624361E1));
#1814=CARTESIAN_POINT('',(9.904245647494E0,-2.954679120828E0,
-3.943332890165E1));
#1815=CARTESIAN_POINT('',(9.898907963035E0,-2.934513673206E0,
-3.940930391658E1));
#1816=CARTESIAN_POINT('',(9.892600196847E0,-2.910707810839E0,
-3.938856369905E1));
#1817=CARTESIAN_POINT('',(9.885396295112E0,-2.883552773803E0,
-3.937163931841E1));
#1818=CARTESIAN_POINT('',(9.877639600805E0,-2.854352952343E0,
-3.935933833812E1));
#1819=CARTESIAN_POINT('',(9.869351117988E0,-2.823195818383E0,
-3.935170477863E1));
#1820=CARTESIAN_POINT('',(9.863677613587E0,-2.801900756184E0,-3.935E1));
#1821=CARTESIAN_POINT('',(9.860830953495E0,-2.791224199478E0,-3.935E1));
#1823=CARTESIAN_POINT('',(4.234997681925E0,-1.341224199478E0,-7.93E1));
#1824=DIRECTION('',(-1.E0,-5.239484193731E-12,0.E0));
#1825=DIRECTION('',(-5.240252676231E-12,1.E0,0.E0));
#1826=AXIS2_PLACEMENT_3D('',#1823,#1824,#1825);
#1828=CARTESIAN_POINT('',(4.234997681837E0,1.535877580052E1,-7.93E1));
#1829=DIRECTION('',(1.E0,5.239099085119E-12,0.E0));
#1830=DIRECTION('',(5.240252676231E-12,-1.E0,0.E0));
#1831=AXIS2_PLACEMENT_3D('',#1828,#1829,#1830);
#1833=CARTESIAN_POINT('',(5.644997681881E0,7.008775800522E0,-5.675E1));
#1834=DIRECTION('',(0.E0,0.E0,-1.E0));
#1835=DIRECTION('',(-3.420201433257E-1,-9.396926207859E-1,0.E0));
#1836=AXIS2_PLACEMENT_3D('',#1833,#1834,#1835);
#1838=DIRECTION('',(-3.420201433257E-1,-9.396926207859E-1,0.E0));
#1839=VECTOR('',#1838,5.E-1);
#1840=CARTESIAN_POINT('',(1.198735818647E0,-5.207228269695E0,-5.675E1));
#1841=LINE('',#1840,#1839);
#1842=CARTESIAN_POINT('',(5.644997681881E0,7.008775800522E0,-5.675E1));
#1843=DIRECTION('',(0.E0,0.E0,1.E0));
#1844=DIRECTION('',(-5.E-1,-8.660254037844E-1,0.E0));
#1845=AXIS2_PLACEMENT_3D('',#1842,#1843,#1844);
#1847=DIRECTION('',(-5.E-1,-8.660254037844E-1,0.E0));
#1848=VECTOR('',#1847,2.5E-1);
#1849=CARTESIAN_POINT('',(-7.300023181190E-1,-4.033048097730E0,-5.675E1));
#1850=LINE('',#1849,#1848);
#1851=DIRECTION('',(1.E0,0.E0,0.E0));
#1852=VECTOR('',#1851,1.E0);
#1853=CARTESIAN_POINT('',(-1.730002318119E0,-4.033048097730E0,-5.675E1));
#1854=LINE('',#1853,#1852);
#1855=DIRECTION('',(-5.E-1,8.660254037844E-1,0.E0));
#1856=VECTOR('',#1855,1.E0);
#1857=CARTESIAN_POINT('',(-1.230002318119E0,-4.899073501514E0,-5.675E1));
#1858=LINE('',#1857,#1856);
#1859=DIRECTION('',(-5.E-1,-8.660254037844E-1,0.E0));
#1860=VECTOR('',#1859,2.5E-1);
#1861=CARTESIAN_POINT('',(-1.105002318119E0,-4.682567150568E0,-5.675E1));
#1862=LINE('',#1861,#1860);
#1863=DIRECTION('',(0.E0,1.776356839400E-14,1.E0));
#1864=VECTOR('',#1863,1.E-1);
#1865=CARTESIAN_POINT('',(1.027725746984E0,-5.677074580088E0,-5.685E1));
#1866=LINE('',#1865,#1864);
#1867=DIRECTION('',(0.E0,0.E0,1.E0));
#1868=VECTOR('',#1867,1.E-1);
#1869=CARTESIAN_POINT('',(-1.105002318119E0,-4.682567150568E0,-5.685E1));
#1870=LINE('',#1869,#1868);
#1871=DIRECTION('',(0.E0,0.E0,1.E0));
#1872=VECTOR('',#1871,1.E-1);
#1873=CARTESIAN_POINT('',(-1.230002318119E0,-4.899073501514E0,-5.685E1));
#1874=LINE('',#1873,#1872);
#1875=DIRECTION('',(0.E0,0.E0,1.E0));
#1876=VECTOR('',#1875,1.E-1);
#1877=CARTESIAN_POINT('',(-1.730002318119E0,-4.033048097730E0,-5.685E1));
#1878=LINE('',#1877,#1876);
#1879=DIRECTION('',(0.E0,0.E0,1.E0));
#1880=VECTOR('',#1879,1.E-1);
#1881=CARTESIAN_POINT('',(-7.300023181190E-1,-4.033048097730E0,-5.685E1));
#1882=LINE('',#1881,#1880);
#1883=DIRECTION('',(0.E0,0.E0,1.E0));
#1884=VECTOR('',#1883,1.E-1);
#1885=CARTESIAN_POINT('',(-8.550023181190E-1,-4.249554448676E0,-5.685E1));
#1886=LINE('',#1885,#1884);
#1887=DIRECTION('',(0.E0,1.776356839400E-14,1.E0));
#1888=VECTOR('',#1887,1.E-1);
#1889=CARTESIAN_POINT('',(1.198735818647E0,-5.207228269695E0,-5.685E1));
#1890=LINE('',#1889,#1888);
#1891=CARTESIAN_POINT('',(-4.212838031797E-1,1.476902983837E1,-4.6E1));
#1892=DIRECTION('',(0.E0,0.E0,-1.E0));
#1893=DIRECTION('',(-5.145062414432E-1,8.574866340159E-1,0.E0));
#1894=AXIS2_PLACEMENT_3D('',#1891,#1892,#1893);
#1896=CARTESIAN_POINT('',(8.891279166942E0,1.476902983837E1,-4.6E1));
#1897=DIRECTION('',(0.E0,0.E0,1.E0));
#1898=DIRECTION('',(5.145062414432E-1,8.574866340159E-1,0.E0));
#1899=AXIS2_PLACEMENT_3D('',#1896,#1897,#1898);
#1901=CARTESIAN_POINT('',(8.891279166942E0,-7.514782373228E-1,-4.6E1));
#1902=DIRECTION('',(0.E0,0.E0,-1.E0));
#1903=DIRECTION('',(5.145062414432E-1,-8.574866340159E-1,0.E0));
#1904=AXIS2_PLACEMENT_3D('',#1901,#1902,#1903);
#1906=CARTESIAN_POINT('',(-4.212838031797E-1,-7.514782373228E-1,-4.6E1));
#1907=DIRECTION('',(0.E0,0.E0,1.E0));
#1908=DIRECTION('',(-5.145062414432E-1,-8.574866340160E-1,0.E0));
#1909=AXIS2_PLACEMENT_3D('',#1906,#1907,#1908);
#1911=CARTESIAN_POINT('',(-4.212838031797E-1,-7.514782373228E-1,-5.455E1));
#1912=DIRECTION('',(0.E0,0.E0,1.E0));
#1913=DIRECTION('',(-5.145062414432E-1,-8.574866340160E-1,0.E0));
#1914=AXIS2_PLACEMENT_3D('',#1911,#1912,#1913);
#1916=CARTESIAN_POINT('',(-4.212838031797E-1,1.476902983837E1,-5.455E1));
#1917=DIRECTION('',(0.E0,0.E0,1.E0));
#1918=DIRECTION('',(0.E0,1.E0,0.E0));
#1919=AXIS2_PLACEMENT_3D('',#1916,#1917,#1918);
#1921=DIRECTION('',(1.E0,0.E0,0.E0));
#1922=VECTOR('',#1921,9.312562970122E0);
#1923=CARTESIAN_POINT('',(-4.212838031797E-1,1.576902983837E1,-5.455E1));
#1924=LINE('',#1923,#1922);
#1925=CARTESIAN_POINT('',(8.891279166942E0,1.476902983837E1,-5.455E1));
#1926=DIRECTION('',(0.E0,0.E0,1.E0));
#1927=DIRECTION('',(5.145062414432E-1,8.574866340160E-1,0.E0));
#1928=AXIS2_PLACEMENT_3D('',#1925,#1926,#1927);
#1930=CARTESIAN_POINT('',(8.891279166942E0,-7.514782373228E-1,-5.455E1));
#1931=DIRECTION('',(0.E0,0.E0,1.E0));
#1932=DIRECTION('',(0.E0,-1.E0,0.E0));
#1933=AXIS2_PLACEMENT_3D('',#1930,#1931,#1932);
#1935=DIRECTION('',(-1.E0,0.E0,0.E0));
#1936=VECTOR('',#1935,9.312562970122E0);
#1937=CARTESIAN_POINT('',(8.891279166942E0,-1.751478237323E0,-5.455E1));
#1938=LINE('',#1937,#1936);
#1939=CARTESIAN_POINT('',(4.234997681881E0,7.008775800522E0,-5.455E1));
#1940=DIRECTION('',(0.E0,0.E0,-1.E0));
#1941=DIRECTION('',(0.E0,1.E0,0.E0));
#1942=AXIS2_PLACEMENT_3D('',#1939,#1940,#1941);
#1944=CARTESIAN_POINT('',(4.234997681881E0,7.008775800522E0,-5.455E1));
#1945=DIRECTION('',(0.E0,0.E0,-1.E0));
#1946=DIRECTION('',(-1.445096150132E-1,9.895033962391E-1,0.E0));
#1947=AXIS2_PLACEMENT_3D('',#1944,#1945,#1946);
#1949=CARTESIAN_POINT('',(4.234997681881E0,7.008775800522E0,-5.455E1));
#1950=DIRECTION('',(0.E0,0.E0,-1.E0));
#1951=DIRECTION('',(0.E0,-1.E0,0.E0));
#1952=AXIS2_PLACEMENT_3D('',#1949,#1950,#1951);
#1954=CARTESIAN_POINT('',(4.234997681881E0,7.008775800522E0,-5.455E1));
#1955=DIRECTION('',(0.E0,0.E0,-1.E0));
#1956=DIRECTION('',(1.445096150132E-1,-9.895033962391E-1,0.E0));
#1957=AXIS2_PLACEMENT_3D('',#1954,#1955,#1956);
#1959=CARTESIAN_POINT('',(4.234997681881E0,1.555877580052E1,-5.465E1));
#1960=DIRECTION('',(1.E0,0.E0,0.E0));
#1961=DIRECTION('',(0.E0,-1.382005621053E-11,1.E0));
#1962=AXIS2_PLACEMENT_3D('',#1959,#1960,#1961);
#1964=CARTESIAN_POINT('',(4.234997681881E0,-1.541224199478E0,-5.465E1));
#1965=DIRECTION('',(-1.E0,0.E0,0.E0));
#1966=DIRECTION('',(0.E0,1.382005621053E-11,1.E0));
#1967=AXIS2_PLACEMENT_3D('',#1964,#1965,#1966);
#1969=CARTESIAN_POINT('',(4.234997681881E0,7.008775800522E0,-7.35E1));
#1970=DIRECTION('',(0.E0,0.E0,1.E0));
#1971=DIRECTION('',(0.E0,1.E0,0.E0));
#1972=AXIS2_PLACEMENT_3D('',#1969,#1970,#1971);
#1974=CARTESIAN_POINT('',(4.234997681881E0,7.008775800522E0,-7.35E1));
#1975=DIRECTION('',(0.E0,0.E0,-1.E0));
#1976=DIRECTION('',(0.E0,1.E0,0.E0));
#1977=AXIS2_PLACEMENT_3D('',#1974,#1975,#1976);
#1979=CARTESIAN_POINT('',(4.234997681881E0,7.008775800522E0,-7.604058515600E1));
#1980=DIRECTION('',(0.E0,0.E0,1.E0));
#1981=DIRECTION('',(0.E0,-1.E0,0.E0));
#1982=AXIS2_PLACEMENT_3D('',#1979,#1980,#1981);
#1984=CARTESIAN_POINT('',(4.234997681881E0,7.008775800522E0,-7.62E1));
#1985=DIRECTION('',(0.E0,0.E0,-1.E0));
#1986=DIRECTION('',(0.E0,1.E0,0.E0));
#1987=AXIS2_PLACEMENT_3D('',#1984,#1985,#1986);
#1989=CARTESIAN_POINT('',(4.234997681881E0,7.008775800522E0,-7.565941484400E1));
#1990=DIRECTION('',(0.E0,0.E0,1.E0));
#1991=DIRECTION('',(0.E0,-1.E0,0.E0));
#1992=AXIS2_PLACEMENT_3D('',#1989,#1990,#1991);
#1994=CARTESIAN_POINT('',(4.234997681881E0,7.008775800522E0,-7.46E1));
#1995=DIRECTION('',(0.E0,0.E0,-1.E0));
#1996=DIRECTION('',(0.E0,1.E0,0.E0));
#1997=AXIS2_PLACEMENT_3D('',#1994,#1995,#1996);
#1999=CARTESIAN_POINT('',(4.234997681881E0,7.008775800522E0,-7.424058515600E1));
#2000=DIRECTION('',(0.E0,0.E0,1.E0));
#2001=DIRECTION('',(0.E0,-1.E0,0.E0));
#2002=AXIS2_PLACEMENT_3D('',#1999,#2000,#2001);
#2004=CARTESIAN_POINT('',(4.234997681881E0,7.008775800522E0,-7.44E1));
#2005=DIRECTION('',(0.E0,0.E0,-1.E0));
#2006=DIRECTION('',(0.E0,1.E0,0.E0));
#2007=AXIS2_PLACEMENT_3D('',#2004,#2005,#2006);
#2009=CARTESIAN_POINT('',(4.234997681881E0,7.008775800522E0,-7.385941484400E1));
#2010=DIRECTION('',(0.E0,0.E0,1.E0));
#2011=DIRECTION('',(0.E0,-1.E0,0.E0));
#2012=AXIS2_PLACEMENT_3D('',#2009,#2010,#2011);
#2014=CARTESIAN_POINT('',(4.234997681881E0,7.008775800522E0,-7.37E1));
#2015=DIRECTION('',(0.E0,0.E0,-1.E0));
#2016=DIRECTION('',(0.E0,1.E0,0.E0));
#2017=AXIS2_PLACEMENT_3D('',#2014,#2015,#2016);
#2019=DIRECTION('',(0.E0,0.E0,1.E0));
#2020=VECTOR('',#2019,3.E-1);
#2021=CARTESIAN_POINT('',(4.234997681881E0,1.670877580052E1,-7.65E1));
#2022=LINE('',#2021,#2020);
#2023=DIRECTION('',(0.E0,0.E0,1.E0));
#2024=VECTOR('',#2023,3.E-1);
#2025=CARTESIAN_POINT('',(4.234997681881E0,-2.691224199478E0,-7.65E1));
#2026=LINE('',#2025,#2024);
#2027=CARTESIAN_POINT('',(4.234997681881E0,7.008775800522E0,-7.604058515600E1));
#2028=DIRECTION('',(0.E0,0.E0,1.E0));
#2029=DIRECTION('',(0.E0,1.E0,0.E0));
#2030=AXIS2_PLACEMENT_3D('',#2027,#2028,#2029);
#2032=DIRECTION('',(-1.250079443212E-13,-9.529257800133E-1,3.032036572769E-1));
#2033=VECTOR('',#2032,5.257682094900E-1);
#2034=CARTESIAN_POINT('',(4.234997681881E0,-2.691224199478E0,-7.62E1));
#2035=LINE('',#2034,#2033);
#2036=CARTESIAN_POINT('',(4.234997681881E0,7.008775800522E0,-7.62E1));
#2037=DIRECTION('',(0.E0,0.E0,1.E0));
#2038=DIRECTION('',(0.E0,1.E0,0.E0));
#2039=AXIS2_PLACEMENT_3D('',#2036,#2037,#2038);
#2041=DIRECTION('',(1.233186477764E-13,9.529257800133E-1,3.032036572769E-1));
#2042=VECTOR('',#2041,5.257682094900E-1);
#2043=CARTESIAN_POINT('',(4.234997681881E0,1.670877580052E1,-7.62E1));
#2044=LINE('',#2043,#2042);
#2045=CARTESIAN_POINT('',(4.234997681881E0,7.008775800522E0,-7.565941484400E1));
#2046=DIRECTION('',(0.E0,0.E0,1.E0));
#2047=DIRECTION('',(0.E0,1.E0,0.E0));
#2048=AXIS2_PLACEMENT_3D('',#2045,#2046,#2047);
#2050=DIRECTION('',(0.E0,-9.529257800133E-1,3.032036572769E-1));
#2051=VECTOR('',#2050,5.257682094900E-1);
#2052=CARTESIAN_POINT('',(4.234997681881E0,1.720979388166E1,-7.565941484400E1));
#2053=LINE('',#2052,#2051);
#2054=DIRECTION('',(0.E0,9.529257800133E-1,3.032036572769E-1));
#2055=VECTOR('',#2054,5.257682094900E-1);
#2056=CARTESIAN_POINT('',(4.234997681881E0,-3.192242280613E0,
-7.565941484400E1));
#2057=LINE('',#2056,#2055);
#2058=DIRECTION('',(0.E0,0.E0,1.E0));
#2059=VECTOR('',#2058,2.E-1);
#2060=CARTESIAN_POINT('',(4.234997681881E0,1.670877580052E1,-7.46E1));
#2061=LINE('',#2060,#2059);
#2062=DIRECTION('',(0.E0,0.E0,1.E0));
#2063=VECTOR('',#2062,2.E-1);
#2064=CARTESIAN_POINT('',(4.234997681881E0,-2.691224199478E0,-7.46E1));
#2065=LINE('',#2064,#2063);
#2066=CARTESIAN_POINT('',(4.234997681881E0,7.008775800522E0,-7.46E1));
#2067=DIRECTION('',(0.E0,0.E0,1.E0));
#2068=DIRECTION('',(0.E0,1.E0,0.E0));
#2069=AXIS2_PLACEMENT_3D('',#2066,#2067,#2068);
#2071=CARTESIAN_POINT('',(4.234997681881E0,7.008775800522E0,-7.424058515600E1));
#2072=DIRECTION('',(0.E0,0.E0,1.E0));
#2073=DIRECTION('',(0.E0,1.E0,0.E0));
#2074=AXIS2_PLACEMENT_3D('',#2071,#2072,#2073);
#2076=DIRECTION('',(-1.266972408661E-13,-9.529257800133E-1,3.032036572769E-1));
#2077=VECTOR('',#2076,5.257682094900E-1);
#2078=CARTESIAN_POINT('',(4.234997681881E0,-2.691224199478E0,-7.44E1));
#2079=LINE('',#2078,#2077);
#2080=CARTESIAN_POINT('',(4.234997681881E0,7.008775800522E0,-7.44E1));
#2081=DIRECTION('',(0.E0,0.E0,1.E0));
#2082=DIRECTION('',(0.E0,1.E0,0.E0));
#2083=AXIS2_PLACEMENT_3D('',#2080,#2081,#2082);
#2085=DIRECTION('',(1.233186477764E-13,9.529257800133E-1,3.032036572769E-1));
#2086=VECTOR('',#2085,5.257682094900E-1);
#2087=CARTESIAN_POINT('',(4.234997681881E0,1.670877580052E1,-7.44E1));
#2088=LINE('',#2087,#2086);
#2089=CARTESIAN_POINT('',(4.234997681881E0,7.008775800522E0,-7.385941484400E1));
#2090=DIRECTION('',(0.E0,0.E0,1.E0));
#2091=DIRECTION('',(0.E0,1.E0,0.E0));
#2092=AXIS2_PLACEMENT_3D('',#2089,#2090,#2091);
#2094=DIRECTION('',(0.E0,-9.529257800133E-1,3.032036572770E-1));
#2095=VECTOR('',#2094,5.257682094901E-1);
#2096=CARTESIAN_POINT('',(4.234997681881E0,1.720979388166E1,-7.385941484400E1));
#2097=LINE('',#2096,#2095);
#2098=DIRECTION('',(-1.182507581417E-14,9.529257800133E-1,3.032036572770E-1));
#2099=VECTOR('',#2098,5.257682094901E-1);
#2100=CARTESIAN_POINT('',(4.234997681881E0,-3.192242280613E0,
-7.385941484400E1));
#2101=LINE('',#2100,#2099);
#2102=DIRECTION('',(0.E0,0.E0,1.E0));
#2103=VECTOR('',#2102,2.E-1);
#2104=CARTESIAN_POINT('',(4.234997681881E0,1.670877580052E1,-7.37E1));
#2105=LINE('',#2104,#2103);
#2106=DIRECTION('',(0.E0,0.E0,1.E0));
#2107=VECTOR('',#2106,2.E-1);
#2108=CARTESIAN_POINT('',(4.234997681881E0,-2.691224199478E0,-7.37E1));
#2109=LINE('',#2108,#2107);
#2110=CARTESIAN_POINT('',(4.234997681881E0,7.008775800522E0,-7.37E1));
#2111=DIRECTION('',(0.E0,0.E0,1.E0));
#2112=DIRECTION('',(0.E0,1.E0,0.E0));
#2113=AXIS2_PLACEMENT_3D('',#2110,#2111,#2112);
#2115=CARTESIAN_POINT('',(4.234997681881E0,7.008775800522E0,-7.55E1));
#2116=DIRECTION('',(0.E0,0.E0,-1.E0));
#2117=DIRECTION('',(0.E0,1.E0,0.E0));
#2118=AXIS2_PLACEMENT_3D('',#2115,#2116,#2117);
#2120=CARTESIAN_POINT('',(4.234997681881E0,7.008775800522E0,-7.514058515600E1));
#2121=DIRECTION('',(0.E0,0.E0,1.E0));
#2122=DIRECTION('',(0.E0,-1.E0,0.E0));
#2123=AXIS2_PLACEMENT_3D('',#2120,#2121,#2122);
#2125=CARTESIAN_POINT('',(4.234997681881E0,7.008775800522E0,-7.53E1));
#2126=DIRECTION('',(0.E0,0.E0,-1.E0));
#2127=DIRECTION('',(0.E0,1.E0,0.E0));
#2128=AXIS2_PLACEMENT_3D('',#2125,#2126,#2127);
#2130=CARTESIAN_POINT('',(4.234997681881E0,7.008775800522E0,-7.475941484400E1));
#2131=DIRECTION('',(0.E0,0.E0,1.E0));
#2132=DIRECTION('',(0.E0,-1.E0,0.E0));
#2133=AXIS2_PLACEMENT_3D('',#2130,#2131,#2132);
#2135=DIRECTION('',(0.E0,0.E0,1.E0));
#2136=VECTOR('',#2135,2.E-1);
#2137=CARTESIAN_POINT('',(4.234997681881E0,1.670877580052E1,-7.55E1));
#2138=LINE('',#2137,#2136);
#2139=DIRECTION('',(0.E0,0.E0,1.E0));
#2140=VECTOR('',#2139,2.E-1);
#2141=CARTESIAN_POINT('',(4.234997681881E0,-2.691224199478E0,-7.55E1));
#2142=LINE('',#2141,#2140);
#2143=CARTESIAN_POINT('',(4.234997681881E0,7.008775800522E0,-7.55E1));
#2144=DIRECTION('',(0.E0,0.E0,1.E0));
#2145=DIRECTION('',(0.E0,1.E0,0.E0));
#2146=AXIS2_PLACEMENT_3D('',#2143,#2144,#2145);
#2148=CARTESIAN_POINT('',(4.234997681881E0,7.008775800522E0,-7.514058515600E1));
#2149=DIRECTION('',(0.E0,0.E0,1.E0));
#2150=DIRECTION('',(0.E0,1.E0,0.E0));
#2151=AXIS2_PLACEMENT_3D('',#2148,#2149,#2150);
#2153=DIRECTION('',(-1.250079443212E-13,-9.529257800133E-1,3.032036572770E-1));
#2154=VECTOR('',#2153,5.257682094901E-1);
#2155=CARTESIAN_POINT('',(4.234997681881E0,-2.691224199478E0,-7.53E1));
#2156=LINE('',#2155,#2154);
#2157=CARTESIAN_POINT('',(4.234997681881E0,7.008775800522E0,-7.53E1));
#2158=DIRECTION('',(0.E0,0.E0,1.E0));
#2159=DIRECTION('',(0.E0,1.E0,0.E0));
#2160=AXIS2_PLACEMENT_3D('',#2157,#2158,#2159);
#2162=DIRECTION('',(1.233186477764E-13,9.529257800133E-1,3.032036572770E-1));
#2163=VECTOR('',#2162,5.257682094901E-1);
#2164=CARTESIAN_POINT('',(4.234997681881E0,1.670877580052E1,-7.53E1));
#2165=LINE('',#2164,#2163);
#2166=CARTESIAN_POINT('',(4.234997681881E0,7.008775800522E0,-7.475941484400E1));
#2167=DIRECTION('',(0.E0,0.E0,1.E0));
#2168=DIRECTION('',(0.E0,1.E0,0.E0));
#2169=AXIS2_PLACEMENT_3D('',#2166,#2167,#2168);
#2171=DIRECTION('',(0.E0,-9.529257800133E-1,3.032036572769E-1));
#2172=VECTOR('',#2171,5.257682094900E-1);
#2173=CARTESIAN_POINT('',(4.234997681881E0,1.720979388166E1,-7.475941484400E1));
#2174=LINE('',#2173,#2172);
#2175=DIRECTION('',(0.E0,9.529257800133E-1,3.032036572769E-1));
#2176=VECTOR('',#2175,5.257682094900E-1);
#2177=CARTESIAN_POINT('',(4.234997681881E0,-3.192242280613E0,
-7.475941484400E1));
#2178=LINE('',#2177,#2176);
#2179=CARTESIAN_POINT('',(4.234997681881E0,-3.131601549158E0,-7.405E1));
#2180=DIRECTION('',(1.E0,-1.375982661145E-14,0.E0));
#2181=DIRECTION('',(0.E0,-3.032036572766E-1,9.529257800134E-1));
#2182=AXIS2_PLACEMENT_3D('',#2179,#2180,#2181);
#2184=CARTESIAN_POINT('',(4.234997681881E0,1.714915315020E1,-7.405E1));
#2185=DIRECTION('',(-1.E0,1.344584166230E-14,0.E0));
#2186=DIRECTION('',(0.E0,3.032036572766E-1,9.529257800134E-1));
#2187=AXIS2_PLACEMENT_3D('',#2184,#2185,#2186);
#2189=CARTESIAN_POINT('',(4.234997681881E0,-3.131601549158E0,-7.495E1));
#2190=DIRECTION('',(1.E0,-1.376069397319E-14,0.E0));
#2191=DIRECTION('',(0.E0,-3.032036572765E-1,9.529257800134E-1));
#2192=AXIS2_PLACEMENT_3D('',#2189,#2190,#2191);
#2194=CARTESIAN_POINT('',(4.234997681881E0,1.714915315020E1,-7.495E1));
#2195=DIRECTION('',(-1.E0,1.388993087215E-14,0.E0));
#2196=DIRECTION('',(0.E0,3.032036572765E-1,9.529257800134E-1));
#2197=AXIS2_PLACEMENT_3D('',#2194,#2195,#2196);
#2199=CARTESIAN_POINT('',(4.234997681881E0,-3.131601549158E0,-7.585E1));
#2200=DIRECTION('',(1.E0,-1.376069397319E-14,0.E0));
#2201=DIRECTION('',(0.E0,-3.032036572766E-1,9.529257800134E-1));
#2202=AXIS2_PLACEMENT_3D('',#2199,#2200,#2201);
#2204=CARTESIAN_POINT('',(4.234997681881E0,1.714915315020E1,-7.585E1));
#2205=DIRECTION('',(-1.E0,1.388993087215E-14,0.E0));
#2206=DIRECTION('',(0.E0,3.032036572766E-1,9.529257800134E-1));
#2207=AXIS2_PLACEMENT_3D('',#2204,#2205,#2206);
#2209=CARTESIAN_POINT('',(4.234997681881E0,7.008775800522E0,-4.6E1));
#2210=DIRECTION('',(0.E0,0.E0,-1.E0));
#2211=DIRECTION('',(5.249398328332E-1,8.511393375383E-1,0.E0));
#2212=AXIS2_PLACEMENT_3D('',#2209,#2210,#2211);
#2214=DIRECTION('',(-1.373242969770E-10,8.469477946649E-11,1.E0));
#2215=VECTOR('',#2214,8.35E0);
#2216=CARTESIAN_POINT('',(9.484396011360E0,1.552016917520E1,-5.435E1));
#2217=LINE('',#2216,#2215);
#2218=DIRECTION('',(1.373236587650E-10,8.469430080746E-11,-1.E0));
#2219=VECTOR('',#2218,8.35E0);
#2220=CARTESIAN_POINT('',(9.484396010213E0,-1.502617574861E0,-4.6E1));
#2221=LINE('',#2220,#2219);
#2222=DIRECTION('',(0.E0,0.E0,1.E0));
#2223=VECTOR('',#2222,7.85E0);
#2224=CARTESIAN_POINT('',(1.029343350184E1,-9.470620193055E-1,-3.935E1));
#2225=LINE('',#2224,#2223);
#2226=CARTESIAN_POINT('',(4.234997681881E0,7.008775800522E0,-3.935E1));
#2227=DIRECTION('',(0.E0,0.E0,-1.E0));
#2228=DIRECTION('',(6.058435819963E-1,7.955837819827E-1,0.E0));
#2229=AXIS2_PLACEMENT_3D('',#2226,#2227,#2228);
#2231=CARTESIAN_POINT('',(9.734997681881E0,1.295520329945E1,-5.3E1));
#2232=DIRECTION('',(0.E0,0.E0,1.E0));
#2233=DIRECTION('',(6.790123456790E-1,7.341268517194E-1,0.E0));
#2234=AXIS2_PLACEMENT_3D('',#2231,#2232,#2233);
#2236=CARTESIAN_POINT('',(4.234997681881E0,7.008775800522E0,-5.3E1));
#2237=DIRECTION('',(0.E0,0.E0,-1.E0));
#2238=DIRECTION('',(6.790123456790E-1,7.341268517194E-1,0.E0));
#2239=AXIS2_PLACEMENT_3D('',#2236,#2237,#2238);
#2241=CARTESIAN_POINT('',(9.734997681881E0,1.062348301594E0,-5.3E1));
#2242=DIRECTION('',(0.E0,0.E0,1.E0));
#2243=DIRECTION('',(-9.430806409161E-1,-3.325641362643E-1,0.E0));
#2244=AXIS2_PLACEMENT_3D('',#2241,#2242,#2243);
#2246=CARTESIAN_POINT('',(4.234997681881E0,7.008775800522E0,-7.05E1));
#2247=DIRECTION('',(0.E0,0.E0,1.E0));
#2248=DIRECTION('',(0.E0,-1.E0,0.E0));
#2249=AXIS2_PLACEMENT_3D('',#2246,#2247,#2248);
#2251=CARTESIAN_POINT('',(4.234997681881E0,7.008775800522E0,-7.335E1));
#2252=DIRECTION('',(0.E0,0.E0,1.E0));
#2253=DIRECTION('',(0.E0,-1.E0,0.E0));
#2254=AXIS2_PLACEMENT_3D('',#2251,#2252,#2253);
#2256=CARTESIAN_POINT('',(4.234997681881E0,7.008775800522E0,-6.86E1));
#2257=DIRECTION('',(0.E0,0.E0,1.E0));
#2258=DIRECTION('',(0.E0,-1.E0,0.E0));
#2259=AXIS2_PLACEMENT_3D('',#2256,#2257,#2258);
#2261=CARTESIAN_POINT('',(4.234997681881E0,7.008775800522E0,-6.915E1));
#2262=DIRECTION('',(0.E0,0.E0,-1.E0));
#2263=DIRECTION('',(0.E0,1.E0,0.E0));
#2264=AXIS2_PLACEMENT_3D('',#2261,#2262,#2263);
#2266=CARTESIAN_POINT('',(4.234997681881E0,7.008775800522E0,-7.05E1));
#2267=DIRECTION('',(0.E0,0.E0,1.E0));
#2268=DIRECTION('',(0.E0,1.E0,0.E0));
#2269=AXIS2_PLACEMENT_3D('',#2266,#2267,#2268);
#2271=DIRECTION('',(0.E0,0.E0,-1.E0));
#2272=VECTOR('',#2271,2.85E0);
#2273=CARTESIAN_POINT('',(4.234997681881E0,-2.841224199478E0,-7.05E1));
#2274=LINE('',#2273,#2272);
#2275=CARTESIAN_POINT('',(4.234997681881E0,7.008775800522E0,-7.335E1));
#2276=DIRECTION('',(0.E0,0.E0,1.E0));
#2277=DIRECTION('',(0.E0,1.E0,0.E0));
#2278=AXIS2_PLACEMENT_3D('',#2275,#2276,#2277);
#2280=DIRECTION('',(0.E0,0.E0,-1.E0));
#2281=VECTOR('',#2280,2.85E0);
#2282=CARTESIAN_POINT('',(4.234997681881E0,1.685877580052E1,-7.05E1));
#2283=LINE('',#2282,#2281);
#2284=CARTESIAN_POINT('',(4.234997681881E0,7.008775800522E0,-6.86E1));
#2285=DIRECTION('',(0.E0,0.E0,1.E0));
#2286=DIRECTION('',(0.E0,1.E0,0.E0));
#2287=AXIS2_PLACEMENT_3D('',#2284,#2285,#2286);
#2289=DIRECTION('',(0.E0,0.E0,-1.E0));
#2290=VECTOR('',#2289,5.5E-1);
#2291=CARTESIAN_POINT('',(4.234997681881E0,-2.841224199478E0,-6.86E1));
#2292=LINE('',#2291,#2290);
#2293=CARTESIAN_POINT('',(4.234997681881E0,7.008775800522E0,-6.915E1));
#2294=DIRECTION('',(0.E0,0.E0,-1.E0));
#2295=DIRECTION('',(0.E0,-1.E0,0.E0));
#2296=AXIS2_PLACEMENT_3D('',#2293,#2294,#2295);
#2298=DIRECTION('',(0.E0,0.E0,-1.E0));
#2299=VECTOR('',#2298,5.5E-1);
#2300=CARTESIAN_POINT('',(4.234997681881E0,1.685877580052E1,-6.86E1));
#2301=LINE('',#2300,#2299);
#2302=DIRECTION('',(0.E0,0.E0,-1.E0));
#2303=VECTOR('',#2302,1.48E1);
#2304=CARTESIAN_POINT('',(9.913906027681E0,1.700877580052E1,-3.955E1));
#2305=LINE('',#2304,#2303);
#2306=CARTESIAN_POINT('',(4.234997681881E0,7.008775800522E0,-5.435E1));
#2307=DIRECTION('',(0.E0,0.E0,-1.E0));
#2308=DIRECTION('',(4.938181170261E-1,8.695652173913E-1,0.E0));
#2309=AXIS2_PLACEMENT_3D('',#2306,#2307,#2308);
#2311=DIRECTION('',(0.E0,0.E0,1.E0));
#2312=VECTOR('',#2311,1.48E1);
#2313=CARTESIAN_POINT('',(9.913906027681E0,-2.991224199478E0,-5.435E1));
#2314=LINE('',#2313,#2312);
#2315=DIRECTION('',(0.E0,-1.E0,0.E0));
#2316=VECTOR('',#2315,3.117136641351E-1);
#2317=CARTESIAN_POINT('',(9.334997681881E0,1.295520329945E1,-4.6E1));
#2318=LINE('',#2317,#2316);
#2319=DIRECTION('',(0.E0,0.E0,-1.E0));
#2320=VECTOR('',#2319,6.982780550589E0);
#2321=CARTESIAN_POINT('',(9.334997681881E0,1.295520329945E1,-4.6E1));
#2322=LINE('',#2321,#2320);
#2323=CARTESIAN_POINT('',(9.334997681881E0,1.295520329945E1,-5.298278055059E1));
#2324=CARTESIAN_POINT('',(9.334997681881E0,1.293102982812E1,-5.297721514439E1));
#2325=CARTESIAN_POINT('',(9.334997681881E0,1.288485692539E1,-5.296375587088E1));
#2326=CARTESIAN_POINT('',(9.334997681881E0,1.282153735988E1,-5.293738022832E1));
#2327=CARTESIAN_POINT('',(9.334997681881E0,1.276509335050E1,-5.290591341420E1));
#2328=CARTESIAN_POINT('',(9.334997681881E0,1.271625763273E1,-5.287067261122E1));
#2329=CARTESIAN_POINT('',(9.334997681881E0,1.267511456199E1,-5.283264032102E1));
#2330=CARTESIAN_POINT('',(9.334997681881E0,1.265324696388E1,-5.280672416475E1));
#2331=CARTESIAN_POINT('',(9.334997681881E0,1.264348963531E1,-5.279364916731E1));
#2333=DIRECTION('',(0.E0,1.E0,0.E0));
#2334=VECTOR('',#2333,3.117136641351E-1);
#2335=CARTESIAN_POINT('',(-8.650023181189E-1,1.062348301594E0,-4.6E1));
#2336=LINE('',#2335,#2334);
#2337=DIRECTION('',(0.E0,0.E0,-1.E0));
#2338=VECTOR('',#2337,6.982780550589E0);
#2339=CARTESIAN_POINT('',(-8.650023181189E-1,1.062348301594E0,-4.6E1));
#2340=LINE('',#2339,#2338);
#2341=CARTESIAN_POINT('',(-8.650023181189E-1,1.062348301594E0,
-5.298278055059E1));
#2342=CARTESIAN_POINT('',(-8.650023181189E-1,1.086521772923E0,
-5.297721514439E1));
#2343=CARTESIAN_POINT('',(-8.650023181189E-1,1.132694675657E0,
-5.296375587088E1));
#2344=CARTESIAN_POINT('',(-8.650023181189E-1,1.196014241166E0,
-5.293738022832E1));
#2345=CARTESIAN_POINT('',(-8.650023181189E-1,1.252458250541E0,
-5.290591341420E1));
#2346=CARTESIAN_POINT('',(-8.650023181189E-1,1.301293968313E0,
-5.287067261122E1));
#2347=CARTESIAN_POINT('',(-8.650023181189E-1,1.342437039051E0,
-5.283264032102E1));
#2348=CARTESIAN_POINT('',(-8.650023181189E-1,1.364304637165E0,
-5.280672416475E1));
#2349=CARTESIAN_POINT('',(-8.650023181189E-1,1.374061965729E0,
-5.279364916731E1));
#2351=CARTESIAN_POINT('',(4.234997681881E0,7.008775800522E0,-4.6E1));
#2352=DIRECTION('',(0.E0,0.E0,1.E0));
#2353=DIRECTION('',(6.790123456790E-1,-7.341268517194E-1,0.E0));
#2354=AXIS2_PLACEMENT_3D('',#2351,#2352,#2353);
#2356=DIRECTION('',(0.E0,0.E0,1.E0));
#2357=VECTOR('',#2356,7.E0);
#2358=CARTESIAN_POINT('',(1.000660262015E1,7.686975609064E-1,-5.3E1));
#2359=LINE('',#2358,#2357);
#2360=DIRECTION('',(0.E0,0.E0,-1.E0));
#2361=VECTOR('',#2360,7.E0);
#2362=CARTESIAN_POINT('',(1.000660262015E1,1.324885404014E1,-4.6E1));
#2363=LINE('',#2362,#2361);
#2364=CARTESIAN_POINT('',(4.234997681881E0,7.008775800522E0,-4.6E1));
#2365=DIRECTION('',(0.E0,0.E0,1.E0));
#2366=DIRECTION('',(-6.790123456790E-1,7.341268517194E-1,0.E0));
#2367=AXIS2_PLACEMENT_3D('',#2364,#2365,#2366);
#2369=DIRECTION('',(0.E0,0.E0,1.E0));
#2370=VECTOR('',#2369,7.E0);
#2371=CARTESIAN_POINT('',(-1.536607256391E0,1.324885404014E1,-5.3E1));
#2372=LINE('',#2371,#2370);
#2373=DIRECTION('',(0.E0,0.E0,-1.E0));
#2374=VECTOR('',#2373,7.E0);
#2375=CARTESIAN_POINT('',(-1.536607256391E0,7.686975609064E-1,-4.6E1));
#2376=LINE('',#2375,#2374);
#2377=CARTESIAN_POINT('',(9.734997681881E0,1.295520329945E1,-4.6E1));
#2378=DIRECTION('',(0.E0,0.E0,-1.E0));
#2379=DIRECTION('',(-1.E0,0.E0,0.E0));
#2380=AXIS2_PLACEMENT_3D('',#2377,#2378,#2379);
#2382=CARTESIAN_POINT('',(9.357765425515E0,1.308822895395E1,-5.3E1));
#2383=CARTESIAN_POINT('',(9.353154778335E0,1.307515414635E1,-5.3E1));
#2384=CARTESIAN_POINT('',(9.345021150256E0,1.304776477161E1,-5.299873611151E1));
#2385=CARTESIAN_POINT('',(9.336968034833E0,1.300308184019E1,-5.299290054895E1));
#2386=CARTESIAN_POINT('',(9.334997681881E0,1.297143172292E1,-5.298651678554E1));
#2387=CARTESIAN_POINT('',(9.334997681881E0,1.295520329945E1,-5.298278055059E1));
#2389=CARTESIAN_POINT('',(9.734997681881E0,1.062348301594E0,-4.6E1));
#2390=DIRECTION('',(0.E0,0.E0,1.E0));
#2391=DIRECTION('',(-1.E0,0.E0,0.E0));
#2392=AXIS2_PLACEMENT_3D('',#2389,#2390,#2391);
#2394=CARTESIAN_POINT('',(9.334997681881E0,1.062348301594E0,-5.298278055059E1));
#2395=CARTESIAN_POINT('',(9.334997681881E0,1.046120008978E0,-5.298651675542E1));
#2396=CARTESIAN_POINT('',(9.336968016554E0,1.014470073565E0,-5.299290048366E1));
#2397=CARTESIAN_POINT('',(9.345020967884E0,9.697876023240E-1,
-5.299873604004E1));
#2398=CARTESIAN_POINT('',(9.353154664585E0,9.423977772621E-1,-5.3E1));
#2399=CARTESIAN_POINT('',(9.357765425515E0,9.293226470884E-1,-5.3E1));
#2401=CARTESIAN_POINT('',(-1.265002318119E0,1.062348301594E0,-4.6E1));
#2402=DIRECTION('',(0.E0,0.E0,-1.E0));
#2403=DIRECTION('',(1.E0,0.E0,0.E0));
#2404=AXIS2_PLACEMENT_3D('',#2401,#2402,#2403);
#2406=CARTESIAN_POINT('',(-8.877700617525E-1,9.293226470884E-1,-5.3E1));
#2407=CARTESIAN_POINT('',(-8.831594145730E-1,9.423974546906E-1,-5.3E1));
#2408=CARTESIAN_POINT('',(-8.750257864936E-1,9.697868294376E-1,
-5.299873611151E1));
#2409=CARTESIAN_POINT('',(-8.669726710708E-1,1.014469760852E0,
-5.299290054895E1));
#2410=CARTESIAN_POINT('',(-8.650023181189E-1,1.046119878126E0,
-5.298651678554E1));
#2411=CARTESIAN_POINT('',(-8.650023181189E-1,1.062348301594E0,
-5.298278055059E1));
#2413=CARTESIAN_POINT('',(-1.265002318119E0,1.295520329945E1,-4.6E1));
#2414=DIRECTION('',(0.E0,0.E0,1.E0));
#2415=DIRECTION('',(1.E0,0.E0,0.E0));
#2416=AXIS2_PLACEMENT_3D('',#2413,#2414,#2415);
#2418=CARTESIAN_POINT('',(-8.650023181189E-1,1.295520329945E1,
-5.298278055059E1));
#2419=CARTESIAN_POINT('',(-8.650023181189E-1,1.297143159206E1,
-5.298651675542E1));
#2420=CARTESIAN_POINT('',(-8.669726527919E-1,1.300308152748E1,
-5.299290048366E1));
#2421=CARTESIAN_POINT('',(-8.750256041221E-1,1.304776399872E1,
-5.299873604004E1));
#2422=CARTESIAN_POINT('',(-8.831593008227E-1,1.307515382378E1,-5.3E1));
#2423=CARTESIAN_POINT('',(-8.877700617525E-1,1.308822895395E1,-5.3E1));
#2425=DIRECTION('',(1.E0,0.E0,0.E0));
#2426=VECTOR('',#2425,1.125166654323E1);
#2427=CARTESIAN_POINT('',(-1.390835589733E0,-2.791224199478E0,-3.935E1));
#2428=LINE('',#2427,#2426);
#2429=DIRECTION('',(-1.E0,0.E0,0.E0));
#2430=VECTOR('',#2429,1.125166654323E1);
#2431=CARTESIAN_POINT('',(9.860830953495E0,1.680877580052E1,-3.935E1));
#2432=LINE('',#2431,#2430);
#2433=DIRECTION('',(0.E0,-1.E0,0.E0));
#2434=VECTOR('',#2433,3.117136641351E-1);
#2435=CARTESIAN_POINT('',(9.334997681881E0,1.374061965729E0,-4.6E1));
#2436=LINE('',#2435,#2434);
#2437=CARTESIAN_POINT('',(9.334997681881E0,1.374061965729E0,-5.279364916731E1));
#2438=CARTESIAN_POINT('',(9.334997681881E0,1.364307052933E0,-5.280672092758E1));
#2439=CARTESIAN_POINT('',(9.334997681881E0,1.342443847359E0,-5.283263330616E1));
#2440=CARTESIAN_POINT('',(9.334997681881E0,1.301296966596E0,-5.287067032909E1));
#2441=CARTESIAN_POINT('',(9.334997681881E0,1.252462580375E0,-5.290591072848E1));
#2442=CARTESIAN_POINT('',(9.334997681881E0,1.196013670812E0,-5.293738073850E1));
#2443=CARTESIAN_POINT('',(9.334997681881E0,1.132692251918E0,-5.296375669714E1));
#2444=CARTESIAN_POINT('',(9.334997681881E0,1.086520539939E0,-5.297721542826E1));
#2445=CARTESIAN_POINT('',(9.334997681881E0,1.062348301594E0,-5.298278055059E1));
#2447=DIRECTION('',(0.E0,0.E0,1.E0));
#2448=VECTOR('',#2447,6.982780550589E0);
#2449=CARTESIAN_POINT('',(9.334997681881E0,1.062348301594E0,-5.298278055059E1));
#2450=LINE('',#2449,#2448);
#2451=DIRECTION('',(0.E0,1.E0,0.E0));
#2452=VECTOR('',#2451,3.117136641351E-1);
#2453=CARTESIAN_POINT('',(-8.650023181189E-1,1.264348963531E1,-4.6E1));
#2454=LINE('',#2453,#2452);
#2455=CARTESIAN_POINT('',(-8.650023181189E-1,1.264348963531E1,
-5.279364916731E1));
#2456=CARTESIAN_POINT('',(-8.650023181189E-1,1.265324454811E1,
-5.280672092758E1));
#2457=CARTESIAN_POINT('',(-8.650023181189E-1,1.267510775368E1,
-5.283263330616E1));
#2458=CARTESIAN_POINT('',(-8.650023181189E-1,1.271625463445E1,
-5.287067032909E1));
#2459=CARTESIAN_POINT('',(-8.650023181189E-1,1.276508902067E1,
-5.290591072848E1));
#2460=CARTESIAN_POINT('',(-8.650023181189E-1,1.282153793023E1,
-5.293738073850E1));
#2461=CARTESIAN_POINT('',(-8.650023181189E-1,1.288485934913E1,
-5.296375669714E1));
#2462=CARTESIAN_POINT('',(-8.650023181189E-1,1.293103106110E1,
-5.297721542826E1));
#2463=CARTESIAN_POINT('',(-8.650023181189E-1,1.295520329945E1,
-5.298278055059E1));
#2465=DIRECTION('',(0.E0,0.E0,1.E0));
#2466=VECTOR('',#2465,6.982780550589E0);
#2467=CARTESIAN_POINT('',(-8.650023181189E-1,1.295520329945E1,
-5.298278055059E1));
#2468=LINE('',#2467,#2466);
#2469=DIRECTION('',(0.E0,1.E0,0.E0));
#2470=VECTOR('',#2469,6.787245530995E-1);
#2471=CARTESIAN_POINT('',(6.484997681881E0,-4.319948752578E0,-6.8625E1));
#2472=LINE('',#2471,#2470);
#2473=DIRECTION('',(-1.E0,0.E0,0.E0));
#2474=VECTOR('',#2473,4.5E0);
#2475=CARTESIAN_POINT('',(6.484997681881E0,-3.641224199478E0,-6.8625E1));
#2476=LINE('',#2475,#2474);
#2477=DIRECTION('',(0.E0,-1.E0,0.E0));
#2478=VECTOR('',#2477,6.787245530995E-1);
#2479=CARTESIAN_POINT('',(1.984997681881E0,-3.641224199478E0,-6.8625E1));
#2480=LINE('',#2479,#2478);
#2481=DIRECTION('',(-1.E0,0.E0,0.E0));
#2482=VECTOR('',#2481,7.742067558321E-1);
#2483=CARTESIAN_POINT('',(-6.415002318119E0,5.308775800522E0,-6.8625E1));
#2484=LINE('',#2483,#2482);
#2485=DIRECTION('',(0.E0,-1.E0,0.E0));
#2486=VECTOR('',#2485,3.4E0);
#2487=CARTESIAN_POINT('',(-6.415002318119E0,8.708775800522E0,-6.8625E1));
#2488=LINE('',#2487,#2486);
#2489=DIRECTION('',(1.E0,0.E0,0.E0));
#2490=VECTOR('',#2489,7.742067558321E-1);
#2491=CARTESIAN_POINT('',(-7.189209073951E0,8.708775800522E0,-6.8625E1));
#2492=LINE('',#2491,#2490);
#2493=CARTESIAN_POINT('',(4.234997681881E0,7.008775800522E0,-6.8625E1));
#2494=DIRECTION('',(0.E0,0.E0,-1.E0));
#2495=DIRECTION('',(0.E0,1.E0,0.E0));
#2496=AXIS2_PLACEMENT_3D('',#2493,#2494,#2495);
#2498=CARTESIAN_POINT('',(4.234997681881E0,7.008775800522E0,-6.8625E1));
#2499=DIRECTION('',(0.E0,0.E0,-1.E0));
#2500=DIRECTION('',(0.E0,-1.E0,0.E0));
#2501=AXIS2_PLACEMENT_3D('',#2498,#2499,#2500);
#2503=CARTESIAN_POINT('',(1.884997681881E0,-4.176477960910E0,-7.1125E1));
#2504=CARTESIAN_POINT('',(1.880129184828E0,-4.182491391033E0,-7.1125E1));
#2505=CARTESIAN_POINT('',(1.875261480769E0,-4.188505410570E0,
-7.112499988574E1));
#2506=CARTESIAN_POINT('',(1.870393622884E0,-4.194519358111E0,
-7.112499988574E1));
#2508=DIRECTION('',(0.E0,-1.E0,0.E0));
#2509=VECTOR('',#2508,6.352537614311E-1);
#2510=CARTESIAN_POINT('',(1.884997681881E0,-3.541224199478E0,-7.1125E1));
#2511=LINE('',#2510,#2509);
#2512=DIRECTION('',(-1.E0,0.E0,0.E0));
#2513=VECTOR('',#2512,4.7E0);
#2514=CARTESIAN_POINT('',(6.584997681881E0,-3.541224199478E0,-7.1125E1));
#2515=LINE('',#2514,#2513);
#2516=DIRECTION('',(0.E0,1.E0,0.E0));
#2517=VECTOR('',#2516,6.351383081363E-1);
#2518=CARTESIAN_POINT('',(6.584997681881E0,-4.176362507615E0,-7.1125E1));
#2519=LINE('',#2518,#2517);
#2520=CARTESIAN_POINT('',(6.599600955380E0,-4.194404619995E0,
-7.112499969740E1));
#2521=CARTESIAN_POINT('',(6.594733099084E0,-4.188390615006E0,
-7.112499969740E1));
#2522=CARTESIAN_POINT('',(6.589866177537E0,-4.182375995036E0,-7.1125E1));
#2523=CARTESIAN_POINT('',(6.584997681881E0,-4.176362507615E0,-7.1125E1));
#2525=CARTESIAN_POINT('',(-7.056613899883E0,8.808775800522E0,-7.1125E1));
#2526=CARTESIAN_POINT('',(-7.061359574206E0,8.812504402281E0,-7.1125E1));
#2527=CARTESIAN_POINT('',(-7.066105450142E0,8.816232729772E0,
-7.112499997136E1));
#2528=CARTESIAN_POINT('',(-7.070851365156E0,8.819961025167E0,
-7.112499997136E1));
#2530=DIRECTION('',(-1.E0,0.E0,0.E0));
#2531=VECTOR('',#2530,7.416115817638E-1);
#2532=CARTESIAN_POINT('',(-6.315002318119E0,8.808775800522E0,-7.1125E1));
#2533=LINE('',#2532,#2531);
#2534=DIRECTION('',(0.E0,1.E0,0.E0));
#2535=VECTOR('',#2534,3.6E0);
#2536=CARTESIAN_POINT('',(-6.315002318119E0,5.208775800522E0,-7.1125E1));
#2537=LINE('',#2536,#2535);
#2538=DIRECTION('',(1.E0,0.E0,0.E0));
#2539=VECTOR('',#2538,7.415882857131E-1);
#2540=CARTESIAN_POINT('',(-7.056590603832E0,5.208775800522E0,-7.1125E1));
#2541=LINE('',#2540,#2539);
#2542=CARTESIAN_POINT('',(-7.070827498616E0,5.197590650222E0,
-7.112500002838E1));
#2543=CARTESIAN_POINT('',(-7.066081719917E0,5.201318840652E0,
-7.112500002838E1));
#2544=CARTESIAN_POINT('',(-7.061336141936E0,5.205047303848E0,-7.1125E1));
#2545=CARTESIAN_POINT('',(-7.056590603832E0,5.208775800522E0,-7.1125E1));
#2547=CARTESIAN_POINT('',(4.234997681881E0,7.008775800522E0,-7.1125E1));
#2548=DIRECTION('',(0.E0,0.E0,1.E0));
#2549=DIRECTION('',(0.E0,-1.E0,0.E0));
#2550=AXIS2_PLACEMENT_3D('',#2547,#2548,#2549);
#2552=CARTESIAN_POINT('',(4.234997681881E0,7.008775800522E0,-7.1125E1));
#2553=DIRECTION('',(0.E0,0.E0,1.E0));
#2554=DIRECTION('',(0.E0,1.E0,0.E0));
#2555=AXIS2_PLACEMENT_3D('',#2552,#2553,#2554);
#2557=CARTESIAN_POINT('',(4.234997681881E0,7.008775800522E0,-7.1125E1));
#2558=DIRECTION('',(0.E0,0.E0,-1.E0));
#2559=DIRECTION('',(-3.420201433257E-1,-9.396926207859E-1,0.E0));
#2560=AXIS2_PLACEMENT_3D('',#2557,#2558,#2559);
#2562=DIRECTION('',(-3.420201433257E-1,-9.396926207859E-1,0.E0));
#2563=VECTOR('',#2562,3.E-1);
#2564=CARTESIAN_POINT('',(5.753821482964E-1,-3.045935241888E0,-7.1125E1));
#2565=LINE('',#2564,#2563);
#2566=CARTESIAN_POINT('',(4.234997681881E0,7.008775800522E0,-7.1125E1));
#2567=DIRECTION('',(0.E0,0.E0,-1.E0));
#2568=DIRECTION('',(-3.420201433257E-1,-9.396926207859E-1,0.E0));
#2569=AXIS2_PLACEMENT_3D('',#2566,#2567,#2568);
#2571=DIRECTION('',(-5.E-1,-8.660254037844E-1,0.E0));
#2572=VECTOR('',#2571,1.5E-1);
#2573=CARTESIAN_POINT('',(-1.265002318119E0,-2.517503641107E0,-7.1125E1));
#2574=LINE('',#2573,#2572);
#2575=DIRECTION('',(-5.E-1,8.660254037844E-1,0.E0));
#2576=VECTOR('',#2575,6.E-1);
#2577=CARTESIAN_POINT('',(-1.340002318119E0,-2.647407451675E0,-7.1125E1));
#2578=LINE('',#2577,#2576);
#2579=DIRECTION('',(1.E0,0.E0,0.E0));
#2580=VECTOR('',#2579,6.E-1);
#2581=CARTESIAN_POINT('',(-1.640002318119E0,-2.127792209404E0,-7.1125E1));
#2582=LINE('',#2581,#2580);
#2583=DIRECTION('',(-5.E-1,-8.660254037844E-1,0.E0));
#2584=VECTOR('',#2583,1.5E-1);
#2585=CARTESIAN_POINT('',(-1.040002318119E0,-2.127792209404E0,-7.1125E1));
#2586=LINE('',#2585,#2584);
#2587=CARTESIAN_POINT('',(4.234997681881E0,7.008775800522E0,-7.0925E1));
#2588=DIRECTION('',(0.E0,0.E0,1.E0));
#2589=DIRECTION('',(0.E0,-1.E0,0.E0));
#2590=AXIS2_PLACEMENT_3D('',#2587,#2588,#2589);
#2592=DIRECTION('',(-8.416547881920E-14,0.E0,1.E0));
#2593=VECTOR('',#2592,2.1E0);
#2594=CARTESIAN_POINT('',(4.234997681881E0,1.695877580052E1,-7.0925E1));
#2595=LINE('',#2594,#2593);
#2596=CARTESIAN_POINT('',(4.234997681881E0,7.008775800522E0,-6.8825E1));
#2597=DIRECTION('',(0.E0,0.E0,-1.E0));
#2598=DIRECTION('',(0.E0,1.E0,0.E0));
#2599=AXIS2_PLACEMENT_3D('',#2596,#2597,#2598);
#2601=CARTESIAN_POINT('',(4.234997681881E0,7.008775800522E0,-7.0925E1));
#2602=DIRECTION('',(0.E0,0.E0,1.E0));
#2603=DIRECTION('',(0.E0,1.E0,0.E0));
#2604=AXIS2_PLACEMENT_3D('',#2601,#2602,#2603);
#2606=DIRECTION('',(8.458842092382E-14,0.E0,1.E0));
#2607=VECTOR('',#2606,2.1E0);
#2608=CARTESIAN_POINT('',(4.234997681881E0,-2.941224199478E0,-7.0925E1));
#2609=LINE('',#2608,#2607);
#2610=CARTESIAN_POINT('',(4.234997681881E0,7.008775800522E0,-6.8825E1));
#2611=DIRECTION('',(0.E0,0.E0,-1.E0));
#2612=DIRECTION('',(0.E0,-1.E0,0.E0));
#2613=AXIS2_PLACEMENT_3D('',#2610,#2611,#2612);
#2615=CARTESIAN_POINT('',(6.484997709334E0,-4.523786772001E0,
-7.066402535392E1));
#2616=CARTESIAN_POINT('',(6.497741522474E0,-4.521300457331E0,
-7.068193945678E1));
#2617=CARTESIAN_POINT('',(6.523194567659E0,-4.516290735246E0,
-7.071774941530E1));
#2618=CARTESIAN_POINT('',(6.561270590350E0,-4.508665610784E0,
-7.077140926472E1));
#2619=CARTESIAN_POINT('',(6.586585182007E0,-4.503508990857E0,
-7.080714591627E1));
#2620=CARTESIAN_POINT('',(6.599225582289E0,-4.500912501317E0,
-7.082500473757E1));
#2622=DIRECTION('',(-1.492789137729E-8,-1.204338071357E-8,1.E0));
#2623=VECTOR('',#2622,1.839025353917E0);
#2624=CARTESIAN_POINT('',(6.484997709334E0,-4.523786772001E0,
-7.066402535392E1));
#2625=LINE('',#2624,#2623);
#2626=DIRECTION('',(4.849248786220E-8,6.188827158706E-8,1.E0));
#2627=VECTOR('',#2626,1.843699934675E0);
#2628=CARTESIAN_POINT('',(-7.391373294435E0,8.708775686418E0,
-7.066869993468E1));
#2629=LINE('',#2628,#2627);
#2630=CARTESIAN_POINT('',(-7.374616895306E0,8.819673585137E0,
-7.082500538579E1));
#2631=CARTESIAN_POINT('',(-7.376534806892E0,8.807377908844E0,
-7.080762929957E1));
#2632=CARTESIAN_POINT('',(-7.380333319754E0,8.782768683766E0,
-7.077288315571E1));
#2633=CARTESIAN_POINT('',(-7.385918939517E0,8.745802743674E0,
-7.072078119485E1));
#2634=CARTESIAN_POINT('',(-7.389567721590E0,8.721124074396E0,
-7.068605820950E1));
#2635=CARTESIAN_POINT('',(-7.391373294435E0,8.708775686418E0,
-7.066869993468E1));
#2637=DIRECTION('',(-3.420201433257E-1,-9.396926207859E-1,0.E0));
#2638=VECTOR('',#2637,3.E-1);
#2639=CARTESIAN_POINT('',(5.753821482964E-1,-3.045935241888E0,-7.1025E1));
#2640=LINE('',#2639,#2638);
#2641=CARTESIAN_POINT('',(4.234997681881E0,7.008775800522E0,-7.1025E1));
#2642=DIRECTION('',(0.E0,0.E0,1.E0));
#2643=DIRECTION('',(-5.E-1,-8.660254037844E-1,0.E0));
#2644=AXIS2_PLACEMENT_3D('',#2641,#2642,#2643);
#2646=DIRECTION('',(-5.E-1,-8.660254037844E-1,0.E0));
#2647=VECTOR('',#2646,1.5E-1);
#2648=CARTESIAN_POINT('',(-1.040002318119E0,-2.127792209404E0,-7.1025E1));
#2649=LINE('',#2648,#2647);
#2650=DIRECTION('',(1.E0,0.E0,0.E0));
#2651=VECTOR('',#2650,6.E-1);
#2652=CARTESIAN_POINT('',(-1.640002318119E0,-2.127792209404E0,-7.1025E1));
#2653=LINE('',#2652,#2651);
#2654=DIRECTION('',(-5.E-1,8.660254037844E-1,0.E0));
#2655=VECTOR('',#2654,6.E-1);
#2656=CARTESIAN_POINT('',(-1.340002318119E0,-2.647407451675E0,-7.1025E1));
#2657=LINE('',#2656,#2655);
#2658=DIRECTION('',(-5.E-1,-8.660254037844E-1,0.E0));
#2659=VECTOR('',#2658,1.5E-1);
#2660=CARTESIAN_POINT('',(-1.265002318119E0,-2.517503641107E0,-7.1025E1));
#2661=LINE('',#2660,#2659);
#2662=CARTESIAN_POINT('',(4.234997681881E0,7.008775800522E0,-7.1025E1));
#2663=DIRECTION('',(0.E0,0.E0,-1.E0));
#2664=DIRECTION('',(-3.420201433257E-1,-9.396926207859E-1,0.E0));
#2665=AXIS2_PLACEMENT_3D('',#2662,#2663,#2664);
#2667=DIRECTION('',(0.E0,0.E0,1.E0));
#2668=VECTOR('',#2667,1.E-1);
#2669=CARTESIAN_POINT('',(-1.115002318119E0,-2.257696019972E0,-7.1125E1));
#2670=LINE('',#2669,#2668);
#2671=DIRECTION('',(0.E0,0.E0,1.E0));
#2672=VECTOR('',#2671,1.E-1);
#2673=CARTESIAN_POINT('',(5.753821482964E-1,-3.045935241888E0,-7.1125E1));
#2674=LINE('',#2673,#2672);
#2675=DIRECTION('',(0.E0,0.E0,1.E0));
#2676=VECTOR('',#2675,1.E-1);
#2677=CARTESIAN_POINT('',(4.727761052987E-1,-3.327843028123E0,-7.1125E1));
#2678=LINE('',#2677,#2676);
#2679=DIRECTION('',(0.E0,0.E0,1.E0));
#2680=VECTOR('',#2679,1.E-1);
#2681=CARTESIAN_POINT('',(-1.265002318119E0,-2.517503641107E0,-7.1125E1));
#2682=LINE('',#2681,#2680);
#2683=DIRECTION('',(0.E0,0.E0,1.E0));
#2684=VECTOR('',#2683,1.E-1);
#2685=CARTESIAN_POINT('',(-1.340002318119E0,-2.647407451675E0,-7.1125E1));
#2686=LINE('',#2685,#2684);
#2687=DIRECTION('',(0.E0,0.E0,1.E0));
#2688=VECTOR('',#2687,1.E-1);
#2689=CARTESIAN_POINT('',(-1.640002318119E0,-2.127792209404E0,-7.1125E1));
#2690=LINE('',#2689,#2688);
#2691=DIRECTION('',(0.E0,0.E0,1.E0));
#2692=VECTOR('',#2691,1.E-1);
#2693=CARTESIAN_POINT('',(-1.040002318119E0,-2.127792209404E0,-7.1125E1));
#2694=LINE('',#2693,#2692);
#2695=CARTESIAN_POINT('',(4.234997681881E0,1.715877580052E1,-7.0925E1));
#2696=DIRECTION('',(-1.E0,0.E0,0.E0));
#2697=DIRECTION('',(0.E0,1.776356839400E-14,-1.E0));
#2698=AXIS2_PLACEMENT_3D('',#2695,#2696,#2697);
#2700=CARTESIAN_POINT('',(4.234997681881E0,-3.141224199478E0,-7.0925E1));
#2701=DIRECTION('',(1.E0,0.E0,0.E0));
#2702=DIRECTION('',(0.E0,0.E0,-1.E0));
#2703=AXIS2_PLACEMENT_3D('',#2700,#2701,#2702);
#2705=CARTESIAN_POINT('',(4.234997681881E0,-3.141224199478E0,-6.8825E1));
#2706=DIRECTION('',(-1.E0,0.E0,0.E0));
#2707=DIRECTION('',(0.E0,0.E0,1.E0));
#2708=AXIS2_PLACEMENT_3D('',#2705,#2706,#2707);
#2710=CARTESIAN_POINT('',(4.234997681881E0,1.715877580052E1,-6.8825E1));
#2711=DIRECTION('',(1.E0,0.E0,0.E0));
#2712=DIRECTION('',(0.E0,0.E0,1.E0));
#2713=AXIS2_PLACEMENT_3D('',#2710,#2711,#2712);
#2715=DIRECTION('',(-6.200463006656E-7,9.999999999997E-1,-5.131889586568E-7));
#2716=VECTOR('',#2715,5.139264312449E-1);
#2717=CARTESIAN_POINT('',(6.484998000539E0,-4.155150630723E0,
-7.102499973626E1));
#2718=LINE('',#2717,#2716);
#2719=CARTESIAN_POINT('',(6.484997681881E0,-4.523786794149E0,-6.8825E1));
#2720=CARTESIAN_POINT('',(6.484997681881E0,-4.523786794149E0,
-6.881456530279E1));
#2721=CARTESIAN_POINT('',(6.484997681881E0,-4.522145772303E0,
-6.879396886978E1));
#2722=CARTESIAN_POINT('',(6.484997681881E0,-4.514800842210E0,
-6.876355275722E1));
#2723=CARTESIAN_POINT('',(6.484997681881E0,-4.502728483053E0,
-6.873463612272E1));
#2724=CARTESIAN_POINT('',(6.484997681881E0,-4.486169639593E0,
-6.870781347884E1));
#2725=CARTESIAN_POINT('',(6.484997681881E0,-4.465498853148E0,
-6.868379297949E1));
#2726=CARTESIAN_POINT('',(6.484997681881E0,-4.441153498933E0,
-6.866315410852E1));
#2727=CARTESIAN_POINT('',(6.484997681881E0,-4.413721320706E0,
-6.864647284243E1));
#2728=CARTESIAN_POINT('',(6.484997681881E0,-4.383872663422E0,
-6.863419720008E1));
#2729=CARTESIAN_POINT('',(6.484997681881E0,-4.352304271526E0,
-6.862668859128E1));
#2730=CARTESIAN_POINT('',(6.484997681881E0,-4.330843734928E0,-6.8625E1));
#2731=CARTESIAN_POINT('',(6.484997681881E0,-4.319948752578E0,-6.8625E1));
#2733=CARTESIAN_POINT('',(6.484998000539E0,-4.155150630723E0,
-7.102499973626E1));
#2734=CARTESIAN_POINT('',(6.484998000539E0,-4.276554560714E0,
-7.090620004805E1));
#2735=CARTESIAN_POINT('',(6.484997709334E0,-4.399440885738E0,
-7.078586631956E1));
#2736=CARTESIAN_POINT('',(6.484997709334E0,-4.523786772001E0,
-7.066402535392E1));
#2738=DIRECTION('',(-1.E0,0.E0,0.E0));
#2739=VECTOR('',#2738,4.5E0);
#2740=CARTESIAN_POINT('',(6.484997681881E0,-3.641224199478E0,-7.1025E1));
#2741=LINE('',#2740,#2739);
#2742=DIRECTION('',(0.E0,0.E0,-1.E0));
#2743=VECTOR('',#2742,2.4E0);
#2744=CARTESIAN_POINT('',(6.484997681881E0,-3.641224199478E0,-6.8625E1));
#2745=LINE('',#2744,#2743);
#2746=CARTESIAN_POINT('',(1.984997688630E0,-4.523786799594E0,
-7.066413881419E1));
#2747=CARTESIAN_POINT('',(1.984997688630E0,-4.399405697508E0,
-7.078601439488E1));
#2748=CARTESIAN_POINT('',(1.984997561126E0,-4.276568988099E0,
-7.090629888052E1));
#2749=CARTESIAN_POINT('',(1.984997561126E0,-4.155265993125E0,
-7.102499990005E1));
#2751=CARTESIAN_POINT('',(1.984997681881E0,-4.319948752578E0,-6.8625E1));
#2752=CARTESIAN_POINT('',(1.984997681881E0,-4.330843734913E0,-6.8625E1));
#2753=CARTESIAN_POINT('',(1.984997681881E0,-4.352304271489E0,
-6.862668859126E1));
#2754=CARTESIAN_POINT('',(1.984997681881E0,-4.383872663754E0,
-6.863419720018E1));
#2755=CARTESIAN_POINT('',(1.984997681881E0,-4.413721320670E0,
-6.864647284245E1));
#2756=CARTESIAN_POINT('',(1.984997681881E0,-4.441153498591E0,
-6.866315410827E1));
#2757=CARTESIAN_POINT('',(1.984997681881E0,-4.465498853140E0,
-6.868379297948E1));
#2758=CARTESIAN_POINT('',(1.984997681881E0,-4.486169639367E0,
-6.870781347854E1));
#2759=CARTESIAN_POINT('',(1.984997681881E0,-4.502728483067E0,
-6.873463612271E1));
#2760=CARTESIAN_POINT('',(1.984997681881E0,-4.514800842214E0,
-6.876355275724E1));
#2761=CARTESIAN_POINT('',(1.984997681881E0,-4.522145772306E0,
-6.879396886979E1));
#2762=CARTESIAN_POINT('',(1.984997681881E0,-4.523786794149E0,
-6.881456530280E1));
#2763=CARTESIAN_POINT('',(1.984997681881E0,-4.523786794149E0,-6.8825E1));
#2765=DIRECTION('',(0.E0,0.E0,-1.E0));
#2766=VECTOR('',#2765,2.4E0);
#2767=CARTESIAN_POINT('',(1.984997681881E0,-3.641224199478E0,-6.8625E1));
#2768=LINE('',#2767,#2766);
#2769=DIRECTION('',(-2.349134186618E-7,-1.E0,1.944307075446E-7));
#2770=VECTOR('',#2769,5.140417936467E-1);
#2771=CARTESIAN_POINT('',(1.984997681881E0,-3.641224199478E0,-7.1025E1));
#2772=LINE('',#2771,#2770);
#2773=DIRECTION('',(-1.E0,3.291425746420E-8,2.619654962607E-8));
#2774=VECTOR('',#2773,6.156904271980E-1);
#2775=CARTESIAN_POINT('',(-6.415002318119E0,8.708775800522E0,-7.1025E1));
#2776=LINE('',#2775,#2774);
#2777=CARTESIAN_POINT('',(-7.391373294435E0,8.708775686418E0,
-7.066869993468E1));
#2778=CARTESIAN_POINT('',(-7.286535762503E0,8.708775686418E0,
-7.077230281933E1));
#2779=CARTESIAN_POINT('',(-7.166126923775E0,8.708775746564E0,
-7.089125595471E1));
#2780=CARTESIAN_POINT('',(-7.047127032586E0,8.708775820787E0,
-7.100877160949E1));
#2781=CARTESIAN_POINT('',(-7.030692745317E0,8.708775820787E0,
-7.102499998387E1));
#2783=CARTESIAN_POINT('',(-7.189209073951E0,8.708775800522E0,-6.8625E1));
#2784=CARTESIAN_POINT('',(-7.199956244780E0,8.708775800522E0,-6.8625E1));
#2785=CARTESIAN_POINT('',(-7.221135978839E0,8.708775800522E0,
-6.862667102056E1));
#2786=CARTESIAN_POINT('',(-7.252321016947E0,8.708775800522E0,
-6.863411311098E1));
#2787=CARTESIAN_POINT('',(-7.281843949790E0,8.708775800522E0,
-6.864629487644E1));
#2788=CARTESIAN_POINT('',(-7.309032809796E0,8.708775800522E0,
-6.866288269263E1));
#2789=CARTESIAN_POINT('',(-7.333211239910E0,8.708775800522E0,
-6.868344682829E1));
#2790=CARTESIAN_POINT('',(-7.353793113183E0,8.708775800522E0,
-6.870744169738E1));
#2791=CARTESIAN_POINT('',(-7.370312130628E0,8.708775800522E0,
-6.873428708459E1));
#2792=CARTESIAN_POINT('',(-7.382379268425E0,8.708775800522E0,
-6.876328459657E1));
#2793=CARTESIAN_POINT('',(-7.389728994764E0,8.708775800522E0,
-6.879381971168E1));
#2794=CARTESIAN_POINT('',(-7.391373205029E0,8.708775800522E0,
-6.881451230123E1));
#2795=CARTESIAN_POINT('',(-7.391373205029E0,8.708775800522E0,-6.8825E1));
#2797=DIRECTION('',(0.E0,1.E0,0.E0));
#2798=VECTOR('',#2797,3.4E0);
#2799=CARTESIAN_POINT('',(-6.415002318119E0,5.308775800522E0,-7.1025E1));
#2800=LINE('',#2799,#2798);
#2801=DIRECTION('',(0.E0,0.E0,1.E0));
#2802=VECTOR('',#2801,2.4E0);
#2803=CARTESIAN_POINT('',(-6.415002318119E0,8.708775800522E0,-7.1025E1));
#2804=LINE('',#2803,#2802);
#2805=CARTESIAN_POINT('',(-7.030668955364E0,5.308775840089E0,
-7.102500003149E1));
#2806=CARTESIAN_POINT('',(-7.149488865387E0,5.308775840089E0,
-7.090766863712E1));
#2807=CARTESIAN_POINT('',(-7.269716382617E0,5.308775885527E0,
-7.078890056142E1));
#2808=CARTESIAN_POINT('',(-7.391373271636E0,5.308775885527E0,
-7.066867604065E1));
#2810=DIRECTION('',(1.E0,-6.426741777829E-8,5.115058522116E-8));
#2811=VECTOR('',#2810,6.156666372452E-1);
#2812=CARTESIAN_POINT('',(-7.030668955364E0,5.308775840089E0,
-7.102500003149E1));
#2813=LINE('',#2812,#2811);
#2814=DIRECTION('',(0.E0,0.E0,1.E0));
#2815=VECTOR('',#2814,2.4E0);
#2816=CARTESIAN_POINT('',(-6.415002318119E0,5.308775800522E0,-7.1025E1));
#2817=LINE('',#2816,#2815);
#2818=CARTESIAN_POINT('',(-7.391373205029E0,5.308775800522E0,-6.8825E1));
#2819=CARTESIAN_POINT('',(-7.391373205029E0,5.308775800522E0,
-6.881451230124E1));
#2820=CARTESIAN_POINT('',(-7.389728994766E0,5.308775800522E0,
-6.879381971169E1));
#2821=CARTESIAN_POINT('',(-7.382379268426E0,5.308775800522E0,
-6.876328459658E1));
#2822=CARTESIAN_POINT('',(-7.370312130642E0,5.308775800522E0,
-6.873428708457E1));
#2823=CARTESIAN_POINT('',(-7.353793112952E0,5.308775800522E0,
-6.870744169707E1));
#2824=CARTESIAN_POINT('',(-7.333211239903E0,5.308775800522E0,
-6.868344682828E1));
#2825=CARTESIAN_POINT('',(-7.309032809467E0,5.308775800522E0,
-6.866288269238E1));
#2826=CARTESIAN_POINT('',(-7.281843949762E0,5.308775800522E0,
-6.864629487646E1));
#2827=CARTESIAN_POINT('',(-7.252321017304E0,5.308775800522E0,
-6.863411311109E1));
#2828=CARTESIAN_POINT('',(-7.221135978820E0,5.308775800522E0,
-6.862667102054E1));
#2829=CARTESIAN_POINT('',(-7.199956244773E0,5.308775800522E0,-6.8625E1));
#2830=CARTESIAN_POINT('',(-7.189209073951E0,5.308775800522E0,-6.8625E1));
#2832=CARTESIAN_POINT('',(6.599600955380E0,-4.194404619995E0,
-7.112499969740E1));
#2833=CARTESIAN_POINT('',(6.599473965229E0,-4.295545410782E0,
-7.102606597369E1));
#2834=CARTESIAN_POINT('',(6.599348736865E0,-4.397718750698E0,
-7.092606232548E1));
#2835=CARTESIAN_POINT('',(6.599225582289E0,-4.500912501317E0,
-7.082500473757E1));
#2837=CARTESIAN_POINT('',(4.234993108941E0,7.008771421320E0,-7.082499899287E1));
#2838=DIRECTION('',(0.E0,0.E0,1.E0));
#2839=DIRECTION('',(2.012113220112E-1,-9.795478568679E-1,0.E0));
#2840=AXIS2_PLACEMENT_3D('',#2837,#2838,#2839);
#2842=CARTESIAN_POINT('',(-7.374616895306E0,8.819673585137E0,
-7.082500538579E1));
#2843=CARTESIAN_POINT('',(-7.299156626064E0,8.819743161475E0,
-7.089955306408E1));
#2844=CARTESIAN_POINT('',(-7.197642420081E0,8.819838571537E0,
-7.099981596711E1));
#2845=CARTESIAN_POINT('',(-7.097134691291E0,8.819935512455E0,
-7.109905170377E1));
#2846=CARTESIAN_POINT('',(-7.070851365156E0,8.819961025167E0,
-7.112499997136E1));
#2848=CARTESIAN_POINT('',(4.234993108941E0,7.008771421320E0,-7.1125E1));
#2849=DIRECTION('',(0.E0,0.E0,-1.E0));
#2850=DIRECTION('',(-9.874098963385E-1,1.581824788427E-1,0.E0));
#2851=AXIS2_PLACEMENT_3D('',#2848,#2849,#2850);
#2853=CARTESIAN_POINT('',(1.870768710488E0,-4.500912330224E0,
-7.082511798840E1));
#2854=CARTESIAN_POINT('',(1.870645559848E0,-4.397709997366E0,
-7.092618410463E1));
#2855=CARTESIAN_POINT('',(1.870520502999E0,-4.295581173056E0,
-7.102614334867E1));
#2856=CARTESIAN_POINT('',(1.870393622884E0,-4.194519358111E0,
-7.112499988574E1));
#2858=CARTESIAN_POINT('',(4.235207932552E0,7.008810822475E0,-7.1125E1));
#2859=DIRECTION('',(0.E0,0.E0,-1.E0));
#2860=DIRECTION('',(-2.065304808077E-1,-9.784401670503E-1,0.E0));
#2861=AXIS2_PLACEMENT_3D('',#2858,#2859,#2860);
#2863=CARTESIAN_POINT('',(-7.070827498616E0,5.197590650222E0,
-7.112500002838E1));
#2864=CARTESIAN_POINT('',(-7.171082195503E0,5.197687954100E0,
-7.102602319719E1));
#2865=CARTESIAN_POINT('',(-7.272340911609E0,5.197783742836E0,
-7.092602096846E1));
#2866=CARTESIAN_POINT('',(-7.374616892977E0,5.197878023747E0,
-7.082498156709E1));
#2868=CARTESIAN_POINT('',(4.235207932552E0,7.008810822475E0,-7.082502785924E1));
#2869=DIRECTION('',(0.E0,0.E0,1.E0));
#2870=DIRECTION('',(-9.880522692807E-1,-1.541191525061E-1,0.E0));
#2871=AXIS2_PLACEMENT_3D('',#2868,#2869,#2870);
#2873=CARTESIAN_POINT('',(4.234997681881E0,7.008775800522E0,-6.8825E1));
#2874=DIRECTION('',(0.E0,0.E0,-1.E0));
#2875=DIRECTION('',(-9.894783733541E-1,1.446808510638E-1,0.E0));
#2876=AXIS2_PLACEMENT_3D('',#2873,#2874,#2875);
#2878=CARTESIAN_POINT('',(4.234997681881E0,7.008775800522E0,-6.8625E1));
#2879=DIRECTION('',(0.E0,0.E0,1.E0));
#2880=DIRECTION('',(1.948051948052E-1,-9.808419526493E-1,0.E0));
#2881=AXIS2_PLACEMENT_3D('',#2878,#2879,#2880);
#2883=CARTESIAN_POINT('',(6.484998000539E0,-4.155150630723E0,
-7.102499973626E1));
#2884=CARTESIAN_POINT('',(6.496144757761E0,-4.157522512772E0,
-7.103614649348E1));
#2885=CARTESIAN_POINT('',(6.518414442333E0,-4.162253591088E0,
-7.105841703224E1));
#2886=CARTESIAN_POINT('',(6.551747702512E0,-4.169325988245E0,
-7.109174994298E1));
#2887=CARTESIAN_POINT('',(6.573922283536E0,-4.174020195613E0,
-7.111392460165E1));
#2888=CARTESIAN_POINT('',(6.584997681881E0,-4.176362507615E0,-7.1125E1));
#2890=DIRECTION('',(5.773502691896E-1,5.773502691896E-1,-5.773502691897E-1));
#2891=VECTOR('',#2890,1.732050807569E-1);
#2892=CARTESIAN_POINT('',(6.484997681881E0,-3.641224199478E0,-7.1025E1));
#2893=LINE('',#2892,#2891);
#2894=DIRECTION('',(-5.773502691896E-1,5.773502691896E-1,-5.773502691897E-1));
#2895=VECTOR('',#2894,1.732050807569E-1);
#2896=CARTESIAN_POINT('',(1.984997681881E0,-3.641224199478E0,-7.1025E1));
#2897=LINE('',#2896,#2895);
#2898=CARTESIAN_POINT('',(1.884997681881E0,-4.176477960910E0,-7.1125E1));
#2899=CARTESIAN_POINT('',(1.896076196419E0,-4.174135115893E0,
-7.111392148546E1));
#2900=CARTESIAN_POINT('',(1.918254947890E0,-4.169440117878E0,
-7.109174270456E1));
#2901=CARTESIAN_POINT('',(1.951588255333E0,-4.162368797391E0,
-7.105840952954E1));
#2902=CARTESIAN_POINT('',(1.973853879928E0,-4.157637093728E0,
-7.103614358125E1));
#2903=CARTESIAN_POINT('',(1.984997561126E0,-4.155265993125E0,
-7.102499990005E1));
#2905=CARTESIAN_POINT('',(-7.056613899883E0,8.808775800522E0,-7.1125E1));
#2906=CARTESIAN_POINT('',(-7.053747261061E0,8.797696394011E0,
-7.111392059349E1));
#2907=CARTESIAN_POINT('',(-7.048005004647E0,8.775516445068E0,
-7.109174063969E1));
#2908=CARTESIAN_POINT('',(-7.039364517867E0,8.742183117676E0,
-7.105840733414E1));
#2909=CARTESIAN_POINT('',(-7.033586400276E0,8.719918629851E0,
-7.103614279294E1));
#2910=CARTESIAN_POINT('',(-7.030692745317E0,8.708775820787E0,
-7.102499998387E1));
#2912=DIRECTION('',(5.773502691896E-1,5.773502691896E-1,-5.773502691897E-1));
#2913=VECTOR('',#2912,1.732050807569E-1);
#2914=CARTESIAN_POINT('',(-6.415002318119E0,8.708775800522E0,-7.1025E1));
#2915=LINE('',#2914,#2913);
#2916=DIRECTION('',(5.773502691896E-1,-5.773502691896E-1,-5.773502691897E-1));
#2917=VECTOR('',#2916,1.732050807569E-1);
#2918=CARTESIAN_POINT('',(-6.415002318119E0,5.308775800522E0,-7.1025E1));
#2919=LINE('',#2918,#2917);
#2920=CARTESIAN_POINT('',(-7.030668955364E0,5.308775840089E0,
-7.102500003149E1));
#2921=CARTESIAN_POINT('',(-7.033561571669E0,5.297637082802E0,
-7.103613878878E1));
#2922=CARTESIAN_POINT('',(-7.039338838111E0,5.275377999869E0,
-7.105839776749E1));
#2923=CARTESIAN_POINT('',(-7.047979161881E0,5.242044648625E0,
-7.109173116137E1));
#2924=CARTESIAN_POINT('',(-7.053722899352E0,5.219859273673E0,
-7.111391652685E1));
#2925=CARTESIAN_POINT('',(-7.056590603832E0,5.208775800522E0,-7.1125E1));
#2927=CARTESIAN_POINT('',(4.234997681881E0,7.008775800522E0,-6.8825E1));
#2928=DIRECTION('',(0.E0,0.E0,-1.E0));
#2929=DIRECTION('',(-1.914893617021E-1,-9.814946889082E-1,0.E0));
#2930=AXIS2_PLACEMENT_3D('',#2927,#2928,#2929);
#2932=CARTESIAN_POINT('',(4.234997681881E0,7.008775800522E0,-6.8625E1));
#2933=DIRECTION('',(0.E0,0.E0,1.E0));
#2934=DIRECTION('',(-9.891088100288E-1,-1.471861471861E-1,0.E0));
#2935=AXIS2_PLACEMENT_3D('',#2932,#2933,#2934);
#2937=CARTESIAN_POINT('',(1.870768710488E0,-4.500912330224E0,
-7.082511798840E1));
#2938=CARTESIAN_POINT('',(1.883416951083E0,-4.503510431577E0,
-7.080724824869E1));
#2939=CARTESIAN_POINT('',(1.908742426528E0,-4.508669165832E0,
-7.077149729397E1));
#2940=CARTESIAN_POINT('',(1.946818720206E0,-4.516294281903E0,
-7.071783743342E1));
#2941=CARTESIAN_POINT('',(1.972261532381E0,-4.521301978781E0,
-7.068204198480E1));
#2942=CARTESIAN_POINT('',(1.984997688630E0,-4.523786799594E0,
-7.066413881419E1));
#2944=CARTESIAN_POINT('',(-7.391373271636E0,5.308775885527E0,
-7.066867604065E1));
#2945=CARTESIAN_POINT('',(-7.389566508098E0,5.296419354353E0,
-7.068604578966E1));
#2946=CARTESIAN_POINT('',(-7.385916097857E0,5.271729732463E0,
-7.072078400556E1));
#2947=CARTESIAN_POINT('',(-7.380330405866E0,5.234763902506E0,
-7.077288605257E1));
#2948=CARTESIAN_POINT('',(-7.376533535745E0,5.210165565784E0,
-7.080761694251E1));
#2949=CARTESIAN_POINT('',(-7.374616892977E0,5.197878023747E0,
-7.082498156709E1));
#2951=DIRECTION('',(3.612680513889E-8,-4.610656189204E-8,1.E0));
#2952=VECTOR('',#2951,1.843676040650E0);
#2953=CARTESIAN_POINT('',(-7.391373271636E0,5.308775885527E0,
-7.066867604065E1));
#2954=LINE('',#2953,#2952);
#2955=DIRECTION('',(-3.669463136519E-9,2.960449990960E-9,1.E0));
#2956=VECTOR('',#2955,1.839138814190E0);
#2957=CARTESIAN_POINT('',(1.984997688630E0,-4.523786799594E0,
-7.066413881419E1));
#2958=LINE('',#2957,#2956);
#2959=CARTESIAN_POINT('',(2.234997681881E0,9.758775800522E0,-2.1E1));
#2960=CARTESIAN_POINT('',(2.234997681881E0,4.258775800522E0,-2.1E1));
#2961=VERTEX_POINT('',#2959);
#2962=VERTEX_POINT('',#2960);
#2963=CARTESIAN_POINT('',(2.234997681881E0,4.258775800522E0,-1.6E1));
#2964=VERTEX_POINT('',#2963);
#2965=CARTESIAN_POINT('',(2.234997681881E0,9.758775800522E0,-1.6E1));
#2966=VERTEX_POINT('',#2965);
#2967=CARTESIAN_POINT('',(6.234997681881E0,9.758775800522E0,-2.1E1));
#2968=CARTESIAN_POINT('',(6.234997681881E0,4.258775800522E0,-2.1E1));
#2969=VERTEX_POINT('',#2967);
#2970=VERTEX_POINT('',#2968);
#2971=CARTESIAN_POINT('',(6.234997681881E0,4.258775800522E0,-1.6E1));
#2972=VERTEX_POINT('',#2971);
#2973=CARTESIAN_POINT('',(6.234997681881E0,9.758775800522E0,-1.6E1));
#2974=VERTEX_POINT('',#2973);
#2975=CARTESIAN_POINT('',(2.349976818811E-1,7.008775800522E0,-7.18E1));
#2976=CARTESIAN_POINT('',(8.234997681881E0,7.008775800522E0,-7.18E1));
#2977=VERTEX_POINT('',#2975);
#2978=VERTEX_POINT('',#2976);
#2979=CARTESIAN_POINT('',(4.349976818811E-1,7.008775800522E0,-7.2E1));
#2980=CARTESIAN_POINT('',(8.034997681881E0,7.008775800522E0,-7.2E1));
#2981=VERTEX_POINT('',#2979);
#2982=VERTEX_POINT('',#2980);
#2983=CARTESIAN_POINT('',(2.349976818811E-1,7.008775800522E0,-5.5E1));
#2984=CARTESIAN_POINT('',(8.234997681881E0,7.008775800522E0,-5.5E1));
#2985=VERTEX_POINT('',#2983);
#2986=VERTEX_POINT('',#2984);
#2987=CARTESIAN_POINT('',(2.234997681881E0,3.755262194396E-1,
-8.999999919716E0));
#2988=CARTESIAN_POINT('',(2.234997681881E0,3.755262198107E-1,-3.15E1));
#2989=VERTEX_POINT('',#2987);
#2990=VERTEX_POINT('',#2988);
#2991=CARTESIAN_POINT('',(2.234997681881E0,1.364202538123E1,-3.15E1));
#2992=CARTESIAN_POINT('',(2.234997680628E0,1.364202537973E1,-8.999999937695E0));
#2993=VERTEX_POINT('',#2991);
#2994=VERTEX_POINT('',#2992);
#2995=CARTESIAN_POINT('',(6.234997681881E0,1.364202538160E1,-8.999999919716E0));
#2996=CARTESIAN_POINT('',(6.234997681881E0,1.364202538123E1,-3.15E1));
#2997=VERTEX_POINT('',#2995);
#2998=VERTEX_POINT('',#2996);
#2999=CARTESIAN_POINT('',(6.234997681881E0,3.755262198107E-1,-3.15E1));
#3000=CARTESIAN_POINT('',(6.234997683134E0,3.755262213137E-1,
-8.999999937695E0));
#3001=VERTEX_POINT('',#2999);
#3002=VERTEX_POINT('',#3000);
#3003=CARTESIAN_POINT('',(6.162533913765E0,2.793921679164E-1,-9.E0));
#3004=CARTESIAN_POINT('',(2.307461449997E0,2.793921679164E-1,-9.E0));
#3005=VERTEX_POINT('',#3003);
#3006=VERTEX_POINT('',#3004);
#3007=CARTESIAN_POINT('',(2.307461449997E0,1.373815943313E1,-9.E0));
#3008=CARTESIAN_POINT('',(6.162533913765E0,1.373815943313E1,-9.E0));
#3009=VERTEX_POINT('',#3007);
#3010=VERTEX_POINT('',#3008);
#3011=CARTESIAN_POINT('',(6.034997681881E0,1.273241100902E1,-8.E0));
#3012=CARTESIAN_POINT('',(6.034997681881E0,1.285140592020E0,-8.E0));
#3013=VERTEX_POINT('',#3011);
#3014=VERTEX_POINT('',#3012);
#3015=CARTESIAN_POINT('',(2.434997681881E0,1.273241100902E1,-8.E0));
#3016=CARTESIAN_POINT('',(2.434997681881E0,1.285140592020E0,-8.E0));
#3017=VERTEX_POINT('',#3015);
#3018=VERTEX_POINT('',#3016);
#3019=CARTESIAN_POINT('',(2.234997681881E0,5.334394890593E-1,-8.5E0));
#3020=CARTESIAN_POINT('',(2.234997681881E0,1.348411769110E1,-8.5E0));
#3021=VERTEX_POINT('',#3019);
#3022=VERTEX_POINT('',#3020);
#3023=CARTESIAN_POINT('',(6.234997681881E0,1.348411211198E1,-8.5E0));
#3024=CARTESIAN_POINT('',(6.234997681881E0,5.334339099392E-1,-8.5E0));
#3025=VERTEX_POINT('',#3023);
#3026=VERTEX_POINT('',#3024);
#3027=VERTEX_POINT('',#205);
#3028=VERTEX_POINT('',#252);
#3029=VERTEX_POINT('',#268);
#3030=VERTEX_POINT('',#275);
#3031=CARTESIAN_POINT('',(4.234997681881E0,1.020877580052E1,-7.42E1));
#3032=CARTESIAN_POINT('',(4.234997681881E0,3.808775800522E0,-7.42E1));
#3033=VERTEX_POINT('',#3031);
#3034=VERTEX_POINT('',#3032);
#3035=CARTESIAN_POINT('',(4.234997681881E0,1.050877580052E1,-7.39E1));
#3036=CARTESIAN_POINT('',(4.234997681881E0,3.508775800522E0,-7.39E1));
#3037=VERTEX_POINT('',#3035);
#3038=VERTEX_POINT('',#3036);
#3039=CARTESIAN_POINT('',(4.234997681881E0,1.050877580052E1,-7.2E1));
#3040=CARTESIAN_POINT('',(4.234997681881E0,3.508775800522E0,-7.2E1));
#3041=VERTEX_POINT('',#3039);
#3042=VERTEX_POINT('',#3040);
#3043=CARTESIAN_POINT('',(1.183499768188E1,7.008775800522E0,-7.6E1));
#3044=CARTESIAN_POINT('',(-3.365002318119E0,7.008775800522E0,-7.6E1));
#3045=VERTEX_POINT('',#3043);
#3046=VERTEX_POINT('',#3044);
#3047=CARTESIAN_POINT('',(4.234997681881E0,1.235877580052E1,-4.6E1));
#3048=CARTESIAN_POINT('',(4.234997681881E0,1.658775800522E0,-4.6E1));
#3049=VERTEX_POINT('',#3047);
#3050=VERTEX_POINT('',#3048);
#3051=CARTESIAN_POINT('',(1.243499768188E1,7.008775800522E0,-7.39E1));
#3052=CARTESIAN_POINT('',(-3.965002318119E0,7.008775800522E0,-7.39E1));
#3053=VERTEX_POINT('',#3051);
#3054=VERTEX_POINT('',#3052);
#3055=CARTESIAN_POINT('',(1.263499768188E1,7.008775800522E0,-7.39E1));
#3056=CARTESIAN_POINT('',(-4.165002318119E0,7.008775800522E0,-7.39E1));
#3057=VERTEX_POINT('',#3055);
#3058=VERTEX_POINT('',#3056);
#3059=CARTESIAN_POINT('',(1.233499768188E1,7.008775800522E0,-7.6E1));
#3060=CARTESIAN_POINT('',(-3.865002318119E0,7.008775800522E0,-7.6E1));
#3061=VERTEX_POINT('',#3059);
#3062=VERTEX_POINT('',#3060);
#3063=CARTESIAN_POINT('',(-3.965002318107E0,7.008775807626E0,
-7.500000000012E1));
#3064=VERTEX_POINT('',#3063);
#3065=CARTESIAN_POINT('',(1.243499768187E1,7.008775793417E0,-7.500000000012E1));
#3066=VERTEX_POINT('',#3065);
#3067=CARTESIAN_POINT('',(4.234997681881E0,1.858775800522E0,-5.5E1));
#3068=CARTESIAN_POINT('',(4.234997681881E0,1.215877580052E1,-5.5E1));
#3069=VERTEX_POINT('',#3067);
#3070=VERTEX_POINT('',#3068);
#3071=CARTESIAN_POINT('',(4.234997681881E0,1.658775800522E0,-5.48E1));
#3072=CARTESIAN_POINT('',(4.234997681881E0,1.235877580052E1,-5.48E1));
#3073=VERTEX_POINT('',#3071);
#3074=VERTEX_POINT('',#3072);
#3075=CARTESIAN_POINT('',(1.263499768188E1,7.008775800522E0,-5.455E1));
#3076=CARTESIAN_POINT('',(-4.165002318119E0,7.008775800522E0,-5.455E1));
#3077=VERTEX_POINT('',#3075);
#3078=VERTEX_POINT('',#3076);
#3079=CARTESIAN_POINT('',(8.959456176012E0,-1.651478237323E0,-5.435E1));
#3080=CARTESIAN_POINT('',(-4.894608122500E-1,-1.651478237323E0,-5.435E1));
#3081=VERTEX_POINT('',#3079);
#3082=VERTEX_POINT('',#3080);
#3083=CARTESIAN_POINT('',(-4.894608122500E-1,1.566902983837E1,-5.435E1));
#3084=CARTESIAN_POINT('',(8.959456176012E0,1.566902983837E1,-5.435E1));
#3085=VERTEX_POINT('',#3083);
#3086=VERTEX_POINT('',#3084);
#3087=CARTESIAN_POINT('',(9.484396010213E0,-1.502617574861E0,-5.435E1));
#3088=CARTESIAN_POINT('',(9.484396010213E0,1.552016917590E1,-5.435E1));
#3089=VERTEX_POINT('',#3087);
#3090=VERTEX_POINT('',#3088);
#3091=CARTESIAN_POINT('',(-1.014400646451E0,1.552016917590E1,-5.435E1));
#3092=CARTESIAN_POINT('',(-1.014400646451E0,-1.502617574861E0,-5.435E1));
#3093=VERTEX_POINT('',#3091);
#3094=VERTEX_POINT('',#3092);
#3095=CARTESIAN_POINT('',(-8.650023181189E-1,1.264348963531E1,-5.15E1));
#3096=CARTESIAN_POINT('',(-8.650023181189E-1,1.374061965729E0,-5.15E1));
#3097=VERTEX_POINT('',#3095);
#3098=VERTEX_POINT('',#3096);
#3099=CARTESIAN_POINT('',(-8.650023181189E-1,1.209109810435E1,-5.15E1));
#3100=VERTEX_POINT('',#3099);
#3101=CARTESIAN_POINT('',(-8.650023181189E-1,1.926453496692E0,-5.15E1));
#3102=VERTEX_POINT('',#3101);
#3103=VERTEX_POINT('',#903);
#3104=VERTEX_POINT('',#908);
#3105=CARTESIAN_POINT('',(-3.365002318119E0,7.008775800522E0,
-5.500003131073E1));
#3106=VERTEX_POINT('',#3105);
#3107=VERTEX_POINT('',#884);
#3108=VERTEX_POINT('',#889);
#3109=CARTESIAN_POINT('',(9.334997681881E0,1.374061965729E0,-5.15E1));
#3110=CARTESIAN_POINT('',(9.334997681881E0,1.264348963531E1,-5.15E1));
#3111=VERTEX_POINT('',#3109);
#3112=VERTEX_POINT('',#3110);
#3113=CARTESIAN_POINT('',(9.334997681881E0,1.209109810435E1,-5.15E1));
#3114=VERTEX_POINT('',#3113);
#3115=CARTESIAN_POINT('',(9.334997681881E0,1.926453496692E0,-5.15E1));
#3116=VERTEX_POINT('',#3115);
#3117=VERTEX_POINT('',#945);
#3118=VERTEX_POINT('',#950);
#3119=CARTESIAN_POINT('',(1.183499768188E1,7.008775800522E0,-5.499996971980E1));
#3120=VERTEX_POINT('',#3119);
#3121=VERTEX_POINT('',#960);
#3122=VERTEX_POINT('',#965);
#3123=CARTESIAN_POINT('',(1.000660262015E1,1.324885404014E1,-5.3E1));
#3124=CARTESIAN_POINT('',(1.000660262015E1,7.686975609064E-1,-5.3E1));
#3125=VERTEX_POINT('',#3123);
#3126=VERTEX_POINT('',#3124);
#3127=CARTESIAN_POINT('',(-1.536607256391E0,7.686975609064E-1,-5.3E1));
#3128=CARTESIAN_POINT('',(-1.536607256391E0,1.324885404014E1,-5.3E1));
#3129=VERTEX_POINT('',#3127);
#3130=VERTEX_POINT('',#3128);
#3131=CARTESIAN_POINT('',(9.357765425515E0,1.308822895395E1,-5.3E1));
#3132=VERTEX_POINT('',#3131);
#3133=CARTESIAN_POINT('',(9.357765425515E0,9.293226470884E-1,-5.3E1));
#3134=VERTEX_POINT('',#3133);
#3135=CARTESIAN_POINT('',(-8.877700617525E-1,9.293226470884E-1,-5.3E1));
#3136=VERTEX_POINT('',#3135);
#3137=CARTESIAN_POINT('',(-8.877700617525E-1,1.308822895395E1,-5.3E1));
#3138=VERTEX_POINT('',#3137);
#3139=VERTEX_POINT('',#2323);
#3140=VERTEX_POINT('',#2331);
#3141=VERTEX_POINT('',#2437);
#3142=VERTEX_POINT('',#2445);
#3143=VERTEX_POINT('',#2455);
#3144=VERTEX_POINT('',#2463);
#3145=VERTEX_POINT('',#2341);
#3146=VERTEX_POINT('',#2349);
#3147=CARTESIAN_POINT('',(2.307461449997E0,2.793921679164E-1,-3.15E1));
#3148=CARTESIAN_POINT('',(6.162533913765E0,2.793921679164E-1,-3.15E1));
#3149=VERTEX_POINT('',#3147);
#3150=VERTEX_POINT('',#3148);
#3151=CARTESIAN_POINT('',(6.162533913765E0,1.373815943313E1,-3.15E1));
#3152=CARTESIAN_POINT('',(2.307461449997E0,1.373815943313E1,-3.15E1));
#3153=VERTEX_POINT('',#3151);
#3154=VERTEX_POINT('',#3152);
#3155=CARTESIAN_POINT('',(4.234997681881E0,-1.141224199478E0,-7.9E1));
#3156=CARTESIAN_POINT('',(4.234997681881E0,1.515877580052E1,-7.9E1));
#3157=VERTEX_POINT('',#3155);
#3158=VERTEX_POINT('',#3156);
#3159=CARTESIAN_POINT('',(4.234997681881E0,-1.441224199478E0,-7.9E1));
#3160=CARTESIAN_POINT('',(4.234997681881E0,1.545877580052E1,-7.9E1));
#3161=VERTEX_POINT('',#3159);
#3162=VERTEX_POINT('',#3160);
#3163=CARTESIAN_POINT('',(-1.443910663919E0,1.700877580052E1,-5.435E1));
#3164=CARTESIAN_POINT('',(9.913906027681E0,1.700877580052E1,-5.435E1));
#3165=VERTEX_POINT('',#3163);
#3166=VERTEX_POINT('',#3164);
#3167=CARTESIAN_POINT('',(9.913906027681E0,-2.991224199478E0,-5.435E1));
#3168=CARTESIAN_POINT('',(-1.443910663919E0,-2.991224199478E0,-5.435E1));
#3169=VERTEX_POINT('',#3167);
#3170=VERTEX_POINT('',#3168);
#3171=CARTESIAN_POINT('',(4.234997681881E0,1.625877580052E1,-7.335E1));
#3172=CARTESIAN_POINT('',(4.234997681881E0,-2.241224199478E0,-7.335E1));
#3173=VERTEX_POINT('',#3171);
#3174=VERTEX_POINT('',#3172);
#3175=CARTESIAN_POINT('',(4.234997681881E0,-2.841224199478E0,-7.335E1));
#3176=CARTESIAN_POINT('',(4.234997681881E0,1.685877580052E1,-7.335E1));
#3177=VERTEX_POINT('',#3175);
#3178=VERTEX_POINT('',#3176);
#3179=CARTESIAN_POINT('',(4.234997681881E0,-2.841224199478E0,-7.65E1));
#3180=CARTESIAN_POINT('',(4.234997681881E0,1.685877580052E1,-7.65E1));
#3181=VERTEX_POINT('',#3179);
#3182=VERTEX_POINT('',#3180);
#3183=CARTESIAN_POINT('',(-4.915002318119E0,7.008775800522E0,-6.915E1));
#3184=CARTESIAN_POINT('',(-4.915002318119E0,7.008775800522E0,-7.05E1));
#3185=VERTEX_POINT('',#3183);
#3186=VERTEX_POINT('',#3184);
#3187=CARTESIAN_POINT('',(1.338499768188E1,7.008775800522E0,-6.915E1));
#3188=CARTESIAN_POINT('',(1.338499768188E1,7.008775800522E0,-7.05E1));
#3189=VERTEX_POINT('',#3187);
#3190=VERTEX_POINT('',#3188);
#3191=CARTESIAN_POINT('',(4.234997681881E0,1.685877580052E1,-6.915E1));
#3192=CARTESIAN_POINT('',(4.234997681881E0,-2.841224199478E0,-6.915E1));
#3193=VERTEX_POINT('',#3191);
#3194=VERTEX_POINT('',#3192);
#3195=CARTESIAN_POINT('',(4.234997681881E0,-2.841224199478E0,-7.05E1));
#3196=CARTESIAN_POINT('',(4.234997681881E0,1.685877580052E1,-7.05E1));
#3197=VERTEX_POINT('',#3195);
#3198=VERTEX_POINT('',#3196);
#3199=CARTESIAN_POINT('',(4.234997681881E0,-3.491224199478E0,-6.86E1));
#3200=CARTESIAN_POINT('',(4.234997681881E0,1.750877580052E1,-6.86E1));
#3201=VERTEX_POINT('',#3199);
#3202=VERTEX_POINT('',#3200);
#3203=CARTESIAN_POINT('',(4.234997681881E0,-2.841224199478E0,-6.86E1));
#3204=CARTESIAN_POINT('',(4.234997681881E0,1.685877580052E1,-6.86E1));
#3205=VERTEX_POINT('',#3203);
#3206=VERTEX_POINT('',#3204);
#3207=CARTESIAN_POINT('',(4.234997681881E0,-3.491224199478E0,-5.685E1));
#3208=CARTESIAN_POINT('',(4.234997681881E0,1.750877580052E1,-5.685E1));
#3209=VERTEX_POINT('',#3207);
#3210=VERTEX_POINT('',#3208);
#3211=CARTESIAN_POINT('',(-7.265002318119E0,1.695877580052E1,-5.685E1));
#3212=CARTESIAN_POINT('',(-7.265002318119E0,2.005877580052E1,-5.685E1));
#3213=VERTEX_POINT('',#3211);
#3214=VERTEX_POINT('',#3212);
#3215=CARTESIAN_POINT('',(-7.265002318119E0,-6.041224199478E0,-5.685E1));
#3216=CARTESIAN_POINT('',(-7.265002318119E0,-2.941224199478E0,-5.685E1));
#3217=VERTEX_POINT('',#3215);
#3218=VERTEX_POINT('',#3216);
#3219=CARTESIAN_POINT('',(1.573499768188E1,1.695877580052E1,-5.685E1));
#3220=CARTESIAN_POINT('',(1.573499768188E1,2.005877580052E1,-5.685E1));
#3221=VERTEX_POINT('',#3219);
#3222=VERTEX_POINT('',#3220);
#3223=CARTESIAN_POINT('',(1.573499768188E1,-6.041224199478E0,-5.685E1));
#3224=CARTESIAN_POINT('',(1.573499768188E1,-2.941224199478E0,-5.685E1));
#3225=VERTEX_POINT('',#3223);
#3226=VERTEX_POINT('',#3224);
#3227=CARTESIAN_POINT('',(-7.265002318119E0,1.695877580052E1,-5.435E1));
#3228=CARTESIAN_POINT('',(-7.265002318119E0,2.005877580052E1,-5.435E1));
#3229=VERTEX_POINT('',#3227);
#3230=VERTEX_POINT('',#3228);
#3231=CARTESIAN_POINT('',(-7.265002318119E0,-6.041224199478E0,-5.435E1));
#3232=CARTESIAN_POINT('',(-7.265002318119E0,-2.941224199478E0,-5.435E1));
#3233=VERTEX_POINT('',#3231);
#3234=VERTEX_POINT('',#3232);
#3235=CARTESIAN_POINT('',(1.573499768188E1,1.695877580052E1,-5.435E1));
#3236=CARTESIAN_POINT('',(1.573499768188E1,2.005877580052E1,-5.435E1));
#3237=VERTEX_POINT('',#3235);
#3238=VERTEX_POINT('',#3236);
#3239=CARTESIAN_POINT('',(1.573499768188E1,-6.041224199478E0,-5.435E1));
#3240=CARTESIAN_POINT('',(1.573499768188E1,-2.941224199478E0,-5.435E1));
#3241=VERTEX_POINT('',#3239);
#3242=VERTEX_POINT('',#3240);
#3243=CARTESIAN_POINT('',(4.234997681881E0,1.635877580052E1,-7.95E1));
#3244=CARTESIAN_POINT('',(4.234997681881E0,-2.341224199478E0,-7.95E1));
#3245=VERTEX_POINT('',#3243);
#3246=VERTEX_POINT('',#3244);
#3247=CARTESIAN_POINT('',(4.234997681881E0,1.685877580052E1,-7.9E1));
#3248=CARTESIAN_POINT('',(4.234997681881E0,-2.841224199478E0,-7.9E1));
#3249=VERTEX_POINT('',#3247);
#3250=VERTEX_POINT('',#3248);
#3251=CARTESIAN_POINT('',(-9.265002318119E0,-8.291224199478E0,-5.685E1));
#3252=CARTESIAN_POINT('',(-1.106500231812E1,-6.491224199478E0,-5.685E1));
#3253=VERTEX_POINT('',#3251);
#3254=VERTEX_POINT('',#3252);
#3255=CARTESIAN_POINT('',(-9.265002318119E0,-8.491224199478E0,-5.665E1));
#3256=CARTESIAN_POINT('',(-1.126500231812E1,-6.491224199478E0,-5.665E1));
#3257=VERTEX_POINT('',#3255);
#3258=VERTEX_POINT('',#3256);
#3259=CARTESIAN_POINT('',(-1.106500231812E1,2.050877580052E1,-5.685E1));
#3260=VERTEX_POINT('',#3259);
#3261=CARTESIAN_POINT('',(-1.126500231812E1,2.050877579780E1,-5.665E1));
#3262=VERTEX_POINT('',#3261);
#3263=CARTESIAN_POINT('',(-9.265002318119E0,2.230877580052E1,-5.685E1));
#3264=VERTEX_POINT('',#3263);
#3265=CARTESIAN_POINT('',(-9.265002318119E0,2.250877580052E1,-5.665E1));
#3266=VERTEX_POINT('',#3265);
#3267=CARTESIAN_POINT('',(1.773499768188E1,2.230877580052E1,-5.685E1));
#3268=VERTEX_POINT('',#3267);
#3269=CARTESIAN_POINT('',(1.773499767916E1,2.250877580052E1,-5.665E1));
#3270=VERTEX_POINT('',#3269);
#3271=CARTESIAN_POINT('',(1.953499768188E1,2.050877580052E1,-5.685E1));
#3272=VERTEX_POINT('',#3271);
#3273=CARTESIAN_POINT('',(1.973499768188E1,2.050877580052E1,-5.665E1));
#3274=VERTEX_POINT('',#3273);
#3275=CARTESIAN_POINT('',(1.953499768188E1,-6.491224199478E0,-5.685E1));
#3276=VERTEX_POINT('',#3275);
#3277=CARTESIAN_POINT('',(1.973499768188E1,-6.491224196753E0,-5.665E1));
#3278=VERTEX_POINT('',#3277);
#3279=CARTESIAN_POINT('',(1.773499768188E1,-8.291224199478E0,-5.685E1));
#3280=VERTEX_POINT('',#3279);
#3281=CARTESIAN_POINT('',(1.773499768188E1,-8.491224199478E0,-5.665E1));
#3282=VERTEX_POINT('',#3281);
#3283=CARTESIAN_POINT('',(1.773499768188E1,-8.291224199478E0,-5.435E1));
#3284=CARTESIAN_POINT('',(1.953499768188E1,-6.491224199478E0,-5.435E1));
#3285=VERTEX_POINT('',#3283);
#3286=VERTEX_POINT('',#3284);
#3287=CARTESIAN_POINT('',(1.773499768188E1,-8.491224199478E0,-5.455E1));
#3288=CARTESIAN_POINT('',(1.973499768188E1,-6.491224199478E0,-5.455E1));
#3289=VERTEX_POINT('',#3287);
#3290=VERTEX_POINT('',#3288);
#3291=CARTESIAN_POINT('',(1.953499768188E1,2.050877580052E1,-5.435E1));
#3292=VERTEX_POINT('',#3291);
#3293=CARTESIAN_POINT('',(1.973499768188E1,2.050877579859E1,-5.455E1));
#3294=VERTEX_POINT('',#3293);
#3295=CARTESIAN_POINT('',(1.773499768188E1,2.230877580052E1,-5.435E1));
#3296=VERTEX_POINT('',#3295);
#3297=CARTESIAN_POINT('',(1.773499768188E1,2.250877580052E1,-5.455E1));
#3298=VERTEX_POINT('',#3297);
#3299=CARTESIAN_POINT('',(-9.265002318119E0,2.230877580052E1,-5.435E1));
#3300=VERTEX_POINT('',#3299);
#3301=CARTESIAN_POINT('',(-9.265002316183E0,2.250877580052E1,-5.455E1));
#3302=VERTEX_POINT('',#3301);
#3303=CARTESIAN_POINT('',(-1.106500231812E1,2.050877580052E1,-5.435E1));
#3304=VERTEX_POINT('',#3303);
#3305=CARTESIAN_POINT('',(-1.126500231812E1,2.050877580052E1,-5.455E1));
#3306=VERTEX_POINT('',#3305);
#3307=CARTESIAN_POINT('',(-1.106500231812E1,-6.491224199478E0,-5.435E1));
#3308=VERTEX_POINT('',#3307);
#3309=CARTESIAN_POINT('',(-1.126500231812E1,-6.491224197543E0,-5.455E1));
#3310=VERTEX_POINT('',#3309);
#3311=CARTESIAN_POINT('',(-9.265002318119E0,-8.291224199478E0,-5.435E1));
#3312=VERTEX_POINT('',#3311);
#3313=CARTESIAN_POINT('',(-9.265002318119E0,-8.491224199478E0,-5.455E1));
#3314=VERTEX_POINT('',#3313);
#3315=CARTESIAN_POINT('',(-1.390835589733E0,-2.791224199478E0,-3.935E1));
#3316=CARTESIAN_POINT('',(9.860830953495E0,-2.791224199478E0,-3.935E1));
#3317=VERTEX_POINT('',#3315);
#3318=VERTEX_POINT('',#3316);
#3319=CARTESIAN_POINT('',(-1.443910663919E0,-2.991224199478E0,-3.955E1));
#3320=CARTESIAN_POINT('',(9.913906027681E0,-2.991224199478E0,-3.955E1));
#3321=VERTEX_POINT('',#3319);
#3322=VERTEX_POINT('',#3320);
#3323=CARTESIAN_POINT('',(9.913906027681E0,1.700877580052E1,-3.955E1));
#3324=CARTESIAN_POINT('',(-1.443910663919E0,1.700877580052E1,-3.955E1));
#3325=VERTEX_POINT('',#3323);
#3326=VERTEX_POINT('',#3324);
#3327=CARTESIAN_POINT('',(9.860830953495E0,1.680877580052E1,-3.935E1));
#3328=CARTESIAN_POINT('',(-1.390835589733E0,1.680877580052E1,-3.935E1));
#3329=VERTEX_POINT('',#3327);
#3330=VERTEX_POINT('',#3328);
#3331=CARTESIAN_POINT('',(4.234997681881E0,1.515877580052E1,-7.93E1));
#3332=CARTESIAN_POINT('',(4.234997681881E0,-1.141224199478E0,-7.93E1));
#3333=VERTEX_POINT('',#3331);
#3334=VERTEX_POINT('',#3332);
#3335=CARTESIAN_POINT('',(4.234997681881E0,1.535877580052E1,-7.95E1));
#3336=CARTESIAN_POINT('',(4.234997681881E0,-1.341224199478E0,-7.95E1));
#3337=VERTEX_POINT('',#3335);
#3338=VERTEX_POINT('',#3336);
#3339=CARTESIAN_POINT('',(1.027725746984E0,-5.677074580088E0,-5.675E1));
#3340=CARTESIAN_POINT('',(-1.105002318119E0,-4.682567150568E0,-5.675E1));
#3341=VERTEX_POINT('',#3339);
#3342=VERTEX_POINT('',#3340);
#3343=CARTESIAN_POINT('',(-1.230002318119E0,-4.899073501514E0,-5.675E1));
#3344=VERTEX_POINT('',#3343);
#3345=CARTESIAN_POINT('',(-1.730002318119E0,-4.033048097730E0,-5.675E1));
#3346=VERTEX_POINT('',#3345);
#3347=CARTESIAN_POINT('',(-7.300023181190E-1,-4.033048097730E0,-5.675E1));
#3348=VERTEX_POINT('',#3347);
#3349=CARTESIAN_POINT('',(-8.550023181190E-1,-4.249554448676E0,-5.675E1));
#3350=VERTEX_POINT('',#3349);
#3351=CARTESIAN_POINT('',(1.198735818647E0,-5.207228269695E0,-5.675E1));
#3352=VERTEX_POINT('',#3351);
#3353=CARTESIAN_POINT('',(1.027725746984E0,-5.677074580088E0,-5.685E1));
#3354=CARTESIAN_POINT('',(-1.105002318119E0,-4.682567150568E0,-5.685E1));
#3355=VERTEX_POINT('',#3353);
#3356=VERTEX_POINT('',#3354);
#3357=CARTESIAN_POINT('',(-1.230002318119E0,-4.899073501514E0,-5.685E1));
#3358=VERTEX_POINT('',#3357);
#3359=CARTESIAN_POINT('',(-1.730002318119E0,-4.033048097730E0,-5.685E1));
#3360=VERTEX_POINT('',#3359);
#3361=CARTESIAN_POINT('',(-7.300023181190E-1,-4.033048097730E0,-5.685E1));
#3362=VERTEX_POINT('',#3361);
#3363=CARTESIAN_POINT('',(-8.550023181190E-1,-4.249554448676E0,-5.685E1));
#3364=VERTEX_POINT('',#3363);
#3365=CARTESIAN_POINT('',(1.198735818647E0,-5.207228269695E0,-5.685E1));
#3366=VERTEX_POINT('',#3365);
#3367=CARTESIAN_POINT('',(-9.357900446229E-1,-1.608964871339E0,-5.455E1));
#3368=CARTESIAN_POINT('',(-4.212838031797E-1,-1.751478237323E0,-5.455E1));
#3369=VERTEX_POINT('',#3367);
#3370=VERTEX_POINT('',#3368);
#3371=CARTESIAN_POINT('',(8.891279166942E0,-1.751478237323E0,-5.455E1));
#3372=CARTESIAN_POINT('',(9.405785408385E0,-1.608964871339E0,-5.455E1));
#3373=VERTEX_POINT('',#3371);
#3374=VERTEX_POINT('',#3372);
#3375=CARTESIAN_POINT('',(9.405785408385E0,1.562651647238E1,-5.455E1));
#3376=CARTESIAN_POINT('',(8.891279166942E0,1.576902983837E1,-5.455E1));
#3377=VERTEX_POINT('',#3375);
#3378=VERTEX_POINT('',#3376);
#3379=CARTESIAN_POINT('',(-4.212838031797E-1,1.576902983837E1,-5.455E1));
#3380=CARTESIAN_POINT('',(-9.357900446229E-1,1.562651647238E1,-5.455E1));
#3381=VERTEX_POINT('',#3379);
#3382=VERTEX_POINT('',#3380);
#3383=CARTESIAN_POINT('',(4.234997681881E0,-1.441224199478E0,-5.465E1));
#3384=CARTESIAN_POINT('',(4.234997681881E0,1.545877580052E1,-5.465E1));
#3385=VERTEX_POINT('',#3383);
#3386=VERTEX_POINT('',#3384);
#3387=CARTESIAN_POINT('',(4.234997681881E0,1.555877580052E1,-5.455E1));
#3388=VERTEX_POINT('',#3387);
#3389=CARTESIAN_POINT('',(4.234997681881E0,-1.541224199477E0,-5.455E1));
#3390=VERTEX_POINT('',#3389);
#3391=CARTESIAN_POINT('',(5.470554890244E0,-1.451478237323E0,-5.455E1));
#3392=CARTESIAN_POINT('',(5.470554890244E0,1.546902983837E1,-5.455E1));
#3393=VERTEX_POINT('',#3391);
#3394=VERTEX_POINT('',#3392);
#3395=CARTESIAN_POINT('',(2.999440473518E0,1.546902983837E1,-5.455E1));
#3396=CARTESIAN_POINT('',(2.999440473518E0,-1.451478237323E0,-5.455E1));
#3397=VERTEX_POINT('',#3395);
#3398=VERTEX_POINT('',#3396);
#3399=CARTESIAN_POINT('',(9.379408043646E0,1.534994130840E1,-5.455E1));
#3400=CARTESIAN_POINT('',(9.379408043646E0,-1.332389707353E0,-5.455E1));
#3401=VERTEX_POINT('',#3399);
#3402=VERTEX_POINT('',#3400);
#3403=CARTESIAN_POINT('',(8.959456177380E0,-1.451478237323E0,-5.455E1));
#3404=VERTEX_POINT('',#3403);
#3405=CARTESIAN_POINT('',(-4.894608136175E-1,-1.451478237323E0,-5.455E1));
#3406=VERTEX_POINT('',#3405);
#3407=CARTESIAN_POINT('',(-9.094126798840E-1,-1.332389707353E0,-5.455E1));
#3408=CARTESIAN_POINT('',(-9.094126798840E-1,1.534994130840E1,-5.455E1));
#3409=VERTEX_POINT('',#3407);
#3410=VERTEX_POINT('',#3408);
#3411=CARTESIAN_POINT('',(-4.894608136175E-1,1.546902983837E1,-5.455E1));
#3412=VERTEX_POINT('',#3411);
#3413=CARTESIAN_POINT('',(8.959456177380E0,1.546902983837E1,-5.455E1));
#3414=VERTEX_POINT('',#3413);
#3415=CARTESIAN_POINT('',(-1.115002318119E0,-2.257696019972E0,-7.1025E1));
#3416=CARTESIAN_POINT('',(5.753821482964E-1,-3.045935241888E0,-7.1025E1));
#3417=VERTEX_POINT('',#3415);
#3418=VERTEX_POINT('',#3416);
#3419=CARTESIAN_POINT('',(5.753821482964E-1,-3.045935241888E0,-7.1125E1));
#3420=CARTESIAN_POINT('',(-1.115002318119E0,-2.257696019972E0,-7.1125E1));
#3421=VERTEX_POINT('',#3419);
#3422=VERTEX_POINT('',#3420);
#3423=CARTESIAN_POINT('',(4.727761052987E-1,-3.327843028123E0,-7.1025E1));
#3424=VERTEX_POINT('',#3423);
#3425=CARTESIAN_POINT('',(-1.265002318119E0,-2.517503641107E0,-7.1025E1));
#3426=VERTEX_POINT('',#3425);
#3427=CARTESIAN_POINT('',(-1.340002318119E0,-2.647407451675E0,-7.1025E1));
#3428=VERTEX_POINT('',#3427);
#3429=CARTESIAN_POINT('',(-1.640002318119E0,-2.127792209404E0,-7.1025E1));
#3430=VERTEX_POINT('',#3429);
#3431=CARTESIAN_POINT('',(-1.040002318119E0,-2.127792209404E0,-7.1025E1));
#3432=VERTEX_POINT('',#3431);
#3433=CARTESIAN_POINT('',(4.727761052987E-1,-3.327843028123E0,-7.1125E1));
#3434=VERTEX_POINT('',#3433);
#3435=CARTESIAN_POINT('',(-1.265002318119E0,-2.517503641107E0,-7.1125E1));
#3436=VERTEX_POINT('',#3435);
#3437=CARTESIAN_POINT('',(-1.340002318119E0,-2.647407451675E0,-7.1125E1));
#3438=VERTEX_POINT('',#3437);
#3439=CARTESIAN_POINT('',(-1.640002318119E0,-2.127792209404E0,-7.1125E1));
#3440=VERTEX_POINT('',#3439);
#3441=CARTESIAN_POINT('',(-1.040002318119E0,-2.127792209404E0,-7.1125E1));
#3442=VERTEX_POINT('',#3441);
#3443=CARTESIAN_POINT('',(4.234997681881E0,-3.141224199478E0,-7.1125E1));
#3444=CARTESIAN_POINT('',(4.234997681881E0,1.715877580052E1,-7.1125E1));
#3445=VERTEX_POINT('',#3443);
#3446=VERTEX_POINT('',#3444);
#3447=CARTESIAN_POINT('',(4.234997681881E0,-2.941224199478E0,-7.0925E1));
#3448=CARTESIAN_POINT('',(4.234997681881E0,1.695877580052E1,-7.0925E1));
#3449=VERTEX_POINT('',#3447);
#3450=VERTEX_POINT('',#3448);
#3451=CARTESIAN_POINT('',(4.234997681881E0,1.715877580052E1,-6.8625E1));
#3452=CARTESIAN_POINT('',(4.234997681881E0,-3.141224199478E0,-6.8625E1));
#3453=VERTEX_POINT('',#3451);
#3454=VERTEX_POINT('',#3452);
#3455=CARTESIAN_POINT('',(4.234997681881E0,1.695877580052E1,-6.8825E1));
#3456=CARTESIAN_POINT('',(4.234997681881E0,-2.941224199478E0,-6.8825E1));
#3457=VERTEX_POINT('',#3455);
#3458=VERTEX_POINT('',#3456);
#3459=CARTESIAN_POINT('',(6.484997681881E0,-3.641224199478E0,-6.8625E1));
#3460=CARTESIAN_POINT('',(1.984997681881E0,-3.641224199478E0,-6.8625E1));
#3461=VERTEX_POINT('',#3459);
#3462=VERTEX_POINT('',#3460);
#3463=CARTESIAN_POINT('',(-6.415002318119E0,8.708775800522E0,-6.8625E1));
#3464=CARTESIAN_POINT('',(-6.415002318119E0,5.308775800522E0,-6.8625E1));
#3465=VERTEX_POINT('',#3463);
#3466=VERTEX_POINT('',#3464);
#3467=VERTEX_POINT('',#2719);
#3468=VERTEX_POINT('',#2731);
#3469=VERTEX_POINT('',#2783);
#3470=VERTEX_POINT('',#2795);
#3471=VERTEX_POINT('',#2937);
#3472=VERTEX_POINT('',#2942);
#3473=VERTEX_POINT('',#2749);
#3474=VERTEX_POINT('',#2503);
#3475=VERTEX_POINT('',#2506);
#3476=CARTESIAN_POINT('',(1.984997681881E0,-3.641224199478E0,-7.1025E1));
#3477=VERTEX_POINT('',#3476);
#3478=CARTESIAN_POINT('',(1.884997681881E0,-3.541224199478E0,-7.1125E1));
#3479=VERTEX_POINT('',#3478);
#3480=CARTESIAN_POINT('',(6.484997681881E0,-3.641224199478E0,-7.1025E1));
#3481=VERTEX_POINT('',#3480);
#3482=CARTESIAN_POINT('',(6.584997681881E0,-3.541224199478E0,-7.1125E1));
#3483=VERTEX_POINT('',#3482);
#3484=CARTESIAN_POINT('',(6.484998000539E0,-4.155150630723E0,
-7.102499973626E1));
#3485=VERTEX_POINT('',#3484);
#3486=CARTESIAN_POINT('',(6.584997681881E0,-4.176362507615E0,-7.1125E1));
#3487=VERTEX_POINT('',#3486);
#3488=VERTEX_POINT('',#2615);
#3489=VERTEX_POINT('',#2620);
#3490=VERTEX_POINT('',#2832);
#3491=VERTEX_POINT('',#2944);
#3492=VERTEX_POINT('',#2949);
#3493=VERTEX_POINT('',#2863);
#3494=VERTEX_POINT('',#2545);
#3495=VERTEX_POINT('',#2805);
#3496=CARTESIAN_POINT('',(-6.315002318119E0,5.208775800522E0,-7.1125E1));
#3497=VERTEX_POINT('',#3496);
#3498=CARTESIAN_POINT('',(-6.415002318119E0,5.308775800522E0,-7.1025E1));
#3499=VERTEX_POINT('',#3498);
#3500=CARTESIAN_POINT('',(-6.315002318119E0,8.808775800522E0,-7.1125E1));
#3501=VERTEX_POINT('',#3500);
#3502=CARTESIAN_POINT('',(-6.415002318119E0,8.708775800522E0,-7.1025E1));
#3503=VERTEX_POINT('',#3502);
#3504=CARTESIAN_POINT('',(-7.030692745317E0,8.708775820787E0,
-7.102499998387E1));
#3505=VERTEX_POINT('',#3504);
#3506=CARTESIAN_POINT('',(-7.056613899883E0,8.808775800522E0,-7.1125E1));
#3507=VERTEX_POINT('',#3506);
#3508=VERTEX_POINT('',#2630);
#3509=VERTEX_POINT('',#2635);
#3510=VERTEX_POINT('',#2528);
#3511=CARTESIAN_POINT('',(1.984997681881E0,-4.523786794149E0,-6.8825E1));
#3512=CARTESIAN_POINT('',(-7.391373205029E0,5.308775800522E0,-6.8825E1));
#3513=VERTEX_POINT('',#3511);
#3514=VERTEX_POINT('',#3512);
#3515=CARTESIAN_POINT('',(-7.189209073951E0,5.308775800522E0,-6.8625E1));
#3516=CARTESIAN_POINT('',(1.984997681881E0,-4.319948752578E0,-6.8625E1));
#3517=VERTEX_POINT('',#3515);
#3518=VERTEX_POINT('',#3516);
#3519=CARTESIAN_POINT('',(4.234997681881E0,1.670877580052E1,-7.46E1));
#3520=CARTESIAN_POINT('',(4.234997681881E0,1.670877580052E1,-7.44E1));
#3521=VERTEX_POINT('',#3519);
#3522=VERTEX_POINT('',#3520);
#3523=CARTESIAN_POINT('',(4.234997681881E0,1.670877580052E1,-7.37E1));
#3524=CARTESIAN_POINT('',(4.234997681881E0,1.670877580052E1,-7.35E1));
#3525=VERTEX_POINT('',#3523);
#3526=VERTEX_POINT('',#3524);
#3527=CARTESIAN_POINT('',(4.234997681881E0,-2.691224199478E0,-7.46E1));
#3528=CARTESIAN_POINT('',(4.234997681881E0,-2.691224199478E0,-7.44E1));
#3529=VERTEX_POINT('',#3527);
#3530=VERTEX_POINT('',#3528);
#3531=CARTESIAN_POINT('',(4.234997681881E0,-2.691224199478E0,-7.37E1));
#3532=CARTESIAN_POINT('',(4.234997681881E0,-2.691224199478E0,-7.35E1));
#3533=VERTEX_POINT('',#3531);
#3534=VERTEX_POINT('',#3532);
#3535=CARTESIAN_POINT('',(4.234997681881E0,1.670877580052E1,-7.62E1));
#3536=CARTESIAN_POINT('',(4.234997681881E0,-2.691224199478E0,-7.62E1));
#3537=VERTEX_POINT('',#3535);
#3538=VERTEX_POINT('',#3536);
#3539=CARTESIAN_POINT('',(4.234997681881E0,1.670877580052E1,-7.55E1));
#3540=CARTESIAN_POINT('',(4.234997681881E0,1.670877580052E1,-7.53E1));
#3541=VERTEX_POINT('',#3539);
#3542=VERTEX_POINT('',#3540);
#3543=CARTESIAN_POINT('',(4.234997681881E0,-2.691224199478E0,-7.55E1));
#3544=CARTESIAN_POINT('',(4.234997681881E0,-2.691224199478E0,-7.53E1));
#3545=VERTEX_POINT('',#3543);
#3546=VERTEX_POINT('',#3544);
#3547=CARTESIAN_POINT('',(4.234997681881E0,1.720979388166E1,-7.385941484400E1));
#3548=CARTESIAN_POINT('',(4.234997681881E0,-3.192242280613E0,
-7.385941484400E1));
#3549=VERTEX_POINT('',#3547);
#3550=VERTEX_POINT('',#3548);
#3551=CARTESIAN_POINT('',(4.234997681881E0,1.720979388166E1,-7.424058515600E1));
#3552=CARTESIAN_POINT('',(4.234997681881E0,-3.192242280613E0,
-7.424058515600E1));
#3553=VERTEX_POINT('',#3551);
#3554=VERTEX_POINT('',#3552);
#3555=CARTESIAN_POINT('',(4.234997681881E0,1.720979388166E1,-7.475941484400E1));
#3556=CARTESIAN_POINT('',(4.234997681881E0,-3.192242280613E0,
-7.475941484400E1));
#3557=VERTEX_POINT('',#3555);
#3558=VERTEX_POINT('',#3556);
#3559=CARTESIAN_POINT('',(4.234997681881E0,1.720979388166E1,-7.514058515600E1));
#3560=CARTESIAN_POINT('',(4.234997681881E0,-3.192242280613E0,
-7.514058515600E1));
#3561=VERTEX_POINT('',#3559);
#3562=VERTEX_POINT('',#3560);
#3563=CARTESIAN_POINT('',(4.234997681881E0,1.720979388166E1,-7.565941484400E1));
#3564=CARTESIAN_POINT('',(4.234997681881E0,-3.192242280613E0,
-7.565941484400E1));
#3565=VERTEX_POINT('',#3563);
#3566=VERTEX_POINT('',#3564);
#3567=CARTESIAN_POINT('',(4.234997681881E0,1.720979388166E1,-7.604058515600E1));
#3568=CARTESIAN_POINT('',(4.234997681881E0,-3.192242280613E0,
-7.604058515600E1));
#3569=VERTEX_POINT('',#3567);
#3570=VERTEX_POINT('',#3568);
#3571=CARTESIAN_POINT('',(4.234997681881E0,1.625877580052E1,-7.35E1));
#3572=CARTESIAN_POINT('',(4.234997681881E0,-2.241224199478E0,-7.35E1));
#3573=VERTEX_POINT('',#3571);
#3574=VERTEX_POINT('',#3572);
#3575=CARTESIAN_POINT('',(4.234997681881E0,1.670877580052E1,-7.65E1));
#3576=CARTESIAN_POINT('',(4.234997681881E0,-2.691224199478E0,-7.65E1));
#3577=VERTEX_POINT('',#3575);
#3578=VERTEX_POINT('',#3576);
#3579=CARTESIAN_POINT('',(-1.823438138082E0,-9.470620193055E-1,-3.935E1));
#3580=CARTESIAN_POINT('',(-1.823438138082E0,1.496461362035E1,-3.935E1));
#3581=VERTEX_POINT('',#3579);
#3582=VERTEX_POINT('',#3580);
#3583=CARTESIAN_POINT('',(-1.014400646451E0,-1.502617574861E0,-4.6E1));
#3584=CARTESIAN_POINT('',(-1.014400646451E0,1.552016917590E1,-4.6E1));
#3585=VERTEX_POINT('',#3583);
#3586=VERTEX_POINT('',#3584);
#3587=CARTESIAN_POINT('',(9.334997681881E0,1.295520329945E1,-4.6E1));
#3588=CARTESIAN_POINT('',(9.334997681881E0,1.264348963531E1,-4.6E1));
#3589=VERTEX_POINT('',#3587);
#3590=VERTEX_POINT('',#3588);
#3591=CARTESIAN_POINT('',(-8.650023181189E-1,1.062348301594E0,-4.6E1));
#3592=CARTESIAN_POINT('',(-8.650023181189E-1,1.374061965729E0,-4.6E1));
#3593=VERTEX_POINT('',#3591);
#3594=VERTEX_POINT('',#3592);
#3595=CARTESIAN_POINT('',(1.000660262015E1,7.686975609064E-1,-4.6E1));
#3596=CARTESIAN_POINT('',(1.000660262015E1,1.324885404014E1,-4.6E1));
#3597=VERTEX_POINT('',#3595);
#3598=VERTEX_POINT('',#3596);
#3599=CARTESIAN_POINT('',(-1.536607256391E0,1.324885404014E1,-4.6E1));
#3600=CARTESIAN_POINT('',(-1.536607256391E0,7.686975609064E-1,-4.6E1));
#3601=VERTEX_POINT('',#3599);
#3602=VERTEX_POINT('',#3600);
#3603=CARTESIAN_POINT('',(-4.894608136175E-1,1.566902983837E1,-4.6E1));
#3604=CARTESIAN_POINT('',(8.959456177380E0,1.566902983837E1,-4.6E1));
#3605=VERTEX_POINT('',#3603);
#3606=VERTEX_POINT('',#3604);
#3607=CARTESIAN_POINT('',(8.959456177380E0,-1.651478237323E0,-4.6E1));
#3608=CARTESIAN_POINT('',(-4.894608136175E-1,-1.651478237323E0,-4.6E1));
#3609=VERTEX_POINT('',#3607);
#3610=VERTEX_POINT('',#3608);
#3611=CARTESIAN_POINT('',(9.484396010213E0,1.552016917590E1,-4.6E1));
#3612=VERTEX_POINT('',#3611);
#3613=CARTESIAN_POINT('',(9.484396010213E0,-1.502617574861E0,-4.6E1));
#3614=VERTEX_POINT('',#3613);
#3615=CARTESIAN_POINT('',(9.334997681881E0,1.062348301594E0,-4.6E1));
#3616=VERTEX_POINT('',#3615);
#3617=CARTESIAN_POINT('',(-8.650023181189E-1,1.295520329945E1,-4.6E1));
#3618=VERTEX_POINT('',#3617);
#3619=CARTESIAN_POINT('',(-1.217594556085E0,1.516902983837E1,-3.935E1));
#3620=CARTESIAN_POINT('',(9.687589919848E0,1.516902983837E1,-3.935E1));
#3621=VERTEX_POINT('',#3619);
#3622=VERTEX_POINT('',#3620);
#3623=CARTESIAN_POINT('',(9.687589919848E0,-1.151478237323E0,-3.935E1));
#3624=CARTESIAN_POINT('',(-1.217594556085E0,-1.151478237323E0,-3.935E1));
#3625=VERTEX_POINT('',#3623);
#3626=VERTEX_POINT('',#3624);
#3627=CARTESIAN_POINT('',(1.029343350184E1,1.496461362035E1,-3.935E1));
#3628=VERTEX_POINT('',#3627);
#3629=CARTESIAN_POINT('',(1.029343350184E1,-9.470620193056E-1,-3.935E1));
#3630=VERTEX_POINT('',#3629);
#3631=CARTESIAN_POINT('',(9.405785408385E0,-1.608964871339E0,-4.6E1));
#3632=CARTESIAN_POINT('',(9.405785408385E0,1.562651647238E1,-4.6E1));
#3633=VERTEX_POINT('',#3631);
#3634=VERTEX_POINT('',#3632);
#3635=CARTESIAN_POINT('',(-9.357900446229E-1,1.562651647238E1,-4.6E1));
#3636=CARTESIAN_POINT('',(-9.357900446229E-1,-1.608964871339E0,-4.6E1));
#3637=VERTEX_POINT('',#3635);
#3638=VERTEX_POINT('',#3636);
#3639=CARTESIAN_POINT('',(-4.212838031797E-1,1.576902983837E1,-4.6E1));
#3640=CARTESIAN_POINT('',(8.891279166942E0,1.576902983837E1,-4.6E1));
#3641=VERTEX_POINT('',#3639);
#3642=VERTEX_POINT('',#3640);
#3643=CARTESIAN_POINT('',(8.891279166942E0,-1.751478237323E0,-4.6E1));
#3644=CARTESIAN_POINT('',(-4.212838031797E-1,-1.751478237323E0,-4.6E1));
#3645=VERTEX_POINT('',#3643);
#3646=VERTEX_POINT('',#3644);
#3647=CARTESIAN_POINT('',(9.334997681881E0,1.374061965729E0,-4.6E1));
#3648=VERTEX_POINT('',#3647);
#3649=CARTESIAN_POINT('',(-8.650023181189E-1,1.264348963531E1,-4.6E1));
#3650=VERTEX_POINT('',#3649);
#3651=CARTESIAN_POINT('',(-1.823438138082E0,1.496461362035E1,-3.15E1));
#3652=CARTESIAN_POINT('',(-1.823438138082E0,-9.470620193055E-1,-3.15E1));
#3653=VERTEX_POINT('',#3651);
#3654=VERTEX_POINT('',#3652);
#3655=CARTESIAN_POINT('',(-1.217594556085E0,-1.151478237323E0,-3.15E1));
#3656=VERTEX_POINT('',#3655);
#3657=CARTESIAN_POINT('',(9.687589919848E0,-1.151478237323E0,-3.15E1));
#3658=CARTESIAN_POINT('',(1.029343350184E1,-9.470620193055E-1,-3.15E1));
#3659=VERTEX_POINT('',#3657);
#3660=VERTEX_POINT('',#3658);
#3661=CARTESIAN_POINT('',(1.029343350184E1,1.496461362035E1,-3.15E1));
#3662=VERTEX_POINT('',#3661);
#3663=CARTESIAN_POINT('',(9.687589919848E0,1.516902983837E1,-3.15E1));
#3664=VERTEX_POINT('',#3663);
#3665=CARTESIAN_POINT('',(-1.217594556085E0,1.516902983837E1,-3.15E1));
#3666=VERTEX_POINT('',#3665);
#3667=CARTESIAN_POINT('',(4.234997681881E0,7.008775800522E0,-7.2E1));
#3668=DIRECTION('',(0.E0,0.E0,1.E0));
#3669=DIRECTION('',(-1.E0,0.E0,0.E0));
#3670=AXIS2_PLACEMENT_3D('',#3667,#3668,#3669);
#3671=PLANE('',#3670);
#3673=ORIENTED_EDGE('',*,*,#3672,.T.);
#3675=ORIENTED_EDGE('',*,*,#3674,.T.);
#3676=EDGE_LOOP('',(#3673,#3675));
#3677=FACE_OUTER_BOUND('',#3676,.F.);
#3679=ORIENTED_EDGE('',*,*,#3678,.F.);
#3681=ORIENTED_EDGE('',*,*,#3680,.F.);
#3682=EDGE_LOOP('',(#3679,#3681));
#3683=FACE_BOUND('',#3682,.F.);
#3684=FACE_SURFACE('',(#3677,#3683),#3671,.F.);
#3685=CARTESIAN_POINT('',(4.234997681881E0,7.008775800522E0,-4.5E1));
#3686=DIRECTION('',(0.E0,0.E0,1.E0));
#3687=DIRECTION('',(-1.E0,0.E0,0.E0));
#3688=AXIS2_PLACEMENT_3D('',#3685,#3686,#3687);
#3689=CYLINDRICAL_SURFACE('',#3688,4.E0);
#3691=ORIENTED_EDGE('',*,*,#3690,.T.);
#3693=ORIENTED_EDGE('',*,*,#3692,.F.);
#3695=ORIENTED_EDGE('',*,*,#3694,.F.);
#3697=ORIENTED_EDGE('',*,*,#3696,.T.);
#3698=EDGE_LOOP('',(#3691,#3693,#3695,#3697));
#3699=FACE_OUTER_BOUND('',#3698,.F.);
#3700=FACE_SURFACE('',(#3699),#3689,.T.);
#3701=CARTESIAN_POINT('',(4.234997681881E0,7.008775800522E0,-4.5E1));
#3702=DIRECTION('',(0.E0,0.E0,1.E0));
#3703=DIRECTION('',(-1.E0,0.E0,0.E0));
#3704=AXIS2_PLACEMENT_3D('',#3701,#3702,#3703);
#3705=CYLINDRICAL_SURFACE('',#3704,7.E0);
#3707=ORIENTED_EDGE('',*,*,#3706,.F.);
#3709=ORIENTED_EDGE('',*,*,#3708,.F.);
#3711=ORIENTED_EDGE('',*,*,#3710,.F.);
#3713=ORIENTED_EDGE('',*,*,#3712,.F.);
#3714=EDGE_LOOP('',(#3707,#3709,#3711,#3713));
#3715=FACE_OUTER_BOUND('',#3714,.F.);
#3716=FACE_SURFACE('',(#3715),#3705,.T.);
#3717=CARTESIAN_POINT('',(4.234997681881E0,7.008775800522E0,-8.E0));
#3718=DIRECTION('',(0.E0,0.E0,1.E0));
#3719=DIRECTION('',(-1.E0,0.E0,0.E0));
#3720=AXIS2_PLACEMENT_3D('',#3717,#3718,#3719);
#3721=PLANE('',#3720);
#3723=ORIENTED_EDGE('',*,*,#3722,.T.);
#3725=ORIENTED_EDGE('',*,*,#3724,.F.);
#3727=ORIENTED_EDGE('',*,*,#3726,.F.);
#3729=ORIENTED_EDGE('',*,*,#3728,.F.);
#3730=EDGE_LOOP('',(#3723,#3725,#3727,#3729));
#3731=FACE_OUTER_BOUND('',#3730,.F.);
#3732=FACE_SURFACE('',(#3731),#3721,.T.);
#3733=CARTESIAN_POINT('',(4.234997681881E0,7.008775800522E0,-4.5E1));
#3734=DIRECTION('',(0.E0,0.E0,1.E0));
#3735=DIRECTION('',(-1.E0,0.E0,0.E0));
#3736=AXIS2_PLACEMENT_3D('',#3733,#3734,#3735);
#3737=CYLINDRICAL_SURFACE('',#3736,4.E0);
#3739=ORIENTED_EDGE('',*,*,#3738,.T.);
#3740=ORIENTED_EDGE('',*,*,#3696,.F.);
#3742=ORIENTED_EDGE('',*,*,#3741,.F.);
#3743=ORIENTED_EDGE('',*,*,#3692,.T.);
#3744=EDGE_LOOP('',(#3739,#3740,#3742,#3743));
#3745=FACE_OUTER_BOUND('',#3744,.F.);
#3746=FACE_SURFACE('',(#3745),#3737,.T.);
#3747=CARTESIAN_POINT('',(4.234997681881E0,7.008775800522E0,-4.5E1));
#3748=DIRECTION('',(0.E0,0.E0,1.E0));
#3749=DIRECTION('',(-1.E0,0.E0,0.E0));
#3750=AXIS2_PLACEMENT_3D('',#3747,#3748,#3749);
#3751=CYLINDRICAL_SURFACE('',#3750,7.E0);
#3753=ORIENTED_EDGE('',*,*,#3752,.F.);
#3755=ORIENTED_EDGE('',*,*,#3754,.F.);
#3757=ORIENTED_EDGE('',*,*,#3756,.F.);
#3759=ORIENTED_EDGE('',*,*,#3758,.F.);
#3760=EDGE_LOOP('',(#3753,#3755,#3757,#3759));
#3761=FACE_OUTER_BOUND('',#3760,.F.);
#3762=FACE_SURFACE('',(#3761),#3751,.T.);
#3763=CARTESIAN_POINT('',(2.234997681881E0,3.005718680222E-1,-8.E0));
#3764=DIRECTION('',(1.E0,0.E0,0.E0));
#3765=DIRECTION('',(0.E0,1.E0,0.E0));
#3766=AXIS2_PLACEMENT_3D('',#3763,#3764,#3765);
#3767=PLANE('',#3766);
#3769=ORIENTED_EDGE('',*,*,#3768,.F.);
#3771=ORIENTED_EDGE('',*,*,#3770,.T.);
#3773=ORIENTED_EDGE('',*,*,#3772,.T.);
#3775=ORIENTED_EDGE('',*,*,#3774,.T.);
#3777=ORIENTED_EDGE('',*,*,#3776,.T.);
#3779=ORIENTED_EDGE('',*,*,#3778,.T.);
#3780=EDGE_LOOP('',(#3769,#3771,#3773,#3775,#3777,#3779));
#3781=FACE_OUTER_BOUND('',#3780,.F.);
#3783=ORIENTED_EDGE('',*,*,#3782,.T.);
#3785=ORIENTED_EDGE('',*,*,#3784,.T.);
#3787=ORIENTED_EDGE('',*,*,#3786,.T.);
#3789=ORIENTED_EDGE('',*,*,#3788,.T.);
#3790=EDGE_LOOP('',(#3783,#3785,#3787,#3789));
#3791=FACE_BOUND('',#3790,.F.);
#3792=FACE_SURFACE('',(#3781,#3791),#3767,.F.);
#3793=CARTESIAN_POINT('',(6.234997681881E0,1.371697973302E1,-8.E0));
#3794=DIRECTION('',(-1.E0,0.E0,0.E0));
#3795=DIRECTION('',(0.E0,-1.E0,0.E0));
#3796=AXIS2_PLACEMENT_3D('',#3793,#3794,#3795);
#3797=PLANE('',#3796);
#3799=ORIENTED_EDGE('',*,*,#3798,.F.);
#3801=ORIENTED_EDGE('',*,*,#3800,.T.);
#3803=ORIENTED_EDGE('',*,*,#3802,.T.);
#3805=ORIENTED_EDGE('',*,*,#3804,.T.);
#3807=ORIENTED_EDGE('',*,*,#3806,.T.);
#3809=ORIENTED_EDGE('',*,*,#3808,.T.);
#3810=EDGE_LOOP('',(#3799,#3801,#3803,#3805,#3807,#3809));
#3811=FACE_OUTER_BOUND('',#3810,.F.);
#3813=ORIENTED_EDGE('',*,*,#3812,.F.);
#3815=ORIENTED_EDGE('',*,*,#3814,.F.);
#3817=ORIENTED_EDGE('',*,*,#3816,.F.);
#3819=ORIENTED_EDGE('',*,*,#3818,.F.);
#3820=EDGE_LOOP('',(#3813,#3815,#3817,#3819));
#3821=FACE_BOUND('',#3820,.F.);
#3822=FACE_SURFACE('',(#3811,#3821),#3797,.F.);
#3823=CARTESIAN_POINT('',(2.234997681881E0,7.008775800522E0,-2.1E1));
#3824=DIRECTION('',(-1.E0,0.E0,0.E0));
#3825=DIRECTION('',(0.E0,0.E0,1.E0));
#3826=AXIS2_PLACEMENT_3D('',#3823,#3824,#3825);
#3827=CYLINDRICAL_SURFACE('',#3826,2.75E0);
#3828=ORIENTED_EDGE('',*,*,#3782,.F.);
#3830=ORIENTED_EDGE('',*,*,#3829,.T.);
#3831=ORIENTED_EDGE('',*,*,#3812,.T.);
#3833=ORIENTED_EDGE('',*,*,#3832,.F.);
#3834=EDGE_LOOP('',(#3828,#3830,#3831,#3833));
#3835=FACE_OUTER_BOUND('',#3834,.F.);
#3836=FACE_SURFACE('',(#3835),#3827,.F.);
#3837=CARTESIAN_POINT('',(2.234997681881E0,4.258775800522E0,-2.1E1));
#3838=DIRECTION('',(0.E0,-1.E0,0.E0));
#3839=DIRECTION('',(0.E0,0.E0,1.E0));
#3840=AXIS2_PLACEMENT_3D('',#3837,#3838,#3839);
#3841=PLANE('',#3840);
#3842=ORIENTED_EDGE('',*,*,#3784,.F.);
#3843=ORIENTED_EDGE('',*,*,#3832,.T.);
#3844=ORIENTED_EDGE('',*,*,#3818,.T.);
#3846=ORIENTED_EDGE('',*,*,#3845,.F.);
#3847=EDGE_LOOP('',(#3842,#3843,#3844,#3846));
#3848=FACE_OUTER_BOUND('',#3847,.F.);
#3849=FACE_SURFACE('',(#3848),#3841,.F.);
#3850=CARTESIAN_POINT('',(2.234997681881E0,7.008775800522E0,-1.6E1));
#3851=DIRECTION('',(-1.E0,0.E0,0.E0));
#3852=DIRECTION('',(0.E0,0.E0,1.E0));
#3853=AXIS2_PLACEMENT_3D('',#3850,#3851,#3852);
#3854=CYLINDRICAL_SURFACE('',#3853,2.75E0);
#3855=ORIENTED_EDGE('',*,*,#3786,.F.);
#3856=ORIENTED_EDGE('',*,*,#3845,.T.);
#3857=ORIENTED_EDGE('',*,*,#3816,.T.);
#3859=ORIENTED_EDGE('',*,*,#3858,.F.);
#3860=EDGE_LOOP('',(#3855,#3856,#3857,#3859));
#3861=FACE_OUTER_BOUND('',#3860,.F.);
#3862=FACE_SURFACE('',(#3861),#3854,.F.);
#3863=CARTESIAN_POINT('',(2.234997681881E0,9.758775800522E0,-1.6E1));
#3864=DIRECTION('',(0.E0,1.E0,0.E0));
#3865=DIRECTION('',(0.E0,0.E0,-1.E0));
#3866=AXIS2_PLACEMENT_3D('',#3863,#3864,#3865);
#3867=PLANE('',#3866);
#3868=ORIENTED_EDGE('',*,*,#3788,.F.);
#3869=ORIENTED_EDGE('',*,*,#3858,.T.);
#3870=ORIENTED_EDGE('',*,*,#3814,.T.);
#3871=ORIENTED_EDGE('',*,*,#3829,.F.);
#3872=EDGE_LOOP('',(#3868,#3869,#3870,#3871));
#3873=FACE_OUTER_BOUND('',#3872,.F.);
#3874=FACE_SURFACE('',(#3873),#3867,.F.);
#3875=CARTESIAN_POINT('',(4.234997681881E0,7.008775800522E0,-7.18E1));
#3876=DIRECTION('',(0.E0,0.E0,1.E0));
#3877=DIRECTION('',(9.995936991885E-1,-2.850327248863E-2,0.E0));
#3878=AXIS2_PLACEMENT_3D('',#3875,#3876,#3877);
#3879=TOROIDAL_SURFACE('',#3878,3.8E0,2.E-1);
#3880=ORIENTED_EDGE('',*,*,#3741,.T.);
#3882=ORIENTED_EDGE('',*,*,#3881,.T.);
#3883=ORIENTED_EDGE('',*,*,#3674,.F.);
#3885=ORIENTED_EDGE('',*,*,#3884,.F.);
#3886=EDGE_LOOP('',(#3880,#3882,#3883,#3885));
#3887=FACE_OUTER_BOUND('',#3886,.F.);
#3888=FACE_SURFACE('',(#3887),#3879,.T.);
#3889=CARTESIAN_POINT('',(4.234997681881E0,7.008775800522E0,-7.18E1));
#3890=DIRECTION('',(0.E0,0.E0,1.E0));
#3891=DIRECTION('',(-9.995936991885E-1,2.850327248863E-2,0.E0));
#3892=AXIS2_PLACEMENT_3D('',#3889,#3890,#3891);
#3893=TOROIDAL_SURFACE('',#3892,3.8E0,2.E-1);
#3894=ORIENTED_EDGE('',*,*,#3694,.T.);
#3895=ORIENTED_EDGE('',*,*,#3884,.T.);
#3896=ORIENTED_EDGE('',*,*,#3672,.F.);
#3897=ORIENTED_EDGE('',*,*,#3881,.F.);
#3898=EDGE_LOOP('',(#3894,#3895,#3896,#3897));
#3899=FACE_OUTER_BOUND('',#3898,.F.);
#3900=FACE_SURFACE('',(#3899),#3893,.T.);
#3901=CARTESIAN_POINT('',(4.234997681881E0,7.008775800522E0,-9.E0));
#3902=DIRECTION('',(0.E0,0.E0,1.E0));
#3903=DIRECTION('',(-1.485959642860E-3,9.999988959614E-1,0.E0));
#3904=AXIS2_PLACEMENT_3D('',#3901,#3902,#3903);
#3905=TOROIDAL_SURFACE('',#3904,6.E0,1.E0);
#3907=ORIENTED_EDGE('',*,*,#3906,.F.);
#3909=ORIENTED_EDGE('',*,*,#3908,.F.);
#3910=ORIENTED_EDGE('',*,*,#3710,.T.);
#3912=ORIENTED_EDGE('',*,*,#3911,.F.);
#3914=ORIENTED_EDGE('',*,*,#3913,.F.);
#3915=ORIENTED_EDGE('',*,*,#3724,.T.);
#3916=EDGE_LOOP('',(#3907,#3909,#3910,#3912,#3914,#3915));
#3917=FACE_OUTER_BOUND('',#3916,.F.);
#3918=FACE_SURFACE('',(#3917),#3905,.T.);
#3919=CARTESIAN_POINT('',(4.234997681881E0,7.008775800522E0,-9.E0));
#3920=DIRECTION('',(0.E0,0.E0,1.E0));
#3921=DIRECTION('',(1.485959642859E-3,-9.999988959614E-1,0.E0));
#3922=AXIS2_PLACEMENT_3D('',#3919,#3920,#3921);
#3923=TOROIDAL_SURFACE('',#3922,6.E0,1.E0);
#3925=ORIENTED_EDGE('',*,*,#3924,.F.);
#3926=ORIENTED_EDGE('',*,*,#3728,.T.);
#3928=ORIENTED_EDGE('',*,*,#3927,.F.);
#3930=ORIENTED_EDGE('',*,*,#3929,.F.);
#3931=ORIENTED_EDGE('',*,*,#3756,.T.);
#3933=ORIENTED_EDGE('',*,*,#3932,.F.);
#3934=EDGE_LOOP('',(#3925,#3926,#3928,#3930,#3931,#3933));
#3935=FACE_OUTER_BOUND('',#3934,.F.);
#3936=FACE_SURFACE('',(#3935),#3923,.T.);
#3937=CARTESIAN_POINT('',(4.234997681881E0,7.008775800522E0,-5.5E1));
#3938=DIRECTION('',(0.E0,0.E0,-1.E0));
#3939=DIRECTION('',(-1.E0,0.E0,0.E0));
#3940=AXIS2_PLACEMENT_3D('',#3937,#3938,#3939);
#3941=PLANE('',#3940);
#3943=ORIENTED_EDGE('',*,*,#3942,.F.);
#3945=ORIENTED_EDGE('',*,*,#3944,.F.);
#3946=EDGE_LOOP('',(#3943,#3945));
#3947=FACE_OUTER_BOUND('',#3946,.F.);
#3948=ORIENTED_EDGE('',*,*,#3690,.F.);
#3949=ORIENTED_EDGE('',*,*,#3738,.F.);
#3950=EDGE_LOOP('',(#3948,#3949));
#3951=FACE_BOUND('',#3950,.F.);
#3952=FACE_SURFACE('',(#3947,#3951),#3941,.T.);
#3953=CARTESIAN_POINT('',(4.234997681881E0,7.008775800522E0,-3.15E1));
#3954=DIRECTION('',(0.E0,0.E0,1.E0));
#3955=DIRECTION('',(0.E0,1.E0,0.E0));
#3956=AXIS2_PLACEMENT_3D('',#3953,#3954,#3955);
#3957=PLANE('',#3956);
#3959=ORIENTED_EDGE('',*,*,#3958,.T.);
#3961=ORIENTED_EDGE('',*,*,#3960,.F.);
#3963=ORIENTED_EDGE('',*,*,#3962,.F.);
#3965=ORIENTED_EDGE('',*,*,#3964,.F.);
#3967=ORIENTED_EDGE('',*,*,#3966,.T.);
#3969=ORIENTED_EDGE('',*,*,#3968,.F.);
#3971=ORIENTED_EDGE('',*,*,#3970,.F.);
#3973=ORIENTED_EDGE('',*,*,#3972,.F.);
#3974=EDGE_LOOP('',(#3959,#3961,#3963,#3965,#3967,#3969,#3971,#3973));
#3975=FACE_OUTER_BOUND('',#3974,.F.);
#3977=ORIENTED_EDGE('',*,*,#3976,.F.);
#3978=ORIENTED_EDGE('',*,*,#3706,.T.);
#3980=ORIENTED_EDGE('',*,*,#3979,.F.);
#3981=ORIENTED_EDGE('',*,*,#3804,.F.);
#3983=ORIENTED_EDGE('',*,*,#3982,.F.);
#3984=ORIENTED_EDGE('',*,*,#3752,.T.);
#3986=ORIENTED_EDGE('',*,*,#3985,.F.);
#3987=ORIENTED_EDGE('',*,*,#3774,.F.);
#3988=EDGE_LOOP('',(#3977,#3978,#3980,#3981,#3983,#3984,#3986,#3987));
#3989=FACE_BOUND('',#3988,.F.);
#3990=FACE_SURFACE('',(#3975,#3989),#3957,.T.);
#3991=CARTESIAN_POINT('',(2.271229564059E0,3.274591963573E-1,
-2.024999998605E1));
#3992=DIRECTION('',(-7.985494095047E-1,-6.019292654288E-1,0.E0));
#3993=DIRECTION('',(-6.019292654288E-1,7.985494095047E-1,0.E0));
#3994=AXIS2_PLACEMENT_3D('',#3991,#3992,#3993);
#3995=PLANE('',#3994);
#3996=ORIENTED_EDGE('',*,*,#3708,.T.);
#3997=ORIENTED_EDGE('',*,*,#3976,.T.);
#3998=ORIENTED_EDGE('',*,*,#3772,.F.);
#4000=ORIENTED_EDGE('',*,*,#3999,.F.);
#4001=EDGE_LOOP('',(#3996,#3997,#3998,#4000));
#4002=FACE_OUTER_BOUND('',#4001,.F.);
#4003=FACE_SURFACE('',(#4002),#3995,.T.);
#4004=CARTESIAN_POINT('',(2.323384285700E0,5.719354760123E-1,
-8.288161537164E0));
#4005=CARTESIAN_POINT('',(2.291042564338E0,5.995512357903E-1,
-8.316742682498E0));
#4006=CARTESIAN_POINT('',(2.258700842976E0,6.271669955683E-1,
-8.345323827832E0));
#4007=CARTESIAN_POINT('',(2.226359121614E0,6.547827553463E-1,
-8.373904973166E0));
#4008=CARTESIAN_POINT('',(2.323324886637E0,5.697685914287E-1,
-8.290272564657E0));
#4009=CARTESIAN_POINT('',(2.291004900107E0,5.974655752397E-1,
-8.318768949772E0));
#4010=CARTESIAN_POINT('',(2.258684913576E0,6.251625590508E-1,
-8.347265334888E0));
#4011=CARTESIAN_POINT('',(2.226364927045E0,6.528595428618E-1,
-8.375761720003E0));
#4012=CARTESIAN_POINT('',(2.321509930035E0,5.035050192094E-1,
-8.355403308938E0));
#4013=CARTESIAN_POINT('',(2.289854057953E0,5.336860663553E-1,
-8.381284618632E0));
#4014=CARTESIAN_POINT('',(2.258198185872E0,5.638671135013E-1,
-8.407165928327E0));
#4015=CARTESIAN_POINT('',(2.226542313791E0,5.940481606473E-1,
-8.433047238021E0));
#4016=CARTESIAN_POINT('',(2.318540809249E0,3.919428091297E-1,
-8.499984501776E0));
#4017=CARTESIAN_POINT('',(2.287971374173E0,4.263191532897E-1,
-8.520060707783E0));
#4018=CARTESIAN_POINT('',(2.257401939097E0,4.606954974497E-1,
-8.540136913791E0));
#4019=CARTESIAN_POINT('',(2.226832504020E0,4.950718416097E-1,
-8.560213119798E0));
#4020=CARTESIAN_POINT('',(2.315940817035E0,2.910993111413E-1,
-8.744422783548E0));
#4021=CARTESIAN_POINT('',(2.286322750380E0,3.292802377080E-1,
-8.754684507167E0));
#4022=CARTESIAN_POINT('',(2.256704683725E0,3.674611642747E-1,
-8.764946230787E0));
#4023=CARTESIAN_POINT('',(2.227086617070E0,4.056420908415E-1,
-8.775207954407E0));
#4024=CARTESIAN_POINT('',(2.315366571617E0,2.681350875538E-1,
-8.918284254963E0));
#4025=CARTESIAN_POINT('',(2.285958628267E0,3.071850198268E-1,
-8.921565237527E0));
#4026=CARTESIAN_POINT('',(2.256550684917E0,3.462349520997E-1,
-8.924846220091E0));
#4027=CARTESIAN_POINT('',(2.227142741567E0,3.852848843726E-1,
-8.928127202655E0));
#4028=CARTESIAN_POINT('',(2.315381002567E0,2.689233975472E-1,
-9.005401778379E0));
#4029=CARTESIAN_POINT('',(2.285967778758E0,3.079427123046E-1,
-9.005184890671E0));
#4030=CARTESIAN_POINT('',(2.256554554950E0,3.469620270619E-1,
-9.004968002963E0));
#4031=CARTESIAN_POINT('',(2.227141331142E0,3.859813418193E-1,
-9.004751115254E0));
#4032=CARTESIAN_POINT('',(2.315381743788E0,2.689598124749E-1,
-9.008100861440E0));
#4033=CARTESIAN_POINT('',(2.285968248758E0,3.079777240073E-1,
-9.007775602395E0));
#4034=CARTESIAN_POINT('',(2.256554753728E0,3.469956355397E-1,
-9.007450343351E0));
#4035=CARTESIAN_POINT('',(2.227141258698E0,3.860135470720E-1,
-9.007125084307E0));
#4036=B_SPLINE_SURFACE_WITH_KNOTS('',3,3,((#4004,#4005,#4006,#4007),(#4008,
#4009,#4010,#4011),(#4012,#4013,#4014,#4015),(#4016,#4017,#4018,#4019),(#4020,
#4021,#4022,#4023),(#4024,#4025,#4026,#4027),(#4028,#4029,#4030,#4031),(#4032,
#4033,#4034,#4035)),.UNSPECIFIED.,.F.,.F.,.F.,(4,1,1,1,1,4),(4,4),(
4.943925927895E-1,5.E-1,6.666666666667E-1,8.333333333333E-1,1.E0,
1.005331301883E0),(-1.092815379297E-1,1.108416830206E0),.UNSPECIFIED.);
#4038=ORIENTED_EDGE('',*,*,#4037,.F.);
#4039=ORIENTED_EDGE('',*,*,#3911,.T.);
#4040=ORIENTED_EDGE('',*,*,#3999,.T.);
#4041=ORIENTED_EDGE('',*,*,#3770,.F.);
#4042=EDGE_LOOP('',(#4038,#4039,#4040,#4041));
#4043=FACE_OUTER_BOUND('',#4042,.F.);
#4044=FACE_SURFACE('',(#4043),#4036,.F.);
#4045=CARTESIAN_POINT('',(2.315362177319E0,1.374858106596E1,-9.008070591004E0));
#4046=CARTESIAN_POINT('',(2.285955215730E0,1.370957109085E1,-9.007746609434E0));
#4047=CARTESIAN_POINT('',(2.256548254142E0,1.367056111574E1,-9.007422627865E0));
#4048=CARTESIAN_POINT('',(2.227141292554E0,1.363155114064E1,-9.007098646295E0));
#4049=CARTESIAN_POINT('',(2.315361560959E0,1.374861216168E1,-9.005380577141E0));
#4050=CARTESIAN_POINT('',(2.285954824909E0,1.370960098606E1,-9.005164582076E0));
#4051=CARTESIAN_POINT('',(2.256548088859E0,1.367058981045E1,-9.004948587011E0));
#4052=CARTESIAN_POINT('',(2.227141352809E0,1.363157863483E1,-9.004732591946E0));
#4053=CARTESIAN_POINT('',(2.315350564644E0,1.374925889561E1,-8.916192895972E0));
#4054=CARTESIAN_POINT('',(2.285947852364E0,1.371022247977E1,-8.919557204372E0));
#4055=CARTESIAN_POINT('',(2.256545140083E0,1.367118606393E1,-8.922921512771E0));
#4056=CARTESIAN_POINT('',(2.227142427803E0,1.363214964809E1,-8.926285821170E0));
#4057=CARTESIAN_POINT('',(2.315945162719E0,1.372549402502E1,-8.740230568928E0));
#4058=CARTESIAN_POINT('',(2.286324875219E0,1.368735667239E1,-8.750658616633E0));
#4059=CARTESIAN_POINT('',(2.256704587719E0,1.364921931976E1,-8.761086664339E0));
#4060=CARTESIAN_POINT('',(2.227084300219E0,1.361108196713E1,-8.771514712044E0));
#4061=CARTESIAN_POINT('',(2.318583393588E0,1.362318955850E1,-8.496020056195E0));
#4062=CARTESIAN_POINT('',(2.287997725127E0,1.358891099525E1,-8.516251562554E0));
#4063=CARTESIAN_POINT('',(2.257412056666E0,1.355463243200E1,-8.536483068913E0));
#4064=CARTESIAN_POINT('',(2.226826388205E0,1.352035386874E1,-8.556714575272E0));
#4065=CARTESIAN_POINT('',(2.321539749039E0,1.351215752092E1,-8.353316623366E0));
#4066=CARTESIAN_POINT('',(2.289872291528E0,1.348205321504E1,-8.379276741437E0));
#4067=CARTESIAN_POINT('',(2.258204834017E0,1.345194890917E1,-8.405236859508E0));
#4068=CARTESIAN_POINT('',(2.226537376506E0,1.342184460329E1,-8.431196977579E0));
#4069=CARTESIAN_POINT('',(2.323331154633E0,1.344676600433E1,-8.289318887312E0));
#4070=CARTESIAN_POINT('',(2.291008186312E0,1.341911248769E1,-8.317848096912E0));
#4071=CARTESIAN_POINT('',(2.258685217991E0,1.339145897105E1,-8.346377306511E0));
#4072=CARTESIAN_POINT('',(2.226362249670E0,1.336380545441E1,-8.374906516110E0));
#4073=CARTESIAN_POINT('',(2.323364775189E0,1.344553931723E1,-8.288124360658E0));
#4074=CARTESIAN_POINT('',(2.291029504440E0,1.341793177291E1,-8.316701522708E0));
#4075=CARTESIAN_POINT('',(2.258694233691E0,1.339032422858E1,-8.345278684758E0));
#4076=CARTESIAN_POINT('',(2.226358962943E0,1.336271668426E1,-8.373855846808E0));
#4077=B_SPLINE_SURFACE_WITH_KNOTS('',3,3,((#4045,#4046,#4047,#4048),(#4049,
#4050,#4051,#4052),(#4053,#4054,#4055,#4056),(#4057,#4058,#4059,#4060),(#4061,
#4062,#4063,#4064),(#4065,#4066,#4067,#4068),(#4069,#4070,#4071,#4072),(#4073,
#4074,#4075,#4076)),.UNSPECIFIED.,.F.,.F.,.F.,(4,1,1,1,1,4),(4,4),(
-5.183629400866E-3,0.E0,1.666666666667E-1,3.333333333333E-1,5.E-1,
5.031776691714E-1),(-1.090163047365E-1,1.108416830249E0),.UNSPECIFIED.);
#4079=ORIENTED_EDGE('',*,*,#4078,.F.);
#4080=ORIENTED_EDGE('',*,*,#3778,.F.);
#4082=ORIENTED_EDGE('',*,*,#4081,.F.);
#4083=ORIENTED_EDGE('',*,*,#3929,.T.);
#4084=EDGE_LOOP('',(#4079,#4080,#4082,#4083));
#4085=FACE_OUTER_BOUND('',#4084,.F.);
#4086=FACE_SURFACE('',(#4085),#4077,.F.);
#4087=CARTESIAN_POINT('',(2.271229564059E0,1.369009240469E1,-2.024999998605E1));
#4088=DIRECTION('',(-7.985494095047E-1,6.019292654288E-1,0.E0));
#4089=DIRECTION('',(-6.019292654288E-1,-7.985494095047E-1,0.E0));
#4090=AXIS2_PLACEMENT_3D('',#4087,#4088,#4089);
#4091=PLANE('',#4090);
#4092=ORIENTED_EDGE('',*,*,#3758,.T.);
#4093=ORIENTED_EDGE('',*,*,#4081,.T.);
#4094=ORIENTED_EDGE('',*,*,#3776,.F.);
#4095=ORIENTED_EDGE('',*,*,#3985,.T.);
#4096=EDGE_LOOP('',(#4092,#4093,#4094,#4095));
#4097=FACE_OUTER_BOUND('',#4096,.F.);
#4098=FACE_SURFACE('',(#4097),#4091,.T.);
#4099=CARTESIAN_POINT('',(6.198765799703E0,3.274591963573E-1,
-2.024999998605E1));
#4100=DIRECTION('',(7.985494095047E-1,-6.019292654288E-1,0.E0));
#4101=DIRECTION('',(6.019292654288E-1,7.985494095047E-1,0.E0));
#4102=AXIS2_PLACEMENT_3D('',#4099,#4100,#4101);
#4103=PLANE('',#4102);
#4104=ORIENTED_EDGE('',*,*,#3712,.T.);
#4106=ORIENTED_EDGE('',*,*,#4105,.T.);
#4107=ORIENTED_EDGE('',*,*,#3806,.F.);
#4108=ORIENTED_EDGE('',*,*,#3979,.T.);
#4109=EDGE_LOOP('',(#4104,#4106,#4107,#4108));
#4110=FACE_OUTER_BOUND('',#4109,.F.);
#4111=FACE_SURFACE('',(#4110),#4103,.T.);
#4112=CARTESIAN_POINT('',(6.154633186444E0,2.689705350807E-1,
-9.008070591004E0));
#4113=CARTESIAN_POINT('',(6.184040148032E0,3.079805101895E-1,
-9.007746609434E0));
#4114=CARTESIAN_POINT('',(6.213447109620E0,3.469904852983E-1,
-9.007422627865E0));
#4115=CARTESIAN_POINT('',(6.242854071208E0,3.860004604070E-1,
-9.007098646295E0));
#4116=CARTESIAN_POINT('',(6.154633802803E0,2.689394393618E-1,
-9.005380577141E0));
#4117=CARTESIAN_POINT('',(6.184040538853E0,3.079506149786E-1,
-9.005164582076E0));
#4118=CARTESIAN_POINT('',(6.213447274903E0,3.469617905954E-1,
-9.004948587011E0));
#4119=CARTESIAN_POINT('',(6.242854010953E0,3.859729662123E-1,
-9.004732591946E0));
#4120=CARTESIAN_POINT('',(6.154644799118E0,2.682927054354E-1,
-8.916192895972E0));
#4121=CARTESIAN_POINT('',(6.184047511398E0,3.073291212756E-1,
-8.919557204372E0));
#4122=CARTESIAN_POINT('',(6.213450223679E0,3.463655371158E-1,
-8.922921512771E0));
#4123=CARTESIAN_POINT('',(6.242852935959E0,3.854019529560E-1,
-8.926285821170E0));
#4124=CARTESIAN_POINT('',(6.154050201043E0,2.920575760223E-1,
-8.740230568928E0));
#4125=CARTESIAN_POINT('',(6.183670488543E0,3.301949286541E-1,
-8.750658616633E0));
#4126=CARTESIAN_POINT('',(6.213290776043E0,3.683322812859E-1,
-8.761086664339E0));
#4127=CARTESIAN_POINT('',(6.242911063543E0,4.064696339176E-1,
-8.771514712044E0));
#4128=CARTESIAN_POINT('',(6.151411970174E0,3.943620425385E-1,
-8.496020056195E0));
#4129=CARTESIAN_POINT('',(6.181997638635E0,4.286406057924E-1,
-8.516251562554E0));
#4130=CARTESIAN_POINT('',(6.212583307096E0,4.629191690463E-1,
-8.536483068913E0));
#4131=CARTESIAN_POINT('',(6.243168975557E0,4.971977323001E-1,
-8.556714575272E0));
#4132=CARTESIAN_POINT('',(6.148455614723E0,5.053940801224E-1,
-8.353316623366E0));
#4133=CARTESIAN_POINT('',(6.180123072234E0,5.354983859983E-1,
-8.379276741437E0));
#4134=CARTESIAN_POINT('',(6.211790529745E0,5.656026918742E-1,
-8.405236859508E0));
#4135=CARTESIAN_POINT('',(6.243457987257E0,5.957069977501E-1,
-8.431196977579E0));
#4136=CARTESIAN_POINT('',(6.146664209129E0,5.707855967173E-1,
-8.289318887312E0));
#4137=CARTESIAN_POINT('',(6.178987177450E0,5.984391133560E-1,
-8.317848096911E0));
#4138=CARTESIAN_POINT('',(6.211310145771E0,6.260926299947E-1,
-8.346377306511E0));
#4139=CARTESIAN_POINT('',(6.243633114092E0,6.537461466335E-1,
-8.374906516110E0));
#4140=CARTESIAN_POINT('',(6.146630588574E0,5.720122838089E-1,
-8.288124360658E0));
#4141=CARTESIAN_POINT('',(6.178965859322E0,5.996198281350E-1,
-8.316701522708E0));
#4142=CARTESIAN_POINT('',(6.211301130071E0,6.272273724610E-1,
-8.345278684758E0));
#4143=CARTESIAN_POINT('',(6.243636400820E0,6.548349167871E-1,
-8.373855846808E0));
#4144=B_SPLINE_SURFACE_WITH_KNOTS('',3,3,((#4112,#4113,#4114,#4115),(#4116,
#4117,#4118,#4119),(#4120,#4121,#4122,#4123),(#4124,#4125,#4126,#4127),(#4128,
#4129,#4130,#4131),(#4132,#4133,#4134,#4135),(#4136,#4137,#4138,#4139),(#4140,
#4141,#4142,#4143)),.UNSPECIFIED.,.F.,.F.,.F.,(4,1,1,1,1,4),(4,4),(
-5.183629400868E-3,0.E0,1.666666666667E-1,3.333333333333E-1,5.E-1,
5.031776691714E-1),(-1.090163047365E-1,1.108416830249E0),.UNSPECIFIED.);
#4146=ORIENTED_EDGE('',*,*,#4145,.F.);
#4147=ORIENTED_EDGE('',*,*,#3808,.F.);
#4148=ORIENTED_EDGE('',*,*,#4105,.F.);
#4149=ORIENTED_EDGE('',*,*,#3908,.T.);
#4150=EDGE_LOOP('',(#4146,#4147,#4148,#4149));
#4151=FACE_OUTER_BOUND('',#4150,.F.);
#4152=FACE_SURFACE('',(#4151),#4144,.F.);
#4153=CARTESIAN_POINT('',(6.146611078062E0,1.344561612503E1,-8.288161537164E0));
#4154=CARTESIAN_POINT('',(6.178952799424E0,1.341800036525E1,-8.316742682498E0));
#4155=CARTESIAN_POINT('',(6.211294520786E0,1.339038460547E1,-8.345323827832E0));
#4156=CARTESIAN_POINT('',(6.243636242148E0,1.336276884570E1,-8.373904973166E0));
#4157=CARTESIAN_POINT('',(6.146670477125E0,1.344778300961E1,-8.290272564657E0));
#4158=CARTESIAN_POINT('',(6.178990463656E0,1.342008602580E1,-8.318768949772E0));
#4159=CARTESIAN_POINT('',(6.211310450186E0,1.339238904199E1,-8.347265334888E0));
#4160=CARTESIAN_POINT('',(6.243630436717E0,1.336469205818E1,-8.375761720003E0));
#4161=CARTESIAN_POINT('',(6.148485433728E0,1.351404658183E1,-8.355403308938E0));
#4162=CARTESIAN_POINT('',(6.180141305809E0,1.348386553469E1,-8.381284618632E0));
#4163=CARTESIAN_POINT('',(6.211797177890E0,1.345368448754E1,-8.407165928327E0));
#4164=CARTESIAN_POINT('',(6.243453049971E0,1.342350344040E1,-8.433047238021E0));
#4165=CARTESIAN_POINT('',(6.151454554513E0,1.362560879191E1,-8.499984501776E0));
#4166=CARTESIAN_POINT('',(6.182023989589E0,1.359123244775E1,-8.520060707783E0));
#4167=CARTESIAN_POINT('',(6.212593424665E0,1.355685610359E1,-8.540136913791E0));
#4168=CARTESIAN_POINT('',(6.243162859742E0,1.352247975943E1,-8.560213119798E0));
#4169=CARTESIAN_POINT('',(6.154054546727E0,1.372645228990E1,-8.744422783548E0));
#4170=CARTESIAN_POINT('',(6.183672613382E0,1.368827136334E1,-8.754684507167E0));
#4171=CARTESIAN_POINT('',(6.213290680037E0,1.365009043677E1,-8.764946230787E0));
#4172=CARTESIAN_POINT('',(6.242908746692E0,1.361190951020E1,-8.775207954407E0));
#4173=CARTESIAN_POINT('',(6.154628792145E0,1.374941651349E1,-8.918284254963E0));
#4174=CARTESIAN_POINT('',(6.184036735495E0,1.371036658122E1,-8.921565237527E0));
#4175=CARTESIAN_POINT('',(6.213444678845E0,1.367131664894E1,-8.924846220091E0));
#4176=CARTESIAN_POINT('',(6.242852622196E0,1.363226671667E1,-8.928127202655E0));
#4177=CARTESIAN_POINT('',(6.154614361196E0,1.374862820350E1,-9.005401778379E0));
#4178=CARTESIAN_POINT('',(6.184027585004E0,1.370960888874E1,-9.005184890671E0));
#4179=CARTESIAN_POINT('',(6.213440808812E0,1.367058957398E1,-9.004968002963E0));
#4180=CARTESIAN_POINT('',(6.242854032620E0,1.363157025922E1,-9.004751115254E0));
#4181=CARTESIAN_POINT('',(6.154613619975E0,1.374859178857E1,-9.008100861440E0));
#4182=CARTESIAN_POINT('',(6.184027115004E0,1.370957387704E1,-9.007775602395E0));
#4183=CARTESIAN_POINT('',(6.213440610034E0,1.367055596550E1,-9.007450343351E0));
#4184=CARTESIAN_POINT('',(6.242854105064E0,1.363153805397E1,-9.007125084307E0));
#4185=B_SPLINE_SURFACE_WITH_KNOTS('',3,3,((#4153,#4154,#4155,#4156),(#4157,
#4158,#4159,#4160),(#4161,#4162,#4163,#4164),(#4165,#4166,#4167,#4168),(#4169,
#4170,#4171,#4172),(#4173,#4174,#4175,#4176),(#4177,#4178,#4179,#4180),(#4181,
#4182,#4183,#4184)),.UNSPECIFIED.,.F.,.F.,.F.,(4,1,1,1,1,4),(4,4),(
4.943925927895E-1,5.E-1,6.666666666667E-1,8.333333333333E-1,1.E0,
1.005331301883E0),(-1.092815379297E-1,1.108416830206E0),.UNSPECIFIED.);
#4187=ORIENTED_EDGE('',*,*,#4186,.F.);
#4188=ORIENTED_EDGE('',*,*,#3932,.T.);
#4190=ORIENTED_EDGE('',*,*,#4189,.T.);
#4191=ORIENTED_EDGE('',*,*,#3800,.F.);
#4192=EDGE_LOOP('',(#4187,#4188,#4190,#4191));
#4193=FACE_OUTER_BOUND('',#4192,.F.);
#4194=FACE_SURFACE('',(#4193),#4185,.F.);
#4195=CARTESIAN_POINT('',(6.198765799703E0,1.369009240469E1,-2.024999998605E1));
#4196=DIRECTION('',(7.985494095047E-1,6.019292654288E-1,0.E0));
#4197=DIRECTION('',(6.019292654288E-1,-7.985494095047E-1,0.E0));
#4198=AXIS2_PLACEMENT_3D('',#4195,#4196,#4197);
#4199=PLANE('',#4198);
#4200=ORIENTED_EDGE('',*,*,#3754,.T.);
#4201=ORIENTED_EDGE('',*,*,#3982,.T.);
#4202=ORIENTED_EDGE('',*,*,#3802,.F.);
#4203=ORIENTED_EDGE('',*,*,#4189,.F.);
#4204=EDGE_LOOP('',(#4200,#4201,#4202,#4203));
#4205=FACE_OUTER_BOUND('',#4204,.F.);
#4206=FACE_SURFACE('',(#4205),#4199,.T.);
#4207=CARTESIAN_POINT('',(6.234997681881E0,-1.261224199478E0,-8.5E0));
#4208=DIRECTION('',(-9.284766908853E-1,0.E0,-3.713906763541E-1));
#4209=DIRECTION('',(-3.713906763541E-1,0.E0,9.284766908853E-1));
#4210=AXIS2_PLACEMENT_3D('',#4207,#4208,#4209);
#4211=PLANE('',#4210);
#4212=ORIENTED_EDGE('',*,*,#3924,.T.);
#4213=ORIENTED_EDGE('',*,*,#4186,.T.);
#4214=ORIENTED_EDGE('',*,*,#3798,.T.);
#4215=ORIENTED_EDGE('',*,*,#4145,.T.);
#4216=ORIENTED_EDGE('',*,*,#3906,.T.);
#4217=ORIENTED_EDGE('',*,*,#3722,.F.);
#4218=EDGE_LOOP('',(#4212,#4213,#4214,#4215,#4216,#4217));
#4219=FACE_OUTER_BOUND('',#4218,.F.);
#4220=FACE_SURFACE('',(#4219),#4211,.F.);
#4221=CARTESIAN_POINT('',(2.434997681881E0,-1.261224199478E0,-8.E0));
#4222=DIRECTION('',(9.284766908853E-1,0.E0,-3.713906763541E-1));
#4223=DIRECTION('',(-3.713906763541E-1,0.E0,-9.284766908853E-1));
#4224=AXIS2_PLACEMENT_3D('',#4221,#4222,#4223);
#4225=PLANE('',#4224);
#4226=ORIENTED_EDGE('',*,*,#3913,.T.);
#4227=ORIENTED_EDGE('',*,*,#4037,.T.);
#4228=ORIENTED_EDGE('',*,*,#3768,.T.);
#4229=ORIENTED_EDGE('',*,*,#4078,.T.);
#4230=ORIENTED_EDGE('',*,*,#3927,.T.);
#4231=ORIENTED_EDGE('',*,*,#3726,.T.);
#4232=EDGE_LOOP('',(#4226,#4227,#4228,#4229,#4230,#4231));
#4233=FACE_OUTER_BOUND('',#4232,.F.);
#4234=FACE_SURFACE('',(#4233),#4225,.F.);
#4235=CARTESIAN_POINT('',(4.234997681881E0,7.008775800522E0,-7.4425E1));
#4236=DIRECTION('',(0.E0,0.E0,1.E0));
#4237=DIRECTION('',(0.E0,-1.E0,0.E0));
#4238=AXIS2_PLACEMENT_3D('',#4235,#4236,#4237);
#4239=CYLINDRICAL_SURFACE('',#4238,3.5E0);
#4240=ORIENTED_EDGE('',*,*,#3678,.T.);
#4242=ORIENTED_EDGE('',*,*,#4241,.T.);
#4244=ORIENTED_EDGE('',*,*,#4243,.T.);
#4246=ORIENTED_EDGE('',*,*,#4245,.F.);
#4247=EDGE_LOOP('',(#4240,#4242,#4244,#4246));
#4248=FACE_OUTER_BOUND('',#4247,.F.);
#4249=FACE_SURFACE('',(#4248),#4239,.T.);
#4250=CARTESIAN_POINT('',(4.234997681881E0,7.008775800522E0,-7.42E1));
#4251=DIRECTION('',(0.E0,0.E0,1.E0));
#4252=DIRECTION('',(0.E0,-1.E0,0.E0));
#4253=AXIS2_PLACEMENT_3D('',#4250,#4251,#4252);
#4254=PLANE('',#4253);
#4256=ORIENTED_EDGE('',*,*,#4255,.F.);
#4258=ORIENTED_EDGE('',*,*,#4257,.F.);
#4259=EDGE_LOOP('',(#4256,#4258));
#4260=FACE_OUTER_BOUND('',#4259,.F.);
#4261=FACE_SURFACE('',(#4260),#4254,.F.);
#4262=CARTESIAN_POINT('',(4.234997681881E0,7.008775800522E0,-7.4425E1));
#4263=DIRECTION('',(0.E0,0.E0,1.E0));
#4264=DIRECTION('',(0.E0,-1.E0,0.E0));
#4265=AXIS2_PLACEMENT_3D('',#4262,#4263,#4264);
#4266=CYLINDRICAL_SURFACE('',#4265,3.5E0);
#4267=ORIENTED_EDGE('',*,*,#3680,.T.);
#4268=ORIENTED_EDGE('',*,*,#4245,.T.);
#4270=ORIENTED_EDGE('',*,*,#4269,.T.);
#4271=ORIENTED_EDGE('',*,*,#4241,.F.);
#4272=EDGE_LOOP('',(#4267,#4268,#4270,#4271));
#4273=FACE_OUTER_BOUND('',#4272,.F.);
#4274=FACE_SURFACE('',(#4273),#4266,.T.);
#4275=CARTESIAN_POINT('',(4.234997681881E0,7.008775800522E0,-7.39E1));
#4276=DIRECTION('',(0.E0,0.E0,1.E0));
#4277=DIRECTION('',(6.787758436557E-3,-9.999769629023E-1,0.E0));
#4278=AXIS2_PLACEMENT_3D('',#4275,#4276,#4277);
#4279=TOROIDAL_SURFACE('',#4278,3.2E0,3.E-1);
#4280=ORIENTED_EDGE('',*,*,#4257,.T.);
#4282=ORIENTED_EDGE('',*,*,#4281,.T.);
#4283=ORIENTED_EDGE('',*,*,#4243,.F.);
#4285=ORIENTED_EDGE('',*,*,#4284,.F.);
#4286=EDGE_LOOP('',(#4280,#4282,#4283,#4285));
#4287=FACE_OUTER_BOUND('',#4286,.F.);
#4288=FACE_SURFACE('',(#4287),#4279,.T.);
#4289=CARTESIAN_POINT('',(4.234997681881E0,7.008775800522E0,-7.39E1));
#4290=DIRECTION('',(0.E0,0.E0,1.E0));
#4291=DIRECTION('',(-6.787758436557E-3,9.999769629023E-1,0.E0));
#4292=AXIS2_PLACEMENT_3D('',#4289,#4290,#4291);
#4293=TOROIDAL_SURFACE('',#4292,3.2E0,3.E-1);
#4294=ORIENTED_EDGE('',*,*,#4255,.T.);
#4295=ORIENTED_EDGE('',*,*,#4284,.T.);
#4296=ORIENTED_EDGE('',*,*,#4269,.F.);
#4297=ORIENTED_EDGE('',*,*,#4281,.F.);
#4298=EDGE_LOOP('',(#4294,#4295,#4296,#4297));
#4299=FACE_OUTER_BOUND('',#4298,.F.);
#4300=FACE_SURFACE('',(#4299),#4293,.T.);
#4301=CARTESIAN_POINT('',(4.234997681881E0,7.008775800522E0,-5.5E1));
#4302=DIRECTION('',(0.E0,0.E0,1.E0));
#4303=DIRECTION('',(0.E0,1.E0,0.E0));
#4304=AXIS2_PLACEMENT_3D('',#4301,#4302,#4303);
#4305=CYLINDRICAL_SURFACE('',#4304,5.35E0);
#4307=ORIENTED_EDGE('',*,*,#4306,.T.);
#4309=ORIENTED_EDGE('',*,*,#4308,.T.);
#4311=ORIENTED_EDGE('',*,*,#4310,.T.);
#4313=ORIENTED_EDGE('',*,*,#4312,.F.);
#4314=EDGE_LOOP('',(#4307,#4309,#4311,#4313));
#4315=FACE_OUTER_BOUND('',#4314,.F.);
#4316=FACE_SURFACE('',(#4315),#4305,.T.);
#4317=CARTESIAN_POINT('',(4.234997681881E0,7.008775800522E0,-5.5E1));
#4318=DIRECTION('',(0.E0,0.E0,1.E0));
#4319=DIRECTION('',(0.E0,1.E0,0.E0));
#4320=AXIS2_PLACEMENT_3D('',#4317,#4318,#4319);
#4321=CYLINDRICAL_SURFACE('',#4320,5.35E0);
#4323=ORIENTED_EDGE('',*,*,#4322,.T.);
#4324=ORIENTED_EDGE('',*,*,#4312,.T.);
#4326=ORIENTED_EDGE('',*,*,#4325,.T.);
#4327=ORIENTED_EDGE('',*,*,#4308,.F.);
#4328=EDGE_LOOP('',(#4323,#4324,#4326,#4327));
#4329=FACE_OUTER_BOUND('',#4328,.F.);
#4330=FACE_SURFACE('',(#4329),#4321,.T.);
#4331=CARTESIAN_POINT('',(4.234997681881E0,7.008775800522E0,-7.6E1));
#4332=DIRECTION('',(0.E0,0.E0,1.E0));
#4333=DIRECTION('',(1.E0,0.E0,0.E0));
#4334=AXIS2_PLACEMENT_3D('',#4331,#4332,#4333);
#4335=PLANE('',#4334);
#4337=ORIENTED_EDGE('',*,*,#4336,.F.);
#4339=ORIENTED_EDGE('',*,*,#4338,.F.);
#4340=EDGE_LOOP('',(#4337,#4339));
#4341=FACE_OUTER_BOUND('',#4340,.F.);
#4343=ORIENTED_EDGE('',*,*,#4342,.T.);
#4345=ORIENTED_EDGE('',*,*,#4344,.T.);
#4346=EDGE_LOOP('',(#4343,#4345));
#4347=FACE_BOUND('',#4346,.F.);
#4348=FACE_SURFACE('',(#4341,#4347),#4335,.F.);
#4349=CARTESIAN_POINT('',(4.234997681881E0,7.008775800522E0,-4.6E1));
#4350=DIRECTION('',(0.E0,0.E0,1.E0));
#4351=DIRECTION('',(1.E0,0.E0,0.E0));
#4352=AXIS2_PLACEMENT_3D('',#4349,#4350,#4351);
#4353=CYLINDRICAL_SURFACE('',#4352,7.6E0);
#4355=ORIENTED_EDGE('',*,*,#4354,.F.);
#4357=ORIENTED_EDGE('',*,*,#4356,.F.);
#4359=ORIENTED_EDGE('',*,*,#4358,.F.);
#4361=ORIENTED_EDGE('',*,*,#4360,.F.);
#4363=ORIENTED_EDGE('',*,*,#4362,.T.);
#4364=ORIENTED_EDGE('',*,*,#4342,.F.);
#4366=ORIENTED_EDGE('',*,*,#4365,.F.);
#4368=ORIENTED_EDGE('',*,*,#4367,.F.);
#4370=ORIENTED_EDGE('',*,*,#4369,.F.);
#4372=ORIENTED_EDGE('',*,*,#4371,.T.);
#4373=EDGE_LOOP('',(#4355,#4357,#4359,#4361,#4363,#4364,#4366,#4368,#4370,
#4372));
#4374=FACE_OUTER_BOUND('',#4373,.F.);
#4375=FACE_SURFACE('',(#4374),#4353,.F.);
#4376=CARTESIAN_POINT('',(4.234997681881E0,7.008775800522E0,-4.6E1));
#4377=DIRECTION('',(0.E0,0.E0,1.E0));
#4378=DIRECTION('',(1.E0,0.E0,0.E0));
#4379=AXIS2_PLACEMENT_3D('',#4376,#4377,#4378);
#4380=CYLINDRICAL_SURFACE('',#4379,7.6E0);
#4382=ORIENTED_EDGE('',*,*,#4381,.F.);
#4384=ORIENTED_EDGE('',*,*,#4383,.F.);
#4386=ORIENTED_EDGE('',*,*,#4385,.F.);
#4388=ORIENTED_EDGE('',*,*,#4387,.F.);
#4389=ORIENTED_EDGE('',*,*,#4365,.T.);
#4390=ORIENTED_EDGE('',*,*,#4344,.F.);
#4391=ORIENTED_EDGE('',*,*,#4362,.F.);
#4393=ORIENTED_EDGE('',*,*,#4392,.F.);
#4395=ORIENTED_EDGE('',*,*,#4394,.F.);
#4397=ORIENTED_EDGE('',*,*,#4396,.T.);
#4398=EDGE_LOOP('',(#4382,#4384,#4386,#4388,#4389,#4390,#4391,#4393,#4395,
#4397));
#4399=FACE_OUTER_BOUND('',#4398,.F.);
#4400=FACE_SURFACE('',(#4399),#4380,.F.);
#4401=CARTESIAN_POINT('',(4.234997681881E0,7.008775800522E0,-4.6E1));
#4402=DIRECTION('',(0.E0,0.E0,1.E0));
#4403=DIRECTION('',(1.E0,0.E0,0.E0));
#4404=AXIS2_PLACEMENT_3D('',#4401,#4402,#4403);
#4405=CYLINDRICAL_SURFACE('',#4404,8.4E0);
#4407=ORIENTED_EDGE('',*,*,#4406,.F.);
#4409=ORIENTED_EDGE('',*,*,#4408,.F.);
#4411=ORIENTED_EDGE('',*,*,#4410,.T.);
#4413=ORIENTED_EDGE('',*,*,#4412,.T.);
#4414=EDGE_LOOP('',(#4407,#4409,#4411,#4413));
#4415=FACE_OUTER_BOUND('',#4414,.F.);
#4416=FACE_SURFACE('',(#4415),#4405,.T.);
#4417=CARTESIAN_POINT('',(4.234997681881E0,7.008775800522E0,-4.6E1));
#4418=DIRECTION('',(0.E0,0.E0,1.E0));
#4419=DIRECTION('',(1.E0,0.E0,0.E0));
#4420=AXIS2_PLACEMENT_3D('',#4417,#4418,#4419);
#4421=CYLINDRICAL_SURFACE('',#4420,8.4E0);
#4423=ORIENTED_EDGE('',*,*,#4422,.F.);
#4424=ORIENTED_EDGE('',*,*,#4412,.F.);
#4426=ORIENTED_EDGE('',*,*,#4425,.T.);
#4427=ORIENTED_EDGE('',*,*,#4408,.T.);
#4428=EDGE_LOOP('',(#4423,#4424,#4426,#4427));
#4429=FACE_OUTER_BOUND('',#4428,.F.);
#4430=FACE_SURFACE('',(#4429),#4421,.T.);
#4431=CARTESIAN_POINT('',(4.234997681881E0,7.008775800522E0,-4.6E1));
#4432=DIRECTION('',(0.E0,0.E0,1.E0));
#4433=DIRECTION('',(1.E0,0.E0,0.E0));
#4434=AXIS2_PLACEMENT_3D('',#4431,#4432,#4433);
#4435=PLANE('',#4434);
#4437=ORIENTED_EDGE('',*,*,#4436,.T.);
#4439=ORIENTED_EDGE('',*,*,#4438,.T.);
#4441=ORIENTED_EDGE('',*,*,#4440,.F.);
#4443=ORIENTED_EDGE('',*,*,#4442,.F.);
#4445=ORIENTED_EDGE('',*,*,#4444,.T.);
#4447=ORIENTED_EDGE('',*,*,#4446,.T.);
#4449=ORIENTED_EDGE('',*,*,#4448,.F.);
#4451=ORIENTED_EDGE('',*,*,#4450,.F.);
#4452=EDGE_LOOP('',(#4437,#4439,#4441,#4443,#4445,#4447,#4449,#4451));
#4453=FACE_OUTER_BOUND('',#4452,.F.);
#4455=ORIENTED_EDGE('',*,*,#4454,.T.);
#4457=ORIENTED_EDGE('',*,*,#4456,.T.);
#4459=ORIENTED_EDGE('',*,*,#4458,.T.);
#4461=ORIENTED_EDGE('',*,*,#4460,.F.);
#4463=ORIENTED_EDGE('',*,*,#4462,.T.);
#4465=ORIENTED_EDGE('',*,*,#4464,.T.);
#4467=ORIENTED_EDGE('',*,*,#4466,.T.);
#4469=ORIENTED_EDGE('',*,*,#4468,.F.);
#4470=EDGE_LOOP('',(#4455,#4457,#4459,#4461,#4463,#4465,#4467,#4469));
#4471=FACE_BOUND('',#4470,.F.);
#4472=FACE_SURFACE('',(#4453,#4471),#4435,.F.);
#4473=CARTESIAN_POINT('',(4.234997681881E0,7.008775800522E0,-4.6E1));
#4474=DIRECTION('',(0.E0,0.E0,1.E0));
#4475=DIRECTION('',(1.E0,0.E0,0.E0));
#4476=AXIS2_PLACEMENT_3D('',#4473,#4474,#4475);
#4477=PLANE('',#4476);
#4478=ORIENTED_EDGE('',*,*,#4381,.T.);
#4480=ORIENTED_EDGE('',*,*,#4479,.T.);
#4482=ORIENTED_EDGE('',*,*,#4481,.T.);
#4484=ORIENTED_EDGE('',*,*,#4483,.T.);
#4486=ORIENTED_EDGE('',*,*,#4485,.F.);
#4488=ORIENTED_EDGE('',*,*,#4487,.T.);
#4489=ORIENTED_EDGE('',*,*,#4354,.T.);
#4491=ORIENTED_EDGE('',*,*,#4490,.T.);
#4493=ORIENTED_EDGE('',*,*,#4492,.T.);
#4495=ORIENTED_EDGE('',*,*,#4494,.T.);
#4497=ORIENTED_EDGE('',*,*,#4496,.F.);
#4499=ORIENTED_EDGE('',*,*,#4498,.T.);
#4500=EDGE_LOOP('',(#4478,#4480,#4482,#4484,#4486,#4488,#4489,#4491,#4493,#4495,
#4497,#4499));
#4501=FACE_OUTER_BOUND('',#4500,.F.);
#4502=ORIENTED_EDGE('',*,*,#4310,.F.);
#4503=ORIENTED_EDGE('',*,*,#4325,.F.);
#4504=EDGE_LOOP('',(#4502,#4503));
#4505=FACE_BOUND('',#4504,.F.);
#4506=FACE_SURFACE('',(#4501,#4505),#4477,.F.);
#4507=CARTESIAN_POINT('',(4.234997681881E0,7.008775800522E0,-4.6E1));
#4508=DIRECTION('',(0.E0,0.E0,-1.E0));
#4509=DIRECTION('',(0.E0,1.E0,0.E0));
#4510=AXIS2_PLACEMENT_3D('',#4507,#4508,#4509);
#4511=CYLINDRICAL_SURFACE('',#4510,1.E1);
#4512=ORIENTED_EDGE('',*,*,#4454,.F.);
#4514=ORIENTED_EDGE('',*,*,#4513,.F.);
#4516=ORIENTED_EDGE('',*,*,#4515,.F.);
#4518=ORIENTED_EDGE('',*,*,#4517,.F.);
#4519=EDGE_LOOP('',(#4512,#4514,#4516,#4518));
#4520=FACE_OUTER_BOUND('',#4519,.F.);
#4521=FACE_SURFACE('',(#4520),#4511,.T.);
#4522=CARTESIAN_POINT('',(4.234997681881E0,7.008775800522E0,-4.6E1));
#4523=DIRECTION('',(0.E0,0.E0,-1.E0));
#4524=DIRECTION('',(0.E0,1.E0,0.E0));
#4525=AXIS2_PLACEMENT_3D('',#4522,#4523,#4524);
#4526=CYLINDRICAL_SURFACE('',#4525,1.E1);
#4528=ORIENTED_EDGE('',*,*,#4527,.F.);
#4529=ORIENTED_EDGE('',*,*,#3962,.T.);
#4531=ORIENTED_EDGE('',*,*,#4530,.F.);
#4533=ORIENTED_EDGE('',*,*,#4532,.T.);
#4534=EDGE_LOOP('',(#4528,#4529,#4531,#4533));
#4535=FACE_OUTER_BOUND('',#4534,.F.);
#4536=FACE_SURFACE('',(#4535),#4526,.T.);
#4537=CARTESIAN_POINT('',(4.234997681881E0,7.008775800522E0,-7.39E1));
#4538=DIRECTION('',(0.E0,0.E0,-1.E0));
#4539=DIRECTION('',(1.E0,0.E0,0.E0));
#4540=AXIS2_PLACEMENT_3D('',#4537,#4538,#4539);
#4541=PLANE('',#4540);
#4542=ORIENTED_EDGE('',*,*,#4406,.T.);
#4543=ORIENTED_EDGE('',*,*,#4422,.T.);
#4544=EDGE_LOOP('',(#4542,#4543));
#4545=FACE_OUTER_BOUND('',#4544,.F.);
#4547=ORIENTED_EDGE('',*,*,#4546,.F.);
#4549=ORIENTED_EDGE('',*,*,#4548,.F.);
#4550=EDGE_LOOP('',(#4547,#4549));
#4551=FACE_BOUND('',#4550,.F.);
#4552=FACE_SURFACE('',(#4545,#4551),#4541,.T.);
#4553=CARTESIAN_POINT('',(4.234997681881E0,7.008775800522E0,-7.6E1));
#4554=DIRECTION('',(0.E0,0.E0,-1.E0));
#4555=DIRECTION('',(1.E0,0.E0,0.E0));
#4556=AXIS2_PLACEMENT_3D('',#4553,#4554,#4555);
#4557=CYLINDRICAL_SURFACE('',#4556,8.2E0);
#4559=ORIENTED_EDGE('',*,*,#4558,.T.);
#4561=ORIENTED_EDGE('',*,*,#4560,.T.);
#4562=ORIENTED_EDGE('',*,*,#4546,.T.);
#4564=ORIENTED_EDGE('',*,*,#4563,.F.);
#4565=EDGE_LOOP('',(#4559,#4561,#4562,#4564));
#4566=FACE_OUTER_BOUND('',#4565,.F.);
#4567=FACE_SURFACE('',(#4566),#4557,.T.);
#4568=CARTESIAN_POINT('',(4.234997681881E0,7.008775800522E0,-7.6E1));
#4569=DIRECTION('',(0.E0,0.E0,-1.E0));
#4570=DIRECTION('',(1.E0,0.E0,0.E0));
#4571=AXIS2_PLACEMENT_3D('',#4568,#4569,#4570);
#4572=CYLINDRICAL_SURFACE('',#4571,8.2E0);
#4574=ORIENTED_EDGE('',*,*,#4573,.T.);
#4575=ORIENTED_EDGE('',*,*,#4563,.T.);
#4576=ORIENTED_EDGE('',*,*,#4548,.T.);
#4577=ORIENTED_EDGE('',*,*,#4560,.F.);
#4578=EDGE_LOOP('',(#4574,#4575,#4576,#4577));
#4579=FACE_OUTER_BOUND('',#4578,.F.);
#4580=FACE_SURFACE('',(#4579),#4572,.T.);
#4581=CARTESIAN_POINT('',(4.234997681881E0,7.008775800522E0,-7.550000000015E1));
#4582=DIRECTION('',(0.E0,0.E0,1.E0));
#4583=DIRECTION('',(0.E0,1.E0,0.E0));
#4584=AXIS2_PLACEMENT_3D('',#4581,#4582,#4583);
#4585=CONICAL_SURFACE('',#4584,8.149999999985E0,5.710593137500E0);
#4586=ORIENTED_EDGE('',*,*,#4338,.T.);
#4588=ORIENTED_EDGE('',*,*,#4587,.T.);
#4589=ORIENTED_EDGE('',*,*,#4558,.F.);
#4591=ORIENTED_EDGE('',*,*,#4590,.F.);
#4592=EDGE_LOOP('',(#4586,#4588,#4589,#4591));
#4593=FACE_OUTER_BOUND('',#4592,.F.);
#4594=FACE_SURFACE('',(#4593),#4585,.T.);
#4595=CARTESIAN_POINT('',(4.234997681881E0,7.008775800522E0,-7.550000000015E1));
#4596=DIRECTION('',(0.E0,0.E0,1.E0));
#4597=DIRECTION('',(0.E0,1.E0,0.E0));
#4598=AXIS2_PLACEMENT_3D('',#4595,#4596,#4597);
#4599=CONICAL_SURFACE('',#4598,8.149999999985E0,5.710593137500E0);
#4600=ORIENTED_EDGE('',*,*,#4336,.T.);
#4601=ORIENTED_EDGE('',*,*,#4590,.T.);
#4602=ORIENTED_EDGE('',*,*,#4573,.F.);
#4603=ORIENTED_EDGE('',*,*,#4587,.F.);
#4604=EDGE_LOOP('',(#4600,#4601,#4602,#4603));
#4605=FACE_OUTER_BOUND('',#4604,.F.);
#4606=FACE_SURFACE('',(#4605),#4599,.T.);
#4607=CARTESIAN_POINT('',(-7.650023181189E-1,1.566902983837E1,-3.6E1));
#4608=DIRECTION('',(0.E0,-1.E0,0.E0));
#4609=DIRECTION('',(1.E0,0.E0,0.E0));
#4610=AXIS2_PLACEMENT_3D('',#4607,#4608,#4609);
#4611=PLANE('',#4610);
#4612=ORIENTED_EDGE('',*,*,#4458,.F.);
#4614=ORIENTED_EDGE('',*,*,#4613,.T.);
#4616=ORIENTED_EDGE('',*,*,#4615,.T.);
#4618=ORIENTED_EDGE('',*,*,#4617,.T.);
#4619=EDGE_LOOP('',(#4612,#4614,#4616,#4618));
#4620=FACE_OUTER_BOUND('',#4619,.F.);
#4621=FACE_SURFACE('',(#4620),#4611,.F.);
#4622=CARTESIAN_POINT('',(9.234997681881E0,-1.651478237323E0,-3.6E1));
#4623=DIRECTION('',(0.E0,1.E0,0.E0));
#4624=DIRECTION('',(-1.E0,0.E0,0.E0));
#4625=AXIS2_PLACEMENT_3D('',#4622,#4623,#4624);
#4626=PLANE('',#4625);
#4627=ORIENTED_EDGE('',*,*,#4466,.F.);
#4629=ORIENTED_EDGE('',*,*,#4628,.T.);
#4631=ORIENTED_EDGE('',*,*,#4630,.T.);
#4633=ORIENTED_EDGE('',*,*,#4632,.T.);
#4634=EDGE_LOOP('',(#4627,#4629,#4631,#4633));
#4635=FACE_OUTER_BOUND('',#4634,.F.);
#4636=FACE_SURFACE('',(#4635),#4626,.F.);
#4637=CARTESIAN_POINT('',(4.234997681881E0,7.008775800522E0,-5.48E1));
#4638=DIRECTION('',(0.E0,0.E0,1.E0));
#4639=DIRECTION('',(-2.141171538885E-2,9.997707429427E-1,0.E0));
#4640=AXIS2_PLACEMENT_3D('',#4637,#4638,#4639);
#4641=TOROIDAL_SURFACE('',#4640,5.15E0,2.E-1);
#4642=ORIENTED_EDGE('',*,*,#3944,.T.);
#4644=ORIENTED_EDGE('',*,*,#4643,.T.);
#4645=ORIENTED_EDGE('',*,*,#4322,.F.);
#4647=ORIENTED_EDGE('',*,*,#4646,.F.);
#4648=EDGE_LOOP('',(#4642,#4644,#4645,#4647));
#4649=FACE_OUTER_BOUND('',#4648,.F.);
#4650=FACE_SURFACE('',(#4649),#4641,.T.);
#4651=CARTESIAN_POINT('',(4.234997681881E0,7.008775800522E0,-5.48E1));
#4652=DIRECTION('',(0.E0,0.E0,1.E0));
#4653=DIRECTION('',(2.141171538885E-2,-9.997707429427E-1,0.E0));
#4654=AXIS2_PLACEMENT_3D('',#4651,#4652,#4653);
#4655=TOROIDAL_SURFACE('',#4654,5.15E0,2.E-1);
#4656=ORIENTED_EDGE('',*,*,#3942,.T.);
#4657=ORIENTED_EDGE('',*,*,#4646,.T.);
#4658=ORIENTED_EDGE('',*,*,#4306,.F.);
#4659=ORIENTED_EDGE('',*,*,#4643,.F.);
#4660=EDGE_LOOP('',(#4656,#4657,#4658,#4659));
#4661=FACE_OUTER_BOUND('',#4660,.F.);
#4662=FACE_SURFACE('',(#4661),#4655,.T.);
#4663=CARTESIAN_POINT('',(4.234997681881E0,7.008775800522E0,-5.455E1));
#4664=DIRECTION('',(0.E0,0.E0,-1.E0));
#4665=DIRECTION('',(0.E0,1.E0,0.E0));
#4666=AXIS2_PLACEMENT_3D('',#4663,#4664,#4665);
#4667=PLANE('',#4666);
#4669=ORIENTED_EDGE('',*,*,#4668,.T.);
#4671=ORIENTED_EDGE('',*,*,#4670,.F.);
#4673=ORIENTED_EDGE('',*,*,#4672,.T.);
#4675=ORIENTED_EDGE('',*,*,#4674,.F.);
#4676=EDGE_LOOP('',(#4669,#4671,#4673,#4675));
#4677=FACE_OUTER_BOUND('',#4676,.F.);
#4678=ORIENTED_EDGE('',*,*,#4410,.F.);
#4679=ORIENTED_EDGE('',*,*,#4425,.F.);
#4680=EDGE_LOOP('',(#4678,#4679));
#4681=FACE_BOUND('',#4680,.F.);
#4682=FACE_SURFACE('',(#4677,#4681),#4667,.T.);
#4683=CARTESIAN_POINT('',(4.234997681881E0,7.008775800522E0,-5.435E1));
#4684=DIRECTION('',(0.E0,0.E0,-1.E0));
#4685=DIRECTION('',(-1.485959642860E-3,-9.999988959614E-1,0.E0));
#4686=AXIS2_PLACEMENT_3D('',#4683,#4684,#4685);
#4687=TOROIDAL_SURFACE('',#4686,9.8E0,2.E-1);
#4689=ORIENTED_EDGE('',*,*,#4688,.T.);
#4691=ORIENTED_EDGE('',*,*,#4690,.F.);
#4693=ORIENTED_EDGE('',*,*,#4692,.T.);
#4695=ORIENTED_EDGE('',*,*,#4694,.T.);
#4696=EDGE_LOOP('',(#4689,#4691,#4693,#4695));
#4697=FACE_OUTER_BOUND('',#4696,.F.);
#4698=FACE_SURFACE('',(#4697),#4687,.T.);
#4699=CARTESIAN_POINT('',(4.030699769868E1,-1.451478237323E0,-5.435E1));
#4700=DIRECTION('',(-1.E0,0.E0,0.E0));
#4701=DIRECTION('',(0.E0,0.E0,-1.E0));
#4702=AXIS2_PLACEMENT_3D('',#4699,#4700,#4701);
#4703=CYLINDRICAL_SURFACE('',#4702,2.E-1);
#4705=ORIENTED_EDGE('',*,*,#4704,.T.);
#4706=ORIENTED_EDGE('',*,*,#4674,.T.);
#4708=ORIENTED_EDGE('',*,*,#4707,.T.);
#4710=ORIENTED_EDGE('',*,*,#4709,.F.);
#4711=ORIENTED_EDGE('',*,*,#4630,.F.);
#4713=ORIENTED_EDGE('',*,*,#4712,.T.);
#4714=EDGE_LOOP('',(#4705,#4706,#4708,#4710,#4711,#4713));
#4715=FACE_OUTER_BOUND('',#4714,.F.);
#4716=FACE_SURFACE('',(#4715),#4703,.T.);
#4717=CARTESIAN_POINT('',(4.234997681881E0,7.008775800522E0,-5.435E1));
#4718=DIRECTION('',(0.E0,0.E0,-1.E0));
#4719=DIRECTION('',(-1.485959642860E-3,-9.999988959614E-1,0.E0));
#4720=AXIS2_PLACEMENT_3D('',#4717,#4718,#4719);
#4721=TOROIDAL_SURFACE('',#4720,9.8E0,2.E-1);
#4723=ORIENTED_EDGE('',*,*,#4722,.T.);
#4725=ORIENTED_EDGE('',*,*,#4724,.F.);
#4726=ORIENTED_EDGE('',*,*,#4515,.T.);
#4728=ORIENTED_EDGE('',*,*,#4727,.T.);
#4729=EDGE_LOOP('',(#4723,#4725,#4726,#4728));
#4730=FACE_OUTER_BOUND('',#4729,.F.);
#4731=FACE_SURFACE('',(#4730),#4721,.T.);
#4732=CARTESIAN_POINT('',(-3.183700233491E1,1.546902983837E1,-5.435E1));
#4733=DIRECTION('',(1.E0,0.E0,0.E0));
#4734=DIRECTION('',(0.E0,0.E0,-1.E0));
#4735=AXIS2_PLACEMENT_3D('',#4732,#4733,#4734);
#4736=CYLINDRICAL_SURFACE('',#4735,2.E-1);
#4738=ORIENTED_EDGE('',*,*,#4737,.T.);
#4739=ORIENTED_EDGE('',*,*,#4670,.T.);
#4741=ORIENTED_EDGE('',*,*,#4740,.T.);
#4743=ORIENTED_EDGE('',*,*,#4742,.F.);
#4744=ORIENTED_EDGE('',*,*,#4615,.F.);
#4746=ORIENTED_EDGE('',*,*,#4745,.T.);
#4747=EDGE_LOOP('',(#4738,#4739,#4741,#4743,#4744,#4746));
#4748=FACE_OUTER_BOUND('',#4747,.F.);
#4749=FACE_SURFACE('',(#4748),#4736,.T.);
#4750=CARTESIAN_POINT('',(8.959456177380E0,1.466902983837E1,-1.265437228406E2));
#4751=DIRECTION('',(0.E0,0.E0,1.E0));
#4752=DIRECTION('',(5.249398328332E-1,8.511393375383E-1,0.E0));
#4753=AXIS2_PLACEMENT_3D('',#4750,#4751,#4752);
#4754=CYLINDRICAL_SURFACE('',#4753,1.E0);
#4755=ORIENTED_EDGE('',*,*,#4460,.T.);
#4756=ORIENTED_EDGE('',*,*,#4617,.F.);
#4758=ORIENTED_EDGE('',*,*,#4757,.T.);
#4760=ORIENTED_EDGE('',*,*,#4759,.T.);
#4761=EDGE_LOOP('',(#4755,#4756,#4758,#4760));
#4762=FACE_OUTER_BOUND('',#4761,.F.);
#4763=FACE_SURFACE('',(#4762),#4754,.T.);
#4764=CARTESIAN_POINT('',(-4.894608136175E-1,1.466902983837E1,
2.224854000039E1));
#4765=DIRECTION('',(0.E0,0.E0,-1.E0));
#4766=DIRECTION('',(-5.249398328332E-1,8.511393375383E-1,0.E0));
#4767=AXIS2_PLACEMENT_3D('',#4764,#4765,#4766);
#4768=CYLINDRICAL_SURFACE('',#4767,1.E0);
#4769=ORIENTED_EDGE('',*,*,#4456,.F.);
#4770=ORIENTED_EDGE('',*,*,#4517,.T.);
#4772=ORIENTED_EDGE('',*,*,#4771,.T.);
#4773=ORIENTED_EDGE('',*,*,#4613,.F.);
#4774=EDGE_LOOP('',(#4769,#4770,#4772,#4773));
#4775=FACE_OUTER_BOUND('',#4774,.F.);
#4776=FACE_SURFACE('',(#4775),#4768,.T.);
#4777=CARTESIAN_POINT('',(-4.894608136175E-1,-6.514782373228E-1,
-1.315985400007E2));
#4778=DIRECTION('',(0.E0,0.E0,1.E0));
#4779=DIRECTION('',(-5.249398328332E-1,-8.511393375383E-1,0.E0));
#4780=AXIS2_PLACEMENT_3D('',#4777,#4778,#4779);
#4781=CYLINDRICAL_SURFACE('',#4780,1.E0);
#4782=ORIENTED_EDGE('',*,*,#4468,.T.);
#4783=ORIENTED_EDGE('',*,*,#4632,.F.);
#4785=ORIENTED_EDGE('',*,*,#4784,.T.);
#4786=ORIENTED_EDGE('',*,*,#4513,.T.);
#4787=EDGE_LOOP('',(#4782,#4783,#4785,#4786));
#4788=FACE_OUTER_BOUND('',#4787,.F.);
#4789=FACE_SURFACE('',(#4788),#4781,.T.);
#4790=CARTESIAN_POINT('',(8.959456177380E0,-6.514782373228E-1,
2.224854000039E1));
#4791=DIRECTION('',(0.E0,0.E0,-1.E0));
#4792=DIRECTION('',(5.249398328332E-1,-8.511393375383E-1,0.E0));
#4793=AXIS2_PLACEMENT_3D('',#4790,#4791,#4792);
#4794=CYLINDRICAL_SURFACE('',#4793,1.E0);
#4795=ORIENTED_EDGE('',*,*,#4464,.F.);
#4797=ORIENTED_EDGE('',*,*,#4796,.T.);
#4799=ORIENTED_EDGE('',*,*,#4798,.T.);
#4800=ORIENTED_EDGE('',*,*,#4628,.F.);
#4801=EDGE_LOOP('',(#4795,#4797,#4799,#4800));
#4802=FACE_OUTER_BOUND('',#4801,.F.);
#4803=FACE_SURFACE('',(#4802),#4794,.T.);
#4804=CARTESIAN_POINT('',(8.959456177380E0,1.466902983837E1,-5.435E1));
#4805=DIRECTION('',(0.E0,0.E0,1.E0));
#4806=DIRECTION('',(5.949306307337E-1,8.037770490719E-1,0.E0));
#4807=AXIS2_PLACEMENT_3D('',#4804,#4805,#4806);
#4808=TOROIDAL_SURFACE('',#4807,8.E-1,2.E-1);
#4810=ORIENTED_EDGE('',*,*,#4809,.F.);
#4811=ORIENTED_EDGE('',*,*,#4694,.F.);
#4812=ORIENTED_EDGE('',*,*,#4757,.F.);
#4813=ORIENTED_EDGE('',*,*,#4742,.T.);
#4814=EDGE_LOOP('',(#4810,#4811,#4812,#4813));
#4815=FACE_OUTER_BOUND('',#4814,.F.);
#4816=FACE_SURFACE('',(#4815),#4808,.T.);
#4817=CARTESIAN_POINT('',(-4.894608136175E-1,1.466902983837E1,-5.435E1));
#4818=DIRECTION('',(0.E0,0.E0,-1.E0));
#4819=DIRECTION('',(7.746510399997E-2,9.969950640110E-1,0.E0));
#4820=AXIS2_PLACEMENT_3D('',#4817,#4818,#4819);
#4821=TOROIDAL_SURFACE('',#4820,8.E-1,2.E-1);
#4823=ORIENTED_EDGE('',*,*,#4822,.T.);
#4824=ORIENTED_EDGE('',*,*,#4745,.F.);
#4825=ORIENTED_EDGE('',*,*,#4771,.F.);
#4826=ORIENTED_EDGE('',*,*,#4724,.T.);
#4827=EDGE_LOOP('',(#4823,#4824,#4825,#4826));
#4828=FACE_OUTER_BOUND('',#4827,.F.);
#4829=FACE_SURFACE('',(#4828),#4821,.T.);
#4830=CARTESIAN_POINT('',(-4.894608136175E-1,-6.514782373228E-1,-5.435E1));
#4831=DIRECTION('',(0.E0,0.E0,1.E0));
#4832=DIRECTION('',(-5.949306307337E-1,-8.037770490719E-1,0.E0));
#4833=AXIS2_PLACEMENT_3D('',#4830,#4831,#4832);
#4834=TOROIDAL_SURFACE('',#4833,8.E-1,2.E-1);
#4836=ORIENTED_EDGE('',*,*,#4835,.F.);
#4837=ORIENTED_EDGE('',*,*,#4727,.F.);
#4838=ORIENTED_EDGE('',*,*,#4784,.F.);
#4839=ORIENTED_EDGE('',*,*,#4709,.T.);
#4840=EDGE_LOOP('',(#4836,#4837,#4838,#4839));
#4841=FACE_OUTER_BOUND('',#4840,.F.);
#4842=FACE_SURFACE('',(#4841),#4834,.T.);
#4843=CARTESIAN_POINT('',(8.959456177380E0,-6.514782373228E-1,-5.435E1));
#4844=DIRECTION('',(0.E0,0.E0,-1.E0));
#4845=DIRECTION('',(-7.746510399997E-2,-9.969950640110E-1,0.E0));
#4846=AXIS2_PLACEMENT_3D('',#4843,#4844,#4845);
#4847=TOROIDAL_SURFACE('',#4846,8.E-1,2.E-1);
#4849=ORIENTED_EDGE('',*,*,#4848,.T.);
#4850=ORIENTED_EDGE('',*,*,#4712,.F.);
#4851=ORIENTED_EDGE('',*,*,#4798,.F.);
#4852=ORIENTED_EDGE('',*,*,#4690,.T.);
#4853=EDGE_LOOP('',(#4849,#4850,#4851,#4852));
#4854=FACE_OUTER_BOUND('',#4853,.F.);
#4855=FACE_SURFACE('',(#4854),#4847,.T.);
#4856=CARTESIAN_POINT('',(4.234997681881E0,7.008775800522E0,-5.3E1));
#4857=DIRECTION('',(0.E0,0.E0,1.E0));
#4858=DIRECTION('',(1.E0,0.E0,0.E0));
#4859=AXIS2_PLACEMENT_3D('',#4856,#4857,#4858);
#4860=PLANE('',#4859);
#4862=ORIENTED_EDGE('',*,*,#4861,.F.);
#4864=ORIENTED_EDGE('',*,*,#4863,.T.);
#4866=ORIENTED_EDGE('',*,*,#4865,.F.);
#4868=ORIENTED_EDGE('',*,*,#4867,.F.);
#4869=EDGE_LOOP('',(#4862,#4864,#4866,#4868));
#4870=FACE_OUTER_BOUND('',#4869,.F.);
#4871=FACE_SURFACE('',(#4870),#4860,.T.);
#4872=CARTESIAN_POINT('',(4.234997681881E0,7.008775800522E0,-5.15E1));
#4873=DIRECTION('',(0.E0,0.E0,-1.E0));
#4874=DIRECTION('',(0.E0,-1.E0,0.E0));
#4875=AXIS2_PLACEMENT_3D('',#4872,#4873,#4874);
#4876=PLANE('',#4875);
#4878=ORIENTED_EDGE('',*,*,#4877,.F.);
#4880=ORIENTED_EDGE('',*,*,#4879,.F.);
#4882=ORIENTED_EDGE('',*,*,#4881,.F.);
#4884=ORIENTED_EDGE('',*,*,#4883,.F.);
#4885=EDGE_LOOP('',(#4878,#4880,#4882,#4884));
#4886=FACE_OUTER_BOUND('',#4885,.F.);
#4887=FACE_SURFACE('',(#4886),#4876,.F.);
#4888=CARTESIAN_POINT('',(4.234997681881E0,7.008775800522E0,-5.5E1));
#4889=DIRECTION('',(0.E0,0.E0,-1.E0));
#4890=DIRECTION('',(0.E0,-1.E0,0.E0));
#4891=AXIS2_PLACEMENT_3D('',#4888,#4889,#4890);
#4892=CYLINDRICAL_SURFACE('',#4891,7.6E0);
#4894=ORIENTED_EDGE('',*,*,#4893,.T.);
#4896=ORIENTED_EDGE('',*,*,#4895,.F.);
#4898=ORIENTED_EDGE('',*,*,#4897,.F.);
#4899=ORIENTED_EDGE('',*,*,#4877,.T.);
#4900=EDGE_LOOP('',(#4894,#4896,#4898,#4899));
#4901=FACE_OUTER_BOUND('',#4900,.F.);
#4902=FACE_SURFACE('',(#4901),#4892,.T.);
#4903=CARTESIAN_POINT('',(-8.650023181189E-1,1.264348963531E1,-5.5E1));
#4904=DIRECTION('',(1.E0,0.E0,0.E0));
#4905=DIRECTION('',(0.E0,-1.E0,0.E0));
#4906=AXIS2_PLACEMENT_3D('',#4903,#4904,#4905);
#4907=PLANE('',#4906);
#4908=ORIENTED_EDGE('',*,*,#4897,.T.);
#4909=ORIENTED_EDGE('',*,*,#4394,.T.);
#4911=ORIENTED_EDGE('',*,*,#4910,.F.);
#4913=ORIENTED_EDGE('',*,*,#4912,.F.);
#4914=ORIENTED_EDGE('',*,*,#4879,.T.);
#4915=EDGE_LOOP('',(#4908,#4909,#4911,#4913,#4914));
#4916=FACE_OUTER_BOUND('',#4915,.F.);
#4917=FACE_SURFACE('',(#4916),#4907,.T.);
#4918=CARTESIAN_POINT('',(4.234997681881E0,7.008775800522E0,-5.5E1));
#4919=DIRECTION('',(0.E0,0.E0,-1.E0));
#4920=DIRECTION('',(0.E0,-1.E0,0.E0));
#4921=AXIS2_PLACEMENT_3D('',#4918,#4919,#4920);
#4922=CYLINDRICAL_SURFACE('',#4921,7.2E0);
#4924=ORIENTED_EDGE('',*,*,#4923,.F.);
#4926=ORIENTED_EDGE('',*,*,#4925,.F.);
#4927=ORIENTED_EDGE('',*,*,#4881,.T.);
#4928=ORIENTED_EDGE('',*,*,#4912,.T.);
#4929=EDGE_LOOP('',(#4924,#4926,#4927,#4928));
#4930=FACE_OUTER_BOUND('',#4929,.F.);
#4931=FACE_SURFACE('',(#4930),#4922,.F.);
#4932=CARTESIAN_POINT('',(-8.650023181189E-1,1.926453496692E0,-5.5E1));
#4933=DIRECTION('',(1.E0,0.E0,0.E0));
#4934=DIRECTION('',(0.E0,-1.E0,0.E0));
#4935=AXIS2_PLACEMENT_3D('',#4932,#4933,#4934);
#4936=PLANE('',#4935);
#4937=ORIENTED_EDGE('',*,*,#4358,.T.);
#4938=ORIENTED_EDGE('',*,*,#4893,.F.);
#4939=ORIENTED_EDGE('',*,*,#4883,.T.);
#4940=ORIENTED_EDGE('',*,*,#4925,.T.);
#4942=ORIENTED_EDGE('',*,*,#4941,.F.);
#4943=EDGE_LOOP('',(#4937,#4938,#4939,#4940,#4942));
#4944=FACE_OUTER_BOUND('',#4943,.F.);
#4945=FACE_SURFACE('',(#4944),#4936,.T.);
#4946=CARTESIAN_POINT('',(4.234984902457E0,7.008787651442E0,-5.425005217769E1));
#4947=DIRECTION('',(0.E0,0.E0,-1.E0));
#4948=DIRECTION('',(0.E0,1.E0,0.E0));
#4949=AXIS2_PLACEMENT_3D('',#4946,#4947,#4948);
#4950=CONICAL_SURFACE('',#4949,7.399998835409E0,1.493141855710E1);
#4951=ORIENTED_EDGE('',*,*,#4392,.T.);
#4952=ORIENTED_EDGE('',*,*,#4360,.T.);
#4953=ORIENTED_EDGE('',*,*,#4941,.T.);
#4954=ORIENTED_EDGE('',*,*,#4923,.T.);
#4955=ORIENTED_EDGE('',*,*,#4910,.T.);
#4956=EDGE_LOOP('',(#4951,#4952,#4953,#4954,#4955));
#4957=FACE_OUTER_BOUND('',#4956,.F.);
#4958=FACE_SURFACE('',(#4957),#4950,.F.);
#4959=CARTESIAN_POINT('',(4.234997681881E0,7.008775800522E0,-5.15E1));
#4960=DIRECTION('',(0.E0,0.E0,1.E0));
#4961=DIRECTION('',(0.E0,-1.E0,0.E0));
#4962=AXIS2_PLACEMENT_3D('',#4959,#4960,#4961);
#4963=PLANE('',#4962);
#4965=ORIENTED_EDGE('',*,*,#4964,.F.);
#4967=ORIENTED_EDGE('',*,*,#4966,.F.);
#4969=ORIENTED_EDGE('',*,*,#4968,.F.);
#4971=ORIENTED_EDGE('',*,*,#4970,.F.);
#4972=EDGE_LOOP('',(#4965,#4967,#4969,#4971));
#4973=FACE_OUTER_BOUND('',#4972,.F.);
#4974=FACE_SURFACE('',(#4973),#4963,.T.);
#4975=CARTESIAN_POINT('',(4.234997681881E0,7.008775800522E0,-5.5E1));
#4976=DIRECTION('',(0.E0,0.E0,1.E0));
#4977=DIRECTION('',(0.E0,-1.E0,0.E0));
#4978=AXIS2_PLACEMENT_3D('',#4975,#4976,#4977);
#4979=CYLINDRICAL_SURFACE('',#4978,7.6E0);
#4981=ORIENTED_EDGE('',*,*,#4980,.T.);
#4982=ORIENTED_EDGE('',*,*,#4964,.T.);
#4984=ORIENTED_EDGE('',*,*,#4983,.F.);
#4986=ORIENTED_EDGE('',*,*,#4985,.F.);
#4987=EDGE_LOOP('',(#4981,#4982,#4984,#4986));
#4988=FACE_OUTER_BOUND('',#4987,.F.);
#4989=FACE_SURFACE('',(#4988),#4979,.T.);
#4990=CARTESIAN_POINT('',(9.334997681881E0,1.264348963531E1,-5.5E1));
#4991=DIRECTION('',(1.E0,0.E0,0.E0));
#4992=DIRECTION('',(0.E0,-1.E0,0.E0));
#4993=AXIS2_PLACEMENT_3D('',#4990,#4991,#4992);
#4994=PLANE('',#4993);
#4995=ORIENTED_EDGE('',*,*,#4385,.T.);
#4996=ORIENTED_EDGE('',*,*,#4983,.T.);
#4997=ORIENTED_EDGE('',*,*,#4970,.T.);
#4999=ORIENTED_EDGE('',*,*,#4998,.F.);
#5001=ORIENTED_EDGE('',*,*,#5000,.F.);
#5002=EDGE_LOOP('',(#4995,#4996,#4997,#4999,#5001));
#5003=FACE_OUTER_BOUND('',#5002,.F.);
#5004=FACE_SURFACE('',(#5003),#4994,.F.);
#5005=CARTESIAN_POINT('',(4.234997681881E0,7.008775800522E0,-5.5E1));
#5006=DIRECTION('',(0.E0,0.E0,1.E0));
#5007=DIRECTION('',(0.E0,-1.E0,0.E0));
#5008=AXIS2_PLACEMENT_3D('',#5005,#5006,#5007);
#5009=CYLINDRICAL_SURFACE('',#5008,7.2E0);
#5011=ORIENTED_EDGE('',*,*,#5010,.F.);
#5012=ORIENTED_EDGE('',*,*,#4998,.T.);
#5013=ORIENTED_EDGE('',*,*,#4968,.T.);
#5015=ORIENTED_EDGE('',*,*,#5014,.F.);
#5016=EDGE_LOOP('',(#5011,#5012,#5013,#5015));
#5017=FACE_OUTER_BOUND('',#5016,.F.);
#5018=FACE_SURFACE('',(#5017),#5009,.F.);
#5019=CARTESIAN_POINT('',(9.334997681881E0,1.926453496692E0,-5.5E1));
#5020=DIRECTION('',(1.E0,0.E0,0.E0));
#5021=DIRECTION('',(0.E0,-1.E0,0.E0));
#5022=AXIS2_PLACEMENT_3D('',#5019,#5020,#5021);
#5023=PLANE('',#5022);
#5024=ORIENTED_EDGE('',*,*,#4980,.F.);
#5025=ORIENTED_EDGE('',*,*,#4369,.T.);
#5027=ORIENTED_EDGE('',*,*,#5026,.F.);
#5028=ORIENTED_EDGE('',*,*,#5014,.T.);
#5029=ORIENTED_EDGE('',*,*,#4966,.T.);
#5030=EDGE_LOOP('',(#5024,#5025,#5027,#5028,#5029));
#5031=FACE_OUTER_BOUND('',#5030,.F.);
#5032=FACE_SURFACE('',(#5031),#5023,.F.);
#5033=CARTESIAN_POINT('',(4.234984709287E0,7.008787190479E0,-5.424994740099E1));
#5034=DIRECTION('',(0.E0,0.E0,-1.E0));
#5035=DIRECTION('',(0.E0,1.E0,0.E0));
#5036=AXIS2_PLACEMENT_3D('',#5033,#5034,#5035);
#5037=CONICAL_SURFACE('',#5036,7.400001094066E0,1.493141855710E1);
#5038=ORIENTED_EDGE('',*,*,#4367,.T.);
#5039=ORIENTED_EDGE('',*,*,#4387,.T.);
#5040=ORIENTED_EDGE('',*,*,#5000,.T.);
#5041=ORIENTED_EDGE('',*,*,#5010,.T.);
#5042=ORIENTED_EDGE('',*,*,#5026,.T.);
#5043=EDGE_LOOP('',(#5038,#5039,#5040,#5041,#5042));
#5044=FACE_OUTER_BOUND('',#5043,.F.);
#5045=FACE_SURFACE('',(#5044),#5037,.F.);
#5046=CARTESIAN_POINT('',(-1.545162699790E0,1.516902983837E1,-3.335E1));
#5047=DIRECTION('',(0.E0,-1.E0,0.E0));
#5048=DIRECTION('',(1.E0,0.E0,0.E0));
#5049=AXIS2_PLACEMENT_3D('',#5046,#5047,#5048);
#5050=PLANE('',#5049);
#5051=ORIENTED_EDGE('',*,*,#3966,.F.);
#5053=ORIENTED_EDGE('',*,*,#5052,.F.);
#5055=ORIENTED_EDGE('',*,*,#5054,.T.);
#5057=ORIENTED_EDGE('',*,*,#5056,.T.);
#5058=EDGE_LOOP('',(#5051,#5053,#5055,#5057));
#5059=FACE_OUTER_BOUND('',#5058,.F.);
#5060=FACE_SURFACE('',(#5059),#5050,.F.);
#5061=CARTESIAN_POINT('',(-1.545162699790E0,-1.151478237323E0,-3.335E1));
#5062=DIRECTION('',(0.E0,-1.E0,0.E0));
#5063=DIRECTION('',(1.E0,0.E0,0.E0));
#5064=AXIS2_PLACEMENT_3D('',#5061,#5062,#5063);
#5065=PLANE('',#5064);
#5067=ORIENTED_EDGE('',*,*,#5066,.T.);
#5068=ORIENTED_EDGE('',*,*,#3958,.F.);
#5070=ORIENTED_EDGE('',*,*,#5069,.F.);
#5072=ORIENTED_EDGE('',*,*,#5071,.T.);
#5073=EDGE_LOOP('',(#5067,#5068,#5070,#5072));
#5074=FACE_OUTER_BOUND('',#5073,.F.);
#5075=FACE_SURFACE('',(#5074),#5065,.T.);
#5076=CARTESIAN_POINT('',(9.687589919848E0,1.416902983837E1,-1.307033630358E2));
#5077=DIRECTION('',(0.E0,0.E0,1.E0));
#5078=DIRECTION('',(6.058435819963E-1,7.955837819827E-1,0.E0));
#5079=AXIS2_PLACEMENT_3D('',#5076,#5077,#5078);
#5080=CYLINDRICAL_SURFACE('',#5079,1.E0);
#5082=ORIENTED_EDGE('',*,*,#5081,.T.);
#5083=ORIENTED_EDGE('',*,*,#3968,.T.);
#5084=ORIENTED_EDGE('',*,*,#5056,.F.);
#5086=ORIENTED_EDGE('',*,*,#5085,.F.);
#5087=EDGE_LOOP('',(#5082,#5083,#5084,#5086));
#5088=FACE_OUTER_BOUND('',#5087,.F.);
#5089=FACE_SURFACE('',(#5088),#5080,.T.);
#5090=CARTESIAN_POINT('',(-1.217594556085E0,1.416902983837E1,2.224854000039E1));
#5091=DIRECTION('',(0.E0,0.E0,-1.E0));
#5092=DIRECTION('',(-6.058435819963E-1,7.955837819827E-1,0.E0));
#5093=AXIS2_PLACEMENT_3D('',#5090,#5091,#5092);
#5094=CYLINDRICAL_SURFACE('',#5093,1.E0);
#5095=ORIENTED_EDGE('',*,*,#5052,.T.);
#5096=ORIENTED_EDGE('',*,*,#3964,.T.);
#5097=ORIENTED_EDGE('',*,*,#4527,.T.);
#5099=ORIENTED_EDGE('',*,*,#5098,.T.);
#5100=EDGE_LOOP('',(#5095,#5096,#5097,#5099));
#5101=FACE_OUTER_BOUND('',#5100,.F.);
#5102=FACE_SURFACE('',(#5101),#5094,.T.);
#5103=CARTESIAN_POINT('',(9.687589919848E0,-1.514782373228E-1,
2.224854000039E1));
#5104=DIRECTION('',(0.E0,0.E0,-1.E0));
#5105=DIRECTION('',(6.058435819963E-1,-7.955837819827E-1,0.E0));
#5106=AXIS2_PLACEMENT_3D('',#5103,#5104,#5105);
#5107=CYLINDRICAL_SURFACE('',#5106,1.E0);
#5108=ORIENTED_EDGE('',*,*,#5069,.T.);
#5109=ORIENTED_EDGE('',*,*,#3972,.T.);
#5111=ORIENTED_EDGE('',*,*,#5110,.F.);
#5113=ORIENTED_EDGE('',*,*,#5112,.T.);
#5114=EDGE_LOOP('',(#5108,#5109,#5111,#5113));
#5115=FACE_OUTER_BOUND('',#5114,.F.);
#5116=FACE_SURFACE('',(#5115),#5107,.T.);
#5117=CARTESIAN_POINT('',(-1.217594556085E0,-1.514782373228E-1,
-1.315985400007E2));
#5118=DIRECTION('',(0.E0,0.E0,1.E0));
#5119=DIRECTION('',(-6.058435819963E-1,-7.955837819827E-1,0.E0));
#5120=AXIS2_PLACEMENT_3D('',#5117,#5118,#5119);
#5121=CYLINDRICAL_SURFACE('',#5120,1.E0);
#5122=ORIENTED_EDGE('',*,*,#4530,.T.);
#5123=ORIENTED_EDGE('',*,*,#3960,.T.);
#5124=ORIENTED_EDGE('',*,*,#5066,.F.);
#5126=ORIENTED_EDGE('',*,*,#5125,.F.);
#5127=EDGE_LOOP('',(#5122,#5123,#5124,#5126));
#5128=FACE_OUTER_BOUND('',#5127,.F.);
#5129=FACE_SURFACE('',(#5128),#5121,.T.);
#5130=CARTESIAN_POINT('',(4.234997681881E0,7.008775800522E0,-5.26E1));
#5131=DIRECTION('',(0.E0,0.E0,1.E0));
#5132=DIRECTION('',(1.E0,0.E0,0.E0));
#5133=AXIS2_PLACEMENT_3D('',#5130,#5131,#5132);
#5134=TOROIDAL_SURFACE('',#5133,7.95E0,4.E-1);
#5135=ORIENTED_EDGE('',*,*,#4895,.T.);
#5137=ORIENTED_EDGE('',*,*,#5136,.F.);
#5139=ORIENTED_EDGE('',*,*,#5138,.F.);
#5140=ORIENTED_EDGE('',*,*,#4867,.T.);
#5142=ORIENTED_EDGE('',*,*,#5141,.F.);
#5144=ORIENTED_EDGE('',*,*,#5143,.F.);
#5145=EDGE_LOOP('',(#5135,#5137,#5139,#5140,#5142,#5144));
#5146=FACE_OUTER_BOUND('',#5145,.F.);
#5147=FACE_SURFACE('',(#5146),#5134,.F.);
#5148=CARTESIAN_POINT('',(4.234997681881E0,7.008775800522E0,-5.26E1));
#5149=DIRECTION('',(0.E0,0.E0,1.E0));
#5150=DIRECTION('',(1.E0,0.E0,0.E0));
#5151=AXIS2_PLACEMENT_3D('',#5148,#5149,#5150);
#5152=TOROIDAL_SURFACE('',#5151,7.95E0,4.E-1);
#5154=ORIENTED_EDGE('',*,*,#5153,.T.);
#5156=ORIENTED_EDGE('',*,*,#5155,.F.);
#5158=ORIENTED_EDGE('',*,*,#5157,.F.);
#5159=ORIENTED_EDGE('',*,*,#4985,.T.);
#5161=ORIENTED_EDGE('',*,*,#5160,.F.);
#5163=ORIENTED_EDGE('',*,*,#5162,.F.);
#5164=EDGE_LOOP('',(#5154,#5156,#5158,#5159,#5161,#5163));
#5165=FACE_OUTER_BOUND('',#5164,.F.);
#5166=FACE_SURFACE('',(#5165),#5152,.F.);
#5167=CARTESIAN_POINT('',(4.234997681881E0,7.008775800522E0,-7.6E1));
#5168=DIRECTION('',(0.E0,0.E0,1.E0));
#5169=DIRECTION('',(0.E0,1.E0,0.E0));
#5170=AXIS2_PLACEMENT_3D('',#5167,#5168,#5169);
#5171=CYLINDRICAL_SURFACE('',#5170,1.005E1);
#5172=ORIENTED_EDGE('',*,*,#4436,.F.);
#5174=ORIENTED_EDGE('',*,*,#5173,.T.);
#5176=ORIENTED_EDGE('',*,*,#5175,.T.);
#5178=ORIENTED_EDGE('',*,*,#5177,.T.);
#5179=EDGE_LOOP('',(#5172,#5174,#5176,#5178));
#5180=FACE_OUTER_BOUND('',#5179,.F.);
#5181=FACE_SURFACE('',(#5180),#5171,.F.);
#5182=CARTESIAN_POINT('',(4.234997681881E0,7.008775800522E0,-7.6E1));
#5183=DIRECTION('',(0.E0,0.E0,1.E0));
#5184=DIRECTION('',(0.E0,1.E0,0.E0));
#5185=AXIS2_PLACEMENT_3D('',#5182,#5183,#5184);
#5186=CYLINDRICAL_SURFACE('',#5185,9.85E0);
#5188=ORIENTED_EDGE('',*,*,#5187,.T.);
#5190=ORIENTED_EDGE('',*,*,#5189,.F.);
#5192=ORIENTED_EDGE('',*,*,#5191,.T.);
#5194=ORIENTED_EDGE('',*,*,#5193,.T.);
#5195=EDGE_LOOP('',(#5188,#5190,#5192,#5194));
#5196=FACE_OUTER_BOUND('',#5195,.F.);
#5197=FACE_SURFACE('',(#5196),#5186,.T.);
#5198=CARTESIAN_POINT('',(4.234997681881E0,7.008775800522E0,-7.95E1));
#5199=DIRECTION('',(0.E0,0.E0,1.E0));
#5200=DIRECTION('',(0.E0,1.E0,0.E0));
#5201=AXIS2_PLACEMENT_3D('',#5198,#5199,#5200);
#5202=PLANE('',#5201);
#5204=ORIENTED_EDGE('',*,*,#5203,.F.);
#5206=ORIENTED_EDGE('',*,*,#5205,.F.);
#5207=EDGE_LOOP('',(#5204,#5206));
#5208=FACE_OUTER_BOUND('',#5207,.F.);
#5210=ORIENTED_EDGE('',*,*,#5209,.T.);
#5212=ORIENTED_EDGE('',*,*,#5211,.T.);
#5213=EDGE_LOOP('',(#5210,#5212));
#5214=FACE_BOUND('',#5213,.F.);
#5215=FACE_SURFACE('',(#5208,#5214),#5202,.F.);
#5216=CARTESIAN_POINT('',(4.234997681881E0,7.008775800522E0,-7.6E1));
#5217=DIRECTION('',(0.E0,0.E0,1.E0));
#5218=DIRECTION('',(0.E0,1.E0,0.E0));
#5219=AXIS2_PLACEMENT_3D('',#5216,#5217,#5218);
#5220=CYLINDRICAL_SURFACE('',#5219,8.15E0);
#5222=ORIENTED_EDGE('',*,*,#5221,.F.);
#5224=ORIENTED_EDGE('',*,*,#5223,.T.);
#5226=ORIENTED_EDGE('',*,*,#5225,.F.);
#5228=ORIENTED_EDGE('',*,*,#5227,.F.);
#5229=EDGE_LOOP('',(#5222,#5224,#5226,#5228));
#5230=FACE_OUTER_BOUND('',#5229,.F.);
#5231=FACE_SURFACE('',(#5230),#5220,.F.);
#5232=CARTESIAN_POINT('',(4.234997681881E0,7.008775800522E0,-7.9E1));
#5233=DIRECTION('',(0.E0,0.E0,1.E0));
#5234=DIRECTION('',(0.E0,1.E0,0.E0));
#5235=AXIS2_PLACEMENT_3D('',#5232,#5233,#5234);
#5236=PLANE('',#5235);
#5238=ORIENTED_EDGE('',*,*,#5237,.F.);
#5240=ORIENTED_EDGE('',*,*,#5239,.T.);
#5241=EDGE_LOOP('',(#5238,#5240));
#5242=FACE_OUTER_BOUND('',#5241,.F.);
#5244=ORIENTED_EDGE('',*,*,#5243,.F.);
#5245=ORIENTED_EDGE('',*,*,#5225,.T.);
#5246=EDGE_LOOP('',(#5244,#5245));
#5247=FACE_BOUND('',#5246,.F.);
#5248=FACE_SURFACE('',(#5242,#5247),#5236,.T.);
#5249=CARTESIAN_POINT('',(4.234997681881E0,7.008775800522E0,-7.6E1));
#5250=DIRECTION('',(0.E0,0.E0,1.E0));
#5251=DIRECTION('',(0.E0,1.E0,0.E0));
#5252=AXIS2_PLACEMENT_3D('',#5249,#5250,#5251);
#5253=CYLINDRICAL_SURFACE('',#5252,8.45E0);
#5255=ORIENTED_EDGE('',*,*,#5254,.T.);
#5257=ORIENTED_EDGE('',*,*,#5256,.F.);
#5258=ORIENTED_EDGE('',*,*,#5237,.T.);
#5260=ORIENTED_EDGE('',*,*,#5259,.T.);
#5261=EDGE_LOOP('',(#5255,#5257,#5258,#5260));
#5262=FACE_OUTER_BOUND('',#5261,.F.);
#5263=FACE_SURFACE('',(#5262),#5253,.F.);
#5264=CARTESIAN_POINT('',(4.234997681881E0,7.008775800522E0,-7.6E1));
#5265=DIRECTION('',(0.E0,0.E0,1.E0));
#5266=DIRECTION('',(0.E0,1.E0,0.E0));
#5267=AXIS2_PLACEMENT_3D('',#5264,#5265,#5266);
#5268=CYLINDRICAL_SURFACE('',#5267,1.005E1);
#5269=ORIENTED_EDGE('',*,*,#4444,.F.);
#5271=ORIENTED_EDGE('',*,*,#5270,.T.);
#5273=ORIENTED_EDGE('',*,*,#5272,.F.);
#5275=ORIENTED_EDGE('',*,*,#5274,.T.);
#5276=EDGE_LOOP('',(#5269,#5271,#5273,#5275));
#5277=FACE_OUTER_BOUND('',#5276,.F.);
#5278=FACE_SURFACE('',(#5277),#5268,.F.);
#5279=CARTESIAN_POINT('',(4.234997681881E0,7.008775800522E0,-7.6E1));
#5280=DIRECTION('',(0.E0,0.E0,1.E0));
#5281=DIRECTION('',(0.E0,1.E0,0.E0));
#5282=AXIS2_PLACEMENT_3D('',#5279,#5280,#5281);
#5283=CYLINDRICAL_SURFACE('',#5282,9.85E0);
#5285=ORIENTED_EDGE('',*,*,#5284,.T.);
#5286=ORIENTED_EDGE('',*,*,#5193,.F.);
#5288=ORIENTED_EDGE('',*,*,#5287,.T.);
#5289=ORIENTED_EDGE('',*,*,#5189,.T.);
#5290=EDGE_LOOP('',(#5285,#5286,#5288,#5289));
#5291=FACE_OUTER_BOUND('',#5290,.F.);
#5292=FACE_SURFACE('',(#5291),#5283,.T.);
#5293=CARTESIAN_POINT('',(4.234997681881E0,7.008775800522E0,-7.6E1));
#5294=DIRECTION('',(0.E0,0.E0,1.E0));
#5295=DIRECTION('',(0.E0,1.E0,0.E0));
#5296=AXIS2_PLACEMENT_3D('',#5293,#5294,#5295);
#5297=CYLINDRICAL_SURFACE('',#5296,8.15E0);
#5299=ORIENTED_EDGE('',*,*,#5298,.F.);
#5300=ORIENTED_EDGE('',*,*,#5227,.T.);
#5301=ORIENTED_EDGE('',*,*,#5243,.T.);
#5302=ORIENTED_EDGE('',*,*,#5223,.F.);
#5303=EDGE_LOOP('',(#5299,#5300,#5301,#5302));
#5304=FACE_OUTER_BOUND('',#5303,.F.);
#5305=FACE_SURFACE('',(#5304),#5297,.F.);
#5306=CARTESIAN_POINT('',(4.234997681881E0,7.008775800522E0,-7.6E1));
#5307=DIRECTION('',(0.E0,0.E0,1.E0));
#5308=DIRECTION('',(0.E0,1.E0,0.E0));
#5309=AXIS2_PLACEMENT_3D('',#5306,#5307,#5308);
#5310=CYLINDRICAL_SURFACE('',#5309,8.45E0);
#5312=ORIENTED_EDGE('',*,*,#5311,.T.);
#5313=ORIENTED_EDGE('',*,*,#5259,.F.);
#5314=ORIENTED_EDGE('',*,*,#5239,.F.);
#5315=ORIENTED_EDGE('',*,*,#5256,.T.);
#5316=EDGE_LOOP('',(#5312,#5313,#5314,#5315));
#5317=FACE_OUTER_BOUND('',#5316,.F.);
#5318=FACE_SURFACE('',(#5317),#5310,.F.);
#5319=CARTESIAN_POINT('',(4.234997681881E0,7.008775800522E0,-7.6E1));
#5320=DIRECTION('',(0.E0,0.E0,1.E0));
#5321=DIRECTION('',(0.E0,1.E0,0.E0));
#5322=AXIS2_PLACEMENT_3D('',#5319,#5320,#5321);
#5323=CYLINDRICAL_SURFACE('',#5322,1.15E1);
#5325=ORIENTED_EDGE('',*,*,#5324,.F.);
#5327=ORIENTED_EDGE('',*,*,#5326,.T.);
#5329=ORIENTED_EDGE('',*,*,#5328,.T.);
#5331=ORIENTED_EDGE('',*,*,#5330,.T.);
#5332=EDGE_LOOP('',(#5325,#5327,#5329,#5331));
#5333=FACE_OUTER_BOUND('',#5332,.F.);
#5334=FACE_SURFACE('',(#5333),#5323,.T.);
#5335=CARTESIAN_POINT('',(4.234997681881E0,7.008775800522E0,-5.685E1));
#5336=DIRECTION('',(0.E0,0.E0,-1.E0));
#5337=DIRECTION('',(1.E0,0.E0,0.E0));
#5338=AXIS2_PLACEMENT_3D('',#5335,#5336,#5337);
#5339=PLANE('',#5338);
#5341=ORIENTED_EDGE('',*,*,#5340,.F.);
#5343=ORIENTED_EDGE('',*,*,#5342,.F.);
#5345=ORIENTED_EDGE('',*,*,#5344,.F.);
#5347=ORIENTED_EDGE('',*,*,#5346,.F.);
#5349=ORIENTED_EDGE('',*,*,#5348,.F.);
#5351=ORIENTED_EDGE('',*,*,#5350,.F.);
#5353=ORIENTED_EDGE('',*,*,#5352,.F.);
#5355=ORIENTED_EDGE('',*,*,#5354,.F.);
#5356=EDGE_LOOP('',(#5341,#5343,#5345,#5347,#5349,#5351,#5353,#5355));
#5357=FACE_OUTER_BOUND('',#5356,.F.);
#5359=ORIENTED_EDGE('',*,*,#5358,.T.);
#5361=ORIENTED_EDGE('',*,*,#5360,.T.);
#5362=EDGE_LOOP('',(#5359,#5361));
#5363=FACE_BOUND('',#5362,.F.);
#5365=ORIENTED_EDGE('',*,*,#5364,.T.);
#5367=ORIENTED_EDGE('',*,*,#5366,.T.);
#5368=EDGE_LOOP('',(#5365,#5367));
#5369=FACE_BOUND('',#5368,.F.);
#5371=ORIENTED_EDGE('',*,*,#5370,.T.);
#5373=ORIENTED_EDGE('',*,*,#5372,.T.);
#5374=EDGE_LOOP('',(#5371,#5373));
#5375=FACE_BOUND('',#5374,.F.);
#5377=ORIENTED_EDGE('',*,*,#5376,.T.);
#5379=ORIENTED_EDGE('',*,*,#5378,.T.);
#5380=EDGE_LOOP('',(#5377,#5379));
#5381=FACE_BOUND('',#5380,.F.);
#5383=ORIENTED_EDGE('',*,*,#5382,.T.);
#5385=ORIENTED_EDGE('',*,*,#5384,.T.);
#5386=EDGE_LOOP('',(#5383,#5385));
#5387=FACE_BOUND('',#5386,.F.);
#5389=ORIENTED_EDGE('',*,*,#5388,.T.);
#5391=ORIENTED_EDGE('',*,*,#5390,.T.);
#5393=ORIENTED_EDGE('',*,*,#5392,.T.);
#5395=ORIENTED_EDGE('',*,*,#5394,.T.);
#5397=ORIENTED_EDGE('',*,*,#5396,.T.);
#5399=ORIENTED_EDGE('',*,*,#5398,.F.);
#5401=ORIENTED_EDGE('',*,*,#5400,.T.);
#5402=EDGE_LOOP('',(#5389,#5391,#5393,#5395,#5397,#5399,#5401));
#5403=FACE_BOUND('',#5402,.F.);
#5404=FACE_SURFACE('',(#5357,#5363,#5369,#5375,#5381,#5387,#5403),#5339,.T.);
#5405=CARTESIAN_POINT('',(4.234997681881E0,7.008775800522E0,-5.435E1));
#5406=DIRECTION('',(0.E0,0.E0,-1.E0));
#5407=DIRECTION('',(0.E0,1.E0,0.E0));
#5408=AXIS2_PLACEMENT_3D('',#5405,#5406,#5407);
#5409=PLANE('',#5408);
#5411=ORIENTED_EDGE('',*,*,#5410,.F.);
#5413=ORIENTED_EDGE('',*,*,#5412,.F.);
#5415=ORIENTED_EDGE('',*,*,#5414,.F.);
#5417=ORIENTED_EDGE('',*,*,#5416,.F.);
#5419=ORIENTED_EDGE('',*,*,#5418,.F.);
#5421=ORIENTED_EDGE('',*,*,#5420,.F.);
#5423=ORIENTED_EDGE('',*,*,#5422,.F.);
#5425=ORIENTED_EDGE('',*,*,#5424,.F.);
#5426=EDGE_LOOP('',(#5411,#5413,#5415,#5417,#5419,#5421,#5423,#5425));
#5427=FACE_OUTER_BOUND('',#5426,.F.);
#5429=ORIENTED_EDGE('',*,*,#5428,.F.);
#5431=ORIENTED_EDGE('',*,*,#5430,.F.);
#5432=ORIENTED_EDGE('',*,*,#5328,.F.);
#5434=ORIENTED_EDGE('',*,*,#5433,.F.);
#5435=EDGE_LOOP('',(#5429,#5431,#5432,#5434));
#5436=FACE_BOUND('',#5435,.F.);
#5438=ORIENTED_EDGE('',*,*,#5437,.F.);
#5440=ORIENTED_EDGE('',*,*,#5439,.F.);
#5441=EDGE_LOOP('',(#5438,#5440));
#5442=FACE_BOUND('',#5441,.F.);
#5444=ORIENTED_EDGE('',*,*,#5443,.F.);
#5446=ORIENTED_EDGE('',*,*,#5445,.F.);
#5447=EDGE_LOOP('',(#5444,#5446));
#5448=FACE_BOUND('',#5447,.F.);
#5450=ORIENTED_EDGE('',*,*,#5449,.F.);
#5452=ORIENTED_EDGE('',*,*,#5451,.F.);
#5453=EDGE_LOOP('',(#5450,#5452));
#5454=FACE_BOUND('',#5453,.F.);
#5456=ORIENTED_EDGE('',*,*,#5455,.F.);
#5458=ORIENTED_EDGE('',*,*,#5457,.F.);
#5459=EDGE_LOOP('',(#5456,#5458));
#5460=FACE_BOUND('',#5459,.F.);
#5461=FACE_SURFACE('',(#5427,#5436,#5442,#5448,#5454,#5460),#5409,.F.);
#5462=CARTESIAN_POINT('',(1.973499768188E1,-8.491224199478E0,-5.685E1));
#5463=DIRECTION('',(0.E0,-1.E0,0.E0));
#5464=DIRECTION('',(-1.E0,0.E0,0.E0));
#5465=AXIS2_PLACEMENT_3D('',#5462,#5463,#5464);
#5466=PLANE('',#5465);
#5468=ORIENTED_EDGE('',*,*,#5467,.T.);
#5470=ORIENTED_EDGE('',*,*,#5469,.T.);
#5472=ORIENTED_EDGE('',*,*,#5471,.T.);
#5474=ORIENTED_EDGE('',*,*,#5473,.F.);
#5475=EDGE_LOOP('',(#5468,#5470,#5472,#5474));
#5476=FACE_OUTER_BOUND('',#5475,.F.);
#5477=FACE_SURFACE('',(#5476),#5466,.T.);
#5478=CARTESIAN_POINT('',(-1.126500231812E1,-8.491224199478E0,-5.685E1));
#5479=DIRECTION('',(-1.E0,0.E0,0.E0));
#5480=DIRECTION('',(0.E0,1.E0,0.E0));
#5481=AXIS2_PLACEMENT_3D('',#5478,#5479,#5480);
#5482=PLANE('',#5481);
#5484=ORIENTED_EDGE('',*,*,#5483,.T.);
#5486=ORIENTED_EDGE('',*,*,#5485,.T.);
#5488=ORIENTED_EDGE('',*,*,#5487,.T.);
#5490=ORIENTED_EDGE('',*,*,#5489,.F.);
#5491=EDGE_LOOP('',(#5484,#5486,#5488,#5490));
#5492=FACE_OUTER_BOUND('',#5491,.F.);
#5493=FACE_SURFACE('',(#5492),#5482,.T.);
#5494=CARTESIAN_POINT('',(-1.126500231812E1,2.250877580052E1,-5.685E1));
#5495=DIRECTION('',(0.E0,1.E0,0.E0));
#5496=DIRECTION('',(1.E0,0.E0,0.E0));
#5497=AXIS2_PLACEMENT_3D('',#5494,#5495,#5496);
#5498=PLANE('',#5497);
#5500=ORIENTED_EDGE('',*,*,#5499,.T.);
#5502=ORIENTED_EDGE('',*,*,#5501,.T.);
#5504=ORIENTED_EDGE('',*,*,#5503,.T.);
#5506=ORIENTED_EDGE('',*,*,#5505,.F.);
#5507=EDGE_LOOP('',(#5500,#5502,#5504,#5506));
#5508=FACE_OUTER_BOUND('',#5507,.F.);
#5509=FACE_SURFACE('',(#5508),#5498,.T.);
#5510=CARTESIAN_POINT('',(1.973499768188E1,2.250877580052E1,-5.685E1));
#5511=DIRECTION('',(1.E0,0.E0,0.E0));
#5512=DIRECTION('',(0.E0,-1.E0,0.E0));
#5513=AXIS2_PLACEMENT_3D('',#5510,#5511,#5512);
#5514=PLANE('',#5513);
#5516=ORIENTED_EDGE('',*,*,#5515,.T.);
#5518=ORIENTED_EDGE('',*,*,#5517,.T.);
#5520=ORIENTED_EDGE('',*,*,#5519,.T.);
#5522=ORIENTED_EDGE('',*,*,#5521,.F.);
#5523=EDGE_LOOP('',(#5516,#5518,#5520,#5522));
#5524=FACE_OUTER_BOUND('',#5523,.F.);
#5525=FACE_SURFACE('',(#5524),#5514,.T.);
#5526=CARTESIAN_POINT('',(-6.904920594981E-1,1.576902983837E1,-4.605E1));
#5527=DIRECTION('',(0.E0,-1.E0,0.E0));
#5528=DIRECTION('',(1.E0,0.E0,0.E0));
#5529=AXIS2_PLACEMENT_3D('',#5526,#5527,#5528);
#5530=PLANE('',#5529);
#5531=ORIENTED_EDGE('',*,*,#4440,.T.);
#5533=ORIENTED_EDGE('',*,*,#5532,.F.);
#5535=ORIENTED_EDGE('',*,*,#5534,.F.);
#5537=ORIENTED_EDGE('',*,*,#5536,.F.);
#5538=EDGE_LOOP('',(#5531,#5533,#5535,#5537));
#5539=FACE_OUTER_BOUND('',#5538,.F.);
#5540=FACE_SURFACE('',(#5539),#5530,.T.);
#5541=CARTESIAN_POINT('',(9.160487423260E0,-1.751478237323E0,-4.605E1));
#5542=DIRECTION('',(0.E0,1.E0,0.E0));
#5543=DIRECTION('',(-1.E0,0.E0,0.E0));
#5544=AXIS2_PLACEMENT_3D('',#5541,#5542,#5543);
#5545=PLANE('',#5544);
#5546=ORIENTED_EDGE('',*,*,#4448,.T.);
#5548=ORIENTED_EDGE('',*,*,#5547,.F.);
#5550=ORIENTED_EDGE('',*,*,#5549,.F.);
#5552=ORIENTED_EDGE('',*,*,#5551,.F.);
#5553=EDGE_LOOP('',(#5546,#5548,#5550,#5552));
#5554=FACE_OUTER_BOUND('',#5553,.F.);
#5555=FACE_SURFACE('',(#5554),#5545,.T.);
#5556=CARTESIAN_POINT('',(-1.443910663919E0,1.700877580052E1,-3.935E1));
#5557=DIRECTION('',(0.E0,-1.E0,0.E0));
#5558=DIRECTION('',(1.E0,0.E0,0.E0));
#5559=AXIS2_PLACEMENT_3D('',#5556,#5557,#5558);
#5560=PLANE('',#5559);
#5562=ORIENTED_EDGE('',*,*,#5561,.T.);
#5563=ORIENTED_EDGE('',*,*,#5330,.F.);
#5564=ORIENTED_EDGE('',*,*,#5430,.T.);
#5566=ORIENTED_EDGE('',*,*,#5565,.F.);
#5567=EDGE_LOOP('',(#5562,#5563,#5564,#5566));
#5568=FACE_OUTER_BOUND('',#5567,.F.);
#5569=FACE_SURFACE('',(#5568),#5560,.F.);
#5570=CARTESIAN_POINT('',(9.913906027681E0,-2.991224199478E0,-3.935E1));
#5571=DIRECTION('',(0.E0,1.E0,0.E0));
#5572=DIRECTION('',(-1.E0,0.E0,0.E0));
#5573=AXIS2_PLACEMENT_3D('',#5570,#5571,#5572);
#5574=PLANE('',#5573);
#5576=ORIENTED_EDGE('',*,*,#5575,.T.);
#5578=ORIENTED_EDGE('',*,*,#5577,.F.);
#5579=ORIENTED_EDGE('',*,*,#5433,.T.);
#5580=ORIENTED_EDGE('',*,*,#5326,.F.);
#5581=EDGE_LOOP('',(#5576,#5578,#5579,#5580));
#5582=FACE_OUTER_BOUND('',#5581,.F.);
#5583=FACE_SURFACE('',(#5582),#5574,.F.);
#5584=CARTESIAN_POINT('',(4.234997681881E0,7.008775800522E0,-7.335E1));
#5585=DIRECTION('',(0.E0,0.E0,1.E0));
#5586=DIRECTION('',(0.E0,1.E0,0.E0));
#5587=AXIS2_PLACEMENT_3D('',#5584,#5585,#5586);
#5588=PLANE('',#5587);
#5590=ORIENTED_EDGE('',*,*,#5589,.T.);
#5592=ORIENTED_EDGE('',*,*,#5591,.T.);
#5593=EDGE_LOOP('',(#5590,#5592));
#5594=FACE_OUTER_BOUND('',#5593,.F.);
#5596=ORIENTED_EDGE('',*,*,#5595,.T.);
#5598=ORIENTED_EDGE('',*,*,#5597,.F.);
#5599=EDGE_LOOP('',(#5596,#5598));
#5600=FACE_BOUND('',#5599,.F.);
#5601=FACE_SURFACE('',(#5594,#5600),#5588,.F.);
#5602=CARTESIAN_POINT('',(4.234997681881E0,7.008775800522E0,-7.6E1));
#5603=DIRECTION('',(0.E0,0.E0,1.E0));
#5604=DIRECTION('',(0.E0,1.E0,0.E0));
#5605=AXIS2_PLACEMENT_3D('',#5602,#5603,#5604);
#5606=CYLINDRICAL_SURFACE('',#5605,9.25E0);
#5608=ORIENTED_EDGE('',*,*,#5607,.F.);
#5610=ORIENTED_EDGE('',*,*,#5609,.F.);
#5611=ORIENTED_EDGE('',*,*,#5597,.T.);
#5613=ORIENTED_EDGE('',*,*,#5612,.T.);
#5614=EDGE_LOOP('',(#5608,#5610,#5611,#5613));
#5615=FACE_OUTER_BOUND('',#5614,.F.);
#5616=FACE_SURFACE('',(#5615),#5606,.T.);
#5617=CARTESIAN_POINT('',(4.234997681881E0,7.008775800522E0,-7.65E1));
#5618=DIRECTION('',(0.E0,0.E0,1.E0));
#5619=DIRECTION('',(0.E0,1.E0,0.E0));
#5620=AXIS2_PLACEMENT_3D('',#5617,#5618,#5619);
#5621=PLANE('',#5620);
#5622=ORIENTED_EDGE('',*,*,#5191,.F.);
#5623=ORIENTED_EDGE('',*,*,#5287,.F.);
#5624=EDGE_LOOP('',(#5622,#5623));
#5625=FACE_OUTER_BOUND('',#5624,.F.);
#5627=ORIENTED_EDGE('',*,*,#5626,.F.);
#5629=ORIENTED_EDGE('',*,*,#5628,.F.);
#5630=EDGE_LOOP('',(#5627,#5629));
#5631=FACE_BOUND('',#5630,.F.);
#5632=FACE_SURFACE('',(#5625,#5631),#5621,.T.);
#5633=CARTESIAN_POINT('',(4.234997681881E0,7.008775800522E0,-7.6E1));
#5634=DIRECTION('',(0.E0,0.E0,1.E0));
#5635=DIRECTION('',(0.E0,1.E0,0.E0));
#5636=AXIS2_PLACEMENT_3D('',#5633,#5634,#5635);
#5637=CYLINDRICAL_SURFACE('',#5636,9.25E0);
#5639=ORIENTED_EDGE('',*,*,#5638,.F.);
#5640=ORIENTED_EDGE('',*,*,#5612,.F.);
#5641=ORIENTED_EDGE('',*,*,#5595,.F.);
#5642=ORIENTED_EDGE('',*,*,#5609,.T.);
#5643=EDGE_LOOP('',(#5639,#5640,#5641,#5642));
#5644=FACE_OUTER_BOUND('',#5643,.F.);
#5645=FACE_SURFACE('',(#5644),#5637,.T.);
#5646=CARTESIAN_POINT('',(4.234997681881E0,7.008775800522E0,-6.915E1));
#5647=DIRECTION('',(0.E0,0.E0,1.E0));
#5648=DIRECTION('',(-1.E0,0.E0,0.E0));
#5649=AXIS2_PLACEMENT_3D('',#5646,#5647,#5648);
#5650=PLANE('',#5649);
#5652=ORIENTED_EDGE('',*,*,#5651,.F.);
#5654=ORIENTED_EDGE('',*,*,#5653,.F.);
#5655=EDGE_LOOP('',(#5652,#5654));
#5656=FACE_OUTER_BOUND('',#5655,.F.);
#5658=ORIENTED_EDGE('',*,*,#5657,.T.);
#5660=ORIENTED_EDGE('',*,*,#5659,.F.);
#5661=EDGE_LOOP('',(#5658,#5660));
#5662=FACE_BOUND('',#5661,.F.);
#5663=FACE_SURFACE('',(#5656,#5662),#5650,.F.);
#5664=CARTESIAN_POINT('',(4.234997681881E0,7.008775800522E0,-7.6E1));
#5665=DIRECTION('',(0.E0,0.E0,1.E0));
#5666=DIRECTION('',(-1.E0,0.E0,0.E0));
#5667=AXIS2_PLACEMENT_3D('',#5664,#5665,#5666);
#5668=CYLINDRICAL_SURFACE('',#5667,9.15E0);
#5670=ORIENTED_EDGE('',*,*,#5669,.F.);
#5671=ORIENTED_EDGE('',*,*,#5659,.T.);
#5673=ORIENTED_EDGE('',*,*,#5672,.T.);
#5675=ORIENTED_EDGE('',*,*,#5674,.F.);
#5676=EDGE_LOOP('',(#5670,#5671,#5673,#5675));
#5677=FACE_OUTER_BOUND('',#5676,.F.);
#5678=FACE_SURFACE('',(#5677),#5668,.T.);
#5679=CARTESIAN_POINT('',(4.234997681881E0,7.008775800522E0,-7.05E1));
#5680=DIRECTION('',(0.E0,0.E0,1.E0));
#5681=DIRECTION('',(-1.E0,0.E0,0.E0));
#5682=AXIS2_PLACEMENT_3D('',#5679,#5680,#5681);
#5683=PLANE('',#5682);
#5685=ORIENTED_EDGE('',*,*,#5684,.F.);
#5687=ORIENTED_EDGE('',*,*,#5686,.F.);
#5688=EDGE_LOOP('',(#5685,#5687));
#5689=FACE_OUTER_BOUND('',#5688,.F.);
#5690=ORIENTED_EDGE('',*,*,#5674,.T.);
#5692=ORIENTED_EDGE('',*,*,#5691,.F.);
#5693=EDGE_LOOP('',(#5690,#5692));
#5694=FACE_BOUND('',#5693,.F.);
#5695=FACE_SURFACE('',(#5689,#5694),#5683,.T.);
#5696=CARTESIAN_POINT('',(4.234997681881E0,7.008775800522E0,-7.6E1));
#5697=DIRECTION('',(0.E0,0.E0,1.E0));
#5698=DIRECTION('',(-1.E0,0.E0,0.E0));
#5699=AXIS2_PLACEMENT_3D('',#5696,#5697,#5698);
#5700=CYLINDRICAL_SURFACE('',#5699,9.15E0);
#5701=ORIENTED_EDGE('',*,*,#5669,.T.);
#5702=ORIENTED_EDGE('',*,*,#5691,.T.);
#5703=ORIENTED_EDGE('',*,*,#5672,.F.);
#5704=ORIENTED_EDGE('',*,*,#5657,.F.);
#5705=EDGE_LOOP('',(#5701,#5702,#5703,#5704));
#5706=FACE_OUTER_BOUND('',#5705,.F.);
#5707=FACE_SURFACE('',(#5706),#5700,.T.);
#5708=CARTESIAN_POINT('',(4.234997681881E0,7.008775800522E0,-6.86E1));
#5709=DIRECTION('',(0.E0,0.E0,-1.E0));
#5710=DIRECTION('',(0.E0,-1.E0,0.E0));
#5711=AXIS2_PLACEMENT_3D('',#5708,#5709,#5710);
#5712=PLANE('',#5711);
#5714=ORIENTED_EDGE('',*,*,#5713,.F.);
#5716=ORIENTED_EDGE('',*,*,#5715,.F.);
#5717=EDGE_LOOP('',(#5714,#5716));
#5718=FACE_OUTER_BOUND('',#5717,.F.);
#5720=ORIENTED_EDGE('',*,*,#5719,.F.);
#5722=ORIENTED_EDGE('',*,*,#5721,.F.);
#5723=EDGE_LOOP('',(#5720,#5722));
#5724=FACE_BOUND('',#5723,.F.);
#5725=FACE_SURFACE('',(#5718,#5724),#5712,.T.);
#5726=CARTESIAN_POINT('',(4.234997681881E0,7.008775800522E0,-5.685E1));
#5727=DIRECTION('',(0.E0,0.E0,-1.E0));
#5728=DIRECTION('',(0.E0,-1.E0,0.E0));
#5729=AXIS2_PLACEMENT_3D('',#5726,#5727,#5728);
#5730=CYLINDRICAL_SURFACE('',#5729,1.05E1);
#5731=ORIENTED_EDGE('',*,*,#5358,.F.);
#5733=ORIENTED_EDGE('',*,*,#5732,.T.);
#5734=ORIENTED_EDGE('',*,*,#5713,.T.);
#5736=ORIENTED_EDGE('',*,*,#5735,.F.);
#5737=EDGE_LOOP('',(#5731,#5733,#5734,#5736));
#5738=FACE_OUTER_BOUND('',#5737,.F.);
#5739=FACE_SURFACE('',(#5738),#5730,.T.);
#5740=CARTESIAN_POINT('',(4.234997681881E0,7.008775800522E0,-5.685E1));
#5741=DIRECTION('',(0.E0,0.E0,-1.E0));
#5742=DIRECTION('',(0.E0,-1.E0,0.E0));
#5743=AXIS2_PLACEMENT_3D('',#5740,#5741,#5742);
#5744=CYLINDRICAL_SURFACE('',#5743,1.05E1);
#5745=ORIENTED_EDGE('',*,*,#5360,.F.);
#5746=ORIENTED_EDGE('',*,*,#5735,.T.);
#5747=ORIENTED_EDGE('',*,*,#5715,.T.);
#5748=ORIENTED_EDGE('',*,*,#5732,.F.);
#5749=EDGE_LOOP('',(#5745,#5746,#5747,#5748));
#5750=FACE_OUTER_BOUND('',#5749,.F.);
#5751=FACE_SURFACE('',(#5750),#5744,.T.);
#5752=CARTESIAN_POINT('',(-9.265002318119E0,2.050877580052E1,-1.3183954E2));
#5753=DIRECTION('',(0.E0,0.E0,1.E0));
#5754=DIRECTION('',(0.E0,1.E0,0.E0));
#5755=AXIS2_PLACEMENT_3D('',#5752,#5753,#5754);
#5756=CYLINDRICAL_SURFACE('',#5755,2.E0);
#5758=ORIENTED_EDGE('',*,*,#5757,.T.);
#5759=ORIENTED_EDGE('',*,*,#5505,.T.);
#5761=ORIENTED_EDGE('',*,*,#5760,.T.);
#5762=ORIENTED_EDGE('',*,*,#5485,.F.);
#5763=EDGE_LOOP('',(#5758,#5759,#5761,#5762));
#5764=FACE_OUTER_BOUND('',#5763,.F.);
#5765=FACE_SURFACE('',(#5764),#5756,.T.);
#5766=CARTESIAN_POINT('',(-9.265002318119E0,-6.491224199478E0,-1.3183954E2));
#5767=DIRECTION('',(0.E0,0.E0,1.E0));
#5768=DIRECTION('',(-1.E0,0.E0,0.E0));
#5769=AXIS2_PLACEMENT_3D('',#5766,#5767,#5768);
#5770=CYLINDRICAL_SURFACE('',#5769,2.E0);
#5772=ORIENTED_EDGE('',*,*,#5771,.T.);
#5773=ORIENTED_EDGE('',*,*,#5489,.T.);
#5775=ORIENTED_EDGE('',*,*,#5774,.T.);
#5776=ORIENTED_EDGE('',*,*,#5469,.F.);
#5777=EDGE_LOOP('',(#5772,#5773,#5775,#5776));
#5778=FACE_OUTER_BOUND('',#5777,.F.);
#5779=FACE_SURFACE('',(#5778),#5770,.T.);
#5780=CARTESIAN_POINT('',(1.773499768188E1,2.050877580052E1,-1.3183954E2));
#5781=DIRECTION('',(0.E0,0.E0,1.E0));
#5782=DIRECTION('',(1.E0,0.E0,0.E0));
#5783=AXIS2_PLACEMENT_3D('',#5780,#5781,#5782);
#5784=CYLINDRICAL_SURFACE('',#5783,2.E0);
#5786=ORIENTED_EDGE('',*,*,#5785,.T.);
#5787=ORIENTED_EDGE('',*,*,#5521,.T.);
#5789=ORIENTED_EDGE('',*,*,#5788,.T.);
#5790=ORIENTED_EDGE('',*,*,#5501,.F.);
#5791=EDGE_LOOP('',(#5786,#5787,#5789,#5790));
#5792=FACE_OUTER_BOUND('',#5791,.F.);
#5793=FACE_SURFACE('',(#5792),#5784,.T.);
#5794=CARTESIAN_POINT('',(1.773499768188E1,-6.491224199478E0,-1.3183954E2));
#5795=DIRECTION('',(0.E0,0.E0,1.E0));
#5796=DIRECTION('',(0.E0,-1.E0,0.E0));
#5797=AXIS2_PLACEMENT_3D('',#5794,#5795,#5796);
#5798=CYLINDRICAL_SURFACE('',#5797,2.E0);
#5800=ORIENTED_EDGE('',*,*,#5799,.T.);
#5801=ORIENTED_EDGE('',*,*,#5473,.T.);
#5803=ORIENTED_EDGE('',*,*,#5802,.T.);
#5804=ORIENTED_EDGE('',*,*,#5517,.F.);
#5805=EDGE_LOOP('',(#5800,#5801,#5803,#5804));
#5806=FACE_OUTER_BOUND('',#5805,.F.);
#5807=FACE_SURFACE('',(#5806),#5798,.T.);
#5808=CARTESIAN_POINT('',(-7.265002318119E0,1.850877580052E1,-5.685E1));
#5809=DIRECTION('',(0.E0,0.E0,-1.E0));
#5810=DIRECTION('',(0.E0,-1.E0,0.E0));
#5811=AXIS2_PLACEMENT_3D('',#5808,#5809,#5810);
#5812=CYLINDRICAL_SURFACE('',#5811,1.55E0);
#5813=ORIENTED_EDGE('',*,*,#5364,.F.);
#5815=ORIENTED_EDGE('',*,*,#5814,.T.);
#5816=ORIENTED_EDGE('',*,*,#5437,.T.);
#5818=ORIENTED_EDGE('',*,*,#5817,.F.);
#5819=EDGE_LOOP('',(#5813,#5815,#5816,#5818));
#5820=FACE_OUTER_BOUND('',#5819,.F.);
#5821=FACE_SURFACE('',(#5820),#5812,.F.);
#5822=CARTESIAN_POINT('',(-7.265002318119E0,1.850877580052E1,-5.685E1));
#5823=DIRECTION('',(0.E0,0.E0,-1.E0));
#5824=DIRECTION('',(0.E0,-1.E0,0.E0));
#5825=AXIS2_PLACEMENT_3D('',#5822,#5823,#5824);
#5826=CYLINDRICAL_SURFACE('',#5825,1.55E0);
#5827=ORIENTED_EDGE('',*,*,#5366,.F.);
#5828=ORIENTED_EDGE('',*,*,#5817,.T.);
#5829=ORIENTED_EDGE('',*,*,#5439,.T.);
#5830=ORIENTED_EDGE('',*,*,#5814,.F.);
#5831=EDGE_LOOP('',(#5827,#5828,#5829,#5830));
#5832=FACE_OUTER_BOUND('',#5831,.F.);
#5833=FACE_SURFACE('',(#5832),#5826,.F.);
#5834=CARTESIAN_POINT('',(-7.265002318119E0,-4.491224199478E0,-5.685E1));
#5835=DIRECTION('',(0.E0,0.E0,-1.E0));
#5836=DIRECTION('',(0.E0,-1.E0,0.E0));
#5837=AXIS2_PLACEMENT_3D('',#5834,#5835,#5836);
#5838=CYLINDRICAL_SURFACE('',#5837,1.55E0);
#5839=ORIENTED_EDGE('',*,*,#5370,.F.);
#5841=ORIENTED_EDGE('',*,*,#5840,.T.);
#5842=ORIENTED_EDGE('',*,*,#5443,.T.);
#5844=ORIENTED_EDGE('',*,*,#5843,.F.);
#5845=EDGE_LOOP('',(#5839,#5841,#5842,#5844));
#5846=FACE_OUTER_BOUND('',#5845,.F.);
#5847=FACE_SURFACE('',(#5846),#5838,.F.);
#5848=CARTESIAN_POINT('',(-7.265002318119E0,-4.491224199478E0,-5.685E1));
#5849=DIRECTION('',(0.E0,0.E0,-1.E0));
#5850=DIRECTION('',(0.E0,-1.E0,0.E0));
#5851=AXIS2_PLACEMENT_3D('',#5848,#5849,#5850);
#5852=CYLINDRICAL_SURFACE('',#5851,1.55E0);
#5853=ORIENTED_EDGE('',*,*,#5372,.F.);
#5854=ORIENTED_EDGE('',*,*,#5843,.T.);
#5855=ORIENTED_EDGE('',*,*,#5445,.T.);
#5856=ORIENTED_EDGE('',*,*,#5840,.F.);
#5857=EDGE_LOOP('',(#5853,#5854,#5855,#5856));
#5858=FACE_OUTER_BOUND('',#5857,.F.);
#5859=FACE_SURFACE('',(#5858),#5852,.F.);
#5860=CARTESIAN_POINT('',(1.573499768188E1,1.850877580052E1,-5.685E1));
#5861=DIRECTION('',(0.E0,0.E0,-1.E0));
#5862=DIRECTION('',(0.E0,-1.E0,0.E0));
#5863=AXIS2_PLACEMENT_3D('',#5860,#5861,#5862);
#5864=CYLINDRICAL_SURFACE('',#5863,1.55E0);
#5865=ORIENTED_EDGE('',*,*,#5376,.F.);
#5867=ORIENTED_EDGE('',*,*,#5866,.T.);
#5868=ORIENTED_EDGE('',*,*,#5449,.T.);
#5870=ORIENTED_EDGE('',*,*,#5869,.F.);
#5871=EDGE_LOOP('',(#5865,#5867,#5868,#5870));
#5872=FACE_OUTER_BOUND('',#5871,.F.);
#5873=FACE_SURFACE('',(#5872),#5864,.F.);
#5874=CARTESIAN_POINT('',(1.573499768188E1,1.850877580052E1,-5.685E1));
#5875=DIRECTION('',(0.E0,0.E0,-1.E0));
#5876=DIRECTION('',(0.E0,-1.E0,0.E0));
#5877=AXIS2_PLACEMENT_3D('',#5874,#5875,#5876);
#5878=CYLINDRICAL_SURFACE('',#5877,1.55E0);
#5879=ORIENTED_EDGE('',*,*,#5378,.F.);
#5880=ORIENTED_EDGE('',*,*,#5869,.T.);
#5881=ORIENTED_EDGE('',*,*,#5451,.T.);
#5882=ORIENTED_EDGE('',*,*,#5866,.F.);
#5883=EDGE_LOOP('',(#5879,#5880,#5881,#5882));
#5884=FACE_OUTER_BOUND('',#5883,.F.);
#5885=FACE_SURFACE('',(#5884),#5878,.F.);
#5886=CARTESIAN_POINT('',(1.573499768188E1,-4.491224199478E0,-5.685E1));
#5887=DIRECTION('',(0.E0,0.E0,-1.E0));
#5888=DIRECTION('',(0.E0,-1.E0,0.E0));
#5889=AXIS2_PLACEMENT_3D('',#5886,#5887,#5888);
#5890=CYLINDRICAL_SURFACE('',#5889,1.55E0);
#5891=ORIENTED_EDGE('',*,*,#5382,.F.);
#5893=ORIENTED_EDGE('',*,*,#5892,.T.);
#5894=ORIENTED_EDGE('',*,*,#5455,.T.);
#5896=ORIENTED_EDGE('',*,*,#5895,.F.);
#5897=EDGE_LOOP('',(#5891,#5893,#5894,#5896));
#5898=FACE_OUTER_BOUND('',#5897,.F.);
#5899=FACE_SURFACE('',(#5898),#5890,.F.);
#5900=CARTESIAN_POINT('',(1.573499768188E1,-4.491224199478E0,-5.685E1));
#5901=DIRECTION('',(0.E0,0.E0,-1.E0));
#5902=DIRECTION('',(0.E0,-1.E0,0.E0));
#5903=AXIS2_PLACEMENT_3D('',#5900,#5901,#5902);
#5904=CYLINDRICAL_SURFACE('',#5903,1.55E0);
#5905=ORIENTED_EDGE('',*,*,#5384,.F.);
#5906=ORIENTED_EDGE('',*,*,#5895,.T.);
#5907=ORIENTED_EDGE('',*,*,#5457,.T.);
#5908=ORIENTED_EDGE('',*,*,#5892,.F.);
#5909=EDGE_LOOP('',(#5905,#5906,#5907,#5908));
#5910=FACE_OUTER_BOUND('',#5909,.F.);
#5911=FACE_SURFACE('',(#5910),#5904,.F.);
#5912=CARTESIAN_POINT('',(4.234997681881E0,7.008775800522E0,-7.9E1));
#5913=DIRECTION('',(0.E0,0.E0,1.E0));
#5914=DIRECTION('',(1.318234545759E-2,-9.999131091091E-1,0.E0));
#5915=AXIS2_PLACEMENT_3D('',#5912,#5913,#5914);
#5916=TOROIDAL_SURFACE('',#5915,9.35E0,5.E-1);
#5917=ORIENTED_EDGE('',*,*,#5205,.T.);
#5919=ORIENTED_EDGE('',*,*,#5918,.T.);
#5920=ORIENTED_EDGE('',*,*,#5284,.F.);
#5922=ORIENTED_EDGE('',*,*,#5921,.F.);
#5923=EDGE_LOOP('',(#5917,#5919,#5920,#5922));
#5924=FACE_OUTER_BOUND('',#5923,.F.);
#5925=FACE_SURFACE('',(#5924),#5916,.T.);
#5926=CARTESIAN_POINT('',(4.234997681881E0,7.008775800522E0,-7.9E1));
#5927=DIRECTION('',(0.E0,0.E0,1.E0));
#5928=DIRECTION('',(-1.318234545759E-2,9.999131091091E-1,0.E0));
#5929=AXIS2_PLACEMENT_3D('',#5926,#5927,#5928);
#5930=TOROIDAL_SURFACE('',#5929,9.35E0,5.E-1);
#5931=ORIENTED_EDGE('',*,*,#5203,.T.);
#5932=ORIENTED_EDGE('',*,*,#5921,.T.);
#5933=ORIENTED_EDGE('',*,*,#5187,.F.);
#5934=ORIENTED_EDGE('',*,*,#5918,.F.);
#5935=EDGE_LOOP('',(#5931,#5932,#5933,#5934));
#5936=FACE_OUTER_BOUND('',#5935,.F.);
#5937=FACE_SURFACE('',(#5936),#5930,.T.);
#5938=CARTESIAN_POINT('',(1.782640548024E1,-8.291224199478E0,-5.665E1));
#5939=DIRECTION('',(-1.E0,0.E0,0.E0));
#5940=DIRECTION('',(0.E0,0.E0,-1.E0));
#5941=AXIS2_PLACEMENT_3D('',#5938,#5939,#5940);
#5942=CYLINDRICAL_SURFACE('',#5941,2.E-1);
#5943=ORIENTED_EDGE('',*,*,#5342,.T.);
#5945=ORIENTED_EDGE('',*,*,#5944,.T.);
#5946=ORIENTED_EDGE('',*,*,#5467,.F.);
#5948=ORIENTED_EDGE('',*,*,#5947,.F.);
#5949=EDGE_LOOP('',(#5943,#5945,#5946,#5948));
#5950=FACE_OUTER_BOUND('',#5949,.F.);
#5951=FACE_SURFACE('',(#5950),#5942,.T.);
#5952=CARTESIAN_POINT('',(1.773499768188E1,-6.491224199478E0,-5.665E1));
#5953=DIRECTION('',(0.E0,0.E0,1.E0));
#5954=DIRECTION('',(9.978931168541E-1,6.487932902874E-2,0.E0));
#5955=AXIS2_PLACEMENT_3D('',#5952,#5953,#5954);
#5956=TOROIDAL_SURFACE('',#5955,1.8E0,2.E-1);
#5957=ORIENTED_EDGE('',*,*,#5344,.T.);
#5958=ORIENTED_EDGE('',*,*,#5947,.T.);
#5959=ORIENTED_EDGE('',*,*,#5799,.F.);
#5961=ORIENTED_EDGE('',*,*,#5960,.F.);
#5962=EDGE_LOOP('',(#5957,#5958,#5959,#5961));
#5963=FACE_OUTER_BOUND('',#5962,.F.);
#5964=FACE_SURFACE('',(#5963),#5956,.T.);
#5965=CARTESIAN_POINT('',(1.953499768188E1,2.060018359888E1,-5.665E1));
#5966=DIRECTION('',(0.E0,-1.E0,0.E0));
#5967=DIRECTION('',(0.E0,0.E0,-1.E0));
#5968=AXIS2_PLACEMENT_3D('',#5965,#5966,#5967);
#5969=CYLINDRICAL_SURFACE('',#5968,2.E-1);
#5970=ORIENTED_EDGE('',*,*,#5346,.T.);
#5971=ORIENTED_EDGE('',*,*,#5960,.T.);
#5972=ORIENTED_EDGE('',*,*,#5515,.F.);
#5974=ORIENTED_EDGE('',*,*,#5973,.F.);
#5975=EDGE_LOOP('',(#5970,#5971,#5972,#5974));
#5976=FACE_OUTER_BOUND('',#5975,.F.);
#5977=FACE_SURFACE('',(#5976),#5969,.T.);
#5978=CARTESIAN_POINT('',(1.773499768188E1,2.050877580052E1,-5.665E1));
#5979=DIRECTION('',(0.E0,0.E0,1.E0));
#5980=DIRECTION('',(-6.487932902874E-2,9.978931168541E-1,0.E0));
#5981=AXIS2_PLACEMENT_3D('',#5978,#5979,#5980);
#5982=TOROIDAL_SURFACE('',#5981,1.8E0,2.E-1);
#5983=ORIENTED_EDGE('',*,*,#5348,.T.);
#5984=ORIENTED_EDGE('',*,*,#5973,.T.);
#5985=ORIENTED_EDGE('',*,*,#5785,.F.);
#5987=ORIENTED_EDGE('',*,*,#5986,.F.);
#5988=EDGE_LOOP('',(#5983,#5984,#5985,#5987));
#5989=FACE_OUTER_BOUND('',#5988,.F.);
#5990=FACE_SURFACE('',(#5989),#5982,.T.);
#5991=CARTESIAN_POINT('',(-9.356410116475E0,2.230877580052E1,-5.665E1));
#5992=DIRECTION('',(1.E0,0.E0,0.E0));
#5993=DIRECTION('',(0.E0,0.E0,-1.E0));
#5994=AXIS2_PLACEMENT_3D('',#5991,#5992,#5993);
#5995=CYLINDRICAL_SURFACE('',#5994,2.E-1);
#5996=ORIENTED_EDGE('',*,*,#5350,.T.);
#5997=ORIENTED_EDGE('',*,*,#5986,.T.);
#5998=ORIENTED_EDGE('',*,*,#5499,.F.);
#6000=ORIENTED_EDGE('',*,*,#5999,.F.);
#6001=EDGE_LOOP('',(#5996,#5997,#5998,#6000));
#6002=FACE_OUTER_BOUND('',#6001,.F.);
#6003=FACE_SURFACE('',(#6002),#5995,.T.);
#6004=CARTESIAN_POINT('',(-9.265002318119E0,2.050877580052E1,-5.665E1));
#6005=DIRECTION('',(0.E0,0.E0,1.E0));
#6006=DIRECTION('',(-9.978931168541E-1,-6.487932902874E-2,0.E0));
#6007=AXIS2_PLACEMENT_3D('',#6004,#6005,#6006);
#6008=TOROIDAL_SURFACE('',#6007,1.8E0,2.E-1);
#6009=ORIENTED_EDGE('',*,*,#5352,.T.);
#6010=ORIENTED_EDGE('',*,*,#5999,.T.);
#6011=ORIENTED_EDGE('',*,*,#5757,.F.);
#6013=ORIENTED_EDGE('',*,*,#6012,.F.);
#6014=EDGE_LOOP('',(#6009,#6010,#6011,#6013));
#6015=FACE_OUTER_BOUND('',#6014,.F.);
#6016=FACE_SURFACE('',(#6015),#6008,.T.);
#6017=CARTESIAN_POINT('',(-1.106500231812E1,-6.582631997835E0,-5.665E1));
#6018=DIRECTION('',(0.E0,1.E0,0.E0));
#6019=DIRECTION('',(0.E0,0.E0,-1.E0));
#6020=AXIS2_PLACEMENT_3D('',#6017,#6018,#6019);
#6021=CYLINDRICAL_SURFACE('',#6020,2.E-1);
#6022=ORIENTED_EDGE('',*,*,#5354,.T.);
#6023=ORIENTED_EDGE('',*,*,#6012,.T.);
#6024=ORIENTED_EDGE('',*,*,#5483,.F.);
#6026=ORIENTED_EDGE('',*,*,#6025,.F.);
#6027=EDGE_LOOP('',(#6022,#6023,#6024,#6026));
#6028=FACE_OUTER_BOUND('',#6027,.F.);
#6029=FACE_SURFACE('',(#6028),#6021,.T.);
#6030=CARTESIAN_POINT('',(-9.265002318119E0,-6.491224199478E0,-5.665E1));
#6031=DIRECTION('',(0.E0,0.E0,1.E0));
#6032=DIRECTION('',(6.487932902874E-2,-9.978931168541E-1,0.E0));
#6033=AXIS2_PLACEMENT_3D('',#6030,#6031,#6032);
#6034=TOROIDAL_SURFACE('',#6033,1.8E0,2.E-1);
#6035=ORIENTED_EDGE('',*,*,#5340,.T.);
#6036=ORIENTED_EDGE('',*,*,#6025,.T.);
#6037=ORIENTED_EDGE('',*,*,#5771,.F.);
#6038=ORIENTED_EDGE('',*,*,#5944,.F.);
#6039=EDGE_LOOP('',(#6035,#6036,#6037,#6038));
#6040=FACE_OUTER_BOUND('',#6039,.F.);
#6041=FACE_SURFACE('',(#6040),#6034,.T.);
#6042=CARTESIAN_POINT('',(-9.394852181821E0,-8.291224199478E0,-5.455E1));
#6043=DIRECTION('',(1.E0,0.E0,0.E0));
#6044=DIRECTION('',(0.E0,0.E0,1.E0));
#6045=AXIS2_PLACEMENT_3D('',#6042,#6043,#6044);
#6046=CYLINDRICAL_SURFACE('',#6045,2.E-1);
#6047=ORIENTED_EDGE('',*,*,#5412,.T.);
#6049=ORIENTED_EDGE('',*,*,#6048,.T.);
#6050=ORIENTED_EDGE('',*,*,#5471,.F.);
#6052=ORIENTED_EDGE('',*,*,#6051,.F.);
#6053=EDGE_LOOP('',(#6047,#6049,#6050,#6052));
#6054=FACE_OUTER_BOUND('',#6053,.F.);
#6055=FACE_SURFACE('',(#6054),#6046,.T.);
#6056=CARTESIAN_POINT('',(-9.265002318119E0,-6.491224199478E0,-5.455E1));
#6057=DIRECTION('',(0.E0,0.E0,1.E0));
#6058=DIRECTION('',(-9.989557585906E-1,4.568798943580E-2,0.E0));
#6059=AXIS2_PLACEMENT_3D('',#6056,#6057,#6058);
#6060=TOROIDAL_SURFACE('',#6059,1.8E0,2.E-1);
#6061=ORIENTED_EDGE('',*,*,#5414,.T.);
#6062=ORIENTED_EDGE('',*,*,#6051,.T.);
#6063=ORIENTED_EDGE('',*,*,#5774,.F.);
#6065=ORIENTED_EDGE('',*,*,#6064,.F.);
#6066=EDGE_LOOP('',(#6061,#6062,#6063,#6065));
#6067=FACE_OUTER_BOUND('',#6066,.F.);
#6068=FACE_SURFACE('',(#6067),#6060,.T.);
#6069=CARTESIAN_POINT('',(-1.106500231812E1,2.063862566422E1,-5.455E1));
#6070=DIRECTION('',(0.E0,-1.E0,0.E0));
#6071=DIRECTION('',(0.E0,0.E0,1.E0));
#6072=AXIS2_PLACEMENT_3D('',#6069,#6070,#6071);
#6073=CYLINDRICAL_SURFACE('',#6072,2.E-1);
#6074=ORIENTED_EDGE('',*,*,#5416,.T.);
#6075=ORIENTED_EDGE('',*,*,#6064,.T.);
#6076=ORIENTED_EDGE('',*,*,#5487,.F.);
#6078=ORIENTED_EDGE('',*,*,#6077,.F.);
#6079=EDGE_LOOP('',(#6074,#6075,#6076,#6078));
#6080=FACE_OUTER_BOUND('',#6079,.F.);
#6081=FACE_SURFACE('',(#6080),#6073,.T.);
#6082=CARTESIAN_POINT('',(-9.265002318119E0,2.050877580052E1,-5.455E1));
#6083=DIRECTION('',(0.E0,0.E0,1.E0));
#6084=DIRECTION('',(4.568798943580E-2,9.989557585906E-1,0.E0));
#6085=AXIS2_PLACEMENT_3D('',#6082,#6083,#6084);
#6086=TOROIDAL_SURFACE('',#6085,1.8E0,2.E-1);
#6087=ORIENTED_EDGE('',*,*,#5418,.T.);
#6088=ORIENTED_EDGE('',*,*,#6077,.T.);
#6089=ORIENTED_EDGE('',*,*,#5760,.F.);
#6091=ORIENTED_EDGE('',*,*,#6090,.F.);
#6092=EDGE_LOOP('',(#6087,#6088,#6089,#6091));
#6093=FACE_OUTER_BOUND('',#6092,.F.);
#6094=FACE_SURFACE('',(#6093),#6086,.T.);
#6095=CARTESIAN_POINT('',(1.786484754558E1,2.230877580052E1,-5.455E1));
#6096=DIRECTION('',(-1.E0,0.E0,0.E0));
#6097=DIRECTION('',(0.E0,0.E0,1.E0));
#6098=AXIS2_PLACEMENT_3D('',#6095,#6096,#6097);
#6099=CYLINDRICAL_SURFACE('',#6098,2.E-1);
#6100=ORIENTED_EDGE('',*,*,#5420,.T.);
#6101=ORIENTED_EDGE('',*,*,#6090,.T.);
#6102=ORIENTED_EDGE('',*,*,#5503,.F.);
#6104=ORIENTED_EDGE('',*,*,#6103,.F.);
#6105=EDGE_LOOP('',(#6100,#6101,#6102,#6104));
#6106=FACE_OUTER_BOUND('',#6105,.F.);
#6107=FACE_SURFACE('',(#6106),#6099,.T.);
#6108=CARTESIAN_POINT('',(1.773499768188E1,2.050877580052E1,-5.455E1));
#6109=DIRECTION('',(0.E0,0.E0,1.E0));
#6110=DIRECTION('',(9.989557585906E-1,-4.568798943580E-2,0.E0));
#6111=AXIS2_PLACEMENT_3D('',#6108,#6109,#6110);
#6112=TOROIDAL_SURFACE('',#6111,1.8E0,2.E-1);
#6113=ORIENTED_EDGE('',*,*,#5422,.T.);
#6114=ORIENTED_EDGE('',*,*,#6103,.T.);
#6115=ORIENTED_EDGE('',*,*,#5788,.F.);
#6117=ORIENTED_EDGE('',*,*,#6116,.F.);
#6118=EDGE_LOOP('',(#6113,#6114,#6115,#6117));
#6119=FACE_OUTER_BOUND('',#6118,.F.);
#6120=FACE_SURFACE('',(#6119),#6112,.T.);
#6121=CARTESIAN_POINT('',(1.953499768188E1,-6.621074063181E0,-5.455E1));
#6122=DIRECTION('',(0.E0,1.E0,0.E0));
#6123=DIRECTION('',(0.E0,0.E0,1.E0));
#6124=AXIS2_PLACEMENT_3D('',#6121,#6122,#6123);
#6125=CYLINDRICAL_SURFACE('',#6124,2.E-1);
#6126=ORIENTED_EDGE('',*,*,#5424,.T.);
#6127=ORIENTED_EDGE('',*,*,#6116,.T.);
#6128=ORIENTED_EDGE('',*,*,#5519,.F.);
#6130=ORIENTED_EDGE('',*,*,#6129,.F.);
#6131=EDGE_LOOP('',(#6126,#6127,#6128,#6130));
#6132=FACE_OUTER_BOUND('',#6131,.F.);
#6133=FACE_SURFACE('',(#6132),#6125,.T.);
#6134=CARTESIAN_POINT('',(1.773499768188E1,-6.491224199478E0,-5.455E1));
#6135=DIRECTION('',(0.E0,0.E0,1.E0));
#6136=DIRECTION('',(-4.568798943580E-2,-9.989557585906E-1,0.E0));
#6137=AXIS2_PLACEMENT_3D('',#6134,#6135,#6136);
#6138=TOROIDAL_SURFACE('',#6137,1.8E0,2.E-1);
#6139=ORIENTED_EDGE('',*,*,#5410,.T.);
#6140=ORIENTED_EDGE('',*,*,#6129,.T.);
#6141=ORIENTED_EDGE('',*,*,#5802,.F.);
#6142=ORIENTED_EDGE('',*,*,#6048,.F.);
#6143=EDGE_LOOP('',(#6139,#6140,#6141,#6142));
#6144=FACE_OUTER_BOUND('',#6143,.F.);
#6145=FACE_SURFACE('',(#6144),#6138,.T.);
#6146=CARTESIAN_POINT('',(4.234997681881E0,7.008775800522E0,-3.955E1));
#6147=DIRECTION('',(0.E0,0.E0,1.E0));
#6148=DIRECTION('',(1.087730577645E-3,9.999994084209E-1,0.E0));
#6149=AXIS2_PLACEMENT_3D('',#6146,#6147,#6148);
#6150=TOROIDAL_SURFACE('',#6149,1.13E1,2.E-1);
#6152=ORIENTED_EDGE('',*,*,#6151,.T.);
#6154=ORIENTED_EDGE('',*,*,#6153,.T.);
#6156=ORIENTED_EDGE('',*,*,#6155,.T.);
#6158=ORIENTED_EDGE('',*,*,#6157,.F.);
#6159=EDGE_LOOP('',(#6152,#6154,#6156,#6158));
#6160=FACE_OUTER_BOUND('',#6159,.F.);
#6161=FACE_SURFACE('',(#6160),#6150,.T.);
#6162=CARTESIAN_POINT('',(6.014659768188E1,1.680877580052E1,-3.955E1));
#6163=DIRECTION('',(-1.E0,0.E0,0.E0));
#6164=DIRECTION('',(0.E0,0.E0,1.E0));
#6165=AXIS2_PLACEMENT_3D('',#6162,#6163,#6164);
#6166=CYLINDRICAL_SURFACE('',#6165,2.E-1);
#6167=ORIENTED_EDGE('',*,*,#5561,.F.);
#6168=ORIENTED_EDGE('',*,*,#6157,.T.);
#6170=ORIENTED_EDGE('',*,*,#6169,.T.);
#6172=ORIENTED_EDGE('',*,*,#6171,.F.);
#6173=EDGE_LOOP('',(#6167,#6168,#6170,#6172));
#6174=FACE_OUTER_BOUND('',#6173,.F.);
#6175=FACE_SURFACE('',(#6174),#6166,.T.);
#6176=CARTESIAN_POINT('',(4.234997681881E0,7.008775800522E0,-3.955E1));
#6177=DIRECTION('',(0.E0,0.E0,1.E0));
#6178=DIRECTION('',(1.087730577645E-3,9.999994084209E-1,0.E0));
#6179=AXIS2_PLACEMENT_3D('',#6176,#6177,#6178);
#6180=TOROIDAL_SURFACE('',#6179,1.13E1,2.E-1);
#6181=ORIENTED_EDGE('',*,*,#5324,.T.);
#6182=ORIENTED_EDGE('',*,*,#6171,.T.);
#6184=ORIENTED_EDGE('',*,*,#6183,.T.);
#6186=ORIENTED_EDGE('',*,*,#6185,.F.);
#6187=EDGE_LOOP('',(#6181,#6182,#6184,#6186));
#6188=FACE_OUTER_BOUND('',#6187,.F.);
#6189=FACE_SURFACE('',(#6188),#6180,.T.);
#6190=CARTESIAN_POINT('',(-5.167660231812E1,-2.791224199478E0,-3.955E1));
#6191=DIRECTION('',(1.E0,0.E0,0.E0));
#6192=DIRECTION('',(0.E0,0.E0,1.E0));
#6193=AXIS2_PLACEMENT_3D('',#6190,#6191,#6192);
#6194=CYLINDRICAL_SURFACE('',#6193,2.E-1);
#6196=ORIENTED_EDGE('',*,*,#6195,.T.);
#6197=ORIENTED_EDGE('',*,*,#6153,.F.);
#6198=ORIENTED_EDGE('',*,*,#5575,.F.);
#6199=ORIENTED_EDGE('',*,*,#6185,.T.);
#6200=EDGE_LOOP('',(#6196,#6197,#6198,#6199));
#6201=FACE_OUTER_BOUND('',#6200,.F.);
#6202=FACE_SURFACE('',(#6201),#6194,.T.);
#6203=CARTESIAN_POINT('',(4.234997681881E0,7.008775800522E0,-7.93E1));
#6204=DIRECTION('',(0.E0,0.E0,1.E0));
#6205=DIRECTION('',(1.078396475653E-2,-9.999418513614E-1,0.E0));
#6206=AXIS2_PLACEMENT_3D('',#6203,#6204,#6205);
#6207=TOROIDAL_SURFACE('',#6206,8.35E0,2.E-1);
#6208=ORIENTED_EDGE('',*,*,#5298,.T.);
#6210=ORIENTED_EDGE('',*,*,#6209,.T.);
#6211=ORIENTED_EDGE('',*,*,#5211,.F.);
#6213=ORIENTED_EDGE('',*,*,#6212,.F.);
#6214=EDGE_LOOP('',(#6208,#6210,#6211,#6213));
#6215=FACE_OUTER_BOUND('',#6214,.F.);
#6216=FACE_SURFACE('',(#6215),#6207,.T.);
#6217=CARTESIAN_POINT('',(4.234997681881E0,7.008775800522E0,-7.93E1));
#6218=DIRECTION('',(0.E0,0.E0,1.E0));
#6219=DIRECTION('',(-1.078396475653E-2,9.999418513614E-1,0.E0));
#6220=AXIS2_PLACEMENT_3D('',#6217,#6218,#6219);
#6221=TOROIDAL_SURFACE('',#6220,8.35E0,2.E-1);
#6222=ORIENTED_EDGE('',*,*,#5221,.T.);
#6223=ORIENTED_EDGE('',*,*,#6212,.T.);
#6224=ORIENTED_EDGE('',*,*,#5209,.F.);
#6225=ORIENTED_EDGE('',*,*,#6209,.F.);
#6226=EDGE_LOOP('',(#6222,#6223,#6224,#6225));
#6227=FACE_OUTER_BOUND('',#6226,.F.);
#6228=FACE_SURFACE('',(#6227),#6221,.T.);
#6229=CARTESIAN_POINT('',(4.234997681881E0,7.008775800522E0,-5.675E1));
#6230=DIRECTION('',(0.E0,0.E0,-1.E0));
#6231=DIRECTION('',(1.E0,0.E0,0.E0));
#6232=AXIS2_PLACEMENT_3D('',#6229,#6230,#6231);
#6233=PLANE('',#6232);
#6235=ORIENTED_EDGE('',*,*,#6234,.F.);
#6237=ORIENTED_EDGE('',*,*,#6236,.F.);
#6239=ORIENTED_EDGE('',*,*,#6238,.F.);
#6241=ORIENTED_EDGE('',*,*,#6240,.F.);
#6243=ORIENTED_EDGE('',*,*,#6242,.F.);
#6245=ORIENTED_EDGE('',*,*,#6244,.F.);
#6247=ORIENTED_EDGE('',*,*,#6246,.F.);
#6248=EDGE_LOOP('',(#6235,#6237,#6239,#6241,#6243,#6245,#6247));
#6249=FACE_OUTER_BOUND('',#6248,.F.);
#6250=FACE_SURFACE('',(#6249),#6233,.T.);
#6251=CARTESIAN_POINT('',(5.644997681881E0,7.008775800522E0,-5.685E1));
#6252=DIRECTION('',(0.E0,0.E0,-1.E0));
#6253=DIRECTION('',(1.E0,0.E0,0.E0));
#6254=AXIS2_PLACEMENT_3D('',#6251,#6252,#6253);
#6255=CYLINDRICAL_SURFACE('',#6254,1.35E1);
#6256=ORIENTED_EDGE('',*,*,#5388,.F.);
#6258=ORIENTED_EDGE('',*,*,#6257,.T.);
#6259=ORIENTED_EDGE('',*,*,#6234,.T.);
#6261=ORIENTED_EDGE('',*,*,#6260,.F.);
#6262=EDGE_LOOP('',(#6256,#6258,#6259,#6261));
#6263=FACE_OUTER_BOUND('',#6262,.F.);
#6264=FACE_SURFACE('',(#6263),#6255,.F.);
#6265=CARTESIAN_POINT('',(-1.105002318119E0,-4.682567150568E0,-5.685E1));
#6266=DIRECTION('',(8.660254037844E-1,-5.E-1,0.E0));
#6267=DIRECTION('',(-5.E-1,-8.660254037844E-1,0.E0));
#6268=AXIS2_PLACEMENT_3D('',#6265,#6266,#6267);
#6269=PLANE('',#6268);
#6270=ORIENTED_EDGE('',*,*,#5390,.F.);
#6271=ORIENTED_EDGE('',*,*,#6260,.T.);
#6272=ORIENTED_EDGE('',*,*,#6246,.T.);
#6274=ORIENTED_EDGE('',*,*,#6273,.F.);
#6275=EDGE_LOOP('',(#6270,#6271,#6272,#6274));
#6276=FACE_OUTER_BOUND('',#6275,.F.);
#6277=FACE_SURFACE('',(#6276),#6269,.F.);
#6278=CARTESIAN_POINT('',(-1.230002318119E0,-4.899073501514E0,-5.685E1));
#6279=DIRECTION('',(-8.660254037844E-1,-5.E-1,0.E0));
#6280=DIRECTION('',(-5.E-1,8.660254037844E-1,0.E0));
#6281=AXIS2_PLACEMENT_3D('',#6278,#6279,#6280);
#6282=PLANE('',#6281);
#6283=ORIENTED_EDGE('',*,*,#5392,.F.);
#6284=ORIENTED_EDGE('',*,*,#6273,.T.);
#6285=ORIENTED_EDGE('',*,*,#6244,.T.);
#6287=ORIENTED_EDGE('',*,*,#6286,.F.);
#6288=EDGE_LOOP('',(#6283,#6284,#6285,#6287));
#6289=FACE_OUTER_BOUND('',#6288,.F.);
#6290=FACE_SURFACE('',(#6289),#6282,.F.);
#6291=CARTESIAN_POINT('',(-1.730002318119E0,-4.033048097730E0,-5.685E1));
#6292=DIRECTION('',(0.E0,1.E0,0.E0));
#6293=DIRECTION('',(1.E0,0.E0,0.E0));
#6294=AXIS2_PLACEMENT_3D('',#6291,#6292,#6293);
#6295=PLANE('',#6294);
#6296=ORIENTED_EDGE('',*,*,#5394,.F.);
#6297=ORIENTED_EDGE('',*,*,#6286,.T.);
#6298=ORIENTED_EDGE('',*,*,#6242,.T.);
#6300=ORIENTED_EDGE('',*,*,#6299,.F.);
#6301=EDGE_LOOP('',(#6296,#6297,#6298,#6300));
#6302=FACE_OUTER_BOUND('',#6301,.F.);
#6303=FACE_SURFACE('',(#6302),#6295,.F.);
#6304=CARTESIAN_POINT('',(-7.300023181190E-1,-4.033048097730E0,-5.685E1));
#6305=DIRECTION('',(8.660254037844E-1,-5.E-1,0.E0));
#6306=DIRECTION('',(-5.E-1,-8.660254037844E-1,0.E0));
#6307=AXIS2_PLACEMENT_3D('',#6304,#6305,#6306);
#6308=PLANE('',#6307);
#6309=ORIENTED_EDGE('',*,*,#5396,.F.);
#6310=ORIENTED_EDGE('',*,*,#6299,.T.);
#6311=ORIENTED_EDGE('',*,*,#6240,.T.);
#6313=ORIENTED_EDGE('',*,*,#6312,.F.);
#6314=EDGE_LOOP('',(#6309,#6310,#6311,#6313));
#6315=FACE_OUTER_BOUND('',#6314,.F.);
#6316=FACE_SURFACE('',(#6315),#6308,.F.);
#6317=CARTESIAN_POINT('',(5.644997681881E0,7.008775800522E0,-5.685E1));
#6318=DIRECTION('',(0.E0,0.E0,-1.E0));
#6319=DIRECTION('',(1.E0,0.E0,0.E0));
#6320=AXIS2_PLACEMENT_3D('',#6317,#6318,#6319);
#6321=CYLINDRICAL_SURFACE('',#6320,1.3E1);
#6322=ORIENTED_EDGE('',*,*,#5398,.T.);
#6323=ORIENTED_EDGE('',*,*,#6312,.T.);
#6324=ORIENTED_EDGE('',*,*,#6238,.T.);
#6326=ORIENTED_EDGE('',*,*,#6325,.F.);
#6327=EDGE_LOOP('',(#6322,#6323,#6324,#6326));
#6328=FACE_OUTER_BOUND('',#6327,.F.);
#6329=FACE_SURFACE('',(#6328),#6321,.T.);
#6330=CARTESIAN_POINT('',(1.198735818647E0,-5.207228269695E0,-5.685E1));
#6331=DIRECTION('',(9.396926207859E-1,-3.420201433257E-1,0.E0));
#6332=DIRECTION('',(-3.420201433257E-1,-9.396926207859E-1,0.E0));
#6333=AXIS2_PLACEMENT_3D('',#6330,#6331,#6332);
#6334=PLANE('',#6333);
#6335=ORIENTED_EDGE('',*,*,#5400,.F.);
#6336=ORIENTED_EDGE('',*,*,#6325,.T.);
#6337=ORIENTED_EDGE('',*,*,#6236,.T.);
#6338=ORIENTED_EDGE('',*,*,#6257,.F.);
#6339=EDGE_LOOP('',(#6335,#6336,#6337,#6338));
#6340=FACE_OUTER_BOUND('',#6339,.F.);
#6341=FACE_SURFACE('',(#6340),#6334,.F.);
#6342=CARTESIAN_POINT('',(-4.212838031797E-1,1.476902983837E1,1.298954E1));
#6343=DIRECTION('',(0.E0,0.E0,-1.E0));
#6344=DIRECTION('',(-5.145062414432E-1,8.574866340160E-1,0.E0));
#6345=AXIS2_PLACEMENT_3D('',#6342,#6343,#6344);
#6346=CYLINDRICAL_SURFACE('',#6345,1.E0);
#6347=ORIENTED_EDGE('',*,*,#4442,.T.);
#6348=ORIENTED_EDGE('',*,*,#5536,.T.);
#6350=ORIENTED_EDGE('',*,*,#6349,.T.);
#6351=ORIENTED_EDGE('',*,*,#5270,.F.);
#6352=EDGE_LOOP('',(#6347,#6348,#6350,#6351));
#6353=FACE_OUTER_BOUND('',#6352,.F.);
#6354=FACE_SURFACE('',(#6353),#6346,.F.);
#6355=CARTESIAN_POINT('',(8.891279166942E0,1.476902983837E1,-1.3183954E2));
#6356=DIRECTION('',(0.E0,0.E0,1.E0));
#6357=DIRECTION('',(5.145062414432E-1,8.574866340160E-1,0.E0));
#6358=AXIS2_PLACEMENT_3D('',#6355,#6356,#6357);
#6359=CYLINDRICAL_SURFACE('',#6358,1.E0);
#6360=ORIENTED_EDGE('',*,*,#4438,.F.);
#6361=ORIENTED_EDGE('',*,*,#5177,.F.);
#6363=ORIENTED_EDGE('',*,*,#6362,.T.);
#6364=ORIENTED_EDGE('',*,*,#5532,.T.);
#6365=EDGE_LOOP('',(#6360,#6361,#6363,#6364));
#6366=FACE_OUTER_BOUND('',#6365,.F.);
#6367=FACE_SURFACE('',(#6366),#6359,.F.);
#6368=CARTESIAN_POINT('',(8.891279166942E0,-7.514782373228E-1,1.298954E1));
#6369=DIRECTION('',(0.E0,0.E0,-1.E0));
#6370=DIRECTION('',(5.145062414432E-1,-8.574866340160E-1,0.E0));
#6371=AXIS2_PLACEMENT_3D('',#6368,#6369,#6370);
#6372=CYLINDRICAL_SURFACE('',#6371,1.E0);
#6373=ORIENTED_EDGE('',*,*,#4450,.T.);
#6374=ORIENTED_EDGE('',*,*,#5551,.T.);
#6376=ORIENTED_EDGE('',*,*,#6375,.T.);
#6377=ORIENTED_EDGE('',*,*,#5173,.F.);
#6378=EDGE_LOOP('',(#6373,#6374,#6376,#6377));
#6379=FACE_OUTER_BOUND('',#6378,.F.);
#6380=FACE_SURFACE('',(#6379),#6372,.F.);
#6381=CARTESIAN_POINT('',(-4.212838031797E-1,-7.514782373228E-1,-1.3183954E2));
#6382=DIRECTION('',(0.E0,0.E0,1.E0));
#6383=DIRECTION('',(-5.145062414432E-1,-8.574866340160E-1,0.E0));
#6384=AXIS2_PLACEMENT_3D('',#6381,#6382,#6383);
#6385=CYLINDRICAL_SURFACE('',#6384,1.E0);
#6386=ORIENTED_EDGE('',*,*,#4446,.F.);
#6387=ORIENTED_EDGE('',*,*,#5274,.F.);
#6389=ORIENTED_EDGE('',*,*,#6388,.T.);
#6390=ORIENTED_EDGE('',*,*,#5547,.T.);
#6391=EDGE_LOOP('',(#6386,#6387,#6389,#6390));
#6392=FACE_OUTER_BOUND('',#6391,.F.);
#6393=FACE_SURFACE('',(#6392),#6385,.F.);
#6394=CARTESIAN_POINT('',(4.234997681881E0,7.008775800522E0,-5.455E1));
#6395=DIRECTION('',(0.E0,0.E0,1.E0));
#6396=DIRECTION('',(0.E0,1.E0,0.E0));
#6397=AXIS2_PLACEMENT_3D('',#6394,#6395,#6396);
#6398=PLANE('',#6397);
#6399=ORIENTED_EDGE('',*,*,#6388,.F.);
#6400=ORIENTED_EDGE('',*,*,#5272,.T.);
#6401=ORIENTED_EDGE('',*,*,#6349,.F.);
#6402=ORIENTED_EDGE('',*,*,#5534,.T.);
#6403=ORIENTED_EDGE('',*,*,#6362,.F.);
#6404=ORIENTED_EDGE('',*,*,#5175,.F.);
#6405=ORIENTED_EDGE('',*,*,#6375,.F.);
#6406=ORIENTED_EDGE('',*,*,#5549,.T.);
#6407=EDGE_LOOP('',(#6399,#6400,#6401,#6402,#6403,#6404,#6405,#6406));
#6408=FACE_OUTER_BOUND('',#6407,.F.);
#6409=ORIENTED_EDGE('',*,*,#4688,.F.);
#6410=ORIENTED_EDGE('',*,*,#4809,.T.);
#6411=ORIENTED_EDGE('',*,*,#4740,.F.);
#6413=ORIENTED_EDGE('',*,*,#6412,.F.);
#6415=ORIENTED_EDGE('',*,*,#6414,.F.);
#6416=ORIENTED_EDGE('',*,*,#4737,.F.);
#6417=ORIENTED_EDGE('',*,*,#4822,.F.);
#6418=ORIENTED_EDGE('',*,*,#4722,.F.);
#6419=ORIENTED_EDGE('',*,*,#4835,.T.);
#6420=ORIENTED_EDGE('',*,*,#4707,.F.);
#6422=ORIENTED_EDGE('',*,*,#6421,.F.);
#6424=ORIENTED_EDGE('',*,*,#6423,.F.);
#6425=ORIENTED_EDGE('',*,*,#4704,.F.);
#6426=ORIENTED_EDGE('',*,*,#4848,.F.);
#6427=EDGE_LOOP('',(#6409,#6410,#6411,#6413,#6415,#6416,#6417,#6418,#6419,#6420,
#6422,#6424,#6425,#6426));
#6428=FACE_BOUND('',#6427,.F.);
#6429=FACE_SURFACE('',(#6408,#6428),#6398,.T.);
#6430=CARTESIAN_POINT('',(4.234997681881E0,7.008775800522E0,-5.465E1));
#6431=DIRECTION('',(0.E0,0.E0,1.E0));
#6432=DIRECTION('',(-1.536624299717E-2,9.998819323181E-1,0.E0));
#6433=AXIS2_PLACEMENT_3D('',#6430,#6431,#6432);
#6434=TOROIDAL_SURFACE('',#6433,8.55E0,1.E-1);
#6435=ORIENTED_EDGE('',*,*,#4668,.F.);
#6436=ORIENTED_EDGE('',*,*,#6423,.T.);
#6438=ORIENTED_EDGE('',*,*,#6437,.T.);
#6439=ORIENTED_EDGE('',*,*,#5254,.F.);
#6441=ORIENTED_EDGE('',*,*,#6440,.F.);
#6442=ORIENTED_EDGE('',*,*,#6412,.T.);
#6443=EDGE_LOOP('',(#6435,#6436,#6438,#6439,#6441,#6442));
#6444=FACE_OUTER_BOUND('',#6443,.F.);
#6445=FACE_SURFACE('',(#6444),#6434,.T.);
#6446=CARTESIAN_POINT('',(4.234997681881E0,7.008775800522E0,-5.465E1));
#6447=DIRECTION('',(0.E0,0.E0,1.E0));
#6448=DIRECTION('',(1.536624299717E-2,-9.998819323181E-1,0.E0));
#6449=AXIS2_PLACEMENT_3D('',#6446,#6447,#6448);
#6450=TOROIDAL_SURFACE('',#6449,8.55E0,1.E-1);
#6451=ORIENTED_EDGE('',*,*,#4672,.F.);
#6452=ORIENTED_EDGE('',*,*,#6414,.T.);
#6453=ORIENTED_EDGE('',*,*,#6440,.T.);
#6454=ORIENTED_EDGE('',*,*,#5311,.F.);
#6455=ORIENTED_EDGE('',*,*,#6437,.F.);
#6456=ORIENTED_EDGE('',*,*,#6421,.T.);
#6457=EDGE_LOOP('',(#6451,#6452,#6453,#6454,#6455,#6456));
#6458=FACE_OUTER_BOUND('',#6457,.F.);
#6459=FACE_SURFACE('',(#6458),#6450,.T.);
#6460=CARTESIAN_POINT('',(4.234997681881E0,7.008775800522E0,-7.35E1));
#6461=DIRECTION('',(0.E0,0.E0,-1.E0));
#6462=DIRECTION('',(0.E0,-1.E0,0.E0));
#6463=AXIS2_PLACEMENT_3D('',#6460,#6461,#6462);
#6464=PLANE('',#6463);
#6466=ORIENTED_EDGE('',*,*,#6465,.F.);
#6468=ORIENTED_EDGE('',*,*,#6467,.T.);
#6469=EDGE_LOOP('',(#6466,#6468));
#6470=FACE_OUTER_BOUND('',#6469,.F.);
#6471=ORIENTED_EDGE('',*,*,#5607,.T.);
#6472=ORIENTED_EDGE('',*,*,#5638,.T.);
#6473=EDGE_LOOP('',(#6471,#6472));
#6474=FACE_BOUND('',#6473,.F.);
#6475=FACE_SURFACE('',(#6470,#6474),#6464,.F.);
#6476=CARTESIAN_POINT('',(4.234997681881E0,7.008775800522E0,-7.335E1));
#6477=DIRECTION('',(0.E0,0.E0,-1.E0));
#6478=DIRECTION('',(0.E0,-1.E0,0.E0));
#6479=AXIS2_PLACEMENT_3D('',#6476,#6477,#6478);
#6480=CYLINDRICAL_SURFACE('',#6479,9.7E0);
#6481=ORIENTED_EDGE('',*,*,#5626,.T.);
#6483=ORIENTED_EDGE('',*,*,#6482,.T.);
#6485=ORIENTED_EDGE('',*,*,#6484,.F.);
#6487=ORIENTED_EDGE('',*,*,#6486,.F.);
#6488=EDGE_LOOP('',(#6481,#6483,#6485,#6487));
#6489=FACE_OUTER_BOUND('',#6488,.F.);
#6490=FACE_SURFACE('',(#6489),#6480,.T.);
#6491=CARTESIAN_POINT('',(4.234997681881E0,7.008775800522E0,-7.612029257800E1));
#6492=DIRECTION('',(0.E0,0.E0,1.E0));
#6493=DIRECTION('',(0.E0,1.E0,0.E0));
#6494=AXIS2_PLACEMENT_3D('',#6491,#6492,#6493);
#6495=CONICAL_SURFACE('',#6494,9.950509040567E0,7.234987578007E1);
#6497=ORIENTED_EDGE('',*,*,#6496,.T.);
#6499=ORIENTED_EDGE('',*,*,#6498,.F.);
#6500=ORIENTED_EDGE('',*,*,#6484,.T.);
#6502=ORIENTED_EDGE('',*,*,#6501,.T.);
#6503=EDGE_LOOP('',(#6497,#6499,#6500,#6502));
#6504=FACE_OUTER_BOUND('',#6503,.F.);
#6505=FACE_SURFACE('',(#6504),#6495,.T.);
#6506=CARTESIAN_POINT('',(4.234997681881E0,7.008775800522E0,-7.557970742200E1));
#6507=DIRECTION('',(0.E0,0.E0,-1.E0));
#6508=DIRECTION('',(0.E0,-1.E0,0.E0));
#6509=AXIS2_PLACEMENT_3D('',#6506,#6507,#6508);
#6510=CONICAL_SURFACE('',#6509,9.950509040567E0,7.234987578007E1);
#6512=ORIENTED_EDGE('',*,*,#6511,.F.);
#6514=ORIENTED_EDGE('',*,*,#6513,.T.);
#6516=ORIENTED_EDGE('',*,*,#6515,.F.);
#6518=ORIENTED_EDGE('',*,*,#6517,.F.);
#6519=EDGE_LOOP('',(#6512,#6514,#6516,#6518));
#6520=FACE_OUTER_BOUND('',#6519,.F.);
#6521=FACE_SURFACE('',(#6520),#6510,.T.);
#6522=CARTESIAN_POINT('',(4.234997681881E0,7.008775800522E0,-7.335E1));
#6523=DIRECTION('',(0.E0,0.E0,-1.E0));
#6524=DIRECTION('',(0.E0,-1.E0,0.E0));
#6525=AXIS2_PLACEMENT_3D('',#6522,#6523,#6524);
#6526=CYLINDRICAL_SURFACE('',#6525,9.7E0);
#6528=ORIENTED_EDGE('',*,*,#6527,.F.);
#6530=ORIENTED_EDGE('',*,*,#6529,.T.);
#6532=ORIENTED_EDGE('',*,*,#6531,.T.);
#6534=ORIENTED_EDGE('',*,*,#6533,.F.);
#6535=EDGE_LOOP('',(#6528,#6530,#6532,#6534));
#6536=FACE_OUTER_BOUND('',#6535,.F.);
#6537=FACE_SURFACE('',(#6536),#6526,.T.);
#6538=CARTESIAN_POINT('',(4.234997681881E0,7.008775800522E0,-7.432029257800E1));
#6539=DIRECTION('',(0.E0,0.E0,1.E0));
#6540=DIRECTION('',(0.E0,1.E0,0.E0));
#6541=AXIS2_PLACEMENT_3D('',#6538,#6539,#6540);
#6542=CONICAL_SURFACE('',#6541,9.950509040567E0,7.234987578007E1);
#6544=ORIENTED_EDGE('',*,*,#6543,.T.);
#6546=ORIENTED_EDGE('',*,*,#6545,.F.);
#6547=ORIENTED_EDGE('',*,*,#6533,.T.);
#6549=ORIENTED_EDGE('',*,*,#6548,.T.);
#6550=EDGE_LOOP('',(#6544,#6546,#6547,#6549));
#6551=FACE_OUTER_BOUND('',#6550,.F.);
#6552=FACE_SURFACE('',(#6551),#6542,.T.);
#6553=CARTESIAN_POINT('',(4.234997681881E0,7.008775800522E0,-7.377970742200E1));
#6554=DIRECTION('',(0.E0,0.E0,-1.E0));
#6555=DIRECTION('',(0.E0,-1.E0,0.E0));
#6556=AXIS2_PLACEMENT_3D('',#6553,#6554,#6555);
#6557=CONICAL_SURFACE('',#6556,9.950509040567E0,7.234987578007E1);
#6559=ORIENTED_EDGE('',*,*,#6558,.F.);
#6561=ORIENTED_EDGE('',*,*,#6560,.T.);
#6563=ORIENTED_EDGE('',*,*,#6562,.F.);
#6565=ORIENTED_EDGE('',*,*,#6564,.F.);
#6566=EDGE_LOOP('',(#6559,#6561,#6563,#6565));
#6567=FACE_OUTER_BOUND('',#6566,.F.);
#6568=FACE_SURFACE('',(#6567),#6557,.T.);
#6569=CARTESIAN_POINT('',(4.234997681881E0,7.008775800522E0,-7.335E1));
#6570=DIRECTION('',(0.E0,0.E0,-1.E0));
#6571=DIRECTION('',(0.E0,-1.E0,0.E0));
#6572=AXIS2_PLACEMENT_3D('',#6569,#6570,#6571);
#6573=CYLINDRICAL_SURFACE('',#6572,9.7E0);
#6575=ORIENTED_EDGE('',*,*,#6574,.F.);
#6576=ORIENTED_EDGE('',*,*,#6562,.T.);
#6578=ORIENTED_EDGE('',*,*,#6577,.T.);
#6579=ORIENTED_EDGE('',*,*,#6467,.F.);
#6580=EDGE_LOOP('',(#6575,#6576,#6578,#6579));
#6581=FACE_OUTER_BOUND('',#6580,.F.);
#6582=FACE_SURFACE('',(#6581),#6573,.T.);
#6583=CARTESIAN_POINT('',(4.234997681881E0,7.008775800522E0,-7.335E1));
#6584=DIRECTION('',(0.E0,0.E0,-1.E0));
#6585=DIRECTION('',(0.E0,-1.E0,0.E0));
#6586=AXIS2_PLACEMENT_3D('',#6583,#6584,#6585);
#6587=CYLINDRICAL_SURFACE('',#6586,9.7E0);
#6588=ORIENTED_EDGE('',*,*,#5628,.T.);
#6589=ORIENTED_EDGE('',*,*,#6486,.T.);
#6591=ORIENTED_EDGE('',*,*,#6590,.T.);
#6592=ORIENTED_EDGE('',*,*,#6482,.F.);
#6593=EDGE_LOOP('',(#6588,#6589,#6591,#6592));
#6594=FACE_OUTER_BOUND('',#6593,.F.);
#6595=FACE_SURFACE('',(#6594),#6587,.T.);
#6596=CARTESIAN_POINT('',(4.234997681881E0,7.008775800522E0,-7.612029257800E1));
#6597=DIRECTION('',(0.E0,0.E0,1.E0));
#6598=DIRECTION('',(0.E0,1.E0,0.E0));
#6599=AXIS2_PLACEMENT_3D('',#6596,#6597,#6598);
#6600=CONICAL_SURFACE('',#6599,9.950509040567E0,7.234987578007E1);
#6602=ORIENTED_EDGE('',*,*,#6601,.T.);
#6603=ORIENTED_EDGE('',*,*,#6501,.F.);
#6604=ORIENTED_EDGE('',*,*,#6590,.F.);
#6605=ORIENTED_EDGE('',*,*,#6498,.T.);
#6606=EDGE_LOOP('',(#6602,#6603,#6604,#6605));
#6607=FACE_OUTER_BOUND('',#6606,.F.);
#6608=FACE_SURFACE('',(#6607),#6600,.T.);
#6609=CARTESIAN_POINT('',(4.234997681881E0,7.008775800522E0,-7.557970742200E1));
#6610=DIRECTION('',(0.E0,0.E0,-1.E0));
#6611=DIRECTION('',(0.E0,-1.E0,0.E0));
#6612=AXIS2_PLACEMENT_3D('',#6609,#6610,#6611);
#6613=CONICAL_SURFACE('',#6612,9.950509040567E0,7.234987578007E1);
#6615=ORIENTED_EDGE('',*,*,#6614,.F.);
#6616=ORIENTED_EDGE('',*,*,#6517,.T.);
#6618=ORIENTED_EDGE('',*,*,#6617,.T.);
#6619=ORIENTED_EDGE('',*,*,#6513,.F.);
#6620=EDGE_LOOP('',(#6615,#6616,#6618,#6619));
#6621=FACE_OUTER_BOUND('',#6620,.F.);
#6622=FACE_SURFACE('',(#6621),#6613,.T.);
#6623=CARTESIAN_POINT('',(4.234997681881E0,7.008775800522E0,-7.335E1));
#6624=DIRECTION('',(0.E0,0.E0,-1.E0));
#6625=DIRECTION('',(0.E0,-1.E0,0.E0));
#6626=AXIS2_PLACEMENT_3D('',#6623,#6624,#6625);
#6627=CYLINDRICAL_SURFACE('',#6626,9.7E0);
#6628=ORIENTED_EDGE('',*,*,#6527,.T.);
#6630=ORIENTED_EDGE('',*,*,#6629,.T.);
#6631=ORIENTED_EDGE('',*,*,#6531,.F.);
#6633=ORIENTED_EDGE('',*,*,#6632,.F.);
#6634=EDGE_LOOP('',(#6628,#6630,#6631,#6633));
#6635=FACE_OUTER_BOUND('',#6634,.F.);
#6636=FACE_SURFACE('',(#6635),#6627,.T.);
#6637=CARTESIAN_POINT('',(4.234997681881E0,7.008775800522E0,-7.432029257800E1));
#6638=DIRECTION('',(0.E0,0.E0,1.E0));
#6639=DIRECTION('',(0.E0,1.E0,0.E0));
#6640=AXIS2_PLACEMENT_3D('',#6637,#6638,#6639);
#6641=CONICAL_SURFACE('',#6640,9.950509040567E0,7.234987578007E1);
#6643=ORIENTED_EDGE('',*,*,#6642,.T.);
#6644=ORIENTED_EDGE('',*,*,#6548,.F.);
#6645=ORIENTED_EDGE('',*,*,#6629,.F.);
#6646=ORIENTED_EDGE('',*,*,#6545,.T.);
#6647=EDGE_LOOP('',(#6643,#6644,#6645,#6646));
#6648=FACE_OUTER_BOUND('',#6647,.F.);
#6649=FACE_SURFACE('',(#6648),#6641,.T.);
#6650=CARTESIAN_POINT('',(4.234997681881E0,7.008775800522E0,-7.377970742200E1));
#6651=DIRECTION('',(0.E0,0.E0,-1.E0));
#6652=DIRECTION('',(0.E0,-1.E0,0.E0));
#6653=AXIS2_PLACEMENT_3D('',#6650,#6651,#6652);
#6654=CONICAL_SURFACE('',#6653,9.950509040567E0,7.234987578007E1);
#6656=ORIENTED_EDGE('',*,*,#6655,.F.);
#6657=ORIENTED_EDGE('',*,*,#6564,.T.);
#6659=ORIENTED_EDGE('',*,*,#6658,.T.);
#6660=ORIENTED_EDGE('',*,*,#6560,.F.);
#6661=EDGE_LOOP('',(#6656,#6657,#6659,#6660));
#6662=FACE_OUTER_BOUND('',#6661,.F.);
#6663=FACE_SURFACE('',(#6662),#6654,.T.);
#6664=CARTESIAN_POINT('',(4.234997681881E0,7.008775800522E0,-7.335E1));
#6665=DIRECTION('',(0.E0,0.E0,-1.E0));
#6666=DIRECTION('',(0.E0,-1.E0,0.E0));
#6667=AXIS2_PLACEMENT_3D('',#6664,#6665,#6666);
#6668=CYLINDRICAL_SURFACE('',#6667,9.7E0);
#6669=ORIENTED_EDGE('',*,*,#6574,.T.);
#6670=ORIENTED_EDGE('',*,*,#6465,.T.);
#6671=ORIENTED_EDGE('',*,*,#6577,.F.);
#6672=ORIENTED_EDGE('',*,*,#6658,.F.);
#6673=EDGE_LOOP('',(#6669,#6670,#6671,#6672));
#6674=FACE_OUTER_BOUND('',#6673,.F.);
#6675=FACE_SURFACE('',(#6674),#6668,.T.);
#6676=CARTESIAN_POINT('',(4.234997681881E0,7.008775800522E0,-7.335E1));
#6677=DIRECTION('',(0.E0,0.E0,-1.E0));
#6678=DIRECTION('',(0.E0,-1.E0,0.E0));
#6679=AXIS2_PLACEMENT_3D('',#6676,#6677,#6678);
#6680=CYLINDRICAL_SURFACE('',#6679,9.7E0);
#6682=ORIENTED_EDGE('',*,*,#6681,.F.);
#6683=ORIENTED_EDGE('',*,*,#6515,.T.);
#6685=ORIENTED_EDGE('',*,*,#6684,.T.);
#6687=ORIENTED_EDGE('',*,*,#6686,.F.);
#6688=EDGE_LOOP('',(#6682,#6683,#6685,#6687));
#6689=FACE_OUTER_BOUND('',#6688,.F.);
#6690=FACE_SURFACE('',(#6689),#6680,.T.);
#6691=CARTESIAN_POINT('',(4.234997681881E0,7.008775800522E0,-7.522029257800E1));
#6692=DIRECTION('',(0.E0,0.E0,1.E0));
#6693=DIRECTION('',(0.E0,1.E0,0.E0));
#6694=AXIS2_PLACEMENT_3D('',#6691,#6692,#6693);
#6695=CONICAL_SURFACE('',#6694,9.950509040567E0,7.234987578007E1);
#6697=ORIENTED_EDGE('',*,*,#6696,.T.);
#6699=ORIENTED_EDGE('',*,*,#6698,.F.);
#6700=ORIENTED_EDGE('',*,*,#6686,.T.);
#6702=ORIENTED_EDGE('',*,*,#6701,.T.);
#6703=EDGE_LOOP('',(#6697,#6699,#6700,#6702));
#6704=FACE_OUTER_BOUND('',#6703,.F.);
#6705=FACE_SURFACE('',(#6704),#6695,.T.);
#6706=CARTESIAN_POINT('',(4.234997681881E0,7.008775800522E0,-7.467970742200E1));
#6707=DIRECTION('',(0.E0,0.E0,-1.E0));
#6708=DIRECTION('',(0.E0,-1.E0,0.E0));
#6709=AXIS2_PLACEMENT_3D('',#6706,#6707,#6708);
#6710=CONICAL_SURFACE('',#6709,9.950509040567E0,7.234987578007E1);
#6712=ORIENTED_EDGE('',*,*,#6711,.F.);
#6714=ORIENTED_EDGE('',*,*,#6713,.T.);
#6715=ORIENTED_EDGE('',*,*,#6529,.F.);
#6717=ORIENTED_EDGE('',*,*,#6716,.F.);
#6718=EDGE_LOOP('',(#6712,#6714,#6715,#6717));
#6719=FACE_OUTER_BOUND('',#6718,.F.);
#6720=FACE_SURFACE('',(#6719),#6710,.T.);
#6721=CARTESIAN_POINT('',(4.234997681881E0,7.008775800522E0,-7.335E1));
#6722=DIRECTION('',(0.E0,0.E0,-1.E0));
#6723=DIRECTION('',(0.E0,-1.E0,0.E0));
#6724=AXIS2_PLACEMENT_3D('',#6721,#6722,#6723);
#6725=CYLINDRICAL_SURFACE('',#6724,9.7E0);
#6726=ORIENTED_EDGE('',*,*,#6681,.T.);
#6728=ORIENTED_EDGE('',*,*,#6727,.T.);
#6729=ORIENTED_EDGE('',*,*,#6684,.F.);
#6730=ORIENTED_EDGE('',*,*,#6617,.F.);
#6731=EDGE_LOOP('',(#6726,#6728,#6729,#6730));
#6732=FACE_OUTER_BOUND('',#6731,.F.);
#6733=FACE_SURFACE('',(#6732),#6725,.T.);
#6734=CARTESIAN_POINT('',(4.234997681881E0,7.008775800522E0,-7.522029257800E1));
#6735=DIRECTION('',(0.E0,0.E0,1.E0));
#6736=DIRECTION('',(0.E0,1.E0,0.E0));
#6737=AXIS2_PLACEMENT_3D('',#6734,#6735,#6736);
#6738=CONICAL_SURFACE('',#6737,9.950509040567E0,7.234987578007E1);
#6740=ORIENTED_EDGE('',*,*,#6739,.T.);
#6741=ORIENTED_EDGE('',*,*,#6701,.F.);
#6742=ORIENTED_EDGE('',*,*,#6727,.F.);
#6743=ORIENTED_EDGE('',*,*,#6698,.T.);
#6744=EDGE_LOOP('',(#6740,#6741,#6742,#6743));
#6745=FACE_OUTER_BOUND('',#6744,.F.);
#6746=FACE_SURFACE('',(#6745),#6738,.T.);
#6747=CARTESIAN_POINT('',(4.234997681881E0,7.008775800522E0,-7.467970742200E1));
#6748=DIRECTION('',(0.E0,0.E0,-1.E0));
#6749=DIRECTION('',(0.E0,-1.E0,0.E0));
#6750=AXIS2_PLACEMENT_3D('',#6747,#6748,#6749);
#6751=CONICAL_SURFACE('',#6750,9.950509040567E0,7.234987578007E1);
#6753=ORIENTED_EDGE('',*,*,#6752,.F.);
#6754=ORIENTED_EDGE('',*,*,#6716,.T.);
#6755=ORIENTED_EDGE('',*,*,#6632,.T.);
#6756=ORIENTED_EDGE('',*,*,#6713,.F.);
#6757=EDGE_LOOP('',(#6753,#6754,#6755,#6756));
#6758=FACE_OUTER_BOUND('',#6757,.F.);
#6759=FACE_SURFACE('',(#6758),#6751,.T.);
#6760=CARTESIAN_POINT('',(4.234997681881E0,7.008775800522E0,-7.405E1));
#6761=DIRECTION('',(0.E0,0.E0,-1.E0));
#6762=DIRECTION('',(-4.427286825644E-3,-9.999901995177E-1,0.E0));
#6763=AXIS2_PLACEMENT_3D('',#6760,#6761,#6762);
#6764=TOROIDAL_SURFACE('',#6763,1.014037734968E1,2.E-1);
#6765=ORIENTED_EDGE('',*,*,#6558,.T.);
#6767=ORIENTED_EDGE('',*,*,#6766,.T.);
#6768=ORIENTED_EDGE('',*,*,#6543,.F.);
#6770=ORIENTED_EDGE('',*,*,#6769,.F.);
#6771=EDGE_LOOP('',(#6765,#6767,#6768,#6770));
#6772=FACE_OUTER_BOUND('',#6771,.F.);
#6773=FACE_SURFACE('',(#6772),#6764,.T.);
#6774=CARTESIAN_POINT('',(4.234997681881E0,7.008775800522E0,-7.405E1));
#6775=DIRECTION('',(0.E0,0.E0,-1.E0));
#6776=DIRECTION('',(4.427286825645E-3,9.999901995177E-1,0.E0));
#6777=AXIS2_PLACEMENT_3D('',#6774,#6775,#6776);
#6778=TOROIDAL_SURFACE('',#6777,1.014037734968E1,2.E-1);
#6779=ORIENTED_EDGE('',*,*,#6655,.T.);
#6780=ORIENTED_EDGE('',*,*,#6769,.T.);
#6781=ORIENTED_EDGE('',*,*,#6642,.F.);
#6782=ORIENTED_EDGE('',*,*,#6766,.F.);
#6783=EDGE_LOOP('',(#6779,#6780,#6781,#6782));
#6784=FACE_OUTER_BOUND('',#6783,.F.);
#6785=FACE_SURFACE('',(#6784),#6778,.T.);
#6786=CARTESIAN_POINT('',(4.234997681881E0,7.008775800522E0,-7.495E1));
#6787=DIRECTION('',(0.E0,0.E0,-1.E0));
#6788=DIRECTION('',(-4.427286825644E-3,-9.999901995177E-1,0.E0));
#6789=AXIS2_PLACEMENT_3D('',#6786,#6787,#6788);
#6790=TOROIDAL_SURFACE('',#6789,1.014037734968E1,2.E-1);
#6791=ORIENTED_EDGE('',*,*,#6711,.T.);
#6793=ORIENTED_EDGE('',*,*,#6792,.T.);
#6794=ORIENTED_EDGE('',*,*,#6696,.F.);
#6796=ORIENTED_EDGE('',*,*,#6795,.F.);
#6797=EDGE_LOOP('',(#6791,#6793,#6794,#6796));
#6798=FACE_OUTER_BOUND('',#6797,.F.);
#6799=FACE_SURFACE('',(#6798),#6790,.T.);
#6800=CARTESIAN_POINT('',(4.234997681881E0,7.008775800522E0,-7.495E1));
#6801=DIRECTION('',(0.E0,0.E0,-1.E0));
#6802=DIRECTION('',(4.427286825644E-3,9.999901995177E-1,0.E0));
#6803=AXIS2_PLACEMENT_3D('',#6800,#6801,#6802);
#6804=TOROIDAL_SURFACE('',#6803,1.014037734968E1,2.E-1);
#6805=ORIENTED_EDGE('',*,*,#6752,.T.);
#6806=ORIENTED_EDGE('',*,*,#6795,.T.);
#6807=ORIENTED_EDGE('',*,*,#6739,.F.);
#6808=ORIENTED_EDGE('',*,*,#6792,.F.);
#6809=EDGE_LOOP('',(#6805,#6806,#6807,#6808));
#6810=FACE_OUTER_BOUND('',#6809,.F.);
#6811=FACE_SURFACE('',(#6810),#6804,.T.);
#6812=CARTESIAN_POINT('',(4.234997681881E0,7.008775800522E0,-7.585E1));
#6813=DIRECTION('',(0.E0,0.E0,-1.E0));
#6814=DIRECTION('',(-4.427286825644E-3,-9.999901995177E-1,0.E0));
#6815=AXIS2_PLACEMENT_3D('',#6812,#6813,#6814);
#6816=TOROIDAL_SURFACE('',#6815,1.014037734968E1,2.E-1);
#6817=ORIENTED_EDGE('',*,*,#6511,.T.);
#6819=ORIENTED_EDGE('',*,*,#6818,.T.);
#6820=ORIENTED_EDGE('',*,*,#6496,.F.);
#6822=ORIENTED_EDGE('',*,*,#6821,.F.);
#6823=EDGE_LOOP('',(#6817,#6819,#6820,#6822));
#6824=FACE_OUTER_BOUND('',#6823,.F.);
#6825=FACE_SURFACE('',(#6824),#6816,.T.);
#6826=CARTESIAN_POINT('',(4.234997681881E0,7.008775800522E0,-7.585E1));
#6827=DIRECTION('',(0.E0,0.E0,-1.E0));
#6828=DIRECTION('',(4.427286825644E-3,9.999901995177E-1,0.E0));
#6829=AXIS2_PLACEMENT_3D('',#6826,#6827,#6828);
#6830=TOROIDAL_SURFACE('',#6829,1.014037734968E1,2.E-1);
#6831=ORIENTED_EDGE('',*,*,#6614,.T.);
#6832=ORIENTED_EDGE('',*,*,#6821,.T.);
#6833=ORIENTED_EDGE('',*,*,#6601,.F.);
#6834=ORIENTED_EDGE('',*,*,#6818,.F.);
#6835=EDGE_LOOP('',(#6831,#6832,#6833,#6834));
#6836=FACE_OUTER_BOUND('',#6835,.F.);
#6837=FACE_SURFACE('',(#6836),#6830,.T.);
#6838=CARTESIAN_POINT('',(4.234997681881E0,7.008775800522E0,-4.6E1));
#6839=DIRECTION('',(0.E0,0.E0,-1.E0));
#6840=DIRECTION('',(0.E0,1.E0,0.E0));
#6841=AXIS2_PLACEMENT_3D('',#6838,#6839,#6840);
#6842=CYLINDRICAL_SURFACE('',#6841,1.E1);
#6843=ORIENTED_EDGE('',*,*,#4462,.F.);
#6844=ORIENTED_EDGE('',*,*,#4759,.F.);
#6845=ORIENTED_EDGE('',*,*,#4692,.F.);
#6846=ORIENTED_EDGE('',*,*,#4796,.F.);
#6847=EDGE_LOOP('',(#6843,#6844,#6845,#6846));
#6848=FACE_OUTER_BOUND('',#6847,.F.);
#6849=FACE_SURFACE('',(#6848),#6842,.T.);
#6850=CARTESIAN_POINT('',(4.234997681881E0,7.008775800522E0,-4.6E1));
#6851=DIRECTION('',(0.E0,0.E0,-1.E0));
#6852=DIRECTION('',(0.E0,1.E0,0.E0));
#6853=AXIS2_PLACEMENT_3D('',#6850,#6851,#6852);
#6854=CYLINDRICAL_SURFACE('',#6853,1.E1);
#6855=ORIENTED_EDGE('',*,*,#5110,.T.);
#6856=ORIENTED_EDGE('',*,*,#3970,.T.);
#6857=ORIENTED_EDGE('',*,*,#5081,.F.);
#6859=ORIENTED_EDGE('',*,*,#6858,.T.);
#6860=EDGE_LOOP('',(#6855,#6856,#6857,#6859));
#6861=FACE_OUTER_BOUND('',#6860,.F.);
#6862=FACE_SURFACE('',(#6861),#6854,.T.);
#6863=CARTESIAN_POINT('',(4.234997681881E0,7.008775800522E0,-5.3E1));
#6864=DIRECTION('',(0.E0,0.E0,1.E0));
#6865=DIRECTION('',(1.E0,0.E0,0.E0));
#6866=AXIS2_PLACEMENT_3D('',#6863,#6864,#6865);
#6867=PLANE('',#6866);
#6869=ORIENTED_EDGE('',*,*,#6868,.F.);
#6871=ORIENTED_EDGE('',*,*,#6870,.T.);
#6873=ORIENTED_EDGE('',*,*,#6872,.F.);
#6874=ORIENTED_EDGE('',*,*,#5153,.F.);
#6875=EDGE_LOOP('',(#6869,#6871,#6873,#6874));
#6876=FACE_OUTER_BOUND('',#6875,.F.);
#6877=FACE_SURFACE('',(#6876),#6867,.T.);
#6878=CARTESIAN_POINT('',(4.234997681881E0,7.008775800522E0,-7.6E1));
#6879=DIRECTION('',(0.E0,0.E0,1.E0));
#6880=DIRECTION('',(0.E0,1.E0,0.E0));
#6881=AXIS2_PLACEMENT_3D('',#6878,#6879,#6880);
#6882=CYLINDRICAL_SURFACE('',#6881,9.85E0);
#6883=ORIENTED_EDGE('',*,*,#5684,.T.);
#6885=ORIENTED_EDGE('',*,*,#6884,.T.);
#6886=ORIENTED_EDGE('',*,*,#5589,.F.);
#6888=ORIENTED_EDGE('',*,*,#6887,.F.);
#6889=EDGE_LOOP('',(#6883,#6885,#6886,#6888));
#6890=FACE_OUTER_BOUND('',#6889,.F.);
#6891=FACE_SURFACE('',(#6890),#6882,.T.);
#6892=CARTESIAN_POINT('',(4.234997681881E0,7.008775800522E0,-7.6E1));
#6893=DIRECTION('',(0.E0,0.E0,1.E0));
#6894=DIRECTION('',(0.E0,1.E0,0.E0));
#6895=AXIS2_PLACEMENT_3D('',#6892,#6893,#6894);
#6896=CYLINDRICAL_SURFACE('',#6895,9.85E0);
#6897=ORIENTED_EDGE('',*,*,#5719,.T.);
#6899=ORIENTED_EDGE('',*,*,#6898,.T.);
#6900=ORIENTED_EDGE('',*,*,#5651,.T.);
#6902=ORIENTED_EDGE('',*,*,#6901,.F.);
#6903=EDGE_LOOP('',(#6897,#6899,#6900,#6902));
#6904=FACE_OUTER_BOUND('',#6903,.F.);
#6905=FACE_SURFACE('',(#6904),#6896,.T.);
#6906=CARTESIAN_POINT('',(4.234997681881E0,7.008775800522E0,-7.6E1));
#6907=DIRECTION('',(0.E0,0.E0,1.E0));
#6908=DIRECTION('',(0.E0,1.E0,0.E0));
#6909=AXIS2_PLACEMENT_3D('',#6906,#6907,#6908);
#6910=CYLINDRICAL_SURFACE('',#6909,9.85E0);
#6911=ORIENTED_EDGE('',*,*,#5686,.T.);
#6912=ORIENTED_EDGE('',*,*,#6887,.T.);
#6913=ORIENTED_EDGE('',*,*,#5591,.F.);
#6914=ORIENTED_EDGE('',*,*,#6884,.F.);
#6915=EDGE_LOOP('',(#6911,#6912,#6913,#6914));
#6916=FACE_OUTER_BOUND('',#6915,.F.);
#6917=FACE_SURFACE('',(#6916),#6910,.T.);
#6918=CARTESIAN_POINT('',(4.234997681881E0,7.008775800522E0,-7.6E1));
#6919=DIRECTION('',(0.E0,0.E0,1.E0));
#6920=DIRECTION('',(0.E0,1.E0,0.E0));
#6921=AXIS2_PLACEMENT_3D('',#6918,#6919,#6920);
#6922=CYLINDRICAL_SURFACE('',#6921,9.85E0);
#6923=ORIENTED_EDGE('',*,*,#5721,.T.);
#6924=ORIENTED_EDGE('',*,*,#6901,.T.);
#6925=ORIENTED_EDGE('',*,*,#5653,.T.);
#6926=ORIENTED_EDGE('',*,*,#6898,.F.);
#6927=EDGE_LOOP('',(#6923,#6924,#6925,#6926));
#6928=FACE_OUTER_BOUND('',#6927,.F.);
#6929=FACE_SURFACE('',(#6928),#6922,.T.);
#6930=CARTESIAN_POINT('',(4.234997681881E0,7.008775800522E0,-7.6E1));
#6931=DIRECTION('',(0.E0,0.E0,1.E0));
#6932=DIRECTION('',(0.E0,1.E0,0.E0));
#6933=AXIS2_PLACEMENT_3D('',#6930,#6931,#6932);
#6934=CYLINDRICAL_SURFACE('',#6933,1.15E1);
#6935=ORIENTED_EDGE('',*,*,#6151,.F.);
#6936=ORIENTED_EDGE('',*,*,#5565,.T.);
#6937=ORIENTED_EDGE('',*,*,#5428,.T.);
#6938=ORIENTED_EDGE('',*,*,#5577,.T.);
#6939=EDGE_LOOP('',(#6935,#6936,#6937,#6938));
#6940=FACE_OUTER_BOUND('',#6939,.F.);
#6941=FACE_SURFACE('',(#6940),#6934,.T.);
#6942=CARTESIAN_POINT('',(9.334997681881E0,1.755524325017E1,-3.185E1));
#6943=DIRECTION('',(-1.E0,0.E0,0.E0));
#6944=DIRECTION('',(0.E0,-1.E0,0.E0));
#6945=AXIS2_PLACEMENT_3D('',#6942,#6943,#6944);
#6946=PLANE('',#6945);
#6947=ORIENTED_EDGE('',*,*,#4498,.F.);
#6949=ORIENTED_EDGE('',*,*,#6948,.T.);
#6950=ORIENTED_EDGE('',*,*,#5160,.T.);
#6951=ORIENTED_EDGE('',*,*,#4383,.T.);
#6952=EDGE_LOOP('',(#6947,#6949,#6950,#6951));
#6953=FACE_OUTER_BOUND('',#6952,.F.);
#6954=FACE_SURFACE('',(#6953),#6946,.F.);
#6955=CARTESIAN_POINT('',(-8.650023181189E-1,-3.537691649126E0,-3.185E1));
#6956=DIRECTION('',(1.E0,0.E0,0.E0));
#6957=DIRECTION('',(0.E0,1.E0,0.E0));
#6958=AXIS2_PLACEMENT_3D('',#6955,#6956,#6957);
#6959=PLANE('',#6958);
#6960=ORIENTED_EDGE('',*,*,#4487,.F.);
#6962=ORIENTED_EDGE('',*,*,#6961,.T.);
#6963=ORIENTED_EDGE('',*,*,#5136,.T.);
#6964=ORIENTED_EDGE('',*,*,#4356,.T.);
#6965=EDGE_LOOP('',(#6960,#6962,#6963,#6964));
#6966=FACE_OUTER_BOUND('',#6965,.F.);
#6967=FACE_SURFACE('',(#6966),#6959,.F.);
#6968=CARTESIAN_POINT('',(4.234997681881E0,7.008775800522E0,-4.1E1));
#6969=DIRECTION('',(0.E0,0.E0,1.E0));
#6970=DIRECTION('',(1.E0,0.E0,0.E0));
#6971=AXIS2_PLACEMENT_3D('',#6968,#6969,#6970);
#6972=CYLINDRICAL_SURFACE('',#6971,8.5E0);
#6973=ORIENTED_EDGE('',*,*,#4494,.F.);
#6975=ORIENTED_EDGE('',*,*,#6974,.F.);
#6976=ORIENTED_EDGE('',*,*,#6870,.F.);
#6978=ORIENTED_EDGE('',*,*,#6977,.F.);
#6979=EDGE_LOOP('',(#6973,#6975,#6976,#6978));
#6980=FACE_OUTER_BOUND('',#6979,.F.);
#6981=FACE_SURFACE('',(#6980),#6972,.F.);
#6982=CARTESIAN_POINT('',(4.234997681881E0,7.008775800522E0,-4.1E1));
#6983=DIRECTION('',(0.E0,0.E0,1.E0));
#6984=DIRECTION('',(1.E0,0.E0,0.E0));
#6985=AXIS2_PLACEMENT_3D('',#6982,#6983,#6984);
#6986=CYLINDRICAL_SURFACE('',#6985,8.5E0);
#6987=ORIENTED_EDGE('',*,*,#4483,.F.);
#6989=ORIENTED_EDGE('',*,*,#6988,.F.);
#6990=ORIENTED_EDGE('',*,*,#4863,.F.);
#6992=ORIENTED_EDGE('',*,*,#6991,.F.);
#6993=EDGE_LOOP('',(#6987,#6989,#6990,#6992));
#6994=FACE_OUTER_BOUND('',#6993,.F.);
#6995=FACE_SURFACE('',(#6994),#6986,.F.);
#6996=CARTESIAN_POINT('',(9.734997681881E0,1.295520329945E1,2.224854000039E1));
#6997=DIRECTION('',(0.E0,0.E0,-1.E0));
#6998=DIRECTION('',(-1.E0,0.E0,0.E0));
#6999=AXIS2_PLACEMENT_3D('',#6996,#6997,#6998);
#7000=CYLINDRICAL_SURFACE('',#6999,4.E-1);
#7001=ORIENTED_EDGE('',*,*,#4496,.T.);
#7002=ORIENTED_EDGE('',*,*,#6977,.T.);
#7003=ORIENTED_EDGE('',*,*,#6868,.T.);
#7004=ORIENTED_EDGE('',*,*,#5162,.T.);
#7005=ORIENTED_EDGE('',*,*,#6948,.F.);
#7006=EDGE_LOOP('',(#7001,#7002,#7003,#7004,#7005));
#7007=FACE_OUTER_BOUND('',#7006,.F.);
#7008=FACE_SURFACE('',(#7007),#7000,.F.);
#7009=CARTESIAN_POINT('',(9.734997681881E0,1.062348301594E0,-1.315985400007E2));
#7010=DIRECTION('',(0.E0,0.E0,1.E0));
#7011=DIRECTION('',(-1.E0,0.E0,0.E0));
#7012=AXIS2_PLACEMENT_3D('',#7009,#7010,#7011);
#7013=CYLINDRICAL_SURFACE('',#7012,4.E-1);
#7014=ORIENTED_EDGE('',*,*,#4492,.F.);
#7016=ORIENTED_EDGE('',*,*,#7015,.F.);
#7017=ORIENTED_EDGE('',*,*,#5155,.T.);
#7018=ORIENTED_EDGE('',*,*,#6872,.T.);
#7019=ORIENTED_EDGE('',*,*,#6974,.T.);
#7020=EDGE_LOOP('',(#7014,#7016,#7017,#7018,#7019));
#7021=FACE_OUTER_BOUND('',#7020,.F.);
#7022=FACE_SURFACE('',(#7021),#7013,.F.);
#7023=CARTESIAN_POINT('',(-1.265002318119E0,1.062348301594E0,2.224854000039E1));
#7024=DIRECTION('',(0.E0,0.E0,-1.E0));
#7025=DIRECTION('',(1.E0,0.E0,0.E0));
#7026=AXIS2_PLACEMENT_3D('',#7023,#7024,#7025);
#7027=CYLINDRICAL_SURFACE('',#7026,4.E-1);
#7028=ORIENTED_EDGE('',*,*,#4485,.T.);
#7029=ORIENTED_EDGE('',*,*,#6991,.T.);
#7030=ORIENTED_EDGE('',*,*,#4861,.T.);
#7031=ORIENTED_EDGE('',*,*,#5138,.T.);
#7032=ORIENTED_EDGE('',*,*,#6961,.F.);
#7033=EDGE_LOOP('',(#7028,#7029,#7030,#7031,#7032));
#7034=FACE_OUTER_BOUND('',#7033,.F.);
#7035=FACE_SURFACE('',(#7034),#7027,.F.);
#7036=CARTESIAN_POINT('',(-1.265002318119E0,1.295520329945E1,
-1.315985400007E2));
#7037=DIRECTION('',(0.E0,0.E0,1.E0));
#7038=DIRECTION('',(1.E0,0.E0,0.E0));
#7039=AXIS2_PLACEMENT_3D('',#7036,#7037,#7038);
#7040=CYLINDRICAL_SURFACE('',#7039,4.E-1);
#7041=ORIENTED_EDGE('',*,*,#4481,.F.);
#7043=ORIENTED_EDGE('',*,*,#7042,.F.);
#7044=ORIENTED_EDGE('',*,*,#5141,.T.);
#7045=ORIENTED_EDGE('',*,*,#4865,.T.);
#7046=ORIENTED_EDGE('',*,*,#6988,.T.);
#7047=EDGE_LOOP('',(#7041,#7043,#7044,#7045,#7046));
#7048=FACE_OUTER_BOUND('',#7047,.F.);
#7049=FACE_SURFACE('',(#7048),#7040,.F.);
#7050=CARTESIAN_POINT('',(4.234997681881E0,7.008775800522E0,-3.935E1));
#7051=DIRECTION('',(0.E0,0.E0,1.E0));
#7052=DIRECTION('',(0.E0,1.E0,0.E0));
#7053=AXIS2_PLACEMENT_3D('',#7050,#7051,#7052);
#7054=PLANE('',#7053);
#7055=ORIENTED_EDGE('',*,*,#6195,.F.);
#7056=ORIENTED_EDGE('',*,*,#6183,.F.);
#7057=ORIENTED_EDGE('',*,*,#6169,.F.);
#7058=ORIENTED_EDGE('',*,*,#6155,.F.);
#7059=EDGE_LOOP('',(#7055,#7056,#7057,#7058));
#7060=FACE_OUTER_BOUND('',#7059,.F.);
#7061=ORIENTED_EDGE('',*,*,#4532,.F.);
#7062=ORIENTED_EDGE('',*,*,#5125,.T.);
#7063=ORIENTED_EDGE('',*,*,#5071,.F.);
#7064=ORIENTED_EDGE('',*,*,#5112,.F.);
#7065=ORIENTED_EDGE('',*,*,#6858,.F.);
#7066=ORIENTED_EDGE('',*,*,#5085,.T.);
#7067=ORIENTED_EDGE('',*,*,#5054,.F.);
#7068=ORIENTED_EDGE('',*,*,#5098,.F.);
#7069=EDGE_LOOP('',(#7061,#7062,#7063,#7064,#7065,#7066,#7067,#7068));
#7070=FACE_BOUND('',#7069,.F.);
#7071=FACE_SURFACE('',(#7060,#7070),#7054,.T.);
#7072=CARTESIAN_POINT('',(9.334997681881E0,1.755524325017E1,-3.185E1));
#7073=DIRECTION('',(-1.E0,0.E0,0.E0));
#7074=DIRECTION('',(0.E0,-1.E0,0.E0));
#7075=AXIS2_PLACEMENT_3D('',#7072,#7073,#7074);
#7076=PLANE('',#7075);
#7077=ORIENTED_EDGE('',*,*,#4490,.F.);
#7078=ORIENTED_EDGE('',*,*,#4371,.F.);
#7079=ORIENTED_EDGE('',*,*,#5157,.T.);
#7080=ORIENTED_EDGE('',*,*,#7015,.T.);
#7081=EDGE_LOOP('',(#7077,#7078,#7079,#7080));
#7082=FACE_OUTER_BOUND('',#7081,.F.);
#7083=FACE_SURFACE('',(#7082),#7076,.F.);
#7084=CARTESIAN_POINT('',(-8.650023181189E-1,-3.537691649126E0,-3.185E1));
#7085=DIRECTION('',(1.E0,0.E0,0.E0));
#7086=DIRECTION('',(0.E0,1.E0,0.E0));
#7087=AXIS2_PLACEMENT_3D('',#7084,#7085,#7086);
#7088=PLANE('',#7087);
#7089=ORIENTED_EDGE('',*,*,#4479,.F.);
#7090=ORIENTED_EDGE('',*,*,#4396,.F.);
#7091=ORIENTED_EDGE('',*,*,#5143,.T.);
#7092=ORIENTED_EDGE('',*,*,#7042,.T.);
#7093=EDGE_LOOP('',(#7089,#7090,#7091,#7092));
#7094=FACE_OUTER_BOUND('',#7093,.F.);
#7095=FACE_SURFACE('',(#7094),#7088,.F.);
#7096=CARTESIAN_POINT('',(4.234997681881E0,7.008775800522E0,-6.8625E1));
#7097=DIRECTION('',(0.E0,0.E0,1.E0));
#7098=DIRECTION('',(0.E0,1.E0,0.E0));
#7099=AXIS2_PLACEMENT_3D('',#7096,#7097,#7098);
#7100=PLANE('',#7099);
#7102=ORIENTED_EDGE('',*,*,#7101,.F.);
#7104=ORIENTED_EDGE('',*,*,#7103,.T.);
#7106=ORIENTED_EDGE('',*,*,#7105,.T.);
#7108=ORIENTED_EDGE('',*,*,#7107,.T.);
#7110=ORIENTED_EDGE('',*,*,#7109,.F.);
#7112=ORIENTED_EDGE('',*,*,#7111,.F.);
#7114=ORIENTED_EDGE('',*,*,#7113,.F.);
#7116=ORIENTED_EDGE('',*,*,#7115,.F.);
#7117=EDGE_LOOP('',(#7102,#7104,#7106,#7108,#7110,#7112,#7114,#7116));
#7118=FACE_OUTER_BOUND('',#7117,.F.);
#7120=ORIENTED_EDGE('',*,*,#7119,.F.);
#7122=ORIENTED_EDGE('',*,*,#7121,.F.);
#7123=EDGE_LOOP('',(#7120,#7122));
#7124=FACE_BOUND('',#7123,.F.);
#7125=FACE_SURFACE('',(#7118,#7124),#7100,.T.);
#7126=CARTESIAN_POINT('',(4.234997681881E0,7.008775800522E0,-7.1125E1));
#7127=DIRECTION('',(0.E0,0.E0,1.E0));
#7128=DIRECTION('',(0.E0,1.E0,0.E0));
#7129=AXIS2_PLACEMENT_3D('',#7126,#7127,#7128);
#7130=PLANE('',#7129);
#7132=ORIENTED_EDGE('',*,*,#7131,.F.);
#7134=ORIENTED_EDGE('',*,*,#7133,.F.);
#7136=ORIENTED_EDGE('',*,*,#7135,.F.);
#7138=ORIENTED_EDGE('',*,*,#7137,.F.);
#7140=ORIENTED_EDGE('',*,*,#7139,.F.);
#7142=ORIENTED_EDGE('',*,*,#7141,.F.);
#7144=ORIENTED_EDGE('',*,*,#7143,.F.);
#7146=ORIENTED_EDGE('',*,*,#7145,.F.);
#7148=ORIENTED_EDGE('',*,*,#7147,.F.);
#7150=ORIENTED_EDGE('',*,*,#7149,.F.);
#7152=ORIENTED_EDGE('',*,*,#7151,.F.);
#7154=ORIENTED_EDGE('',*,*,#7153,.F.);
#7155=EDGE_LOOP('',(#7132,#7134,#7136,#7138,#7140,#7142,#7144,#7146,#7148,#7150,
#7152,#7154));
#7156=FACE_OUTER_BOUND('',#7155,.F.);
#7158=ORIENTED_EDGE('',*,*,#7157,.F.);
#7160=ORIENTED_EDGE('',*,*,#7159,.F.);
#7161=EDGE_LOOP('',(#7158,#7160));
#7162=FACE_BOUND('',#7161,.F.);
#7164=ORIENTED_EDGE('',*,*,#7163,.F.);
#7166=ORIENTED_EDGE('',*,*,#7165,.T.);
#7168=ORIENTED_EDGE('',*,*,#7167,.T.);
#7170=ORIENTED_EDGE('',*,*,#7169,.T.);
#7172=ORIENTED_EDGE('',*,*,#7171,.T.);
#7174=ORIENTED_EDGE('',*,*,#7173,.T.);
#7176=ORIENTED_EDGE('',*,*,#7175,.T.);
#7177=EDGE_LOOP('',(#7164,#7166,#7168,#7170,#7172,#7174,#7176));
#7178=FACE_BOUND('',#7177,.F.);
#7179=FACE_SURFACE('',(#7156,#7162,#7178),#7130,.F.);
#7180=CARTESIAN_POINT('',(4.234997681881E0,7.008775800522E0,-6.8625E1));
#7181=DIRECTION('',(0.E0,0.E0,1.E0));
#7182=DIRECTION('',(0.E0,1.E0,0.E0));
#7183=AXIS2_PLACEMENT_3D('',#7180,#7181,#7182);
#7184=CYLINDRICAL_SURFACE('',#7183,9.95E0);
#7186=ORIENTED_EDGE('',*,*,#7185,.T.);
#7188=ORIENTED_EDGE('',*,*,#7187,.T.);
#7190=ORIENTED_EDGE('',*,*,#7189,.T.);
#7192=ORIENTED_EDGE('',*,*,#7191,.F.);
#7193=EDGE_LOOP('',(#7186,#7188,#7190,#7192));
#7194=FACE_OUTER_BOUND('',#7193,.F.);
#7195=FACE_SURFACE('',(#7194),#7184,.F.);
#7196=CARTESIAN_POINT('',(4.234997681881E0,7.008775800522E0,-6.8625E1));
#7197=DIRECTION('',(0.E0,0.E0,1.E0));
#7198=DIRECTION('',(0.E0,1.E0,0.E0));
#7199=AXIS2_PLACEMENT_3D('',#7196,#7197,#7198);
#7200=CYLINDRICAL_SURFACE('',#7199,9.95E0);
#7202=ORIENTED_EDGE('',*,*,#7201,.T.);
#7203=ORIENTED_EDGE('',*,*,#7191,.T.);
#7205=ORIENTED_EDGE('',*,*,#7204,.T.);
#7206=ORIENTED_EDGE('',*,*,#7187,.F.);
#7207=EDGE_LOOP('',(#7202,#7203,#7205,#7206));
#7208=FACE_OUTER_BOUND('',#7207,.F.);
#7209=FACE_SURFACE('',(#7208),#7200,.F.);
#7210=CARTESIAN_POINT('',(4.234997681881E0,7.008775800522E0,-6.8625E1));
#7211=DIRECTION('',(0.E0,0.E0,1.E0));
#7212=DIRECTION('',(0.E0,1.E0,0.E0));
#7213=AXIS2_PLACEMENT_3D('',#7210,#7211,#7212);
#7214=CYLINDRICAL_SURFACE('',#7213,1.175E1);
#7216=ORIENTED_EDGE('',*,*,#7215,.F.);
#7218=ORIENTED_EDGE('',*,*,#7217,.T.);
#7220=ORIENTED_EDGE('',*,*,#7219,.F.);
#7222=ORIENTED_EDGE('',*,*,#7221,.F.);
#7224=ORIENTED_EDGE('',*,*,#7223,.F.);
#7226=ORIENTED_EDGE('',*,*,#7225,.F.);
#7227=EDGE_LOOP('',(#7216,#7218,#7220,#7222,#7224,#7226));
#7228=FACE_OUTER_BOUND('',#7227,.F.);
#7229=FACE_SURFACE('',(#7228),#7214,.T.);
#7230=CARTESIAN_POINT('',(4.234997681881E0,7.008775800522E0,-7.1025E1));
#7231=DIRECTION('',(0.E0,0.E0,-1.E0));
#7232=DIRECTION('',(0.E0,-1.E0,0.E0));
#7233=AXIS2_PLACEMENT_3D('',#7230,#7231,#7232);
#7234=PLANE('',#7233);
#7236=ORIENTED_EDGE('',*,*,#7235,.F.);
#7238=ORIENTED_EDGE('',*,*,#7237,.F.);
#7240=ORIENTED_EDGE('',*,*,#7239,.F.);
#7242=ORIENTED_EDGE('',*,*,#7241,.F.);
#7244=ORIENTED_EDGE('',*,*,#7243,.F.);
#7246=ORIENTED_EDGE('',*,*,#7245,.F.);
#7248=ORIENTED_EDGE('',*,*,#7247,.F.);
#7249=EDGE_LOOP('',(#7236,#7238,#7240,#7242,#7244,#7246,#7248));
#7250=FACE_OUTER_BOUND('',#7249,.F.);
#7251=FACE_SURFACE('',(#7250),#7234,.T.);
#7252=CARTESIAN_POINT('',(4.234997681881E0,7.008775800522E0,-7.1125E1));
#7253=DIRECTION('',(0.E0,0.E0,-1.E0));
#7254=DIRECTION('',(0.E0,-1.E0,0.E0));
#7255=AXIS2_PLACEMENT_3D('',#7252,#7253,#7254);
#7256=CYLINDRICAL_SURFACE('',#7255,1.07E1);
#7257=ORIENTED_EDGE('',*,*,#7163,.T.);
#7259=ORIENTED_EDGE('',*,*,#7258,.T.);
#7260=ORIENTED_EDGE('',*,*,#7237,.T.);
#7262=ORIENTED_EDGE('',*,*,#7261,.F.);
#7263=EDGE_LOOP('',(#7257,#7259,#7260,#7262));
#7264=FACE_OUTER_BOUND('',#7263,.F.);
#7265=FACE_SURFACE('',(#7264),#7256,.T.);
#7266=CARTESIAN_POINT('',(5.753821482964E-1,-3.045935241888E0,-7.1125E1));
#7267=DIRECTION('',(9.396926207859E-1,-3.420201433257E-1,0.E0));
#7268=DIRECTION('',(-3.420201433257E-1,-9.396926207859E-1,0.E0));
#7269=AXIS2_PLACEMENT_3D('',#7266,#7267,#7268);
#7270=PLANE('',#7269);
#7271=ORIENTED_EDGE('',*,*,#7165,.F.);
#7272=ORIENTED_EDGE('',*,*,#7261,.T.);
#7273=ORIENTED_EDGE('',*,*,#7235,.T.);
#7275=ORIENTED_EDGE('',*,*,#7274,.F.);
#7276=EDGE_LOOP('',(#7271,#7272,#7273,#7275));
#7277=FACE_OUTER_BOUND('',#7276,.F.);
#7278=FACE_SURFACE('',(#7277),#7270,.F.);
#7279=CARTESIAN_POINT('',(4.234997681881E0,7.008775800522E0,-7.1125E1));
#7280=DIRECTION('',(0.E0,0.E0,-1.E0));
#7281=DIRECTION('',(0.E0,-1.E0,0.E0));
#7282=AXIS2_PLACEMENT_3D('',#7279,#7280,#7281);
#7283=CYLINDRICAL_SURFACE('',#7282,1.1E1);
#7284=ORIENTED_EDGE('',*,*,#7167,.F.);
#7285=ORIENTED_EDGE('',*,*,#7274,.T.);
#7286=ORIENTED_EDGE('',*,*,#7247,.T.);
#7288=ORIENTED_EDGE('',*,*,#7287,.F.);
#7289=EDGE_LOOP('',(#7284,#7285,#7286,#7288));
#7290=FACE_OUTER_BOUND('',#7289,.F.);
#7291=FACE_SURFACE('',(#7290),#7283,.F.);
#7292=CARTESIAN_POINT('',(-1.265002318119E0,-2.517503641107E0,-7.1125E1));
#7293=DIRECTION('',(8.660254037844E-1,-5.E-1,0.E0));
#7294=DIRECTION('',(-5.E-1,-8.660254037844E-1,0.E0));
#7295=AXIS2_PLACEMENT_3D('',#7292,#7293,#7294);
#7296=PLANE('',#7295);
#7297=ORIENTED_EDGE('',*,*,#7169,.F.);
#7298=ORIENTED_EDGE('',*,*,#7287,.T.);
#7299=ORIENTED_EDGE('',*,*,#7245,.T.);
#7301=ORIENTED_EDGE('',*,*,#7300,.F.);
#7302=EDGE_LOOP('',(#7297,#7298,#7299,#7301));
#7303=FACE_OUTER_BOUND('',#7302,.F.);
#7304=FACE_SURFACE('',(#7303),#7296,.F.);
#7305=CARTESIAN_POINT('',(-1.340002318119E0,-2.647407451675E0,-7.1125E1));
#7306=DIRECTION('',(-8.660254037844E-1,-5.E-1,0.E0));
#7307=DIRECTION('',(-5.E-1,8.660254037844E-1,0.E0));
#7308=AXIS2_PLACEMENT_3D('',#7305,#7306,#7307);
#7309=PLANE('',#7308);
#7310=ORIENTED_EDGE('',*,*,#7171,.F.);
#7311=ORIENTED_EDGE('',*,*,#7300,.T.);
#7312=ORIENTED_EDGE('',*,*,#7243,.T.);
#7314=ORIENTED_EDGE('',*,*,#7313,.F.);
#7315=EDGE_LOOP('',(#7310,#7311,#7312,#7314));
#7316=FACE_OUTER_BOUND('',#7315,.F.);
#7317=FACE_SURFACE('',(#7316),#7309,.F.);
#7318=CARTESIAN_POINT('',(-1.640002318119E0,-2.127792209404E0,-7.1125E1));
#7319=DIRECTION('',(0.E0,1.E0,0.E0));
#7320=DIRECTION('',(1.E0,0.E0,0.E0));
#7321=AXIS2_PLACEMENT_3D('',#7318,#7319,#7320);
#7322=PLANE('',#7321);
#7323=ORIENTED_EDGE('',*,*,#7173,.F.);
#7324=ORIENTED_EDGE('',*,*,#7313,.T.);
#7325=ORIENTED_EDGE('',*,*,#7241,.T.);
#7327=ORIENTED_EDGE('',*,*,#7326,.F.);
#7328=EDGE_LOOP('',(#7323,#7324,#7325,#7327));
#7329=FACE_OUTER_BOUND('',#7328,.F.);
#7330=FACE_SURFACE('',(#7329),#7322,.F.);
#7331=CARTESIAN_POINT('',(-1.040002318119E0,-2.127792209404E0,-7.1125E1));
#7332=DIRECTION('',(8.660254037844E-1,-5.E-1,0.E0));
#7333=DIRECTION('',(-5.E-1,-8.660254037844E-1,0.E0));
#7334=AXIS2_PLACEMENT_3D('',#7331,#7332,#7333);
#7335=PLANE('',#7334);
#7336=ORIENTED_EDGE('',*,*,#7175,.F.);
#7337=ORIENTED_EDGE('',*,*,#7326,.T.);
#7338=ORIENTED_EDGE('',*,*,#7239,.T.);
#7339=ORIENTED_EDGE('',*,*,#7258,.F.);
#7340=EDGE_LOOP('',(#7336,#7337,#7338,#7339));
#7341=FACE_OUTER_BOUND('',#7340,.F.);
#7342=FACE_SURFACE('',(#7341),#7335,.F.);
#7343=CARTESIAN_POINT('',(4.234997681881E0,7.008775800522E0,-7.0925E1));
#7344=DIRECTION('',(0.E0,0.E0,1.E0));
#7345=DIRECTION('',(5.150290830358E-3,9.999867371642E-1,0.E0));
#7346=AXIS2_PLACEMENT_3D('',#7343,#7344,#7345);
#7347=TOROIDAL_SURFACE('',#7346,1.015E1,2.E-1);
#7348=ORIENTED_EDGE('',*,*,#7159,.T.);
#7350=ORIENTED_EDGE('',*,*,#7349,.T.);
#7351=ORIENTED_EDGE('',*,*,#7201,.F.);
#7353=ORIENTED_EDGE('',*,*,#7352,.F.);
#7354=EDGE_LOOP('',(#7348,#7350,#7351,#7353));
#7355=FACE_OUTER_BOUND('',#7354,.F.);
#7356=FACE_SURFACE('',(#7355),#7347,.T.);
#7357=CARTESIAN_POINT('',(4.234997681881E0,7.008775800522E0,-7.0925E1));
#7358=DIRECTION('',(0.E0,0.E0,1.E0));
#7359=DIRECTION('',(-5.150290830358E-3,-9.999867371642E-1,0.E0));
#7360=AXIS2_PLACEMENT_3D('',#7357,#7358,#7359);
#7361=TOROIDAL_SURFACE('',#7360,1.015E1,2.E-1);
#7362=ORIENTED_EDGE('',*,*,#7157,.T.);
#7363=ORIENTED_EDGE('',*,*,#7352,.T.);
#7364=ORIENTED_EDGE('',*,*,#7185,.F.);
#7365=ORIENTED_EDGE('',*,*,#7349,.F.);
#7366=EDGE_LOOP('',(#7362,#7363,#7364,#7365));
#7367=FACE_OUTER_BOUND('',#7366,.F.);
#7368=FACE_SURFACE('',(#7367),#7361,.T.);
#7369=CARTESIAN_POINT('',(4.234997681881E0,7.008775800522E0,-6.8825E1));
#7370=DIRECTION('',(0.E0,0.E0,1.E0));
#7371=DIRECTION('',(7.316241771934E-3,-9.999732359450E-1,0.E0));
#7372=AXIS2_PLACEMENT_3D('',#7369,#7370,#7371);
#7373=TOROIDAL_SURFACE('',#7372,1.015E1,2.E-1);
#7374=ORIENTED_EDGE('',*,*,#7121,.T.);
#7376=ORIENTED_EDGE('',*,*,#7375,.T.);
#7377=ORIENTED_EDGE('',*,*,#7204,.F.);
#7379=ORIENTED_EDGE('',*,*,#7378,.F.);
#7380=EDGE_LOOP('',(#7374,#7376,#7377,#7379));
#7381=FACE_OUTER_BOUND('',#7380,.F.);
#7382=FACE_SURFACE('',(#7381),#7373,.T.);
#7383=CARTESIAN_POINT('',(4.234997681881E0,7.008775800522E0,-6.8825E1));
#7384=DIRECTION('',(0.E0,0.E0,1.E0));
#7385=DIRECTION('',(-7.316241771933E-3,9.999732359450E-1,0.E0));
#7386=AXIS2_PLACEMENT_3D('',#7383,#7384,#7385);
#7387=TOROIDAL_SURFACE('',#7386,1.015E1,2.E-1);
#7388=ORIENTED_EDGE('',*,*,#7119,.T.);
#7389=ORIENTED_EDGE('',*,*,#7378,.T.);
#7390=ORIENTED_EDGE('',*,*,#7189,.F.);
#7391=ORIENTED_EDGE('',*,*,#7375,.F.);
#7392=EDGE_LOOP('',(#7388,#7389,#7390,#7391));
#7393=FACE_OUTER_BOUND('',#7392,.F.);
#7394=FACE_SURFACE('',(#7393),#7387,.T.);
#7395=CARTESIAN_POINT('',(6.484997681881E0,-4.523786794149E0,-6.8625E1));
#7396=DIRECTION('',(1.E0,0.E0,0.E0));
#7397=DIRECTION('',(0.E0,1.E0,0.E0));
#7398=AXIS2_PLACEMENT_3D('',#7395,#7396,#7397);
#7399=PLANE('',#7398);
#7401=ORIENTED_EDGE('',*,*,#7400,.T.);
#7403=ORIENTED_EDGE('',*,*,#7402,.F.);
#7404=ORIENTED_EDGE('',*,*,#7103,.F.);
#7406=ORIENTED_EDGE('',*,*,#7405,.F.);
#7407=ORIENTED_EDGE('',*,*,#7217,.F.);
#7409=ORIENTED_EDGE('',*,*,#7408,.F.);
#7410=EDGE_LOOP('',(#7401,#7403,#7404,#7406,#7407,#7409));
#7411=FACE_OUTER_BOUND('',#7410,.F.);
#7412=FACE_SURFACE('',(#7411),#7399,.F.);
#7413=CARTESIAN_POINT('',(6.484997681881E0,-3.641224199478E0,-6.8625E1));
#7414=DIRECTION('',(0.E0,1.E0,0.E0));
#7415=DIRECTION('',(-1.E0,0.E0,0.E0));
#7416=AXIS2_PLACEMENT_3D('',#7413,#7414,#7415);
#7417=PLANE('',#7416);
#7419=ORIENTED_EDGE('',*,*,#7418,.T.);
#7421=ORIENTED_EDGE('',*,*,#7420,.F.);
#7422=ORIENTED_EDGE('',*,*,#7105,.F.);
#7423=ORIENTED_EDGE('',*,*,#7402,.T.);
#7424=EDGE_LOOP('',(#7419,#7421,#7422,#7423));
#7425=FACE_OUTER_BOUND('',#7424,.F.);
#7426=FACE_SURFACE('',(#7425),#7417,.F.);
#7427=CARTESIAN_POINT('',(1.984997681881E0,-3.641224199478E0,-6.8625E1));
#7428=DIRECTION('',(-1.E0,0.E0,0.E0));
#7429=DIRECTION('',(0.E0,-1.E0,0.E0));
#7430=AXIS2_PLACEMENT_3D('',#7427,#7428,#7429);
#7431=PLANE('',#7430);
#7433=ORIENTED_EDGE('',*,*,#7432,.F.);
#7435=ORIENTED_EDGE('',*,*,#7434,.T.);
#7437=ORIENTED_EDGE('',*,*,#7436,.F.);
#7438=ORIENTED_EDGE('',*,*,#7107,.F.);
#7439=ORIENTED_EDGE('',*,*,#7420,.T.);
#7441=ORIENTED_EDGE('',*,*,#7440,.T.);
#7442=EDGE_LOOP('',(#7433,#7435,#7437,#7438,#7439,#7441));
#7443=FACE_OUTER_BOUND('',#7442,.F.);
#7444=FACE_SURFACE('',(#7443),#7431,.F.);
#7445=CARTESIAN_POINT('',(-7.391373205029E0,8.708775800522E0,-7.1125E1));
#7446=DIRECTION('',(0.E0,1.E0,0.E0));
#7447=DIRECTION('',(1.E0,0.E0,0.E0));
#7448=AXIS2_PLACEMENT_3D('',#7445,#7446,#7447);
#7449=PLANE('',#7448);
#7451=ORIENTED_EDGE('',*,*,#7450,.T.);
#7453=ORIENTED_EDGE('',*,*,#7452,.F.);
#7454=ORIENTED_EDGE('',*,*,#7221,.T.);
#7456=ORIENTED_EDGE('',*,*,#7455,.F.);
#7457=ORIENTED_EDGE('',*,*,#7115,.T.);
#7459=ORIENTED_EDGE('',*,*,#7458,.F.);
#7460=EDGE_LOOP('',(#7451,#7453,#7454,#7456,#7457,#7459));
#7461=FACE_OUTER_BOUND('',#7460,.F.);
#7462=FACE_SURFACE('',(#7461),#7449,.F.);
#7463=CARTESIAN_POINT('',(-6.415002318119E0,8.708775800522E0,-7.1125E1));
#7464=DIRECTION('',(1.E0,0.E0,0.E0));
#7465=DIRECTION('',(0.E0,-1.E0,0.E0));
#7466=AXIS2_PLACEMENT_3D('',#7463,#7464,#7465);
#7467=PLANE('',#7466);
#7469=ORIENTED_EDGE('',*,*,#7468,.T.);
#7470=ORIENTED_EDGE('',*,*,#7458,.T.);
#7471=ORIENTED_EDGE('',*,*,#7113,.T.);
#7473=ORIENTED_EDGE('',*,*,#7472,.F.);
#7474=EDGE_LOOP('',(#7469,#7470,#7471,#7473));
#7475=FACE_OUTER_BOUND('',#7474,.F.);
#7476=FACE_SURFACE('',(#7475),#7467,.F.);
#7477=CARTESIAN_POINT('',(-6.415002318119E0,5.308775800522E0,-7.1125E1));
#7478=DIRECTION('',(0.E0,-1.E0,0.E0));
#7479=DIRECTION('',(-1.E0,0.E0,0.E0));
#7480=AXIS2_PLACEMENT_3D('',#7477,#7478,#7479);
#7481=PLANE('',#7480);
#7483=ORIENTED_EDGE('',*,*,#7482,.F.);
#7485=ORIENTED_EDGE('',*,*,#7484,.T.);
#7486=ORIENTED_EDGE('',*,*,#7472,.T.);
#7487=ORIENTED_EDGE('',*,*,#7111,.T.);
#7489=ORIENTED_EDGE('',*,*,#7488,.F.);
#7491=ORIENTED_EDGE('',*,*,#7490,.F.);
#7492=EDGE_LOOP('',(#7483,#7485,#7486,#7487,#7489,#7491));
#7493=FACE_OUTER_BOUND('',#7492,.F.);
#7494=FACE_SURFACE('',(#7493),#7481,.F.);
#7495=CARTESIAN_POINT('',(4.234993108941E0,7.008771421320E0,-7.097499756666E1));
#7496=DIRECTION('',(0.E0,0.E0,1.E0));
#7497=DIRECTION('',(0.E0,1.E0,0.E0));
#7498=AXIS2_PLACEMENT_3D('',#7495,#7496,#7497);
#7499=CONICAL_SURFACE('',#7498,1.160000376533E1,4.500002543683E1);
#7501=ORIENTED_EDGE('',*,*,#7500,.T.);
#7502=ORIENTED_EDGE('',*,*,#7225,.T.);
#7504=ORIENTED_EDGE('',*,*,#7503,.T.);
#7505=ORIENTED_EDGE('',*,*,#7141,.T.);
#7506=EDGE_LOOP('',(#7501,#7502,#7504,#7505));
#7507=FACE_OUTER_BOUND('',#7506,.F.);
#7508=FACE_SURFACE('',(#7507),#7499,.T.);
#7509=CARTESIAN_POINT('',(4.235207932552E0,7.008810822475E0,-7.097499073984E1));
#7510=DIRECTION('',(0.E0,0.E0,1.E0));
#7511=DIRECTION('',(0.E0,1.E0,0.E0));
#7512=AXIS2_PLACEMENT_3D('',#7509,#7510,#7511);
#7513=CONICAL_SURFACE('',#7512,1.160020385161E1,4.500000747044E1);
#7515=ORIENTED_EDGE('',*,*,#7514,.T.);
#7516=ORIENTED_EDGE('',*,*,#7153,.T.);
#7518=ORIENTED_EDGE('',*,*,#7517,.T.);
#7520=ORIENTED_EDGE('',*,*,#7519,.T.);
#7521=EDGE_LOOP('',(#7515,#7516,#7518,#7520));
#7522=FACE_OUTER_BOUND('',#7521,.F.);
#7523=FACE_SURFACE('',(#7522),#7513,.T.);
#7524=CARTESIAN_POINT('',(4.234997681881E0,7.008775800522E0,-6.8825E1));
#7525=DIRECTION('',(0.E0,0.E0,1.E0));
#7526=DIRECTION('',(-1.087730577646E-3,-9.999994084209E-1,0.E0));
#7527=AXIS2_PLACEMENT_3D('',#7524,#7525,#7526);
#7528=TOROIDAL_SURFACE('',#7527,1.155E1,2.E-1);
#7529=ORIENTED_EDGE('',*,*,#7219,.T.);
#7530=ORIENTED_EDGE('',*,*,#7405,.T.);
#7531=ORIENTED_EDGE('',*,*,#7101,.T.);
#7532=ORIENTED_EDGE('',*,*,#7455,.T.);
#7533=EDGE_LOOP('',(#7529,#7530,#7531,#7532));
#7534=FACE_OUTER_BOUND('',#7533,.F.);
#7535=FACE_SURFACE('',(#7534),#7528,.T.);
#7536=CARTESIAN_POINT('',(6.475095483981E0,-4.108235194174E0,
-7.105894621657E1));
#7537=CARTESIAN_POINT('',(6.519903090324E0,-4.135281317759E0,
-7.108658941963E1));
#7538=CARTESIAN_POINT('',(6.564710696668E0,-4.162327441345E0,
-7.111423262269E1));
#7539=CARTESIAN_POINT('',(6.609518303012E0,-4.189373564930E0,
-7.114187582575E1));
#7540=CARTESIAN_POINT('',(6.475110172515E0,-4.243357120615E0,
-7.092674037418E1));
#7541=CARTESIAN_POINT('',(6.519851313003E0,-4.270417286598E0,
-7.095438357724E1));
#7542=CARTESIAN_POINT('',(6.564592453491E0,-4.297477452581E0,
-7.098202678030E1));
#7543=CARTESIAN_POINT('',(6.609333593979E0,-4.324537618564E0,
-7.100966998336E1));
#7544=CARTESIAN_POINT('',(6.475124563146E0,-4.380329649427E0,
-7.079262143836E1));
#7545=CARTESIAN_POINT('',(6.519800585793E0,-4.407403317070E0,
-7.082026464142E1));
#7546=CARTESIAN_POINT('',(6.564476608439E0,-4.434476984713E0,
-7.084790784448E1));
#7547=CARTESIAN_POINT('',(6.609152631085E0,-4.461550652357E0,
-7.087555104754E1));
#7548=CARTESIAN_POINT('',(6.475138659793E0,-4.519119715447E0,
-7.065662383306E1));
#7549=CARTESIAN_POINT('',(6.519750894883E0,-4.546206381564E0,
-7.068426703612E1));
#7550=CARTESIAN_POINT('',(6.564363129972E0,-4.573293047680E0,
-7.071191023917E1));
#7551=CARTESIAN_POINT('',(6.608975365061E0,-4.600379713796E0,
-7.073955344223E1));
#7552=B_SPLINE_SURFACE_WITH_KNOTS('',3,3,((#7536,#7537,#7538,#7539),(#7540,
#7541,#7542,#7543),(#7544,#7545,#7546,#7547),(#7548,#7549,#7550,#7551)),
.UNSPECIFIED.,.F.,.F.,.F.,(4,4),(4,4),(7.400155517074E-1,7.450919324464E-1),(
-8.639388947270E-2,1.086407370072E0),.UNSPECIFIED.);
#7553=ORIENTED_EDGE('',*,*,#7215,.T.);
#7554=ORIENTED_EDGE('',*,*,#7500,.F.);
#7555=ORIENTED_EDGE('',*,*,#7139,.T.);
#7557=ORIENTED_EDGE('',*,*,#7556,.F.);
#7558=ORIENTED_EDGE('',*,*,#7408,.T.);
#7559=EDGE_LOOP('',(#7553,#7554,#7555,#7557,#7558));
#7560=FACE_OUTER_BOUND('',#7559,.F.);
#7561=FACE_SURFACE('',(#7560),#7552,.F.);
#7562=CARTESIAN_POINT('',(6.534997681881E0,-3.919350650591E0,-7.1075E1));
#7563=DIRECTION('',(-7.071067811865E-1,0.E0,-7.071067811865E-1));
#7564=DIRECTION('',(-7.071067811865E-1,0.E0,7.071067811865E-1));
#7565=AXIS2_PLACEMENT_3D('',#7562,#7563,#7564);
#7566=PLANE('',#7565);
#7567=ORIENTED_EDGE('',*,*,#7400,.F.);
#7568=ORIENTED_EDGE('',*,*,#7556,.T.);
#7569=ORIENTED_EDGE('',*,*,#7137,.T.);
#7571=ORIENTED_EDGE('',*,*,#7570,.F.);
#7572=EDGE_LOOP('',(#7567,#7568,#7569,#7571));
#7573=FACE_OUTER_BOUND('',#7572,.F.);
#7574=FACE_SURFACE('',(#7573),#7566,.T.);
#7575=CARTESIAN_POINT('',(4.234997681881E0,-3.591224199478E0,-7.1075E1));
#7576=DIRECTION('',(0.E0,-7.071067811865E-1,-7.071067811865E-1));
#7577=DIRECTION('',(0.E0,-7.071067811865E-1,7.071067811865E-1));
#7578=AXIS2_PLACEMENT_3D('',#7575,#7576,#7577);
#7579=PLANE('',#7578);
#7580=ORIENTED_EDGE('',*,*,#7418,.F.);
#7581=ORIENTED_EDGE('',*,*,#7570,.T.);
#7582=ORIENTED_EDGE('',*,*,#7135,.T.);
#7584=ORIENTED_EDGE('',*,*,#7583,.F.);
#7585=EDGE_LOOP('',(#7580,#7581,#7582,#7584));
#7586=FACE_OUTER_BOUND('',#7585,.F.);
#7587=FACE_SURFACE('',(#7586),#7579,.T.);
#7588=CARTESIAN_POINT('',(1.934997681881E0,-3.919408163192E0,-7.1075E1));
#7589=DIRECTION('',(7.071067811865E-1,0.E0,-7.071067811865E-1));
#7590=DIRECTION('',(7.071067811865E-1,0.E0,7.071067811865E-1));
#7591=AXIS2_PLACEMENT_3D('',#7588,#7589,#7590);
#7592=PLANE('',#7591);
#7593=ORIENTED_EDGE('',*,*,#7440,.F.);
#7594=ORIENTED_EDGE('',*,*,#7583,.T.);
#7595=ORIENTED_EDGE('',*,*,#7133,.T.);
#7597=ORIENTED_EDGE('',*,*,#7596,.T.);
#7598=EDGE_LOOP('',(#7593,#7594,#7595,#7597));
#7599=FACE_OUTER_BOUND('',#7598,.F.);
#7600=FACE_SURFACE('',(#7599),#7592,.T.);
#7601=CARTESIAN_POINT('',(1.994856687919E0,-4.519146872190E0,
-7.065671109771E1));
#7602=CARTESIAN_POINT('',(1.950244416988E0,-4.546233221960E0,
-7.068435404878E1));
#7603=CARTESIAN_POINT('',(1.905632146058E0,-4.573319571730E0,
-7.071199699985E1));
#7604=CARTESIAN_POINT('',(1.861019875127E0,-4.600405921500E0,
-7.073963995092E1));
#7605=CARTESIAN_POINT('',(1.994857228460E0,-4.513824290134E0,
-7.066192659433E1));
#7606=CARTESIAN_POINT('',(1.950242511567E0,-4.540910141464E0,
-7.068956954540E1));
#7607=CARTESIAN_POINT('',(1.905627794674E0,-4.567995992795E0,
-7.071721249647E1));
#7608=CARTESIAN_POINT('',(1.861013077782E0,-4.595081844125E0,
-7.074485544754E1));
#7609=CARTESIAN_POINT('',(1.994871337716E0,-4.375074200766E0,
-7.079788141700E1));
#7610=CARTESIAN_POINT('',(1.950192776055E0,-4.402147032889E0,
-7.082552436807E1));
#7611=CARTESIAN_POINT('',(1.905514214393E0,-4.429219865013E0,
-7.085316731914E1));
#7612=CARTESIAN_POINT('',(1.860835652731E0,-4.456292697137E0,
-7.088081027021E1));
#7613=CARTESIAN_POINT('',(1.994885730105E0,-4.238246844934E0,
-7.093185450799E1));
#7614=CARTESIAN_POINT('',(1.950142042493E0,-4.265306164032E0,
-7.095949745906E1));
#7615=CARTESIAN_POINT('',(1.905398354880E0,-4.292365483130E0,
-7.098714041013E1));
#7616=CARTESIAN_POINT('',(1.860654667268E0,-4.319424802228E0,
-7.101478336120E1));
#7617=CARTESIAN_POINT('',(1.994899840294E0,-4.108431344861E0,
-7.105886855190E1));
#7618=CARTESIAN_POINT('',(1.950092303691E0,-4.135477174751E0,
-7.108651150297E1));
#7619=CARTESIAN_POINT('',(1.905284767089E0,-4.162523004641E0,
-7.111415445404E1));
#7620=CARTESIAN_POINT('',(1.860477230486E0,-4.189568834531E0,
-7.114179740511E1));
#7621=B_SPLINE_SURFACE_WITH_KNOTS('',3,3,((#7601,#7602,#7603,#7604),(#7605,
#7606,#7607,#7608),(#7609,#7610,#7611,#7612),(#7613,#7614,#7615,#7616),(#7617,
#7618,#7619,#7620)),.UNSPECIFIED.,.F.,.F.,.F.,(4,1,4),(4,4),(2.498079683209E-1,
2.5E-1,2.548165514138E-1),(-8.639291896794E-2,1.086398017342E0),.UNSPECIFIED.);
#7623=ORIENTED_EDGE('',*,*,#7622,.T.);
#7624=ORIENTED_EDGE('',*,*,#7432,.T.);
#7625=ORIENTED_EDGE('',*,*,#7596,.F.);
#7626=ORIENTED_EDGE('',*,*,#7131,.T.);
#7627=ORIENTED_EDGE('',*,*,#7514,.F.);
#7628=EDGE_LOOP('',(#7623,#7624,#7625,#7626,#7627));
#7629=FACE_OUTER_BOUND('',#7628,.F.);
#7630=FACE_SURFACE('',(#7629),#7621,.F.);
#7631=CARTESIAN_POINT('',(-7.386525777686E0,8.699060101005E0,
-7.066123742607E1));
#7632=CARTESIAN_POINT('',(-7.413902801347E0,8.742476268807E0,
-7.068894055869E1));
#7633=CARTESIAN_POINT('',(-7.441279825008E0,8.785892436609E0,
-7.071664369131E1));
#7634=CARTESIAN_POINT('',(-7.468656848669E0,8.829308604411E0,
-7.074434682393E1));
#7635=CARTESIAN_POINT('',(-7.281254528961E0,8.699051713910E0,
-7.076527047173E1));
#7636=CARTESIAN_POINT('',(-7.308625749389E0,8.742505360795E0,
-7.079297360435E1));
#7637=CARTESIAN_POINT('',(-7.335996969816E0,8.785959007681E0,
-7.082067673697E1));
#7638=CARTESIAN_POINT('',(-7.363368190244E0,8.829412654567E0,
-7.084837986959E1));
#7639=CARTESIAN_POINT('',(-7.147351460818E0,8.699040762290E0,
-7.089755599721E1));
#7640=CARTESIAN_POINT('',(-7.174715001984E0,8.742543348251E0,
-7.092525912982E1));
#7641=CARTESIAN_POINT('',(-7.202078543150E0,8.786045934212E0,
-7.095296226244E1));
#7642=CARTESIAN_POINT('',(-7.229442084316E0,8.829548520172E0,
-7.098066539506E1));
#7643=CARTESIAN_POINT('',(-7.015191026892E0,8.699029580338E0,
-7.102806383886E1));
#7644=CARTESIAN_POINT('',(-7.042546587579E0,8.742582134653E0,
-7.105576697148E1));
#7645=CARTESIAN_POINT('',(-7.069902148265E0,8.786134688968E0,
-7.108347010410E1));
#7646=CARTESIAN_POINT('',(-7.097257708952E0,8.829687243283E0,
-7.111117323672E1));
#7647=CARTESIAN_POINT('',(-6.985938512701E0,8.699027086625E0,
-7.105694775277E1));
#7648=CARTESIAN_POINT('',(-7.013292286682E0,8.742590784497E0,
-7.108465088539E1));
#7649=CARTESIAN_POINT('',(-7.040646060663E0,8.786154482368E0,
-7.111235401801E1));
#7650=CARTESIAN_POINT('',(-7.067999834643E0,8.829718180240E0,
-7.114005715062E1));
#7651=B_SPLINE_SURFACE_WITH_KNOTS('',3,3,((#7631,#7632,#7633,#7634),(#7635,
#7636,#7637,#7638),(#7639,#7640,#7641,#7642),(#7643,#7644,#7645,#7646),(#7647,
#7648,#7649,#7650)),.UNSPECIFIED.,.F.,.F.,.F.,(4,1,4),(4,4),(2.462740484768E-1,
2.5E-1,2.510631417503E-1),(-8.767308198624E-2,1.087670772331E0),.UNSPECIFIED.);
#7652=ORIENTED_EDGE('',*,*,#7223,.T.);
#7653=ORIENTED_EDGE('',*,*,#7452,.T.);
#7655=ORIENTED_EDGE('',*,*,#7654,.F.);
#7656=ORIENTED_EDGE('',*,*,#7143,.T.);
#7657=ORIENTED_EDGE('',*,*,#7503,.F.);
#7658=EDGE_LOOP('',(#7652,#7653,#7655,#7656,#7657));
#7659=FACE_OUTER_BOUND('',#7658,.F.);
#7660=FACE_SURFACE('',(#7659),#7651,.F.);
#7661=CARTESIAN_POINT('',(-6.743819946628E0,8.758775800522E0,-7.1075E1));
#7662=DIRECTION('',(0.E0,-7.071067811865E-1,-7.071067811865E-1));
#7663=DIRECTION('',(0.E0,-7.071067811865E-1,7.071067811865E-1));
#7664=AXIS2_PLACEMENT_3D('',#7661,#7662,#7663);
#7665=PLANE('',#7664);
#7666=ORIENTED_EDGE('',*,*,#7450,.F.);
#7668=ORIENTED_EDGE('',*,*,#7667,.T.);
#7669=ORIENTED_EDGE('',*,*,#7145,.T.);
#7670=ORIENTED_EDGE('',*,*,#7654,.T.);
#7671=EDGE_LOOP('',(#7666,#7668,#7669,#7670));
#7672=FACE_OUTER_BOUND('',#7671,.F.);
#7673=FACE_SURFACE('',(#7672),#7665,.T.);
#7674=CARTESIAN_POINT('',(-6.365002318119E0,7.008775800522E0,-7.1075E1));
#7675=DIRECTION('',(-7.071067811865E-1,0.E0,-7.071067811866E-1));
#7676=DIRECTION('',(-7.071067811866E-1,0.E0,7.071067811865E-1));
#7677=AXIS2_PLACEMENT_3D('',#7674,#7675,#7676);
#7678=PLANE('',#7677);
#7679=ORIENTED_EDGE('',*,*,#7147,.T.);
#7680=ORIENTED_EDGE('',*,*,#7667,.F.);
#7681=ORIENTED_EDGE('',*,*,#7468,.F.);
#7683=ORIENTED_EDGE('',*,*,#7682,.T.);
#7684=EDGE_LOOP('',(#7679,#7680,#7681,#7683));
#7685=FACE_OUTER_BOUND('',#7684,.F.);
#7686=FACE_SURFACE('',(#7685),#7678,.T.);
#7687=CARTESIAN_POINT('',(-6.743807989877E0,5.258775800522E0,-7.1075E1));
#7688=DIRECTION('',(0.E0,7.071067811865E-1,-7.071067811865E-1));
#7689=DIRECTION('',(0.E0,7.071067811865E-1,7.071067811865E-1));
#7690=AXIS2_PLACEMENT_3D('',#7687,#7688,#7689);
#7691=PLANE('',#7690);
#7692=ORIENTED_EDGE('',*,*,#7149,.T.);
#7693=ORIENTED_EDGE('',*,*,#7682,.F.);
#7694=ORIENTED_EDGE('',*,*,#7484,.F.);
#7696=ORIENTED_EDGE('',*,*,#7695,.T.);
#7697=EDGE_LOOP('',(#7692,#7693,#7694,#7696));
#7698=FACE_OUTER_BOUND('',#7697,.F.);
#7699=FACE_SURFACE('',(#7698),#7691,.T.);
#7700=CARTESIAN_POINT('',(-6.986043730639E0,5.318524411934E0,
-7.105682091819E1));
#7701=CARTESIAN_POINT('',(-7.013397470322E0,5.274960865549E0,
-7.108452398662E1));
#7702=CARTESIAN_POINT('',(-7.040751210004E0,5.231397319164E0,
-7.111222705505E1));
#7703=CARTESIAN_POINT('',(-7.068104949687E0,5.187833772779E0,
-7.113993012348E1));
#7704=CARTESIAN_POINT('',(-7.117804745809E0,5.318513181202E0,
-7.092671991493E1));
#7705=CARTESIAN_POINT('',(-7.145166533224E0,5.274999821505E0,
-7.095442298336E1));
#7706=CARTESIAN_POINT('',(-7.172528320639E0,5.231486461808E0,
-7.098212605179E1));
#7707=CARTESIAN_POINT('',(-7.199890108054E0,5.187973102111E0,
-7.100982912022E1));
#7708=CARTESIAN_POINT('',(-7.251303118150E0,5.318502183960E0,
-7.079484598926E1));
#7709=CARTESIAN_POINT('',(-7.278672645004E0,5.275037967556E0,
-7.082254905769E1));
#7710=CARTESIAN_POINT('',(-7.306042171858E0,5.231573751152E0,
-7.085025212613E1));
#7711=CARTESIAN_POINT('',(-7.333411698712E0,5.188109534748E0,
-7.087795519456E1));
#7712=CARTESIAN_POINT('',(-7.386568146202E0,5.318491409648E0,
-7.066117154468E1));
#7713=CARTESIAN_POINT('',(-7.413945127261E0,5.275075340331E0,
-7.068887461311E1));
#7714=CARTESIAN_POINT('',(-7.441322108320E0,5.231659271015E0,
-7.071657768154E1));
#7715=CARTESIAN_POINT('',(-7.468699089379E0,5.188243201699E0,
-7.074428074997E1));
#7716=B_SPLINE_SURFACE_WITH_KNOTS('',3,3,((#7700,#7701,#7702,#7703),(#7704,
#7705,#7706,#7707),(#7708,#7709,#7710,#7711),(#7712,#7713,#7714,#7715)),
.UNSPECIFIED.,.F.,.F.,.F.,(4,4),(4,4),(7.511567304373E-1,7.558895918677E-1),(
-8.767228954338E-2,1.087669210054E0),.UNSPECIFIED.);
#7718=ORIENTED_EDGE('',*,*,#7717,.T.);
#7719=ORIENTED_EDGE('',*,*,#7517,.F.);
#7720=ORIENTED_EDGE('',*,*,#7151,.T.);
#7721=ORIENTED_EDGE('',*,*,#7695,.F.);
#7722=ORIENTED_EDGE('',*,*,#7482,.T.);
#7723=EDGE_LOOP('',(#7718,#7719,#7720,#7721,#7722));
#7724=FACE_OUTER_BOUND('',#7723,.F.);
#7725=FACE_SURFACE('',(#7724),#7716,.F.);
#7726=CARTESIAN_POINT('',(4.234997681881E0,7.008775800522E0,-6.8825E1));
#7727=DIRECTION('',(0.E0,0.E0,1.E0));
#7728=DIRECTION('',(-1.087730577646E-3,-9.999994084209E-1,0.E0));
#7729=AXIS2_PLACEMENT_3D('',#7726,#7727,#7728);
#7730=TOROIDAL_SURFACE('',#7729,1.155E1,2.E-1);
#7732=ORIENTED_EDGE('',*,*,#7731,.T.);
#7733=ORIENTED_EDGE('',*,*,#7488,.T.);
#7734=ORIENTED_EDGE('',*,*,#7109,.T.);
#7735=ORIENTED_EDGE('',*,*,#7436,.T.);
#7736=EDGE_LOOP('',(#7732,#7733,#7734,#7735));
#7737=FACE_OUTER_BOUND('',#7736,.F.);
#7738=FACE_SURFACE('',(#7737),#7730,.T.);
#7739=CARTESIAN_POINT('',(4.234997681881E0,7.008775800522E0,-6.8625E1));
#7740=DIRECTION('',(0.E0,0.E0,1.E0));
#7741=DIRECTION('',(0.E0,1.E0,0.E0));
#7742=AXIS2_PLACEMENT_3D('',#7739,#7740,#7741);
#7743=CYLINDRICAL_SURFACE('',#7742,1.175E1);
#7744=ORIENTED_EDGE('',*,*,#7622,.F.);
#7745=ORIENTED_EDGE('',*,*,#7519,.F.);
#7746=ORIENTED_EDGE('',*,*,#7717,.F.);
#7747=ORIENTED_EDGE('',*,*,#7490,.T.);
#7748=ORIENTED_EDGE('',*,*,#7731,.F.);
#7749=ORIENTED_EDGE('',*,*,#7434,.F.);
#7750=EDGE_LOOP('',(#7744,#7745,#7746,#7747,#7748,#7749));
#7751=FACE_OUTER_BOUND('',#7750,.F.);
#7752=FACE_SURFACE('',(#7751),#7743,.T.);
#7753=CLOSED_SHELL('',(#3684,#3700,#3716,#3732,#3746,#3762,#3792,#3822,#3836,
#3849,#3862,#3874,#3888,#3900,#3918,#3936,#3952,#3990,#4003,#4044,#4086,#4098,
#4111,#4152,#4194,#4206,#4220,#4234,#4249,#4261,#4274,#4288,#4300,#4316,#4330,
#4348,#4375,#4400,#4416,#4430,#4472,#4506,#4521,#4536,#4552,#4567,#4580,#4594,
#4606,#4621,#4636,#4650,#4662,#4682,#4698,#4716,#4731,#4749,#4763,#4776,#4789,
#4803,#4816,#4829,#4842,#4855,#4871,#4887,#4902,#4917,#4931,#4945,#4958,#4974,
#4989,#5004,#5018,#5032,#5045,#5060,#5075,#5089,#5102,#5116,#5129,#5147,#5166,
#5181,#5197,#5215,#5231,#5248,#5263,#5278,#5292,#5305,#5318,#5334,#5404,#5461,
#5477,#5493,#5509,#5525,#5540,#5555,#5569,#5583,#5601,#5616,#5632,#5645,#5663,
#5678,#5695,#5707,#5725,#5739,#5751,#5765,#5779,#5793,#5807,#5821,#5833,#5847,
#5859,#5873,#5885,#5899,#5911,#5925,#5937,#5951,#5964,#5977,#5990,#6003,#6016,
#6029,#6041,#6055,#6068,#6081,#6094,#6107,#6120,#6133,#6145,#6161,#6175,#6189,
#6202,#6216,#6228,#6250,#6264,#6277,#6290,#6303,#6316,#6329,#6341,#6354,#6367,
#6380,#6393,#6429,#6445,#6459,#6475,#6490,#6505,#6521,#6537,#6552,#6568,#6582,
#6595,#6608,#6622,#6636,#6649,#6663,#6675,#6690,#6705,#6720,#6733,#6746,#6759,
#6773,#6785,#6799,#6811,#6825,#6837,#6849,#6862,#6877,#6891,#6905,#6917,#6929,
#6941,#6954,#6967,#6981,#6995,#7008,#7022,#7035,#7049,#7071,#7083,#7095,#7125,
#7179,#7195,#7209,#7229,#7251,#7265,#7278,#7291,#7304,#7317,#7330,#7342,#7356,
#7368,#7382,#7394,#7412,#7426,#7444,#7462,#7476,#7494,#7508,#7523,#7535,#7561,
#7574,#7587,#7600,#7630,#7660,#7673,#7686,#7699,#7725,#7738,#7752));
#7754=SHELL_BASED_SURFACE_MODEL('',(#7753));
#7756=DIMENSIONAL_EXPONENTS(0.E0,0.E0,0.E0,0.E0,0.E0,0.E0,0.E0);
#7758=PLANE_ANGLE_MEASURE_WITH_UNIT(PLANE_ANGLE_MEASURE(1.745329251994E-2),
#7757);
#7759=(CONVERSION_BASED_UNIT('DEGREE',#7758)NAMED_UNIT(*)PLANE_ANGLE_UNIT());
#7761=UNCERTAINTY_MEASURE_WITH_UNIT(LENGTH_MEASURE(1.087610877401E-3),#7755,
'closure',
'Maximum model space distance between geometric entities at asserted connectivities');
#7762=(GEOMETRIC_REPRESENTATION_CONTEXT(3)GLOBAL_UNCERTAINTY_ASSIGNED_CONTEXT((
#7761))GLOBAL_UNIT_ASSIGNED_CONTEXT((#7755,#7759,#7760))REPRESENTATION_CONTEXT(
'ID1','3'));
#7764=APPLICATION_CONTEXT(
'CONFIGURATION CONTROLLED 3D DESIGNS OF MECHANICAL PARTS AND ASSEMBLIES');
#7765=APPLICATION_PROTOCOL_DEFINITION('international standard',
'config_control_design',1994,#7764);
#7766=DESIGN_CONTEXT('',#7764,'design');
#7767=MECHANICAL_CONTEXT('',#7764,'mechanical');
#7768=PRODUCT('10-738726_RECEPTACLE_SW0003','10-738726_RECEPTACLE_SW0003',
'NOT SPECIFIED',(#7767));
#7769=PRODUCT_DEFINITION_FORMATION_WITH_SPECIFIED_SOURCE('1','LAST_VERSION',
#7768,.MADE.);
#7773=PRODUCT_CATEGORY('part','');
#7774=PRODUCT_RELATED_PRODUCT_CATEGORY('detail','',(#7768));
#7775=PRODUCT_CATEGORY_RELATIONSHIP('','',#7773,#7774);
#7776=SECURITY_CLASSIFICATION_LEVEL('unclassified');
#7777=SECURITY_CLASSIFICATION('','',#7776);
#7778=CC_DESIGN_SECURITY_CLASSIFICATION(#7777,(#7769));
#7779=APPROVAL_STATUS('approved');
#7780=APPROVAL(#7779,'');
#7781=CC_DESIGN_APPROVAL(#7780,(#7777,#7769,#7770));
#7782=CALENDAR_DATE(116,27,10);
#7783=COORDINATED_UNIVERSAL_TIME_OFFSET(8,0,.AHEAD.);
#7784=LOCAL_TIME(11,24,5.7E1,#7783);
#7785=DATE_AND_TIME(#7782,#7784);
#7786=APPROVAL_DATE_TIME(#7785,#7780);
#7787=DATE_TIME_ROLE('creation_date');
#7788=CC_DESIGN_DATE_AND_TIME_ASSIGNMENT(#7785,#7787,(#7770));
#7789=DATE_TIME_ROLE('classification_date');
#7790=CC_DESIGN_DATE_AND_TIME_ASSIGNMENT(#7785,#7789,(#7777));
#7791=PERSON('UNSPECIFIED','UNSPECIFIED',$,$,$,$);
#7792=ORGANIZATION('UNSPECIFIED','UNSPECIFIED','UNSPECIFIED');
#7793=PERSON_AND_ORGANIZATION(#7791,#7792);
#7794=APPROVAL_ROLE('approver');
#7795=APPROVAL_PERSON_ORGANIZATION(#7793,#7780,#7794);
#7796=PERSON_AND_ORGANIZATION_ROLE('creator');
#7797=CC_DESIGN_PERSON_AND_ORGANIZATION_ASSIGNMENT(#7793,#7796,(#7769,#7770));
#7798=PERSON_AND_ORGANIZATION_ROLE('design_supplier');
#7799=CC_DESIGN_PERSON_AND_ORGANIZATION_ASSIGNMENT(#7793,#7798,(#7769));
#7800=PERSON_AND_ORGANIZATION_ROLE('classification_officer');
#7801=CC_DESIGN_PERSON_AND_ORGANIZATION_ASSIGNMENT(#7793,#7800,(#7777));
#7802=PERSON_AND_ORGANIZATION_ROLE('design_owner');
#7803=CC_DESIGN_PERSON_AND_ORGANIZATION_ASSIGNMENT(#7793,#7802,(#7768));
#5=CIRCLE('',#4,3.8E0);
#10=CIRCLE('',#9,3.8E0);
#15=CIRCLE('',#14,3.5E0);
#20=CIRCLE('',#19,3.5E0);
#25=CIRCLE('',#24,4.E0);
#30=CIRCLE('',#29,4.E0);
#35=CIRCLE('',#34,7.E0);
#56=CIRCLE('',#55,4.E0);
#65=CIRCLE('',#64,4.E0);
#74=CIRCLE('',#73,7.E0);
#93=B_SPLINE_CURVE_WITH_KNOTS('',3,(#87,#88,#89,#90,#91,#92),.UNSPECIFIED.,.F.,
.F.,(4,1,1,4),(0.E0,1.297748004208E-1,5.648876325177E-1,1.E0),.UNSPECIFIED.);
#112=B_SPLINE_CURVE_WITH_KNOTS('',3,(#106,#107,#108,#109,#110,#111),
.UNSPECIFIED.,.F.,.F.,(4,1,1,4),(0.E0,4.382146449384E-1,8.764295979810E-1,1.E0),
.UNSPECIFIED.);
#117=CIRCLE('',#116,2.75E0);
#126=CIRCLE('',#125,2.75E0);
#141=B_SPLINE_CURVE_WITH_KNOTS('',3,(#135,#136,#137,#138,#139,#140),
.UNSPECIFIED.,.F.,.F.,(4,1,1,4),(0.E0,1.297748004208E-1,5.648876325177E-1,1.E0),
.UNSPECIFIED.);
#160=B_SPLINE_CURVE_WITH_KNOTS('',3,(#154,#155,#156,#157,#158,#159),
.UNSPECIFIED.,.F.,.F.,(4,1,1,4),(0.E0,4.382146449385E-1,8.764295979810E-1,1.E0),
.UNSPECIFIED.);
#165=CIRCLE('',#164,2.75E0);
#174=CIRCLE('',#173,2.75E0);
#199=CIRCLE('',#198,2.E-1);
#204=CIRCLE('',#203,2.E-1);
#215=B_SPLINE_CURVE_WITH_KNOTS('',3,(#205,#206,#207,#208,#209,#210,#211,#212,
#213,#214),.UNSPECIFIED.,.F.,.F.,(4,1,1,1,1,1,1,4),(0.E0,1.428571428571E-1,
2.857142857143E-1,4.285714285714E-1,5.714285714286E-1,7.142857142857E-1,
8.571428571429E-1,1.E0),.UNSPECIFIED.);
#226=B_SPLINE_CURVE_WITH_KNOTS('',3,(#216,#217,#218,#219,#220,#221,#222,#223,
#224,#225),.UNSPECIFIED.,.F.,.F.,(4,1,1,1,1,1,1,4),(0.E0,1.428571428571E-1,
2.857142857143E-1,4.285714285714E-1,5.714285714286E-1,7.142857142857E-1,
8.571428571429E-1,1.E0),.UNSPECIFIED.);
#231=CIRCLE('',#230,7.E0);
#242=B_SPLINE_CURVE_WITH_KNOTS('',3,(#232,#233,#234,#235,#236,#237,#238,#239,
#240,#241),.UNSPECIFIED.,.F.,.F.,(4,1,1,1,1,1,1,4),(0.E0,1.428571428571E-1,
2.857142857143E-1,4.285714285714E-1,5.714285714286E-1,7.142857142857E-1,
8.571428571429E-1,1.E0),.UNSPECIFIED.);
#253=B_SPLINE_CURVE_WITH_KNOTS('',3,(#243,#244,#245,#246,#247,#248,#249,#250,
#251,#252),.UNSPECIFIED.,.F.,.F.,(4,1,1,1,1,1,1,4),(0.E0,1.428571428571E-1,
2.857142857143E-1,4.285714285714E-1,5.714285714286E-1,7.142857142857E-1,
8.571428571429E-1,1.E0),.UNSPECIFIED.);
#258=CIRCLE('',#257,6.E0);
#269=B_SPLINE_CURVE_WITH_KNOTS('',3,(#259,#260,#261,#262,#263,#264,#265,#266,
#267,#268),.UNSPECIFIED.,.F.,.F.,(4,1,1,1,1,1,1,4),(0.E0,1.428571428571E-1,
2.857142857143E-1,4.285714285714E-1,5.714285714286E-1,7.142857142857E-1,
8.571428571429E-1,1.E0),.UNSPECIFIED.);
#274=CIRCLE('',#273,6.E0);
#285=B_SPLINE_CURVE_WITH_KNOTS('',3,(#275,#276,#277,#278,#279,#280,#281,#282,
#283,#284),.UNSPECIFIED.,.F.,.F.,(4,1,1,1,1,1,1,4),(0.E0,1.428571428571E-1,
2.857142857143E-1,4.285714285714E-1,5.714285714286E-1,7.142857142857E-1,
8.571428571429E-1,1.E0),.UNSPECIFIED.);
#296=B_SPLINE_CURVE_WITH_KNOTS('',3,(#286,#287,#288,#289,#290,#291,#292,#293,
#294,#295),.UNSPECIFIED.,.F.,.F.,(4,1,1,1,1,1,1,4),(0.E0,1.428571428571E-1,
2.857142857143E-1,4.285714285714E-1,5.714285714286E-1,7.142857142857E-1,
8.571428571429E-1,1.E0),.UNSPECIFIED.);
#301=CIRCLE('',#300,7.E0);
#312=B_SPLINE_CURVE_WITH_KNOTS('',3,(#302,#303,#304,#305,#306,#307,#308,#309,
#310,#311),.UNSPECIFIED.,.F.,.F.,(4,1,1,1,1,1,1,4),(0.E0,1.428571428571E-1,
2.857142857143E-1,4.285714285714E-1,5.714285714286E-1,7.142857142857E-1,
8.571428571429E-1,1.E0),.UNSPECIFIED.);
#317=CIRCLE('',#316,5.15E0);
#322=CIRCLE('',#321,5.15E0);
#331=CIRCLE('',#330,1.E0);
#336=CIRCLE('',#335,1.E1);
#341=CIRCLE('',#340,1.E0);
#350=CIRCLE('',#349,1.E0);
#355=CIRCLE('',#354,1.E1);
#360=CIRCLE('',#359,1.E0);
#375=B_SPLINE_CURVE_WITH_KNOTS('',3,(#369,#370,#371,#372,#373,#374),
.UNSPECIFIED.,.F.,.F.,(4,1,1,4),(0.E0,3.333333333333E-1,6.666666666667E-1,1.E0),
.UNSPECIFIED.);
#382=B_SPLINE_CURVE_WITH_KNOTS('',3,(#376,#377,#378,#379,#380,#381),
.UNSPECIFIED.,.F.,.F.,(4,1,1,4),(0.E0,3.333333333333E-1,6.666666666667E-1,1.E0),
.UNSPECIFIED.);
#401=B_SPLINE_CURVE_WITH_KNOTS('',3,(#395,#396,#397,#398,#399,#400),
.UNSPECIFIED.,.F.,.F.,(4,1,1,4),(0.E0,3.333333333333E-1,6.666666666667E-1,1.E0),
.UNSPECIFIED.);
#412=B_SPLINE_CURVE_WITH_KNOTS('',3,(#406,#407,#408,#409,#410,#411),
.UNSPECIFIED.,.F.,.F.,(4,1,1,4),(0.E0,3.333333333333E-1,6.666666666667E-1,1.E0),
.UNSPECIFIED.);
#425=CIRCLE('',#424,3.5E0);
#430=CIRCLE('',#429,3.2E0);
#435=CIRCLE('',#434,3.2E0);
#444=CIRCLE('',#443,3.5E0);
#453=CIRCLE('',#452,3.E-1);
#458=CIRCLE('',#457,3.E-1);
#463=CIRCLE('',#462,5.35E0);
#472=CIRCLE('',#471,5.35E0);
#477=CIRCLE('',#476,5.35E0);
#486=CIRCLE('',#485,5.35E0);
#491=CIRCLE('',#490,8.1E0);
#496=CIRCLE('',#495,8.1E0);
#501=CIRCLE('',#500,7.6E0);
#506=CIRCLE('',#505,7.6E0);
#511=CIRCLE('',#510,7.6E0);
#520=CIRCLE('',#519,7.6E0);
#529=CIRCLE('',#528,7.6E0);
#538=CIRCLE('',#537,7.6E0);
#547=CIRCLE('',#546,7.6E0);
#556=CIRCLE('',#555,7.6E0);
#565=CIRCLE('',#564,8.4E0);
#574=CIRCLE('',#573,8.4E0);
#579=CIRCLE('',#578,8.4E0);
#588=CIRCLE('',#587,8.4E0);
#593=CIRCLE('',#592,1.E1);
#606=CIRCLE('',#605,1.E1);
#611=CIRCLE('',#610,8.2E0);
#616=CIRCLE('',#615,8.2E0);
#621=CIRCLE('',#620,8.2E0);
#630=CIRCLE('',#629,8.2E0);
#679=CIRCLE('',#678,2.E-1);
#684=CIRCLE('',#683,2.E-1);
#689=CIRCLE('',#688,8.55E0);
#698=CIRCLE('',#697,8.55E0);
#707=CIRCLE('',#706,9.8E0);
#712=CIRCLE('',#711,2.E-1);
#717=CIRCLE('',#716,1.E1);
#722=CIRCLE('',#721,2.E-1);
#735=CIRCLE('',#734,2.E-1);
#740=CIRCLE('',#739,2.E-1);
#745=CIRCLE('',#744,9.8E0);
#750=CIRCLE('',#749,2.E-1);
#755=CIRCLE('',#754,1.E1);
#760=CIRCLE('',#759,2.E-1);
#773=CIRCLE('',#772,2.E-1);
#778=CIRCLE('',#777,2.E-1);
#783=CIRCLE('',#782,1.E0);
#788=CIRCLE('',#787,1.E0);
#793=CIRCLE('',#792,1.E0);
#798=CIRCLE('',#797,1.E0);
#803=CIRCLE('',#802,8.E-1);
#808=CIRCLE('',#807,1.E0);
#813=CIRCLE('',#812,8.E-1);
#818=CIRCLE('',#817,1.E0);
#823=CIRCLE('',#822,8.E-1);
#828=CIRCLE('',#827,1.E0);
#833=CIRCLE('',#832,8.E-1);
#838=CIRCLE('',#837,1.E0);
#843=CIRCLE('',#842,4.E-1);
#848=CIRCLE('',#847,8.5E0);
#853=CIRCLE('',#852,4.E-1);
#858=CIRCLE('',#857,7.6E0);
#867=CIRCLE('',#866,7.2E0);
#890=B_SPLINE_CURVE_WITH_KNOTS('',3,(#884,#885,#886,#887,#888,#889),
.UNSPECIFIED.,.F.,.F.,(4,1,1,4),(0.E0,3.333333333333E-1,6.666666666667E-1,1.E0),
.UNSPECIFIED.);
#909=B_SPLINE_CURVE_WITH_KNOTS('',3,(#903,#904,#905,#906,#907,#908),
.UNSPECIFIED.,.F.,.F.,(4,1,1,4),(0.E0,3.333333333333E-1,6.666666666667E-1,1.E0),
.UNSPECIFIED.);
#914=CIRCLE('',#913,7.199988377550E0);
#919=CIRCLE('',#918,7.6E0);
#928=CIRCLE('',#927,7.2E0);
#951=B_SPLINE_CURVE_WITH_KNOTS('',3,(#945,#946,#947,#948,#949,#950),
.UNSPECIFIED.,.F.,.F.,(4,1,1,4),(0.E0,3.333333333333E-1,6.666666666667E-1,1.E0),
.UNSPECIFIED.);
#966=B_SPLINE_CURVE_WITH_KNOTS('',3,(#960,#961,#962,#963,#964,#965),
.UNSPECIFIED.,.F.,.F.,(4,1,1,4),(0.E0,3.333333333333E-1,6.666666666667E-1,1.E0),
.UNSPECIFIED.);
#975=CIRCLE('',#974,7.200011798079E0);
#1000=CIRCLE('',#999,1.E0);
#1013=CIRCLE('',#1012,1.E0);
#1022=CIRCLE('',#1021,1.E0);
#1031=CIRCLE('',#1030,1.E0);
#1036=CIRCLE('',#1035,7.6E0);
#1041=CIRCLE('',#1040,7.95E0);
#1046=CIRCLE('',#1045,7.95E0);
#1051=CIRCLE('',#1050,7.6E0);
#1056=CIRCLE('',#1055,1.005E1);
#1065=CIRCLE('',#1064,1.005E1);
#1074=CIRCLE('',#1073,9.85E0);
#1079=CIRCLE('',#1078,9.85E0);
#1084=CIRCLE('',#1083,9.35E0);
#1089=CIRCLE('',#1088,9.35E0);
#1094=CIRCLE('',#1093,8.35E0);
#1099=CIRCLE('',#1098,8.35E0);
#1104=CIRCLE('',#1103,8.15E0);
#1109=CIRCLE('',#1108,8.15E0);
#1114=CIRCLE('',#1113,8.15E0);
#1119=CIRCLE('',#1118,8.45E0);
#1124=CIRCLE('',#1123,8.45E0);
#1129=CIRCLE('',#1128,1.005E1);
#1138=CIRCLE('',#1137,1.005E1);
#1147=CIRCLE('',#1146,9.85E0);
#1156=CIRCLE('',#1155,9.85E0);
#1165=CIRCLE('',#1164,8.15E0);
#1178=CIRCLE('',#1177,8.45E0);
#1187=CIRCLE('',#1186,8.45E0);
#1200=CIRCLE('',#1199,1.15E1);
#1209=CIRCLE('',#1208,1.8E0);
#1218=CIRCLE('',#1217,1.8E0);
#1227=CIRCLE('',#1226,1.8E0);
#1236=CIRCLE('',#1235,1.8E0);
#1245=CIRCLE('',#1244,1.05E1);
#1250=CIRCLE('',#1249,1.05E1);
#1255=CIRCLE('',#1254,1.55E0);
#1260=CIRCLE('',#1259,1.55E0);
#1265=CIRCLE('',#1264,1.55E0);
#1270=CIRCLE('',#1269,1.55E0);
#1275=CIRCLE('',#1274,1.55E0);
#1280=CIRCLE('',#1279,1.55E0);
#1285=CIRCLE('',#1284,1.55E0);
#1290=CIRCLE('',#1289,1.55E0);
#1295=CIRCLE('',#1294,1.35E1);
#1316=CIRCLE('',#1315,1.3E1);
#1325=CIRCLE('',#1324,1.8E0);
#1334=CIRCLE('',#1333,1.8E0);
#1343=CIRCLE('',#1342,1.8E0);
#1352=CIRCLE('',#1351,1.8E0);
#1369=CIRCLE('',#1368,1.55E0);
#1374=CIRCLE('',#1373,1.55E0);
#1379=CIRCLE('',#1378,1.55E0);
#1384=CIRCLE('',#1383,1.55E0);
#1389=CIRCLE('',#1388,1.55E0);
#1394=CIRCLE('',#1393,1.55E0);
#1399=CIRCLE('',#1398,1.55E0);
#1404=CIRCLE('',#1403,1.55E0);
#1505=CIRCLE('',#1504,9.25E0);
#1510=CIRCLE('',#1509,9.25E0);
#1515=CIRCLE('',#1514,9.7E0);
#1520=CIRCLE('',#1519,9.7E0);
#1525=CIRCLE('',#1524,9.25E0);
#1534=CIRCLE('',#1533,9.25E0);
#1543=CIRCLE('',#1542,9.15E0);
#1548=CIRCLE('',#1547,9.15E0);
#1553=CIRCLE('',#1552,9.15E0);
#1566=CIRCLE('',#1565,9.15E0);
#1571=CIRCLE('',#1570,1.05E1);
#1576=CIRCLE('',#1575,1.05E1);
#1589=CIRCLE('',#1588,2.E0);
#1594=CIRCLE('',#1593,2.E0);
#1599=CIRCLE('',#1598,2.E0);
#1604=CIRCLE('',#1603,2.E0);
#1609=CIRCLE('',#1608,2.E0);
#1614=CIRCLE('',#1613,2.E0);
#1619=CIRCLE('',#1618,2.E0);
#1624=CIRCLE('',#1623,2.E0);
#1661=CIRCLE('',#1660,5.E-1);
#1666=CIRCLE('',#1665,5.E-1);
#1671=CIRCLE('',#1670,2.E-1);
#1676=CIRCLE('',#1675,2.E-1);
#1681=CIRCLE('',#1680,2.E-1);
#1686=CIRCLE('',#1685,2.E-1);
#1691=CIRCLE('',#1690,2.E-1);
#1696=CIRCLE('',#1695,2.E-1);
#1701=CIRCLE('',#1700,2.E-1);
#1706=CIRCLE('',#1705,2.E-1);
#1711=CIRCLE('',#1710,2.E-1);
#1716=CIRCLE('',#1715,2.E-1);
#1721=CIRCLE('',#1720,2.E-1);
#1726=CIRCLE('',#1725,2.E-1);
#1731=CIRCLE('',#1730,2.E-1);
#1736=CIRCLE('',#1735,2.E-1);
#1741=CIRCLE('',#1740,2.E-1);
#1746=CIRCLE('',#1745,2.E-1);
#1751=CIRCLE('',#1750,1.15E1);
#1756=CIRCLE('',#1755,1.13E1);
#1770=B_SPLINE_CURVE_WITH_KNOTS('',3,(#1757,#1758,#1759,#1760,#1761,#1762,#1763,
#1764,#1765,#1766,#1767,#1768,#1769),.UNSPECIFIED.,.F.,.F.,(4,1,1,1,1,1,1,1,1,1,
4),(0.E0,1.E-1,2.E-1,3.E-1,4.E-1,5.E-1,6.E-1,7.E-1,8.E-1,9.E-1,1.E0),
.UNSPECIFIED.);
#1784=B_SPLINE_CURVE_WITH_KNOTS('',3,(#1771,#1772,#1773,#1774,#1775,#1776,#1777,
#1778,#1779,#1780,#1781,#1782,#1783),.UNSPECIFIED.,.F.,.F.,(4,1,1,1,1,1,1,1,1,1,
4),(0.E0,1.E-1,2.E-1,3.E-1,4.E-1,5.E-1,6.E-1,7.E-1,8.E-1,9.E-1,1.E0),
.UNSPECIFIED.);
#1789=CIRCLE('',#1788,1.15E1);
#1794=CIRCLE('',#1793,1.13E1);
#1808=B_SPLINE_CURVE_WITH_KNOTS('',3,(#1795,#1796,#1797,#1798,#1799,#1800,#1801,
#1802,#1803,#1804,#1805,#1806,#1807),.UNSPECIFIED.,.F.,.F.,(4,1,1,1,1,1,1,1,1,1,
4),(0.E0,1.E-1,2.E-1,3.E-1,4.E-1,5.E-1,6.E-1,7.E-1,8.E-1,9.E-1,1.E0),
.UNSPECIFIED.);
#1822=B_SPLINE_CURVE_WITH_KNOTS('',3,(#1809,#1810,#1811,#1812,#1813,#1814,#1815,
#1816,#1817,#1818,#1819,#1820,#1821),.UNSPECIFIED.,.F.,.F.,(4,1,1,1,1,1,1,1,1,1,
4),(0.E0,1.E-1,2.E-1,3.E-1,4.E-1,5.E-1,6.E-1,7.E-1,8.E-1,9.E-1,1.E0),
.UNSPECIFIED.);
#1827=CIRCLE('',#1826,2.E-1);
#1832=CIRCLE('',#1831,2.E-1);
#1837=CIRCLE('',#1836,1.35E1);
#1846=CIRCLE('',#1845,1.3E1);
#1895=CIRCLE('',#1894,1.E0);
#1900=CIRCLE('',#1899,1.E0);
#1905=CIRCLE('',#1904,1.E0);
#1910=CIRCLE('',#1909,1.E0);
#1915=CIRCLE('',#1914,1.E0);
#1920=CIRCLE('',#1919,1.E0);
#1929=CIRCLE('',#1928,1.E0);
#1934=CIRCLE('',#1933,1.E0);
#1943=CIRCLE('',#1942,8.55E0);
#1948=CIRCLE('',#1947,8.55E0);
#1953=CIRCLE('',#1952,8.55E0);
#1958=CIRCLE('',#1957,8.55E0);
#1963=CIRCLE('',#1962,1.E-1);
#1968=CIRCLE('',#1967,1.E-1);
#1973=CIRCLE('',#1972,9.7E0);
#1978=CIRCLE('',#1977,9.7E0);
#1983=CIRCLE('',#1982,1.020101808113E1);
#1988=CIRCLE('',#1987,9.7E0);
#1993=CIRCLE('',#1992,1.020101808113E1);
#1998=CIRCLE('',#1997,9.7E0);
#2003=CIRCLE('',#2002,1.020101808113E1);
#2008=CIRCLE('',#2007,9.7E0);
#2013=CIRCLE('',#2012,1.020101808113E1);
#2018=CIRCLE('',#2017,9.7E0);
#2031=CIRCLE('',#2030,1.020101808113E1);
#2040=CIRCLE('',#2039,9.7E0);
#2049=CIRCLE('',#2048,1.020101808113E1);
#2070=CIRCLE('',#2069,9.7E0);
#2075=CIRCLE('',#2074,1.020101808113E1);
#2084=CIRCLE('',#2083,9.7E0);
#2093=CIRCLE('',#2092,1.020101808113E1);
#2114=CIRCLE('',#2113,9.7E0);
#2119=CIRCLE('',#2118,9.7E0);
#2124=CIRCLE('',#2123,1.020101808113E1);
#2129=CIRCLE('',#2128,9.7E0);
#2134=CIRCLE('',#2133,1.020101808113E1);
#2147=CIRCLE('',#2146,9.7E0);
#2152=CIRCLE('',#2151,1.020101808113E1);
#2161=CIRCLE('',#2160,9.7E0);
#2170=CIRCLE('',#2169,1.020101808113E1);
#2183=CIRCLE('',#2182,2.E-1);
#2188=CIRCLE('',#2187,2.E-1);
#2193=CIRCLE('',#2192,2.E-1);
#2198=CIRCLE('',#2197,2.E-1);
#2203=CIRCLE('',#2202,2.E-1);
#2208=CIRCLE('',#2207,2.E-1);
#2213=CIRCLE('',#2212,1.E1);
#2230=CIRCLE('',#2229,1.E1);
#2235=CIRCLE('',#2234,4.E-1);
#2240=CIRCLE('',#2239,8.5E0);
#2245=CIRCLE('',#2244,4.E-1);
#2250=CIRCLE('',#2249,9.85E0);
#2255=CIRCLE('',#2254,9.85E0);
#2260=CIRCLE('',#2259,9.85E0);
#2265=CIRCLE('',#2264,9.85E0);
#2270=CIRCLE('',#2269,9.85E0);
#2279=CIRCLE('',#2278,9.85E0);
#2288=CIRCLE('',#2287,9.85E0);
#2297=CIRCLE('',#2296,9.85E0);
#2310=CIRCLE('',#2309,1.15E1);
#2332=B_SPLINE_CURVE_WITH_KNOTS('',3,(#2323,#2324,#2325,#2326,#2327,#2328,#2329,
#2330,#2331),.UNSPECIFIED.,.F.,.F.,(4,1,1,1,1,1,4),(0.E0,1.666666666667E-1,
3.333333333333E-1,5.E-1,6.666666666667E-1,8.333333333333E-1,1.E0),
.UNSPECIFIED.);
#2350=B_SPLINE_CURVE_WITH_KNOTS('',3,(#2341,#2342,#2343,#2344,#2345,#2346,#2347,
#2348,#2349),.UNSPECIFIED.,.F.,.F.,(4,1,1,1,1,1,4),(0.E0,1.666666666667E-1,
3.333333333333E-1,5.E-1,6.666666666667E-1,8.333333333333E-1,1.E0),
.UNSPECIFIED.);
#2355=CIRCLE('',#2354,8.5E0);
#2368=CIRCLE('',#2367,8.5E0);
#2381=CIRCLE('',#2380,4.E-1);
#2388=B_SPLINE_CURVE_WITH_KNOTS('',3,(#2382,#2383,#2384,#2385,#2386,#2387),
.UNSPECIFIED.,.F.,.F.,(4,1,1,4),(0.E0,3.333333333333E-1,6.666666666667E-1,1.E0),
.UNSPECIFIED.);
#2393=CIRCLE('',#2392,4.E-1);
#2400=B_SPLINE_CURVE_WITH_KNOTS('',3,(#2394,#2395,#2396,#2397,#2398,#2399),
.UNSPECIFIED.,.F.,.F.,(4,1,1,4),(0.E0,3.333333333333E-1,6.666666666667E-1,1.E0),
.UNSPECIFIED.);
#2405=CIRCLE('',#2404,4.E-1);
#2412=B_SPLINE_CURVE_WITH_KNOTS('',3,(#2406,#2407,#2408,#2409,#2410,#2411),
.UNSPECIFIED.,.F.,.F.,(4,1,1,4),(0.E0,3.333333333333E-1,6.666666666667E-1,1.E0),
.UNSPECIFIED.);
#2417=CIRCLE('',#2416,4.E-1);
#2424=B_SPLINE_CURVE_WITH_KNOTS('',3,(#2418,#2419,#2420,#2421,#2422,#2423),
.UNSPECIFIED.,.F.,.F.,(4,1,1,4),(0.E0,3.333333333333E-1,6.666666666667E-1,1.E0),
.UNSPECIFIED.);
#2446=B_SPLINE_CURVE_WITH_KNOTS('',3,(#2437,#2438,#2439,#2440,#2441,#2442,#2443,
#2444,#2445),.UNSPECIFIED.,.F.,.F.,(4,1,1,1,1,1,4),(0.E0,1.666666666667E-1,
3.333333333333E-1,5.E-1,6.666666666667E-1,8.333333333333E-1,1.E0),
.UNSPECIFIED.);
#2464=B_SPLINE_CURVE_WITH_KNOTS('',3,(#2455,#2456,#2457,#2458,#2459,#2460,#2461,
#2462,#2463),.UNSPECIFIED.,.F.,.F.,(4,1,1,1,1,1,4),(0.E0,1.666666666667E-1,
3.333333333333E-1,5.E-1,6.666666666667E-1,8.333333333333E-1,1.E0),
.UNSPECIFIED.);
#2497=CIRCLE('',#2496,1.015E1);
#2502=CIRCLE('',#2501,1.015E1);
#2507=B_SPLINE_CURVE_WITH_KNOTS('',3,(#2503,#2504,#2505,#2506),.UNSPECIFIED.,
.F.,.F.,(4,4),(0.E0,1.E0),.UNSPECIFIED.);
#2524=B_SPLINE_CURVE_WITH_KNOTS('',3,(#2520,#2521,#2522,#2523),.UNSPECIFIED.,
.F.,.F.,(4,4),(0.E0,1.E0),.UNSPECIFIED.);
#2529=B_SPLINE_CURVE_WITH_KNOTS('',3,(#2525,#2526,#2527,#2528),.UNSPECIFIED.,
.F.,.F.,(4,4),(0.E0,1.E0),.UNSPECIFIED.);
#2546=B_SPLINE_CURVE_WITH_KNOTS('',3,(#2542,#2543,#2544,#2545),.UNSPECIFIED.,
.F.,.F.,(4,4),(0.E0,1.E0),.UNSPECIFIED.);
#2551=CIRCLE('',#2550,1.015E1);
#2556=CIRCLE('',#2555,1.015E1);
#2561=CIRCLE('',#2560,1.07E1);
#2570=CIRCLE('',#2569,1.1E1);
#2591=CIRCLE('',#2590,9.95E0);
#2600=CIRCLE('',#2599,9.95E0);
#2605=CIRCLE('',#2604,9.95E0);
#2614=CIRCLE('',#2613,9.95E0);
#2621=B_SPLINE_CURVE_WITH_KNOTS('',3,(#2615,#2616,#2617,#2618,#2619,#2620),
.UNSPECIFIED.,.F.,.F.,(4,1,1,4),(0.E0,3.333333333333E-1,6.666666666667E-1,1.E0),
.UNSPECIFIED.);
#2636=B_SPLINE_CURVE_WITH_KNOTS('',3,(#2630,#2631,#2632,#2633,#2634,#2635),
.UNSPECIFIED.,.F.,.F.,(4,1,1,4),(0.E0,3.333333333333E-1,6.666666666667E-1,1.E0),
.UNSPECIFIED.);
#2645=CIRCLE('',#2644,1.07E1);
#2666=CIRCLE('',#2665,1.1E1);
#2699=CIRCLE('',#2698,2.E-1);
#2704=CIRCLE('',#2703,2.E-1);
#2709=CIRCLE('',#2708,2.E-1);
#2714=CIRCLE('',#2713,2.E-1);
#2732=B_SPLINE_CURVE_WITH_KNOTS('',3,(#2719,#2720,#2721,#2722,#2723,#2724,#2725,
#2726,#2727,#2728,#2729,#2730,#2731),.UNSPECIFIED.,.F.,.F.,(4,1,1,1,1,1,1,1,1,1,
4),(0.E0,1.E-1,2.E-1,3.E-1,4.E-1,5.E-1,6.E-1,7.E-1,8.E-1,9.E-1,1.E0),
.UNSPECIFIED.);
#2737=B_SPLINE_CURVE_WITH_KNOTS('',3,(#2733,#2734,#2735,#2736),.UNSPECIFIED.,
.F.,.F.,(4,4),(0.E0,1.E0),.UNSPECIFIED.);
#2750=B_SPLINE_CURVE_WITH_KNOTS('',3,(#2746,#2747,#2748,#2749),.UNSPECIFIED.,
.F.,.F.,(4,4),(0.E0,1.E0),.UNSPECIFIED.);
#2764=B_SPLINE_CURVE_WITH_KNOTS('',3,(#2751,#2752,#2753,#2754,#2755,#2756,#2757,
#2758,#2759,#2760,#2761,#2762,#2763),.UNSPECIFIED.,.F.,.F.,(4,1,1,1,1,1,1,1,1,1,
4),(0.E0,1.E-1,2.E-1,3.E-1,4.E-1,5.E-1,6.E-1,7.E-1,8.E-1,9.E-1,1.E0),
.UNSPECIFIED.);
#2782=B_SPLINE_CURVE_WITH_KNOTS('',3,(#2777,#2778,#2779,#2780,#2781),
.UNSPECIFIED.,.F.,.F.,(4,1,4),(0.E0,8.616698723385E-1,1.E0),.UNSPECIFIED.);
#2796=B_SPLINE_CURVE_WITH_KNOTS('',3,(#2783,#2784,#2785,#2786,#2787,#2788,#2789,
#2790,#2791,#2792,#2793,#2794,#2795),.UNSPECIFIED.,.F.,.F.,(4,1,1,1,1,1,1,1,1,1,
4),(0.E0,1.E-1,2.E-1,3.E-1,4.E-1,5.E-1,6.E-1,7.E-1,8.E-1,9.E-1,1.E0),
.UNSPECIFIED.);
#2809=B_SPLINE_CURVE_WITH_KNOTS('',3,(#2805,#2806,#2807,#2808),.UNSPECIFIED.,
.F.,.F.,(4,4),(0.E0,1.E0),.UNSPECIFIED.);
#2831=B_SPLINE_CURVE_WITH_KNOTS('',3,(#2818,#2819,#2820,#2821,#2822,#2823,#2824,
#2825,#2826,#2827,#2828,#2829,#2830),.UNSPECIFIED.,.F.,.F.,(4,1,1,1,1,1,1,1,1,1,
4),(0.E0,1.E-1,2.E-1,3.E-1,4.E-1,5.E-1,6.E-1,7.E-1,8.E-1,9.E-1,1.E0),
.UNSPECIFIED.);
#2836=B_SPLINE_CURVE_WITH_KNOTS('',3,(#2832,#2833,#2834,#2835),.UNSPECIFIED.,
.F.,.F.,(4,4),(0.E0,1.E0),.UNSPECIFIED.);
#2841=CIRCLE('',#2840,1.175000247231E1);
#2847=B_SPLINE_CURVE_WITH_KNOTS('',3,(#2842,#2843,#2844,#2845,#2846),
.UNSPECIFIED.,.F.,.F.,(4,1,4),(0.E0,7.378051980303E-1,1.E0),.UNSPECIFIED.);
#2852=CIRCLE('',#2851,1.145000119880E1);
#2857=B_SPLINE_CURVE_WITH_KNOTS('',3,(#2853,#2854,#2855,#2856),.UNSPECIFIED.,
.F.,.F.,(4,4),(0.E0,1.E0),.UNSPECIFIED.);
#2862=CIRCLE('',#2861,1.145019455233E1);
#2867=B_SPLINE_CURVE_WITH_KNOTS('',3,(#2863,#2864,#2865,#2866),.UNSPECIFIED.,
.F.,.F.,(4,4),(0.E0,1.E0),.UNSPECIFIED.);
#2872=CIRCLE('',#2871,1.175016677131E1);
#2877=CIRCLE('',#2876,1.175E1);
#2882=CIRCLE('',#2881,1.155E1);
#2889=B_SPLINE_CURVE_WITH_KNOTS('',3,(#2883,#2884,#2885,#2886,#2887,#2888),
.UNSPECIFIED.,.F.,.F.,(4,1,1,4),(0.E0,3.333333333333E-1,6.666666666667E-1,1.E0),
.UNSPECIFIED.);
#2904=B_SPLINE_CURVE_WITH_KNOTS('',3,(#2898,#2899,#2900,#2901,#2902,#2903),
.UNSPECIFIED.,.F.,.F.,(4,1,1,4),(0.E0,3.333333333333E-1,6.666666666667E-1,1.E0),
.UNSPECIFIED.);
#2911=B_SPLINE_CURVE_WITH_KNOTS('',3,(#2905,#2906,#2907,#2908,#2909,#2910),
.UNSPECIFIED.,.F.,.F.,(4,1,1,4),(0.E0,3.333333333333E-1,6.666666666667E-1,1.E0),
.UNSPECIFIED.);
#2926=B_SPLINE_CURVE_WITH_KNOTS('',3,(#2920,#2921,#2922,#2923,#2924,#2925),
.UNSPECIFIED.,.F.,.F.,(4,1,1,4),(0.E0,3.333333333333E-1,6.666666666667E-1,1.E0),
.UNSPECIFIED.);
#2931=CIRCLE('',#2930,1.175E1);
#2936=CIRCLE('',#2935,1.155E1);
#2943=B_SPLINE_CURVE_WITH_KNOTS('',3,(#2937,#2938,#2939,#2940,#2941,#2942),
.UNSPECIFIED.,.F.,.F.,(4,1,1,4),(0.E0,3.333333333333E-1,6.666666666667E-1,1.E0),
.UNSPECIFIED.);
#2950=B_SPLINE_CURVE_WITH_KNOTS('',3,(#2944,#2945,#2946,#2947,#2948,#2949),
.UNSPECIFIED.,.F.,.F.,(4,1,1,4),(0.E0,3.333333333333E-1,6.666666666667E-1,1.E0),
.UNSPECIFIED.);
#3672=EDGE_CURVE('',#2981,#2982,#5,.T.);
#3674=EDGE_CURVE('',#2982,#2981,#10,.T.);
#3678=EDGE_CURVE('',#3041,#3042,#15,.T.);
#3680=EDGE_CURVE('',#3042,#3041,#20,.T.);
#3690=EDGE_CURVE('',#2985,#2986,#25,.T.);
#3692=EDGE_CURVE('',#2978,#2986,#69,.T.);
#3694=EDGE_CURVE('',#2977,#2978,#30,.T.);
#3696=EDGE_CURVE('',#2977,#2985,#60,.T.);
#3706=EDGE_CURVE('',#3149,#3150,#35,.T.);
#3708=EDGE_CURVE('',#3006,#3149,#39,.T.);
#3710=EDGE_CURVE('',#3005,#3006,#231,.T.);
#3712=EDGE_CURVE('',#3150,#3005,#43,.T.);
#3722=EDGE_CURVE('',#3013,#3014,#47,.T.);
#3724=EDGE_CURVE('',#3018,#3014,#258,.T.);
#3726=EDGE_CURVE('',#3017,#3018,#51,.T.);
#3728=EDGE_CURVE('',#3013,#3017,#274,.T.);
#3738=EDGE_CURVE('',#2986,#2985,#56,.T.);
#3741=EDGE_CURVE('',#2978,#2977,#65,.T.);
#3752=EDGE_CURVE('',#3153,#3154,#74,.T.);
#3754=EDGE_CURVE('',#3010,#3153,#78,.T.);
#3756=EDGE_CURVE('',#3009,#3010,#301,.T.);
#3758=EDGE_CURVE('',#3154,#3009,#82,.T.);
#3768=EDGE_CURVE('',#3021,#3022,#86,.T.);
#3770=EDGE_CURVE('',#3021,#2989,#93,.T.);
#3772=EDGE_CURVE('',#2989,#2990,#97,.T.);
#3774=EDGE_CURVE('',#2990,#2993,#101,.T.);
#3776=EDGE_CURVE('',#2993,#2994,#105,.T.);
#3778=EDGE_CURVE('',#2994,#3022,#112,.T.);
#3782=EDGE_CURVE('',#2961,#2962,#117,.T.);
#3784=EDGE_CURVE('',#2962,#2964,#121,.T.);
#3786=EDGE_CURVE('',#2964,#2966,#126,.T.);
#3788=EDGE_CURVE('',#2966,#2961,#130,.T.);
#3798=EDGE_CURVE('',#3025,#3026,#134,.T.);
#3800=EDGE_CURVE('',#3025,#2997,#141,.T.);
#3802=EDGE_CURVE('',#2997,#2998,#145,.T.);
#3804=EDGE_CURVE('',#2998,#3001,#149,.T.);
#3806=EDGE_CURVE('',#3001,#3002,#153,.T.);
#3808=EDGE_CURVE('',#3002,#3026,#160,.T.);
#3812=EDGE_CURVE('',#2969,#2970,#165,.T.);
#3814=EDGE_CURVE('',#2974,#2969,#169,.T.);
#3816=EDGE_CURVE('',#2972,#2974,#174,.T.);
#3818=EDGE_CURVE('',#2970,#2972,#178,.T.);
#3829=EDGE_CURVE('',#2961,#2969,#182,.T.);
#3832=EDGE_CURVE('',#2962,#2970,#186,.T.);
#3845=EDGE_CURVE('',#2964,#2972,#190,.T.);
#3858=EDGE_CURVE('',#2966,#2974,#194,.T.);
#3881=EDGE_CURVE('',#2977,#2981,#204,.T.);
#3884=EDGE_CURVE('',#2978,#2982,#199,.T.);
#3906=EDGE_CURVE('',#3027,#3014,#215,.T.);
#3908=EDGE_CURVE('',#3005,#3027,#226,.T.);
#3911=EDGE_CURVE('',#3028,#3006,#242,.T.);
#3913=EDGE_CURVE('',#3018,#3028,#253,.T.);
#3924=EDGE_CURVE('',#3013,#3029,#269,.T.);
#3927=EDGE_CURVE('',#3030,#3017,#285,.T.);
#3929=EDGE_CURVE('',#3009,#3030,#296,.T.);
#3932=EDGE_CURVE('',#3029,#3010,#312,.T.);
#3942=EDGE_CURVE('',#3069,#3070,#317,.T.);
#3944=EDGE_CURVE('',#3070,#3069,#322,.T.);
#3958=EDGE_CURVE('',#3659,#3656,#326,.T.);
#3960=EDGE_CURVE('',#3654,#3656,#331,.T.);
#3962=EDGE_CURVE('',#3653,#3654,#336,.T.);
#3964=EDGE_CURVE('',#3666,#3653,#341,.T.);
#3966=EDGE_CURVE('',#3666,#3664,#345,.T.);
#3968=EDGE_CURVE('',#3662,#3664,#350,.T.);
#3970=EDGE_CURVE('',#3660,#3662,#355,.T.);
#3972=EDGE_CURVE('',#3659,#3660,#360,.T.);
#3976=EDGE_CURVE('',#3149,#2990,#364,.T.);
#3979=EDGE_CURVE('',#3001,#3150,#394,.T.);
#3982=EDGE_CURVE('',#3153,#2998,#416,.T.);
#3985=EDGE_CURVE('',#2993,#3154,#390,.T.);
#3999=EDGE_CURVE('',#3006,#2989,#368,.T.);
#4037=EDGE_CURVE('',#3028,#3021,#375,.T.);
#4078=EDGE_CURVE('',#3022,#3030,#382,.T.);
#4081=EDGE_CURVE('',#3009,#2994,#386,.T.);
#4105=EDGE_CURVE('',#3005,#3002,#405,.T.);
#4145=EDGE_CURVE('',#3026,#3027,#401,.T.);
#4186=EDGE_CURVE('',#3029,#3025,#412,.T.);
#4189=EDGE_CURVE('',#3010,#2997,#420,.T.);
#4241=EDGE_CURVE('',#3042,#3038,#448,.T.);
#4243=EDGE_CURVE('',#3038,#3037,#425,.T.);
#4245=EDGE_CURVE('',#3041,#3037,#439,.T.);
#4255=EDGE_CURVE('',#3033,#3034,#430,.T.);
#4257=EDGE_CURVE('',#3034,#3033,#435,.T.);
#4269=EDGE_CURVE('',#3037,#3038,#444,.T.);
#4281=EDGE_CURVE('',#3033,#3037,#458,.T.);
#4284=EDGE_CURVE('',#3034,#3038,#453,.T.);
#4306=EDGE_CURVE('',#3073,#3074,#463,.T.);
#4308=EDGE_CURVE('',#3074,#3049,#467,.T.);
#4310=EDGE_CURVE('',#3049,#3050,#472,.T.);
#4312=EDGE_CURVE('',#3073,#3050,#481,.T.);
#4322=EDGE_CURVE('',#3074,#3073,#477,.T.);
#4325=EDGE_CURVE('',#3050,#3049,#486,.T.);
#4336=EDGE_CURVE('',#3061,#3062,#491,.T.);
#4338=EDGE_CURVE('',#3062,#3061,#496,.T.);
#4342=EDGE_CURVE('',#3045,#3046,#501,.T.);
#4344=EDGE_CURVE('',#3046,#3045,#506,.T.);
#4354=EDGE_CURVE('',#3594,#3648,#511,.T.);
#4356=EDGE_CURVE('',#3146,#3594,#515,.T.);
#4358=EDGE_CURVE('',#3103,#3146,#898,.T.);
#4360=EDGE_CURVE('',#3106,#3103,#520,.T.);
#4362=EDGE_CURVE('',#3106,#3046,#551,.T.);
#4365=EDGE_CURVE('',#3120,#3045,#524,.T.);
#4367=EDGE_CURVE('',#3122,#3120,#529,.T.);
#4369=EDGE_CURVE('',#3141,#3122,#959,.T.);
#4371=EDGE_CURVE('',#3141,#3648,#533,.T.);
#4381=EDGE_CURVE('',#3590,#3650,#538,.T.);
#4383=EDGE_CURVE('',#3140,#3590,#542,.T.);
#4385=EDGE_CURVE('',#3117,#3140,#940,.T.);
#4387=EDGE_CURVE('',#3120,#3117,#547,.T.);
#4392=EDGE_CURVE('',#3108,#3106,#556,.T.);
#4394=EDGE_CURVE('',#3143,#3108,#883,.T.);
#4396=EDGE_CURVE('',#3143,#3650,#560,.T.);
#4406=EDGE_CURVE('',#3057,#3058,#565,.T.);
#4408=EDGE_CURVE('',#3077,#3057,#569,.T.);
#4410=EDGE_CURVE('',#3077,#3078,#574,.T.);
#4412=EDGE_CURVE('',#3078,#3058,#583,.T.);
#4422=EDGE_CURVE('',#3058,#3057,#579,.T.);
#4425=EDGE_CURVE('',#3078,#3077,#588,.T.);
#4436=EDGE_CURVE('',#3633,#3634,#1056,.T.);
#4438=EDGE_CURVE('',#3634,#3642,#1900,.T.);
#4440=EDGE_CURVE('',#3641,#3642,#1472,.T.);
#4442=EDGE_CURVE('',#3637,#3641,#1895,.T.);
#4444=EDGE_CURVE('',#3637,#3638,#1129,.T.);
#4446=EDGE_CURVE('',#3638,#3646,#1910,.T.);
#4448=EDGE_CURVE('',#3645,#3646,#1484,.T.);
#4450=EDGE_CURVE('',#3633,#3645,#1905,.T.);
#4454=EDGE_CURVE('',#3585,#3586,#593,.T.);
#4456=EDGE_CURVE('',#3586,#3605,#788,.T.);
#4458=EDGE_CURVE('',#3605,#3606,#646,.T.);
#4460=EDGE_CURVE('',#3612,#3606,#783,.T.);
#4462=EDGE_CURVE('',#3612,#3614,#2213,.T.);
#4464=EDGE_CURVE('',#3614,#3609,#798,.T.);
#4466=EDGE_CURVE('',#3609,#3610,#662,.T.);
#4468=EDGE_CURVE('',#3585,#3610,#793,.T.);
#4479=EDGE_CURVE('',#3650,#3618,#2454,.T.);
#4481=EDGE_CURVE('',#3618,#3601,#2417,.T.);
#4483=EDGE_CURVE('',#3601,#3602,#2368,.T.);
#4485=EDGE_CURVE('',#3593,#3602,#2405,.T.);
#4487=EDGE_CURVE('',#3593,#3594,#2336,.T.);
#4490=EDGE_CURVE('',#3648,#3616,#2436,.T.);
#4492=EDGE_CURVE('',#3616,#3597,#2393,.T.);
#4494=EDGE_CURVE('',#3597,#3598,#2355,.T.);
#4496=EDGE_CURVE('',#3589,#3598,#2381,.T.);
#4498=EDGE_CURVE('',#3589,#3590,#2318,.T.);
#4513=EDGE_CURVE('',#3094,#3585,#597,.T.);
#4515=EDGE_CURVE('',#3093,#3094,#755,.T.);
#4517=EDGE_CURVE('',#3586,#3093,#601,.T.);
#4527=EDGE_CURVE('',#3653,#3582,#1008,.T.);
#4530=EDGE_CURVE('',#3581,#3654,#1026,.T.);
#4532=EDGE_CURVE('',#3581,#3582,#606,.T.);
#4546=EDGE_CURVE('',#3053,#3054,#611,.T.);
#4548=EDGE_CURVE('',#3054,#3053,#616,.T.);
#4558=EDGE_CURVE('',#3064,#3066,#621,.T.);
#4560=EDGE_CURVE('',#3066,#3053,#625,.T.);
#4563=EDGE_CURVE('',#3064,#3054,#634,.T.);
#4573=EDGE_CURVE('',#3066,#3064,#630,.T.);
#4587=EDGE_CURVE('',#3061,#3066,#642,.T.);
#4590=EDGE_CURVE('',#3062,#3064,#638,.T.);
#4613=EDGE_CURVE('',#3605,#3085,#650,.T.);
#4615=EDGE_CURVE('',#3085,#3086,#654,.T.);
#4617=EDGE_CURVE('',#3086,#3606,#658,.T.);
#4628=EDGE_CURVE('',#3609,#3081,#666,.T.);
#4630=EDGE_CURVE('',#3081,#3082,#670,.T.);
#4632=EDGE_CURVE('',#3082,#3610,#674,.T.);
#4643=EDGE_CURVE('',#3069,#3073,#684,.T.);
#4646=EDGE_CURVE('',#3070,#3074,#679,.T.);
#4668=EDGE_CURVE('',#3393,#3394,#689,.T.);
#4670=EDGE_CURVE('',#3397,#3394,#693,.T.);
#4672=EDGE_CURVE('',#3397,#3398,#698,.T.);
#4674=EDGE_CURVE('',#3393,#3398,#702,.T.);
#4688=EDGE_CURVE('',#3401,#3402,#707,.T.);
#4690=EDGE_CURVE('',#3089,#3402,#712,.T.);
#4692=EDGE_CURVE('',#3089,#3090,#717,.T.);
#4694=EDGE_CURVE('',#3090,#3401,#722,.T.);
#4704=EDGE_CURVE('',#3404,#3393,#726,.T.);
#4707=EDGE_CURVE('',#3398,#3406,#730,.T.);
#4709=EDGE_CURVE('',#3082,#3406,#735,.T.);
#4712=EDGE_CURVE('',#3081,#3404,#740,.T.);
#4722=EDGE_CURVE('',#3409,#3410,#745,.T.);
#4724=EDGE_CURVE('',#3093,#3410,#750,.T.);
#4727=EDGE_CURVE('',#3094,#3409,#760,.T.);
#4737=EDGE_CURVE('',#3412,#3397,#764,.T.);
#4740=EDGE_CURVE('',#3394,#3414,#768,.T.);
#4742=EDGE_CURVE('',#3086,#3414,#773,.T.);
#4745=EDGE_CURVE('',#3085,#3412,#778,.T.);
#4757=EDGE_CURVE('',#3086,#3090,#808,.T.);
#4759=EDGE_CURVE('',#3090,#3612,#2217,.T.);
#4771=EDGE_CURVE('',#3093,#3085,#818,.T.);
#4784=EDGE_CURVE('',#3082,#3094,#828,.T.);
#4796=EDGE_CURVE('',#3614,#3089,#2221,.T.);
#4798=EDGE_CURVE('',#3089,#3081,#838,.T.);
#4809=EDGE_CURVE('',#3401,#3414,#803,.T.);
#4822=EDGE_CURVE('',#3410,#3412,#813,.T.);
#4835=EDGE_CURVE('',#3409,#3406,#823,.T.);
#4848=EDGE_CURVE('',#3402,#3404,#833,.T.);
#4861=EDGE_CURVE('',#3129,#3136,#843,.T.);
#4863=EDGE_CURVE('',#3129,#3130,#848,.T.);
#4865=EDGE_CURVE('',#3138,#3130,#853,.T.);
#4867=EDGE_CURVE('',#3136,#3138,#1041,.T.);
#4877=EDGE_CURVE('',#3097,#3098,#858,.T.);
#4879=EDGE_CURVE('',#3100,#3097,#862,.T.);
#4881=EDGE_CURVE('',#3102,#3100,#867,.T.);
#4883=EDGE_CURVE('',#3098,#3102,#871,.T.);
#4893=EDGE_CURVE('',#3098,#3146,#875,.T.);
#4895=EDGE_CURVE('',#3143,#3146,#1036,.T.);
#4897=EDGE_CURVE('',#3097,#3143,#879,.T.);
#4910=EDGE_CURVE('',#3107,#3108,#890,.T.);
#4912=EDGE_CURVE('',#3100,#3107,#894,.T.);
#4923=EDGE_CURVE('',#3104,#3107,#914,.T.);
#4925=EDGE_CURVE('',#3102,#3104,#902,.T.);
#4941=EDGE_CURVE('',#3103,#3104,#909,.T.);
#4964=EDGE_CURVE('',#3111,#3112,#919,.T.);
#4966=EDGE_CURVE('',#3116,#3111,#923,.T.);
#4968=EDGE_CURVE('',#3114,#3116,#928,.T.);
#4970=EDGE_CURVE('',#3112,#3114,#932,.T.);
#4980=EDGE_CURVE('',#3141,#3111,#936,.T.);
#4983=EDGE_CURVE('',#3140,#3112,#944,.T.);
#4985=EDGE_CURVE('',#3141,#3140,#1051,.T.);
#4998=EDGE_CURVE('',#3118,#3114,#955,.T.);
#5000=EDGE_CURVE('',#3117,#3118,#951,.T.);
#5010=EDGE_CURVE('',#3118,#3121,#975,.T.);
#5014=EDGE_CURVE('',#3121,#3116,#970,.T.);
#5026=EDGE_CURVE('',#3121,#3122,#966,.T.);
#5052=EDGE_CURVE('',#3621,#3666,#1004,.T.);
#5054=EDGE_CURVE('',#3621,#3622,#979,.T.);
#5056=EDGE_CURVE('',#3622,#3664,#983,.T.);
#5066=EDGE_CURVE('',#3626,#3656,#987,.T.);
#5069=EDGE_CURVE('',#3625,#3659,#1017,.T.);
#5071=EDGE_CURVE('',#3625,#3626,#991,.T.);
#5081=EDGE_CURVE('',#3628,#3662,#995,.T.);
#5085=EDGE_CURVE('',#3628,#3622,#1000,.T.);
#5098=EDGE_CURVE('',#3582,#3621,#1013,.T.);
#5110=EDGE_CURVE('',#3630,#3660,#2225,.T.);
#5112=EDGE_CURVE('',#3630,#3625,#1022,.T.);
#5125=EDGE_CURVE('',#3581,#3626,#1031,.T.);
#5136=EDGE_CURVE('',#3145,#3146,#2350,.T.);
#5138=EDGE_CURVE('',#3136,#3145,#2412,.T.);
#5141=EDGE_CURVE('',#3144,#3138,#2424,.T.);
#5143=EDGE_CURVE('',#3143,#3144,#2464,.T.);
#5153=EDGE_CURVE('',#3132,#3134,#1046,.T.);
#5155=EDGE_CURVE('',#3142,#3134,#2400,.T.);
#5157=EDGE_CURVE('',#3141,#3142,#2446,.T.);
#5160=EDGE_CURVE('',#3139,#3140,#2332,.T.);
#5162=EDGE_CURVE('',#3132,#3139,#2388,.T.);
#5173=EDGE_CURVE('',#3633,#3374,#1060,.T.);
#5175=EDGE_CURVE('',#3374,#3377,#1065,.T.);
#5177=EDGE_CURVE('',#3377,#3634,#1069,.T.);
#5187=EDGE_CURVE('',#3249,#3250,#1074,.T.);
#5189=EDGE_CURVE('',#3181,#3250,#1160,.T.);
#5191=EDGE_CURVE('',#3181,#3182,#1079,.T.);
#5193=EDGE_CURVE('',#3182,#3249,#1151,.T.);
#5203=EDGE_CURVE('',#3245,#3246,#1084,.T.);
#5205=EDGE_CURVE('',#3246,#3245,#1089,.T.);
#5209=EDGE_CURVE('',#3337,#3338,#1094,.T.);
#5211=EDGE_CURVE('',#3338,#3337,#1099,.T.);
#5221=EDGE_CURVE('',#3333,#3334,#1104,.T.);
#5223=EDGE_CURVE('',#3333,#3158,#1173,.T.);
#5225=EDGE_CURVE('',#3157,#3158,#1114,.T.);
#5227=EDGE_CURVE('',#3334,#3157,#1169,.T.);
#5237=EDGE_CURVE('',#3161,#3162,#1124,.T.);
#5239=EDGE_CURVE('',#3161,#3162,#1187,.T.);
#5243=EDGE_CURVE('',#3157,#3158,#1109,.T.);
#5254=EDGE_CURVE('',#3386,#3385,#1119,.T.);
#5256=EDGE_CURVE('',#3161,#3385,#1191,.T.);
#5259=EDGE_CURVE('',#3162,#3386,#1182,.T.);
#5270=EDGE_CURVE('',#3637,#3382,#1133,.T.);
#5272=EDGE_CURVE('',#3369,#3382,#1138,.T.);
#5274=EDGE_CURVE('',#3369,#3638,#1142,.T.);
#5284=EDGE_CURVE('',#3250,#3249,#1147,.T.);
#5287=EDGE_CURVE('',#3182,#3181,#1156,.T.);
#5298=EDGE_CURVE('',#3334,#3333,#1165,.T.);
#5311=EDGE_CURVE('',#3385,#3386,#1178,.T.);
#5324=EDGE_CURVE('',#3321,#3326,#1789,.T.);
#5326=EDGE_CURVE('',#3321,#3170,#1195,.T.);
#5328=EDGE_CURVE('',#3170,#3165,#1200,.T.);
#5330=EDGE_CURVE('',#3165,#3326,#1204,.T.);
#5340=EDGE_CURVE('',#3253,#3254,#1209,.T.);
#5342=EDGE_CURVE('',#3280,#3253,#1213,.T.);
#5344=EDGE_CURVE('',#3276,#3280,#1218,.T.);
#5346=EDGE_CURVE('',#3272,#3276,#1222,.T.);
#5348=EDGE_CURVE('',#3268,#3272,#1227,.T.);
#5350=EDGE_CURVE('',#3264,#3268,#1231,.T.);
#5352=EDGE_CURVE('',#3260,#3264,#1236,.T.);
#5354=EDGE_CURVE('',#3254,#3260,#1240,.T.);
#5358=EDGE_CURVE('',#3209,#3210,#1245,.T.);
#5360=EDGE_CURVE('',#3210,#3209,#1250,.T.);
#5364=EDGE_CURVE('',#3213,#3214,#1255,.T.);
#5366=EDGE_CURVE('',#3214,#3213,#1260,.T.);
#5370=EDGE_CURVE('',#3217,#3218,#1265,.T.);
#5372=EDGE_CURVE('',#3218,#3217,#1270,.T.);
#5376=EDGE_CURVE('',#3221,#3222,#1275,.T.);
#5378=EDGE_CURVE('',#3222,#3221,#1280,.T.);
#5382=EDGE_CURVE('',#3225,#3226,#1285,.T.);
#5384=EDGE_CURVE('',#3226,#3225,#1290,.T.);
#5388=EDGE_CURVE('',#3355,#3356,#1295,.T.);
#5390=EDGE_CURVE('',#3356,#3358,#1299,.T.);
#5392=EDGE_CURVE('',#3358,#3360,#1303,.T.);
#5394=EDGE_CURVE('',#3360,#3362,#1307,.T.);
#5396=EDGE_CURVE('',#3362,#3364,#1311,.T.);
#5398=EDGE_CURVE('',#3366,#3364,#1316,.T.);
#5400=EDGE_CURVE('',#3366,#3355,#1320,.T.);
#5410=EDGE_CURVE('',#3285,#3286,#1325,.T.);
#5412=EDGE_CURVE('',#3312,#3285,#1329,.T.);
#5414=EDGE_CURVE('',#3308,#3312,#1334,.T.);
#5416=EDGE_CURVE('',#3304,#3308,#1338,.T.);
#5418=EDGE_CURVE('',#3300,#3304,#1343,.T.);
#5420=EDGE_CURVE('',#3296,#3300,#1347,.T.);
#5422=EDGE_CURVE('',#3292,#3296,#1352,.T.);
#5424=EDGE_CURVE('',#3286,#3292,#1356,.T.);
#5428=EDGE_CURVE('',#3166,#3169,#2310,.T.);
#5430=EDGE_CURVE('',#3165,#3166,#1360,.T.);
#5433=EDGE_CURVE('',#3169,#3170,#1364,.T.);
#5437=EDGE_CURVE('',#3229,#3230,#1369,.T.);
#5439=EDGE_CURVE('',#3230,#3229,#1374,.T.);
#5443=EDGE_CURVE('',#3233,#3234,#1379,.T.);
#5445=EDGE_CURVE('',#3234,#3233,#1384,.T.);
#5449=EDGE_CURVE('',#3237,#3238,#1389,.T.);
#5451=EDGE_CURVE('',#3238,#3237,#1394,.T.);
#5455=EDGE_CURVE('',#3241,#3242,#1399,.T.);
#5457=EDGE_CURVE('',#3242,#3241,#1404,.T.);
#5467=EDGE_CURVE('',#3282,#3257,#1408,.T.);
#5469=EDGE_CURVE('',#3257,#3314,#1412,.T.);
#5471=EDGE_CURVE('',#3314,#3289,#1416,.T.);
#5473=EDGE_CURVE('',#3282,#3289,#1420,.T.);
#5483=EDGE_CURVE('',#3258,#3262,#1424,.T.);
#5485=EDGE_CURVE('',#3262,#3306,#1428,.T.);
#5487=EDGE_CURVE('',#3306,#3310,#1432,.T.);
#5489=EDGE_CURVE('',#3258,#3310,#1436,.T.);
#5499=EDGE_CURVE('',#3266,#3270,#1440,.T.);
#5501=EDGE_CURVE('',#3270,#3298,#1444,.T.);
#5503=EDGE_CURVE('',#3298,#3302,#1448,.T.);
#5505=EDGE_CURVE('',#3266,#3302,#1452,.T.);
#5515=EDGE_CURVE('',#3274,#3278,#1456,.T.);
#5517=EDGE_CURVE('',#3278,#3290,#1460,.T.);
#5519=EDGE_CURVE('',#3290,#3294,#1464,.T.);
#5521=EDGE_CURVE('',#3274,#3294,#1468,.T.);
#5532=EDGE_CURVE('',#3378,#3642,#1476,.T.);
#5534=EDGE_CURVE('',#3381,#3378,#1924,.T.);
#5536=EDGE_CURVE('',#3641,#3381,#1480,.T.);
#5547=EDGE_CURVE('',#3370,#3646,#1488,.T.);
#5549=EDGE_CURVE('',#3373,#3370,#1938,.T.);
#5551=EDGE_CURVE('',#3645,#3373,#1492,.T.);
#5561=EDGE_CURVE('',#3325,#3326,#1496,.T.);
#5565=EDGE_CURVE('',#3325,#3166,#2305,.T.);
#5575=EDGE_CURVE('',#3321,#3322,#1500,.T.);
#5577=EDGE_CURVE('',#3169,#3322,#2314,.T.);
#5589=EDGE_CURVE('',#3177,#3178,#2255,.T.);
#5591=EDGE_CURVE('',#3178,#3177,#2279,.T.);
#5595=EDGE_CURVE('',#3173,#3174,#1534,.T.);
#5597=EDGE_CURVE('',#3173,#3174,#1510,.T.);
#5607=EDGE_CURVE('',#3573,#3574,#1505,.T.);
#5609=EDGE_CURVE('',#3173,#3573,#1538,.T.);
#5612=EDGE_CURVE('',#3174,#3574,#1529,.T.);
#5626=EDGE_CURVE('',#3577,#3578,#1515,.T.);
#5628=EDGE_CURVE('',#3578,#3577,#1520,.T.);
#5638=EDGE_CURVE('',#3574,#3573,#1525,.T.);
#5651=EDGE_CURVE('',#3193,#3194,#2265,.T.);
#5653=EDGE_CURVE('',#3194,#3193,#2297,.T.);
#5657=EDGE_CURVE('',#3185,#3189,#1566,.T.);
#5659=EDGE_CURVE('',#3185,#3189,#1543,.T.);
#5669=EDGE_CURVE('',#3185,#3186,#1557,.T.);
#5672=EDGE_CURVE('',#3189,#3190,#1561,.T.);
#5674=EDGE_CURVE('',#3186,#3190,#1548,.T.);
#5684=EDGE_CURVE('',#3197,#3198,#2250,.T.);
#5686=EDGE_CURVE('',#3198,#3197,#2270,.T.);
#5691=EDGE_CURVE('',#3186,#3190,#1553,.T.);
#5713=EDGE_CURVE('',#3201,#3202,#1571,.T.);
#5715=EDGE_CURVE('',#3202,#3201,#1576,.T.);
#5719=EDGE_CURVE('',#3205,#3206,#2260,.T.);
#5721=EDGE_CURVE('',#3206,#3205,#2288,.T.);
#5732=EDGE_CURVE('',#3209,#3201,#1580,.T.);
#5735=EDGE_CURVE('',#3210,#3202,#1584,.T.);
#5757=EDGE_CURVE('',#3262,#3266,#1589,.T.);
#5760=EDGE_CURVE('',#3302,#3306,#1594,.T.);
#5771=EDGE_CURVE('',#3257,#3258,#1599,.T.);
#5774=EDGE_CURVE('',#3310,#3314,#1604,.T.);
#5785=EDGE_CURVE('',#3270,#3274,#1609,.T.);
#5788=EDGE_CURVE('',#3294,#3298,#1614,.T.);
#5799=EDGE_CURVE('',#3278,#3282,#1619,.T.);
#5802=EDGE_CURVE('',#3289,#3290,#1624,.T.);
#5814=EDGE_CURVE('',#3213,#3229,#1628,.T.);
#5817=EDGE_CURVE('',#3214,#3230,#1632,.T.);
#5840=EDGE_CURVE('',#3217,#3233,#1636,.T.);
#5843=EDGE_CURVE('',#3218,#3234,#1640,.T.);
#5866=EDGE_CURVE('',#3221,#3237,#1644,.T.);
#5869=EDGE_CURVE('',#3222,#3238,#1648,.T.);
#5892=EDGE_CURVE('',#3225,#3241,#1652,.T.);
#5895=EDGE_CURVE('',#3226,#3242,#1656,.T.);
#5918=EDGE_CURVE('',#3245,#3249,#1666,.T.);
#5921=EDGE_CURVE('',#3246,#3250,#1661,.T.);
#5944=EDGE_CURVE('',#3253,#3257,#1706,.T.);
#5947=EDGE_CURVE('',#3280,#3282,#1671,.T.);
#5960=EDGE_CURVE('',#3276,#3278,#1676,.T.);
#5973=EDGE_CURVE('',#3272,#3274,#1681,.T.);
#5986=EDGE_CURVE('',#3268,#3270,#1686,.T.);
#5999=EDGE_CURVE('',#3264,#3266,#1691,.T.);
#6012=EDGE_CURVE('',#3260,#3262,#1696,.T.);
#6025=EDGE_CURVE('',#3254,#3258,#1701,.T.);
#6048=EDGE_CURVE('',#3285,#3289,#1746,.T.);
#6051=EDGE_CURVE('',#3312,#3314,#1711,.T.);
#6064=EDGE_CURVE('',#3308,#3310,#1716,.T.);
#6077=EDGE_CURVE('',#3304,#3306,#1721,.T.);
#6090=EDGE_CURVE('',#3300,#3302,#1726,.T.);
#6103=EDGE_CURVE('',#3296,#3298,#1731,.T.);
#6116=EDGE_CURVE('',#3292,#3294,#1736,.T.);
#6129=EDGE_CURVE('',#3286,#3290,#1741,.T.);
#6151=EDGE_CURVE('',#3325,#3322,#1751,.T.);
#6153=EDGE_CURVE('',#3322,#3318,#1822,.T.);
#6155=EDGE_CURVE('',#3318,#3329,#1756,.T.);
#6157=EDGE_CURVE('',#3325,#3329,#1770,.T.);
#6169=EDGE_CURVE('',#3329,#3330,#2432,.T.);
#6171=EDGE_CURVE('',#3326,#3330,#1784,.T.);
#6183=EDGE_CURVE('',#3330,#3317,#1794,.T.);
#6185=EDGE_CURVE('',#3321,#3317,#1808,.T.);
#6195=EDGE_CURVE('',#3317,#3318,#2428,.T.);
#6209=EDGE_CURVE('',#3333,#3337,#1832,.T.);
#6212=EDGE_CURVE('',#3334,#3338,#1827,.T.);
#6234=EDGE_CURVE('',#3341,#3342,#1837,.T.);
#6236=EDGE_CURVE('',#3352,#3341,#1841,.T.);
#6238=EDGE_CURVE('',#3350,#3352,#1846,.T.);
#6240=EDGE_CURVE('',#3348,#3350,#1850,.T.);
#6242=EDGE_CURVE('',#3346,#3348,#1854,.T.);
#6244=EDGE_CURVE('',#3344,#3346,#1858,.T.);
#6246=EDGE_CURVE('',#3342,#3344,#1862,.T.);
#6257=EDGE_CURVE('',#3355,#3341,#1866,.T.);
#6260=EDGE_CURVE('',#3356,#3342,#1870,.T.);
#6273=EDGE_CURVE('',#3358,#3344,#1874,.T.);
#6286=EDGE_CURVE('',#3360,#3346,#1878,.T.);
#6299=EDGE_CURVE('',#3362,#3348,#1882,.T.);
#6312=EDGE_CURVE('',#3364,#3350,#1886,.T.);
#6325=EDGE_CURVE('',#3366,#3352,#1890,.T.);
#6349=EDGE_CURVE('',#3381,#3382,#1920,.T.);
#6362=EDGE_CURVE('',#3377,#3378,#1929,.T.);
#6375=EDGE_CURVE('',#3373,#3374,#1934,.T.);
#6388=EDGE_CURVE('',#3369,#3370,#1915,.T.);
#6412=EDGE_CURVE('',#3388,#3394,#1943,.T.);
#6414=EDGE_CURVE('',#3397,#3388,#1948,.T.);
#6421=EDGE_CURVE('',#3390,#3398,#1953,.T.);
#6423=EDGE_CURVE('',#3393,#3390,#1958,.T.);
#6437=EDGE_CURVE('',#3390,#3385,#1968,.T.);
#6440=EDGE_CURVE('',#3388,#3386,#1963,.T.);
#6465=EDGE_CURVE('',#3526,#3534,#1973,.T.);
#6467=EDGE_CURVE('',#3526,#3534,#1978,.T.);
#6482=EDGE_CURVE('',#3578,#3538,#2026,.T.);
#6484=EDGE_CURVE('',#3537,#3538,#1988,.T.);
#6486=EDGE_CURVE('',#3577,#3537,#2022,.T.);
#6496=EDGE_CURVE('',#3570,#3569,#1983,.T.);
#6498=EDGE_CURVE('',#3537,#3569,#2044,.T.);
#6501=EDGE_CURVE('',#3538,#3570,#2035,.T.);
#6511=EDGE_CURVE('',#3566,#3565,#1993,.T.);
#6513=EDGE_CURVE('',#3566,#3545,#2057,.T.);
#6515=EDGE_CURVE('',#3541,#3545,#2119,.T.);
#6517=EDGE_CURVE('',#3565,#3541,#2053,.T.);
#6527=EDGE_CURVE('',#3521,#3522,#2061,.T.);
#6529=EDGE_CURVE('',#3521,#3529,#1998,.T.);
#6531=EDGE_CURVE('',#3529,#3530,#2065,.T.);
#6533=EDGE_CURVE('',#3522,#3530,#2008,.T.);
#6543=EDGE_CURVE('',#3554,#3553,#2003,.T.);
#6545=EDGE_CURVE('',#3522,#3553,#2088,.T.);
#6548=EDGE_CURVE('',#3530,#3554,#2079,.T.);
#6558=EDGE_CURVE('',#3550,#3549,#2013,.T.);
#6560=EDGE_CURVE('',#3550,#3533,#2101,.T.);
#6562=EDGE_CURVE('',#3525,#3533,#2018,.T.);
#6564=EDGE_CURVE('',#3549,#3525,#2097,.T.);
#6574=EDGE_CURVE('',#3525,#3526,#2105,.T.);
#6577=EDGE_CURVE('',#3533,#3534,#2109,.T.);
#6590=EDGE_CURVE('',#3537,#3538,#2040,.T.);
#6601=EDGE_CURVE('',#3569,#3570,#2031,.T.);
#6614=EDGE_CURVE('',#3565,#3566,#2049,.T.);
#6617=EDGE_CURVE('',#3541,#3545,#2147,.T.);
#6629=EDGE_CURVE('',#3522,#3530,#2084,.T.);
#6632=EDGE_CURVE('',#3521,#3529,#2070,.T.);
#6642=EDGE_CURVE('',#3553,#3554,#2075,.T.);
#6655=EDGE_CURVE('',#3549,#3550,#2093,.T.);
#6658=EDGE_CURVE('',#3525,#3533,#2114,.T.);
#6681=EDGE_CURVE('',#3541,#3542,#2138,.T.);
#6684=EDGE_CURVE('',#3545,#3546,#2142,.T.);
#6686=EDGE_CURVE('',#3542,#3546,#2129,.T.);
#6696=EDGE_CURVE('',#3562,#3561,#2124,.T.);
#6698=EDGE_CURVE('',#3542,#3561,#2165,.T.);
#6701=EDGE_CURVE('',#3546,#3562,#2156,.T.);
#6711=EDGE_CURVE('',#3558,#3557,#2134,.T.);
#6713=EDGE_CURVE('',#3558,#3529,#2178,.T.);
#6716=EDGE_CURVE('',#3557,#3521,#2174,.T.);
#6727=EDGE_CURVE('',#3542,#3546,#2161,.T.);
#6739=EDGE_CURVE('',#3561,#3562,#2152,.T.);
#6752=EDGE_CURVE('',#3557,#3558,#2170,.T.);
#6766=EDGE_CURVE('',#3549,#3553,#2188,.T.);
#6769=EDGE_CURVE('',#3550,#3554,#2183,.T.);
#6792=EDGE_CURVE('',#3557,#3561,#2198,.T.);
#6795=EDGE_CURVE('',#3558,#3562,#2193,.T.);
#6818=EDGE_CURVE('',#3565,#3569,#2208,.T.);
#6821=EDGE_CURVE('',#3566,#3570,#2203,.T.);
#6858=EDGE_CURVE('',#3628,#3630,#2230,.T.);
#6868=EDGE_CURVE('',#3125,#3132,#2235,.T.);
#6870=EDGE_CURVE('',#3125,#3126,#2240,.T.);
#6872=EDGE_CURVE('',#3134,#3126,#2245,.T.);
#6884=EDGE_CURVE('',#3198,#3178,#2283,.T.);
#6887=EDGE_CURVE('',#3197,#3177,#2274,.T.);
#6898=EDGE_CURVE('',#3206,#3193,#2301,.T.);
#6901=EDGE_CURVE('',#3205,#3194,#2292,.T.);
#6948=EDGE_CURVE('',#3589,#3139,#2322,.T.);
#6961=EDGE_CURVE('',#3593,#3145,#2340,.T.);
#6974=EDGE_CURVE('',#3126,#3597,#2359,.T.);
#6977=EDGE_CURVE('',#3598,#3125,#2363,.T.);
#6988=EDGE_CURVE('',#3130,#3601,#2372,.T.);
#6991=EDGE_CURVE('',#3602,#3129,#2376,.T.);
#7015=EDGE_CURVE('',#3142,#3616,#2450,.T.);
#7042=EDGE_CURVE('',#3144,#3618,#2468,.T.);
#7101=EDGE_CURVE('',#3468,#3469,#2882,.T.);
#7103=EDGE_CURVE('',#3468,#3461,#2472,.T.);
#7105=EDGE_CURVE('',#3461,#3462,#2476,.T.);
#7107=EDGE_CURVE('',#3462,#3518,#2480,.T.);
#7109=EDGE_CURVE('',#3517,#3518,#2936,.T.);
#7111=EDGE_CURVE('',#3466,#3517,#2484,.T.);
#7113=EDGE_CURVE('',#3465,#3466,#2488,.T.);
#7115=EDGE_CURVE('',#3469,#3465,#2492,.T.);
#7119=EDGE_CURVE('',#3453,#3454,#2497,.T.);
#7121=EDGE_CURVE('',#3454,#3453,#2502,.T.);
#7131=EDGE_CURVE('',#3474,#3475,#2507,.T.);
#7133=EDGE_CURVE('',#3479,#3474,#2511,.T.);
#7135=EDGE_CURVE('',#3483,#3479,#2515,.T.);
#7137=EDGE_CURVE('',#3487,#3483,#2519,.T.);
#7139=EDGE_CURVE('',#3490,#3487,#2524,.T.);
#7141=EDGE_CURVE('',#3510,#3490,#2852,.T.);
#7143=EDGE_CURVE('',#3507,#3510,#2529,.T.);
#7145=EDGE_CURVE('',#3501,#3507,#2533,.T.);
#7147=EDGE_CURVE('',#3497,#3501,#2537,.T.);
#7149=EDGE_CURVE('',#3494,#3497,#2541,.T.);
#7151=EDGE_CURVE('',#3493,#3494,#2546,.T.);
#7153=EDGE_CURVE('',#3475,#3493,#2862,.T.);
#7157=EDGE_CURVE('',#3445,#3446,#2551,.T.);
#7159=EDGE_CURVE('',#3446,#3445,#2556,.T.);
#7163=EDGE_CURVE('',#3421,#3422,#2561,.T.);
#7165=EDGE_CURVE('',#3421,#3434,#2565,.T.);
#7167=EDGE_CURVE('',#3434,#3436,#2570,.T.);
#7169=EDGE_CURVE('',#3436,#3438,#2574,.T.);
#7171=EDGE_CURVE('',#3438,#3440,#2578,.T.);
#7173=EDGE_CURVE('',#3440,#3442,#2582,.T.);
#7175=EDGE_CURVE('',#3442,#3422,#2586,.T.);
#7185=EDGE_CURVE('',#3449,#3450,#2591,.T.);
#7187=EDGE_CURVE('',#3450,#3457,#2595,.T.);
#7189=EDGE_CURVE('',#3457,#3458,#2600,.T.);
#7191=EDGE_CURVE('',#3449,#3458,#2609,.T.);
#7201=EDGE_CURVE('',#3450,#3449,#2605,.T.);
#7204=EDGE_CURVE('',#3458,#3457,#2614,.T.);
#7215=EDGE_CURVE('',#3488,#3489,#2621,.T.);
#7217=EDGE_CURVE('',#3488,#3467,#2625,.T.);
#7219=EDGE_CURVE('',#3470,#3467,#2877,.T.);
#7221=EDGE_CURVE('',#3509,#3470,#2629,.T.);
#7223=EDGE_CURVE('',#3508,#3509,#2636,.T.);
#7225=EDGE_CURVE('',#3489,#3508,#2841,.T.);
#7235=EDGE_CURVE('',#3418,#3424,#2640,.T.);
#7237=EDGE_CURVE('',#3417,#3418,#2645,.T.);
#7239=EDGE_CURVE('',#3432,#3417,#2649,.T.);
#7241=EDGE_CURVE('',#3430,#3432,#2653,.T.);
#7243=EDGE_CURVE('',#3428,#3430,#2657,.T.);
#7245=EDGE_CURVE('',#3426,#3428,#2661,.T.);
#7247=EDGE_CURVE('',#3424,#3426,#2666,.T.);
#7258=EDGE_CURVE('',#3422,#3417,#2670,.T.);
#7261=EDGE_CURVE('',#3421,#3418,#2674,.T.);
#7274=EDGE_CURVE('',#3434,#3424,#2678,.T.);
#7287=EDGE_CURVE('',#3436,#3426,#2682,.T.);
#7300=EDGE_CURVE('',#3438,#3428,#2686,.T.);
#7313=EDGE_CURVE('',#3440,#3430,#2690,.T.);
#7326=EDGE_CURVE('',#3442,#3432,#2694,.T.);
#7349=EDGE_CURVE('',#3445,#3449,#2704,.T.);
#7352=EDGE_CURVE('',#3446,#3450,#2699,.T.);
#7375=EDGE_CURVE('',#3453,#3457,#2714,.T.);
#7378=EDGE_CURVE('',#3454,#3458,#2709,.T.);
#7400=EDGE_CURVE('',#3485,#3481,#2718,.T.);
#7402=EDGE_CURVE('',#3461,#3481,#2745,.T.);
#7405=EDGE_CURVE('',#3467,#3468,#2732,.T.);
#7408=EDGE_CURVE('',#3485,#3488,#2737,.T.);
#7418=EDGE_CURVE('',#3481,#3477,#2741,.T.);
#7420=EDGE_CURVE('',#3462,#3477,#2768,.T.);
#7432=EDGE_CURVE('',#3472,#3473,#2750,.T.);
#7434=EDGE_CURVE('',#3472,#3513,#2958,.T.);
#7436=EDGE_CURVE('',#3518,#3513,#2764,.T.);
#7440=EDGE_CURVE('',#3477,#3473,#2772,.T.);
#7450=EDGE_CURVE('',#3503,#3505,#2776,.T.);
#7452=EDGE_CURVE('',#3509,#3505,#2782,.T.);
#7455=EDGE_CURVE('',#3469,#3470,#2796,.T.);
#7458=EDGE_CURVE('',#3503,#3465,#2804,.T.);
#7468=EDGE_CURVE('',#3499,#3503,#2800,.T.);
#7472=EDGE_CURVE('',#3499,#3466,#2817,.T.);
#7482=EDGE_CURVE('',#3495,#3491,#2809,.T.);
#7484=EDGE_CURVE('',#3495,#3499,#2813,.T.);
#7488=EDGE_CURVE('',#3514,#3517,#2831,.T.);
#7490=EDGE_CURVE('',#3491,#3514,#2954,.T.);
#7500=EDGE_CURVE('',#3490,#3489,#2836,.T.);
#7503=EDGE_CURVE('',#3508,#3510,#2847,.T.);
#7514=EDGE_CURVE('',#3471,#3475,#2857,.T.);
#7517=EDGE_CURVE('',#3493,#3492,#2867,.T.);
#7519=EDGE_CURVE('',#3492,#3471,#2872,.T.);
#7556=EDGE_CURVE('',#3485,#3487,#2889,.T.);
#7570=EDGE_CURVE('',#3481,#3483,#2893,.T.);
#7583=EDGE_CURVE('',#3477,#3479,#2897,.T.);
#7596=EDGE_CURVE('',#3474,#3473,#2904,.T.);
#7622=EDGE_CURVE('',#3471,#3472,#2943,.T.);
#7654=EDGE_CURVE('',#3507,#3505,#2911,.T.);
#7667=EDGE_CURVE('',#3503,#3501,#2915,.T.);
#7682=EDGE_CURVE('',#3499,#3497,#2919,.T.);
#7695=EDGE_CURVE('',#3495,#3494,#2926,.T.);
#7717=EDGE_CURVE('',#3491,#3492,#2950,.T.);
#7731=EDGE_CURVE('',#3513,#3514,#2931,.T.);
#7755=(LENGTH_UNIT()NAMED_UNIT(*)SI_UNIT(.MILLI.,.METRE.));
#7757=(NAMED_UNIT(*)PLANE_ANGLE_UNIT()SI_UNIT($,.RADIAN.));
#7760=(NAMED_UNIT(*)SI_UNIT($,.STERADIAN.)SOLID_ANGLE_UNIT());
#7763=MANIFOLD_SURFACE_SHAPE_REPRESENTATION('',(#7754),#7762);
#7770=PRODUCT_DEFINITION('design','',#7769,#7766);
#7771=PRODUCT_DEFINITION_SHAPE('','SHAPE FOR 10-738726_RECEPTACLE_SW0003.',
#7770);
#7772=SHAPE_DEFINITION_REPRESENTATION(#7771,#7763);
ENDSEC;
END-ISO-10303-21;
                                                                                                                                                                                                                                                                                                                                                                                                                  